Date,Open,High,Low,Close,Volume,
27_03_2026_09_15,22612.70,22658.70,22484.10,22516.80,0,
27_03_2026_09_20,22517.20,22617.40,22515.50,22588.90,0,
27_03_2026_09_25,22588.70,22635.90,22576.90,22613.80,0,
27_03_2026_09_30,22613.20,22628.70,22583.30,22594.30,0,
27_03_2026_09_35,22594.40,22623.90,22581.70,22623.30,0,
27_03_2026_09_40,22624.10,22658.10,22619.50,22657.80,0,
27_03_2026_09_45,22658.10,22686.80,22655.20,22683.20,0,
27_03_2026_09_50,22683.20,22687.80,22638.20,22640.50,0,
27_03_2026_09_55,22638.50,22653.90,22630.20,22652.70,0,
27_03_2026_10_00,22652.20,22698.00,22641.20,22681.40,0,
27_03_2026_10_05,22681.40,22681.70,22652.10,22665.90,0,
27_03_2026_10_10,22665.10,22666.80,22633.50,22639.60,0,
27_03_2026_10_15,22639.80,22647.50,22622.70,22622.70,0,
27_03_2026_10_20,22621.40,22666.90,22613.10,22665.10,0,
27_03_2026_10_25,22665.70,22682.00,22655.90,22663.60,0,
27_03_2026_10_30,22663.80,22676.80,22637.80,22641.70,0,
27_03_2026_10_35,22641.20,22669.60,22639.80,22667.70,0,
27_03_2026_10_40,22667.60,22693.20,22664.40,22691.50,0,
27_03_2026_10_45,22691.70,22692.30,22671.60,22675.30,0,
27_03_2026_10_50,22674.80,22676.80,22649.40,22651.70,0,
27_03_2026_10_55,22651.90,22682.30,22649.90,22681.50,0,
27_03_2026_11_00,22681.20,22726.20,22678.80,22723.90,0,
27_03_2026_11_05,22723.20,22753.40,22720.50,22746.80,0,
27_03_2026_11_10,22748.60,22758.30,22702.40,22708.40,0,
27_03_2026_11_15,22707.80,22712.30,22663.40,22668.70,0,
27_03_2026_11_20,22668.50,22672.00,22645.10,22646.90,0,
27_03_2026_11_25,22648.30,22649.70,22634.80,22644.10,0,
27_03_2026_11_30,22645.10,22674.20,22643.90,22664.40,0,
27_03_2026_11_35,22664.70,22701.50,22664.00,22697.20,0,
27_03_2026_11_40,22697.90,22698.30,22656.20,22679.80,0,
27_03_2026_11_45,22680.50,22681.10,22668.70,22675.70,0,
27_03_2026_11_50,22674.80,22692.90,22668.60,22690.60,0,
27_03_2026_11_55,22690.80,22690.80,22652.70,22668.60,0,
27_03_2026_12_00,22668.00,22669.90,22640.20,22652.80,0,
27_03_2026_12_05,22653.50,22662.00,22643.20,22650.00,0,
27_03_2026_12_10,22647.60,22649.90,22635.30,22636.10,0,
27_03_2026_12_15,22637.60,22639.30,22608.70,22619.00,0,
27_03_2026_12_20,22619.30,22638.20,22614.20,22628.20,0,
27_03_2026_12_25,22628.90,22667.60,22624.60,22658.70,0,
27_03_2026_12_30,22659.20,22665.30,22640.40,22664.60,0,
27_03_2026_12_35,22665.20,22676.50,22660.40,22662.30,0,
27_03_2026_12_40,22663.80,22665.90,22631.60,22639.60,0,
27_03_2026_12_45,22638.70,22642.20,22617.40,22620.40,0,
27_03_2026_12_50,22619.20,22635.50,22618.00,22631.60,0,
27_03_2026_12_55,22630.80,22649.60,22629.20,22629.20,0,
27_03_2026_13_00,22630.60,22636.20,22619.50,22621.60,0,
27_03_2026_13_05,22621.10,22625.20,22601.30,22603.20,0,
27_03_2026_13_10,22602.80,22614.90,22597.30,22613.70,0,
27_03_2026_13_15,22613.80,22661.80,22606.90,22641.90,0,
27_03_2026_13_20,22640.90,22642.10,22618.40,22632.00,0,
27_03_2026_13_25,22631.30,22663.80,22630.70,22638.00,0,
27_03_2026_13_30,22638.80,22646.80,22628.30,22643.60,0,
27_03_2026_13_35,22643.30,22654.10,22629.50,22635.50,0,
27_03_2026_13_40,22634.10,22684.60,22631.20,22668.20,0,
27_03_2026_13_45,22668.00,22675.40,22661.00,22665.80,0,
27_03_2026_13_50,22665.20,22696.10,22663.60,22687.60,0,
27_03_2026_13_55,22687.90,22693.50,22666.60,22667.60,0,
27_03_2026_14_00,22667.30,22667.30,22648.80,22661.80,0,
27_03_2026_14_05,22661.80,22664.10,22627.50,22633.10,0,
27_03_2026_14_10,22631.90,22635.90,22618.90,22635.90,0,
27_03_2026_14_15,22635.70,22638.30,22615.10,22615.80,0,
27_03_2026_14_20,22615.60,22619.70,22594.20,22605.40,0,
27_03_2026_14_25,22605.60,22611.90,22590.80,22598.50,0,
27_03_2026_14_30,22598.40,22609.40,22587.10,22594.80,0,
27_03_2026_14_35,22595.30,22610.20,22585.60,22588.70,0,
27_03_2026_14_40,22588.10,22617.80,22583.70,22602.20,0,
27_03_2026_14_45,22602.20,22603.20,22577.10,22583.80,0,
27_03_2026_14_50,22583.90,22609.90,22581.70,22596.20,0,
27_03_2026_14_55,22598.10,22610.20,22587.20,22596.90,0,
27_03_2026_15_00,22594.50,22594.50,22513.80,22543.60,0,
27_03_2026_15_05,22542.70,22543.60,22515.50,22530.50,0,
27_03_2026_15_10,22530.00,22553.80,22526.20,22534.70,0,
27_03_2026_15_15,22535.80,22603.20,22535.80,22598.20,0,
27_03_2026_15_20,22592.70,22596.90,22562.40,22593.60,0,
27_03_2026_15_25,22588.70,22695.20,22547.70,22582.90,0,
30_03_2026_09_15,22420.40,22468.10,22283.20,22304.40,0,
30_03_2026_09_20,22300.90,22324.20,22276.50,22294.20,0,
30_03_2026_09_25,22292.00,22329.20,22274.80,22329.20,0,
30_03_2026_09_30,22329.10,22377.30,22315.30,22375.90,0,
30_03_2026_09_35,22375.40,22398.40,22365.30,22380.90,0,
30_03_2026_09_40,22379.40,22385.10,22356.90,22379.10,0,
30_03_2026_09_45,22379.40,22404.10,22348.80,22348.80,0,
30_03_2026_09_50,22350.40,22382.20,22341.60,22357.60,0,
30_03_2026_09_55,22358.10,22360.40,22321.20,22339.40,0,
30_03_2026_10_00,22340.40,22371.70,22334.30,22360.90,0,
30_03_2026_10_05,22358.80,22364.90,22304.30,22320.00,0,
30_03_2026_10_10,22319.20,22319.90,22300.00,22311.30,0,
30_03_2026_10_15,22311.80,22319.20,22270.40,22275.70,0,
30_03_2026_10_20,22275.30,22279.90,22262.60,22276.30,0,
30_03_2026_10_25,22275.30,22293.70,22274.20,22281.10,0,
30_03_2026_10_30,22280.20,22297.80,22273.60,22292.60,0,
30_03_2026_10_35,22292.60,22322.80,22287.80,22317.10,0,
30_03_2026_10_40,22317.60,22325.80,22292.80,22295.20,0,
30_03_2026_10_45,22295.40,22310.90,22294.00,22300.40,0,
30_03_2026_10_50,22301.20,22308.40,22283.20,22290.20,0,
30_03_2026_10_55,22290.40,22321.70,22285.90,22293.40,0,
30_03_2026_11_00,22292.10,22300.00,22286.40,22293.30,0,
30_03_2026_11_05,22293.60,22313.60,22287.40,22287.40,0,
30_03_2026_11_10,22286.50,22301.70,22274.20,22300.70,0,
30_03_2026_11_15,22300.30,22330.90,22290.80,22329.80,0,
30_03_2026_11_20,22329.10,22330.10,22303.70,22304.30,0,
30_03_2026_11_25,22304.60,22306.70,22295.60,22296.80,0,
30_03_2026_11_30,22295.70,22305.80,22286.20,22298.70,0,
30_03_2026_11_35,22297.40,22319.10,22297.40,22301.90,0,
30_03_2026_11_40,22301.50,22313.20,22297.10,22298.20,0,
30_03_2026_11_45,22296.70,22305.00,22289.70,22299.60,0,
30_03_2026_11_50,22299.30,22309.90,22292.80,22307.20,0,
30_03_2026_11_55,22308.10,22334.30,22307.30,22329.60,0,
30_03_2026_12_00,22328.20,22392.40,22323.50,22378.80,0,
30_03_2026_12_05,22378.40,22412.00,22375.80,22384.50,0,
30_03_2026_12_10,22384.40,22407.20,22383.00,22391.80,0,
30_03_2026_12_15,22391.30,22399.80,22378.10,22380.20,0,
30_03_2026_12_20,22380.10,22400.50,22361.90,22362.10,0,
30_03_2026_12_25,22362.20,22372.60,22356.10,22372.60,0,
30_03_2026_12_30,22373.20,22381.00,22364.60,22374.30,0,
30_03_2026_12_35,22374.50,22406.70,22373.10,22401.20,0,
30_03_2026_12_40,22400.90,22410.10,22390.40,22396.90,0,
30_03_2026_12_45,22396.90,22398.20,22371.10,22371.60,0,
30_03_2026_12_50,22371.80,22374.90,22338.40,22358.00,0,
30_03_2026_12_55,22356.40,22357.70,22336.50,22340.10,0,
30_03_2026_13_00,22339.40,22346.80,22329.80,22337.70,0,
30_03_2026_13_05,22336.70,22367.20,22335.60,22352.80,0,
30_03_2026_13_10,22351.70,22372.20,22343.80,22367.20,0,
30_03_2026_13_15,22366.70,22385.30,22362.80,22376.20,0,
30_03_2026_13_20,22376.90,22378.50,22362.80,22363.60,0,
30_03_2026_13_25,22364.00,22366.70,22342.50,22357.60,0,
30_03_2026_13_30,22357.20,22373.00,22344.50,22370.60,0,
30_03_2026_13_35,22370.60,22384.10,22370.60,22380.40,0,
30_03_2026_13_40,22381.10,22382.10,22335.20,22344.20,0,
30_03_2026_13_45,22343.70,22346.30,22325.20,22325.20,0,
30_03_2026_13_50,22326.90,22333.10,22314.60,22317.30,0,
30_03_2026_13_55,22317.60,22324.00,22304.90,22317.20,0,
30_03_2026_14_00,22315.90,22377.70,22314.70,22369.00,0,
30_03_2026_14_05,22368.30,22382.10,22360.00,22373.80,0,
30_03_2026_14_10,22374.10,22374.80,22348.20,22356.90,0,
30_03_2026_14_15,22354.10,22359.50,22339.10,22342.70,0,
30_03_2026_14_20,22341.60,22359.20,22327.10,22327.80,0,
30_03_2026_14_25,22328.00,22330.80,22307.80,22309.40,0,
30_03_2026_14_30,22309.20,22330.20,22278.20,22280.60,0,
30_03_2026_14_35,22279.90,22293.80,22265.80,22274.70,0,
30_03_2026_14_40,22275.30,22297.30,22275.30,22281.80,0,
30_03_2026_14_45,22280.60,22290.90,22256.80,22262.80,0,
30_03_2026_14_50,22262.20,22271.00,22247.70,22253.90,0,
30_03_2026_14_55,22254.00,22259.40,22234.20,22240.60,0,
30_03_2026_15_00,22242.60,22265.10,22221.30,22229.00,0,
30_03_2026_15_05,22230.30,22244.80,22225.00,22229.40,0,
30_03_2026_15_10,22229.50,22247.70,22213.70,22227.70,0,
30_03_2026_15_15,22227.40,22239.90,22217.10,22233.10,0,
30_03_2026_15_20,22232.20,22235.10,22217.20,22223.30,0,
30_03_2026_15_25,22222.90,22269.00,22205.90,22238.10,0,
01_04_2026_09_15,22548.70,22653.80,22434.30,22640.20,0,
01_04_2026_09_20,22636.60,22737.60,22636.60,22732.10,0,
01_04_2026_09_25,22731.70,22782.10,22729.10,22751.50,0,
01_04_2026_09_30,22750.20,22750.20,22671.10,22693.70,0,
01_04_2026_09_35,22687.80,22690.40,22655.90,22677.80,0,
01_04_2026_09_40,22676.30,22737.10,22674.70,22697.40,0,
01_04_2026_09_45,22697.00,22699.40,22633.20,22653.60,0,
01_04_2026_09_50,22653.60,22672.20,22641.30,22645.00,0,
01_04_2026_09_55,22644.80,22645.00,22584.20,22590.80,0,
01_04_2026_10_00,22590.70,22604.30,22579.40,22593.60,0,
01_04_2026_10_05,22593.60,22595.00,22563.30,22566.70,0,
01_04_2026_10_10,22566.70,22572.40,22536.10,22543.60,0,
01_04_2026_10_15,22541.20,22541.70,22485.90,22487.40,0,
01_04_2026_10_20,22489.80,22502.10,22445.30,22448.50,0,
01_04_2026_10_25,22448.30,22449.60,22392.20,22412.80,0,
01_04_2026_10_30,22414.80,22453.70,22402.80,22449.40,0,
01_04_2026_10_35,22449.40,22475.20,22440.30,22459.80,0,
01_04_2026_10_40,22460.30,22460.90,22417.70,22424.40,0,
01_04_2026_10_45,22423.90,22426.60,22369.90,22376.60,0,
01_04_2026_10_50,22376.80,22376.80,22286.30,22288.60,0,
01_04_2026_10_55,22290.00,22290.80,22251.10,22269.90,0,
01_04_2026_11_00,22270.70,22272.60,22230.70,22232.70,0,
01_04_2026_11_05,22233.70,22301.10,22224.20,22269.70,0,
01_04_2026_11_10,22269.90,22293.10,22231.90,22255.20,0,
01_04_2026_11_15,22255.10,22283.50,22251.20,22277.30,0,
01_04_2026_11_20,22277.80,22297.80,22270.20,22276.70,0,
01_04_2026_11_25,22276.20,22283.80,22265.40,22266.20,0,
01_04_2026_11_30,22266.30,22299.60,22265.20,22299.60,0,
01_04_2026_11_35,22301.00,22324.70,22296.40,22322.30,0,
01_04_2026_11_40,22322.60,22327.70,22293.20,22295.00,0,
01_04_2026_11_45,22294.80,22294.80,22247.60,22251.80,0,
01_04_2026_11_50,22253.00,22274.70,22247.00,22262.80,0,
01_04_2026_11_55,22263.40,22278.60,22238.70,22272.90,0,
01_04_2026_12_00,22272.10,22320.30,22269.80,22310.90,0,
01_04_2026_12_05,22308.40,22331.50,22301.90,22328.50,0,
01_04_2026_12_10,22327.90,22375.60,22327.80,22371.00,0,
01_04_2026_12_15,22371.20,22372.60,22353.60,22368.20,0,
01_04_2026_12_20,22367.40,22369.50,22350.30,22367.80,0,
01_04_2026_12_25,22363.90,22377.20,22358.70,22365.70,0,
01_04_2026_12_30,22364.10,22375.80,22362.90,22366.30,0,
01_04_2026_12_35,22364.10,22370.20,22357.80,22370.10,0,
01_04_2026_12_40,22368.40,22380.80,22346.90,22347.80,0,
01_04_2026_12_45,22348.10,22359.70,22342.80,22353.10,0,
01_04_2026_12_50,22352.40,22355.00,22334.60,22342.10,0,
01_04_2026_12_55,22341.20,22341.20,22290.20,22290.40,0,
01_04_2026_13_00,22292.30,22313.10,22289.80,22290.60,0,
01_04_2026_13_05,22290.00,22302.00,22269.90,22271.60,0,
01_04_2026_13_10,22273.50,22275.20,22153.40,22186.60,0,
01_04_2026_13_15,22186.70,22191.60,22117.80,22121.50,0,
01_04_2026_13_20,22122.30,22126.20,22056.40,22057.20,0,
01_04_2026_13_25,22056.80,22058.30,22012.60,22032.30,0,
01_04_2026_13_30,22031.40,22036.20,21984.20,22022.10,0,
01_04_2026_13_35,22021.90,22023.30,21973.90,22008.70,0,
01_04_2026_13_40,22008.20,22012.90,21945.40,22007.80,0,
01_04_2026_13_45,22007.70,22033.80,21976.60,21998.20,0,
01_04_2026_13_50,21998.20,22012.30,21997.80,22007.00,0,
01_04_2026_13_55,22006.60,22019.30,21994.00,21994.20,0,
01_04_2026_14_00,21994.20,22018.40,21970.20,21994.90,0,
01_04_2026_14_05,21995.30,21996.90,21960.60,21989.30,0,
01_04_2026_14_10,21988.70,22017.70,21976.00,22008.10,0,
01_04_2026_14_15,22007.30,22019.10,21983.60,22016.30,0,
01_04_2026_14_20,22016.80,22018.30,21990.90,21998.10,0,
01_04_2026_14_25,21997.60,22002.60,21982.00,21982.10,0,
01_04_2026_14_30,21982.20,21994.20,21970.60,21971.30,0,
01_04_2026_14_35,21973.30,21973.40,21933.10,21942.90,0,
01_04_2026_14_40,21941.80,21952.60,21917.50,21935.30,0,
01_04_2026_14_45,21935.00,21943.60,21909.30,21941.70,0,
01_04_2026_14_50,21942.10,21953.60,21915.30,21934.20,0,
01_04_2026_14_55,21934.20,21953.40,21929.80,21943.90,0,
01_04_2026_15_00,21944.00,22022.80,21944.00,22015.20,0,
01_04_2026_15_05,22017.40,22037.60,22015.10,22028.60,0,
01_04_2026_15_10,22029.60,22040.40,22005.60,22007.80,0,
01_04_2026_15_15,22006.30,22022.20,22001.80,22019.20,0,
01_04_2026_15_20,22019.40,22024.10,22006.10,22006.10,0,
01_04_2026_15_25,22008.90,22023.10,21992.80,22018.80,0,
02_04_2026_09_15,21634.80,21634.80,21293.40,21296.80,0,
02_04_2026_09_20,21308.80,21317.10,21197.70,21277.80,0,
02_04_2026_09_25,21282.10,21288.20,21215.30,21227.90,0,
02_04_2026_09_30,21229.70,21236.80,21185.40,21205.80,0,
02_04_2026_09_35,21204.00,21234.70,21186.30,21188.60,0,
02_04_2026_09_40,21186.60,21269.10,21184.70,21254.20,0,
02_04_2026_09_45,21254.30,21261.20,21174.80,21179.30,0,
02_04_2026_09_50,21180.10,21242.50,21180.10,21219.60,0,
02_04_2026_09_55,21217.30,21217.30,21165.80,21173.60,0,
02_04_2026_10_00,21173.60,21236.20,21172.20,21226.20,0,
02_04_2026_10_05,21226.40,21230.50,21168.20,21175.80,0,
02_04_2026_10_10,21173.20,21218.10,21151.10,21212.60,0,
02_04_2026_10_15,21213.40,21213.40,21151.10,21175.80,0,
02_04_2026_10_20,21174.90,21188.40,21149.90,21167.60,0,
02_04_2026_10_25,21166.90,21225.00,21165.80,21194.80,0,
02_04_2026_10_30,21193.90,21266.20,21191.00,21232.80,0,
02_04_2026_10_35,21234.80,21292.60,21219.20,21291.20,0,
02_04_2026_10_40,21297.40,21334.70,21294.80,21302.30,0,
02_04_2026_10_45,21300.60,21325.20,21284.70,21313.10,0,
02_04_2026_10_50,21312.40,21353.00,21288.10,21344.50,0,
02_04_2026_10_55,21344.40,21366.50,21328.30,21361.80,0,
02_04_2026_11_00,21361.30,21421.40,21358.90,21420.50,0,
02_04_2026_11_05,21420.90,21481.30,21418.70,21477.20,0,
02_04_2026_11_10,21475.70,21487.80,21457.90,21482.20,0,
02_04_2026_11_15,21483.30,21499.70,21464.80,21475.10,0,
02_04_2026_11_20,21474.90,21492.20,21462.80,21488.20,0,
02_04_2026_11_25,21490.20,21509.60,21480.20,21500.40,0,
02_04_2026_11_30,21499.80,21540.60,21495.20,21537.50,0,
02_04_2026_11_35,21538.50,21558.80,21538.10,21558.80,0,
02_04_2026_11_40,21559.10,21591.50,21555.20,21568.80,0,
02_04_2026_11_45,21567.20,21610.70,21565.80,21606.40,0,
02_04_2026_11_50,21606.70,21622.30,21606.70,21614.30,0,
02_04_2026_11_55,21615.50,21637.70,21612.40,21628.70,0,
02_04_2026_12_00,21627.40,21651.20,21626.60,21645.40,0,
02_04_2026_12_05,21645.30,21663.40,21620.80,21638.60,0,
02_04_2026_12_10,21638.90,21668.30,21637.90,21662.20,0,
02_04_2026_12_15,21662.70,21677.00,21623.30,21625.80,0,
02_04_2026_12_20,21626.20,21628.10,21575.80,21610.30,0,
02_04_2026_12_25,21610.00,21632.80,21603.80,21623.30,0,
02_04_2026_12_30,21622.30,21635.30,21619.30,21631.50,0,
02_04_2026_12_35,21633.60,21671.40,21618.40,21654.60,0,
02_04_2026_12_40,21655.60,21663.60,21635.70,21653.00,0,
02_04_2026_12_45,21653.30,21654.10,21630.20,21643.70,0,
02_04_2026_12_50,21643.70,21662.80,21630.80,21637.10,0,
02_04_2026_12_55,21636.60,21687.40,21636.10,21678.80,0,
02_04_2026_13_00,21677.80,21703.60,21675.80,21677.40,0,
02_04_2026_13_05,21678.70,21686.20,21660.40,21685.30,0,
02_04_2026_13_10,21686.40,21686.40,21641.70,21653.00,0,
02_04_2026_13_15,21653.80,21690.10,21643.80,21681.90,0,
02_04_2026_13_20,21681.60,21720.20,21680.20,21705.40,0,
02_04_2026_13_25,21706.30,21715.80,21685.20,21711.80,0,
02_04_2026_13_30,21712.50,21721.30,21680.40,21696.90,0,
02_04_2026_13_35,21697.20,21711.40,21671.80,21699.70,0,
02_04_2026_13_40,21702.00,21719.60,21698.20,21709.90,0,
02_04_2026_13_45,21709.90,21727.60,21705.70,21715.80,0,
02_04_2026_13_50,21716.50,21734.90,21703.30,21716.20,0,
02_04_2026_13_55,21716.30,21716.30,21689.10,21714.50,0,
02_04_2026_14_00,21715.20,21742.70,21708.70,21741.80,0,
02_04_2026_14_05,21741.20,21743.90,21716.30,21734.10,0,
02_04_2026_14_10,21735.60,21791.90,21735.30,21781.20,0,
02_04_2026_14_15,21780.50,21804.70,21743.50,21780.30,0,
02_04_2026_14_20,21782.10,21782.10,21753.30,21767.60,0,
02_04_2026_14_25,21767.90,21775.20,21736.50,21760.20,0,
02_04_2026_14_30,21761.00,21799.90,21750.10,21796.20,0,
02_04_2026_14_35,21798.20,21798.20,21724.30,21724.80,0,
02_04_2026_14_40,21726.70,21743.80,21704.50,21711.20,0,
02_04_2026_14_45,21711.90,21755.40,21702.60,21750.60,0,
02_04_2026_14_50,21751.20,21794.80,21744.10,21782.80,0,
02_04_2026_14_55,21783.20,21799.20,21766.80,21791.10,0,
02_04_2026_15_00,21788.90,21811.20,21771.90,21790.90,0,
02_04_2026_15_05,21790.50,21848.90,21786.70,21846.60,0,
02_04_2026_15_10,21845.60,21849.50,21821.80,21836.40,0,
02_04_2026_15_15,21839.60,21852.00,21801.50,21801.50,0,
02_04_2026_15_20,21801.60,21808.80,21773.30,21798.80,0,
02_04_2026_15_25,21800.40,21809.10,21784.40,21794.70,0,
06_04_2026_09_15,21779.70,21808.80,21510.20,21559.70,0,
06_04_2026_09_20,21569.20,21637.90,21531.30,21556.10,0,
06_04_2026_09_25,21557.00,21590.20,21525.30,21552.00,0,
06_04_2026_09_30,21550.20,21622.50,21527.00,21605.90,0,
06_04_2026_09_35,21605.00,21679.30,21602.40,21619.30,0,
06_04_2026_09_40,21618.50,21626.10,21524.20,21531.80,0,
06_04_2026_09_45,21531.60,21550.10,21512.40,21515.40,0,
06_04_2026_09_50,21515.10,21518.00,21464.80,21504.60,0,
06_04_2026_09_55,21503.40,21535.20,21493.90,21495.80,0,
06_04_2026_10_00,21495.10,21516.90,21470.80,21489.40,0,
06_04_2026_10_05,21489.40,21517.90,21486.40,21502.10,0,
06_04_2026_10_10,21502.10,21544.50,21481.90,21535.70,0,
06_04_2026_10_15,21536.10,21556.20,21513.10,21541.20,0,
06_04_2026_10_20,21541.10,21595.70,21540.90,21569.60,0,
06_04_2026_10_25,21571.40,21599.40,21546.10,21588.40,0,
06_04_2026_10_30,21587.90,21599.00,21561.40,21573.40,0,
06_04_2026_10_35,21574.20,21614.10,21571.40,21610.30,0,
06_04_2026_10_40,21611.90,21612.20,21575.70,21583.20,0,
06_04_2026_10_45,21584.10,21625.60,21582.00,21593.00,0,
06_04_2026_10_50,21593.90,21626.60,21557.60,21578.80,0,
06_04_2026_10_55,21578.80,21611.70,21568.90,21608.80,0,
06_04_2026_11_00,21608.80,21609.00,21578.60,21591.10,0,
06_04_2026_11_05,21591.30,21604.60,21579.20,21594.30,0,
06_04_2026_11_10,21594.80,21594.80,21533.70,21552.50,0,
06_04_2026_11_15,21552.90,21589.40,21547.60,21589.30,0,
06_04_2026_11_20,21590.30,21595.20,21556.10,21559.60,0,
06_04_2026_11_25,21560.30,21596.30,21555.40,21594.70,0,
06_04_2026_11_30,21595.90,21597.40,21560.30,21567.20,0,
06_04_2026_11_35,21566.20,21592.50,21562.80,21587.90,0,
06_04_2026_11_40,21587.80,21598.60,21567.90,21585.40,0,
06_04_2026_11_45,21585.50,21601.60,21579.80,21594.90,0,
06_04_2026_11_50,21595.10,21606.90,21587.20,21592.80,0,
06_04_2026_11_55,21592.80,21644.40,21587.30,21605.00,0,
06_04_2026_12_00,21604.80,21622.20,21601.80,21602.80,0,
06_04_2026_12_05,21602.70,21605.10,21589.80,21593.60,0,
06_04_2026_12_10,21592.90,21601.70,21583.10,21592.80,0,
06_04_2026_12_15,21594.10,21619.40,21588.80,21601.70,0,
06_04_2026_12_20,21602.30,21658.00,21602.30,21651.10,0,
06_04_2026_12_25,21653.70,21679.40,21646.80,21672.10,0,
06_04_2026_12_30,21671.20,21682.50,21631.20,21631.60,0,
06_04_2026_12_35,21633.10,21657.80,21629.00,21654.30,0,
06_04_2026_12_40,21654.00,21664.00,21644.90,21662.80,0,
06_04_2026_12_45,21662.90,21695.30,21661.60,21689.30,0,
06_04_2026_12_50,21691.10,21706.90,21680.60,21704.60,0,
06_04_2026_12_55,21705.50,21727.50,21703.40,21718.60,0,
06_04_2026_13_00,21719.50,21746.80,21699.00,21702.40,0,
06_04_2026_13_05,21702.30,21733.40,21702.30,21725.00,0,
06_04_2026_13_10,21725.60,21746.60,21720.20,21738.40,0,
06_04_2026_13_15,21739.30,21749.10,21716.60,21743.20,0,
06_04_2026_13_20,21743.70,21765.60,21737.00,21754.40,0,
06_04_2026_13_25,21753.20,21762.10,21719.70,21734.70,0,
06_04_2026_13_30,21736.60,21747.40,21729.60,21734.10,0,
06_04_2026_13_35,21734.70,21747.60,21714.90,21716.70,0,
06_04_2026_13_40,21716.20,21723.30,21695.60,21710.60,0,
06_04_2026_13_45,21711.20,21736.10,21707.60,21709.20,0,
06_04_2026_13_50,21709.10,21748.10,21707.20,21747.20,0,
06_04_2026_13_55,21747.30,21747.90,21719.20,21720.80,0,
06_04_2026_14_00,21722.10,21734.10,21702.00,21725.90,0,
06_04_2026_14_05,21727.20,21729.00,21700.40,21701.90,0,
06_04_2026_14_10,21701.20,21744.10,21700.40,21741.70,0,
06_04_2026_14_15,21741.60,21768.20,21739.10,21764.00,0,
06_04_2026_14_20,21764.40,21800.00,21763.10,21787.80,0,
06_04_2026_14_25,21787.50,21792.20,21761.80,21788.60,0,
06_04_2026_14_30,21791.70,21808.20,21777.70,21778.80,0,
06_04_2026_14_35,21780.20,21792.60,21753.90,21772.10,0,
06_04_2026_14_40,21773.00,21788.10,21771.40,21788.10,0,
06_04_2026_14_45,21788.40,21800.30,21781.10,21792.20,0,
06_04_2026_14_50,21792.90,21805.80,21776.60,21795.10,0,
06_04_2026_14_55,21795.20,21830.40,21789.40,21814.40,0,
06_04_2026_15_00,21815.80,21852.60,21810.70,21846.40,0,
06_04_2026_15_05,21846.20,21862.30,21833.70,21856.80,0,
06_04_2026_15_10,21858.20,21864.80,21826.80,21832.80,0,
06_04_2026_15_15,21831.80,21834.40,21807.40,21812.20,0,
06_04_2026_15_20,21813.20,21832.40,21795.80,21823.00,0,
06_04_2026_15_25,21823.20,21867.80,21818.50,21866.00,0,
07_04_2026_09_15,21777.80,21784.40,21595.40,21634.50,0,
07_04_2026_09_20,21639.90,21740.70,21631.00,21726.80,0,
07_04_2026_09_25,21727.80,21819.20,21720.10,21810.60,0,
07_04_2026_09_30,21810.10,21832.20,21785.90,21786.50,0,
07_04_2026_09_35,21786.20,21803.90,21771.20,21788.10,0,
07_04_2026_09_40,21788.40,21805.40,21733.40,21734.10,0,
07_04_2026_09_45,21734.90,21758.80,21724.20,21725.70,0,
07_04_2026_09_50,21728.60,21766.30,21718.80,21751.40,0,
07_04_2026_09_55,21753.30,21794.70,21750.90,21785.80,0,
07_04_2026_10_00,21786.60,21837.00,21783.40,21836.80,0,
07_04_2026_10_05,21836.60,21857.60,21816.20,21840.20,0,
07_04_2026_10_10,21842.80,21877.40,21827.90,21872.20,0,
07_04_2026_10_15,21875.90,21926.40,21868.90,21911.10,0,
07_04_2026_10_20,21913.60,21933.10,21882.60,21891.60,0,
07_04_2026_10_25,21895.80,21940.60,21886.30,21938.50,0,
07_04_2026_10_30,21940.60,21957.20,21926.90,21929.90,0,
07_04_2026_10_35,21930.60,21963.40,21914.30,21961.60,0,
07_04_2026_10_40,21962.80,22022.20,21959.90,22005.70,0,
07_04_2026_10_45,22007.20,22007.20,21945.10,21959.90,0,
07_04_2026_10_50,21960.20,21960.20,21880.30,21899.00,0,
07_04_2026_10_55,21899.40,21914.80,21857.10,21866.80,0,
07_04_2026_11_00,21868.90,21896.10,21855.70,21878.90,0,
07_04_2026_11_05,21879.90,21908.10,21872.70,21905.80,0,
07_04_2026_11_10,21906.20,21911.00,21879.40,21893.80,0,
07_04_2026_11_15,21894.80,21928.30,21889.60,21927.70,0,
07_04_2026_11_20,21928.10,21957.90,21928.10,21946.80,0,
07_04_2026_11_25,21947.10,21947.40,21931.70,21941.70,0,
07_04_2026_11_30,21943.20,21945.60,21932.20,21940.70,0,
07_04_2026_11_35,21941.80,21963.30,21916.90,21952.90,0,
07_04_2026_11_40,21955.50,21956.20,21907.80,21925.60,0,
07_04_2026_11_45,21927.80,21940.60,21914.90,21915.20,0,
07_04_2026_11_50,21916.30,21925.30,21911.40,21919.60,0,
07_04_2026_11_55,21920.20,21960.30,21918.80,21960.30,0,
07_04_2026_12_00,21960.50,21964.90,21918.20,21925.20,0,
07_04_2026_12_05,21923.20,21923.20,21907.20,21912.60,0,
07_04_2026_12_10,21908.80,21924.80,21883.30,21924.80,0,
07_04_2026_12_15,21924.90,21934.20,21915.60,21924.40,0,
07_04_2026_12_20,21924.10,21924.10,21893.80,21900.30,0,
07_04_2026_12_25,21902.90,21921.70,21900.40,21919.20,0,
07_04_2026_12_30,21919.70,21923.90,21896.80,21901.20,0,
07_04_2026_12_35,21901.80,21911.20,21888.40,21894.60,0,
07_04_2026_12_40,21895.40,21899.80,21885.20,21887.40,0,
07_04_2026_12_45,21888.90,21889.40,21846.80,21847.80,0,
07_04_2026_12_50,21848.00,21854.10,21797.60,21813.90,0,
07_04_2026_12_55,21813.60,21815.90,21786.10,21787.40,0,
07_04_2026_13_00,21786.40,21804.70,21772.60,21801.90,0,
07_04_2026_13_05,21803.40,21803.80,21790.20,21792.20,0,
07_04_2026_13_10,21794.10,21826.90,21789.90,21820.80,0,
07_04_2026_13_15,21821.90,21832.40,21811.10,21824.70,0,
07_04_2026_13_20,21825.10,21825.90,21801.30,21807.60,0,
07_04_2026_13_25,21807.10,21812.70,21796.90,21798.30,0,
07_04_2026_13_30,21799.90,21837.30,21795.40,21814.60,0,
07_04_2026_13_35,21815.40,21818.70,21793.80,21816.50,0,
07_04_2026_13_40,21816.30,21840.00,21813.80,21832.10,0,
07_04_2026_13_45,21831.80,21836.20,21802.80,21818.90,0,
07_04_2026_13_50,21819.40,21826.30,21793.10,21824.30,0,
07_04_2026_13_55,21825.50,21829.70,21784.20,21795.30,0,
07_04_2026_14_00,21793.80,21823.20,21786.80,21814.40,0,
07_04_2026_14_05,21817.10,21822.30,21806.20,21814.90,0,
07_04_2026_14_10,21815.80,21817.60,21789.20,21804.90,0,
07_04_2026_14_15,21806.20,21808.80,21776.70,21777.90,0,
07_04_2026_14_20,21779.70,21789.30,21770.70,21786.80,0,
07_04_2026_14_25,21787.90,21810.80,21786.00,21801.80,0,
07_04_2026_14_30,21802.80,21825.70,21798.70,21821.90,0,
07_04_2026_14_35,21824.70,21825.30,21785.60,21798.80,0,
07_04_2026_14_40,21798.70,21814.00,21797.80,21808.80,0,
07_04_2026_14_45,21809.90,21823.40,21802.20,21823.40,0,
07_04_2026_14_50,21824.60,21828.40,21816.20,21823.20,0,
07_04_2026_14_55,21824.90,21863.30,21822.30,21861.60,0,
07_04_2026_15_00,21860.70,21889.80,21837.10,21885.80,0,
07_04_2026_15_05,21889.50,21898.80,21872.90,21876.10,0,
07_04_2026_15_10,21878.10,21881.80,21858.50,21866.70,0,
07_04_2026_15_15,21866.20,21881.80,21860.90,21876.20,0,
07_04_2026_15_20,21876.40,21877.90,21847.30,21861.80,0,
07_04_2026_15_25,21860.90,21886.80,21855.60,21879.70,0,
08_04_2026_09_15,22227.10,22250.50,22124.40,22181.90,0,
08_04_2026_09_20,22181.10,22209.30,22129.60,22129.60,0,
08_04_2026_09_25,22129.60,22132.10,22048.40,22055.50,0,
08_04_2026_09_30,22054.70,22125.30,22050.30,22080.50,0,
08_04_2026_09_35,22082.10,22083.80,22040.40,22070.60,0,
08_04_2026_09_40,22071.20,22085.30,22050.20,22055.10,0,
08_04_2026_09_45,22055.30,22077.10,22019.80,22027.30,0,
08_04_2026_09_50,22028.80,22039.20,21980.50,22001.90,0,
08_04_2026_09_55,22002.40,22003.90,21921.20,21923.20,0,
08_04_2026_10_00,21922.20,21933.80,21884.60,21891.10,0,
08_04_2026_10_05,21890.20,21914.80,21881.50,21900.30,0,
08_04_2026_10_10,21900.70,21902.70,21863.70,21870.20,0,
08_04_2026_10_15,21869.80,21893.20,21852.80,21881.60,0,
08_04_2026_10_20,21882.20,21882.20,21835.60,21840.80,0,
08_04_2026_10_25,21842.60,21863.10,21840.10,21854.40,0,
08_04_2026_10_30,21854.10,21857.70,21829.60,21839.20,0,
08_04_2026_10_35,21838.60,21885.70,21834.70,21881.10,0,
08_04_2026_10_40,21883.40,21883.90,21865.30,21876.60,0,
08_04_2026_10_45,21878.50,21904.40,21866.70,21889.90,0,
08_04_2026_10_50,21885.30,21897.50,21880.80,21886.80,0,
08_04_2026_10_55,21886.20,21894.10,21880.90,21887.10,0,
08_04_2026_11_00,21885.80,21895.60,21882.10,21889.40,0,
08_04_2026_11_05,21890.80,21895.80,21875.00,21876.70,0,
08_04_2026_11_10,21877.60,21892.60,21869.60,21890.60,0,
08_04_2026_11_15,21889.70,21902.70,21878.70,21889.40,0,
08_04_2026_11_20,21889.20,21918.50,21884.80,21916.60,0,
08_04_2026_11_25,21915.20,21927.50,21895.60,21924.90,0,
08_04_2026_11_30,21925.10,21951.20,21921.00,21923.20,0,
08_04_2026_11_35,21923.20,21926.80,21885.30,21899.80,0,
08_04_2026_11_40,21899.40,21923.60,21897.90,21921.10,0,
08_04_2026_11_45,21921.90,21936.10,21908.20,21917.00,0,
08_04_2026_11_50,21916.90,21917.80,21883.10,21911.40,0,
08_04_2026_11_55,21910.80,21929.80,21896.80,21927.10,0,
08_04_2026_12_00,21927.40,21947.80,21918.80,21943.20,0,
08_04_2026_12_05,21943.50,21984.80,21940.40,21977.80,0,
08_04_2026_12_10,21977.70,21991.60,21973.10,21980.70,0,
08_04_2026_12_15,21980.40,21991.80,21974.90,21978.90,0,
08_04_2026_12_20,21982.10,21986.00,21974.60,21985.30,0,
08_04_2026_12_25,21982.20,21989.00,21972.20,21977.50,0,
08_04_2026_12_30,21976.00,21978.80,21950.10,21954.00,0,
08_04_2026_12_35,21953.80,21960.00,21941.90,21947.20,0,
08_04_2026_12_40,21945.80,21970.60,21944.10,21968.40,0,
08_04_2026_12_45,21967.80,21997.00,21963.50,21992.50,0,
08_04_2026_12_50,21991.80,22005.80,21982.60,22005.80,0,
08_04_2026_12_55,22002.90,22021.80,22002.80,22016.10,0,
08_04_2026_13_00,22015.70,22019.30,22002.70,22011.90,0,
08_04_2026_13_05,22007.50,22021.80,22002.80,22004.40,0,
08_04_2026_13_10,22004.60,22012.10,21998.20,22007.20,0,
08_04_2026_13_15,22005.80,22028.90,21999.50,22020.50,0,
08_04_2026_13_20,22021.80,22025.60,22004.20,22006.80,0,
08_04_2026_13_25,22006.40,22016.20,22002.50,22012.20,0,
08_04_2026_13_30,22012.20,22012.20,21991.30,22006.20,0,
08_04_2026_13_35,22005.60,22046.00,22003.80,22038.80,0,
08_04_2026_13_40,22038.50,22039.30,22020.60,22026.20,0,
08_04_2026_13_45,22026.30,22043.80,22017.40,22040.00,0,
08_04_2026_13_50,22039.90,22044.90,22020.40,22025.30,0,
08_04_2026_13_55,22024.10,22029.10,22015.10,22025.30,0,
08_04_2026_14_00,22024.80,22024.80,22003.60,22009.20,0,
08_04_2026_14_05,22007.90,22016.80,22005.70,22014.30,0,
08_04_2026_14_10,22012.70,22018.60,21993.70,22003.60,0,
08_04_2026_14_15,22002.50,22025.70,22001.20,22022.20,0,
08_04_2026_14_20,22022.80,22032.70,21985.60,22002.70,0,
08_04_2026_14_25,22002.60,22010.70,21995.10,22000.30,0,
08_04_2026_14_30,21999.90,22010.10,21988.20,21992.90,0,
08_04_2026_14_35,21992.80,21996.80,21986.10,21989.80,0,
08_04_2026_14_40,21990.70,22005.20,21988.90,22003.60,0,
08_04_2026_14_45,22002.60,22004.80,21975.90,21979.50,0,
08_04_2026_14_50,21979.30,21993.40,21977.20,21992.20,0,
08_04_2026_14_55,21991.90,22006.50,21988.40,21999.80,0,
08_04_2026_15_00,21999.70,21999.70,21939.30,21991.80,0,
08_04_2026_15_05,21991.30,22005.90,21983.80,21997.50,0,
08_04_2026_15_10,21997.10,22002.20,21987.70,21996.70,0,
08_04_2026_15_15,21996.60,22002.30,21990.70,21995.20,0,
08_04_2026_15_20,21995.20,22001.70,21984.90,21991.80,0,
08_04_2026_15_25,21991.50,22003.20,21982.40,21997.40,0,
09_04_2026_09_15,21957.50,22091.10,21953.80,22077.40,0,
09_04_2026_09_20,22078.50,22094.20,22056.30,22087.60,0,
09_04_2026_09_25,22087.60,22096.40,22070.30,22090.90,0,
09_04_2026_09_30,22090.40,22091.60,22009.00,22011.70,0,
09_04_2026_09_35,22011.20,22063.00,21993.80,21997.20,0,
09_04_2026_09_40,21997.10,22067.50,21995.30,22066.00,0,
09_04_2026_09_45,22067.00,22094.90,22040.80,22040.80,0,
09_04_2026_09_50,22041.70,22048.30,22018.10,22018.30,0,
09_04_2026_09_55,22019.60,22020.20,21999.10,22004.20,0,
09_04_2026_10_00,22003.20,22049.60,21974.10,22046.30,0,
09_04_2026_10_05,22046.10,22099.70,22044.20,22090.50,0,
09_04_2026_10_10,22090.90,22100.00,22068.20,22075.20,0,
09_04_2026_10_15,22076.70,22107.30,22063.80,22102.00,0,
09_04_2026_10_20,22101.10,22102.50,22085.70,22095.80,0,
09_04_2026_10_25,22096.20,22096.20,22060.30,22074.00,0,
09_04_2026_10_30,22074.10,22083.60,22061.60,22062.10,0,
09_04_2026_10_35,22063.50,22067.20,22039.30,22039.30,0,
09_04_2026_10_40,22040.90,22056.80,22032.10,22046.90,0,
09_04_2026_10_45,22045.90,22065.90,22043.00,22063.90,0,
09_04_2026_10_50,22063.90,22067.80,22049.60,22067.80,0,
09_04_2026_10_55,22067.20,22081.60,22065.50,22068.20,0,
09_04_2026_11_00,22067.60,22082.20,22067.30,22076.20,0,
09_04_2026_11_05,22077.20,22098.40,22071.20,22096.10,0,
09_04_2026_11_10,22095.90,22100.80,22076.90,22083.70,0,
09_04_2026_11_15,22082.80,22096.40,22063.50,22074.30,0,
09_04_2026_11_20,22073.90,22098.40,22069.70,22095.70,0,
09_04_2026_11_25,22094.90,22104.20,22093.90,22099.20,0,
09_04_2026_11_30,22100.00,22108.00,22093.90,22100.30,0,
09_04_2026_11_35,22100.50,22118.80,22100.30,22115.70,0,
09_04_2026_11_40,22115.70,22129.60,22112.80,22127.30,0,
09_04_2026_11_45,22128.50,22138.40,22115.80,22135.60,0,
09_04_2026_11_50,22136.30,22136.80,22116.10,22121.90,0,
09_04_2026_11_55,22121.80,22157.30,22121.20,22154.30,0,
09_04_2026_12_00,22154.80,22167.70,22154.20,22165.80,0,
09_04_2026_12_05,22166.90,22206.20,22163.90,22204.90,0,
09_04_2026_12_10,22205.60,22216.10,22195.80,22197.80,0,
09_04_2026_12_15,22197.90,22200.60,22187.80,22197.80,0,
09_04_2026_12_20,22198.20,22206.00,22190.20,22194.90,0,
09_04_2026_12_25,22196.20,22210.30,22187.80,22201.90,0,
09_04_2026_12_30,22201.60,22207.90,22194.80,22200.60,0,
09_04_2026_12_35,22201.50,22212.90,22189.70,22197.80,0,
09_04_2026_12_40,22197.80,22202.20,22193.00,22193.80,0,
09_04_2026_12_45,22193.60,22194.40,22145.90,22148.40,0,
09_04_2026_12_50,22148.80,22156.90,22138.80,22151.90,0,
09_04_2026_12_55,22151.80,22178.20,22151.80,22167.60,0,
09_04_2026_13_00,22167.60,22190.20,22167.60,22183.20,0,
09_04_2026_13_05,22183.10,22184.00,22175.60,22180.40,0,
09_04_2026_13_10,22180.30,22181.80,22159.20,22173.30,0,
09_04_2026_13_15,22172.70,22173.80,22154.80,22158.10,0,
09_04_2026_13_20,22157.90,22158.90,22129.10,22148.80,0,
09_04_2026_13_25,22149.30,22151.40,22132.30,22134.20,0,
09_04_2026_13_30,22134.10,22145.80,22124.00,22137.80,0,
09_04_2026_13_35,22138.30,22143.30,22121.40,22130.40,0,
09_04_2026_13_40,22130.50,22131.20,22111.70,22114.60,0,
09_04_2026_13_45,22115.10,22117.00,22096.80,22102.40,0,
09_04_2026_13_50,22103.10,22116.80,22094.40,22109.40,0,
09_04_2026_13_55,22110.20,22120.90,22107.20,22111.90,0,
09_04_2026_14_00,22111.70,22124.90,22104.20,22117.20,0,
09_04_2026_14_05,22118.70,22120.20,22106.50,22107.10,0,
09_04_2026_14_10,22108.20,22112.30,22097.20,22102.00,0,
09_04_2026_14_15,22103.10,22103.40,22080.80,22092.80,0,
09_04_2026_14_20,22092.20,22098.60,22080.70,22091.80,0,
09_04_2026_14_25,22091.20,22092.70,22079.40,22088.10,0,
09_04_2026_14_30,22086.60,22089.90,22053.80,22074.20,0,
09_04_2026_14_35,22073.90,22091.80,22073.90,22087.60,0,
09_04_2026_14_40,22087.20,22102.30,22081.40,22097.70,0,
09_04_2026_14_45,22098.10,22102.80,22087.50,22093.20,0,
09_04_2026_14_50,22091.80,22095.10,22083.70,22092.80,0,
09_04_2026_14_55,22093.80,22108.80,22091.80,22100.80,0,
09_04_2026_15_00,22101.20,22144.30,22080.10,22126.80,0,
09_04_2026_15_05,22127.40,22158.20,22120.80,22157.80,0,
09_04_2026_15_10,22158.80,22169.20,22136.30,22140.10,0,
09_04_2026_15_15,22140.80,22144.90,22130.60,22130.60,0,
09_04_2026_15_20,22130.30,22142.60,22122.90,22138.80,0,
09_04_2026_15_25,22137.30,22144.00,22113.40,22120.70,0,
10_04_2026_09_15,22092.50,22130.10,21935.20,22042.50,0,
10_04_2026_09_20,22041.80,22042.10,21937.80,21941.20,0,
10_04_2026_09_25,21939.80,22075.00,21932.80,22070.00,0,
10_04_2026_09_30,22069.60,22120.10,22062.80,22118.70,0,
10_04_2026_09_35,22119.10,22167.00,22117.90,22127.30,0,
10_04_2026_09_40,22127.10,22141.10,22108.20,22116.50,0,
10_04_2026_09_45,22116.80,22129.10,22112.00,22122.80,0,
10_04_2026_09_50,22125.10,22131.00,22117.20,22124.40,0,
10_04_2026_09_55,22124.30,22126.60,22087.80,22090.60,0,
10_04_2026_10_00,22089.40,22114.80,22083.70,22084.30,0,
10_04_2026_10_05,22084.30,22084.80,21980.80,22001.40,0,
10_04_2026_10_10,22000.30,22067.90,21996.20,22067.80,0,
10_04_2026_10_15,22067.70,22074.80,22040.70,22054.20,0,
10_04_2026_10_20,22054.20,22095.60,22053.30,22094.20,0,
10_04_2026_10_25,22093.80,22097.40,22051.60,22056.50,0,
10_04_2026_10_30,22055.90,22087.70,22055.90,22056.30,0,
10_04_2026_10_35,22055.70,22066.80,22052.80,22065.40,0,
10_04_2026_10_40,22065.40,22067.50,22056.20,22062.60,0,
10_04_2026_10_45,22062.60,22064.30,22032.80,22036.10,0,
10_04_2026_10_50,22036.90,22058.60,22034.10,22057.70,0,
10_04_2026_10_55,22058.60,22058.60,22033.70,22051.80,0,
10_04_2026_11_00,22052.00,22054.40,22032.70,22050.10,0,
10_04_2026_11_05,22051.40,22054.10,22033.20,22046.20,0,
10_04_2026_11_10,22046.20,22060.70,22044.20,22060.20,0,
10_04_2026_11_15,22060.00,22062.80,22037.70,22041.60,0,
10_04_2026_11_20,22040.20,22044.10,22023.80,22038.70,0,
10_04_2026_11_25,22038.50,22049.70,22030.10,22047.80,0,
10_04_2026_11_30,22047.90,22089.40,22047.30,22084.40,0,
10_04_2026_11_35,22084.20,22086.10,22058.00,22065.10,0,
10_04_2026_11_40,22065.60,22075.90,22063.00,22067.60,0,
10_04_2026_11_45,22067.30,22073.50,22035.80,22037.20,0,
10_04_2026_11_50,22037.20,22059.10,22037.20,22057.90,0,
10_04_2026_11_55,22058.00,22091.40,22058.00,22087.60,0,
10_04_2026_12_00,22088.20,22092.70,22080.60,22087.20,0,
10_04_2026_12_05,22087.40,22089.70,22073.80,22075.70,0,
10_04_2026_12_10,22074.30,22079.70,22068.60,22069.20,0,
10_04_2026_12_15,22068.70,22092.50,22067.30,22092.20,0,
10_04_2026_12_20,22091.70,22099.20,22083.80,22099.20,0,
10_04_2026_12_25,22099.90,22101.40,22071.00,22076.80,0,
10_04_2026_12_30,22077.90,22089.80,22074.40,22088.10,0,
10_04_2026_12_35,22088.10,22130.20,22088.10,22128.10,0,
10_04_2026_12_40,22128.30,22133.90,22121.20,22127.40,0,
10_04_2026_12_45,22127.60,22150.10,22124.40,22143.20,0,
10_04_2026_12_50,22143.10,22147.20,22125.80,22128.90,0,
10_04_2026_12_55,22128.90,22148.80,22128.80,22136.20,0,
10_04_2026_13_00,22136.10,22152.10,22135.60,22145.10,0,
10_04_2026_13_05,22144.80,22154.40,22134.70,22153.40,0,
10_04_2026_13_10,22153.30,22161.80,22137.70,22140.80,0,
10_04_2026_13_15,22141.70,22143.30,22128.80,22128.80,0,
10_04_2026_13_20,22128.80,22134.40,22123.30,22128.00,0,
10_04_2026_13_25,22128.00,22138.40,22122.70,22135.50,0,
10_04_2026_13_30,22137.20,22152.90,22134.40,22147.60,0,
10_04_2026_13_35,22147.80,22159.60,22144.30,22157.20,0,
10_04_2026_13_40,22157.70,22172.60,22154.90,22169.30,0,
10_04_2026_13_45,22169.60,22177.80,22165.40,22166.90,0,
10_04_2026_13_50,22168.10,22191.70,22164.60,22183.40,0,
10_04_2026_13_55,22182.80,22189.80,22177.00,22181.80,0,
10_04_2026_14_00,22181.50,22189.40,22170.90,22173.80,0,
10_04_2026_14_05,22173.80,22175.20,22160.10,22163.20,0,
10_04_2026_14_10,22161.80,22166.80,22143.70,22155.80,0,
10_04_2026_14_15,22155.30,22157.40,22096.70,22128.70,0,
10_04_2026_14_20,22130.20,22138.60,22111.30,22114.20,0,
10_04_2026_14_25,22113.40,22134.90,22112.90,22134.70,0,
10_04_2026_14_30,22135.00,22135.30,22121.40,22123.60,0,
10_04_2026_14_35,22123.60,22123.80,22104.40,22106.80,0,
10_04_2026_14_40,22106.30,22117.90,22103.30,22115.10,0,
10_04_2026_14_45,22115.10,22148.80,22111.30,22144.90,0,
10_04_2026_14_50,22144.10,22154.00,22141.80,22149.30,0,
10_04_2026_14_55,22149.20,22156.80,22149.00,22151.00,0,
10_04_2026_15_00,22151.80,22177.10,22151.40,22175.80,0,
10_04_2026_15_05,22176.10,22181.00,22173.40,22177.90,0,
10_04_2026_15_10,22176.40,22179.90,22169.30,22170.80,0,
10_04_2026_15_15,22171.10,22177.20,22159.90,22164.50,0,
10_04_2026_15_20,22165.00,22170.80,22159.20,22164.00,0,
10_04_2026_15_25,22163.90,22165.70,22135.10,22164.40,0,
13_04_2026_09_15,21986.40,22011.20,21857.30,21923.90,0,
13_04_2026_09_20,21922.80,21982.20,21922.80,21982.20,0,
13_04_2026_09_25,21980.20,22013.10,21950.20,21956.90,0,
13_04_2026_09_30,21959.70,21971.80,21934.20,21938.40,0,
13_04_2026_09_35,21938.80,21938.80,21850.90,21852.00,0,
13_04_2026_09_40,21852.60,21904.70,21846.10,21892.20,0,
13_04_2026_09_45,21893.80,21896.20,21859.20,21895.60,0,
13_04_2026_09_50,21895.40,21941.60,21895.40,21929.50,0,
13_04_2026_09_55,21928.60,21966.20,21925.90,21961.90,0,
13_04_2026_10_00,21961.80,21976.40,21951.20,21973.20,0,
13_04_2026_10_05,21972.90,22022.00,21967.50,22005.10,0,
13_04_2026_10_10,22006.70,22020.90,21987.10,21991.10,0,
13_04_2026_10_15,21990.80,22014.10,21968.90,22012.20,0,
13_04_2026_10_20,22014.90,22053.20,22014.90,22037.90,0,
13_04_2026_10_25,22038.60,22049.70,22030.60,22039.10,0,
13_04_2026_10_30,22039.30,22055.70,22022.80,22026.30,0,
13_04_2026_10_35,22026.20,22047.40,22013.40,22044.20,0,
13_04_2026_10_40,22044.20,22049.30,22005.70,22032.20,0,
13_04_2026_10_45,22031.90,22069.10,22031.90,22060.30,0,
13_04_2026_10_50,22060.70,22094.80,22060.40,22086.90,0,
13_04_2026_10_55,22087.00,22108.80,22084.80,22102.10,0,
13_04_2026_11_00,22102.00,22119.30,22097.60,22117.10,0,
13_04_2026_11_05,22117.30,22129.60,22112.40,22128.00,0,
13_04_2026_11_10,22127.80,22128.30,22092.30,22118.30,0,
13_04_2026_11_15,22118.90,22136.40,22118.90,22135.10,0,
13_04_2026_11_20,22135.10,22136.30,22115.60,22117.70,0,
13_04_2026_11_25,22117.80,22123.00,22101.30,22102.10,0,
13_04_2026_11_30,22102.10,22109.00,22093.60,22095.80,0,
13_04_2026_11_35,22096.20,22099.20,22076.60,22082.20,0,
13_04_2026_11_40,22082.40,22085.00,22073.20,22074.90,0,
13_04_2026_11_45,22074.60,22084.00,22066.80,22079.30,0,
13_04_2026_11_50,22082.10,22107.00,22079.20,22106.70,0,
13_04_2026_11_55,22106.90,22109.90,22093.20,22096.80,0,
13_04_2026_12_00,22097.40,22126.60,22096.80,22122.80,0,
13_04_2026_12_05,22123.60,22130.80,22120.20,22127.20,0,
13_04_2026_12_10,22127.80,22128.60,22105.30,22109.00,0,
13_04_2026_12_15,22109.10,22116.20,22096.10,22103.50,0,
13_04_2026_12_20,22103.60,22104.50,22080.60,22082.70,0,
13_04_2026_12_25,22082.10,22101.10,22080.80,22096.70,0,
13_04_2026_12_30,22099.10,22108.80,22095.30,22099.40,0,
13_04_2026_12_35,22099.30,22120.10,22088.10,22113.80,0,
13_04_2026_12_40,22113.90,22115.60,22100.90,22102.80,0,
13_04_2026_12_45,22102.80,22117.30,22095.30,22111.10,0,
13_04_2026_12_50,22110.70,22113.30,22100.20,22102.80,0,
13_04_2026_12_55,22102.80,22110.10,22083.60,22107.10,0,
13_04_2026_13_00,22107.10,22107.80,22067.20,22076.40,0,
13_04_2026_13_05,22077.00,22112.20,22076.90,22105.60,0,
13_04_2026_13_10,22105.60,22121.20,22099.80,22118.40,0,
13_04_2026_13_15,22117.90,22123.90,22114.40,22122.90,0,
13_04_2026_13_20,22123.10,22127.90,22113.50,22116.10,0,
13_04_2026_13_25,22116.10,22125.80,22113.70,22114.30,0,
13_04_2026_13_30,22114.80,22166.40,22113.40,22166.40,0,
13_04_2026_13_35,22166.10,22179.10,22159.70,22173.80,0,
13_04_2026_13_40,22174.80,22183.50,22145.30,22145.80,0,
13_04_2026_13_45,22145.80,22156.30,22139.80,22154.10,0,
13_04_2026_13_50,22152.70,22160.90,22147.60,22159.60,0,
13_04_2026_13_55,22159.20,22173.30,22157.80,22165.20,0,
13_04_2026_14_00,22165.20,22170.70,22161.10,22167.70,0,
13_04_2026_14_05,22167.00,22167.90,22136.00,22139.80,0,
13_04_2026_14_10,22139.90,22140.30,22126.10,22137.80,0,
13_04_2026_14_15,22137.60,22147.10,22130.90,22139.90,0,
13_04_2026_14_20,22139.60,22143.70,22130.10,22135.90,0,
13_04_2026_14_25,22135.40,22151.50,22135.30,22141.30,0,
13_04_2026_14_30,22142.10,22154.40,22141.10,22143.10,0,
13_04_2026_14_35,22143.20,22151.00,22133.70,22146.80,0,
13_04_2026_14_40,22146.80,22150.30,22124.10,22136.20,0,
13_04_2026_14_45,22136.20,22152.20,22128.30,22146.70,0,
13_04_2026_14_50,22146.70,22147.90,22134.20,22136.10,0,
13_04_2026_14_55,22137.20,22139.60,22126.90,22133.20,0,
13_04_2026_15_00,22134.20,22134.20,22100.90,22109.20,0,
13_04_2026_15_05,22110.10,22113.40,22089.80,22093.20,0,
13_04_2026_15_10,22091.80,22114.70,22089.70,22098.80,0,
13_04_2026_15_15,22098.20,22104.50,22084.60,22086.00,0,
13_04_2026_15_20,22085.80,22105.10,22083.80,22100.60,0,
13_04_2026_15_25,22100.60,22108.80,22088.90,22104.50,0,
15_04_2026_09_15,22277.30,22323.40,22142.50,22249.60,0,
15_04_2026_09_20,22246.70,22259.40,22221.20,22222.40,0,
15_04_2026_09_25,22219.70,22221.90,22184.20,22207.30,0,
15_04_2026_09_30,22207.80,22259.20,22207.30,22242.10,0,
15_04_2026_09_35,22240.10,22252.30,22219.20,22225.30,0,
15_04_2026_09_40,22226.00,22311.10,22226.00,22311.10,0,
15_04_2026_09_45,22310.20,22325.00,22293.10,22293.10,0,
15_04_2026_09_50,22292.80,22313.30,22270.20,22310.80,0,
15_04_2026_09_55,22310.90,22318.80,22289.80,22293.80,0,
15_04_2026_10_00,22293.50,22318.60,22290.30,22306.70,0,
15_04_2026_10_05,22307.30,22318.70,22296.70,22296.70,0,
15_04_2026_10_10,22296.70,22307.80,22291.60,22303.30,0,
15_04_2026_10_15,22303.80,22317.60,22298.10,22315.80,0,
15_04_2026_10_20,22315.80,22323.70,22308.80,22315.80,0,
15_04_2026_10_25,22316.60,22320.10,22296.00,22298.30,0,
15_04_2026_10_30,22298.30,22309.90,22291.50,22308.40,0,
15_04_2026_10_35,22308.70,22330.20,22308.70,22316.80,0,
15_04_2026_10_40,22316.40,22323.10,22309.20,22312.30,0,
15_04_2026_10_45,22312.30,22325.20,22302.80,22323.30,0,
15_04_2026_10_50,22322.30,22330.50,22315.70,22321.10,0,
15_04_2026_10_55,22320.80,22328.70,22315.40,22323.50,0,
15_04_2026_11_00,22323.50,22333.80,22314.80,22330.20,0,
15_04_2026_11_05,22330.20,22332.90,22321.60,22327.90,0,
15_04_2026_11_10,22329.20,22331.30,22321.80,22322.60,0,
15_04_2026_11_15,22322.20,22331.40,22313.20,22316.70,0,
15_04_2026_11_20,22317.10,22344.40,22316.60,22342.70,0,
15_04_2026_11_25,22343.30,22355.40,22336.40,22350.80,0,
15_04_2026_11_30,22351.40,22358.80,22338.40,22342.00,0,
15_04_2026_11_35,22342.80,22349.80,22336.80,22344.60,0,
15_04_2026_11_40,22345.80,22366.80,22335.30,22364.30,0,
15_04_2026_11_45,22365.20,22394.20,22365.20,22389.20,0,
15_04_2026_11_50,22388.40,22391.90,22364.30,22366.90,0,
15_04_2026_11_55,22367.20,22375.20,22360.30,22361.90,0,
15_04_2026_12_00,22361.80,22368.80,22357.60,22362.10,0,
15_04_2026_12_05,22361.90,22366.80,22355.20,22364.30,0,
15_04_2026_12_10,22365.60,22376.10,22363.70,22367.50,0,
15_04_2026_12_15,22367.60,22384.20,22366.50,22383.80,0,
15_04_2026_12_20,22384.00,22389.20,22371.10,22379.80,0,
15_04_2026_12_25,22379.50,22385.70,22368.90,22371.40,0,
15_04_2026_12_30,22372.20,22377.90,22370.90,22373.30,0,
15_04_2026_12_35,22373.20,22384.80,22373.10,22379.70,0,
15_04_2026_12_40,22379.20,22384.60,22371.80,22383.50,0,
15_04_2026_12_45,22383.40,22387.20,22348.20,22349.80,0,
15_04_2026_12_50,22349.30,22368.10,22349.20,22367.80,0,
15_04_2026_12_55,22368.30,22380.90,22363.90,22374.80,0,
15_04_2026_13_00,22375.20,22389.80,22374.30,22387.10,0,
15_04_2026_13_05,22387.20,22388.30,22377.40,22383.20,0,
15_04_2026_13_10,22383.40,22399.80,22382.80,22396.60,0,
15_04_2026_13_15,22397.40,22400.80,22393.10,22396.20,0,
15_04_2026_13_20,22396.70,22403.60,22391.00,22393.10,0,
15_04_2026_13_25,22392.60,22395.30,22385.00,22388.20,0,
15_04_2026_13_30,22388.20,22401.60,22386.20,22395.70,0,
15_04_2026_13_35,22395.90,22396.70,22384.00,22386.20,0,
15_04_2026_13_40,22386.80,22395.80,22385.20,22389.00,0,
15_04_2026_13_45,22388.80,22399.00,22384.90,22395.40,0,
15_04_2026_13_50,22395.20,22402.50,22389.20,22391.10,0,
15_04_2026_13_55,22391.40,22405.90,22390.20,22396.20,0,
15_04_2026_14_00,22395.90,22399.80,22384.20,22384.20,0,
15_04_2026_14_05,22386.00,22386.20,22372.80,22378.30,0,
15_04_2026_14_10,22378.10,22396.30,22373.30,22394.60,0,
15_04_2026_14_15,22392.80,22400.00,22388.80,22396.70,0,
15_04_2026_14_20,22396.20,22399.70,22390.10,22390.80,0,
15_04_2026_14_25,22390.70,22397.20,22386.50,22395.80,0,
15_04_2026_14_30,22395.60,22411.40,22387.40,22394.70,0,
15_04_2026_14_35,22393.80,22397.50,22385.30,22395.70,0,
15_04_2026_14_40,22395.90,22405.70,22395.40,22399.40,0,
15_04_2026_14_45,22399.10,22405.50,22396.80,22401.30,0,
15_04_2026_14_50,22402.20,22431.90,22401.00,22430.70,0,
15_04_2026_14_55,22430.20,22436.30,22427.00,22431.80,0,
15_04_2026_15_00,22433.90,22456.20,22433.90,22449.20,0,
15_04_2026_15_05,22450.80,22451.60,22424.80,22427.00,0,
15_04_2026_15_10,22430.70,22441.80,22424.40,22434.40,0,
15_04_2026_15_15,22435.20,22445.30,22429.20,22443.20,0,
15_04_2026_15_20,22445.00,22449.60,22437.30,22440.20,0,
15_04_2026_15_25,22442.20,22442.20,22407.60,22437.30,0,
16_04_2026_09_15,22571.30,22593.00,22485.80,22518.10,0,
16_04_2026_09_20,22516.30,22522.10,22388.10,22388.10,0,
16_04_2026_09_25,22389.80,22392.80,22353.00,22384.70,0,
16_04_2026_09_30,22384.30,22407.20,22372.80,22403.70,0,
16_04_2026_09_35,22403.80,22422.20,22392.10,22400.40,0,
16_04_2026_09_40,22399.90,22408.70,22365.60,22365.60,0,
16_04_2026_09_45,22365.40,22390.90,22336.70,22387.90,0,
16_04_2026_09_50,22387.90,22425.90,22386.30,22424.20,0,
16_04_2026_09_55,22424.10,22429.80,22401.90,22401.90,0,
16_04_2026_10_00,22401.20,22443.50,22400.30,22442.30,0,
16_04_2026_10_05,22443.30,22449.10,22432.00,22432.80,0,
16_04_2026_10_10,22431.80,22447.30,22430.30,22443.60,0,
16_04_2026_10_15,22443.30,22461.20,22439.60,22441.30,0,
16_04_2026_10_20,22441.30,22448.30,22436.20,22443.70,0,
16_04_2026_10_25,22443.70,22452.30,22434.60,22446.70,0,
16_04_2026_10_30,22446.70,22468.40,22445.30,22466.80,0,
16_04_2026_10_35,22465.70,22477.40,22434.60,22437.20,0,
16_04_2026_10_40,22436.00,22463.30,22435.30,22453.90,0,
16_04_2026_10_45,22454.40,22466.80,22453.80,22460.30,0,
16_04_2026_10_50,22460.10,22471.50,22445.10,22445.10,0,
16_04_2026_10_55,22444.60,22449.70,22431.60,22440.60,0,
16_04_2026_11_00,22439.90,22452.20,22439.90,22448.30,0,
16_04_2026_11_05,22448.90,22466.10,22443.20,22461.10,0,
16_04_2026_11_10,22460.20,22467.30,22451.60,22454.40,0,
16_04_2026_11_15,22454.40,22456.80,22337.60,22393.10,0,
16_04_2026_11_20,22393.30,22404.70,22368.00,22403.80,0,
16_04_2026_11_25,22404.00,22436.20,22386.60,22429.80,0,
16_04_2026_11_30,22429.90,22431.30,22406.10,22427.20,0,
16_04_2026_11_35,22425.00,22444.20,22407.10,22409.20,0,
16_04_2026_11_40,22409.40,22409.40,22343.40,22352.30,0,
16_04_2026_11_45,22352.30,22361.00,22304.30,22353.60,0,
16_04_2026_11_50,22353.50,22363.20,22343.10,22359.90,0,
16_04_2026_11_55,22358.80,22360.90,22343.10,22350.50,0,
16_04_2026_12_00,22350.60,22350.60,22319.40,22324.90,0,
16_04_2026_12_05,22326.10,22333.80,22315.10,22330.20,0,
16_04_2026_12_10,22328.70,22351.90,22328.70,22346.70,0,
16_04_2026_12_15,22344.60,22350.80,22330.20,22349.60,0,
16_04_2026_12_20,22348.40,22351.30,22332.80,22340.90,0,
16_04_2026_12_25,22339.70,22350.20,22339.70,22343.10,0,
16_04_2026_12_30,22340.70,22346.30,22332.70,22337.30,0,
16_04_2026_12_35,22335.30,22361.80,22329.70,22361.80,0,
16_04_2026_12_40,22358.90,22363.60,22344.60,22344.60,0,
16_04_2026_12_45,22346.50,22365.60,22332.10,22358.90,0,
16_04_2026_12_50,22360.90,22369.40,22344.10,22348.70,0,
16_04_2026_12_55,22348.80,22357.10,22337.90,22355.60,0,
16_04_2026_13_00,22355.90,22361.90,22346.80,22361.90,0,
16_04_2026_13_05,22362.20,22364.30,22347.00,22349.70,0,
16_04_2026_13_10,22349.20,22363.40,22342.30,22358.40,0,
16_04_2026_13_15,22358.60,22379.80,22356.30,22379.80,0,
16_04_2026_13_20,22380.10,22381.70,22360.90,22362.90,0,
16_04_2026_13_25,22363.40,22373.90,22357.20,22373.10,0,
16_04_2026_13_30,22372.70,22396.80,22370.70,22394.60,0,
16_04_2026_13_35,22394.70,22394.70,22366.10,22377.10,0,
16_04_2026_13_40,22376.70,22388.60,22374.50,22388.20,0,
16_04_2026_13_45,22386.00,22395.20,22384.40,22391.80,0,
16_04_2026_13_50,22389.90,22408.90,22389.10,22400.80,0,
16_04_2026_13_55,22399.10,22412.30,22398.80,22409.80,0,
16_04_2026_14_00,22409.20,22415.40,22390.20,22390.90,0,
16_04_2026_14_05,22390.30,22408.10,22390.30,22406.20,0,
16_04_2026_14_10,22404.40,22415.10,22401.70,22404.70,0,
16_04_2026_14_15,22404.70,22424.90,22402.60,22420.80,0,
16_04_2026_14_20,22422.10,22430.40,22409.00,22419.00,0,
16_04_2026_14_25,22420.40,22430.10,22418.40,22427.80,0,
16_04_2026_14_30,22427.70,22449.70,22426.40,22447.90,0,
16_04_2026_14_35,22447.90,22461.00,22445.60,22458.40,0,
16_04_2026_14_40,22458.80,22477.20,22456.80,22462.90,0,
16_04_2026_14_45,22462.90,22477.70,22462.30,22474.70,0,
16_04_2026_14_50,22474.80,22496.50,22472.60,22495.10,0,
16_04_2026_14_55,22494.80,22494.80,22483.10,22486.30,0,
16_04_2026_15_00,22487.10,22499.50,22451.70,22464.80,0,
16_04_2026_15_05,22465.80,22470.60,22452.70,22469.60,0,
16_04_2026_15_10,22468.10,22477.50,22459.70,22461.20,0,
16_04_2026_15_15,22462.20,22471.90,22454.60,22469.20,0,
16_04_2026_15_20,22468.10,22473.80,22459.70,22463.90,0,
16_04_2026_15_25,22463.70,22475.70,22453.40,22475.60,0,
17_04_2026_09_15,22491.60,22492.60,22392.70,22467.30,0,
17_04_2026_09_20,22467.80,22507.20,22459.80,22461.70,0,
17_04_2026_09_25,22460.50,22474.00,22444.80,22472.30,0,
17_04_2026_09_30,22473.60,22483.70,22458.40,22464.60,0,
17_04_2026_09_35,22463.90,22465.10,22399.40,22422.20,0,
17_04_2026_09_40,22423.00,22434.40,22390.50,22393.20,0,
17_04_2026_09_45,22393.60,22446.70,22392.70,22445.80,0,
17_04_2026_09_50,22446.90,22463.60,22442.20,22456.40,0,
17_04_2026_09_55,22456.50,22484.60,22453.10,22480.40,0,
17_04_2026_10_00,22480.40,22489.80,22455.60,22483.80,0,
17_04_2026_10_05,22484.40,22523.40,22484.40,22517.30,0,
17_04_2026_10_10,22515.20,22528.40,22505.70,22526.20,0,
17_04_2026_10_15,22528.70,22536.60,22523.90,22528.80,0,
17_04_2026_10_20,22528.80,22535.80,22525.00,22527.90,0,
17_04_2026_10_25,22528.10,22538.80,22512.30,22513.40,0,
17_04_2026_10_30,22513.40,22515.60,22498.50,22503.20,0,
17_04_2026_10_35,22503.30,22524.40,22496.50,22496.60,0,
17_04_2026_10_40,22496.40,22496.90,22471.70,22482.70,0,
17_04_2026_10_45,22483.50,22491.90,22473.70,22485.50,0,
17_04_2026_10_50,22485.50,22488.60,22475.80,22483.80,0,
17_04_2026_10_55,22483.60,22490.00,22468.30,22468.50,0,
17_04_2026_11_00,22468.80,22477.20,22462.00,22474.80,0,
17_04_2026_11_05,22475.20,22489.60,22467.80,22482.20,0,
17_04_2026_11_10,22482.00,22493.40,22479.80,22487.50,0,
17_04_2026_11_15,22485.80,22490.80,22475.40,22478.50,0,
17_04_2026_11_20,22478.50,22482.80,22474.30,22479.20,0,
17_04_2026_11_25,22479.40,22496.40,22479.20,22495.90,0,
17_04_2026_11_30,22495.60,22500.90,22489.70,22499.70,0,
17_04_2026_11_35,22499.10,22502.60,22478.40,22483.30,0,
17_04_2026_11_40,22483.20,22488.80,22480.90,22486.50,0,
17_04_2026_11_45,22485.90,22487.40,22471.30,22475.90,0,
17_04_2026_11_50,22475.90,22481.80,22466.10,22481.10,0,
17_04_2026_11_55,22480.40,22493.50,22479.20,22485.10,0,
17_04_2026_12_00,22483.70,22485.50,22453.10,22454.00,0,
17_04_2026_12_05,22453.60,22470.90,22443.20,22470.90,0,
17_04_2026_12_10,22469.70,22472.20,22458.20,22462.10,0,
17_04_2026_12_15,22461.80,22475.40,22457.40,22467.30,0,
17_04_2026_12_20,22467.90,22486.80,22465.10,22485.70,0,
17_04_2026_12_25,22484.80,22491.50,22467.00,22469.80,0,
17_04_2026_12_30,22468.80,22477.70,22454.10,22455.80,0,
17_04_2026_12_35,22457.60,22462.80,22444.60,22452.90,0,
17_04_2026_12_40,22453.40,22467.60,22452.10,22460.20,0,
17_04_2026_12_45,22459.30,22476.70,22456.10,22470.20,0,
17_04_2026_12_50,22470.20,22473.20,22451.30,22457.20,0,
17_04_2026_12_55,22456.80,22461.20,22451.90,22453.90,0,
17_04_2026_13_00,22453.70,22464.00,22445.40,22446.90,0,
17_04_2026_13_05,22446.80,22457.10,22445.60,22448.30,0,
17_04_2026_13_10,22448.10,22452.80,22433.20,22437.20,0,
17_04_2026_13_15,22437.10,22438.10,22427.90,22432.60,0,
17_04_2026_13_20,22432.40,22460.50,22431.90,22450.60,0,
17_04_2026_13_25,22450.90,22456.80,22444.10,22454.80,0,
17_04_2026_13_30,22454.80,22473.70,22454.80,22464.60,0,
17_04_2026_13_35,22465.40,22468.70,22456.70,22462.10,0,
17_04_2026_13_40,22461.90,22474.80,22461.70,22466.20,0,
17_04_2026_13_45,22465.80,22478.70,22465.80,22473.50,0,
17_04_2026_13_50,22473.50,22475.90,22465.00,22467.60,0,
17_04_2026_13_55,22467.60,22474.30,22460.20,22461.20,0,
17_04_2026_14_00,22460.90,22470.50,22459.70,22464.10,0,
17_04_2026_14_05,22464.40,22475.90,22463.90,22471.30,0,
17_04_2026_14_10,22472.20,22476.00,22465.40,22466.40,0,
17_04_2026_14_15,22467.80,22475.80,22465.50,22469.30,0,
17_04_2026_14_20,22469.20,22486.70,22466.60,22471.80,0,
17_04_2026_14_25,22474.80,22476.80,22465.30,22470.70,0,
17_04_2026_14_30,22470.80,22475.30,22466.20,22474.30,0,
17_04_2026_14_35,22474.00,22476.80,22466.40,22473.60,0,
17_04_2026_14_40,22474.10,22487.60,22472.10,22486.80,0,
17_04_2026_14_45,22487.10,22503.90,22486.80,22492.90,0,
17_04_2026_14_50,22495.00,22502.20,22491.30,22497.60,0,
17_04_2026_14_55,22494.20,22498.90,22488.50,22489.80,0,
17_04_2026_15_00,22490.90,22505.50,22454.60,22470.20,0,
17_04_2026_15_05,22469.00,22493.20,22466.60,22483.60,0,
17_04_2026_15_10,22480.20,22516.70,22478.00,22515.30,0,
17_04_2026_15_15,22514.80,22517.40,22503.40,22512.80,0,
17_04_2026_15_20,22511.30,22519.50,22511.20,22517.30,0,
17_04_2026_15_25,22516.80,22517.90,22486.20,22494.30,0,
20_04_2026_09_15,22518.00,22545.10,22307.20,22453.30,0,
20_04_2026_09_20,22453.80,22533.70,22453.80,22529.60,0,
20_04_2026_09_25,22529.70,22560.30,22520.90,22556.10,0,
20_04_2026_09_30,22555.60,22558.70,22519.60,22551.20,0,
20_04_2026_09_35,22551.60,22560.90,22524.70,22526.30,0,
20_04_2026_09_40,22526.30,22538.40,22482.10,22482.50,0,
20_04_2026_09_45,22482.80,22482.80,22447.60,22462.80,0,
20_04_2026_09_50,22462.50,22493.80,22447.20,22493.30,0,
20_04_2026_09_55,22493.10,22506.80,22478.20,22497.30,0,
20_04_2026_10_00,22499.00,22516.50,22490.40,22495.40,0,
20_04_2026_10_05,22496.10,22520.70,22493.90,22518.00,0,
20_04_2026_10_10,22517.30,22522.40,22497.10,22520.20,0,
20_04_2026_10_15,22519.40,22531.20,22502.70,22504.80,0,
20_04_2026_10_20,22504.80,22517.60,22487.70,22487.70,0,
20_04_2026_10_25,22483.70,22498.20,22474.20,22493.90,0,
20_04_2026_10_30,22493.90,22514.20,22493.90,22506.20,0,
20_04_2026_10_35,22506.20,22509.40,22495.00,22507.20,0,
20_04_2026_10_40,22507.30,22535.80,22504.90,22532.80,0,
20_04_2026_10_45,22532.20,22538.60,22517.10,22538.30,0,
20_04_2026_10_50,22537.90,22539.20,22524.10,22530.30,0,
20_04_2026_10_55,22530.80,22556.80,22523.40,22555.40,0,
20_04_2026_11_00,22555.20,22563.50,22540.70,22562.30,0,
20_04_2026_11_05,22561.80,22561.80,22527.30,22530.60,0,
20_04_2026_11_10,22529.20,22547.20,22513.80,22513.80,0,
20_04_2026_11_15,22513.40,22525.80,22511.70,22513.90,0,
20_04_2026_11_20,22513.80,22530.90,22510.60,22528.40,0,
20_04_2026_11_25,22527.30,22541.90,22521.70,22540.20,0,
20_04_2026_11_30,22539.90,22540.60,22524.20,22526.20,0,
20_04_2026_11_35,22525.90,22530.40,22520.20,22528.40,0,
20_04_2026_11_40,22528.30,22533.20,22522.80,22525.90,0,
20_04_2026_11_45,22525.90,22529.90,22509.10,22515.10,0,
20_04_2026_11_50,22514.80,22529.90,22507.20,22526.50,0,
20_04_2026_11_55,22526.50,22531.20,22516.10,22516.80,0,
20_04_2026_12_00,22516.80,22520.40,22506.90,22510.20,0,
20_04_2026_12_05,22509.60,22511.20,22495.30,22500.20,0,
20_04_2026_12_10,22500.20,22503.30,22485.40,22485.90,0,
20_04_2026_12_15,22485.90,22512.20,22485.80,22511.80,0,
20_04_2026_12_20,22509.80,22523.80,22507.70,22509.80,0,
20_04_2026_12_25,22508.10,22526.00,22507.30,22526.00,0,
20_04_2026_12_30,22525.00,22531.30,22520.20,22527.10,0,
20_04_2026_12_35,22527.20,22530.10,22500.20,22505.80,0,
20_04_2026_12_40,22506.30,22525.00,22505.70,22523.90,0,
20_04_2026_12_45,22522.80,22530.10,22511.40,22515.50,0,
20_04_2026_12_50,22513.80,22514.60,22492.30,22499.30,0,
20_04_2026_12_55,22499.80,22503.70,22496.60,22500.80,0,
20_04_2026_13_00,22500.40,22501.60,22461.50,22490.40,0,
20_04_2026_13_05,22491.40,22504.80,22488.80,22493.10,0,
20_04_2026_13_10,22492.80,22493.20,22475.60,22477.00,0,
20_04_2026_13_15,22477.00,22499.50,22475.90,22497.20,0,
20_04_2026_13_20,22496.70,22497.50,22473.70,22481.70,0,
20_04_2026_13_25,22480.40,22482.70,22461.60,22479.80,0,
20_04_2026_13_30,22479.80,22485.70,22477.60,22481.60,0,
20_04_2026_13_35,22481.60,22483.30,22467.90,22477.40,0,
20_04_2026_13_40,22477.20,22478.60,22473.80,22474.80,0,
20_04_2026_13_45,22474.10,22478.70,22468.20,22470.20,0,
20_04_2026_13_50,22470.20,22484.30,22469.10,22481.90,0,
20_04_2026_13_55,22481.30,22485.20,22465.00,22471.10,0,
20_04_2026_14_00,22468.70,22470.70,22449.00,22461.70,0,
20_04_2026_14_05,22462.00,22464.10,22443.90,22447.40,0,
20_04_2026_14_10,22447.40,22465.30,22446.40,22463.60,0,
20_04_2026_14_15,22463.70,22475.80,22461.90,22472.80,0,
20_04_2026_14_20,22472.70,22479.20,22465.20,22478.10,0,
20_04_2026_14_25,22478.10,22486.70,22475.60,22484.60,0,
20_04_2026_14_30,22484.60,22485.30,22474.40,22476.60,0,
20_04_2026_14_35,22476.70,22484.10,22474.50,22475.40,0,
20_04_2026_14_40,22474.70,22477.10,22461.10,22465.90,0,
20_04_2026_14_45,22466.20,22483.60,22463.30,22480.80,0,
20_04_2026_14_50,22481.40,22491.60,22480.10,22486.00,0,
20_04_2026_14_55,22486.90,22494.80,22476.70,22491.80,0,
20_04_2026_15_00,22492.20,22501.70,22478.80,22481.90,0,
20_04_2026_15_05,22482.10,22486.30,22473.80,22482.60,0,
20_04_2026_15_10,22482.90,22486.60,22471.80,22473.20,0,
20_04_2026_15_15,22472.80,22473.90,22428.80,22431.80,0,
20_04_2026_15_20,22430.80,22444.70,22424.80,22426.30,0,
20_04_2026_15_25,22427.50,22437.20,22405.20,22411.60,0,
21_04_2026_09_15,22458.20,22540.70,22439.70,22528.90,0,
21_04_2026_09_20,22531.10,22534.80,22485.40,22492.10,0,
21_04_2026_09_25,22491.90,22501.80,22473.30,22489.30,0,
21_04_2026_09_30,22489.60,22515.90,22485.20,22495.30,0,
21_04_2026_09_35,22495.20,22506.60,22479.90,22484.70,0,
21_04_2026_09_40,22484.90,22485.80,22468.20,22482.40,0,
21_04_2026_09_45,22482.40,22510.30,22469.90,22472.90,0,
21_04_2026_09_50,22472.10,22498.00,22471.30,22491.90,0,
21_04_2026_09_55,22492.70,22499.30,22485.20,22486.00,0,
21_04_2026_10_00,22486.00,22501.10,22485.20,22496.10,0,
21_04_2026_10_05,22495.70,22500.30,22464.70,22489.60,0,
21_04_2026_10_10,22489.80,22520.80,22483.20,22513.40,0,
21_04_2026_10_15,22513.10,22517.50,22501.30,22503.10,0,
21_04_2026_10_20,22503.30,22503.60,22492.20,22496.60,0,
21_04_2026_10_25,22496.30,22499.20,22487.20,22499.00,0,
21_04_2026_10_30,22497.90,22512.20,22484.80,22511.20,0,
21_04_2026_10_35,22511.90,22515.20,22488.20,22491.10,0,
21_04_2026_10_40,22491.10,22491.80,22473.10,22483.70,0,
21_04_2026_10_45,22483.90,22504.70,22483.90,22498.30,0,
21_04_2026_10_50,22497.80,22507.70,22494.70,22498.90,0,
21_04_2026_10_55,22498.80,22506.50,22481.20,22481.40,0,
21_04_2026_11_00,22481.40,22481.60,22463.60,22475.20,0,
21_04_2026_11_05,22473.20,22478.10,22470.90,22472.40,0,
21_04_2026_11_10,22471.50,22477.60,22467.20,22474.50,0,
21_04_2026_11_15,22474.20,22481.30,22474.20,22478.80,0,
21_04_2026_11_20,22478.10,22478.80,22455.40,22464.80,0,
21_04_2026_11_25,22464.70,22467.90,22457.10,22467.20,0,
21_04_2026_11_30,22467.20,22471.20,22453.50,22454.20,0,
21_04_2026_11_35,22454.20,22456.80,22440.50,22440.80,0,
21_04_2026_11_40,22440.20,22450.30,22433.20,22445.30,0,
21_04_2026_11_45,22445.30,22455.90,22441.60,22452.80,0,
21_04_2026_11_50,22452.80,22455.10,22442.40,22451.00,0,
21_04_2026_11_55,22451.10,22454.80,22445.40,22449.70,0,
21_04_2026_12_00,22449.70,22461.20,22447.20,22459.20,0,
21_04_2026_12_05,22458.80,22460.80,22452.40,22454.90,0,
21_04_2026_12_10,22455.00,22459.50,22447.80,22449.30,0,
21_04_2026_12_15,22449.30,22452.10,22443.90,22450.50,0,
21_04_2026_12_20,22450.30,22455.70,22444.70,22449.30,0,
21_04_2026_12_25,22449.80,22464.90,22446.20,22464.40,0,
21_04_2026_12_30,22464.40,22475.70,22458.80,22463.90,0,
21_04_2026_12_35,22463.50,22464.20,22450.20,22456.10,0,
21_04_2026_12_40,22455.80,22469.80,22455.80,22468.40,0,
21_04_2026_12_45,22468.50,22477.40,22465.40,22470.60,0,
21_04_2026_12_50,22470.50,22473.90,22459.00,22462.80,0,
21_04_2026_12_55,22462.10,22465.80,22458.70,22463.10,0,
21_04_2026_13_00,22462.70,22476.00,22462.30,22472.40,0,
21_04_2026_13_05,22472.30,22483.60,22470.30,22478.90,0,
21_04_2026_13_10,22478.40,22489.10,22475.50,22484.80,0,
21_04_2026_13_15,22484.80,22489.90,22482.60,22485.70,0,
21_04_2026_13_20,22485.20,22487.40,22464.30,22473.80,0,
21_04_2026_13_25,22473.80,22482.40,22467.70,22471.60,0,
21_04_2026_13_30,22471.40,22475.70,22463.80,22473.80,0,
21_04_2026_13_35,22473.80,22480.30,22467.20,22472.00,0,
21_04_2026_13_40,22471.70,22483.20,22456.20,22462.80,0,
21_04_2026_13_45,22462.80,22471.00,22458.60,22468.60,0,
21_04_2026_13_50,22469.00,22479.60,22467.80,22474.60,0,
21_04_2026_13_55,22474.50,22489.90,22473.30,22489.60,0,
21_04_2026_14_00,22489.20,22490.20,22469.90,22473.40,0,
21_04_2026_14_05,22474.20,22474.80,22457.70,22458.50,0,
21_04_2026_14_10,22460.10,22470.80,22455.20,22465.90,0,
21_04_2026_14_15,22466.60,22473.70,22462.60,22463.50,0,
21_04_2026_14_20,22464.30,22489.80,22462.90,22484.80,0,
21_04_2026_14_25,22484.80,22487.10,22476.20,22478.90,0,
21_04_2026_14_30,22478.30,22480.80,22463.30,22464.30,0,
21_04_2026_14_35,22464.10,22466.90,22453.30,22454.40,0,
21_04_2026_14_40,22454.60,22454.80,22442.90,22450.20,0,
21_04_2026_14_45,22450.20,22459.80,22450.20,22457.20,0,
21_04_2026_14_50,22457.30,22463.40,22450.60,22457.80,0,
21_04_2026_14_55,22458.60,22467.70,22439.90,22441.20,0,
21_04_2026_15_00,22440.60,22456.10,22423.70,22429.40,0,
21_04_2026_15_05,22428.80,22447.20,22427.90,22445.90,0,
21_04_2026_15_10,22446.80,22446.80,22428.90,22437.20,0,
21_04_2026_15_15,22436.80,22452.30,22429.20,22451.70,0,
21_04_2026_15_20,22449.90,22454.60,22446.20,22447.20,0,
21_04_2026_15_25,22446.20,22448.90,22425.50,22445.70,0,
22_04_2026_09_15,22400.40,22457.50,22332.20,22355.50,0,
22_04_2026_09_20,22353.20,22360.40,22315.00,22329.90,0,
22_04_2026_09_25,22330.10,22378.10,22314.30,22365.20,0,
22_04_2026_09_30,22364.80,22379.40,22354.20,22365.70,0,
22_04_2026_09_35,22366.20,22403.20,22346.20,22403.20,0,
22_04_2026_09_40,22401.80,22439.70,22387.30,22416.20,0,
22_04_2026_09_45,22417.70,22428.20,22402.80,22415.80,0,
22_04_2026_09_50,22416.20,22434.90,22408.10,22420.90,0,
22_04_2026_09_55,22420.60,22428.90,22405.70,22406.20,0,
22_04_2026_10_00,22406.80,22431.30,22395.60,22423.80,0,
22_04_2026_10_05,22424.40,22424.40,22401.20,22409.80,0,
22_04_2026_10_10,22409.80,22416.00,22400.20,22406.40,0,
22_04_2026_10_15,22406.40,22413.30,22391.80,22394.20,0,
22_04_2026_10_20,22391.80,22396.20,22377.40,22395.10,0,
22_04_2026_10_25,22394.40,22410.10,22390.80,22404.70,0,
22_04_2026_10_30,22404.90,22427.20,22403.40,22424.60,0,
22_04_2026_10_35,22425.60,22428.10,22397.30,22404.50,0,
22_04_2026_10_40,22404.70,22410.70,22399.00,22409.30,0,
22_04_2026_10_45,22408.70,22415.20,22400.30,22403.20,0,
22_04_2026_10_50,22403.20,22415.40,22402.10,22408.20,0,
22_04_2026_10_55,22408.20,22417.90,22404.80,22415.60,0,
22_04_2026_11_00,22415.20,22449.70,22414.50,22448.10,0,
22_04_2026_11_05,22448.20,22460.40,22444.30,22449.60,0,
22_04_2026_11_10,22448.80,22449.90,22433.10,22449.40,0,
22_04_2026_11_15,22449.10,22470.70,22445.80,22464.80,0,
22_04_2026_11_20,22464.80,22464.80,22446.60,22449.90,0,
22_04_2026_11_25,22449.90,22450.90,22434.80,22436.10,0,
22_04_2026_11_30,22435.20,22443.10,22431.30,22432.00,0,
22_04_2026_11_35,22430.80,22432.90,22417.90,22419.30,0,
22_04_2026_11_40,22419.50,22432.00,22415.60,22429.40,0,
22_04_2026_11_45,22429.50,22430.20,22406.10,22424.70,0,
22_04_2026_11_50,22424.80,22441.40,22420.70,22429.10,0,
22_04_2026_11_55,22428.90,22432.50,22421.20,22430.80,0,
22_04_2026_12_00,22429.40,22443.80,22429.40,22435.30,0,
22_04_2026_12_05,22435.30,22436.50,22419.90,22430.90,0,
22_04_2026_12_10,22431.80,22434.50,22424.80,22428.80,0,
22_04_2026_12_15,22429.10,22431.80,22419.80,22428.80,0,
22_04_2026_12_20,22429.00,22435.80,22425.20,22430.10,0,
22_04_2026_12_25,22429.90,22430.80,22416.30,22418.20,0,
22_04_2026_12_30,22418.20,22427.60,22417.20,22423.30,0,
22_04_2026_12_35,22423.40,22429.80,22420.60,22425.80,0,
22_04_2026_12_40,22425.80,22443.20,22423.90,22443.20,0,
22_04_2026_12_45,22442.10,22454.30,22429.80,22430.70,0,
22_04_2026_12_50,22429.80,22450.90,22429.20,22448.30,0,
22_04_2026_12_55,22448.20,22456.80,22445.70,22454.50,0,
22_04_2026_13_00,22454.80,22459.40,22441.70,22445.90,0,
22_04_2026_13_05,22445.90,22456.20,22445.90,22450.60,0,
22_04_2026_13_10,22450.70,22464.70,22446.60,22464.60,0,
22_04_2026_13_15,22464.20,22468.30,22456.30,22457.80,0,
22_04_2026_13_20,22457.80,22458.80,22430.70,22435.20,0,
22_04_2026_13_25,22435.50,22457.40,22431.60,22456.10,0,
22_04_2026_13_30,22456.60,22458.00,22445.10,22448.00,0,
22_04_2026_13_35,22448.20,22452.10,22443.50,22445.90,0,
22_04_2026_13_40,22445.80,22459.70,22444.10,22452.30,0,
22_04_2026_13_45,22452.80,22455.90,22444.80,22453.30,0,
22_04_2026_13_50,22453.30,22459.20,22444.90,22446.10,0,
22_04_2026_13_55,22448.80,22459.70,22443.70,22459.70,0,
22_04_2026_14_00,22459.30,22463.70,22438.80,22440.60,0,
22_04_2026_14_05,22440.30,22447.90,22438.40,22447.80,0,
22_04_2026_14_10,22447.60,22449.20,22438.70,22447.20,0,
22_04_2026_14_15,22446.90,22450.80,22426.90,22441.20,0,
22_04_2026_14_20,22440.90,22448.60,22434.70,22446.20,0,
22_04_2026_14_25,22445.40,22466.20,22445.40,22458.70,0,
22_04_2026_14_30,22457.80,22463.20,22444.20,22445.70,0,
22_04_2026_14_35,22444.30,22451.00,22441.20,22445.20,0,
22_04_2026_14_40,22445.80,22455.60,22442.60,22451.40,0,
22_04_2026_14_45,22451.10,22489.30,22449.80,22484.90,0,
22_04_2026_14_50,22485.10,22490.80,22477.80,22486.50,0,
22_04_2026_14_55,22486.20,22510.10,22483.40,22501.60,0,
22_04_2026_15_00,22499.20,22499.20,22451.00,22451.70,0,
22_04_2026_15_05,22452.90,22453.30,22442.40,22443.80,0,
22_04_2026_15_10,22444.60,22453.30,22443.30,22452.30,0,
22_04_2026_15_15,22451.70,22475.80,22447.80,22449.70,0,
22_04_2026_15_20,22451.30,22469.10,22437.30,22439.20,0,
22_04_2026_15_25,22438.70,22445.40,22421.80,22442.60,0,
23_04_2026_09_15,22449.80,22620.60,22365.30,22616.00,0,
23_04_2026_09_20,22619.70,22621.50,22546.20,22597.60,0,
23_04_2026_09_25,22598.10,22628.70,22584.00,22623.90,0,
23_04_2026_09_30,22626.80,22711.80,22623.30,22709.40,0,
23_04_2026_09_35,22709.40,22787.40,22709.30,22787.10,0,
23_04_2026_09_40,22788.40,22933.70,22781.20,22926.10,0,
23_04_2026_09_45,22931.10,23007.80,22930.80,22992.80,0,
23_04_2026_09_50,22993.20,23029.50,22977.10,22981.40,0,
23_04_2026_09_55,22982.40,22982.40,22922.80,22927.40,0,
23_04_2026_10_00,22929.20,22978.50,22892.10,22977.20,0,
23_04_2026_10_05,22977.60,23022.50,22975.70,23021.30,0,
23_04_2026_10_10,23023.20,23091.10,23021.80,23089.10,0,
23_04_2026_10_15,23091.20,23164.10,23091.20,23127.30,0,
23_04_2026_10_20,23129.20,23134.80,22956.80,22998.80,0,
23_04_2026_10_25,22999.30,23026.90,22963.20,23004.40,0,
23_04_2026_10_30,23004.10,23012.30,22970.70,22978.90,0,
23_04_2026_10_35,22981.80,22990.20,22942.30,22953.80,0,
23_04_2026_10_40,22953.60,22968.70,22915.90,22921.70,0,
23_04_2026_10_45,22921.60,22944.60,22911.20,22932.00,0,
23_04_2026_10_50,22931.20,22964.80,22924.70,22952.00,0,
23_04_2026_10_55,22953.60,22978.10,22934.80,22968.80,0,
23_04_2026_11_00,22970.00,22979.20,22960.70,22974.10,0,
23_04_2026_11_05,22974.70,22978.60,22945.20,22947.40,0,
23_04_2026_11_10,22948.80,22958.00,22936.10,22938.40,0,
23_04_2026_11_15,22939.90,22956.60,22934.80,22937.30,0,
23_04_2026_11_20,22939.80,22955.80,22933.90,22945.30,0,
23_04_2026_11_25,22946.40,22956.60,22942.50,22952.40,0,
23_04_2026_11_30,22952.10,22954.70,22929.60,22940.80,0,
23_04_2026_11_35,22941.00,22946.30,22909.30,22920.50,0,
23_04_2026_11_40,22920.80,22935.40,22909.90,22911.30,0,
23_04_2026_11_45,22912.60,22924.20,22898.80,22915.90,0,
23_04_2026_11_50,22918.10,22939.80,22903.80,22928.40,0,
23_04_2026_11_55,22930.10,22935.70,22912.80,22913.70,0,
23_04_2026_12_00,22914.00,22923.10,22898.60,22902.10,0,
23_04_2026_12_05,22901.80,22904.20,22889.40,22895.60,0,
23_04_2026_12_10,22895.80,22915.50,22890.20,22913.30,0,
23_04_2026_12_15,22914.10,22939.90,22912.20,22936.20,0,
23_04_2026_12_20,22935.90,22947.10,22922.80,22922.80,0,
23_04_2026_12_25,22922.80,22924.80,22893.60,22899.10,0,
23_04_2026_12_30,22900.30,22938.50,22898.70,22930.60,0,
23_04_2026_12_35,22932.70,22950.90,22926.80,22947.90,0,
23_04_2026_12_40,22949.50,22962.40,22938.40,22958.90,0,
23_04_2026_12_45,22959.70,22964.40,22945.90,22958.70,0,
23_04_2026_12_50,22959.20,22959.30,22938.70,22939.80,0,
23_04_2026_12_55,22938.60,22950.40,22936.70,22945.00,0,
23_04_2026_13_00,22946.60,22968.30,22940.40,22966.60,0,
23_04_2026_13_05,22967.70,22994.00,22963.10,22992.10,0,
23_04_2026_13_10,22995.10,23018.20,22990.00,23016.80,0,
23_04_2026_13_15,23017.10,23080.20,23017.10,23075.80,0,
23_04_2026_13_20,23076.60,23106.70,23072.90,23092.10,0,
23_04_2026_13_25,23092.80,23097.40,23070.30,23075.90,0,
23_04_2026_13_30,23076.90,23100.80,23076.90,23091.90,0,
23_04_2026_13_35,23091.00,23091.30,23035.80,23035.80,0,
23_04_2026_13_40,23036.20,23040.80,23019.20,23034.20,0,
23_04_2026_13_45,23035.70,23067.20,23030.20,23051.70,0,
23_04_2026_13_50,23053.10,23079.60,23053.10,23071.10,0,
23_04_2026_13_55,23071.30,23109.30,23067.20,23084.30,0,
23_04_2026_14_00,23085.90,23121.20,23084.60,23119.60,0,
23_04_2026_14_05,23119.20,23121.20,23098.40,23100.80,0,
23_04_2026_14_10,23101.80,23102.40,23070.30,23073.40,0,
23_04_2026_14_15,23072.80,23095.70,23071.40,23077.20,0,
23_04_2026_14_20,23078.30,23087.10,23069.90,23081.20,0,
23_04_2026_14_25,23080.10,23080.10,23045.30,23047.00,0,
23_04_2026_14_30,23048.30,23048.30,22998.60,23002.70,0,
23_04_2026_14_35,23002.60,23004.40,22973.70,22975.90,0,
23_04_2026_14_40,22976.10,22985.20,22953.00,22959.80,0,
23_04_2026_14_45,22959.20,22977.30,22943.40,22945.70,0,
23_04_2026_14_50,22944.40,22975.30,22944.40,22967.70,0,
23_04_2026_14_55,22967.70,22977.60,22941.80,22954.80,0,
23_04_2026_15_00,22954.20,23042.40,22954.20,22995.00,0,
23_04_2026_15_05,22994.00,23008.40,22980.80,22995.80,0,
23_04_2026_15_10,22994.30,22997.20,22966.30,22967.20,0,
23_04_2026_15_15,22967.40,22989.30,22955.10,22988.10,0,
23_04_2026_15_20,22990.70,23003.80,22970.80,22983.20,0,
23_04_2026_15_25,22985.90,23000.70,22964.80,22988.70,0,
24_04_2026_09_15,22917.70,22935.30,22739.50,22823.70,0,
24_04_2026_09_20,22822.40,22852.20,22698.20,22846.30,0,
24_04_2026_09_25,22844.60,22930.20,22835.10,22910.30,0,
24_04_2026_09_30,22909.80,22946.90,22853.70,22866.20,0,
24_04_2026_09_35,22866.30,22872.40,22820.20,22820.90,0,
24_04_2026_09_40,22822.00,22847.80,22813.90,22836.20,0,
24_04_2026_09_45,22836.70,22849.10,22806.30,22828.00,0,
24_04_2026_09_50,22828.60,22834.80,22747.90,22747.90,0,
24_04_2026_09_55,22748.20,22775.40,22736.60,22754.80,0,
24_04_2026_10_00,22756.80,22786.10,22755.70,22784.20,0,
24_04_2026_10_05,22784.20,22798.00,22748.90,22754.90,0,
24_04_2026_10_10,22755.10,22763.70,22740.30,22750.70,0,
24_04_2026_10_15,22749.90,22749.90,22714.20,22722.60,0,
24_04_2026_10_20,22722.90,22726.90,22687.90,22688.40,0,
24_04_2026_10_25,22688.20,22705.70,22677.20,22703.70,0,
24_04_2026_10_30,22702.70,22734.90,22682.10,22682.40,0,
24_04_2026_10_35,22683.10,22686.80,22652.50,22659.80,0,
24_04_2026_10_40,22659.20,22675.20,22656.90,22667.60,0,
24_04_2026_10_45,22665.40,22672.80,22641.90,22646.00,0,
24_04_2026_10_50,22645.70,22670.70,22639.90,22664.90,0,
24_04_2026_10_55,22665.10,22696.30,22660.20,22675.50,0,
24_04_2026_11_00,22674.80,22678.40,22655.50,22657.80,0,
24_04_2026_11_05,22657.10,22681.60,22655.80,22665.70,0,
24_04_2026_11_10,22665.00,22698.00,22663.60,22691.20,0,
24_04_2026_11_15,22690.20,22695.80,22672.60,22687.10,0,
24_04_2026_11_20,22685.20,22693.90,22673.80,22677.00,0,
24_04_2026_11_25,22677.00,22678.80,22651.70,22661.40,0,
24_04_2026_11_30,22661.60,22665.30,22642.40,22659.60,0,
24_04_2026_11_35,22658.60,22659.30,22626.70,22642.10,0,
24_04_2026_11_40,22643.80,22644.40,22631.10,22633.80,0,
24_04_2026_11_45,22633.10,22637.30,22623.70,22623.80,0,
24_04_2026_11_50,22624.30,22629.80,22618.20,22620.90,0,
24_04_2026_11_55,22621.70,22638.80,22621.70,22627.20,0,
24_04_2026_12_00,22627.80,22627.80,22595.90,22599.10,0,
24_04_2026_12_05,22598.20,22614.30,22594.20,22609.20,0,
24_04_2026_12_10,22609.40,22633.10,22606.70,22629.90,0,
24_04_2026_12_15,22630.00,22643.00,22625.90,22640.30,0,
24_04_2026_12_20,22640.40,22642.90,22613.60,22613.90,0,
24_04_2026_12_25,22613.90,22618.00,22598.80,22614.30,0,
24_04_2026_12_30,22614.70,22629.90,22614.40,22620.20,0,
24_04_2026_12_35,22619.60,22655.80,22619.20,22651.10,0,
24_04_2026_12_40,22649.10,22693.20,22649.10,22685.80,0,
24_04_2026_12_45,22684.80,22736.20,22682.20,22723.00,0,
24_04_2026_12_50,22722.80,22761.40,22710.20,22725.30,0,
24_04_2026_12_55,22725.70,22742.30,22698.90,22711.70,0,
24_04_2026_13_00,22711.60,22720.70,22694.80,22711.20,0,
24_04_2026_13_05,22709.30,22729.70,22707.60,22718.30,0,
24_04_2026_13_10,22717.10,22726.60,22678.10,22683.80,0,
24_04_2026_13_15,22683.40,22689.40,22677.40,22688.30,0,
24_04_2026_13_20,22690.10,22698.60,22662.60,22672.70,0,
24_04_2026_13_25,22672.20,22684.90,22669.90,22684.20,0,
24_04_2026_13_30,22684.20,22685.20,22652.10,22655.60,0,
24_04_2026_13_35,22654.90,22664.60,22650.20,22662.20,0,
24_04_2026_13_40,22661.30,22679.20,22648.20,22648.20,0,
24_04_2026_13_45,22647.60,22661.70,22647.30,22654.60,0,
24_04_2026_13_50,22655.60,22671.60,22647.60,22661.70,0,
24_04_2026_13_55,22662.20,22664.00,22638.80,22659.10,0,
24_04_2026_14_00,22658.70,22662.20,22644.10,22645.80,0,
24_04_2026_14_05,22645.80,22656.20,22633.60,22647.70,0,
24_04_2026_14_10,22647.70,22676.40,22643.60,22668.50,0,
24_04_2026_14_15,22668.40,22688.90,22663.00,22683.30,0,
24_04_2026_14_20,22682.80,22702.60,22671.30,22671.70,0,
24_04_2026_14_25,22670.60,22679.70,22662.20,22672.40,0,
24_04_2026_14_30,22670.40,22691.10,22662.10,22672.10,0,
24_04_2026_14_35,22672.60,22686.50,22653.30,22667.80,0,
24_04_2026_14_40,22666.10,22670.30,22638.50,22655.40,0,
24_04_2026_14_45,22654.10,22656.50,22628.40,22634.40,0,
24_04_2026_14_50,22633.20,22649.20,22612.40,22617.60,0,
24_04_2026_14_55,22617.90,22632.80,22607.70,22622.90,0,
24_04_2026_15_00,22620.00,22626.60,22562.70,22568.40,0,
24_04_2026_15_05,22568.10,22600.10,22562.50,22596.80,0,
24_04_2026_15_10,22595.70,22597.50,22565.30,22578.10,0,
24_04_2026_15_15,22578.10,22594.40,22563.60,22577.40,0,
24_04_2026_15_20,22576.20,22591.20,22571.80,22574.60,0,
24_04_2026_15_25,22574.20,22574.70,22537.20,22545.80,0,
27_04_2026_09_15,22698.60,23004.80,22637.20,22950.10,0,
27_04_2026_09_20,22949.20,23058.30,22949.20,22962.60,0,
27_04_2026_09_25,22955.40,22982.20,22812.40,22829.30,0,
27_04_2026_09_30,22830.70,22894.70,22830.70,22884.30,0,
27_04_2026_09_35,22882.20,23001.40,22881.10,22966.70,0,
27_04_2026_09_40,22966.10,23135.30,22964.40,23131.50,0,
27_04_2026_09_45,23130.90,23223.60,23130.90,23191.90,0,
27_04_2026_09_50,23184.10,23214.90,23154.40,23210.20,0,
27_04_2026_09_55,23210.60,23227.10,23192.20,23199.90,0,
27_04_2026_10_00,23199.60,23251.60,23187.90,23214.10,0,
27_04_2026_10_05,23213.30,23233.60,23188.80,23189.70,0,
27_04_2026_10_10,23189.70,23200.00,23149.80,23152.70,0,
27_04_2026_10_15,23152.90,23202.60,23151.80,23190.40,0,
27_04_2026_10_20,23188.80,23215.20,23174.20,23197.40,0,
27_04_2026_10_25,23197.90,23247.60,23197.80,23242.10,0,
27_04_2026_10_30,23243.50,23258.30,23180.40,23186.40,0,
27_04_2026_10_35,23188.60,23188.60,23149.30,23160.60,0,
27_04_2026_10_40,23160.90,23184.70,23140.10,23159.00,0,
27_04_2026_10_45,23156.40,23165.10,23136.70,23159.70,0,
27_04_2026_10_50,23158.20,23186.60,23140.20,23167.00,0,
27_04_2026_10_55,23163.20,23165.50,23127.90,23137.40,0,
27_04_2026_11_00,23135.90,23158.70,23132.10,23143.70,0,
27_04_2026_11_05,23143.70,23144.10,23094.80,23101.80,0,
27_04_2026_11_10,23101.90,23119.80,23077.40,23081.60,0,
27_04_2026_11_15,23078.40,23104.60,23078.10,23087.40,0,
27_04_2026_11_20,23086.10,23100.20,23078.40,23096.00,0,
27_04_2026_11_25,23095.80,23109.80,23091.30,23099.10,0,
27_04_2026_11_30,23099.10,23115.70,23086.90,23091.70,0,
27_04_2026_11_35,23091.20,23115.40,23089.80,23115.20,0,
27_04_2026_11_40,23115.10,23127.40,23111.20,23121.40,0,
27_04_2026_11_45,23120.20,23144.10,23120.10,23142.90,0,
27_04_2026_11_50,23141.10,23142.90,23131.50,23135.50,0,
27_04_2026_11_55,23136.40,23171.70,23124.20,23139.80,0,
27_04_2026_12_00,23138.10,23156.60,23138.10,23155.30,0,
27_04_2026_12_05,23154.80,23162.40,23144.70,23145.10,0,
27_04_2026_12_10,23142.20,23161.20,23135.60,23159.30,0,
27_04_2026_12_15,23158.40,23184.80,23156.90,23176.20,0,
27_04_2026_12_20,23176.20,23181.90,23165.10,23176.60,0,
27_04_2026_12_25,23177.20,23180.10,23165.10,23165.10,0,
27_04_2026_12_30,23164.20,23169.80,23153.80,23167.10,0,
27_04_2026_12_35,23165.90,23167.80,23143.70,23147.30,0,
27_04_2026_12_40,23146.60,23150.40,23137.40,23142.80,0,
27_04_2026_12_45,23141.80,23147.60,23131.80,23136.70,0,
27_04_2026_12_50,23136.10,23151.30,23123.40,23144.80,0,
27_04_2026_12_55,23144.20,23151.80,23144.10,23148.20,0,
27_04_2026_13_00,23147.40,23161.60,23147.30,23149.60,0,
27_04_2026_13_05,23151.00,23170.00,23137.20,23168.50,0,
27_04_2026_13_10,23168.50,23180.20,23167.40,23174.80,0,
27_04_2026_13_15,23175.00,23186.90,23174.70,23182.20,0,
27_04_2026_13_20,23181.20,23182.60,23173.40,23180.10,0,
27_04_2026_13_25,23179.20,23225.10,23170.10,23206.70,0,
27_04_2026_13_30,23206.20,23215.20,23182.60,23189.70,0,
27_04_2026_13_35,23190.30,23210.70,23187.90,23203.20,0,
27_04_2026_13_40,23202.20,23209.00,23196.90,23199.90,0,
27_04_2026_13_45,23199.40,23206.60,23172.40,23177.70,0,
27_04_2026_13_50,23177.60,23179.30,23168.60,23177.10,0,
27_04_2026_13_55,23177.20,23201.40,23176.80,23199.90,0,
27_04_2026_14_00,23199.40,23205.20,23187.20,23198.50,0,
27_04_2026_14_05,23197.90,23201.10,23180.90,23184.20,0,
27_04_2026_14_10,23184.10,23201.80,23180.40,23194.30,0,
27_04_2026_14_15,23195.40,23207.50,23192.70,23194.80,0,
27_04_2026_14_20,23194.30,23205.10,23191.70,23195.90,0,
27_04_2026_14_25,23195.60,23215.60,23188.60,23210.10,0,
27_04_2026_14_30,23209.20,23210.10,23178.10,23197.90,0,
27_04_2026_14_35,23195.90,23199.40,23186.20,23189.10,0,
27_04_2026_14_40,23187.40,23196.90,23183.50,23187.90,0,
27_04_2026_14_45,23187.60,23189.40,23176.20,23187.60,0,
27_04_2026_14_50,23187.60,23193.60,23179.20,23190.20,0,
27_04_2026_14_55,23190.00,23205.30,23185.20,23203.20,0,
27_04_2026_15_00,23201.10,23201.10,23172.10,23173.20,0,
27_04_2026_15_05,23171.80,23182.10,23164.10,23168.00,0,
27_04_2026_15_10,23167.80,23177.40,23161.40,23175.80,0,
27_04_2026_15_15,23176.40,23183.20,23168.50,23179.30,0,
27_04_2026_15_20,23178.20,23189.10,23169.40,23172.70,0,
27_04_2026_15_25,23170.60,23175.80,23135.40,23150.70,0,
28_04_2026_09_15,23143.20,23226.70,23090.80,23146.40,0,
28_04_2026_09_20,23146.90,23159.30,23117.30,23150.60,0,
28_04_2026_09_25,23151.90,23205.80,23147.50,23151.70,0,
28_04_2026_09_30,23154.30,23163.20,23126.90,23132.00,0,
28_04_2026_09_35,23133.20,23149.40,23113.70,23123.00,0,
28_04_2026_09_40,23123.80,23175.50,23123.60,23166.90,0,
28_04_2026_09_45,23166.20,23218.80,23166.20,23182.90,0,
28_04_2026_09_50,23185.50,23212.00,23177.20,23209.10,0,
28_04_2026_09_55,23209.90,23223.20,23188.80,23193.60,0,
28_04_2026_10_00,23192.20,23197.40,23179.80,23196.00,0,
28_04_2026_10_05,23195.60,23218.10,23193.30,23214.30,0,
28_04_2026_10_10,23214.50,23224.30,23206.90,23208.80,0,
28_04_2026_10_15,23208.40,23232.70,23201.40,23228.50,0,
28_04_2026_10_20,23228.50,23232.10,23215.00,23224.70,0,
28_04_2026_10_25,23223.30,23257.80,23212.90,23255.60,0,
28_04_2026_10_30,23257.20,23274.40,23234.10,23235.80,0,
28_04_2026_10_35,23236.50,23245.80,23216.60,23236.30,0,
28_04_2026_10_40,23238.30,23241.60,23213.60,23235.00,0,
28_04_2026_10_45,23235.70,23235.70,23206.80,23208.30,0,
28_04_2026_10_50,23207.80,23246.80,23207.20,23244.30,0,
28_04_2026_10_55,23244.20,23265.30,23236.10,23253.90,0,
28_04_2026_11_00,23253.90,23287.70,23252.80,23283.20,0,
28_04_2026_11_05,23284.70,23285.10,23246.40,23248.30,0,
28_04_2026_11_10,23249.20,23263.50,23242.90,23259.20,0,
28_04_2026_11_15,23259.60,23270.20,23244.40,23247.40,0,
28_04_2026_11_20,23247.10,23250.30,23212.70,23214.00,0,
28_04_2026_11_25,23214.00,23215.60,23188.70,23188.70,0,
28_04_2026_11_30,23187.30,23196.80,23172.80,23191.80,0,
28_04_2026_11_35,23191.10,23198.60,23187.40,23190.40,0,
28_04_2026_11_40,23190.70,23204.80,23184.40,23203.20,0,
28_04_2026_11_45,23203.70,23218.80,23197.80,23218.10,0,
28_04_2026_11_50,23219.20,23235.30,23214.80,23230.70,0,
28_04_2026_11_55,23231.30,23232.20,23211.10,23216.80,0,
28_04_2026_12_00,23216.90,23240.80,23201.20,23234.80,0,
28_04_2026_12_05,23234.40,23242.70,23224.20,23241.90,0,
28_04_2026_12_10,23241.80,23247.50,23224.50,23229.60,0,
28_04_2026_12_15,23229.40,23235.70,23215.50,23215.50,0,
28_04_2026_12_20,23218.00,23220.40,23184.00,23190.10,0,
28_04_2026_12_25,23190.10,23212.60,23188.60,23200.00,0,
28_04_2026_12_30,23200.40,23201.40,23163.60,23174.20,0,
28_04_2026_12_35,23175.00,23183.60,23165.10,23170.20,0,
28_04_2026_12_40,23170.20,23189.20,23168.10,23184.80,0,
28_04_2026_12_45,23185.90,23190.70,23176.70,23189.20,0,
28_04_2026_12_50,23189.10,23207.80,23186.50,23203.10,0,
28_04_2026_12_55,23203.10,23212.60,23182.10,23185.40,0,
28_04_2026_13_00,23188.70,23221.60,23186.40,23219.20,0,
28_04_2026_13_05,23219.70,23238.80,23218.30,23236.50,0,
28_04_2026_13_10,23234.40,23239.70,23221.80,23227.10,0,
28_04_2026_13_15,23226.20,23233.00,23222.60,23227.80,0,
28_04_2026_13_20,23229.10,23233.90,23221.60,23231.60,0,
28_04_2026_13_25,23233.10,23240.80,23219.70,23221.10,0,
28_04_2026_13_30,23221.70,23227.70,23186.30,23187.30,0,
28_04_2026_13_35,23186.80,23188.30,23159.40,23173.70,0,
28_04_2026_13_40,23174.00,23190.30,23169.20,23169.70,0,
28_04_2026_13_45,23169.80,23173.80,23158.90,23162.30,0,
28_04_2026_13_50,23162.10,23174.50,23159.90,23170.80,0,
28_04_2026_13_55,23170.30,23177.50,23147.40,23161.40,0,
28_04_2026_14_00,23162.40,23169.20,23155.30,23168.10,0,
28_04_2026_14_05,23168.20,23170.10,23149.60,23153.20,0,
28_04_2026_14_10,23152.90,23152.90,23128.90,23131.80,0,
28_04_2026_14_15,23133.20,23153.70,23129.00,23153.50,0,
28_04_2026_14_20,23153.50,23170.60,23145.20,23157.90,0,
28_04_2026_14_25,23157.90,23168.80,23156.30,23160.10,0,
28_04_2026_14_30,23160.70,23188.50,23158.00,23162.80,0,
28_04_2026_14_35,23164.30,23195.40,23164.30,23194.80,0,
28_04_2026_14_40,23194.50,23210.90,23192.00,23209.40,0,
28_04_2026_14_45,23209.30,23223.80,23206.20,23206.40,0,
28_04_2026_14_50,23206.40,23221.20,23204.40,23219.30,0,
28_04_2026_14_55,23219.20,23219.20,23201.00,23202.40,0,
28_04_2026_15_00,23202.60,23212.20,23162.20,23163.00,0,
28_04_2026_15_05,23163.70,23166.60,23137.80,23142.30,0,
28_04_2026_15_10,23142.20,23159.30,23131.50,23158.20,0,
28_04_2026_15_15,23158.30,23158.80,23129.60,23149.20,0,
28_04_2026_15_20,23149.10,23164.90,23143.90,23162.70,0,
28_04_2026_15_25,23161.20,23184.20,23155.10,23171.40,0,
29_04_2026_09_15,23273.20,23357.60,23221.90,23248.80,0,
29_04_2026_09_20,23253.10,23262.20,23188.30,23230.40,0,
29_04_2026_09_25,23229.20,23294.80,23227.30,23294.80,0,
29_04_2026_09_30,23295.90,23325.50,23281.90,23308.60,0,
29_04_2026_09_35,23311.70,23386.20,23310.40,23363.30,0,
29_04_2026_09_40,23365.30,23377.40,23336.20,23337.30,0,
29_04_2026_09_45,23337.90,23339.20,23312.60,23316.60,0,
29_04_2026_09_50,23316.20,23316.50,23280.80,23292.10,0,
29_04_2026_09_55,23293.70,23312.60,23290.20,23297.10,0,
29_04_2026_10_00,23298.40,23317.70,23297.30,23311.30,0,
29_04_2026_10_05,23312.90,23314.20,23267.90,23270.40,0,
29_04_2026_10_10,23270.30,23270.30,23247.70,23251.70,0,
29_04_2026_10_15,23252.70,23290.40,23244.60,23284.30,0,
29_04_2026_10_20,23285.60,23285.90,23270.50,23272.50,0,
29_04_2026_10_25,23273.60,23294.40,23273.60,23293.30,0,
29_04_2026_10_30,23294.70,23295.10,23278.60,23279.20,0,
29_04_2026_10_35,23278.90,23292.80,23272.20,23273.70,0,
29_04_2026_10_40,23276.80,23282.00,23268.30,23270.20,0,
29_04_2026_10_45,23269.40,23284.60,23263.40,23283.90,0,
29_04_2026_10_50,23283.90,23287.30,23278.30,23281.80,0,
29_04_2026_10_55,23281.20,23304.30,23280.40,23298.90,0,
29_04_2026_11_00,23298.90,23298.90,23282.40,23297.80,0,
29_04_2026_11_05,23296.60,23298.70,23278.30,23281.40,0,
29_04_2026_11_10,23281.90,23299.80,23276.60,23295.10,0,
29_04_2026_11_15,23295.20,23298.10,23289.20,23293.80,0,
29_04_2026_11_20,23293.80,23298.40,23280.10,23293.60,0,
29_04_2026_11_25,23294.40,23299.40,23277.50,23283.60,0,
29_04_2026_11_30,23285.80,23290.80,23275.00,23275.60,0,
29_04_2026_11_35,23277.00,23297.90,23274.50,23293.10,0,
29_04_2026_11_40,23294.50,23294.50,23278.80,23281.90,0,
29_04_2026_11_45,23282.70,23291.70,23278.20,23287.30,0,
29_04_2026_11_50,23288.30,23288.90,23274.80,23281.30,0,
29_04_2026_11_55,23281.90,23285.20,23280.00,23282.60,0,
29_04_2026_12_00,23282.80,23284.20,23268.40,23270.60,0,
29_04_2026_12_05,23270.40,23270.40,23252.90,23256.00,0,
29_04_2026_12_10,23256.30,23259.00,23243.90,23250.80,0,
29_04_2026_12_15,23251.10,23256.10,23249.00,23253.70,0,
29_04_2026_12_20,23253.60,23271.40,23251.10,23268.80,0,
29_04_2026_12_25,23270.70,23274.20,23265.20,23271.40,0,
29_04_2026_12_30,23271.60,23280.10,23264.90,23274.30,0,
29_04_2026_12_35,23274.80,23278.10,23270.10,23274.80,0,
29_04_2026_12_40,23274.60,23274.60,23244.10,23247.00,0,
29_04_2026_12_45,23247.00,23248.70,23238.00,23242.40,0,
29_04_2026_12_50,23243.40,23258.40,23241.90,23254.70,0,
29_04_2026_12_55,23254.80,23279.90,23250.60,23278.60,0,
29_04_2026_13_00,23278.60,23281.40,23268.90,23272.30,0,
29_04_2026_13_05,23271.90,23292.90,23268.10,23284.70,0,
29_04_2026_13_10,23285.20,23289.80,23279.20,23287.30,0,
29_04_2026_13_15,23288.60,23289.70,23272.30,23281.70,0,
29_04_2026_13_20,23282.00,23283.80,23264.40,23274.20,0,
29_04_2026_13_25,23274.10,23281.40,23271.50,23277.80,0,
29_04_2026_13_30,23278.00,23280.90,23266.80,23270.60,0,
29_04_2026_13_35,23270.80,23272.40,23252.40,23254.30,0,
29_04_2026_13_40,23254.60,23254.80,23230.40,23231.50,0,
29_04_2026_13_45,23232.20,23235.60,23213.20,23218.50,0,
29_04_2026_13_50,23220.10,23233.00,23218.10,23230.90,0,
29_04_2026_13_55,23231.80,23244.10,23212.60,23212.60,0,
29_04_2026_14_00,23212.10,23216.80,23194.90,23200.10,0,
29_04_2026_14_05,23202.30,23217.80,23198.20,23203.40,0,
29_04_2026_14_10,23204.00,23204.20,23185.90,23196.20,0,
29_04_2026_14_15,23196.30,23206.90,23192.10,23196.50,0,
29_04_2026_14_20,23196.80,23207.10,23179.90,23206.20,0,
29_04_2026_14_25,23206.60,23242.70,23196.30,23241.60,0,
29_04_2026_14_30,23240.80,23261.20,23231.80,23259.50,0,
29_04_2026_14_35,23260.30,23275.10,23258.90,23268.60,0,
29_04_2026_14_40,23268.40,23333.90,23266.10,23332.00,0,
29_04_2026_14_45,23333.60,23334.90,23289.60,23292.30,0,
29_04_2026_14_50,23293.80,23295.20,23277.80,23280.20,0,
29_04_2026_14_55,23281.20,23281.40,23238.80,23246.40,0,
29_04_2026_15_00,23249.10,23285.70,23243.50,23271.40,0,
29_04_2026_15_05,23272.20,23295.20,23266.40,23291.70,0,
29_04_2026_15_10,23291.10,23291.10,23269.80,23272.20,0,
29_04_2026_15_15,23271.80,23271.80,23239.60,23252.50,0,
29_04_2026_15_20,23252.80,23260.40,23246.40,23250.10,0,
29_04_2026_15_25,23251.20,23266.20,23234.30,23235.30,0,
30_04_2026_09_15,23200.90,23227.80,23079.30,23163.40,0,
30_04_2026_09_20,23164.20,23182.70,23101.90,23140.90,0,
30_04_2026_09_25,23142.40,23142.40,23065.40,23111.80,0,
30_04_2026_09_30,23110.20,23220.60,23094.20,23220.60,0,
30_04_2026_09_35,23220.90,23248.30,23169.60,23214.20,0,
30_04_2026_09_40,23213.30,23319.30,23201.80,23317.80,0,
30_04_2026_09_45,23317.40,23375.10,23316.30,23342.80,0,
30_04_2026_09_50,23342.80,23348.20,23265.90,23266.60,0,
30_04_2026_09_55,23266.20,23284.20,23252.20,23252.20,0,
30_04_2026_10_00,23251.60,23256.70,23189.60,23190.20,0,
30_04_2026_10_05,23190.00,23207.80,23132.30,23134.40,0,
30_04_2026_10_10,23132.90,23139.80,23123.80,23136.80,0,
30_04_2026_10_15,23135.90,23164.20,23115.60,23161.40,0,
30_04_2026_10_20,23160.80,23163.40,23136.40,23144.70,0,
30_04_2026_10_25,23144.80,23159.50,23135.80,23139.70,0,
30_04_2026_10_30,23139.70,23145.60,23111.90,23114.90,0,
30_04_2026_10_35,23114.90,23126.90,23103.20,23116.10,0,
30_04_2026_10_40,23115.60,23131.10,23114.80,23121.20,0,
30_04_2026_10_45,23121.20,23121.80,23082.40,23096.60,0,
30_04_2026_10_50,23097.20,23105.10,23091.40,23103.80,0,
30_04_2026_10_55,23104.20,23105.30,23082.60,23082.60,0,
30_04_2026_11_00,23084.20,23086.60,23056.40,23056.60,0,
30_04_2026_11_05,23057.80,23098.30,23054.80,23098.30,0,
30_04_2026_11_10,23097.70,23106.30,23092.10,23102.30,0,
30_04_2026_11_15,23100.80,23117.90,23100.80,23108.70,0,
30_04_2026_11_20,23108.80,23108.80,23095.80,23101.50,0,
30_04_2026_11_25,23101.60,23116.20,23100.20,23113.20,0,
30_04_2026_11_30,23112.70,23138.40,23109.80,23135.40,0,
30_04_2026_11_35,23135.60,23160.30,23133.80,23145.30,0,
30_04_2026_11_40,23145.40,23180.30,23134.20,23162.80,0,
30_04_2026_11_45,23161.60,23168.10,23155.90,23160.20,0,
30_04_2026_11_50,23159.80,23162.20,23122.60,23128.40,0,
30_04_2026_11_55,23128.40,23156.30,23127.80,23149.20,0,
30_04_2026_12_00,23147.90,23151.20,23135.90,23145.30,0,
30_04_2026_12_05,23145.40,23148.90,23126.70,23127.40,0,
30_04_2026_12_10,23129.50,23133.60,23111.00,23121.80,0,
30_04_2026_12_15,23121.60,23128.10,23099.20,23101.10,0,
30_04_2026_12_20,23101.10,23125.90,23098.40,23124.00,0,
30_04_2026_12_25,23123.70,23133.30,23116.40,23129.70,0,
30_04_2026_12_30,23129.90,23132.80,23115.60,23116.70,0,
30_04_2026_12_35,23116.40,23127.70,23111.60,23125.20,0,
30_04_2026_12_40,23125.20,23153.60,23124.60,23152.10,0,
30_04_2026_12_45,23151.40,23167.20,23151.30,23160.70,0,
30_04_2026_12_50,23160.70,23165.80,23146.60,23148.70,0,
30_04_2026_12_55,23148.70,23170.10,23146.50,23168.70,0,
30_04_2026_13_00,23168.50,23223.20,23165.70,23211.30,0,
30_04_2026_13_05,23213.10,23267.70,23205.20,23260.70,0,
30_04_2026_13_10,23260.70,23282.80,23255.80,23256.70,0,
30_04_2026_13_15,23256.20,23265.20,23247.90,23252.30,0,
30_04_2026_13_20,23252.40,23253.80,23233.10,23233.10,0,
30_04_2026_13_25,23232.70,23239.50,23224.80,23224.80,0,
30_04_2026_13_30,23224.80,23238.80,23215.80,23233.50,0,
30_04_2026_13_35,23233.00,23249.70,23232.30,23236.10,0,
30_04_2026_13_40,23236.70,23267.40,23235.80,23266.40,0,
30_04_2026_13_45,23267.00,23281.80,23264.10,23277.80,0,
30_04_2026_13_50,23278.20,23301.20,23265.20,23294.90,0,
30_04_2026_13_55,23296.30,23309.30,23294.30,23303.80,0,
30_04_2026_14_00,23303.80,23304.90,23268.80,23277.30,0,
30_04_2026_14_05,23278.10,23284.20,23261.50,23283.40,0,
30_04_2026_14_10,23283.40,23287.90,23264.20,23267.20,0,
30_04_2026_14_15,23267.10,23269.80,23236.70,23236.90,0,
30_04_2026_14_20,23236.50,23252.30,23232.50,23247.80,0,
30_04_2026_14_25,23247.80,23249.20,23232.20,23247.90,0,
30_04_2026_14_30,23248.20,23278.30,23243.80,23275.70,0,
30_04_2026_14_35,23275.40,23300.10,23273.30,23299.90,0,
30_04_2026_14_40,23299.40,23319.70,23295.90,23310.80,0,
30_04_2026_14_45,23310.30,23315.80,23289.20,23294.30,0,
30_04_2026_14_50,23292.80,23302.70,23282.30,23300.60,0,
30_04_2026_14_55,23300.80,23336.90,23299.20,23330.90,0,
30_04_2026_15_00,23331.90,23331.90,23287.20,23288.60,0,
30_04_2026_15_05,23288.50,23289.60,23255.40,23256.70,0,
30_04_2026_15_10,23257.40,23270.20,23252.10,23270.10,0,
30_04_2026_15_15,23272.00,23291.00,23254.20,23267.60,0,
30_04_2026_15_20,23266.20,23268.70,23238.60,23268.10,0,
30_04_2026_15_25,23264.90,23315.80,23258.70,23278.10,0,
04_05_2026_09_15,23370.60,23416.40,23296.10,23323.30,0,
04_05_2026_09_20,23331.30,23366.80,23308.90,23364.20,0,
04_05_2026_09_25,23366.20,23441.40,23363.60,23408.70,0,
04_05_2026_09_30,23407.30,23444.80,23398.90,23438.10,0,
04_05_2026_09_35,23442.90,23484.80,23440.20,23482.30,0,
04_05_2026_09_40,23481.40,23544.60,23477.70,23534.20,0,
04_05_2026_09_45,23533.30,23537.20,23507.60,23525.70,0,
04_05_2026_09_50,23527.90,23528.30,23478.80,23507.00,0,
04_05_2026_09_55,23509.00,23516.40,23483.90,23503.50,0,
04_05_2026_10_00,23504.20,23524.50,23498.80,23503.40,0,
04_05_2026_10_05,23503.40,23536.40,23488.90,23532.50,0,
04_05_2026_10_10,23531.70,23542.50,23511.20,23520.60,0,
04_05_2026_10_15,23520.00,23529.60,23508.80,23527.20,0,
04_05_2026_10_20,23527.30,23527.30,23466.30,23466.30,0,
04_05_2026_10_25,23465.90,23530.80,23464.70,23526.40,0,
04_05_2026_10_30,23526.20,23529.80,23487.60,23493.20,0,
04_05_2026_10_35,23493.80,23522.90,23491.70,23517.10,0,
04_05_2026_10_40,23517.10,23544.70,23512.60,23540.20,0,
04_05_2026_10_45,23540.90,23548.90,23525.60,23535.40,0,
04_05_2026_10_50,23535.20,23539.20,23506.60,23512.30,0,
04_05_2026_10_55,23510.80,23533.40,23509.20,23509.20,0,
04_05_2026_11_00,23510.70,23519.60,23498.10,23502.70,0,
04_05_2026_11_05,23502.70,23521.70,23499.10,23514.60,0,
04_05_2026_11_10,23514.20,23533.30,23508.80,23531.60,0,
04_05_2026_11_15,23531.10,23539.30,23527.30,23530.60,0,
04_05_2026_11_20,23530.70,23547.30,23519.90,23539.40,0,
04_05_2026_11_25,23539.40,23542.90,23528.50,23535.00,0,
04_05_2026_11_30,23535.00,23546.40,23504.60,23505.80,0,
04_05_2026_11_35,23506.10,23510.70,23485.20,23495.80,0,
04_05_2026_11_40,23496.80,23509.30,23490.00,23505.60,0,
04_05_2026_11_45,23506.20,23512.40,23496.20,23509.70,0,
04_05_2026_11_50,23509.70,23509.80,23493.60,23503.20,0,
04_05_2026_11_55,23502.40,23523.70,23495.60,23523.70,0,
04_05_2026_12_00,23523.70,23534.80,23519.10,23525.60,0,
04_05_2026_12_05,23525.60,23543.10,23525.20,23536.40,0,
04_05_2026_12_10,23535.90,23535.90,23487.30,23509.80,0,
04_05_2026_12_15,23510.10,23527.70,23493.80,23523.60,0,
04_05_2026_12_20,23523.60,23524.60,23500.40,23508.20,0,
04_05_2026_12_25,23508.70,23530.90,23494.40,23498.20,0,
04_05_2026_12_30,23498.20,23500.90,23463.30,23465.20,0,
04_05_2026_12_35,23464.90,23478.40,23457.20,23469.50,0,
04_05_2026_12_40,23469.40,23469.90,23448.60,23452.90,0,
04_05_2026_12_45,23452.60,23461.90,23433.80,23443.40,0,
04_05_2026_12_50,23443.20,23456.20,23440.90,23441.80,0,
04_05_2026_12_55,23441.80,23447.20,23430.60,23439.70,0,
04_05_2026_13_00,23439.60,23460.00,23433.60,23455.80,0,
04_05_2026_13_05,23455.80,23457.40,23441.90,23449.80,0,
04_05_2026_13_10,23450.40,23460.10,23443.80,23451.80,0,
04_05_2026_13_15,23452.20,23460.10,23443.10,23456.10,0,
04_05_2026_13_20,23455.20,23456.30,23435.90,23448.90,0,
04_05_2026_13_25,23448.80,23450.40,23407.90,23408.30,0,
04_05_2026_13_30,23407.40,23427.80,23390.20,23413.20,0,
04_05_2026_13_35,23412.50,23416.80,23394.70,23410.90,0,
04_05_2026_13_40,23410.90,23439.30,23404.80,23435.20,0,
04_05_2026_13_45,23435.20,23435.20,23420.20,23423.80,0,
04_05_2026_13_50,23424.30,23430.40,23405.10,23407.30,0,
04_05_2026_13_55,23407.20,23412.80,23391.70,23412.80,0,
04_05_2026_14_00,23411.60,23442.80,23411.60,23439.80,0,
04_05_2026_14_05,23440.20,23467.60,23439.10,23464.80,0,
04_05_2026_14_10,23464.90,23485.80,23463.80,23470.40,0,
04_05_2026_14_15,23471.30,23487.20,23468.80,23483.10,0,
04_05_2026_14_20,23483.80,23489.30,23467.20,23478.20,0,
04_05_2026_14_25,23478.40,23487.60,23473.90,23483.80,0,
04_05_2026_14_30,23484.70,23491.20,23473.40,23488.70,0,
04_05_2026_14_35,23488.80,23497.50,23459.30,23469.00,0,
04_05_2026_14_40,23468.90,23482.80,23456.30,23462.20,0,
04_05_2026_14_45,23462.90,23476.50,23455.20,23461.60,0,
04_05_2026_14_50,23462.10,23477.10,23454.90,23473.80,0,
04_05_2026_14_55,23474.40,23486.20,23463.80,23467.20,0,
04_05_2026_15_00,23467.70,23473.80,23451.70,23460.80,0,
04_05_2026_15_05,23464.20,23487.50,23459.90,23478.80,0,
04_05_2026_15_10,23479.80,23486.20,23456.10,23460.60,0,
04_05_2026_15_15,23460.80,23475.70,23453.20,23458.90,0,
04_05_2026_15_20,23459.80,23493.20,23455.80,23486.80,0,
04_05_2026_15_25,23489.00,23505.90,23479.70,23487.60,0,
05_05_2026_09_15,23528.20,23555.10,23472.30,23504.30,0,
05_05_2026_09_20,23504.20,23506.40,23435.10,23474.30,0,
05_05_2026_09_25,23474.60,23477.60,23425.30,23441.60,0,
05_05_2026_09_30,23441.40,23462.10,23415.30,23423.60,0,
05_05_2026_09_35,23423.90,23437.50,23389.80,23436.10,0,
05_05_2026_09_40,23436.10,23470.70,23423.90,23470.60,0,
05_05_2026_09_45,23470.50,23483.80,23438.80,23443.60,0,
05_05_2026_09_50,23443.80,23450.60,23435.40,23435.40,0,
05_05_2026_09_55,23436.00,23442.60,23419.10,23432.70,0,
05_05_2026_10_00,23433.20,23443.30,23410.30,23421.20,0,
05_05_2026_10_05,23420.80,23426.20,23413.10,23416.10,0,
05_05_2026_10_10,23415.90,23428.40,23412.90,23424.80,0,
05_05_2026_10_15,23426.20,23432.10,23409.40,23427.60,0,
05_05_2026_10_20,23427.80,23447.10,23396.60,23428.20,0,
05_05_2026_10_25,23427.30,23428.70,23379.10,23403.90,0,
05_05_2026_10_30,23403.80,23431.50,23400.40,23406.20,0,
05_05_2026_10_35,23406.20,23415.10,23381.70,23404.50,0,
05_05_2026_10_40,23405.20,23411.20,23396.20,23402.10,0,
05_05_2026_10_45,23402.20,23412.40,23395.80,23410.80,0,
05_05_2026_10_50,23410.40,23434.90,23405.00,23429.80,0,
05_05_2026_10_55,23429.90,23469.70,23428.80,23468.90,0,
05_05_2026_11_00,23468.80,23501.20,23464.60,23499.30,0,
05_05_2026_11_05,23499.70,23504.90,23485.20,23501.70,0,
05_05_2026_11_10,23501.80,23526.20,23499.30,23514.80,0,
05_05_2026_11_15,23515.20,23519.90,23485.40,23485.40,0,
05_05_2026_11_20,23485.40,23499.80,23480.50,23494.60,0,
05_05_2026_11_25,23494.70,23495.20,23462.80,23465.60,0,
05_05_2026_11_30,23465.20,23484.20,23457.60,23484.20,0,
05_05_2026_11_35,23485.60,23497.60,23474.70,23496.50,0,
05_05_2026_11_40,23495.70,23496.80,23482.40,23484.90,0,
05_05_2026_11_45,23485.10,23499.00,23478.60,23484.70,0,
05_05_2026_11_50,23483.90,23485.10,23458.70,23461.80,0,
05_05_2026_11_55,23462.30,23484.70,23456.40,23474.80,0,
05_05_2026_12_00,23474.40,23480.50,23466.90,23477.30,0,
05_05_2026_12_05,23476.80,23480.60,23459.60,23462.60,0,
05_05_2026_12_10,23463.60,23478.10,23458.20,23473.80,0,
05_05_2026_12_15,23473.80,23483.50,23470.70,23474.80,0,
05_05_2026_12_20,23474.30,23492.30,23473.20,23478.80,0,
05_05_2026_12_25,23477.70,23480.10,23450.40,23456.10,0,
05_05_2026_12_30,23455.90,23458.60,23413.10,23426.70,0,
05_05_2026_12_35,23427.40,23449.70,23425.80,23444.60,0,
05_05_2026_12_40,23444.80,23468.70,23444.80,23466.80,0,
05_05_2026_12_45,23468.30,23489.90,23467.40,23480.10,0,
05_05_2026_12_50,23479.70,23488.40,23452.30,23456.40,0,
05_05_2026_12_55,23456.40,23469.50,23451.40,23463.30,0,
05_05_2026_13_00,23462.90,23472.80,23456.90,23458.80,0,
05_05_2026_13_05,23458.20,23494.80,23456.90,23489.20,0,
05_05_2026_13_10,23488.20,23505.60,23476.50,23504.70,0,
05_05_2026_13_15,23504.80,23513.60,23492.50,23503.40,0,
05_05_2026_13_20,23504.70,23514.60,23501.70,23512.90,0,
05_05_2026_13_25,23511.80,23528.10,23503.40,23510.20,0,
05_05_2026_13_30,23509.90,23511.70,23486.90,23489.40,0,
05_05_2026_13_35,23490.60,23501.10,23488.40,23494.20,0,
05_05_2026_13_40,23494.00,23514.10,23492.80,23510.70,0,
05_05_2026_13_45,23510.70,23512.80,23499.70,23506.60,0,
05_05_2026_13_50,23507.40,23522.80,23505.30,23516.90,0,
05_05_2026_13_55,23516.90,23552.50,23516.90,23544.70,0,
05_05_2026_14_00,23544.30,23547.10,23526.80,23532.10,0,
05_05_2026_14_05,23531.90,23532.80,23503.10,23512.10,0,
05_05_2026_14_10,23511.90,23521.70,23501.70,23515.90,0,
05_05_2026_14_15,23516.20,23528.00,23514.70,23521.90,0,
05_05_2026_14_20,23519.60,23525.60,23514.50,23521.30,0,
05_05_2026_14_25,23521.30,23529.60,23517.10,23522.40,0,
05_05_2026_14_30,23522.80,23526.90,23504.40,23510.00,0,
05_05_2026_14_35,23509.00,23520.60,23502.10,23509.90,0,
05_05_2026_14_40,23509.10,23531.70,23506.80,23518.90,0,
05_05_2026_14_45,23519.40,23528.60,23502.90,23516.30,0,
05_05_2026_14_50,23516.30,23519.80,23499.70,23515.60,0,
05_05_2026_14_55,23515.40,23527.90,23510.60,23522.80,0,
05_05_2026_15_00,23523.60,23545.10,23514.50,23534.10,0,
05_05_2026_15_05,23537.80,23566.60,23531.70,23557.20,0,
05_05_2026_15_10,23559.40,23578.10,23546.20,23569.00,0,
05_05_2026_15_15,23567.80,23574.30,23559.90,23566.20,0,
05_05_2026_15_20,23567.70,23579.60,23557.40,23574.00,0,
05_05_2026_15_25,23573.10,23619.00,23566.30,23588.60,0,
06_05_2026_09_15,23740.70,23758.40,23662.60,23684.30,0,
06_05_2026_09_20,23686.50,23697.90,23640.80,23651.30,0,
06_05_2026_09_25,23653.30,23663.90,23645.90,23660.80,0,
06_05_2026_09_30,23662.20,23682.60,23645.30,23682.60,0,
06_05_2026_09_35,23680.60,23715.40,23680.60,23703.10,0,
06_05_2026_09_40,23703.60,23737.80,23667.30,23732.20,0,
06_05_2026_09_45,23731.20,23778.10,23712.80,23769.80,0,
06_05_2026_09_50,23770.60,23770.60,23739.40,23752.40,0,
06_05_2026_09_55,23752.10,23764.20,23746.70,23758.10,0,
06_05_2026_10_00,23757.20,23779.10,23735.30,23735.30,0,
06_05_2026_10_05,23736.20,23757.50,23730.60,23749.30,0,
06_05_2026_10_10,23750.20,23798.20,23749.60,23792.20,0,
06_05_2026_10_15,23792.60,23809.80,23788.80,23809.70,0,
06_05_2026_10_20,23810.80,23854.20,23810.80,23850.50,0,
06_05_2026_10_25,23850.70,23883.20,23840.40,23848.30,0,
06_05_2026_10_30,23847.50,23861.70,23832.30,23850.60,0,
06_05_2026_10_35,23849.90,23861.10,23837.50,23856.40,0,
06_05_2026_10_40,23857.70,23878.10,23848.20,23872.90,0,
06_05_2026_10_45,23872.80,23895.50,23860.90,23894.60,0,
06_05_2026_10_50,23893.90,23907.40,23884.40,23895.20,0,
06_05_2026_10_55,23894.30,23963.60,23889.30,23959.90,0,
06_05_2026_11_00,23960.60,23991.10,23930.80,23945.20,0,
06_05_2026_11_05,23946.10,23952.80,23910.20,23946.60,0,
06_05_2026_11_10,23947.60,23952.90,23926.40,23946.20,0,
06_05_2026_11_15,23948.30,23965.80,23940.00,23940.00,0,
06_05_2026_11_20,23940.60,24005.70,23932.50,24004.20,0,
06_05_2026_11_25,24005.00,24023.80,23981.90,24020.40,0,
06_05_2026_11_30,24018.40,24033.40,23980.40,23999.20,0,
06_05_2026_11_35,24001.30,24015.80,23961.60,23994.80,0,
06_05_2026_11_40,23994.80,24058.20,23986.30,24050.60,0,
06_05_2026_11_45,24050.70,24077.60,24044.40,24053.20,0,
06_05_2026_11_50,24051.80,24065.10,24041.70,24060.20,0,
06_05_2026_11_55,24060.80,24061.20,24039.10,24041.90,0,
06_05_2026_12_00,24042.40,24062.80,24035.40,24050.30,0,
06_05_2026_12_05,24049.80,24059.40,24032.80,24050.20,0,
06_05_2026_12_10,24050.20,24068.50,24049.40,24058.60,0,
06_05_2026_12_15,24056.70,24073.20,24048.30,24070.80,0,
06_05_2026_12_20,24070.40,24075.00,24049.20,24049.80,0,
06_05_2026_12_25,24048.30,24065.70,24040.20,24062.30,0,
06_05_2026_12_30,24065.10,24075.30,24047.40,24056.00,0,
06_05_2026_12_35,24055.60,24086.20,24046.30,24078.80,0,
06_05_2026_12_40,24079.90,24097.80,24075.60,24075.80,0,
06_05_2026_12_45,24074.80,24084.90,24068.20,24078.20,0,
06_05_2026_12_50,24079.20,24116.20,24078.80,24102.60,0,
06_05_2026_12_55,24103.40,24111.50,24090.20,24090.90,0,
06_05_2026_13_00,24090.00,24122.80,24087.70,24117.90,0,
06_05_2026_13_05,24118.40,24162.20,24115.10,24157.90,0,
06_05_2026_13_10,24160.10,24184.80,24154.80,24173.70,0,
06_05_2026_13_15,24174.60,24199.40,24167.20,24194.20,0,
06_05_2026_13_20,24194.70,24264.80,24184.80,24257.70,0,
06_05_2026_13_25,24254.80,24255.70,24214.50,24215.70,0,
06_05_2026_13_30,24218.00,24225.70,24206.10,24211.00,0,
06_05_2026_13_35,24212.90,24226.90,24211.90,24221.50,0,
06_05_2026_13_40,24222.50,24227.00,24198.10,24199.30,0,
06_05_2026_13_45,24199.20,24212.60,24185.60,24207.50,0,
06_05_2026_13_50,24207.20,24215.20,24190.70,24215.20,0,
06_05_2026_13_55,24216.90,24221.70,24189.20,24195.70,0,
06_05_2026_14_00,24194.30,24206.10,24184.50,24204.20,0,
06_05_2026_14_05,24203.30,24215.50,24196.30,24214.20,0,
06_05_2026_14_10,24214.60,24230.80,24213.30,24215.30,0,
06_05_2026_14_15,24213.90,24223.60,24196.70,24202.30,0,
06_05_2026_14_20,24202.80,24245.20,24201.80,24231.20,0,
06_05_2026_14_25,24233.20,24237.40,24196.10,24199.80,0,
06_05_2026_14_30,24200.90,24209.90,24179.70,24203.00,0,
06_05_2026_14_35,24202.40,24204.10,24147.30,24150.20,0,
06_05_2026_14_40,24151.10,24171.20,24149.70,24169.40,0,
06_05_2026_14_45,24171.20,24191.90,24170.10,24178.50,0,
06_05_2026_14_50,24180.80,24188.80,24160.70,24170.70,0,
06_05_2026_14_55,24170.90,24191.60,24168.30,24182.80,0,
06_05_2026_15_00,24179.80,24180.10,24153.10,24159.00,0,
06_05_2026_15_05,24159.20,24159.60,24128.50,24132.40,0,
06_05_2026_15_10,24133.10,24136.10,24089.80,24091.70,0,
06_05_2026_15_15,24088.30,24111.00,24084.20,24084.20,0,
06_05_2026_15_20,24087.40,24087.40,24068.20,24075.10,0,
06_05_2026_15_25,24076.40,24105.20,24075.10,24097.20,0,
07_05_2026_09_15,24149.80,24214.60,24131.40,24181.30,0,
07_05_2026_09_20,24178.10,24205.90,24111.80,24204.20,0,
07_05_2026_09_25,24204.40,24209.30,24147.80,24179.10,0,
07_05_2026_09_30,24179.80,24181.90,24135.30,24146.30,0,
07_05_2026_09_35,24146.20,24195.70,24146.20,24158.80,0,
07_05_2026_09_40,24159.60,24178.20,24152.60,24162.30,0,
07_05_2026_09_45,24159.80,24160.60,24107.80,24108.90,0,
07_05_2026_09_50,24109.80,24122.80,24095.30,24118.30,0,
07_05_2026_09_55,24118.50,24140.80,24107.80,24108.10,0,
07_05_2026_10_00,24107.70,24148.80,24103.80,24127.40,0,
07_05_2026_10_05,24127.30,24161.20,24124.00,24161.00,0,
07_05_2026_10_10,24159.90,24188.70,24145.50,24179.70,0,
07_05_2026_10_15,24179.00,24203.60,24171.30,24200.40,0,
07_05_2026_10_20,24198.80,24223.80,24198.80,24219.30,0,
07_05_2026_10_25,24220.40,24237.80,24193.80,24200.90,0,
07_05_2026_10_30,24202.70,24220.30,24190.40,24216.10,0,
07_05_2026_10_35,24217.40,24220.90,24186.50,24219.30,0,
07_05_2026_10_40,24218.50,24221.10,24182.10,24194.90,0,
07_05_2026_10_45,24194.20,24208.90,24166.60,24168.10,0,
07_05_2026_10_50,24168.00,24171.10,24143.20,24152.20,0,
07_05_2026_10_55,24152.30,24159.80,24127.80,24138.90,0,
07_05_2026_11_00,24139.60,24145.70,24129.80,24132.40,0,
07_05_2026_11_05,24134.40,24155.20,24123.70,24152.90,0,
07_05_2026_11_10,24153.60,24158.20,24136.20,24157.50,0,
07_05_2026_11_15,24157.80,24171.50,24156.20,24161.10,0,
07_05_2026_11_20,24160.90,24167.90,24150.80,24163.80,0,
07_05_2026_11_25,24165.40,24174.40,24145.80,24170.70,0,
07_05_2026_11_30,24172.80,24215.60,24168.50,24207.60,0,
07_05_2026_11_35,24208.40,24208.40,24184.50,24194.20,0,
07_05_2026_11_40,24192.90,24214.20,24184.30,24189.40,0,
07_05_2026_11_45,24189.90,24214.80,24188.70,24192.10,0,
07_05_2026_11_50,24192.50,24198.70,24177.80,24180.20,0,
07_05_2026_11_55,24178.70,24200.90,24177.30,24186.10,0,
07_05_2026_12_00,24186.60,24221.60,24185.40,24216.60,0,
07_05_2026_12_05,24217.50,24232.80,24217.50,24222.70,0,
07_05_2026_12_10,24222.60,24244.50,24222.20,24239.70,0,
07_05_2026_12_15,24239.90,24249.30,24227.40,24228.40,0,
07_05_2026_12_20,24228.40,24235.80,24216.20,24231.80,0,
07_05_2026_12_25,24231.20,24238.20,24215.10,24218.50,0,
07_05_2026_12_30,24218.60,24227.30,24208.40,24216.90,0,
07_05_2026_12_35,24216.10,24259.60,24216.10,24255.80,0,
07_05_2026_12_40,24258.20,24268.10,24237.90,24243.40,0,
07_05_2026_12_45,24241.10,24247.20,24224.10,24233.30,0,
07_05_2026_12_50,24233.20,24244.70,24211.60,24218.20,0,
07_05_2026_12_55,24216.80,24221.10,24205.20,24220.70,0,
07_05_2026_13_00,24220.40,24243.20,24217.70,24228.90,0,
07_05_2026_13_05,24229.10,24243.10,24225.90,24228.30,0,
07_05_2026_13_10,24228.60,24229.70,24202.20,24207.40,0,
07_05_2026_13_15,24207.50,24208.80,24155.20,24173.50,0,
07_05_2026_13_20,24175.50,24193.20,24174.20,24183.20,0,
07_05_2026_13_25,24181.80,24193.30,24168.10,24180.40,0,
07_05_2026_13_30,24180.30,24181.70,24150.80,24161.60,0,
07_05_2026_13_35,24162.40,24165.00,24139.70,24143.70,0,
07_05_2026_13_40,24143.60,24153.20,24129.20,24130.70,0,
07_05_2026_13_45,24128.20,24130.20,24101.00,24105.60,0,
07_05_2026_13_50,24106.40,24116.30,24096.40,24115.70,0,
07_05_2026_13_55,24115.70,24146.10,24115.70,24144.60,0,
07_05_2026_14_00,24144.30,24162.70,24141.80,24158.20,0,
07_05_2026_14_05,24157.90,24169.90,24149.90,24166.20,0,
07_05_2026_14_10,24166.10,24173.40,24159.80,24168.50,0,
07_05_2026_14_15,24168.80,24168.80,24134.50,24136.00,0,
07_05_2026_14_20,24136.00,24159.80,24131.20,24159.60,0,
07_05_2026_14_25,24159.70,24164.90,24124.70,24133.30,0,
07_05_2026_14_30,24134.10,24159.30,24128.10,24150.40,0,
07_05_2026_14_35,24150.10,24160.30,24147.40,24150.70,0,
07_05_2026_14_40,24149.20,24157.10,24143.40,24143.60,0,
07_05_2026_14_45,24143.30,24169.70,24143.30,24165.20,0,
07_05_2026_14_50,24164.40,24180.40,24163.90,24172.90,0,
07_05_2026_14_55,24173.20,24183.90,24165.60,24173.70,0,
07_05_2026_15_00,24173.30,24179.70,24147.70,24161.60,0,
07_05_2026_15_05,24161.60,24165.10,24137.40,24137.60,0,
07_05_2026_15_10,24137.40,24141.70,24132.70,24138.30,0,
07_05_2026_15_15,24138.60,24142.20,24124.80,24128.20,0,
07_05_2026_15_20,24128.20,24128.60,24116.20,24122.50,0,
07_05_2026_15_25,24124.20,24144.80,24107.70,24108.40,0,
08_05_2026_09_15,24043.20,24271.00,24030.70,24197.20,0,
08_05_2026_09_20,24196.40,24225.90,24182.30,24189.10,0,
08_05_2026_09_25,24189.10,24277.10,24187.50,24241.10,0,
08_05_2026_09_30,24240.90,24240.90,24171.10,24194.70,0,
08_05_2026_09_35,24195.20,24195.30,24073.40,24086.40,0,
08_05_2026_09_40,24087.00,24123.30,24071.30,24104.40,0,
08_05_2026_09_45,24103.30,24161.80,24053.80,24134.40,0,
08_05_2026_09_50,24134.20,24137.90,24086.80,24109.80,0,
08_05_2026_09_55,24109.40,24154.80,24106.70,24154.70,0,
08_05_2026_10_00,24154.80,24208.20,24151.40,24205.40,0,
08_05_2026_10_05,24207.10,24294.40,24207.10,24288.40,0,
08_05_2026_10_10,24290.20,24293.70,24203.70,24231.50,0,
08_05_2026_10_15,24232.20,24255.20,24185.90,24252.30,0,
08_05_2026_10_20,24253.80,24273.10,24238.50,24245.10,0,
08_05_2026_10_25,24245.70,24257.30,24231.20,24254.00,0,
08_05_2026_10_30,24254.20,24306.80,24244.10,24298.60,0,
08_05_2026_10_35,24299.40,24299.40,24269.80,24270.70,0,
08_05_2026_10_40,24272.10,24272.10,24255.20,24259.10,0,
08_05_2026_10_45,24258.30,24288.20,24255.90,24279.10,0,
08_05_2026_10_50,24279.70,24286.70,24267.10,24267.40,0,
08_05_2026_10_55,24268.30,24274.20,24262.80,24263.90,0,
08_05_2026_11_00,24262.90,24276.20,24246.90,24259.80,0,
08_05_2026_11_05,24259.60,24260.00,24245.30,24247.00,0,
08_05_2026_11_10,24247.80,24263.80,24242.90,24254.90,0,
08_05_2026_11_15,24254.90,24270.30,24246.70,24261.80,0,
08_05_2026_11_20,24261.80,24280.40,24244.90,24253.20,0,
08_05_2026_11_25,24253.00,24258.20,24236.80,24251.40,0,
08_05_2026_11_30,24251.50,24251.50,24219.50,24222.20,0,
08_05_2026_11_35,24222.20,24230.80,24208.20,24220.80,0,
08_05_2026_11_40,24220.90,24221.30,24211.60,24213.40,0,
08_05_2026_11_45,24213.10,24222.40,24212.60,24215.20,0,
08_05_2026_11_50,24216.00,24217.70,24199.60,24200.80,0,
08_05_2026_11_55,24201.80,24203.20,24185.30,24186.10,0,
08_05_2026_12_00,24187.20,24190.30,24156.40,24182.80,0,
08_05_2026_12_05,24183.50,24189.80,24141.20,24142.20,0,
08_05_2026_12_10,24142.80,24162.80,24140.70,24160.90,0,
08_05_2026_12_15,24162.10,24162.60,24121.20,24125.50,0,
08_05_2026_12_20,24126.10,24131.30,24103.60,24106.40,0,
08_05_2026_12_25,24106.40,24132.10,24086.20,24087.10,0,
08_05_2026_12_30,24088.10,24123.30,24080.20,24118.20,0,
08_05_2026_12_35,24118.20,24141.60,24116.80,24133.20,0,
08_05_2026_12_40,24133.40,24141.90,24130.90,24131.20,0,
08_05_2026_12_45,24131.50,24137.60,24117.40,24133.80,0,
08_05_2026_12_50,24134.10,24144.90,24110.20,24121.30,0,
08_05_2026_12_55,24121.40,24123.40,24109.80,24111.00,0,
08_05_2026_13_00,24110.60,24117.90,24106.20,24110.30,0,
08_05_2026_13_05,24110.30,24114.60,24102.40,24109.30,0,
08_05_2026_13_10,24109.30,24111.30,24080.20,24091.60,0,
08_05_2026_13_15,24090.80,24115.80,24090.80,24106.40,0,
08_05_2026_13_20,24107.00,24126.80,24106.30,24117.70,0,
08_05_2026_13_25,24118.10,24142.20,24112.90,24139.00,0,
08_05_2026_13_30,24139.90,24155.50,24131.00,24153.10,0,
08_05_2026_13_35,24154.20,24154.20,24132.80,24136.80,0,
08_05_2026_13_40,24137.70,24176.20,24135.50,24167.50,0,
08_05_2026_13_45,24167.80,24179.10,24160.50,24165.20,0,
08_05_2026_13_50,24167.30,24171.20,24145.10,24157.20,0,
08_05_2026_13_55,24157.20,24162.10,24120.70,24122.30,0,
08_05_2026_14_00,24123.90,24137.20,24116.30,24134.10,0,
08_05_2026_14_05,24134.70,24164.20,24134.20,24163.20,0,
08_05_2026_14_10,24163.00,24168.90,24157.30,24157.50,0,
08_05_2026_14_15,24158.10,24166.80,24146.80,24152.80,0,
08_05_2026_14_20,24152.70,24158.60,24143.80,24143.80,0,
08_05_2026_14_25,24143.80,24163.80,24138.80,24159.80,0,
08_05_2026_14_30,24158.70,24170.20,24155.90,24163.40,0,
08_05_2026_14_35,24163.40,24182.30,24160.20,24173.40,0,
08_05_2026_14_40,24173.30,24192.80,24166.60,24173.40,0,
08_05_2026_14_45,24173.40,24180.40,24161.40,24162.60,0,
08_05_2026_14_50,24161.70,24173.40,24151.70,24154.70,0,
08_05_2026_14_55,24154.80,24162.00,24146.20,24147.10,0,
08_05_2026_15_00,24149.30,24149.50,24102.40,24104.50,0,
08_05_2026_15_05,24103.80,24127.80,24094.90,24126.40,0,
08_05_2026_15_10,24126.90,24128.90,24105.80,24109.60,0,
08_05_2026_15_15,24110.40,24115.80,24089.30,24110.60,0,
08_05_2026_15_20,24110.80,24119.30,24086.70,24087.80,0,
08_05_2026_15_25,24087.10,24116.20,24067.40,24091.20,0,
11_05_2026_09_15,24015.10,24019.90,23877.40,23976.00,0,
11_05_2026_09_20,23975.10,24067.10,23924.20,24022.60,0,
11_05_2026_09_25,24023.00,24053.30,23976.60,24037.90,0,
11_05_2026_09_30,24039.10,24099.20,23993.20,24010.70,0,
11_05_2026_09_35,24010.90,24010.90,23926.70,23937.20,0,
11_05_2026_09_40,23937.10,23969.20,23932.00,23955.80,0,
11_05_2026_09_45,23956.20,23958.10,23934.10,23945.90,0,
11_05_2026_09_50,23944.20,23965.90,23925.10,23954.80,0,
11_05_2026_09_55,23954.80,23954.80,23889.20,23923.70,0,
11_05_2026_10_00,23923.20,23982.20,23922.00,23980.80,0,
11_05_2026_10_05,23980.70,24055.80,23975.90,24047.20,0,
11_05_2026_10_10,24047.80,24087.80,24042.00,24086.10,0,
11_05_2026_10_15,24087.10,24113.80,24077.70,24078.10,0,
11_05_2026_10_20,24076.90,24129.40,24069.80,24125.20,0,
11_05_2026_10_25,24125.00,24143.90,24118.70,24132.30,0,
11_05_2026_10_30,24134.00,24156.80,24132.30,24153.30,0,
11_05_2026_10_35,24153.00,24165.30,24135.70,24165.10,0,
11_05_2026_10_40,24164.70,24165.50,24138.70,24150.80,0,
11_05_2026_10_45,24150.80,24177.00,24141.80,24175.40,0,
11_05_2026_10_50,24175.90,24190.20,24172.90,24183.00,0,
11_05_2026_10_55,24183.30,24237.60,24175.40,24235.00,0,
11_05_2026_11_00,24235.10,24299.20,24235.10,24282.70,0,
11_05_2026_11_05,24283.90,24310.80,24268.80,24281.90,0,
11_05_2026_11_10,24282.10,24286.90,24266.70,24267.40,0,
11_05_2026_11_15,24267.90,24291.60,24255.80,24265.80,0,
11_05_2026_11_20,24265.70,24283.60,24260.80,24263.60,0,
11_05_2026_11_25,24263.20,24304.10,24258.50,24301.40,0,
11_05_2026_11_30,24300.30,24305.80,24264.80,24271.80,0,
11_05_2026_11_35,24272.20,24283.60,24249.40,24250.80,0,
11_05_2026_11_40,24251.70,24262.60,24235.80,24236.30,0,
11_05_2026_11_45,24236.00,24241.80,24221.10,24221.60,0,
11_05_2026_11_50,24221.70,24262.40,24221.70,24247.40,0,
11_05_2026_11_55,24247.60,24270.20,24247.60,24262.40,0,
11_05_2026_12_00,24262.20,24286.50,24261.50,24264.60,0,
11_05_2026_12_05,24264.70,24268.70,24243.60,24244.20,0,
11_05_2026_12_10,24244.30,24248.20,24194.90,24211.40,0,
11_05_2026_12_15,24211.90,24233.90,24201.70,24233.90,0,
11_05_2026_12_20,24233.90,24242.20,24212.30,24241.10,0,
11_05_2026_12_25,24241.90,24254.80,24230.10,24253.10,0,
11_05_2026_12_30,24252.30,24260.80,24222.10,24224.50,0,
11_05_2026_12_35,24225.80,24234.70,24203.00,24234.70,0,
11_05_2026_12_40,24235.70,24246.80,24232.10,24240.00,0,
11_05_2026_12_45,24239.90,24240.40,24223.70,24229.30,0,
11_05_2026_12_50,24229.00,24237.20,24222.90,24226.10,0,
11_05_2026_12_55,24226.30,24240.70,24212.60,24218.90,0,
11_05_2026_13_00,24218.90,24244.60,24215.90,24229.90,0,
11_05_2026_13_05,24229.80,24238.30,24218.70,24230.30,0,
11_05_2026_13_10,24230.60,24249.70,24229.80,24236.00,0,
11_05_2026_13_15,24235.30,24243.50,24213.70,24221.70,0,
11_05_2026_13_20,24222.20,24230.10,24206.40,24212.80,0,
11_05_2026_13_25,24212.90,24227.80,24198.80,24227.00,0,
11_05_2026_13_30,24226.20,24245.60,24226.20,24233.30,0,
11_05_2026_13_35,24234.90,24249.30,24229.40,24233.80,0,
11_05_2026_13_40,24233.80,24256.30,24227.60,24253.50,0,
11_05_2026_13_45,24252.80,24275.10,24251.20,24273.80,0,
11_05_2026_13_50,24274.80,24290.80,24272.10,24288.90,0,
11_05_2026_13_55,24288.90,24292.10,24257.10,24264.20,0,
11_05_2026_14_00,24264.90,24282.70,24259.20,24260.70,0,
11_05_2026_14_05,24260.90,24272.60,24256.70,24270.80,0,
11_05_2026_14_10,24270.80,24282.80,24248.50,24252.80,0,
11_05_2026_14_15,24253.70,24255.40,24230.90,24239.10,0,
11_05_2026_14_20,24238.80,24261.20,24237.80,24260.60,0,
11_05_2026_14_25,24261.10,24268.60,24256.60,24263.90,0,
11_05_2026_14_30,24263.70,24285.20,24263.70,24285.00,0,
11_05_2026_14_35,24286.20,24292.60,24260.60,24263.30,0,
11_05_2026_14_40,24262.40,24262.40,24230.80,24237.90,0,
11_05_2026_14_45,24238.90,24263.80,24231.80,24245.60,0,
11_05_2026_14_50,24245.20,24249.20,24225.60,24235.10,0,
11_05_2026_14_55,24234.90,24252.60,24233.20,24246.70,0,
11_05_2026_15_00,24246.80,24246.80,24179.40,24189.70,0,
11_05_2026_15_05,24187.90,24190.80,24152.70,24168.70,0,
11_05_2026_15_10,24169.40,24174.80,24155.40,24160.70,0,
11_05_2026_15_15,24158.80,24182.90,24157.80,24165.60,0,
11_05_2026_15_20,24166.70,24168.90,24145.40,24157.30,0,
11_05_2026_15_25,24156.60,24168.10,24126.90,24166.20,0,
12_05_2026_09_15,24175.80,24185.40,24020.80,24096.80,0,
12_05_2026_09_20,24095.90,24102.40,24029.70,24030.70,0,
12_05_2026_09_25,24032.80,24047.10,24001.20,24006.00,0,
12_05_2026_09_30,24004.70,24010.10,23980.40,23993.50,0,
12_05_2026_09_35,23991.60,24043.80,23984.10,24030.20,0,
12_05_2026_09_40,24029.20,24103.00,24020.70,24087.60,0,
12_05_2026_09_45,24086.20,24106.80,24061.60,24069.70,0,
12_05_2026_09_50,24069.30,24088.60,24044.90,24057.90,0,
12_05_2026_09_55,24058.80,24089.60,24055.80,24081.70,0,
12_05_2026_10_00,24083.20,24089.10,24056.80,24062.20,0,
12_05_2026_10_05,24061.10,24085.70,24047.80,24059.70,0,
12_05_2026_10_10,24058.70,24083.30,24051.20,24080.90,0,
12_05_2026_10_15,24079.50,24092.30,24076.10,24076.40,0,
12_05_2026_10_20,24077.80,24083.50,24054.30,24066.20,0,
12_05_2026_10_25,24067.30,24075.70,24057.80,24072.60,0,
12_05_2026_10_30,24072.30,24086.50,24055.60,24057.00,0,
12_05_2026_10_35,24057.20,24060.40,24042.00,24043.80,0,
12_05_2026_10_40,24045.50,24103.80,24043.20,24094.30,0,
12_05_2026_10_45,24093.70,24132.50,24087.80,24115.60,0,
12_05_2026_10_50,24115.20,24163.30,24111.90,24158.40,0,
12_05_2026_10_55,24159.20,24173.40,24151.20,24154.20,0,
12_05_2026_11_00,24153.40,24154.40,24113.20,24127.70,0,
12_05_2026_11_05,24126.20,24149.40,24091.10,24092.40,0,
12_05_2026_11_10,24091.70,24099.20,24062.90,24066.70,0,
12_05_2026_11_15,24066.30,24075.60,24055.80,24062.70,0,
12_05_2026_11_20,24062.20,24075.70,24058.90,24060.40,0,
12_05_2026_11_25,24062.80,24064.80,24041.50,24042.90,0,
12_05_2026_11_30,24043.10,24077.20,24041.90,24074.10,0,
12_05_2026_11_35,24073.90,24097.50,24059.90,24086.40,0,
12_05_2026_11_40,24086.80,24101.80,24082.70,24097.20,0,
12_05_2026_11_45,24097.00,24100.90,24078.20,24087.60,0,
12_05_2026_11_50,24089.00,24090.50,24053.80,24075.80,0,
12_05_2026_11_55,24077.10,24109.70,24074.30,24097.10,0,
12_05_2026_12_00,24099.60,24129.20,24098.90,24125.70,0,
12_05_2026_12_05,24127.40,24130.80,24057.10,24057.10,0,
12_05_2026_12_10,24058.80,24072.20,24052.60,24060.60,0,
12_05_2026_12_15,24060.00,24085.40,24060.00,24074.40,0,
12_05_2026_12_20,24076.10,24076.10,24043.80,24053.80,0,
12_05_2026_12_25,24053.60,24057.20,24039.70,24044.70,0,
12_05_2026_12_30,24045.10,24046.80,24013.30,24018.50,0,
12_05_2026_12_35,24019.10,24020.80,24000.50,24005.60,0,
12_05_2026_12_40,24006.50,24019.20,23997.20,23999.40,0,
12_05_2026_12_45,24000.40,24008.40,23988.60,24002.20,0,
12_05_2026_12_50,24002.20,24019.00,23994.70,23996.10,0,
12_05_2026_12_55,23998.30,24012.20,23997.60,23999.80,0,
12_05_2026_13_00,23996.60,24045.90,23996.60,24037.20,0,
12_05_2026_13_05,24036.70,24037.40,24005.60,24005.60,0,
12_05_2026_13_10,24007.60,24037.60,23992.60,24036.70,0,
12_05_2026_13_15,24032.80,24059.80,24029.00,24050.70,0,
12_05_2026_13_20,24048.50,24069.20,24043.50,24059.20,0,
12_05_2026_13_25,24059.80,24062.20,24043.30,24048.80,0,
12_05_2026_13_30,24048.30,24071.60,24046.60,24052.20,0,
12_05_2026_13_35,24054.20,24057.30,24021.20,24035.60,0,
12_05_2026_13_40,24035.40,24043.90,24026.70,24040.40,0,
12_05_2026_13_45,24040.20,24053.70,24025.70,24051.70,0,
12_05_2026_13_50,24053.30,24067.60,24043.20,24044.10,0,
12_05_2026_13_55,24046.40,24046.90,24019.20,24021.40,0,
12_05_2026_14_00,24020.30,24025.40,24006.60,24017.30,0,
12_05_2026_14_05,24018.50,24022.50,23993.00,24000.00,0,
12_05_2026_14_10,23997.20,23999.10,23976.80,23989.10,0,
12_05_2026_14_15,23988.40,24004.70,23983.20,23993.40,0,
12_05_2026_14_20,23993.70,24022.80,23990.30,24018.50,0,
12_05_2026_14_25,24018.30,24018.60,23978.00,23980.20,0,
12_05_2026_14_30,23980.90,23981.10,23953.80,23953.80,0,
12_05_2026_14_35,23954.80,23980.90,23947.80,23970.10,0,
12_05_2026_14_40,23972.90,23976.60,23934.40,23955.80,0,
12_05_2026_14_45,23957.80,23971.30,23937.60,23946.60,0,
12_05_2026_14_50,23947.10,23947.10,23911.40,23921.20,0,
12_05_2026_14_55,23923.60,23925.90,23903.40,23907.30,0,
12_05_2026_15_00,23910.70,23910.70,23836.30,23849.50,0,
12_05_2026_15_05,23848.80,23853.90,23816.40,23820.20,0,
12_05_2026_15_10,23821.10,23839.90,23819.80,23826.20,0,
12_05_2026_15_15,23825.30,23852.80,23822.70,23851.00,0,
12_05_2026_15_20,23848.90,23853.70,23817.20,23835.40,0,
12_05_2026_15_25,23834.30,23876.40,23828.00,23855.90,0,
13_05_2026_09_15,23811.60,24019.30,23768.90,23963.30,0,
13_05_2026_09_20,23959.30,23973.50,23885.70,23967.80,0,
13_05_2026_09_25,23966.80,23973.90,23897.10,23900.80,0,
13_05_2026_09_30,23900.50,23915.50,23870.00,23904.60,0,
13_05_2026_09_35,23904.10,23912.90,23803.60,23817.70,0,
13_05_2026_09_40,23819.10,23847.90,23792.10,23847.70,0,
13_05_2026_09_45,23846.90,23895.40,23824.60,23847.00,0,
13_05_2026_09_50,23845.70,23935.20,23843.20,23925.80,0,
13_05_2026_09_55,23926.20,23956.80,23877.00,23881.60,0,
13_05_2026_10_00,23881.40,23895.60,23857.80,23885.90,0,
13_05_2026_10_05,23886.60,23932.60,23886.60,23925.30,0,
13_05_2026_10_10,23925.80,23978.70,23925.80,23975.10,0,
13_05_2026_10_15,23975.20,24177.80,23968.30,24158.20,0,
13_05_2026_10_20,24156.90,24159.70,24067.40,24077.80,0,
13_05_2026_10_25,24078.40,24097.70,24045.20,24046.40,0,
13_05_2026_10_30,24047.00,24073.30,23988.40,23991.90,0,
13_05_2026_10_35,23991.20,23992.70,23955.20,23958.10,0,
13_05_2026_10_40,23957.20,23980.80,23947.70,23950.30,0,
13_05_2026_10_45,23950.60,23980.70,23924.10,23978.60,0,
13_05_2026_10_50,23978.70,24022.60,23975.80,23983.20,0,
13_05_2026_10_55,23982.70,23986.00,23921.20,23924.10,0,
13_05_2026_11_00,23925.80,23937.10,23910.60,23916.00,0,
13_05_2026_11_05,23915.70,23921.90,23885.60,23892.20,0,
13_05_2026_11_10,23889.30,23890.80,23839.60,23846.80,0,
13_05_2026_11_15,23846.40,23873.40,23843.90,23863.50,0,
13_05_2026_11_20,23863.80,23871.20,23804.10,23831.10,0,
13_05_2026_11_25,23828.10,23849.20,23827.90,23839.60,0,
13_05_2026_11_30,23841.00,23851.10,23815.20,23826.70,0,
13_05_2026_11_35,23826.80,23852.70,23823.80,23829.10,0,
13_05_2026_11_40,23828.70,23882.40,23825.00,23882.40,0,
13_05_2026_11_45,23882.70,23912.50,23879.90,23882.70,0,
13_05_2026_11_50,23883.10,23900.40,23864.40,23870.10,0,
13_05_2026_11_55,23869.90,23887.10,23866.80,23871.70,0,
13_05_2026_12_00,23871.70,23879.40,23865.10,23875.20,0,
13_05_2026_12_05,23874.40,23893.80,23856.60,23892.60,0,
13_05_2026_12_10,23892.20,23909.30,23887.70,23895.70,0,
13_05_2026_12_15,23895.40,23897.30,23878.60,23890.40,0,
13_05_2026_12_20,23888.40,23888.40,23863.50,23871.30,0,
13_05_2026_12_25,23871.70,23889.90,23868.80,23880.90,0,
13_05_2026_12_30,23881.20,23890.70,23852.80,23856.10,0,
13_05_2026_12_35,23853.70,23865.90,23781.30,23839.90,0,
13_05_2026_12_40,23837.50,23919.60,23826.40,23903.30,0,
13_05_2026_12_45,23904.90,23929.80,23890.20,23922.40,0,
13_05_2026_12_50,23921.30,23966.70,23891.60,23956.40,0,
13_05_2026_12_55,23955.70,23972.30,23948.10,23968.40,0,
13_05_2026_13_00,23969.30,24044.30,23967.40,24014.70,0,
13_05_2026_13_05,24012.60,24016.10,23971.80,23976.20,0,
13_05_2026_13_10,23974.90,24016.70,23967.30,23998.30,0,
13_05_2026_13_15,23996.30,24005.60,23979.10,23990.70,0,
13_05_2026_13_20,23990.80,24006.60,23982.40,23995.80,0,
13_05_2026_13_25,23996.60,24020.90,23991.50,24012.80,0,
13_05_2026_13_30,24010.30,24028.00,24005.70,24025.20,0,
13_05_2026_13_35,24027.20,24036.10,24011.90,24034.70,0,
13_05_2026_13_40,24035.20,24062.80,24029.20,24041.80,0,
13_05_2026_13_45,24041.60,24057.00,24032.80,24035.20,0,
13_05_2026_13_50,24035.90,24043.20,24023.80,24035.60,0,
13_05_2026_13_55,24037.20,24047.60,24015.00,24032.00,0,
13_05_2026_14_00,24031.30,24031.30,23980.60,23996.30,0,
13_05_2026_14_05,23994.70,24048.90,23993.40,24048.50,0,
13_05_2026_14_10,24045.80,24083.30,24045.40,24062.20,0,
13_05_2026_14_15,24064.20,24074.10,24033.30,24042.10,0,
13_05_2026_14_20,24042.30,24059.40,24030.20,24051.10,0,
13_05_2026_14_25,24050.80,24057.80,24032.60,24047.00,0,
13_05_2026_14_30,24046.80,24049.80,24008.30,24008.80,0,
13_05_2026_14_35,24006.60,24031.20,23994.70,24022.90,0,
13_05_2026_14_40,24024.40,24027.50,23985.30,23989.70,0,
13_05_2026_14_45,23987.00,24004.80,23979.40,23982.90,0,
13_05_2026_14_50,23981.70,23990.00,23968.60,23981.10,0,
13_05_2026_14_55,23982.10,23982.80,23959.40,23968.30,0,
13_05_2026_15_00,23967.10,23969.70,23894.20,23912.40,0,
13_05_2026_15_05,23915.20,23916.10,23888.20,23901.20,0,
13_05_2026_15_10,23901.80,23908.10,23892.60,23907.30,0,
13_05_2026_15_15,23907.00,23912.20,23885.10,23888.20,0,
13_05_2026_15_20,23889.00,23892.20,23857.30,23872.30,0,
13_05_2026_15_25,23873.20,23925.10,23870.10,23920.20,0,
14_05_2026_09_15,24151.70,24288.40,24137.80,24192.00,0,
14_05_2026_09_20,24191.70,24290.40,24189.60,24260.00,0,
14_05_2026_09_25,24259.20,24302.60,24254.90,24274.10,0,
14_05_2026_09_30,24275.30,24295.90,24258.10,24264.90,0,
14_05_2026_09_35,24265.90,24274.60,24212.30,24213.30,0,
14_05_2026_09_40,24214.00,24222.50,24152.80,24171.90,0,
14_05_2026_09_45,24171.30,24245.70,24168.80,24215.20,0,
14_05_2026_09_50,24215.40,24222.10,24192.80,24202.10,0,
14_05_2026_09_55,24201.80,24238.20,24191.60,24234.60,0,
14_05_2026_10_00,24234.20,24279.30,24221.20,24276.90,0,
14_05_2026_10_05,24277.80,24305.00,24248.70,24259.80,0,
14_05_2026_10_10,24259.20,24282.40,24248.20,24276.10,0,
14_05_2026_10_15,24278.10,24294.90,24262.30,24269.00,0,
14_05_2026_10_20,24268.80,24286.10,24256.80,24277.30,0,
14_05_2026_10_25,24276.10,24282.90,24253.70,24273.90,0,
14_05_2026_10_30,24273.70,24279.20,24248.70,24261.70,0,
14_05_2026_10_35,24260.80,24277.90,24250.10,24250.90,0,
14_05_2026_10_40,24250.80,24255.70,24237.90,24240.00,0,
14_05_2026_10_45,24241.20,24241.80,24206.60,24209.20,0,
14_05_2026_10_50,24209.80,24273.80,24204.80,24273.20,0,
14_05_2026_10_55,24273.70,24276.70,24255.90,24268.40,0,
14_05_2026_11_00,24270.30,24301.80,24261.10,24296.80,0,
14_05_2026_11_05,24297.30,24307.60,24272.30,24277.40,0,
14_05_2026_11_10,24276.70,24322.20,24276.70,24311.80,0,
14_05_2026_11_15,24311.90,24343.20,24310.90,24334.40,0,
14_05_2026_11_20,24334.70,24395.10,24326.60,24388.10,0,
14_05_2026_11_25,24388.80,24399.50,24369.70,24389.40,0,
14_05_2026_11_30,24390.20,24395.90,24369.90,24384.80,0,
14_05_2026_11_35,24384.00,24401.40,24374.70,24378.90,0,
14_05_2026_11_40,24376.60,24378.90,24339.80,24348.50,0,
14_05_2026_11_45,24349.30,24352.40,24335.50,24337.20,0,
14_05_2026_11_50,24336.70,24337.80,24301.10,24309.20,0,
14_05_2026_11_55,24309.80,24346.00,24309.10,24345.90,0,
14_05_2026_12_00,24345.80,24359.80,24337.20,24359.80,0,
14_05_2026_12_05,24359.70,24390.70,24358.90,24381.20,0,
14_05_2026_12_10,24380.50,24408.90,24369.30,24398.30,0,
14_05_2026_12_15,24397.60,24408.30,24387.90,24387.90,0,
14_05_2026_12_20,24388.80,24410.20,24382.90,24406.30,0,
14_05_2026_12_25,24406.80,24423.00,24400.40,24417.90,0,
14_05_2026_12_30,24418.60,24425.80,24402.20,24425.80,0,
14_05_2026_12_35,24426.60,24446.40,24422.90,24430.80,0,
14_05_2026_12_40,24429.90,24464.80,24429.90,24450.40,0,
14_05_2026_12_45,24451.80,24487.50,24450.70,24478.80,0,
14_05_2026_12_50,24481.40,24485.10,24464.30,24484.30,0,
14_05_2026_12_55,24485.40,24505.40,24480.80,24503.70,0,
14_05_2026_13_00,24504.00,24518.70,24498.80,24518.00,0,
14_05_2026_13_05,24518.60,24520.80,24476.60,24479.40,0,
14_05_2026_13_10,24477.90,24482.80,24468.60,24469.20,0,
14_05_2026_13_15,24469.10,24473.40,24452.40,24463.90,0,
14_05_2026_13_20,24462.80,24494.70,24461.00,24486.80,0,
14_05_2026_13_25,24486.30,24514.30,24481.30,24507.20,0,
14_05_2026_13_30,24508.10,24520.30,24496.20,24506.60,0,
14_05_2026_13_35,24507.40,24521.10,24502.60,24508.40,0,
14_05_2026_13_40,24509.20,24526.40,24500.70,24526.30,0,
14_05_2026_13_45,24526.50,24544.90,24513.20,24514.20,0,
14_05_2026_13_50,24514.30,24524.00,24504.00,24513.60,0,
14_05_2026_13_55,24512.60,24526.40,24510.80,24515.30,0,
14_05_2026_14_00,24515.50,24516.80,24495.70,24495.70,0,
14_05_2026_14_05,24495.70,24506.70,24492.90,24502.70,0,
14_05_2026_14_10,24502.20,24506.60,24486.20,24489.70,0,
14_05_2026_14_15,24490.20,24508.40,24485.80,24496.70,0,
14_05_2026_14_20,24497.60,24508.10,24485.60,24502.80,0,
14_05_2026_14_25,24502.20,24508.60,24487.90,24507.30,0,
14_05_2026_14_30,24508.30,24525.90,24505.60,24518.50,0,
14_05_2026_14_35,24518.50,24527.60,24493.80,24508.20,0,
14_05_2026_14_40,24507.60,24541.90,24504.80,24541.80,0,
14_05_2026_14_45,24542.80,24554.60,24502.10,24505.70,0,
14_05_2026_14_50,24505.70,24532.10,24495.40,24527.80,0,
14_05_2026_14_55,24528.60,24534.90,24514.10,24525.10,0,
14_05_2026_15_00,24523.90,24536.00,24518.40,24534.30,0,
14_05_2026_15_05,24534.20,24545.20,24528.10,24539.00,0,
14_05_2026_15_10,24538.10,24556.70,24529.10,24551.20,0,
14_05_2026_15_15,24549.20,24573.30,24545.80,24564.30,0,
14_05_2026_15_20,24564.90,24571.80,24556.20,24562.40,0,
14_05_2026_15_25,24561.40,24567.20,24525.70,24541.70,0,
15_05_2026_09_15,24641.10,24647.10,24559.80,24571.40,0,
15_05_2026_09_20,24567.40,24632.60,24557.60,24600.80,0,
15_05_2026_09_25,24598.80,24627.00,24566.20,24596.30,0,
15_05_2026_09_30,24595.30,24622.50,24571.90,24597.90,0,
15_05_2026_09_35,24597.80,24684.10,24592.90,24683.70,0,
15_05_2026_09_40,24682.40,24708.10,24672.00,24689.90,0,
15_05_2026_09_45,24691.80,24727.60,24676.40,24679.20,0,
15_05_2026_09_50,24677.70,24680.30,24653.80,24669.00,0,
15_05_2026_09_55,24669.60,24692.70,24662.50,24680.70,0,
15_05_2026_10_00,24680.10,24702.50,24659.30,24698.70,0,
15_05_2026_10_05,24700.10,24731.40,24695.60,24721.80,0,
15_05_2026_10_10,24722.80,24764.20,24721.70,24757.40,0,
15_05_2026_10_15,24759.30,24815.90,24759.30,24782.60,0,
15_05_2026_10_20,24783.40,24809.20,24775.80,24809.20,0,
15_05_2026_10_25,24809.90,24828.90,24804.40,24811.80,0,
15_05_2026_10_30,24812.70,24847.90,24798.20,24838.20,0,
15_05_2026_10_35,24838.20,24839.60,24796.10,24796.10,0,
15_05_2026_10_40,24796.50,24797.20,24768.20,24793.10,0,
15_05_2026_10_45,24792.70,24803.30,24759.80,24791.40,0,
15_05_2026_10_50,24789.60,24802.30,24780.20,24798.60,0,
15_05_2026_10_55,24798.10,24813.20,24787.90,24797.20,0,
15_05_2026_11_00,24794.70,24800.90,24775.30,24777.30,0,
15_05_2026_11_05,24777.40,24780.80,24724.00,24727.30,0,
15_05_2026_11_10,24726.40,24729.60,24701.00,24705.10,0,
15_05_2026_11_15,24703.90,24732.20,24703.90,24727.80,0,
15_05_2026_11_20,24727.80,24731.10,24704.50,24716.50,0,
15_05_2026_11_25,24717.20,24723.10,24706.20,24709.20,0,
15_05_2026_11_30,24707.80,24708.20,24662.70,24682.80,0,
15_05_2026_11_35,24684.30,24685.30,24655.60,24668.80,0,
15_05_2026_11_40,24669.10,24689.80,24668.30,24684.20,0,
15_05_2026_11_45,24683.90,24686.30,24664.20,24671.80,0,
15_05_2026_11_50,24671.80,24671.80,24643.60,24648.30,0,
15_05_2026_11_55,24647.90,24648.00,24624.60,24640.70,0,
15_05_2026_12_00,24640.60,24656.70,24630.20,24649.40,0,
15_05_2026_12_05,24649.40,24655.80,24632.50,24634.60,0,
15_05_2026_12_10,24634.80,24651.70,24629.90,24644.30,0,
15_05_2026_12_15,24643.40,24647.20,24614.40,24617.10,0,
15_05_2026_12_20,24618.50,24643.90,24605.90,24641.80,0,
15_05_2026_12_25,24642.80,24662.20,24636.40,24638.50,0,
15_05_2026_12_30,24640.40,24648.70,24628.80,24634.80,0,
15_05_2026_12_35,24634.50,24647.80,24628.60,24635.20,0,
15_05_2026_12_40,24634.30,24661.60,24634.30,24659.20,0,
15_05_2026_12_45,24660.90,24663.80,24635.50,24646.20,0,
15_05_2026_12_50,24646.20,24653.60,24641.40,24645.10,0,
15_05_2026_12_55,24644.90,24658.20,24644.90,24657.80,0,
15_05_2026_13_00,24657.80,24681.60,24655.80,24672.60,0,
15_05_2026_13_05,24672.60,24684.30,24662.80,24684.30,0,
15_05_2026_13_10,24682.70,24689.80,24672.40,24677.40,0,
15_05_2026_13_15,24677.40,24680.80,24666.50,24674.80,0,
15_05_2026_13_20,24673.70,24683.80,24660.60,24661.40,0,
15_05_2026_13_25,24661.20,24668.80,24638.80,24646.70,0,
15_05_2026_13_30,24646.70,24661.80,24639.60,24650.60,0,
15_05_2026_13_35,24649.90,24662.90,24647.90,24657.20,0,
15_05_2026_13_40,24656.20,24666.20,24650.50,24657.70,0,
15_05_2026_13_45,24657.70,24672.40,24641.90,24653.70,0,
15_05_2026_13_50,24653.80,24667.20,24651.70,24659.50,0,
15_05_2026_13_55,24659.00,24662.80,24634.40,24640.30,0,
15_05_2026_14_00,24638.80,24642.20,24613.60,24615.70,0,
15_05_2026_14_05,24615.80,24645.10,24614.40,24645.10,0,
15_05_2026_14_10,24645.10,24660.60,24641.70,24659.30,0,
15_05_2026_14_15,24659.60,24666.20,24640.10,24647.90,0,
15_05_2026_14_20,24647.80,24657.10,24640.20,24654.90,0,
15_05_2026_14_25,24655.00,24655.90,24628.40,24630.40,0,
15_05_2026_14_30,24631.20,24652.20,24625.20,24651.00,0,
15_05_2026_14_35,24650.40,24659.80,24635.50,24638.30,0,
15_05_2026_14_40,24638.70,24647.80,24622.40,24634.00,0,
15_05_2026_14_45,24634.20,24635.00,24576.70,24583.30,0,
15_05_2026_14_50,24583.20,24603.00,24570.20,24592.80,0,
15_05_2026_14_55,24594.60,24631.10,24580.40,24623.10,0,
15_05_2026_15_00,24622.90,24665.20,24605.10,24664.80,0,
15_05_2026_15_05,24663.80,24666.90,24645.40,24650.10,0,
15_05_2026_15_10,24650.00,24660.30,24632.10,24636.70,0,
15_05_2026_15_15,24636.70,24639.30,24615.90,24624.90,0,
15_05_2026_15_20,24625.10,24639.20,24617.60,24617.60,0,
15_05_2026_15_25,24617.80,24638.30,24606.80,24621.90,0,
18_05_2026_09_15,24617.00,24642.20,24526.10,24556.50,0,
18_05_2026_09_20,24557.90,24635.00,24545.00,24599.90,0,
18_05_2026_09_25,24600.60,24613.10,24541.80,24577.70,0,
18_05_2026_09_30,24580.20,24583.50,24540.10,24558.20,0,
18_05_2026_09_35,24558.30,24560.60,24489.70,24521.80,0,
18_05_2026_09_40,24520.70,24566.70,24517.20,24539.10,0,
18_05_2026_09_45,24539.20,24541.50,24483.40,24502.90,0,
18_05_2026_09_50,24503.10,24505.90,24460.80,24485.70,0,
18_05_2026_09_55,24484.20,24501.20,24436.20,24472.80,0,
18_05_2026_10_00,24472.80,24510.30,24457.20,24508.80,0,
18_05_2026_10_05,24508.90,24534.20,24497.00,24500.80,0,
18_05_2026_10_10,24498.40,24515.20,24485.80,24499.20,0,
18_05_2026_10_15,24499.30,24542.90,24490.30,24529.40,0,
18_05_2026_10_20,24529.20,24531.70,24488.20,24488.30,0,
18_05_2026_10_25,24486.90,24513.10,24479.50,24508.20,0,
18_05_2026_10_30,24508.10,24530.30,24489.70,24530.30,0,
18_05_2026_10_35,24531.20,24556.90,24525.30,24536.40,0,
18_05_2026_10_40,24536.00,24544.60,24518.40,24531.50,0,
18_05_2026_10_45,24531.90,24545.10,24525.10,24532.80,0,
18_05_2026_10_50,24532.70,24591.70,24532.70,24588.70,0,
18_05_2026_10_55,24588.40,24617.60,24586.80,24600.20,0,
18_05_2026_11_00,24599.10,24619.80,24583.30,24603.30,0,
18_05_2026_11_05,24604.20,24626.20,24588.40,24626.20,0,
18_05_2026_11_10,24626.30,24640.40,24609.30,24625.20,0,
18_05_2026_11_15,24626.10,24632.20,24610.30,24617.20,0,
18_05_2026_11_20,24617.50,24618.10,24579.30,24610.80,0,
18_05_2026_11_25,24610.50,24611.90,24571.60,24581.30,0,
18_05_2026_11_30,24581.00,24628.30,24581.00,24593.20,0,
18_05_2026_11_35,24593.20,24617.40,24582.00,24608.50,0,
18_05_2026_11_40,24608.80,24608.80,24584.40,24590.90,0,
18_05_2026_11_45,24590.60,24602.40,24584.50,24592.20,0,
18_05_2026_11_50,24592.10,24594.60,24574.50,24576.60,0,
18_05_2026_11_55,24577.30,24582.40,24562.20,24562.20,0,
18_05_2026_12_00,24563.00,24595.10,24561.70,24585.80,0,
18_05_2026_12_05,24585.50,24656.60,24578.80,24646.40,0,
18_05_2026_12_10,24646.60,24685.20,24645.90,24660.20,0,
18_05_2026_12_15,24659.70,24675.80,24655.60,24667.10,0,
18_05_2026_12_20,24667.80,24669.70,24650.70,24668.80,0,
18_05_2026_12_25,24668.20,24675.70,24653.00,24653.00,0,
18_05_2026_12_30,24653.10,24672.30,24649.80,24668.80,0,
18_05_2026_12_35,24670.10,24680.60,24663.10,24665.30,0,
18_05_2026_12_40,24665.90,24675.60,24654.10,24675.00,0,
18_05_2026_12_45,24674.80,24692.00,24665.20,24688.80,0,
18_05_2026_12_50,24688.60,24693.10,24683.70,24686.20,0,
18_05_2026_12_55,24686.10,24732.20,24683.80,24732.00,0,
18_05_2026_13_00,24732.20,24747.40,24724.00,24741.40,0,
18_05_2026_13_05,24740.60,24742.80,24719.40,24732.90,0,
18_05_2026_13_10,24733.90,24738.90,24719.40,24736.70,0,
18_05_2026_13_15,24736.50,24752.30,24733.50,24742.30,0,
18_05_2026_13_20,24742.20,24760.70,24730.70,24758.30,0,
18_05_2026_13_25,24758.20,24779.60,24754.70,24758.20,0,
18_05_2026_13_30,24758.70,24767.80,24752.30,24754.80,0,
18_05_2026_13_35,24754.80,24759.10,24738.30,24744.30,0,
18_05_2026_13_40,24744.80,24773.90,24740.10,24757.90,0,
18_05_2026_13_45,24758.20,24768.20,24740.20,24766.10,0,
18_05_2026_13_50,24767.50,24775.80,24757.80,24768.20,0,
18_05_2026_13_55,24769.00,24788.90,24760.30,24769.90,0,
18_05_2026_14_00,24769.10,24771.30,24746.30,24753.50,0,
18_05_2026_14_05,24752.90,24755.90,24728.20,24733.20,0,
18_05_2026_14_10,24733.20,24755.80,24731.80,24744.20,0,
18_05_2026_14_15,24743.40,24743.40,24711.20,24721.20,0,
18_05_2026_14_20,24720.90,24737.10,24718.20,24721.90,0,
18_05_2026_14_25,24722.10,24742.50,24715.50,24741.70,0,
18_05_2026_14_30,24741.40,24760.60,24735.30,24752.40,0,
18_05_2026_14_35,24752.40,24753.30,24719.40,24720.80,0,
18_05_2026_14_40,24719.30,24749.30,24711.40,24741.90,0,
18_05_2026_14_45,24741.50,24741.50,24704.10,24709.80,0,
18_05_2026_14_50,24709.60,24734.70,24697.80,24727.70,0,
18_05_2026_14_55,24729.50,24740.60,24717.30,24722.90,0,
18_05_2026_15_00,24723.10,24784.20,24723.10,24761.30,0,
18_05_2026_15_05,24760.10,24771.20,24727.40,24743.10,0,
18_05_2026_15_10,24743.40,24756.40,24739.10,24746.60,0,
18_05_2026_15_15,24745.90,24765.30,24741.40,24752.90,0,
18_05_2026_15_20,24754.30,24774.90,24751.20,24771.20,0,
18_05_2026_15_25,24771.60,24777.20,24732.70,24770.80,0,
19_05_2026_09_15,24771.90,24842.90,24754.30,24817.20,0,
19_05_2026_09_20,24817.20,24914.90,24812.80,24893.80,0,
19_05_2026_09_25,24892.70,24907.30,24845.50,24882.80,0,
19_05_2026_09_30,24885.30,24917.00,24797.20,24802.50,0,
19_05_2026_09_35,24801.60,24840.30,24780.30,24824.80,0,
19_05_2026_09_40,24824.20,24903.80,24822.10,24877.20,0,
19_05_2026_09_45,24877.80,24901.40,24858.30,24868.10,0,
19_05_2026_09_50,24868.10,24877.70,24848.40,24867.80,0,
19_05_2026_09_55,24870.20,24911.40,24860.80,24895.10,0,
19_05_2026_10_00,24894.20,24957.90,24889.70,24941.60,0,
19_05_2026_10_05,24942.60,24953.20,24928.20,24941.20,0,
19_05_2026_10_10,24941.60,24965.00,24938.10,24951.30,0,
19_05_2026_10_15,24953.40,24960.70,24944.80,24948.90,0,
19_05_2026_10_20,24949.50,24967.80,24948.00,24963.90,0,
19_05_2026_10_25,24965.40,24968.90,24954.00,24958.00,0,
19_05_2026_10_30,24959.70,24998.20,24957.90,24986.60,0,
19_05_2026_10_35,24987.10,25001.20,24982.10,24993.10,0,
19_05_2026_10_40,24995.20,24996.80,24960.00,24966.40,0,
19_05_2026_10_45,24968.80,24972.80,24953.80,24958.20,0,
19_05_2026_10_50,24959.00,24961.50,24918.40,24930.80,0,
19_05_2026_10_55,24930.80,24959.10,24930.70,24951.30,0,
19_05_2026_11_00,24951.10,24962.40,24945.80,24955.70,0,
19_05_2026_11_05,24956.10,24965.30,24948.30,24958.60,0,
19_05_2026_11_10,24958.90,24970.60,24941.80,24943.50,0,
19_05_2026_11_15,24943.20,24950.70,24934.70,24945.30,0,
19_05_2026_11_20,24945.50,24945.90,24917.40,24923.60,0,
19_05_2026_11_25,24923.00,24933.60,24916.70,24918.20,0,
19_05_2026_11_30,24914.90,24931.80,24910.70,24924.50,0,
19_05_2026_11_35,24924.90,24934.80,24917.40,24930.20,0,
19_05_2026_11_40,24929.80,24932.90,24921.90,24924.80,0,
19_05_2026_11_45,24925.10,24928.60,24918.70,24920.40,0,
19_05_2026_11_50,24920.80,24929.40,24910.20,24919.20,0,
19_05_2026_11_55,24919.20,24922.00,24895.80,24902.20,0,
19_05_2026_12_00,24902.20,24906.80,24877.80,24880.00,0,
19_05_2026_12_05,24882.80,24897.30,24879.20,24891.00,0,
19_05_2026_12_10,24891.40,24892.80,24878.20,24890.20,0,
19_05_2026_12_15,24890.90,24899.30,24886.60,24897.20,0,
19_05_2026_12_20,24897.40,24914.20,24895.00,24899.40,0,
19_05_2026_12_25,24899.60,24929.70,24895.90,24916.70,0,
19_05_2026_12_30,24916.80,24932.80,24911.30,24916.50,0,
19_05_2026_12_35,24916.80,24916.80,24902.40,24908.70,0,
19_05_2026_12_40,24909.50,24917.80,24908.80,24913.60,0,
19_05_2026_12_45,24913.60,24924.30,24910.70,24913.20,0,
19_05_2026_12_50,24913.40,24915.50,24903.70,24908.80,0,
19_05_2026_12_55,24909.80,24909.80,24887.10,24893.60,0,
19_05_2026_13_00,24892.60,24905.70,24891.80,24895.80,0,
19_05_2026_13_05,24895.20,24897.60,24891.40,24896.10,0,
19_05_2026_13_10,24895.70,24897.00,24882.20,24889.50,0,
19_05_2026_13_15,24889.10,24898.80,24883.80,24890.20,0,
19_05_2026_13_20,24889.10,24890.60,24875.20,24878.90,0,
19_05_2026_13_25,24878.60,24889.80,24875.50,24888.90,0,
19_05_2026_13_30,24887.40,24899.10,24884.10,24892.40,0,
19_05_2026_13_35,24892.60,24893.50,24864.30,24867.40,0,
19_05_2026_13_40,24868.90,24874.50,24860.30,24863.00,0,
19_05_2026_13_45,24863.90,24865.70,24856.30,24860.20,0,
19_05_2026_13_50,24860.20,24872.20,24858.00,24864.20,0,
19_05_2026_13_55,24864.60,24868.10,24857.80,24860.30,0,
19_05_2026_14_00,24861.20,24884.10,24849.40,24883.00,0,
19_05_2026_14_05,24884.20,24885.70,24868.60,24873.70,0,
19_05_2026_14_10,24874.70,24910.40,24870.00,24889.30,0,
19_05_2026_14_15,24890.10,24895.30,24879.20,24889.40,0,
19_05_2026_14_20,24891.00,24927.20,24890.40,24920.60,0,
19_05_2026_14_25,24920.20,24930.50,24905.10,24917.60,0,
19_05_2026_14_30,24917.40,24925.90,24904.80,24908.80,0,
19_05_2026_14_35,24910.20,24929.20,24902.10,24919.50,0,
19_05_2026_14_40,24921.00,24934.30,24910.70,24913.20,0,
19_05_2026_14_45,24914.20,24914.20,24889.60,24902.80,0,
19_05_2026_14_50,24902.90,24914.10,24885.80,24888.30,0,
19_05_2026_14_55,24888.80,24888.90,24872.40,24875.40,0,
19_05_2026_15_00,24876.20,24880.50,24858.70,24872.90,0,
19_05_2026_15_05,24873.40,24875.20,24863.70,24874.20,0,
19_05_2026_15_10,24875.10,24875.90,24852.40,24860.80,0,
19_05_2026_15_15,24860.60,24890.20,24860.20,24877.90,0,
19_05_2026_15_20,24878.30,24879.70,24856.90,24858.30,0,
19_05_2026_15_25,24858.70,24881.20,24845.10,24860.60,0,
20_05_2026_09_15,24810.70,24950.80,24775.40,24944.60,0,
20_05_2026_09_20,24945.30,24990.80,24930.90,24966.10,0,
20_05_2026_09_25,24968.30,25016.20,24963.30,25003.20,0,
20_05_2026_09_30,25003.20,25021.10,24960.10,24960.10,0,
20_05_2026_09_35,24960.40,24967.90,24930.10,24964.60,0,
20_05_2026_09_40,24964.20,24981.30,24960.70,24963.20,0,
20_05_2026_09_45,24963.50,25019.80,24963.50,25005.10,0,
20_05_2026_09_50,25004.20,25043.20,25004.20,25036.20,0,
20_05_2026_09_55,25038.20,25040.70,25019.20,25023.70,0,
20_05_2026_10_00,25024.00,25029.10,24986.10,24990.60,0,
20_05_2026_10_05,24990.90,24993.20,24966.70,24981.50,0,
20_05_2026_10_10,24981.50,25005.60,24979.30,24993.90,0,
20_05_2026_10_15,24993.20,25009.20,24975.70,24975.70,0,
20_05_2026_10_20,24972.90,24975.70,24938.30,24942.00,0,
20_05_2026_10_25,24941.70,24954.80,24932.10,24954.80,0,
20_05_2026_10_30,24955.10,25000.90,24953.20,25000.30,0,
20_05_2026_10_35,24999.80,25004.40,24947.40,24950.10,0,
20_05_2026_10_40,24955.80,24966.90,24944.30,24950.20,0,
20_05_2026_10_45,24949.70,24957.20,24940.80,24945.50,0,
20_05_2026_10_50,24945.80,24962.30,24944.50,24959.20,0,
20_05_2026_10_55,24959.80,24968.70,24953.60,24955.60,0,
20_05_2026_11_00,24956.60,24969.20,24929.70,24931.80,0,
20_05_2026_11_05,24931.50,24944.30,24917.40,24919.20,0,
20_05_2026_11_10,24919.20,24922.20,24866.70,24867.70,0,
20_05_2026_11_15,24866.10,24867.80,24822.90,24847.10,0,
20_05_2026_11_20,24846.60,24883.20,24840.70,24882.00,0,
20_05_2026_11_25,24882.10,24884.90,24858.70,24870.90,0,
20_05_2026_11_30,24870.70,24878.70,24852.60,24862.30,0,
20_05_2026_11_35,24861.80,24870.70,24851.70,24854.70,0,
20_05_2026_11_40,24855.00,24866.90,24843.80,24859.40,0,
20_05_2026_11_45,24858.80,24881.40,24857.70,24879.70,0,
20_05_2026_11_50,24879.80,24896.20,24875.30,24895.40,0,
20_05_2026_11_55,24894.60,24896.90,24858.60,24859.20,0,
20_05_2026_12_00,24858.30,24878.10,24858.30,24867.70,0,
20_05_2026_12_05,24866.80,24875.10,24854.80,24855.50,0,
20_05_2026_12_10,24855.70,24856.00,24830.20,24846.40,0,
20_05_2026_12_15,24846.70,24863.40,24846.20,24856.40,0,
20_05_2026_12_20,24857.20,24873.50,24854.70,24863.60,0,
20_05_2026_12_25,24863.80,24864.80,24854.60,24855.80,0,
20_05_2026_12_30,24855.90,24869.00,24853.10,24865.80,0,
20_05_2026_12_35,24865.80,24881.40,24862.20,24875.90,0,
20_05_2026_12_40,24875.90,24907.00,24875.10,24902.00,0,
20_05_2026_12_45,24902.60,24915.60,24901.20,24910.80,0,
20_05_2026_12_50,24910.60,24919.80,24906.00,24914.00,0,
20_05_2026_12_55,24913.80,24913.90,24891.20,24902.40,0,
20_05_2026_13_00,24902.60,24905.80,24883.30,24883.30,0,
20_05_2026_13_05,24882.30,24882.80,24846.40,24852.60,0,
20_05_2026_13_10,24852.10,24864.20,24847.20,24853.50,0,
20_05_2026_13_15,24854.70,24857.00,24840.40,24842.80,0,
20_05_2026_13_20,24842.00,24845.40,24815.90,24824.70,0,
20_05_2026_13_25,24824.40,24832.80,24799.80,24800.70,0,
20_05_2026_13_30,24800.90,24813.60,24795.50,24812.30,0,
20_05_2026_13_35,24815.30,24846.60,24812.20,24844.30,0,
20_05_2026_13_40,24844.40,24846.70,24831.60,24831.60,0,
20_05_2026_13_45,24830.20,24838.70,24818.80,24827.10,0,
20_05_2026_13_50,24829.10,24854.80,24826.70,24852.40,0,
20_05_2026_13_55,24853.80,24868.70,24847.90,24868.70,0,
20_05_2026_14_00,24870.80,24879.70,24856.80,24860.20,0,
20_05_2026_14_05,24860.40,24883.80,24853.80,24872.40,0,
20_05_2026_14_10,24872.30,24882.60,24869.40,24877.80,0,
20_05_2026_14_15,24876.20,24881.80,24867.40,24871.30,0,
20_05_2026_14_20,24871.50,24881.20,24865.40,24875.20,0,
20_05_2026_14_25,24875.70,24876.20,24852.90,24864.20,0,
20_05_2026_14_30,24863.80,24875.80,24863.20,24872.60,0,
20_05_2026_14_35,24871.90,24896.40,24871.50,24896.30,0,
20_05_2026_14_40,24896.00,24907.40,24893.60,24897.10,0,
20_05_2026_14_45,24897.40,24907.10,24892.80,24905.80,0,
20_05_2026_14_50,24906.20,24912.00,24892.80,24896.10,0,
20_05_2026_14_55,24896.50,24900.40,24863.20,24864.90,0,
20_05_2026_15_00,24867.70,24867.70,24808.80,24819.80,0,
20_05_2026_15_05,24819.60,24857.40,24817.30,24851.10,0,
20_05_2026_15_10,24851.70,24864.20,24846.60,24859.80,0,
20_05_2026_15_15,24861.30,24862.60,24839.60,24841.10,0,
20_05_2026_15_20,24840.70,24849.50,24831.80,24840.30,0,
20_05_2026_15_25,24840.80,24870.80,24835.00,24835.30,0,
21_05_2026_09_15,24992.90,25001.00,24888.10,24903.50,0,
21_05_2026_09_20,24903.90,24903.90,24852.20,24893.50,0,
21_05_2026_09_25,24895.20,24901.40,24872.80,24889.60,0,
21_05_2026_09_30,24892.10,24906.80,24863.80,24897.70,0,
21_05_2026_09_35,24901.00,24970.30,24884.40,24966.40,0,
21_05_2026_09_40,24966.10,24975.40,24953.10,24970.50,0,
21_05_2026_09_45,24971.60,24977.60,24937.30,24940.20,0,
21_05_2026_09_50,24939.80,24939.80,24904.30,24930.00,0,
21_05_2026_09_55,24930.40,24936.40,24897.10,24898.40,0,
21_05_2026_10_00,24901.10,24905.20,24861.40,24876.10,0,
21_05_2026_10_05,24877.20,24877.30,24825.70,24830.70,0,
21_05_2026_10_10,24831.30,24852.80,24825.40,24851.30,0,
21_05_2026_10_15,24851.50,24865.90,24832.20,24842.80,0,
21_05_2026_10_20,24841.50,24859.20,24836.00,24846.70,0,
21_05_2026_10_25,24847.70,24864.10,24837.70,24860.10,0,
21_05_2026_10_30,24862.00,24873.60,24840.80,24846.20,0,
21_05_2026_10_35,24847.40,24865.90,24834.30,24837.10,0,
21_05_2026_10_40,24839.60,24877.40,24837.10,24866.40,0,
21_05_2026_10_45,24866.30,24879.70,24842.80,24872.10,0,
21_05_2026_10_50,24873.80,24878.20,24852.10,24866.20,0,
21_05_2026_10_55,24867.70,24867.70,24849.90,24852.20,0,
21_05_2026_11_00,24853.00,24856.10,24843.60,24847.30,0,
21_05_2026_11_05,24847.50,24857.40,24839.90,24854.40,0,
21_05_2026_11_10,24856.60,24856.80,24843.40,24843.40,0,
21_05_2026_11_15,24845.10,24845.30,24816.10,24844.80,0,
21_05_2026_11_20,24845.20,24871.70,24840.70,24864.40,0,
21_05_2026_11_25,24864.40,24874.80,24862.90,24867.20,0,
21_05_2026_11_30,24867.80,24875.10,24854.00,24865.40,0,
21_05_2026_11_35,24866.50,24876.30,24861.80,24862.90,0,
21_05_2026_11_40,24862.60,24873.20,24841.70,24846.50,0,
21_05_2026_11_45,24847.50,24848.30,24806.40,24807.20,0,
21_05_2026_11_50,24806.70,24809.30,24789.20,24791.80,0,
21_05_2026_11_55,24793.70,24809.40,24782.70,24798.10,0,
21_05_2026_12_00,24798.30,24815.60,24797.20,24809.20,0,
21_05_2026_12_05,24808.80,24830.90,24804.40,24826.50,0,
21_05_2026_12_10,24826.80,24829.20,24811.50,24812.20,0,
21_05_2026_12_15,24811.80,24840.60,24806.70,24837.10,0,
21_05_2026_12_20,24836.40,24848.70,24831.40,24840.30,0,
21_05_2026_12_25,24840.70,24849.90,24819.20,24839.20,0,
21_05_2026_12_30,24837.80,24848.90,24833.20,24844.40,0,
21_05_2026_12_35,24843.90,24850.00,24822.30,24824.80,0,
21_05_2026_12_40,24824.30,24850.80,24806.20,24847.60,0,
21_05_2026_12_45,24850.60,24852.50,24827.10,24832.30,0,
21_05_2026_12_50,24832.30,24871.20,24831.20,24860.60,0,
21_05_2026_12_55,24860.70,24870.40,24847.40,24854.10,0,
21_05_2026_13_00,24855.80,24873.90,24852.80,24865.90,0,
21_05_2026_13_05,24865.20,24926.10,24864.90,24922.40,0,
21_05_2026_13_10,24922.00,24947.70,24921.60,24929.60,0,
21_05_2026_13_15,24932.00,24943.60,24899.20,24908.20,0,
21_05_2026_13_20,24906.80,24921.60,24902.00,24905.70,0,
21_05_2026_13_25,24904.20,24916.20,24897.80,24902.20,0,
21_05_2026_13_30,24901.50,24909.10,24891.90,24905.20,0,
21_05_2026_13_35,24904.60,24921.40,24901.80,24907.60,0,
21_05_2026_13_40,24906.50,24935.30,24905.50,24920.90,0,
21_05_2026_13_45,24920.30,24923.00,24888.30,24888.70,0,
21_05_2026_13_50,24891.70,24896.20,24876.70,24893.60,0,
21_05_2026_13_55,24893.10,24898.00,24872.60,24896.50,0,
21_05_2026_14_00,24897.00,24903.20,24887.00,24902.20,0,
21_05_2026_14_05,24903.20,24905.90,24883.80,24892.70,0,
21_05_2026_14_10,24892.60,24906.60,24887.40,24899.60,0,
21_05_2026_14_15,24899.30,24908.30,24890.40,24906.40,0,
21_05_2026_14_20,24909.00,24932.70,24906.40,24931.90,0,
21_05_2026_14_25,24932.20,24946.80,24925.50,24930.30,0,
21_05_2026_14_30,24930.30,24950.90,24929.00,24944.20,0,
21_05_2026_14_35,24943.40,24950.70,24906.80,24909.10,0,
21_05_2026_14_40,24909.90,24933.30,24881.20,24886.80,0,
21_05_2026_14_45,24886.30,24909.20,24882.30,24901.20,0,
21_05_2026_14_50,24899.30,24920.80,24897.70,24910.90,0,
21_05_2026_14_55,24911.80,24933.30,24908.80,24916.70,0,
21_05_2026_15_00,24915.30,24929.20,24897.70,24904.00,0,
21_05_2026_15_05,24903.20,24912.10,24879.20,24883.90,0,
21_05_2026_15_10,24884.90,24892.40,24872.80,24878.80,0,
21_05_2026_15_15,24879.10,24882.70,24862.50,24879.00,0,
21_05_2026_15_20,24877.60,24886.30,24862.10,24868.50,0,
21_05_2026_15_25,24868.40,24900.30,24864.80,24886.20,0,
22_05_2026_09_15,24958.70,24979.10,24795.20,24833.90,0,
22_05_2026_09_20,24837.80,24880.60,24836.80,24846.20,0,
22_05_2026_09_25,24848.50,24869.80,24828.20,24828.30,0,
22_05_2026_09_30,24827.50,24836.10,24791.20,24819.60,0,
22_05_2026_09_35,24817.20,24819.10,24766.80,24776.50,0,
22_05_2026_09_40,24776.80,24781.70,24739.30,24764.80,0,
22_05_2026_09_45,24764.50,24769.10,24711.20,24711.50,0,
22_05_2026_09_50,24712.20,24761.90,24711.80,24758.80,0,
22_05_2026_09_55,24758.80,24764.20,24702.80,24709.30,0,
22_05_2026_10_00,24709.50,24711.20,24687.60,24696.60,0,
22_05_2026_10_05,24696.20,24719.50,24685.20,24698.70,0,
22_05_2026_10_10,24698.70,24712.20,24691.30,24697.70,0,
22_05_2026_10_15,24697.40,24702.80,24673.90,24681.80,0,
22_05_2026_10_20,24683.70,24702.80,24678.80,24680.50,0,
22_05_2026_10_25,24680.50,24688.80,24646.50,24663.20,0,
22_05_2026_10_30,24662.80,24708.70,24662.80,24699.60,0,
22_05_2026_10_35,24699.30,24711.30,24679.50,24703.30,0,
22_05_2026_10_40,24705.20,24730.30,24704.70,24729.20,0,
22_05_2026_10_45,24729.60,24748.10,24717.30,24722.70,0,
22_05_2026_10_50,24723.10,24737.90,24713.80,24733.30,0,
22_05_2026_10_55,24734.90,24734.90,24700.80,24712.60,0,
22_05_2026_11_00,24713.10,24713.10,24685.20,24687.70,0,
22_05_2026_11_05,24689.20,24692.90,24656.80,24662.40,0,
22_05_2026_11_10,24662.10,24671.80,24655.80,24671.80,0,
22_05_2026_11_15,24672.10,24707.80,24672.10,24701.30,0,
22_05_2026_11_20,24701.30,24703.90,24674.40,24689.90,0,
22_05_2026_11_25,24690.70,24691.20,24659.20,24671.20,0,
22_05_2026_11_30,24672.80,24674.70,24643.10,24646.30,0,
22_05_2026_11_35,24647.20,24673.60,24647.20,24673.00,0,
22_05_2026_11_40,24674.60,24685.60,24666.20,24676.80,0,
22_05_2026_11_45,24676.80,24682.30,24653.80,24664.00,0,
22_05_2026_11_50,24663.90,24687.20,24661.80,24675.60,0,
22_05_2026_11_55,24675.50,24679.60,24666.60,24675.40,0,
22_05_2026_12_00,24675.10,24675.30,24650.20,24668.40,0,
22_05_2026_12_05,24668.90,24687.20,24664.80,24683.70,0,
22_05_2026_12_10,24684.60,24687.90,24670.80,24674.30,0,
22_05_2026_12_15,24673.90,24680.40,24661.40,24664.70,0,
22_05_2026_12_20,24664.20,24676.90,24656.30,24659.90,0,
22_05_2026_12_25,24660.60,24673.20,24657.40,24661.80,0,
22_05_2026_12_30,24661.40,24661.40,24644.70,24653.50,0,
22_05_2026_12_35,24654.20,24671.00,24649.60,24667.80,0,
22_05_2026_12_40,24667.80,24672.80,24645.70,24652.80,0,
22_05_2026_12_45,24653.20,24669.10,24645.10,24662.80,0,
22_05_2026_12_50,24663.80,24666.60,24653.20,24657.30,0,
22_05_2026_12_55,24657.30,24674.00,24657.30,24672.20,0,
22_05_2026_13_00,24672.40,24681.80,24666.70,24674.50,0,
22_05_2026_13_05,24674.40,24679.50,24657.90,24662.70,0,
22_05_2026_13_10,24663.60,24680.90,24662.40,24664.60,0,
22_05_2026_13_15,24664.40,24669.20,24647.20,24658.10,0,
22_05_2026_13_20,24657.80,24674.80,24657.80,24670.30,0,
22_05_2026_13_25,24669.90,24690.80,24666.60,24687.40,0,
22_05_2026_13_30,24685.90,24738.30,24685.80,24738.10,0,
22_05_2026_13_35,24738.60,24746.70,24732.80,24741.70,0,
22_05_2026_13_40,24741.80,24743.90,24723.90,24724.50,0,
22_05_2026_13_45,24724.20,24735.00,24713.10,24713.40,0,
22_05_2026_13_50,24715.60,24718.30,24700.80,24706.70,0,
22_05_2026_13_55,24706.80,24707.50,24679.10,24685.20,0,
22_05_2026_14_00,24685.20,24697.10,24680.20,24682.70,0,
22_05_2026_14_05,24683.90,24704.30,24674.80,24699.10,0,
22_05_2026_14_10,24699.20,24721.60,24686.80,24719.80,0,
22_05_2026_14_15,24719.20,24722.20,24705.80,24708.20,0,
22_05_2026_14_20,24708.30,24711.50,24695.60,24705.40,0,
22_05_2026_14_25,24707.60,24710.20,24684.40,24684.40,0,
22_05_2026_14_30,24685.40,24706.20,24674.20,24700.70,0,
22_05_2026_14_35,24700.20,24703.80,24675.40,24681.00,0,
22_05_2026_14_40,24681.10,24689.40,24647.20,24660.60,0,
22_05_2026_14_45,24660.60,24696.60,24631.90,24637.30,0,
22_05_2026_14_50,24639.80,24639.80,24566.60,24581.20,0,
22_05_2026_14_55,24581.60,24613.80,24579.80,24593.60,0,
22_05_2026_15_00,24594.80,24595.60,24550.90,24565.40,0,
22_05_2026_15_05,24563.50,24623.80,24562.70,24620.60,0,
22_05_2026_15_10,24619.50,24628.90,24572.00,24577.60,0,
22_05_2026_15_15,24578.20,24594.90,24565.30,24569.60,0,
22_05_2026_15_20,24569.80,24577.20,24547.70,24571.70,0,
22_05_2026_15_25,24575.40,24579.90,24519.80,24552.20,0,
25_05_2026_09_15,24616.00,24670.20,24543.80,24662.10,0,
25_05_2026_09_20,24666.60,24700.90,24627.20,24627.20,0,
25_05_2026_09_25,24629.50,24710.20,24626.90,24682.00,0,
25_05_2026_09_30,24684.50,24687.20,24614.30,24648.50,0,
25_05_2026_09_35,24650.20,24669.80,24625.60,24652.40,0,
25_05_2026_09_40,24652.70,24668.40,24635.10,24668.40,0,
25_05_2026_09_45,24669.10,24713.20,24662.60,24712.10,0,
25_05_2026_09_50,24710.00,24711.40,24668.00,24678.40,0,
25_05_2026_09_55,24678.80,24726.40,24657.90,24720.90,0,
25_05_2026_10_00,24719.10,24762.90,24719.10,24750.70,0,
25_05_2026_10_05,24750.40,24752.20,24687.20,24704.70,0,
25_05_2026_10_10,24706.60,24707.50,24673.20,24680.50,0,
25_05_2026_10_15,24681.60,24706.10,24660.30,24689.60,0,
25_05_2026_10_20,24692.20,24696.20,24657.60,24663.10,0,
25_05_2026_10_25,24665.30,24666.10,24645.60,24653.30,0,
25_05_2026_10_30,24653.80,24667.80,24646.10,24667.30,0,
25_05_2026_10_35,24668.40,24684.30,24660.20,24674.80,0,
25_05_2026_10_40,24677.90,24689.10,24667.60,24685.10,0,
25_05_2026_10_45,24687.70,24702.10,24674.30,24690.70,0,
25_05_2026_10_50,24691.90,24706.30,24678.90,24703.20,0,
25_05_2026_10_55,24704.20,24704.50,24667.90,24669.10,0,
25_05_2026_11_00,24672.00,24681.40,24665.30,24671.40,0,
25_05_2026_11_05,24672.70,24692.10,24672.70,24686.60,0,
25_05_2026_11_10,24687.30,24690.60,24651.20,24655.30,0,
25_05_2026_11_15,24655.90,24676.60,24644.80,24654.30,0,
25_05_2026_11_20,24653.70,24662.90,24641.10,24655.00,0,
25_05_2026_11_25,24657.80,24659.70,24648.20,24651.20,0,
25_05_2026_11_30,24652.60,24678.30,24646.50,24670.70,0,
25_05_2026_11_35,24669.30,24687.80,24663.60,24668.20,0,
25_05_2026_11_40,24670.00,24673.10,24651.50,24655.20,0,
25_05_2026_11_45,24657.60,24660.60,24642.20,24656.20,0,
25_05_2026_11_50,24658.20,24672.00,24644.80,24668.30,0,
25_05_2026_11_55,24670.00,24692.30,24666.30,24680.70,0,
25_05_2026_12_00,24682.40,24682.40,24646.20,24650.20,0,
25_05_2026_12_05,24650.20,24666.90,24642.30,24643.90,0,
25_05_2026_12_10,24646.50,24647.30,24616.50,24618.30,0,
25_05_2026_12_15,24621.60,24633.40,24614.80,24629.70,0,
25_05_2026_12_20,24630.80,24637.90,24626.20,24633.20,0,
25_05_2026_12_25,24634.00,24638.40,24620.60,24623.60,0,
25_05_2026_12_30,24625.30,24625.30,24607.70,24623.70,0,
25_05_2026_12_35,24624.80,24637.30,24623.30,24632.60,0,
25_05_2026_12_40,24633.40,24642.50,24627.00,24639.90,0,
25_05_2026_12_45,24640.90,24641.60,24610.80,24611.80,0,
25_05_2026_12_50,24611.80,24620.90,24602.30,24611.00,0,
25_05_2026_12_55,24611.40,24611.40,24575.30,24584.40,0,
25_05_2026_13_00,24584.30,24588.30,24560.60,24582.90,0,
25_05_2026_13_05,24583.10,24593.80,24568.80,24578.90,0,
25_05_2026_13_10,24578.70,24581.20,24566.20,24569.10,0,
25_05_2026_13_15,24569.30,24570.20,24560.20,24563.30,0,
25_05_2026_13_20,24563.40,24571.70,24557.20,24568.40,0,
25_05_2026_13_25,24568.30,24585.30,24563.70,24582.20,0,
25_05_2026_13_30,24585.20,24588.20,24566.90,24577.70,0,
25_05_2026_13_35,24579.50,24590.20,24571.30,24579.10,0,
25_05_2026_13_40,24579.00,24579.00,24561.20,24570.10,0,
25_05_2026_13_45,24571.20,24594.00,24566.40,24591.20,0,
25_05_2026_13_50,24594.00,24605.80,24585.10,24605.80,0,
25_05_2026_13_55,24605.80,24613.40,24589.90,24603.90,0,
25_05_2026_14_00,24604.10,24625.60,24603.40,24613.90,0,
25_05_2026_14_05,24615.80,24621.80,24602.30,24621.80,0,
25_05_2026_14_10,24621.30,24640.60,24616.20,24636.20,0,
25_05_2026_14_15,24636.60,24659.70,24636.60,24643.90,0,
25_05_2026_14_20,24643.60,24663.20,24642.80,24663.20,0,
25_05_2026_14_25,24663.40,24677.20,24658.90,24677.20,0,
25_05_2026_14_30,24677.20,24687.40,24668.20,24685.10,0,
25_05_2026_14_35,24687.20,24704.90,24674.90,24693.10,0,
25_05_2026_14_40,24694.40,24717.70,24674.10,24712.60,0,
25_05_2026_14_45,24712.30,24716.20,24681.70,24685.70,0,
25_05_2026_14_50,24685.30,24698.80,24679.60,24685.90,0,
25_05_2026_14_55,24686.30,24697.60,24682.10,24685.90,0,
25_05_2026_15_00,24689.30,24692.70,24667.60,24676.70,0,
25_05_2026_15_05,24677.90,24679.80,24666.40,24672.20,0,
25_05_2026_15_10,24673.10,24679.70,24664.20,24671.30,0,
25_05_2026_15_15,24668.90,24686.90,24658.40,24680.00,0,
25_05_2026_15_20,24679.10,24690.50,24666.90,24684.60,0,
25_05_2026_15_25,24684.30,24712.10,24679.70,24698.90,0,
26_05_2026_09_15,24680.80,24755.40,24624.80,24650.20,0,
26_05_2026_09_20,24647.10,24656.30,24591.90,24601.70,0,
26_05_2026_09_25,24601.60,24650.20,24595.20,24642.80,0,
26_05_2026_09_30,24642.30,24644.90,24626.80,24638.40,0,
26_05_2026_09_35,24638.20,24645.60,24622.10,24637.50,0,
26_05_2026_09_40,24638.60,24644.30,24616.90,24617.40,0,
26_05_2026_09_45,24619.30,24628.80,24615.80,24616.60,0,
26_05_2026_09_50,24616.50,24619.10,24596.90,24597.60,0,
26_05_2026_09_55,24597.40,24600.10,24573.20,24579.40,0,
26_05_2026_10_00,24579.20,24599.90,24577.80,24594.80,0,
26_05_2026_10_05,24596.70,24609.90,24585.70,24606.40,0,
26_05_2026_10_10,24606.40,24620.20,24589.80,24593.20,0,
26_05_2026_10_15,24593.40,24598.70,24583.80,24588.60,0,
26_05_2026_10_20,24589.50,24603.30,24587.60,24597.60,0,
26_05_2026_10_25,24596.10,24599.10,24563.30,24564.60,0,
26_05_2026_10_30,24565.70,24568.70,24552.60,24564.90,0,
26_05_2026_10_35,24565.20,24584.60,24564.20,24578.10,0,
26_05_2026_10_40,24578.30,24587.20,24576.20,24582.30,0,
26_05_2026_10_45,24582.10,24592.90,24575.60,24589.10,0,
26_05_2026_10_50,24589.20,24594.20,24575.60,24581.50,0,
26_05_2026_10_55,24581.30,24596.10,24578.80,24593.90,0,
26_05_2026_11_00,24593.80,24628.70,24589.90,24616.40,0,
26_05_2026_11_05,24617.20,24625.70,24608.30,24615.60,0,
26_05_2026_11_10,24615.60,24634.50,24614.40,24616.30,0,
26_05_2026_11_15,24616.30,24636.70,24614.90,24624.30,0,
26_05_2026_11_20,24622.50,24624.80,24591.20,24593.10,0,
26_05_2026_11_25,24594.00,24607.50,24591.70,24597.20,0,
26_05_2026_11_30,24597.30,24611.60,24588.60,24610.60,0,
26_05_2026_11_35,24610.60,24625.20,24606.90,24614.70,0,
26_05_2026_11_40,24615.10,24631.00,24613.80,24626.60,0,
26_05_2026_11_45,24626.80,24633.50,24622.80,24631.40,0,
26_05_2026_11_50,24631.20,24641.80,24626.10,24634.20,0,
26_05_2026_11_55,24633.70,24658.80,24631.80,24643.10,0,
26_05_2026_12_00,24643.20,24672.80,24637.30,24663.40,0,
26_05_2026_12_05,24663.70,24670.60,24639.90,24640.60,0,
26_05_2026_12_10,24640.60,24655.00,24639.60,24644.30,0,
26_05_2026_12_15,24644.00,24646.80,24636.30,24638.30,0,
26_05_2026_12_20,24638.20,24647.20,24628.70,24629.80,0,
26_05_2026_12_25,24629.80,24637.70,24621.50,24637.60,0,
26_05_2026_12_30,24637.40,24657.10,24637.40,24645.90,0,
26_05_2026_12_35,24645.70,24649.80,24633.20,24633.20,0,
26_05_2026_12_40,24633.60,24638.40,24615.70,24619.60,0,
26_05_2026_12_45,24620.00,24634.30,24613.00,24627.20,0,
26_05_2026_12_50,24627.30,24628.10,24604.30,24615.40,0,
26_05_2026_12_55,24615.40,24617.80,24597.20,24602.60,0,
26_05_2026_13_00,24603.00,24611.50,24588.20,24589.40,0,
26_05_2026_13_05,24587.90,24609.70,24580.40,24605.70,0,
26_05_2026_13_10,24606.90,24608.20,24589.20,24590.80,0,
26_05_2026_13_15,24591.80,24598.70,24586.80,24595.80,0,
26_05_2026_13_20,24594.60,24603.60,24587.30,24596.20,0,
26_05_2026_13_25,24597.30,24604.10,24589.60,24600.00,0,
26_05_2026_13_30,24599.90,24616.20,24599.90,24611.30,0,
26_05_2026_13_35,24611.40,24632.30,24609.30,24625.30,0,
26_05_2026_13_40,24625.40,24631.90,24609.40,24610.70,0,
26_05_2026_13_45,24610.10,24621.20,24605.80,24618.80,0,
26_05_2026_13_50,24619.10,24620.40,24600.20,24605.20,0,
26_05_2026_13_55,24605.80,24608.90,24584.70,24589.90,0,
26_05_2026_14_00,24589.80,24608.80,24585.30,24590.10,0,
26_05_2026_14_05,24590.10,24605.30,24582.60,24593.90,0,
26_05_2026_14_10,24594.30,24601.20,24590.10,24597.10,0,
26_05_2026_14_15,24598.30,24608.40,24596.80,24604.70,0,
26_05_2026_14_20,24604.80,24626.60,24604.10,24625.20,0,
26_05_2026_14_25,24625.40,24631.20,24611.20,24621.60,0,
26_05_2026_14_30,24623.70,24630.40,24618.10,24625.10,0,
26_05_2026_14_35,24625.20,24632.80,24614.90,24617.10,0,
26_05_2026_14_40,24615.70,24632.90,24614.10,24620.60,0,
26_05_2026_14_45,24621.60,24627.70,24616.20,24622.80,0,
26_05_2026_14_50,24621.60,24631.70,24617.60,24626.70,0,
26_05_2026_14_55,24624.90,24645.60,24623.80,24639.20,0,
26_05_2026_15_00,24640.80,24669.20,24636.80,24655.90,0,
26_05_2026_15_05,24652.70,24675.90,24649.80,24669.30,0,
26_05_2026_15_10,24669.80,24677.60,24660.40,24671.80,0,
26_05_2026_15_15,24671.20,24672.90,24653.20,24654.20,0,
26_05_2026_15_20,24652.70,24657.20,24642.60,24643.20,0,
26_05_2026_15_25,24642.60,24677.60,24631.30,24657.30,0,
27_05_2026_09_15,24788.80,24822.70,24715.30,24739.20,0,
27_05_2026_09_20,24751.60,24756.70,24697.20,24709.20,0,
27_05_2026_09_25,24707.20,24713.90,24671.70,24693.50,0,
27_05_2026_09_30,24685.90,24748.30,24685.10,24742.60,0,
27_05_2026_09_35,24743.40,24750.30,24669.80,24673.00,0,
27_05_2026_09_40,24673.90,24674.50,24650.40,24661.10,0,
27_05_2026_09_45,24660.90,24678.00,24649.80,24664.20,0,
27_05_2026_09_50,24664.20,24670.80,24656.20,24670.30,0,
27_05_2026_09_55,24670.50,24705.20,24669.30,24698.70,0,
27_05_2026_10_00,24698.70,24717.20,24689.80,24717.20,0,
27_05_2026_10_05,24717.20,24723.10,24695.60,24706.90,0,
27_05_2026_10_10,24707.50,24709.20,24669.70,24669.70,0,
27_05_2026_10_15,24668.20,24673.30,24637.90,24671.50,0,
27_05_2026_10_20,24671.60,24692.20,24668.40,24671.80,0,
27_05_2026_10_25,24671.80,24673.00,24655.70,24655.70,0,
27_05_2026_10_30,24655.80,24662.80,24628.20,24630.90,0,
27_05_2026_10_35,24631.10,24635.00,24612.70,24622.70,0,
27_05_2026_10_40,24623.20,24639.60,24617.30,24621.30,0,
27_05_2026_10_45,24621.20,24624.30,24608.40,24624.20,0,
27_05_2026_10_50,24624.20,24653.80,24613.20,24653.80,0,
27_05_2026_10_55,24653.60,24655.10,24635.70,24644.20,0,
27_05_2026_11_00,24645.40,24656.80,24626.80,24630.70,0,
27_05_2026_11_05,24630.70,24662.10,24628.60,24661.50,0,
27_05_2026_11_10,24660.40,24665.60,24648.00,24651.70,0,
27_05_2026_11_15,24651.80,24671.10,24650.40,24666.10,0,
27_05_2026_11_20,24665.90,24690.80,24657.80,24688.30,0,
27_05_2026_11_25,24687.80,24698.20,24679.20,24692.60,0,
27_05_2026_11_30,24693.50,24708.70,24674.60,24674.60,0,
27_05_2026_11_35,24674.60,24685.30,24671.80,24678.80,0,
27_05_2026_11_40,24678.70,24684.30,24673.70,24676.90,0,
27_05_2026_11_45,24676.90,24699.90,24675.90,24682.10,0,
27_05_2026_11_50,24682.10,24696.60,24672.40,24691.20,0,
27_05_2026_11_55,24693.50,24696.70,24673.30,24682.80,0,
27_05_2026_12_00,24682.90,24692.30,24664.40,24689.60,0,
27_05_2026_12_05,24689.90,24704.10,24676.40,24701.00,0,
27_05_2026_12_10,24700.90,24718.40,24700.30,24706.80,0,
27_05_2026_12_15,24706.80,24711.10,24701.30,24705.00,0,
27_05_2026_12_20,24704.90,24709.50,24692.40,24696.90,0,
27_05_2026_12_25,24696.90,24706.20,24686.40,24696.50,0,
27_05_2026_12_30,24698.40,24699.60,24675.60,24686.20,0,
27_05_2026_12_35,24685.20,24710.30,24684.60,24702.70,0,
27_05_2026_12_40,24702.00,24726.20,24697.60,24722.10,0,
27_05_2026_12_45,24720.10,24720.10,24705.20,24705.90,0,
27_05_2026_12_50,24705.30,24715.00,24699.20,24710.20,0,
27_05_2026_12_55,24710.40,24739.40,24710.20,24726.80,0,
27_05_2026_13_00,24727.30,24727.30,24704.50,24708.20,0,
27_05_2026_13_05,24708.20,24710.00,24686.20,24688.60,0,
27_05_2026_13_10,24688.30,24718.70,24686.20,24713.20,0,
27_05_2026_13_15,24713.20,24713.20,24695.50,24699.70,0,
27_05_2026_13_20,24697.50,24722.70,24691.20,24715.60,0,
27_05_2026_13_25,24715.60,24719.80,24696.90,24699.70,0,
27_05_2026_13_30,24699.40,24713.60,24697.30,24710.10,0,
27_05_2026_13_35,24711.50,24723.20,24707.40,24718.60,0,
27_05_2026_13_40,24717.40,24727.70,24698.70,24705.70,0,
27_05_2026_13_45,24705.20,24718.90,24695.10,24718.80,0,
27_05_2026_13_50,24718.80,24735.00,24716.80,24717.90,0,
27_05_2026_13_55,24717.90,24718.20,24700.30,24715.50,0,
27_05_2026_14_00,24715.60,24744.10,24714.70,24737.20,0,
27_05_2026_14_05,24737.70,24740.10,24721.40,24730.20,0,
27_05_2026_14_10,24730.20,24733.90,24717.80,24725.20,0,
27_05_2026_14_15,24724.90,24763.90,24724.10,24762.00,0,
27_05_2026_14_20,24760.60,24779.10,24758.80,24765.80,0,
27_05_2026_14_25,24765.80,24776.50,24763.40,24774.20,0,
27_05_2026_14_30,24774.60,24779.00,24751.90,24759.20,0,
27_05_2026_14_35,24759.70,24759.70,24737.70,24753.80,0,
27_05_2026_14_40,24755.20,24755.60,24710.40,24719.80,0,
27_05_2026_14_45,24721.60,24727.30,24709.90,24715.90,0,
27_05_2026_14_50,24715.80,24733.80,24715.30,24733.20,0,
27_05_2026_14_55,24733.20,24741.90,24714.80,24716.90,0,
27_05_2026_15_00,24715.10,24732.40,24709.90,24712.80,0,
27_05_2026_15_05,24713.30,24720.60,24711.70,24720.60,0,
27_05_2026_15_10,24720.80,24721.20,24706.60,24710.80,0,
27_05_2026_15_15,24709.80,24714.00,24699.90,24702.30,0,
27_05_2026_15_20,24704.10,24722.80,24702.50,24715.10,0,
27_05_2026_15_25,24714.80,24726.90,24706.90,24714.50,0,
29_05_2026_09_15,24801.80,24945.30,24791.90,24919.30,0,
29_05_2026_09_20,24917.60,24920.40,24832.90,24832.90,0,
29_05_2026_09_25,24832.60,24885.00,24817.00,24845.30,0,
29_05_2026_09_30,24836.60,24846.30,24756.80,24775.40,0,
29_05_2026_09_35,24776.60,24833.10,24776.20,24826.40,0,
29_05_2026_09_40,24826.30,24832.90,24744.70,24748.60,0,
29_05_2026_09_45,24746.00,24806.20,24726.90,24804.20,0,
29_05_2026_09_50,24803.30,24810.80,24757.70,24759.20,0,
29_05_2026_09_55,24758.80,24768.40,24729.30,24762.50,0,
29_05_2026_10_00,24762.90,24796.20,24760.90,24783.80,0,
29_05_2026_10_05,24786.00,24786.30,24761.80,24766.80,0,
29_05_2026_10_10,24766.70,24781.40,24764.20,24766.30,0,
29_05_2026_10_15,24765.70,24771.40,24751.60,24752.90,0,
29_05_2026_10_20,24753.10,24757.70,24724.00,24728.50,0,
29_05_2026_10_25,24729.80,24733.10,24717.20,24725.30,0,
29_05_2026_10_30,24725.00,24728.30,24709.90,24713.60,0,
29_05_2026_10_35,24712.40,24735.20,24710.20,24719.10,0,
29_05_2026_10_40,24719.10,24750.20,24716.50,24743.70,0,
29_05_2026_10_45,24742.20,24743.00,24701.30,24714.20,0,
29_05_2026_10_50,24713.60,24716.10,24704.80,24706.20,0,
29_05_2026_10_55,24705.30,24708.30,24683.70,24688.20,0,
29_05_2026_11_00,24688.20,24700.30,24686.40,24690.60,0,
29_05_2026_11_05,24691.10,24696.10,24684.30,24691.60,0,
29_05_2026_11_10,24691.40,24698.20,24682.00,24698.20,0,
29_05_2026_11_15,24698.80,24736.20,24694.40,24722.90,0,
29_05_2026_11_20,24722.90,24725.80,24714.30,24717.30,0,
29_05_2026_11_25,24717.20,24748.10,24715.10,24738.20,0,
29_05_2026_11_30,24738.70,24746.90,24724.80,24724.80,0,
29_05_2026_11_35,24725.00,24725.50,24697.70,24717.60,0,
29_05_2026_11_40,24717.60,24717.80,24696.40,24706.80,0,
29_05_2026_11_45,24706.40,24712.20,24691.30,24692.30,0,
29_05_2026_11_50,24692.20,24706.30,24683.40,24702.20,0,
29_05_2026_11_55,24702.60,24711.80,24692.40,24708.20,0,
29_05_2026_12_00,24708.20,24727.20,24708.20,24724.40,0,
29_05_2026_12_05,24724.90,24743.40,24722.40,24738.70,0,
29_05_2026_12_10,24739.30,24740.30,24702.50,24705.10,0,
29_05_2026_12_15,24704.40,24732.50,24696.90,24731.40,0,
29_05_2026_12_20,24730.90,24756.30,24726.20,24754.70,0,
29_05_2026_12_25,24754.80,24758.50,24741.60,24750.40,0,
29_05_2026_12_30,24749.80,24762.70,24732.80,24734.10,0,
29_05_2026_12_35,24734.40,24755.70,24730.60,24754.90,0,
29_05_2026_12_40,24754.90,24768.10,24746.20,24766.20,0,
29_05_2026_12_45,24766.20,24781.70,24756.40,24767.40,0,
29_05_2026_12_50,24767.20,24783.70,24754.80,24754.80,0,
29_05_2026_12_55,24756.90,24770.70,24750.60,24766.80,0,
29_05_2026_13_00,24767.60,24770.10,24742.50,24742.50,0,
29_05_2026_13_05,24742.30,24746.40,24719.20,24727.70,0,
29_05_2026_13_10,24727.70,24730.40,24714.40,24716.40,0,
29_05_2026_13_15,24715.50,24747.30,24713.80,24736.40,0,
29_05_2026_13_20,24736.60,24738.70,24715.50,24716.40,0,
29_05_2026_13_25,24716.30,24736.80,24716.30,24733.60,0,
29_05_2026_13_30,24733.90,24740.20,24727.20,24727.80,0,
29_05_2026_13_35,24727.50,24737.60,24707.40,24707.80,0,
29_05_2026_13_40,24706.90,24713.60,24684.30,24691.80,0,
29_05_2026_13_45,24692.90,24699.60,24686.00,24688.30,0,
29_05_2026_13_50,24690.10,24694.20,24673.10,24674.50,0,
29_05_2026_13_55,24674.60,24694.90,24669.50,24691.80,0,
29_05_2026_14_00,24692.20,24692.20,24666.10,24678.80,0,
29_05_2026_14_05,24678.70,24692.60,24671.20,24690.90,0,
29_05_2026_14_10,24690.00,24695.20,24674.20,24690.10,0,
29_05_2026_14_15,24690.90,24696.40,24670.40,24677.90,0,
29_05_2026_14_20,24677.40,24697.30,24669.40,24690.10,0,
29_05_2026_14_25,24690.10,24705.20,24684.40,24702.70,0,
29_05_2026_14_30,24701.20,24722.50,24700.80,24717.90,0,
29_05_2026_14_35,24718.70,24722.00,24702.20,24714.30,0,
29_05_2026_14_40,24713.80,24714.90,24681.20,24685.30,0,
29_05_2026_14_45,24688.80,24696.80,24657.80,24659.20,0,
29_05_2026_14_50,24661.60,24673.40,24656.50,24665.20,0,
29_05_2026_14_55,24665.20,24665.40,24619.80,24636.10,0,
29_05_2026_15_00,24636.20,24636.20,24427.70,24428.50,0,
29_05_2026_15_05,24429.10,24431.10,24332.00,24341.90,0,
29_05_2026_15_10,24339.80,24353.30,24296.50,24328.30,0,
29_05_2026_15_15,24327.40,24334.20,24279.90,24292.70,0,
29_05_2026_15_20,24291.90,24295.20,24225.30,24253.80,0,
29_05_2026_15_25,24254.80,24457.50,24218.50,24419.80,0,
01_06_2026_09_15,24534.60,24571.30,24418.30,24435.60,0,
01_06_2026_09_20,24438.40,24444.70,24365.20,24390.90,0,
01_06_2026_09_25,24390.80,24396.10,24227.10,24231.70,0,
01_06_2026_09_30,24232.00,24232.70,24180.10,24180.80,0,
01_06_2026_09_35,24182.20,24218.90,24148.80,24218.90,0,
01_06_2026_09_40,24221.40,24333.40,24221.40,24314.30,0,
01_06_2026_09_45,24313.40,24344.80,24275.70,24295.70,0,
01_06_2026_09_50,24296.40,24312.80,24249.80,24307.50,0,
01_06_2026_09_55,24306.40,24365.30,24299.90,24354.00,0,
01_06_2026_10_00,24353.30,24381.80,24341.70,24343.80,0,
01_06_2026_10_05,24342.20,24370.50,24318.00,24367.20,0,
01_06_2026_10_10,24368.40,24405.80,24361.70,24401.90,0,
01_06_2026_10_15,24403.80,24430.00,24385.40,24415.00,0,
01_06_2026_10_20,24414.40,24475.90,24414.30,24445.10,0,
01_06_2026_10_25,24444.70,24449.80,24415.70,24429.80,0,
01_06_2026_10_30,24428.50,24442.40,24401.70,24416.20,0,
01_06_2026_10_35,24416.00,24442.70,24402.70,24429.30,0,
01_06_2026_10_40,24427.10,24442.80,24418.50,24430.30,0,
01_06_2026_10_45,24429.50,24469.90,24426.80,24459.70,0,
01_06_2026_10_50,24459.30,24509.80,24450.70,24503.20,0,
01_06_2026_10_55,24503.70,24523.10,24485.20,24485.20,0,
01_06_2026_11_00,24485.10,24495.40,24474.50,24493.40,0,
01_06_2026_11_05,24493.20,24497.20,24456.30,24463.70,0,
01_06_2026_11_10,24463.80,24481.20,24463.80,24477.40,0,
01_06_2026_11_15,24477.40,24498.40,24474.70,24495.80,0,
01_06_2026_11_20,24495.40,24497.90,24429.90,24431.90,0,
01_06_2026_11_25,24431.90,24436.30,24374.80,24375.90,0,
01_06_2026_11_30,24375.80,24376.80,24343.00,24360.40,0,
01_06_2026_11_35,24360.80,24375.40,24343.10,24365.10,0,
01_06_2026_11_40,24364.40,24367.60,24309.20,24313.80,0,
01_06_2026_11_45,24314.60,24322.90,24297.20,24317.80,0,
01_06_2026_11_50,24317.80,24321.10,24296.30,24316.80,0,
01_06_2026_11_55,24316.20,24317.90,24284.90,24292.90,0,
01_06_2026_12_00,24292.60,24300.80,24281.40,24300.40,0,
01_06_2026_12_05,24300.50,24311.20,24294.20,24307.70,0,
01_06_2026_12_10,24307.50,24327.80,24300.70,24321.80,0,
01_06_2026_12_15,24321.70,24338.80,24317.60,24319.70,0,
01_06_2026_12_20,24320.90,24325.30,24308.20,24323.50,0,
01_06_2026_12_25,24323.40,24323.40,24289.50,24296.90,0,
01_06_2026_12_30,24296.90,24298.60,24281.90,24282.00,0,
01_06_2026_12_35,24281.80,24294.80,24268.80,24270.10,0,
01_06_2026_12_40,24270.10,24277.80,24260.00,24277.20,0,
01_06_2026_12_45,24276.30,24308.90,24268.30,24308.20,0,
01_06_2026_12_50,24308.10,24335.20,24304.70,24332.80,0,
01_06_2026_12_55,24332.90,24333.40,24302.10,24303.00,0,
01_06_2026_13_00,24302.20,24306.60,24271.10,24274.50,0,
01_06_2026_13_05,24274.60,24276.10,24248.60,24251.20,0,
01_06_2026_13_10,24250.50,24250.90,24219.40,24232.80,0,
01_06_2026_13_15,24232.20,24233.70,24217.10,24231.60,0,
01_06_2026_13_20,24230.30,24236.30,24206.10,24207.40,0,
01_06_2026_13_25,24209.30,24239.50,24205.70,24237.80,0,
01_06_2026_13_30,24238.10,24257.20,24231.20,24250.60,0,
01_06_2026_13_35,24250.20,24266.20,24237.90,24254.40,0,
01_06_2026_13_40,24254.40,24272.40,24244.60,24268.20,0,
01_06_2026_13_45,24268.30,24268.30,24245.20,24250.40,0,
01_06_2026_13_50,24250.60,24252.10,24237.30,24246.30,0,
01_06_2026_13_55,24246.60,24258.80,24236.50,24245.30,0,
01_06_2026_14_00,24245.40,24249.80,24215.20,24234.60,0,
01_06_2026_14_05,24231.80,24242.90,24224.60,24228.20,0,
01_06_2026_14_10,24228.10,24266.80,24224.40,24233.30,0,
01_06_2026_14_15,24233.60,24270.20,24230.40,24269.70,0,
01_06_2026_14_20,24266.90,24286.90,24245.30,24245.90,0,
01_06_2026_14_25,24245.50,24255.60,24226.40,24227.90,0,
01_06_2026_14_30,24228.70,24242.50,24215.20,24227.20,0,
01_06_2026_14_35,24227.60,24273.80,24225.20,24269.80,0,
01_06_2026_14_40,24269.90,24283.10,24257.20,24276.80,0,
01_06_2026_14_45,24276.80,24305.00,24270.60,24279.40,0,
01_06_2026_14_50,24279.50,24280.90,24228.30,24232.90,0,
01_06_2026_14_55,24233.90,24246.10,24209.30,24238.20,0,
01_06_2026_15_00,24235.90,24238.40,24191.70,24229.90,0,
01_06_2026_15_05,24230.40,24245.80,24211.80,24238.70,0,
01_06_2026_15_10,24241.10,24244.70,24217.40,24230.00,0,
01_06_2026_15_15,24230.40,24241.70,24195.20,24198.20,0,
01_06_2026_15_20,24198.20,24215.50,24187.70,24191.00,0,
01_06_2026_15_25,24191.10,24207.90,24167.30,24179.70,0,
02_06_2026_09_15,24102.50,24171.60,23969.30,24017.80,0,
02_06_2026_09_20,24014.30,24029.30,23937.30,23975.80,0,
02_06_2026_09_25,23974.20,24019.00,23964.00,23997.40,0,
02_06_2026_09_30,23999.30,24025.60,23952.80,23982.70,0,
02_06_2026_09_35,23982.60,24009.20,23964.20,23995.60,0,
02_06_2026_09_40,23995.80,24012.60,23958.10,24003.10,0,
02_06_2026_09_45,24004.30,24009.20,23972.80,24007.70,0,
02_06_2026_09_50,24007.40,24041.30,23996.70,24017.30,0,
02_06_2026_09_55,24017.20,24024.90,23993.30,23997.20,0,
02_06_2026_10_00,23997.80,24000.60,23931.20,23936.80,0,
02_06_2026_10_05,23934.80,23947.90,23922.10,23923.80,0,
02_06_2026_10_10,23923.10,23924.30,23883.20,23885.20,0,
02_06_2026_10_15,23886.90,23889.60,23853.10,23888.30,0,
02_06_2026_10_20,23888.10,23933.50,23888.10,23930.40,0,
02_06_2026_10_25,23933.90,23972.90,23931.40,23972.10,0,
02_06_2026_10_30,23973.20,23983.70,23932.90,23935.80,0,
02_06_2026_10_35,23932.70,23953.10,23910.80,23915.10,0,
02_06_2026_10_40,23915.10,23931.70,23905.80,23914.30,0,
02_06_2026_10_45,23914.60,23915.10,23886.70,23889.10,0,
02_06_2026_10_50,23888.80,23902.40,23875.20,23877.90,0,
02_06_2026_10_55,23877.90,23877.90,23852.10,23871.60,0,
02_06_2026_11_00,23870.20,23895.20,23870.20,23894.80,0,
02_06_2026_11_05,23894.90,23896.80,23880.80,23881.60,0,
02_06_2026_11_10,23881.80,23912.50,23880.30,23900.90,0,
02_06_2026_11_15,23900.30,23912.60,23888.90,23911.60,0,
02_06_2026_11_20,23911.80,23944.20,23904.50,23940.10,0,
02_06_2026_11_25,23939.00,23941.10,23901.40,23916.30,0,
02_06_2026_11_30,23916.90,23918.00,23885.70,23892.40,0,
02_06_2026_11_35,23892.90,23898.70,23851.40,23852.00,0,
02_06_2026_11_40,23850.60,23875.60,23847.60,23864.80,0,
02_06_2026_11_45,23864.60,23885.50,23864.30,23882.20,0,
02_06_2026_11_50,23882.50,23886.10,23859.00,23859.00,0,
02_06_2026_11_55,23858.80,23867.00,23841.80,23844.90,0,
02_06_2026_12_00,23843.80,23845.30,23815.90,23820.40,0,
02_06_2026_12_05,23818.30,23828.70,23799.60,23825.80,0,
02_06_2026_12_10,23825.80,23826.60,23796.70,23801.10,0,
02_06_2026_12_15,23800.90,23836.80,23799.10,23830.10,0,
02_06_2026_12_20,23830.10,23831.00,23813.50,23829.20,0,
02_06_2026_12_25,23829.00,23837.50,23812.70,23820.30,0,
02_06_2026_12_30,23820.80,23869.90,23816.60,23866.10,0,
02_06_2026_12_35,23864.60,23882.20,23859.60,23870.40,0,
02_06_2026_12_40,23869.90,23910.10,23864.90,23906.40,0,
02_06_2026_12_45,23905.70,23952.30,23905.60,23938.80,0,
02_06_2026_12_50,23939.20,23953.30,23933.20,23941.70,0,
02_06_2026_12_55,23941.40,23962.60,23939.10,23962.60,0,
02_06_2026_13_00,23961.70,23967.40,23941.00,23944.10,0,
02_06_2026_13_05,23944.80,23945.20,23906.70,23908.80,0,
02_06_2026_13_10,23909.10,23927.80,23905.70,23916.90,0,
02_06_2026_13_15,23916.70,23922.60,23913.20,23915.40,0,
02_06_2026_13_20,23915.20,23928.10,23906.70,23926.20,0,
02_06_2026_13_25,23929.80,23931.60,23915.80,23923.60,0,
02_06_2026_13_30,23923.10,23954.40,23923.10,23953.80,0,
02_06_2026_13_35,23954.10,23958.60,23934.30,23935.90,0,
02_06_2026_13_40,23936.20,23955.30,23935.90,23948.80,0,
02_06_2026_13_45,23948.60,23982.00,23947.00,23976.70,0,
02_06_2026_13_50,23975.50,23980.80,23966.60,23977.50,0,
02_06_2026_13_55,23977.50,24000.30,23972.60,23994.60,0,
02_06_2026_14_00,23994.60,24009.00,23994.60,24002.20,0,
02_06_2026_14_05,24000.80,24039.50,24000.10,24029.60,0,
02_06_2026_14_10,24029.60,24036.30,24004.80,24011.50,0,
02_06_2026_14_15,24011.60,24025.60,24002.10,24006.40,0,
02_06_2026_14_20,24006.80,24047.70,24005.60,24040.00,0,
02_06_2026_14_25,24036.60,24038.70,24014.70,24019.80,0,
02_06_2026_14_30,24019.20,24033.20,24011.10,24026.40,0,
02_06_2026_14_35,24026.40,24030.80,23983.20,23983.20,0,
02_06_2026_14_40,23982.90,23984.00,23952.10,23967.90,0,
02_06_2026_14_45,23967.20,23995.90,23949.80,23991.70,0,
02_06_2026_14_50,23991.30,24004.70,23977.70,23998.60,0,
02_06_2026_14_55,23998.80,24007.80,23975.70,23978.80,0,
02_06_2026_15_00,23980.70,24019.30,23956.30,24016.80,0,
02_06_2026_15_05,24015.20,24031.90,24004.40,24028.90,0,
02_06_2026_15_10,24028.70,24034.20,24004.80,24013.80,0,
02_06_2026_15_15,24013.30,24033.80,24002.60,24026.20,0,
02_06_2026_15_20,24024.40,24032.50,24004.60,24009.90,0,
02_06_2026_15_25,24010.00,24013.20,23968.10,23979.50,0,
03_06_2026_09_15,23998.90,24033.70,23829.60,23893.80,0,
03_06_2026_09_20,23893.70,23979.30,23879.80,23912.90,0,
03_06_2026_09_25,23913.70,23931.80,23869.90,23915.30,0,
03_06_2026_09_30,23914.20,23914.20,23864.20,23865.40,0,
03_06_2026_09_35,23865.80,23945.10,23860.30,23945.10,0,
03_06_2026_09_40,23944.90,23977.80,23929.80,23977.80,0,
03_06_2026_09_45,23978.30,24039.50,23960.60,24022.90,0,
03_06_2026_09_50,24023.10,24040.70,23978.80,23979.80,0,
03_06_2026_09_55,23980.80,23991.30,23939.20,23972.90,0,
03_06_2026_10_00,23974.40,24033.30,23968.50,24033.30,0,
03_06_2026_10_05,24034.10,24045.40,24012.90,24037.70,0,
03_06_2026_10_10,24036.80,24036.80,24007.80,24011.30,0,
03_06_2026_10_15,24011.20,24033.30,23989.30,24007.80,0,
03_06_2026_10_20,24008.20,24013.10,23986.00,23990.30,0,
03_06_2026_10_25,23989.60,23990.10,23908.00,23911.10,0,
03_06_2026_10_30,23912.80,23938.10,23912.20,23936.70,0,
03_06_2026_10_35,23939.10,23940.60,23903.10,23905.80,0,
03_06_2026_10_40,23906.20,23911.30,23888.20,23889.40,0,
03_06_2026_10_45,23889.40,23898.40,23868.30,23898.40,0,
03_06_2026_10_50,23899.10,23917.70,23895.50,23901.20,0,
03_06_2026_10_55,23902.00,23909.10,23872.10,23898.80,0,
03_06_2026_11_00,23901.10,23928.20,23887.40,23909.80,0,
03_06_2026_11_05,23910.40,23912.00,23891.90,23891.90,0,
03_06_2026_11_10,23893.20,23914.20,23887.60,23909.70,0,
03_06_2026_11_15,23912.60,23939.60,23901.50,23937.80,0,
03_06_2026_11_20,23938.70,23940.80,23900.50,23929.90,0,
03_06_2026_11_25,23932.60,23967.10,23916.80,23963.20,0,
03_06_2026_11_30,23965.70,23980.10,23952.20,23956.30,0,
03_06_2026_11_35,23956.30,23957.70,23912.20,23930.60,0,
03_06_2026_11_40,23929.80,23937.50,23909.80,23924.80,0,
03_06_2026_11_45,23926.80,23938.80,23916.80,23933.30,0,
03_06_2026_11_50,23935.30,23958.90,23930.10,23954.10,0,
03_06_2026_11_55,23955.00,23959.20,23936.10,23949.60,0,
03_06_2026_12_00,23949.00,23952.10,23897.80,23907.00,0,
03_06_2026_12_05,23906.90,23917.70,23901.60,23911.20,0,
03_06_2026_12_10,23911.50,23919.10,23894.50,23896.30,0,
03_06_2026_12_15,23897.10,23897.70,23878.70,23885.60,0,
03_06_2026_12_20,23886.20,23904.90,23882.50,23892.10,0,
03_06_2026_12_25,23892.40,23902.40,23875.80,23898.50,0,
03_06_2026_12_30,23897.70,23923.80,23894.20,23908.10,0,
03_06_2026_12_35,23908.30,23951.90,23898.90,23944.70,0,
03_06_2026_12_40,23946.60,23956.70,23928.30,23929.60,0,
03_06_2026_12_45,23929.40,23933.20,23909.20,23913.30,0,
03_06_2026_12_50,23915.40,23925.60,23896.60,23905.10,0,
03_06_2026_12_55,23905.90,23934.00,23901.10,23929.30,0,
03_06_2026_13_00,23930.30,23960.10,23927.10,23939.80,0,
03_06_2026_13_05,23942.80,23959.20,23940.00,23948.20,0,
03_06_2026_13_10,23949.20,23957.40,23941.20,23953.80,0,
03_06_2026_13_15,23960.20,23977.40,23960.20,23967.20,0,
03_06_2026_13_20,23968.80,23981.80,23966.80,23966.80,0,
03_06_2026_13_25,23968.10,23981.50,23963.20,23968.60,0,
03_06_2026_13_30,23969.80,23988.40,23958.90,23987.80,0,
03_06_2026_13_35,23986.90,23988.10,23963.80,23965.30,0,
03_06_2026_13_40,23965.40,23980.20,23964.70,23974.30,0,
03_06_2026_13_45,23974.60,24023.90,23973.20,24002.50,0,
03_06_2026_13_50,24002.60,24012.50,23987.90,23998.90,0,
03_06_2026_13_55,23998.20,24012.40,23996.10,24005.70,0,
03_06_2026_14_00,24006.40,24018.80,24002.80,24017.80,0,
03_06_2026_14_05,24017.10,24045.20,24016.80,24026.80,0,
03_06_2026_14_10,24026.10,24041.70,24017.30,24041.20,0,
03_06_2026_14_15,24041.40,24066.20,24038.90,24064.10,0,
03_06_2026_14_20,24064.60,24101.80,24064.60,24099.80,0,
03_06_2026_14_25,24098.80,24104.60,24084.10,24091.20,0,
03_06_2026_14_30,24094.20,24105.40,24089.00,24100.50,0,
03_06_2026_14_35,24100.30,24103.40,24064.20,24083.50,0,
03_06_2026_14_40,24083.20,24096.10,24075.20,24079.20,0,
03_06_2026_14_45,24078.80,24078.80,24056.80,24071.30,0,
03_06_2026_14_50,24072.40,24087.20,24063.90,24086.10,0,
03_06_2026_14_55,24087.30,24097.20,24071.80,24082.90,0,
03_06_2026_15_00,24086.90,24100.60,24064.60,24084.20,0,
03_06_2026_15_05,24085.80,24104.50,24079.60,24089.80,0,
03_06_2026_15_10,24092.40,24094.70,24075.80,24087.80,0,
03_06_2026_15_15,24089.20,24119.80,24085.20,24108.70,0,
03_06_2026_15_20,24108.80,24112.90,24097.10,24099.40,0,
03_06_2026_15_25,24101.60,24105.40,24059.40,24068.20,0,
04_06_2026_09_15,24048.80,24070.00,23883.00,23967.40,0,
04_06_2026_09_20,23966.70,24053.90,23963.60,24019.80,0,
04_06_2026_09_25,24019.50,24080.70,24016.10,24057.50,0,
04_06_2026_09_30,24057.00,24096.70,24028.40,24075.70,0,
04_06_2026_09_35,24075.10,24126.10,24065.20,24091.80,0,
04_06_2026_09_40,24092.20,24122.90,24073.20,24121.40,0,
04_06_2026_09_45,24120.20,24198.30,24116.60,24197.70,0,
04_06_2026_09_50,24196.90,24238.60,24196.40,24237.40,0,
04_06_2026_09_55,24236.80,24252.30,24230.30,24236.20,0,
04_06_2026_10_00,24237.70,24246.20,24211.90,24219.60,0,
04_06_2026_10_05,24219.00,24268.80,24214.80,24252.80,0,
04_06_2026_10_10,24252.70,24261.90,24227.80,24231.20,0,
04_06_2026_10_15,24232.10,24246.20,24231.10,24236.90,0,
04_06_2026_10_20,24237.10,24266.80,24234.70,24264.20,0,
04_06_2026_10_25,24265.20,24275.30,24240.10,24241.90,0,
04_06_2026_10_30,24242.10,24245.50,24207.50,24210.70,0,
04_06_2026_10_35,24210.70,24217.00,24194.90,24198.80,0,
04_06_2026_10_40,24197.60,24210.10,24195.20,24207.70,0,
04_06_2026_10_45,24207.80,24220.50,24191.30,24194.30,0,
04_06_2026_10_50,24194.00,24199.40,24184.80,24187.80,0,
04_06_2026_10_55,24187.80,24207.80,24166.10,24170.60,0,
04_06_2026_11_00,24169.50,24171.80,24125.30,24142.40,0,
04_06_2026_11_05,24142.20,24151.60,24124.40,24151.20,0,
04_06_2026_11_10,24149.90,24166.80,24143.80,24143.80,0,
04_06_2026_11_15,24143.10,24186.40,24140.70,24184.90,0,
04_06_2026_11_20,24184.00,24187.20,24176.70,24181.80,0,
04_06_2026_11_25,24181.70,24208.20,24178.70,24200.90,0,
04_06_2026_11_30,24200.30,24201.20,24161.00,24172.90,0,
04_06_2026_11_35,24172.80,24208.40,24170.30,24205.70,0,
04_06_2026_11_40,24206.40,24211.60,24196.20,24209.90,0,
04_06_2026_11_45,24209.70,24221.70,24200.80,24210.70,0,
04_06_2026_11_50,24211.20,24217.20,24176.80,24185.50,0,
04_06_2026_11_55,24185.50,24204.90,24182.10,24202.20,0,
04_06_2026_12_00,24202.40,24206.20,24191.40,24191.80,0,
04_06_2026_12_05,24192.20,24201.80,24182.90,24186.20,0,
04_06_2026_12_10,24186.60,24187.70,24169.20,24180.90,0,
04_06_2026_12_15,24181.60,24199.80,24178.90,24196.30,0,
04_06_2026_12_20,24195.90,24204.70,24182.00,24192.90,0,
04_06_2026_12_25,24192.90,24200.20,24188.10,24199.30,0,
04_06_2026_12_30,24198.90,24202.50,24160.70,24161.00,0,
04_06_2026_12_35,24160.80,24188.60,24151.20,24186.40,0,
04_06_2026_12_40,24186.40,24199.80,24174.90,24189.60,0,
04_06_2026_12_45,24188.80,24199.60,24183.00,24198.10,0,
04_06_2026_12_50,24198.50,24198.80,24183.60,24193.30,0,
04_06_2026_12_55,24193.40,24223.70,24188.10,24221.30,0,
04_06_2026_13_00,24222.00,24229.20,24215.30,24226.70,0,
04_06_2026_13_05,24227.40,24240.70,24213.60,24236.60,0,
04_06_2026_13_10,24234.90,24243.10,24179.10,24185.40,0,
04_06_2026_13_15,24185.00,24187.20,24173.40,24178.20,0,
04_06_2026_13_20,24177.70,24214.80,24177.60,24211.90,0,
04_06_2026_13_25,24211.90,24223.40,24208.10,24219.30,0,
04_06_2026_13_30,24219.20,24219.40,24196.20,24215.70,0,
04_06_2026_13_35,24215.60,24217.90,24183.10,24184.80,0,
04_06_2026_13_40,24184.40,24189.90,24171.20,24174.80,0,
04_06_2026_13_45,24174.60,24187.10,24167.80,24183.60,0,
04_06_2026_13_50,24182.70,24187.50,24178.30,24184.10,0,
04_06_2026_13_55,24183.40,24187.00,24174.00,24182.90,0,
04_06_2026_14_00,24182.70,24207.00,24181.70,24194.30,0,
04_06_2026_14_05,24196.10,24211.80,24183.90,24211.80,0,
04_06_2026_14_10,24211.60,24211.80,24203.20,24204.60,0,
04_06_2026_14_15,24204.30,24208.80,24186.70,24186.70,0,
04_06_2026_14_20,24186.70,24199.70,24184.90,24190.80,0,
04_06_2026_14_25,24190.90,24207.80,24189.70,24200.40,0,
04_06_2026_14_30,24198.10,24221.20,24198.10,24215.40,0,
04_06_2026_14_35,24217.60,24222.40,24206.60,24210.50,0,
04_06_2026_14_40,24210.40,24216.00,24195.60,24196.40,0,
04_06_2026_14_45,24197.20,24223.50,24196.80,24202.10,0,
04_06_2026_14_50,24202.30,24216.20,24184.80,24184.80,0,
04_06_2026_14_55,24185.00,24198.40,24179.10,24185.40,0,
04_06_2026_15_00,24183.30,24190.20,24164.20,24166.10,0,
04_06_2026_15_05,24166.30,24178.60,24152.80,24159.80,0,
04_06_2026_15_10,24160.10,24172.20,24154.40,24162.10,0,
04_06_2026_15_15,24163.40,24187.60,24161.20,24176.20,0,
04_06_2026_15_20,24178.20,24195.00,24172.60,24187.00,0,
04_06_2026_15_25,24189.30,24216.80,24186.60,24194.70,0,
05_06_2026_09_15,24275.10,24319.20,24201.20,24312.10,0,
05_06_2026_09_20,24312.30,24396.70,24309.20,24378.90,0,
05_06_2026_09_25,24379.80,24379.80,24267.60,24271.10,0,
05_06_2026_09_30,24271.00,24279.30,24249.40,24272.40,0,
05_06_2026_09_35,24273.60,24290.20,24237.20,24245.20,0,
05_06_2026_09_40,24244.60,24259.40,24232.20,24259.40,0,
05_06_2026_09_45,24259.10,24259.80,24214.50,24221.10,0,
05_06_2026_09_50,24220.80,24229.70,24212.10,24215.80,0,
05_06_2026_09_55,24215.30,24242.20,24201.60,24240.10,0,
05_06_2026_10_00,24240.70,24243.10,24202.20,24211.20,0,
05_06_2026_10_05,24212.80,24247.70,24192.70,24235.60,0,
05_06_2026_10_10,24235.90,24270.10,24234.30,24257.80,0,
05_06_2026_10_15,24258.10,24264.50,24249.30,24259.80,0,
05_06_2026_10_20,24258.90,24263.70,24246.70,24255.00,0,
05_06_2026_10_25,24254.80,24256.10,24215.60,24235.90,0,
05_06_2026_10_30,24236.20,24241.80,24205.60,24205.60,0,
05_06_2026_10_35,24203.40,24212.00,24159.30,24173.20,0,
05_06_2026_10_40,24174.50,24176.60,24157.80,24174.80,0,
05_06_2026_10_45,24175.10,24182.70,24154.20,24163.80,0,
05_06_2026_10_50,24164.90,24187.20,24159.30,24185.00,0,
05_06_2026_10_55,24184.20,24253.70,24181.20,24253.70,0,
05_06_2026_11_00,24254.40,24264.30,24239.80,24248.90,0,
05_06_2026_11_05,24248.60,24251.90,24229.30,24233.90,0,
05_06_2026_11_10,24233.90,24236.50,24199.30,24205.40,0,
05_06_2026_11_15,24205.40,24209.20,24189.20,24200.20,0,
05_06_2026_11_20,24200.20,24214.60,24185.80,24207.50,0,
05_06_2026_11_25,24208.10,24217.40,24204.10,24215.40,0,
05_06_2026_11_30,24215.40,24229.90,24214.10,24228.80,0,
05_06_2026_11_35,24228.80,24232.60,24219.80,24232.50,0,
05_06_2026_11_40,24231.80,24254.90,24230.10,24247.20,0,
05_06_2026_11_45,24248.80,24263.70,24248.20,24255.30,0,
05_06_2026_11_50,24254.80,24256.40,24238.30,24241.60,0,
05_06_2026_11_55,24241.20,24247.30,24229.40,24236.20,0,
05_06_2026_12_00,24236.50,24271.10,24236.50,24264.40,0,
05_06_2026_12_05,24264.20,24267.00,24260.20,24262.80,0,
05_06_2026_12_10,24264.80,24306.20,24257.90,24306.20,0,
05_06_2026_12_15,24306.90,24312.70,24294.10,24308.50,0,
05_06_2026_12_20,24308.20,24338.10,24307.80,24321.20,0,
05_06_2026_12_25,24320.30,24337.10,24312.10,24315.40,0,
05_06_2026_12_30,24315.40,24322.10,24289.20,24302.80,0,
05_06_2026_12_35,24302.10,24308.80,24288.50,24303.60,0,
05_06_2026_12_40,24303.60,24303.70,24275.80,24285.80,0,
05_06_2026_12_45,24286.40,24322.30,24282.70,24322.00,0,
05_06_2026_12_50,24321.90,24323.70,24304.70,24307.40,0,
05_06_2026_12_55,24307.70,24313.30,24298.80,24304.70,0,
05_06_2026_13_00,24303.80,24303.80,24281.30,24286.80,0,
05_06_2026_13_05,24286.80,24300.90,24283.80,24291.20,0,
05_06_2026_13_10,24291.40,24299.80,24281.60,24281.60,0,
05_06_2026_13_15,24281.80,24299.40,24278.40,24290.00,0,
05_06_2026_13_20,24290.00,24294.10,24252.50,24268.80,0,
05_06_2026_13_25,24265.60,24273.20,24247.50,24263.80,0,
05_06_2026_13_30,24264.30,24275.60,24247.90,24253.40,0,
05_06_2026_13_35,24252.50,24270.80,24250.80,24266.80,0,
05_06_2026_13_40,24266.70,24275.20,24237.40,24257.10,0,
05_06_2026_13_45,24256.10,24269.10,24248.40,24252.40,0,
05_06_2026_13_50,24252.90,24262.30,24246.90,24258.80,0,
05_06_2026_13_55,24257.90,24277.10,24256.20,24276.20,0,
05_06_2026_14_00,24276.30,24287.20,24268.30,24283.50,0,
05_06_2026_14_05,24281.30,24292.50,24270.60,24275.10,0,
05_06_2026_14_10,24272.60,24284.90,24268.30,24281.30,0,
05_06_2026_14_15,24281.40,24290.40,24271.30,24290.10,0,
05_06_2026_14_20,24288.90,24290.20,24279.00,24285.80,0,
05_06_2026_14_25,24285.50,24305.30,24283.20,24303.70,0,
05_06_2026_14_30,24303.20,24319.30,24303.20,24310.50,0,
05_06_2026_14_35,24308.70,24313.20,24285.20,24301.30,0,
05_06_2026_14_40,24301.90,24352.60,24298.00,24350.60,0,
05_06_2026_14_45,24350.60,24357.40,24298.30,24302.70,0,
05_06_2026_14_50,24302.10,24321.60,24300.40,24306.80,0,
05_06_2026_14_55,24306.10,24313.40,24280.10,24287.20,0,
05_06_2026_15_00,24289.90,24292.90,24217.20,24228.80,0,
05_06_2026_15_05,24226.60,24244.00,24221.20,24238.30,0,
05_06_2026_15_10,24239.40,24247.40,24224.20,24244.30,0,
05_06_2026_15_15,24246.20,24264.30,24244.40,24257.00,0,
05_06_2026_15_20,24257.20,24261.60,24228.10,24238.80,0,
05_06_2026_15_25,24239.00,24284.10,24238.20,24254.60,0,
08_06_2026_09_15,24095.30,24381.20,24059.70,24373.60,0,
08_06_2026_09_20,24378.10,24396.70,24340.90,24377.80,0,
08_06_2026_09_25,24380.20,24413.20,24335.40,24398.90,0,
08_06_2026_09_30,24398.10,24404.20,24306.80,24318.30,0,
08_06_2026_09_35,24317.10,24324.90,24244.60,24274.80,0,
08_06_2026_09_40,24279.80,24327.50,24279.60,24327.50,0,
08_06_2026_09_45,24327.80,24373.40,24312.80,24322.90,0,
08_06_2026_09_50,24324.00,24384.10,24321.90,24382.90,0,
08_06_2026_09_55,24385.80,24413.40,24372.00,24411.80,0,
08_06_2026_10_00,24413.20,24417.10,24364.80,24366.90,0,
08_06_2026_10_05,24363.80,24378.10,24344.30,24355.90,0,
08_06_2026_10_10,24355.90,24373.60,24342.80,24343.60,0,
08_06_2026_10_15,24344.40,24354.80,24332.80,24340.70,0,
08_06_2026_10_20,24341.20,24369.70,24339.20,24362.90,0,
08_06_2026_10_25,24362.90,24375.40,24338.90,24356.60,0,
08_06_2026_10_30,24358.10,24404.80,24356.40,24359.90,0,
08_06_2026_10_35,24360.00,24364.30,24352.20,24359.30,0,
08_06_2026_10_40,24359.90,24370.80,24336.40,24336.40,0,
08_06_2026_10_45,24337.20,24347.80,24324.30,24338.90,0,
08_06_2026_10_50,24338.90,24344.20,24326.20,24329.30,0,
08_06_2026_10_55,24329.30,24337.60,24311.10,24331.70,0,
08_06_2026_11_00,24332.10,24336.60,24308.00,24311.70,0,
08_06_2026_11_05,24311.20,24320.60,24290.30,24318.80,0,
08_06_2026_11_10,24322.30,24330.30,24313.80,24327.80,0,
08_06_2026_11_15,24329.90,24387.10,24329.90,24364.70,0,
08_06_2026_11_20,24367.30,24367.60,24349.10,24351.00,0,
08_06_2026_11_25,24350.20,24355.10,24328.50,24333.10,0,
08_06_2026_11_30,24333.70,24334.20,24321.70,24331.20,0,
08_06_2026_11_35,24333.40,24352.50,24330.80,24352.20,0,
08_06_2026_11_40,24351.80,24363.50,24344.80,24352.10,0,
08_06_2026_11_45,24352.20,24371.60,24347.20,24362.30,0,
08_06_2026_11_50,24364.80,24365.40,24344.10,24349.10,0,
08_06_2026_11_55,24351.30,24352.70,24331.30,24336.30,0,
08_06_2026_12_00,24336.30,24345.40,24331.30,24342.40,0,
08_06_2026_12_05,24342.40,24353.40,24337.50,24344.10,0,
08_06_2026_12_10,24345.10,24357.30,24323.60,24329.80,0,
08_06_2026_12_15,24328.50,24330.20,24311.20,24315.60,0,
08_06_2026_12_20,24317.60,24320.70,24306.60,24312.10,0,
08_06_2026_12_25,24310.60,24321.10,24300.20,24318.20,0,
08_06_2026_12_30,24318.30,24326.60,24309.10,24323.80,0,
08_06_2026_12_35,24324.00,24351.10,24323.70,24346.50,0,
08_06_2026_12_40,24348.50,24349.70,24331.00,24344.90,0,
08_06_2026_12_45,24345.30,24361.20,24341.20,24352.10,0,
08_06_2026_12_50,24352.50,24361.50,24337.80,24358.40,0,
08_06_2026_12_55,24359.10,24366.70,24347.30,24365.40,0,
08_06_2026_13_00,24365.20,24365.20,24343.40,24354.80,0,
08_06_2026_13_05,24355.20,24357.30,24346.90,24355.30,0,
08_06_2026_13_10,24355.30,24358.20,24338.40,24338.90,0,
08_06_2026_13_15,24341.60,24351.20,24330.60,24336.80,0,
08_06_2026_13_20,24337.40,24344.60,24317.70,24321.40,0,
08_06_2026_13_25,24321.40,24323.80,24295.80,24302.80,0,
08_06_2026_13_30,24303.00,24305.20,24272.60,24273.10,0,
08_06_2026_13_35,24276.40,24291.20,24270.80,24289.00,0,
08_06_2026_13_40,24290.30,24299.10,24279.40,24279.40,0,
08_06_2026_13_45,24281.30,24296.80,24261.80,24288.70,0,
08_06_2026_13_50,24288.90,24292.20,24262.10,24273.90,0,
08_06_2026_13_55,24274.70,24294.30,24268.80,24288.30,0,
08_06_2026_14_00,24290.80,24297.70,24284.30,24286.70,0,
08_06_2026_14_05,24287.30,24293.30,24279.20,24288.60,0,
08_06_2026_14_10,24288.60,24300.80,24280.10,24282.50,0,
08_06_2026_14_15,24283.70,24289.70,24272.80,24283.30,0,
08_06_2026_14_20,24282.80,24298.70,24273.10,24285.00,0,
08_06_2026_14_25,24284.40,24285.40,24263.80,24265.90,0,
08_06_2026_14_30,24267.30,24283.20,24260.30,24271.80,0,
08_06_2026_14_35,24272.80,24280.60,24267.80,24272.80,0,
08_06_2026_14_40,24272.60,24273.10,24248.70,24271.90,0,
08_06_2026_14_45,24271.90,24275.10,24262.70,24272.10,0,
08_06_2026_14_50,24271.60,24283.10,24264.80,24274.20,0,
08_06_2026_14_55,24274.20,24276.80,24234.40,24254.50,0,
08_06_2026_15_00,24251.60,24251.60,24143.20,24150.70,0,
08_06_2026_15_05,24151.20,24167.80,24138.40,24166.90,0,
08_06_2026_15_10,24165.90,24177.80,24152.90,24166.70,0,
08_06_2026_15_15,24167.60,24169.70,24146.20,24154.80,0,
08_06_2026_15_20,24155.90,24159.60,24102.40,24108.30,0,
08_06_2026_15_25,24107.70,24176.10,24088.80,24119.80,0,
09_06_2026_09_15,24190.20,24340.10,24186.30,24214.30,0,
09_06_2026_09_20,24218.90,24276.70,24171.60,24276.70,0,
09_06_2026_09_25,24274.70,24293.70,24252.90,24293.70,0,
09_06_2026_09_30,24294.30,24321.70,24290.60,24316.20,0,
09_06_2026_09_35,24315.30,24370.20,24312.30,24354.30,0,
09_06_2026_09_40,24353.70,24354.40,24305.70,24335.20,0,
09_06_2026_09_45,24335.00,24395.80,24334.00,24383.80,0,
09_06_2026_09_50,24381.90,24391.50,24358.80,24364.50,0,
09_06_2026_09_55,24364.60,24366.90,24340.50,24354.10,0,
09_06_2026_10_00,24351.20,24377.20,24343.20,24344.20,0,
09_06_2026_10_05,24343.80,24373.90,24341.70,24359.80,0,
09_06_2026_10_10,24360.20,24412.80,24358.60,24392.50,0,
09_06_2026_10_15,24392.70,24416.90,24391.40,24408.10,0,
09_06_2026_10_20,24408.20,24410.90,24389.90,24393.40,0,
09_06_2026_10_25,24392.90,24396.70,24374.10,24396.70,0,
09_06_2026_10_30,24397.50,24399.70,24382.40,24384.80,0,
09_06_2026_10_35,24384.80,24390.90,24367.20,24381.20,0,
09_06_2026_10_40,24380.80,24388.10,24364.70,24384.40,0,
09_06_2026_10_45,24384.40,24408.30,24374.50,24387.20,0,
09_06_2026_10_50,24386.30,24393.00,24367.80,24381.90,0,
09_06_2026_10_55,24381.60,24385.60,24378.20,24384.80,0,
09_06_2026_11_00,24384.40,24395.80,24380.70,24387.40,0,
09_06_2026_11_05,24387.30,24391.60,24358.20,24359.80,0,
09_06_2026_11_10,24359.80,24367.10,24355.40,24361.30,0,
09_06_2026_11_15,24360.20,24379.80,24359.80,24374.80,0,
09_06_2026_11_20,24375.20,24375.40,24336.20,24340.60,0,
09_06_2026_11_25,24340.60,24354.80,24335.00,24350.60,0,
09_06_2026_11_30,24350.30,24359.40,24343.90,24349.80,0,
09_06_2026_11_35,24349.70,24359.40,24348.30,24356.40,0,
09_06_2026_11_40,24356.20,24358.70,24325.30,24337.60,0,
09_06_2026_11_45,24335.80,24364.60,24333.90,24350.90,0,
09_06_2026_11_50,24350.70,24369.60,24349.10,24366.30,0,
09_06_2026_11_55,24366.10,24380.20,24352.30,24354.40,0,
09_06_2026_12_00,24354.70,24359.70,24336.40,24342.30,0,
09_06_2026_12_05,24340.70,24352.00,24336.40,24349.20,0,
09_06_2026_12_10,24350.60,24351.30,24334.10,24336.60,0,
09_06_2026_12_15,24337.20,24352.90,24329.60,24352.50,0,
09_06_2026_12_20,24352.70,24361.70,24345.30,24349.30,0,
09_06_2026_12_25,24349.20,24350.20,24339.80,24349.30,0,
09_06_2026_12_30,24348.70,24351.30,24337.40,24344.60,0,
09_06_2026_12_35,24344.20,24344.60,24325.00,24326.60,0,
09_06_2026_12_40,24326.10,24330.40,24290.40,24298.30,0,
09_06_2026_12_45,24297.20,24302.20,24275.20,24275.20,0,
09_06_2026_12_50,24274.60,24275.80,24261.80,24264.20,0,
09_06_2026_12_55,24264.70,24264.90,24235.50,24240.10,0,
09_06_2026_13_00,24239.90,24244.10,24229.00,24237.10,0,
09_06_2026_13_05,24237.10,24248.40,24232.40,24241.40,0,
09_06_2026_13_10,24241.20,24257.10,24237.40,24254.50,0,
09_06_2026_13_15,24254.10,24258.10,24248.50,24250.60,0,
09_06_2026_13_20,24249.90,24257.10,24246.70,24255.80,0,
09_06_2026_13_25,24255.20,24268.60,24244.70,24260.90,0,
09_06_2026_13_30,24260.80,24262.30,24243.20,24256.30,0,
09_06_2026_13_35,24255.80,24273.80,24253.40,24272.40,0,
09_06_2026_13_40,24272.80,24281.60,24268.50,24274.20,0,
09_06_2026_13_45,24273.90,24279.80,24263.00,24269.40,0,
09_06_2026_13_50,24269.40,24272.50,24256.50,24262.10,0,
09_06_2026_13_55,24261.80,24266.60,24237.40,24261.20,0,
09_06_2026_14_00,24261.50,24262.90,24252.60,24255.20,0,
09_06_2026_14_05,24254.50,24269.70,24251.40,24266.20,0,
09_06_2026_14_10,24266.80,24278.80,24263.10,24276.80,0,
09_06_2026_14_15,24277.00,24288.80,24270.90,24281.70,0,
09_06_2026_14_20,24281.80,24282.20,24273.30,24276.10,0,
09_06_2026_14_25,24277.70,24279.60,24266.00,24271.00,0,
09_06_2026_14_30,24270.70,24276.40,24243.10,24246.10,0,
09_06_2026_14_35,24247.50,24277.80,24243.90,24277.20,0,
09_06_2026_14_40,24277.30,24289.10,24277.10,24279.20,0,
09_06_2026_14_45,24280.00,24287.80,24275.50,24280.10,0,
09_06_2026_14_50,24280.40,24302.40,24276.30,24302.40,0,
09_06_2026_14_55,24302.90,24320.40,24299.60,24312.60,0,
09_06_2026_15_00,24311.50,24311.50,24268.90,24295.20,0,
09_06_2026_15_05,24295.30,24312.60,24292.80,24304.80,0,
09_06_2026_15_10,24304.70,24308.60,24299.70,24302.40,0,
09_06_2026_15_15,24303.10,24307.20,24289.10,24291.20,0,
09_06_2026_15_20,24290.60,24291.40,24279.40,24284.70,0,
09_06_2026_15_25,24284.80,24299.80,24267.70,24273.30,0,
10_06_2026_09_15,24329.60,24372.90,24303.10,24311.90,0,
10_06_2026_09_20,24310.00,24328.60,24281.80,24308.30,0,
10_06_2026_09_25,24308.20,24308.20,24266.20,24274.70,0,
10_06_2026_09_30,24274.70,24313.80,24274.70,24313.50,0,
10_06_2026_09_35,24312.80,24336.00,24293.20,24329.40,0,
10_06_2026_09_40,24329.00,24332.30,24305.90,24330.60,0,
10_06_2026_09_45,24331.80,24367.60,24329.70,24347.20,0,
10_06_2026_09_50,24348.50,24352.50,24317.80,24321.90,0,
10_06_2026_09_55,24322.10,24362.30,24319.90,24335.80,0,
10_06_2026_10_00,24335.80,24358.90,24330.40,24339.00,0,
10_06_2026_10_05,24339.00,24375.30,24335.30,24363.80,0,
10_06_2026_10_10,24363.40,24390.60,24362.20,24371.30,0,
10_06_2026_10_15,24370.30,24395.30,24356.30,24387.30,0,
10_06_2026_10_20,24387.40,24412.10,24383.40,24412.10,0,
10_06_2026_10_25,24411.20,24446.60,24410.80,24427.80,0,
10_06_2026_10_30,24427.20,24437.10,24411.30,24429.30,0,
10_06_2026_10_35,24429.30,24433.70,24404.30,24404.80,0,
10_06_2026_10_40,24404.70,24449.80,24404.10,24447.40,0,
10_06_2026_10_45,24447.40,24460.40,24440.20,24460.20,0,
10_06_2026_10_50,24461.10,24497.90,24459.80,24465.90,0,
10_06_2026_10_55,24465.60,24467.40,24425.80,24432.30,0,
10_06_2026_11_00,24433.10,24438.20,24423.10,24424.20,0,
10_06_2026_11_05,24424.10,24451.10,24418.20,24449.20,0,
10_06_2026_11_10,24448.50,24455.80,24438.10,24444.80,0,
10_06_2026_11_15,24444.80,24456.70,24432.80,24434.20,0,
10_06_2026_11_20,24434.50,24452.60,24431.20,24449.70,0,
10_06_2026_11_25,24452.40,24463.80,24446.30,24461.40,0,
10_06_2026_11_30,24461.20,24467.20,24452.70,24466.10,0,
10_06_2026_11_35,24466.10,24473.40,24448.90,24457.50,0,
10_06_2026_11_40,24455.80,24464.80,24441.90,24451.30,0,
10_06_2026_11_45,24448.50,24454.10,24439.40,24449.30,0,
10_06_2026_11_50,24449.30,24459.40,24448.70,24454.80,0,
10_06_2026_11_55,24453.40,24453.70,24444.10,24444.80,0,
10_06_2026_12_00,24444.80,24444.80,24409.50,24411.80,0,
10_06_2026_12_05,24411.90,24426.20,24411.50,24415.20,0,
10_06_2026_12_10,24415.20,24419.70,24407.20,24418.70,0,
10_06_2026_12_15,24419.20,24426.20,24410.00,24410.90,0,
10_06_2026_12_20,24410.80,24412.80,24386.40,24388.10,0,
10_06_2026_12_25,24389.20,24406.10,24386.90,24399.10,0,
10_06_2026_12_30,24399.10,24399.30,24385.90,24399.00,0,
10_06_2026_12_35,24399.00,24408.80,24393.80,24400.50,0,
10_06_2026_12_40,24400.80,24402.00,24375.90,24381.60,0,
10_06_2026_12_45,24381.30,24381.30,24367.10,24368.90,0,
10_06_2026_12_50,24368.80,24390.80,24368.80,24390.10,0,
10_06_2026_12_55,24390.10,24400.90,24388.10,24400.10,0,
10_06_2026_13_00,24400.90,24407.90,24397.10,24403.20,0,
10_06_2026_13_05,24403.70,24413.60,24391.70,24401.10,0,
10_06_2026_13_10,24401.00,24404.30,24383.40,24387.00,0,
10_06_2026_13_15,24386.70,24390.90,24363.60,24363.60,0,
10_06_2026_13_20,24363.70,24364.00,24337.20,24338.20,0,
10_06_2026_13_25,24338.20,24344.90,24330.40,24344.90,0,
10_06_2026_13_30,24345.20,24349.70,24329.30,24329.30,0,
10_06_2026_13_35,24329.30,24329.30,24300.10,24310.90,0,
10_06_2026_13_40,24310.90,24321.80,24294.50,24301.80,0,
10_06_2026_13_45,24302.40,24319.30,24299.80,24309.80,0,
10_06_2026_13_50,24309.90,24311.70,24290.20,24290.70,0,
10_06_2026_13_55,24291.20,24292.40,24270.40,24275.20,0,
10_06_2026_14_00,24275.30,24311.40,24275.30,24299.80,0,
10_06_2026_14_05,24299.90,24303.10,24285.90,24287.10,0,
10_06_2026_14_10,24287.20,24288.80,24257.90,24260.10,0,
10_06_2026_14_15,24260.10,24276.80,24252.70,24273.10,0,
10_06_2026_14_20,24272.90,24274.40,24267.00,24270.70,0,
10_06_2026_14_25,24270.90,24271.20,24255.70,24266.20,0,
10_06_2026_14_30,24268.80,24268.90,24246.80,24259.30,0,
10_06_2026_14_35,24259.60,24272.00,24232.70,24234.30,0,
10_06_2026_14_40,24233.60,24236.90,24211.60,24213.20,0,
10_06_2026_14_45,24213.20,24213.70,24191.90,24191.90,0,
10_06_2026_14_50,24192.30,24200.70,24180.40,24188.60,0,
10_06_2026_14_55,24188.20,24204.90,24182.20,24189.70,0,
10_06_2026_15_00,24189.40,24202.10,24187.50,24196.40,0,
10_06_2026_15_05,24195.90,24202.20,24171.80,24186.60,0,
10_06_2026_15_10,24186.50,24190.20,24143.30,24145.20,0,
10_06_2026_15_15,24143.80,24164.40,24119.60,24161.80,0,
10_06_2026_15_20,24163.80,24168.50,24124.70,24156.90,0,
10_06_2026_15_25,24158.60,24179.80,24138.80,24174.70,0,
11_06_2026_09_15,24130.70,24306.70,24094.40,24244.70,0,
11_06_2026_09_20,24250.40,24301.20,24250.30,24274.90,0,
11_06_2026_09_25,24275.00,24301.20,24237.20,24299.50,0,
11_06_2026_09_30,24302.10,24302.70,24246.80,24276.10,0,
11_06_2026_09_35,24275.30,24296.80,24261.10,24291.60,0,
11_06_2026_09_40,24293.20,24314.40,24281.40,24295.80,0,
11_06_2026_09_45,24295.50,24297.70,24270.40,24281.80,0,
11_06_2026_09_50,24283.20,24283.70,24240.20,24248.40,0,
11_06_2026_09_55,24250.20,24253.00,24229.80,24242.20,0,
11_06_2026_10_00,24243.30,24266.40,24240.50,24244.30,0,
11_06_2026_10_05,24245.90,24304.50,24236.30,24296.60,0,
11_06_2026_10_10,24295.90,24329.60,24294.40,24305.10,0,
11_06_2026_10_15,24306.10,24348.10,24303.80,24333.30,0,
11_06_2026_10_20,24337.70,24361.10,24332.50,24355.90,0,
11_06_2026_10_25,24358.20,24366.60,24345.70,24350.10,0,
11_06_2026_10_30,24349.80,24363.90,24345.90,24349.90,0,
11_06_2026_10_35,24352.30,24365.20,24346.10,24363.70,0,
11_06_2026_10_40,24364.30,24376.20,24358.20,24373.80,0,
11_06_2026_10_45,24373.70,24375.40,24356.50,24363.60,0,
11_06_2026_10_50,24366.00,24366.00,24334.30,24340.30,0,
11_06_2026_10_55,24341.70,24348.60,24329.20,24337.50,0,
11_06_2026_11_00,24339.90,24340.80,24325.20,24327.90,0,
11_06_2026_11_05,24328.70,24337.10,24315.20,24315.60,0,
11_06_2026_11_10,24317.30,24318.60,24304.10,24316.70,0,
11_06_2026_11_15,24318.20,24347.70,24312.50,24342.10,0,
11_06_2026_11_20,24342.00,24351.30,24339.30,24344.90,0,
11_06_2026_11_25,24346.90,24363.30,24345.90,24360.70,0,
11_06_2026_11_30,24362.20,24363.30,24341.70,24349.90,0,
11_06_2026_11_35,24350.60,24350.70,24341.60,24346.60,0,
11_06_2026_11_40,24346.70,24383.70,24345.60,24383.70,0,
11_06_2026_11_45,24383.10,24399.60,24379.60,24391.40,0,
11_06_2026_11_50,24394.00,24400.70,24376.50,24379.20,0,
11_06_2026_11_55,24381.30,24384.30,24361.90,24362.70,0,
11_06_2026_12_00,24365.70,24374.30,24364.90,24370.90,0,
11_06_2026_12_05,24371.10,24385.60,24365.60,24378.60,0,
11_06_2026_12_10,24379.70,24380.30,24359.40,24372.20,0,
11_06_2026_12_15,24372.80,24404.10,24372.60,24394.40,0,
11_06_2026_12_20,24396.20,24424.30,24393.00,24424.20,0,
11_06_2026_12_25,24424.60,24452.10,24422.20,24433.70,0,
11_06_2026_12_30,24435.40,24443.40,24430.30,24442.50,0,
11_06_2026_12_35,24445.20,24450.20,24433.80,24436.70,0,
11_06_2026_12_40,24436.40,24441.30,24430.20,24438.30,0,
11_06_2026_12_45,24440.00,24440.20,24403.30,24414.80,0,
11_06_2026_12_50,24414.90,24420.60,24409.40,24419.80,0,
11_06_2026_12_55,24420.00,24436.80,24415.90,24436.80,0,
11_06_2026_13_00,24437.80,24457.30,24437.10,24449.10,0,
11_06_2026_13_05,24449.60,24453.20,24430.70,24431.80,0,
11_06_2026_13_10,24432.30,24438.10,24416.30,24423.60,0,
11_06_2026_13_15,24424.20,24430.70,24414.90,24422.80,0,
11_06_2026_13_20,24422.70,24424.20,24397.70,24400.30,0,
11_06_2026_13_25,24403.90,24405.30,24380.20,24392.90,0,
11_06_2026_13_30,24394.70,24406.90,24394.20,24400.90,0,
11_06_2026_13_35,24402.60,24405.60,24384.20,24387.90,0,
11_06_2026_13_40,24388.70,24396.70,24371.30,24385.10,0,
11_06_2026_13_45,24386.40,24395.90,24371.30,24385.30,0,
11_06_2026_13_50,24387.10,24406.10,24384.40,24405.50,0,
11_06_2026_13_55,24407.70,24414.90,24394.30,24403.40,0,
11_06_2026_14_00,24404.80,24416.20,24399.30,24409.10,0,
11_06_2026_14_05,24409.20,24409.60,24378.10,24379.40,0,
11_06_2026_14_10,24381.10,24383.80,24361.80,24370.10,0,
11_06_2026_14_15,24373.90,24376.40,24349.40,24360.20,0,
11_06_2026_14_20,24360.70,24367.40,24349.70,24354.40,0,
11_06_2026_14_25,24355.80,24397.30,24352.20,24391.80,0,
11_06_2026_14_30,24391.80,24394.10,24367.70,24375.70,0,
11_06_2026_14_35,24376.80,24378.40,24337.80,24341.70,0,
11_06_2026_14_40,24342.60,24347.20,24334.80,24336.30,0,
11_06_2026_14_45,24336.90,24338.70,24302.10,24324.60,0,
11_06_2026_14_50,24325.80,24333.60,24318.60,24319.40,0,
11_06_2026_14_55,24321.50,24324.10,24302.10,24305.80,0,
11_06_2026_15_00,24307.80,24336.80,24266.80,24288.70,0,
11_06_2026_15_05,24287.20,24302.80,24283.40,24291.80,0,
11_06_2026_15_10,24292.30,24322.30,24285.70,24318.50,0,
11_06_2026_15_15,24318.70,24333.80,24308.60,24319.70,0,
11_06_2026_15_20,24320.20,24322.70,24305.20,24319.60,0,
11_06_2026_15_25,24320.20,24359.10,24312.20,24357.50,0,
12_06_2026_09_15,24504.20,24526.80,24420.20,24431.80,0,
12_06_2026_09_20,24434.70,24446.90,24416.70,24433.50,0,
12_06_2026_09_25,24432.90,24476.80,24432.90,24452.80,0,
12_06_2026_09_30,24456.10,24483.80,24444.30,24451.80,0,
12_06_2026_09_35,24451.30,24452.20,24416.80,24416.80,0,
12_06_2026_09_40,24416.30,24429.80,24390.60,24390.70,0,
12_06_2026_09_45,24392.20,24397.50,24367.10,24390.60,0,
12_06_2026_09_50,24392.10,24394.80,24348.30,24351.60,0,
12_06_2026_09_55,24352.50,24354.20,24327.80,24332.10,0,
12_06_2026_10_00,24335.70,24338.80,24274.50,24298.20,0,
12_06_2026_10_05,24299.50,24322.70,24298.80,24319.70,0,
12_06_2026_10_10,24320.50,24343.80,24317.60,24334.90,0,
12_06_2026_10_15,24337.10,24379.40,24335.60,24378.40,0,
12_06_2026_10_20,24379.40,24395.10,24375.90,24388.70,0,
12_06_2026_10_25,24388.20,24394.40,24377.60,24393.90,0,
12_06_2026_10_30,24394.00,24418.80,24394.00,24418.20,0,
12_06_2026_10_35,24418.20,24428.20,24410.20,24426.50,0,
12_06_2026_10_40,24427.10,24438.10,24412.30,24420.40,0,
12_06_2026_10_45,24420.20,24430.00,24406.20,24418.20,0,
12_06_2026_10_50,24418.40,24429.30,24415.60,24425.40,0,
12_06_2026_10_55,24425.80,24430.40,24418.80,24426.70,0,
12_06_2026_11_00,24426.40,24432.20,24416.00,24423.50,0,
12_06_2026_11_05,24423.10,24434.10,24419.80,24428.80,0,
12_06_2026_11_10,24429.80,24442.20,24424.20,24441.50,0,
12_06_2026_11_15,24441.10,24450.20,24434.90,24440.90,0,
12_06_2026_11_20,24441.60,24462.70,24438.20,24460.60,0,
12_06_2026_11_25,24461.10,24465.00,24438.90,24442.30,0,
12_06_2026_11_30,24443.00,24472.90,24443.00,24468.90,0,
12_06_2026_11_35,24470.50,24477.60,24463.30,24477.60,0,
12_06_2026_11_40,24477.20,24486.80,24470.60,24477.80,0,
12_06_2026_11_45,24478.00,24479.20,24452.20,24454.30,0,
12_06_2026_11_50,24456.80,24457.60,24424.50,24428.20,0,
12_06_2026_11_55,24428.60,24464.10,24428.60,24444.30,0,
12_06_2026_12_00,24444.00,24448.20,24436.30,24444.30,0,
12_06_2026_12_05,24444.20,24445.30,24430.80,24432.40,0,
12_06_2026_12_10,24432.20,24432.20,24411.60,24423.70,0,
12_06_2026_12_15,24424.70,24441.20,24424.20,24440.00,0,
12_06_2026_12_20,24440.20,24444.60,24438.00,24442.20,0,
12_06_2026_12_25,24443.70,24450.10,24435.10,24436.90,0,
12_06_2026_12_30,24437.60,24440.20,24403.10,24407.90,0,
12_06_2026_12_35,24407.70,24414.60,24403.30,24404.60,0,
12_06_2026_12_40,24404.90,24410.10,24399.40,24402.00,0,
12_06_2026_12_45,24403.70,24406.50,24394.40,24401.30,0,
12_06_2026_12_50,24401.80,24407.10,24390.40,24390.80,0,
12_06_2026_12_55,24390.40,24401.80,24388.70,24396.70,0,
12_06_2026_13_00,24396.80,24405.10,24389.80,24398.60,0,
12_06_2026_13_05,24398.80,24411.90,24396.50,24403.90,0,
12_06_2026_13_10,24404.80,24413.20,24382.80,24386.60,0,
12_06_2026_13_15,24388.20,24395.30,24384.50,24388.10,0,
12_06_2026_13_20,24389.60,24394.40,24368.20,24369.80,0,
12_06_2026_13_25,24370.70,24413.90,24363.90,24397.70,0,
12_06_2026_13_30,24397.60,24412.80,24396.80,24407.70,0,
12_06_2026_13_35,24406.70,24416.80,24401.00,24410.10,0,
12_06_2026_13_40,24410.70,24421.20,24402.00,24403.90,0,
12_06_2026_13_45,24405.30,24415.30,24395.80,24411.80,0,
12_06_2026_13_50,24410.80,24417.50,24399.10,24403.80,0,
12_06_2026_13_55,24405.60,24407.00,24383.80,24384.90,0,
12_06_2026_14_00,24387.00,24400.50,24381.40,24385.20,0,
12_06_2026_14_05,24385.40,24396.00,24377.60,24377.80,0,
12_06_2026_14_10,24376.60,24380.10,24365.70,24374.70,0,
12_06_2026_14_15,24374.80,24383.90,24362.20,24377.10,0,
12_06_2026_14_20,24378.10,24381.50,24369.90,24371.60,0,
12_06_2026_14_25,24371.30,24371.60,24358.30,24362.80,0,
12_06_2026_14_30,24363.10,24365.70,24352.60,24354.20,0,
12_06_2026_14_35,24354.70,24357.80,24344.00,24355.00,0,
12_06_2026_14_40,24356.90,24381.70,24356.90,24380.60,0,
12_06_2026_14_45,24381.40,24387.70,24372.70,24376.40,0,
12_06_2026_14_50,24376.50,24380.70,24359.60,24369.40,0,
12_06_2026_14_55,24368.40,24374.80,24361.50,24363.20,0,
12_06_2026_15_00,24359.70,24408.20,24341.80,24406.90,0,
12_06_2026_15_05,24404.50,24424.80,24398.20,24403.80,0,
12_06_2026_15_10,24403.70,24403.70,24383.30,24383.80,0,
12_06_2026_15_15,24384.40,24388.20,24364.80,24366.40,0,
12_06_2026_15_20,24365.20,24367.80,24355.80,24363.00,0,
12_06_2026_15_25,24364.20,24366.70,24344.40,24354.60,0,
15_06_2026_09_15,24524.50,24553.50,24299.90,24301.70,0,
15_06_2026_09_20,24305.70,24351.20,24276.70,24300.90,0,
15_06_2026_09_25,24304.90,24361.20,24298.40,24347.40,0,
15_06_2026_09_30,24350.40,24350.40,24299.20,24327.40,0,
15_06_2026_09_35,24328.40,24333.80,24301.20,24325.60,0,
15_06_2026_09_40,24325.40,24333.70,24301.30,24317.20,0,
15_06_2026_09_45,24320.20,24320.30,24283.30,24298.40,0,
15_06_2026_09_50,24301.50,24308.10,24273.30,24280.90,0,
15_06_2026_09_55,24279.50,24288.80,24271.10,24275.40,0,
15_06_2026_10_00,24278.20,24278.20,24256.30,24272.90,0,
15_06_2026_10_05,24274.80,24288.90,24270.20,24275.80,0,
15_06_2026_10_10,24278.90,24302.30,24274.10,24298.10,0,
15_06_2026_10_15,24300.60,24303.60,24275.80,24277.70,0,
15_06_2026_10_20,24277.40,24298.50,24271.20,24293.80,0,
15_06_2026_10_25,24294.90,24313.80,24291.90,24294.60,0,
15_06_2026_10_30,24295.20,24300.20,24289.70,24300.10,0,
15_06_2026_10_35,24301.20,24334.80,24299.40,24330.20,0,
15_06_2026_10_40,24330.20,24349.60,24323.70,24333.40,0,
15_06_2026_10_45,24333.40,24335.80,24320.60,24330.80,0,
15_06_2026_10_50,24331.20,24343.80,24326.30,24327.80,0,
15_06_2026_10_55,24330.20,24342.90,24325.00,24326.10,0,
15_06_2026_11_00,24327.70,24328.60,24299.40,24314.10,0,
15_06_2026_11_05,24315.10,24316.50,24303.20,24305.60,0,
15_06_2026_11_10,24308.60,24317.80,24300.90,24302.10,0,
15_06_2026_11_15,24304.90,24321.70,24301.00,24316.30,0,
15_06_2026_11_20,24319.60,24327.20,24309.40,24323.10,0,
15_06_2026_11_25,24325.20,24331.80,24321.20,24327.70,0,
15_06_2026_11_30,24328.80,24330.50,24305.60,24306.80,0,
15_06_2026_11_35,24306.20,24326.20,24306.20,24325.60,0,
15_06_2026_11_40,24324.60,24338.90,24319.20,24334.80,0,
15_06_2026_11_45,24334.80,24334.80,24315.20,24316.20,0,
15_06_2026_11_50,24317.30,24321.70,24309.80,24310.40,0,
15_06_2026_11_55,24311.30,24320.70,24294.60,24318.60,0,
15_06_2026_12_00,24322.40,24330.70,24311.70,24320.10,0,
15_06_2026_12_05,24323.80,24328.20,24307.80,24314.70,0,
15_06_2026_12_10,24315.50,24317.50,24298.60,24308.10,0,
15_06_2026_12_15,24309.80,24311.10,24282.60,24284.30,0,
15_06_2026_12_20,24286.40,24291.90,24270.60,24288.30,0,
15_06_2026_12_25,24290.40,24301.20,24288.40,24289.40,0,
15_06_2026_12_30,24289.50,24300.10,24275.80,24283.80,0,
15_06_2026_12_35,24284.50,24287.70,24271.10,24274.90,0,
15_06_2026_12_40,24276.20,24277.80,24259.60,24266.80,0,
15_06_2026_12_45,24267.20,24268.80,24233.60,24240.10,0,
15_06_2026_12_50,24241.40,24249.40,24235.50,24237.10,0,
15_06_2026_12_55,24238.70,24245.70,24235.10,24239.30,0,
15_06_2026_13_00,24240.60,24246.00,24228.40,24235.00,0,
15_06_2026_13_05,24236.20,24240.10,24228.10,24237.30,0,
15_06_2026_13_10,24239.20,24251.30,24235.40,24238.70,0,
15_06_2026_13_15,24241.60,24248.70,24233.40,24237.60,0,
15_06_2026_13_20,24237.70,24249.10,24234.30,24242.00,0,
15_06_2026_13_25,24243.10,24245.20,24226.70,24230.80,0,
15_06_2026_13_30,24233.20,24252.70,24229.20,24245.20,0,
15_06_2026_13_35,24245.50,24246.70,24227.80,24230.80,0,
15_06_2026_13_40,24233.00,24233.80,24215.30,24217.00,0,
15_06_2026_13_45,24219.40,24226.90,24214.90,24217.90,0,
15_06_2026_13_50,24218.10,24224.90,24210.50,24218.40,0,
15_06_2026_13_55,24220.60,24224.40,24215.30,24221.10,0,
15_06_2026_14_00,24221.80,24229.60,24216.70,24221.00,0,
15_06_2026_14_05,24221.00,24230.10,24214.60,24220.80,0,
15_06_2026_14_10,24220.80,24223.30,24207.30,24211.60,0,
15_06_2026_14_15,24211.20,24211.40,24199.80,24209.20,0,
15_06_2026_14_20,24208.80,24225.90,24208.20,24222.80,0,
15_06_2026_14_25,24222.80,24223.40,24204.50,24209.40,0,
15_06_2026_14_30,24208.30,24223.20,24208.00,24219.80,0,
15_06_2026_14_35,24219.40,24239.20,24218.80,24231.70,0,
15_06_2026_14_40,24232.20,24248.40,24222.90,24226.40,0,
15_06_2026_14_45,24226.20,24247.70,24226.20,24241.50,0,
15_06_2026_14_50,24241.30,24251.70,24230.00,24247.90,0,
15_06_2026_14_55,24248.30,24252.10,24230.20,24237.90,0,
15_06_2026_15_00,24237.70,24254.40,24212.30,24230.30,0,
15_06_2026_15_05,24232.60,24237.20,24218.60,24227.20,0,
15_06_2026_15_10,24227.80,24228.50,24198.20,24214.60,0,
15_06_2026_15_15,24215.10,24236.10,24213.80,24233.40,0,
15_06_2026_15_20,24232.40,24235.90,24213.60,24227.10,0,
15_06_2026_15_25,24226.40,24228.90,24207.70,24221.70,0,
16_06_2026_09_15,24272.20,24306.80,24251.90,24275.60,0,
16_06_2026_09_20,24275.10,24277.30,24226.60,24236.00,0,
16_06_2026_09_25,24235.70,24258.20,24230.70,24239.30,0,
16_06_2026_09_30,24238.80,24248.00,24231.10,24232.70,0,
16_06_2026_09_35,24232.70,24236.30,24200.90,24212.10,0,
16_06_2026_09_40,24211.70,24237.70,24209.40,24233.50,0,
16_06_2026_09_45,24233.10,24235.20,24198.20,24206.50,0,
16_06_2026_09_50,24205.30,24259.30,24196.30,24256.00,0,
16_06_2026_09_55,24255.10,24264.80,24227.00,24232.70,0,
16_06_2026_10_00,24232.20,24239.10,24205.20,24226.10,0,
16_06_2026_10_05,24225.80,24231.20,24212.80,24221.90,0,
16_06_2026_10_10,24221.40,24221.40,24203.40,24208.10,0,
16_06_2026_10_15,24208.10,24223.40,24205.20,24213.70,0,
16_06_2026_10_20,24214.60,24225.80,24213.30,24216.40,0,
16_06_2026_10_25,24216.60,24217.70,24200.00,24201.80,0,
16_06_2026_10_30,24202.10,24209.90,24198.20,24205.10,0,
16_06_2026_10_35,24205.30,24208.30,24192.80,24200.50,0,
16_06_2026_10_40,24200.20,24203.90,24188.80,24194.00,0,
16_06_2026_10_45,24193.70,24193.90,24177.20,24187.50,0,
16_06_2026_10_50,24187.40,24199.80,24181.90,24184.30,0,
16_06_2026_10_55,24185.20,24185.20,24142.70,24146.40,0,
16_06_2026_11_00,24147.30,24147.60,24127.00,24128.20,0,
16_06_2026_11_05,24128.70,24132.00,24110.10,24114.40,0,
16_06_2026_11_10,24114.10,24114.60,24097.40,24099.90,0,
16_06_2026_11_15,24100.30,24112.70,24097.40,24106.00,0,
16_06_2026_11_20,24105.80,24115.90,24102.40,24114.40,0,
16_06_2026_11_25,24115.10,24115.10,24095.70,24101.70,0,
16_06_2026_11_30,24101.80,24105.30,24094.20,24102.60,0,
16_06_2026_11_35,24103.40,24106.80,24093.80,24100.20,0,
16_06_2026_11_40,24100.20,24108.10,24097.90,24106.10,0,
16_06_2026_11_45,24106.10,24110.60,24096.10,24096.10,0,
16_06_2026_11_50,24097.90,24125.40,24097.60,24125.20,0,
16_06_2026_11_55,24125.30,24137.90,24120.90,24134.20,0,
16_06_2026_12_00,24134.30,24135.60,24110.50,24123.80,0,
16_06_2026_12_05,24123.90,24136.80,24119.10,24135.80,0,
16_06_2026_12_10,24135.80,24139.80,24131.80,24137.20,0,
16_06_2026_12_15,24137.30,24139.20,24122.50,24126.80,0,
16_06_2026_12_20,24126.80,24139.10,24118.20,24134.70,0,
16_06_2026_12_25,24134.20,24134.20,24113.20,24116.80,0,
16_06_2026_12_30,24117.40,24119.80,24099.10,24099.10,0,
16_06_2026_12_35,24100.20,24105.70,24089.10,24096.70,0,
16_06_2026_12_40,24096.40,24096.40,24084.60,24090.70,0,
16_06_2026_12_45,24090.60,24093.20,24073.30,24089.60,0,
16_06_2026_12_50,24088.70,24095.60,24065.40,24069.10,0,
16_06_2026_12_55,24071.00,24074.80,24055.70,24055.80,0,
16_06_2026_13_00,24055.40,24058.30,24037.00,24043.30,0,
16_06_2026_13_05,24043.30,24043.30,24020.60,24027.70,0,
16_06_2026_13_10,24027.90,24035.30,24024.10,24032.00,0,
16_06_2026_13_15,24031.80,24083.60,24031.10,24073.00,0,
16_06_2026_13_20,24072.40,24104.30,24071.40,24101.40,0,
16_06_2026_13_25,24101.30,24112.70,24092.90,24112.10,0,
16_06_2026_13_30,24112.00,24113.60,24100.10,24105.50,0,
16_06_2026_13_35,24106.10,24109.60,24096.70,24101.30,0,
16_06_2026_13_40,24101.30,24113.70,24092.90,24109.40,0,
16_06_2026_13_45,24107.70,24123.20,24106.80,24120.90,0,
16_06_2026_13_50,24121.20,24124.40,24105.90,24108.90,0,
16_06_2026_13_55,24110.10,24123.70,24109.50,24123.70,0,
16_06_2026_14_00,24123.70,24134.70,24118.80,24122.60,0,
16_06_2026_14_05,24123.70,24129.70,24117.60,24128.10,0,
16_06_2026_14_10,24128.00,24136.60,24124.00,24134.80,0,
16_06_2026_14_15,24134.80,24145.40,24133.40,24143.90,0,
16_06_2026_14_20,24144.20,24149.40,24135.20,24148.80,0,
16_06_2026_14_25,24148.80,24172.60,24147.90,24170.20,0,
16_06_2026_14_30,24170.80,24185.70,24165.20,24167.00,0,
16_06_2026_14_35,24167.90,24169.60,24151.10,24169.60,0,
16_06_2026_14_40,24170.00,24178.30,24144.90,24145.10,0,
16_06_2026_14_45,24145.60,24159.60,24139.80,24158.70,0,
16_06_2026_14_50,24159.20,24171.10,24156.80,24166.80,0,
16_06_2026_14_55,24169.10,24169.80,24146.80,24151.80,0,
16_06_2026_15_00,24151.10,24173.20,24143.40,24145.30,0,
16_06_2026_15_05,24147.30,24161.30,24147.30,24154.40,0,
16_06_2026_15_10,24156.40,24156.80,24143.70,24150.00,0,
16_06_2026_15_15,24149.60,24157.30,24143.30,24150.20,0,
16_06_2026_15_20,24152.10,24174.10,24146.70,24169.00,0,
16_06_2026_15_25,24171.30,24191.90,24165.80,24186.90,0,
17_06_2026_09_15,24195.30,24238.70,24171.80,24187.50,0,
17_06_2026_09_20,24188.20,24233.30,24165.20,24227.70,0,
17_06_2026_09_25,24228.30,24230.70,24181.60,24211.60,0,
17_06_2026_09_30,24210.20,24212.10,24172.90,24176.20,0,
17_06_2026_09_35,24176.20,24227.60,24172.10,24227.60,0,
17_06_2026_09_40,24228.60,24232.50,24198.30,24224.90,0,
17_06_2026_09_45,24224.90,24228.00,24192.70,24201.30,0,
17_06_2026_09_50,24201.40,24201.40,24168.20,24169.20,0,
17_06_2026_09_55,24171.80,24175.20,24155.60,24173.10,0,
17_06_2026_10_00,24173.90,24198.80,24163.90,24178.80,0,
17_06_2026_10_05,24178.80,24179.10,24151.60,24166.70,0,
17_06_2026_10_10,24167.30,24169.90,24158.30,24159.90,0,
17_06_2026_10_15,24160.30,24181.40,24151.30,24173.60,0,
17_06_2026_10_20,24175.60,24181.80,24172.20,24179.70,0,
17_06_2026_10_25,24180.70,24182.30,24166.10,24168.60,0,
17_06_2026_10_30,24168.80,24173.40,24163.70,24170.90,0,
17_06_2026_10_35,24170.90,24177.20,24164.70,24173.20,0,
17_06_2026_10_40,24173.20,24178.20,24165.10,24173.30,0,
17_06_2026_10_45,24173.30,24174.30,24152.50,24153.70,0,
17_06_2026_10_50,24154.80,24158.80,24149.10,24154.80,0,
17_06_2026_10_55,24154.80,24169.40,24152.50,24156.50,0,
17_06_2026_11_00,24156.80,24164.30,24156.00,24159.20,0,
17_06_2026_11_05,24160.30,24163.80,24137.80,24137.80,0,
17_06_2026_11_10,24139.20,24139.20,24101.90,24106.90,0,
17_06_2026_11_15,24107.00,24107.70,24085.20,24096.10,0,
17_06_2026_11_20,24096.10,24102.20,24086.20,24087.30,0,
17_06_2026_11_25,24087.00,24099.30,24085.30,24091.80,0,
17_06_2026_11_30,24092.10,24100.80,24082.00,24085.30,0,
17_06_2026_11_35,24085.80,24094.80,24078.70,24086.30,0,
17_06_2026_11_40,24086.60,24091.30,24068.00,24068.70,0,
17_06_2026_11_45,24070.20,24070.20,24047.80,24048.00,0,
17_06_2026_11_50,24049.60,24063.20,24035.40,24059.30,0,
17_06_2026_11_55,24061.10,24074.60,24057.20,24065.10,0,
17_06_2026_12_00,24064.80,24075.60,24060.40,24075.10,0,
17_06_2026_12_05,24075.50,24083.70,24067.40,24069.10,0,
17_06_2026_12_10,24069.70,24093.90,24067.90,24084.20,0,
17_06_2026_12_15,24084.60,24104.60,24080.20,24103.20,0,
17_06_2026_12_20,24103.30,24107.10,24096.80,24100.90,0,
17_06_2026_12_25,24101.20,24104.30,24091.00,24094.90,0,
17_06_2026_12_30,24095.70,24097.20,24087.00,24087.80,0,
17_06_2026_12_35,24088.80,24103.80,24084.60,24097.20,0,
17_06_2026_12_40,24097.20,24101.80,24085.10,24094.00,0,
17_06_2026_12_45,24094.20,24105.20,24092.90,24097.30,0,
17_06_2026_12_50,24098.60,24099.20,24074.80,24074.80,0,
17_06_2026_12_55,24074.40,24077.40,24071.40,24072.80,0,
17_06_2026_13_00,24072.80,24075.70,24057.80,24065.90,0,
17_06_2026_13_05,24065.90,24073.10,24061.60,24072.10,0,
17_06_2026_13_10,24071.30,24080.30,24069.20,24077.90,0,
17_06_2026_13_15,24078.00,24098.60,24074.00,24087.60,0,
17_06_2026_13_20,24088.80,24093.30,24082.50,24082.50,0,
17_06_2026_13_25,24083.80,24089.50,24077.70,24086.80,0,
17_06_2026_13_30,24088.60,24089.20,24078.60,24082.60,0,
17_06_2026_13_35,24083.30,24092.30,24080.60,24088.40,0,
17_06_2026_13_40,24089.80,24094.40,24082.00,24087.10,0,
17_06_2026_13_45,24087.10,24091.80,24083.30,24090.20,0,
17_06_2026_13_50,24090.30,24093.80,24082.00,24082.30,0,
17_06_2026_13_55,24084.30,24085.10,24070.80,24071.10,0,
17_06_2026_14_00,24072.30,24079.60,24070.10,24078.50,0,
17_06_2026_14_05,24077.80,24083.20,24074.70,24078.10,0,
17_06_2026_14_10,24077.50,24092.90,24071.80,24090.80,0,
17_06_2026_14_15,24091.10,24094.20,24079.80,24093.90,0,
17_06_2026_14_20,24094.20,24094.50,24077.80,24084.50,0,
17_06_2026_14_25,24087.30,24087.30,24069.40,24070.80,0,
17_06_2026_14_30,24071.40,24081.80,24070.60,24076.00,0,
17_06_2026_14_35,24076.10,24085.00,24066.20,24082.80,0,
17_06_2026_14_40,24083.40,24094.20,24080.20,24093.20,0,
17_06_2026_14_45,24094.30,24097.00,24078.70,24081.30,0,
17_06_2026_14_50,24084.70,24091.20,24079.10,24084.60,0,
17_06_2026_14_55,24085.30,24126.40,24082.80,24124.60,0,
17_06_2026_15_00,24124.00,24168.60,24124.00,24146.40,0,
17_06_2026_15_05,24147.20,24154.30,24137.80,24138.50,0,
17_06_2026_15_10,24139.30,24142.00,24132.30,24135.30,0,
17_06_2026_15_15,24136.00,24144.60,24131.70,24138.90,0,
17_06_2026_15_20,24138.10,24158.80,24125.90,24154.80,0,
17_06_2026_15_25,24154.30,24157.20,24137.10,24147.80,0,
18_06_2026_09_15,24186.40,24218.80,24135.20,24195.20,0,
18_06_2026_09_20,24199.10,24298.10,24195.90,24297.20,0,
18_06_2026_09_25,24295.80,24302.50,24273.20,24273.80,0,
18_06_2026_09_30,24275.30,24303.50,24256.00,24268.60,0,
18_06_2026_09_35,24270.40,24271.30,24243.50,24259.30,0,
18_06_2026_09_40,24261.20,24275.10,24251.90,24262.20,0,
18_06_2026_09_45,24262.80,24267.10,24222.90,24229.90,0,
18_06_2026_09_50,24229.90,24242.80,24218.00,24219.80,0,
18_06_2026_09_55,24220.40,24226.30,24211.70,24223.40,0,
18_06_2026_10_00,24226.20,24236.70,24223.30,24224.90,0,
18_06_2026_10_05,24227.60,24235.20,24219.80,24227.20,0,
18_06_2026_10_10,24229.40,24239.10,24205.30,24208.80,0,
18_06_2026_10_15,24209.90,24215.20,24204.80,24211.70,0,
18_06_2026_10_20,24214.20,24228.30,24202.00,24204.80,0,
18_06_2026_10_25,24206.30,24216.10,24200.30,24216.10,0,
18_06_2026_10_30,24214.60,24231.60,24206.80,24221.40,0,
18_06_2026_10_35,24220.50,24232.90,24210.40,24210.40,0,
18_06_2026_10_40,24211.70,24216.90,24198.80,24213.00,0,
18_06_2026_10_45,24212.20,24217.40,24188.40,24189.10,0,
18_06_2026_10_50,24190.40,24194.70,24176.70,24178.30,0,
18_06_2026_10_55,24180.50,24193.20,24172.80,24189.80,0,
18_06_2026_11_00,24191.50,24194.80,24171.50,24178.30,0,
18_06_2026_11_05,24180.50,24186.40,24171.30,24176.40,0,
18_06_2026_11_10,24180.30,24181.40,24172.40,24175.60,0,
18_06_2026_11_15,24176.20,24176.20,24160.60,24162.20,0,
18_06_2026_11_20,24162.30,24165.10,24152.90,24161.40,0,
18_06_2026_11_25,24162.30,24171.50,24159.60,24167.70,0,
18_06_2026_11_30,24167.40,24170.60,24157.80,24167.30,0,
18_06_2026_11_35,24168.10,24177.00,24165.20,24175.80,0,
18_06_2026_11_40,24175.80,24180.20,24167.40,24173.80,0,
18_06_2026_11_45,24175.20,24175.20,24157.70,24161.80,0,
18_06_2026_11_50,24164.00,24170.50,24158.30,24161.20,0,
18_06_2026_11_55,24164.00,24165.40,24153.90,24154.30,0,
18_06_2026_12_00,24157.50,24160.10,24147.90,24149.20,0,
18_06_2026_12_05,24150.30,24152.30,24142.90,24143.40,0,
18_06_2026_12_10,24144.60,24148.30,24136.90,24146.10,0,
18_06_2026_12_15,24147.40,24158.60,24138.20,24156.20,0,
18_06_2026_12_20,24156.60,24157.30,24143.30,24145.80,0,
18_06_2026_12_25,24149.80,24154.30,24142.20,24154.30,0,
18_06_2026_12_30,24154.10,24180.70,24153.40,24178.80,0,
18_06_2026_12_35,24180.80,24180.80,24161.70,24162.70,0,
18_06_2026_12_40,24164.10,24164.80,24154.70,24159.70,0,
18_06_2026_12_45,24161.30,24164.90,24148.90,24151.20,0,
18_06_2026_12_50,24151.90,24165.10,24145.60,24161.70,0,
18_06_2026_12_55,24163.20,24171.20,24160.40,24163.70,0,
18_06_2026_13_00,24163.40,24166.90,24156.90,24163.40,0,
18_06_2026_13_05,24165.40,24167.10,24144.80,24153.20,0,
18_06_2026_13_10,24153.40,24160.70,24147.20,24160.60,0,
18_06_2026_13_15,24162.20,24166.80,24147.80,24150.10,0,
18_06_2026_13_20,24150.70,24177.50,24148.00,24174.80,0,
18_06_2026_13_25,24176.10,24179.40,24161.90,24174.90,0,
18_06_2026_13_30,24176.60,24183.80,24170.30,24174.90,0,
18_06_2026_13_35,24176.30,24179.30,24170.10,24170.30,0,
18_06_2026_13_40,24173.60,24183.90,24167.10,24181.20,0,
18_06_2026_13_45,24181.70,24189.00,24177.00,24179.60,0,
18_06_2026_13_50,24179.90,24194.60,24178.10,24186.80,0,
18_06_2026_13_55,24188.10,24204.60,24186.70,24196.20,0,
18_06_2026_14_00,24195.20,24215.20,24195.20,24213.30,0,
18_06_2026_14_05,24213.90,24221.40,24184.60,24190.80,0,
18_06_2026_14_10,24193.90,24224.20,24190.30,24207.00,0,
18_06_2026_14_15,24208.40,24237.50,24206.90,24233.30,0,
18_06_2026_14_20,24234.00,24264.10,24228.20,24257.50,0,
18_06_2026_14_25,24260.70,24287.30,24258.10,24280.10,0,
18_06_2026_14_30,24282.20,24282.20,24245.30,24281.30,0,
18_06_2026_14_35,24283.90,24285.20,24261.40,24272.80,0,
18_06_2026_14_40,24272.80,24272.90,24246.80,24254.70,0,
18_06_2026_14_45,24255.90,24257.20,24226.60,24229.10,0,
18_06_2026_14_50,24230.70,24243.40,24224.20,24238.20,0,
18_06_2026_14_55,24239.90,24267.70,24234.80,24267.70,0,
18_06_2026_15_00,24268.00,24291.70,24261.80,24289.90,0,
18_06_2026_15_05,24289.40,24296.90,24287.40,24291.90,0,
18_06_2026_15_10,24293.60,24295.50,24266.90,24271.90,0,
18_06_2026_15_15,24271.60,24290.50,24266.80,24277.10,0,
18_06_2026_15_20,24278.40,24294.80,24272.60,24288.80,0,
18_06_2026_15_25,24289.80,24322.80,24287.90,24316.30,0,
19_06_2026_09_15,24281.70,24409.90,24274.40,24393.30,0,
19_06_2026_09_20,24394.00,24399.60,24349.80,24363.40,0,
19_06_2026_09_25,24361.40,24390.70,24354.80,24356.80,0,
19_06_2026_09_30,24358.70,24365.30,24338.20,24353.40,0,
19_06_2026_09_35,24351.60,24353.10,24323.30,24347.20,0,
19_06_2026_09_40,24347.00,24366.10,24336.20,24343.20,0,
19_06_2026_09_45,24343.20,24344.60,24320.30,24328.90,0,
19_06_2026_09_50,24328.90,24341.80,24321.70,24339.60,0,
19_06_2026_09_55,24339.40,24357.20,24332.10,24339.80,0,
19_06_2026_10_00,24339.60,24340.60,24315.30,24320.80,0,
19_06_2026_10_05,24322.00,24349.80,24322.00,24337.30,0,
19_06_2026_10_10,24337.40,24390.70,24334.70,24387.20,0,
19_06_2026_10_15,24386.30,24400.20,24350.40,24350.40,0,
19_06_2026_10_20,24350.70,24351.80,24338.80,24347.60,0,
19_06_2026_10_25,24348.70,24357.80,24342.30,24348.60,0,
19_06_2026_10_30,24349.40,24379.90,24349.40,24376.80,0,
19_06_2026_10_35,24376.60,24385.20,24370.50,24383.60,0,
19_06_2026_10_40,24383.60,24386.60,24373.40,24382.90,0,
19_06_2026_10_45,24382.90,24387.60,24374.20,24383.00,0,
19_06_2026_10_50,24383.80,24385.90,24367.80,24372.90,0,
19_06_2026_10_55,24373.90,24377.50,24356.10,24356.10,0,
19_06_2026_11_00,24355.80,24361.40,24350.20,24352.80,0,
19_06_2026_11_05,24352.80,24360.20,24349.20,24350.60,0,
19_06_2026_11_10,24351.20,24365.80,24347.20,24359.40,0,
19_06_2026_11_15,24359.40,24360.50,24344.90,24356.60,0,
19_06_2026_11_20,24356.70,24372.20,24345.20,24370.20,0,
19_06_2026_11_25,24370.20,24379.20,24369.50,24375.40,0,
19_06_2026_11_30,24375.70,24406.90,24371.20,24405.10,0,
19_06_2026_11_35,24406.30,24414.30,24402.40,24403.50,0,
19_06_2026_11_40,24403.50,24409.10,24397.80,24401.10,0,
19_06_2026_11_45,24402.70,24402.70,24377.90,24383.10,0,
19_06_2026_11_50,24383.20,24385.80,24377.80,24382.70,0,
19_06_2026_11_55,24382.40,24386.80,24378.60,24386.20,0,
19_06_2026_12_00,24386.20,24399.90,24382.80,24394.20,0,
19_06_2026_12_05,24394.70,24404.10,24392.30,24396.10,0,
19_06_2026_12_10,24396.70,24397.80,24388.20,24389.90,0,
19_06_2026_12_15,24389.80,24399.20,24389.50,24391.50,0,
19_06_2026_12_20,24391.50,24419.20,24390.60,24406.80,0,
19_06_2026_12_25,24406.80,24422.40,24406.30,24411.70,0,
19_06_2026_12_30,24411.10,24420.20,24408.30,24419.80,0,
19_06_2026_12_35,24421.10,24432.70,24420.80,24428.90,0,
19_06_2026_12_40,24428.80,24435.20,24409.50,24434.20,0,
19_06_2026_12_45,24434.40,24443.40,24430.90,24442.20,0,
19_06_2026_12_50,24442.70,24445.30,24435.30,24437.90,0,
19_06_2026_12_55,24438.20,24440.10,24423.30,24426.10,0,
19_06_2026_13_00,24426.40,24427.80,24406.50,24408.80,0,
19_06_2026_13_05,24408.10,24413.30,24398.60,24407.40,0,
19_06_2026_13_10,24408.80,24414.80,24399.20,24404.80,0,
19_06_2026_13_15,24407.30,24413.70,24398.50,24404.10,0,
19_06_2026_13_20,24404.10,24409.10,24399.10,24403.90,0,
19_06_2026_13_25,24403.20,24412.10,24387.60,24388.00,0,
19_06_2026_13_30,24389.40,24399.60,24388.30,24392.80,0,
19_06_2026_13_35,24393.60,24398.30,24382.30,24387.00,0,
19_06_2026_13_40,24385.60,24394.80,24378.20,24386.50,0,
19_06_2026_13_45,24386.20,24397.20,24385.90,24394.20,0,
19_06_2026_13_50,24394.10,24397.80,24384.80,24390.40,0,
19_06_2026_13_55,24390.30,24399.70,24388.60,24392.30,0,
19_06_2026_14_00,24394.70,24405.80,24394.40,24400.60,0,
19_06_2026_14_05,24400.90,24409.70,24382.50,24383.40,0,
19_06_2026_14_10,24383.80,24401.80,24380.00,24400.30,0,
19_06_2026_14_15,24400.20,24402.40,24391.10,24394.50,0,
19_06_2026_14_20,24394.60,24400.30,24379.70,24381.00,0,
19_06_2026_14_25,24381.30,24384.60,24373.60,24374.80,0,
19_06_2026_14_30,24375.10,24389.90,24375.10,24385.20,0,
19_06_2026_14_35,24385.20,24398.30,24385.20,24395.40,0,
19_06_2026_14_40,24395.40,24402.60,24383.10,24401.90,0,
19_06_2026_14_45,24403.00,24412.90,24399.40,24408.30,0,
19_06_2026_14_50,24406.80,24410.40,24347.40,24351.20,0,
19_06_2026_14_55,24349.70,24351.80,24327.10,24341.10,0,
19_06_2026_15_00,24338.40,24465.20,24330.00,24456.30,0,
19_06_2026_15_05,24455.50,24479.30,24454.20,24474.10,0,
19_06_2026_15_10,24472.20,24493.20,24471.00,24475.20,0,
19_06_2026_15_15,24476.00,24479.90,24455.20,24475.40,0,
19_06_2026_15_20,24475.50,24482.40,24467.40,24480.70,0,
19_06_2026_15_25,24480.80,24493.80,24462.80,24475.50,0,
22_06_2026_09_15,24558.10,24590.70,24468.40,24505.40,0,
22_06_2026_09_20,24505.50,24608.90,24499.30,24527.70,0,
22_06_2026_09_25,24529.50,24549.90,24508.50,24525.60,0,
22_06_2026_09_30,24524.80,24533.30,24503.80,24518.40,0,
22_06_2026_09_35,24520.70,24523.30,24497.30,24519.80,0,
22_06_2026_09_40,24521.60,24531.30,24510.20,24510.60,0,
22_06_2026_09_45,24512.90,24523.20,24490.50,24491.50,0,
22_06_2026_09_50,24491.50,24521.20,24484.60,24520.40,0,
22_06_2026_09_55,24522.20,24527.90,24499.00,24513.30,0,
22_06_2026_10_00,24513.90,24554.10,24512.60,24542.20,0,
22_06_2026_10_05,24542.50,24563.20,24540.10,24554.20,0,
22_06_2026_10_10,24554.50,24557.70,24540.80,24548.30,0,
22_06_2026_10_15,24548.20,24553.80,24527.80,24552.80,0,
22_06_2026_10_20,24553.80,24571.60,24547.90,24564.90,0,
22_06_2026_10_25,24566.40,24569.80,24556.10,24564.20,0,
22_06_2026_10_30,24563.70,24574.60,24541.20,24552.80,0,
22_06_2026_10_35,24552.80,24562.90,24550.20,24553.80,0,
22_06_2026_10_40,24554.80,24565.30,24532.20,24565.30,0,
22_06_2026_10_45,24565.30,24573.20,24560.10,24568.50,0,
22_06_2026_10_50,24569.60,24586.20,24564.40,24579.60,0,
22_06_2026_10_55,24579.60,24589.20,24564.50,24573.70,0,
22_06_2026_11_00,24574.20,24577.10,24557.20,24559.60,0,
22_06_2026_11_05,24560.20,24564.90,24552.80,24555.90,0,
22_06_2026_11_10,24555.70,24571.40,24554.40,24565.00,0,
22_06_2026_11_15,24565.70,24570.70,24559.20,24561.30,0,
22_06_2026_11_20,24562.20,24578.30,24559.00,24576.30,0,
22_06_2026_11_25,24575.90,24576.30,24559.70,24564.40,0,
22_06_2026_11_30,24564.30,24586.10,24563.00,24585.20,0,
22_06_2026_11_35,24585.30,24620.80,24583.90,24616.70,0,
22_06_2026_11_40,24617.50,24618.80,24600.10,24605.80,0,
22_06_2026_11_45,24606.60,24621.80,24600.30,24621.20,0,
22_06_2026_11_50,24623.50,24633.70,24618.80,24620.60,0,
22_06_2026_11_55,24623.10,24633.10,24617.40,24630.00,0,
22_06_2026_12_00,24630.90,24636.80,24610.50,24615.80,0,
22_06_2026_12_05,24614.40,24626.00,24607.60,24621.80,0,
22_06_2026_12_10,24620.70,24627.30,24617.70,24620.40,0,
22_06_2026_12_15,24620.60,24637.70,24617.40,24627.70,0,
22_06_2026_12_20,24626.80,24640.20,24622.50,24639.20,0,
22_06_2026_12_25,24639.30,24656.80,24638.30,24650.20,0,
22_06_2026_12_30,24650.50,24658.60,24647.80,24656.50,0,
22_06_2026_12_35,24657.20,24665.80,24641.50,24663.90,0,
22_06_2026_12_40,24665.20,24675.90,24659.20,24666.20,0,
22_06_2026_12_45,24667.80,24683.20,24661.90,24675.90,0,
22_06_2026_12_50,24677.90,24680.50,24667.80,24677.10,0,
22_06_2026_12_55,24676.80,24689.60,24674.90,24678.60,0,
22_06_2026_13_00,24678.80,24684.40,24675.10,24676.80,0,
22_06_2026_13_05,24676.40,24683.30,24670.40,24677.80,0,
22_06_2026_13_10,24677.80,24699.00,24674.40,24698.70,0,
22_06_2026_13_15,24699.00,24715.40,24696.20,24708.80,0,
22_06_2026_13_20,24708.90,24728.10,24708.90,24721.40,0,
22_06_2026_13_25,24722.40,24724.70,24698.70,24706.10,0,
22_06_2026_13_30,24708.20,24717.60,24705.90,24717.10,0,
22_06_2026_13_35,24717.10,24730.30,24714.70,24719.20,0,
22_06_2026_13_40,24719.80,24742.70,24707.90,24731.40,0,
22_06_2026_13_45,24732.80,24747.20,24728.90,24743.00,0,
22_06_2026_13_50,24743.10,24751.30,24737.70,24741.50,0,
22_06_2026_13_55,24741.50,24743.10,24722.90,24730.90,0,
22_06_2026_14_00,24732.20,24734.50,24715.70,24723.60,0,
22_06_2026_14_05,24725.70,24734.50,24721.00,24724.70,0,
22_06_2026_14_10,24725.90,24741.20,24724.20,24738.90,0,
22_06_2026_14_15,24739.50,24739.90,24729.00,24737.70,0,
22_06_2026_14_20,24737.80,24748.70,24733.90,24740.30,0,
22_06_2026_14_25,24742.20,24753.40,24734.90,24750.10,0,
22_06_2026_14_30,24749.60,24763.40,24744.20,24758.20,0,
22_06_2026_14_35,24758.20,24760.40,24749.80,24754.10,0,
22_06_2026_14_40,24753.80,24769.80,24752.70,24758.20,0,
22_06_2026_14_45,24758.60,24759.70,24751.10,24757.80,0,
22_06_2026_14_50,24758.50,24778.30,24754.90,24772.80,0,
22_06_2026_14_55,24772.70,24773.20,24756.10,24761.70,0,
22_06_2026_15_00,24763.70,24774.40,24746.20,24755.40,0,
22_06_2026_15_05,24757.30,24765.90,24752.90,24761.10,0,
22_06_2026_15_10,24761.30,24777.80,24758.80,24767.10,0,
22_06_2026_15_15,24768.40,24772.30,24758.80,24767.30,0,
22_06_2026_15_20,24766.30,24772.20,24757.70,24763.80,0,
22_06_2026_15_25,24763.20,24775.60,24754.90,24770.80,0,
23_06_2026_09_15,24847.70,25003.00,24838.80,24986.80,0,
23_06_2026_09_20,24985.40,25052.90,24980.70,25043.10,0,
23_06_2026_09_25,25043.80,25120.90,25036.50,25118.10,0,
23_06_2026_09_30,25119.00,25218.90,25096.60,25207.20,0,
23_06_2026_09_35,25210.70,25265.60,25206.20,25219.90,0,
23_06_2026_09_40,25219.20,25229.20,25187.00,25193.20,0,
23_06_2026_09_45,25192.60,25226.10,25192.20,25218.90,0,
23_06_2026_09_50,25218.70,25264.50,25218.70,25235.40,0,
23_06_2026_09_55,25236.60,25281.70,25230.80,25280.80,0,
23_06_2026_10_00,25282.50,25294.50,25245.10,25249.70,0,
23_06_2026_10_05,25251.50,25254.30,25223.70,25236.30,0,
23_06_2026_10_10,25236.40,25262.80,25231.20,25241.30,0,
23_06_2026_10_15,25240.30,25241.80,25190.10,25196.80,0,
23_06_2026_10_20,25197.60,25221.80,25195.20,25215.60,0,
23_06_2026_10_25,25216.20,25245.10,25215.50,25225.70,0,
23_06_2026_10_30,25225.50,25227.20,25175.50,25192.60,0,
23_06_2026_10_35,25191.20,25201.30,25164.10,25183.80,0,
23_06_2026_10_40,25184.30,25201.60,25167.00,25196.90,0,
23_06_2026_10_45,25198.20,25198.20,25165.90,25170.30,0,
23_06_2026_10_50,25170.80,25182.10,25145.60,25152.80,0,
23_06_2026_10_55,25153.70,25166.70,25153.40,25163.80,0,
23_06_2026_11_00,25164.10,25205.40,25158.40,25204.10,0,
23_06_2026_11_05,25203.10,25210.30,25175.90,25182.20,0,
23_06_2026_11_10,25181.80,25209.20,25177.20,25204.40,0,
23_06_2026_11_15,25203.80,25206.20,25181.90,25193.60,0,
23_06_2026_11_20,25193.70,25202.20,25186.20,25189.30,0,
23_06_2026_11_25,25188.50,25191.50,25154.70,25157.80,0,
23_06_2026_11_30,25157.80,25166.60,25146.40,25149.00,0,
23_06_2026_11_35,25147.70,25149.10,25123.60,25124.80,0,
23_06_2026_11_40,25125.60,25125.60,25100.60,25116.90,0,
23_06_2026_11_45,25117.60,25117.80,25073.70,25098.10,0,
23_06_2026_11_50,25098.70,25100.20,25081.90,25092.30,0,
23_06_2026_11_55,25091.20,25091.70,25044.90,25059.10,0,
23_06_2026_12_00,25060.00,25078.20,25048.20,25064.50,0,
23_06_2026_12_05,25065.20,25082.40,25059.90,25076.80,0,
23_06_2026_12_10,25076.30,25088.10,25072.40,25078.30,0,
23_06_2026_12_15,25078.30,25098.20,25071.60,25081.90,0,
23_06_2026_12_20,25082.70,25083.40,25043.90,25057.20,0,
23_06_2026_12_25,25057.10,25083.70,25057.10,25080.10,0,
23_06_2026_12_30,25079.20,25086.40,25070.40,25083.30,0,
23_06_2026_12_35,25084.20,25091.80,25073.60,25087.60,0,
23_06_2026_12_40,25088.80,25091.60,25073.60,25074.60,0,
23_06_2026_12_45,25074.90,25088.80,25051.10,25051.40,0,
23_06_2026_12_50,25051.20,25055.60,25041.60,25049.80,0,
23_06_2026_12_55,25048.80,25051.20,25036.20,25044.70,0,
23_06_2026_13_00,25046.20,25047.30,25018.80,25018.80,0,
23_06_2026_13_05,25019.30,25023.20,25007.40,25016.60,0,
23_06_2026_13_10,25017.00,25017.70,24998.40,25001.80,0,
23_06_2026_13_15,25001.70,25020.80,24990.90,25014.80,0,
23_06_2026_13_20,25015.50,25026.20,25005.40,25019.40,0,
23_06_2026_13_25,25018.50,25028.60,25016.20,25021.30,0,
23_06_2026_13_30,25022.40,25028.80,24996.10,24996.10,0,
23_06_2026_13_35,24996.90,25015.60,24995.80,25013.60,0,
23_06_2026_13_40,25013.80,25024.20,25005.80,25016.80,0,
23_06_2026_13_45,25017.10,25031.10,24999.40,25029.80,0,
23_06_2026_13_50,25029.80,25029.80,24996.90,25001.70,0,
23_06_2026_13_55,25002.20,25010.80,24978.60,24984.60,0,
23_06_2026_14_00,24984.80,25020.60,24980.40,25019.10,0,
23_06_2026_14_05,25018.80,25025.60,25009.90,25022.80,0,
23_06_2026_14_10,25023.20,25032.80,25016.30,25018.70,0,
23_06_2026_14_15,25020.30,25044.30,25015.80,25028.70,0,
23_06_2026_14_20,25029.70,25043.30,25019.60,25041.30,0,
23_06_2026_14_25,25041.20,25048.80,25030.80,25035.40,0,
23_06_2026_14_30,25035.30,25043.40,25033.90,25039.10,0,
23_06_2026_14_35,25039.20,25049.60,25024.80,25046.20,0,
23_06_2026_14_40,25048.20,25071.40,25032.10,25055.90,0,
23_06_2026_14_45,25056.20,25080.70,25056.20,25075.00,0,
23_06_2026_14_50,25075.90,25089.80,25072.80,25082.60,0,
23_06_2026_14_55,25083.80,25092.20,25063.70,25068.10,0,
23_06_2026_15_00,25068.90,25074.20,24951.20,24992.10,0,
23_06_2026_15_05,24990.20,25036.70,24990.20,25008.90,0,
23_06_2026_15_10,25009.30,25019.10,25006.40,25007.10,0,
23_06_2026_15_15,25008.00,25012.60,24971.80,24990.40,0,
23_06_2026_15_20,24989.70,25003.70,24980.60,24986.20,0,
23_06_2026_15_25,24987.50,24991.10,24956.20,24989.20,0,
24_06_2026_09_15,25058.40,25214.10,25050.90,25209.80,0,
24_06_2026_09_20,25208.40,25222.80,25177.20,25194.90,0,
24_06_2026_09_25,25195.20,25222.90,25166.10,25166.40,0,
24_06_2026_09_30,25170.60,25195.90,25140.30,25142.70,0,
24_06_2026_09_35,25143.90,25185.90,25114.60,25181.80,0,
24_06_2026_09_40,25183.70,25191.40,25137.40,25137.40,0,
24_06_2026_09_45,25140.80,25143.10,25040.80,25042.80,0,
24_06_2026_09_50,25042.70,25074.70,25018.60,25071.10,0,
24_06_2026_09_55,25070.90,25108.80,25067.30,25080.90,0,
24_06_2026_10_00,25081.70,25099.80,25071.10,25094.20,0,
24_06_2026_10_05,25092.80,25096.20,25055.70,25061.20,0,
24_06_2026_10_10,25063.30,25063.60,25036.20,25036.50,0,
24_06_2026_10_15,25036.40,25054.80,25016.80,25040.10,0,
24_06_2026_10_20,25040.40,25070.40,25036.30,25067.80,0,
24_06_2026_10_25,25067.20,25107.20,25065.40,25078.30,0,
24_06_2026_10_30,25079.60,25101.60,25079.60,25093.10,0,
24_06_2026_10_35,25092.20,25093.80,25070.90,25082.10,0,
24_06_2026_10_40,25081.70,25101.80,25079.20,25096.10,0,
24_06_2026_10_45,25093.30,25112.80,25082.20,25084.40,0,
24_06_2026_10_50,25082.70,25091.80,25063.30,25067.80,0,
24_06_2026_10_55,25066.80,25074.90,25054.90,25063.80,0,
24_06_2026_11_00,25065.20,25074.80,25047.60,25048.50,0,
24_06_2026_11_05,25051.40,25052.10,25035.80,25040.70,0,
24_06_2026_11_10,25039.90,25040.90,25017.60,25017.60,0,
24_06_2026_11_15,25019.40,25029.60,25010.90,25014.10,0,
24_06_2026_11_20,25014.50,25024.60,25006.30,25024.00,0,
24_06_2026_11_25,25024.30,25037.80,25015.80,25034.70,0,
24_06_2026_11_30,25035.70,25044.10,25013.40,25039.60,0,
24_06_2026_11_35,25039.50,25061.60,25037.30,25056.70,0,
24_06_2026_11_40,25056.70,25062.20,25043.30,25048.30,0,
24_06_2026_11_45,25048.20,25052.00,25018.80,25027.60,0,
24_06_2026_11_50,25031.40,25040.80,25025.90,25027.30,0,
24_06_2026_11_55,25028.60,25028.60,25014.20,25021.60,0,
24_06_2026_12_00,25021.50,25047.40,25017.30,25043.40,0,
24_06_2026_12_05,25043.10,25046.20,25034.00,25035.20,0,
24_06_2026_12_10,25038.70,25050.10,25031.60,25044.90,0,
24_06_2026_12_15,25045.30,25067.10,25045.30,25064.30,0,
24_06_2026_12_20,25064.30,25071.40,25058.80,25067.60,0,
24_06_2026_12_25,25067.50,25068.10,25052.60,25060.90,0,
24_06_2026_12_30,25060.90,25073.50,25051.80,25073.30,0,
24_06_2026_12_35,25073.30,25087.10,25064.40,25084.20,0,
24_06_2026_12_40,25086.30,25109.40,25082.20,25102.30,0,
24_06_2026_12_45,25102.80,25106.50,25093.80,25095.60,0,
24_06_2026_12_50,25096.10,25096.10,25084.10,25089.70,0,
24_06_2026_12_55,25089.70,25094.60,25084.80,25085.60,0,
24_06_2026_13_00,25085.20,25088.90,25077.80,25083.70,0,
24_06_2026_13_05,25083.40,25103.90,25079.60,25100.20,0,
24_06_2026_13_10,25100.80,25104.70,25086.80,25103.80,0,
24_06_2026_13_15,25103.90,25124.50,25103.10,25115.10,0,
24_06_2026_13_20,25114.90,25117.70,25100.20,25101.80,0,
24_06_2026_13_25,25104.80,25113.20,25099.70,25109.60,0,
24_06_2026_13_30,25110.20,25114.80,25104.80,25108.30,0,
24_06_2026_13_35,25111.80,25115.10,25094.70,25094.70,0,
24_06_2026_13_40,25094.80,25096.80,25078.80,25087.80,0,
24_06_2026_13_45,25087.70,25103.10,25087.70,25092.20,0,
24_06_2026_13_50,25091.40,25103.80,25084.00,25087.40,0,
24_06_2026_13_55,25087.50,25101.20,25078.20,25088.70,0,
24_06_2026_14_00,25088.80,25092.00,25071.60,25080.70,0,
24_06_2026_14_05,25081.90,25084.40,25071.80,25082.70,0,
24_06_2026_14_10,25082.50,25083.70,25074.60,25080.20,0,
24_06_2026_14_15,25080.10,25081.00,25054.60,25062.30,0,
24_06_2026_14_20,25062.30,25081.40,25059.70,25080.20,0,
24_06_2026_14_25,25080.00,25085.20,25044.80,25045.30,0,
24_06_2026_14_30,25045.90,25051.80,25037.40,25040.90,0,
24_06_2026_14_35,25040.90,25057.90,25038.70,25055.10,0,
24_06_2026_14_40,25055.40,25080.00,25055.20,25071.60,0,
24_06_2026_14_45,25072.60,25074.10,25049.70,25055.00,0,
24_06_2026_14_50,25055.10,25076.60,25053.50,25072.90,0,
24_06_2026_14_55,25073.20,25075.60,25037.70,25041.70,0,
24_06_2026_15_00,25043.00,25062.50,25012.20,25035.20,0,
24_06_2026_15_05,25035.90,25035.90,25011.90,25024.00,0,
24_06_2026_15_10,25024.20,25026.60,25010.70,25011.40,0,
24_06_2026_15_15,25011.30,25035.60,25007.90,25009.20,0,
24_06_2026_15_20,25008.50,25020.80,25003.20,25006.60,0,
24_06_2026_15_25,25006.70,25033.10,24999.50,25025.80,0,
25_06_2026_09_15,25069.60,25155.90,25055.90,25102.10,0,
25_06_2026_09_20,25100.70,25100.80,25048.30,25092.90,0,
25_06_2026_09_25,25094.50,25095.90,25047.80,25072.60,0,
25_06_2026_09_30,25073.80,25085.90,25064.40,25070.40,0,
25_06_2026_09_35,25073.60,25082.90,25057.90,25080.40,0,
25_06_2026_09_40,25082.20,25108.30,25078.10,25099.70,0,
25_06_2026_09_45,25101.90,25131.40,25090.60,25110.70,0,
25_06_2026_09_50,25114.20,25126.80,25108.40,25126.00,0,
25_06_2026_09_55,25128.10,25130.10,25113.80,25119.10,0,
25_06_2026_10_00,25119.10,25123.20,25095.70,25106.90,0,
25_06_2026_10_05,25107.50,25107.50,25083.70,25088.80,0,
25_06_2026_10_10,25088.60,25088.60,25043.30,25048.40,0,
25_06_2026_10_15,25049.30,25063.20,25042.90,25060.20,0,
25_06_2026_10_20,25060.20,25072.60,25054.60,25057.70,0,
25_06_2026_10_25,25059.40,25099.40,25047.80,25094.10,0,
25_06_2026_10_30,25094.60,25123.90,25090.40,25121.20,0,
25_06_2026_10_35,25123.50,25124.80,25096.70,25099.80,0,
25_06_2026_10_40,25100.80,25108.50,25094.10,25101.60,0,
25_06_2026_10_45,25103.20,25128.70,25098.80,25123.40,0,
25_06_2026_10_50,25126.10,25145.30,25122.20,25139.60,0,
25_06_2026_10_55,25141.70,25146.90,25129.80,25145.30,0,
25_06_2026_11_00,25145.50,25145.50,25100.00,25106.40,0,
25_06_2026_11_05,25108.00,25111.30,25099.80,25105.80,0,
25_06_2026_11_10,25105.70,25108.30,25095.80,25108.30,0,
25_06_2026_11_15,25107.90,25120.80,25091.20,25093.40,0,
25_06_2026_11_20,25094.10,25107.40,25086.30,25101.80,0,
25_06_2026_11_25,25101.00,25112.20,25098.30,25105.00,0,
25_06_2026_11_30,25105.40,25113.70,25102.20,25110.20,0,
25_06_2026_11_35,25111.50,25114.30,25103.20,25113.00,0,
25_06_2026_11_40,25112.30,25115.20,25094.90,25097.90,0,
25_06_2026_11_45,25098.00,25103.90,25089.20,25099.60,0,
25_06_2026_11_50,25099.20,25102.80,25090.20,25100.80,0,
25_06_2026_11_55,25100.70,25110.80,25093.30,25093.90,0,
25_06_2026_12_00,25095.10,25097.70,25080.20,25091.50,0,
25_06_2026_12_05,25091.60,25092.80,25074.20,25077.10,0,
25_06_2026_12_10,25078.10,25082.90,25059.40,25061.60,0,
25_06_2026_12_15,25062.10,25063.80,25051.60,25058.20,0,
25_06_2026_12_20,25057.70,25069.10,25047.70,25066.40,0,
25_06_2026_12_25,25066.60,25071.60,25050.20,25070.70,0,
25_06_2026_12_30,25070.60,25079.90,25042.20,25079.20,0,
25_06_2026_12_35,25079.40,25101.20,25077.80,25087.30,0,
25_06_2026_12_40,25090.00,25090.00,25062.60,25068.80,0,
25_06_2026_12_45,25069.10,25072.20,25062.20,25070.40,0,
25_06_2026_12_50,25070.20,25071.60,25043.30,25047.50,0,
25_06_2026_12_55,25048.10,25048.10,25019.60,25023.80,0,
25_06_2026_13_00,25024.20,25025.40,25004.40,25007.70,0,
25_06_2026_13_05,25011.10,25016.40,24999.00,25015.20,0,
25_06_2026_13_10,25013.60,25016.60,24973.90,24982.90,0,
25_06_2026_13_15,24983.20,25003.50,24979.60,25003.50,0,
25_06_2026_13_20,25002.80,25011.30,24990.50,25001.10,0,
25_06_2026_13_25,25003.10,25003.10,24990.60,24995.60,0,
25_06_2026_13_30,24996.40,25006.00,24987.90,25001.60,0,
25_06_2026_13_35,25001.20,25005.30,24990.00,25001.10,0,
25_06_2026_13_40,25002.50,25016.80,24999.20,25009.20,0,
25_06_2026_13_45,25008.90,25028.70,25007.70,25026.20,0,
25_06_2026_13_50,25026.20,25031.30,25015.80,25018.20,0,
25_06_2026_13_55,25018.20,25019.50,24991.20,25019.10,0,
25_06_2026_14_00,25019.40,25037.60,25011.80,25036.00,0,
25_06_2026_14_05,25038.30,25048.80,25030.40,25032.50,0,
25_06_2026_14_10,25032.30,25036.00,25007.80,25016.80,0,
25_06_2026_14_15,25014.20,25014.20,24988.40,24996.30,0,
25_06_2026_14_20,24998.20,24998.70,24965.70,24974.20,0,
25_06_2026_14_25,24973.80,24979.60,24948.20,24957.60,0,
25_06_2026_14_30,24958.00,24974.30,24953.30,24953.40,0,
25_06_2026_14_35,24954.90,24993.20,24952.40,24985.60,0,
25_06_2026_14_40,24986.60,24999.80,24972.20,24976.30,0,
25_06_2026_14_45,24976.20,24995.80,24973.70,24983.70,0,
25_06_2026_14_50,24983.80,25013.20,24977.60,25003.20,0,
25_06_2026_14_55,25002.10,25011.40,24994.70,25011.10,0,
25_06_2026_15_00,25010.80,25010.80,24953.30,24955.50,0,
25_06_2026_15_05,24956.80,24996.20,24955.20,24973.20,0,
25_06_2026_15_10,24974.60,24984.00,24973.20,24976.30,0,
25_06_2026_15_15,24978.70,24979.10,24963.80,24975.80,0,
25_06_2026_15_20,24976.30,24977.00,24951.70,24959.60,0,
25_06_2026_15_25,24959.30,24982.80,24949.20,24963.30,0,
29_06_2026_09_15,25043.50,25246.80,24978.10,25245.20,0,
29_06_2026_09_20,25243.90,25257.10,25191.30,25221.80,0,
29_06_2026_09_25,25220.70,25236.90,25158.00,25165.90,0,
29_06_2026_09_30,25167.80,25258.20,25152.80,25219.80,0,
29_06_2026_09_35,25221.10,25290.00,25212.20,25289.60,0,
29_06_2026_09_40,25288.30,25375.40,25288.30,25374.70,0,
29_06_2026_09_45,25373.80,25399.60,25333.70,25384.20,0,
29_06_2026_09_50,25382.80,25432.90,25379.70,25422.50,0,
29_06_2026_09_55,25422.20,25430.70,25394.70,25413.60,0,
29_06_2026_10_00,25414.60,25444.20,25414.60,25441.90,0,
29_06_2026_10_05,25440.30,25445.80,25425.70,25434.20,0,
29_06_2026_10_10,25434.90,25462.50,25434.60,25444.70,0,
29_06_2026_10_15,25445.60,25457.90,25430.70,25434.60,0,
29_06_2026_10_20,25435.30,25446.30,25414.10,25429.30,0,
29_06_2026_10_25,25429.90,25431.80,25396.80,25411.10,0,
29_06_2026_10_30,25410.20,25419.30,25396.70,25402.10,0,
29_06_2026_10_35,25399.70,25434.80,25396.10,25434.80,0,
29_06_2026_10_40,25435.10,25447.70,25427.80,25431.50,0,
29_06_2026_10_45,25431.60,25454.20,25426.70,25452.60,0,
29_06_2026_10_50,25452.40,25453.80,25418.50,25445.90,0,
29_06_2026_10_55,25445.30,25450.80,25419.40,25429.70,0,
29_06_2026_11_00,25426.80,25441.30,25424.30,25431.10,0,
29_06_2026_11_05,25430.20,25432.80,25410.70,25428.20,0,
29_06_2026_11_10,25427.80,25444.90,25423.80,25431.10,0,
29_06_2026_11_15,25431.40,25441.90,25426.10,25433.70,0,
29_06_2026_11_20,25434.40,25439.40,25402.70,25408.30,0,
29_06_2026_11_25,25406.60,25435.40,25405.30,25434.40,0,
29_06_2026_11_30,25432.60,25438.00,25389.30,25411.20,0,
29_06_2026_11_35,25409.30,25430.80,25408.20,25429.30,0,
29_06_2026_11_40,25427.80,25463.70,25427.20,25443.10,0,
29_06_2026_11_45,25438.70,25444.80,25432.70,25436.60,0,
29_06_2026_11_50,25436.90,25442.90,25410.90,25414.40,0,
29_06_2026_11_55,25414.30,25414.30,25361.20,25364.90,0,
29_06_2026_12_00,25363.60,25376.90,25363.40,25365.90,0,
29_06_2026_12_05,25366.50,25373.10,25345.80,25363.80,0,
29_06_2026_12_10,25361.60,25361.90,25317.20,25323.90,0,
29_06_2026_12_15,25323.80,25330.20,25308.50,25315.30,0,
29_06_2026_12_20,25315.20,25318.00,25303.80,25307.80,0,
29_06_2026_12_25,25305.60,25313.70,25288.20,25294.60,0,
29_06_2026_12_30,25292.80,25294.40,25265.80,25282.70,0,
29_06_2026_12_35,25282.60,25292.20,25273.10,25273.30,0,
29_06_2026_12_40,25271.50,25283.80,25267.90,25280.60,0,
29_06_2026_12_45,25281.40,25292.20,25272.70,25279.70,0,
29_06_2026_12_50,25277.90,25296.60,25276.20,25284.80,0,
29_06_2026_12_55,25284.30,25293.20,25282.80,25288.30,0,
29_06_2026_13_00,25289.00,25297.40,25268.30,25274.30,0,
29_06_2026_13_05,25272.20,25273.00,25240.80,25257.20,0,
29_06_2026_13_10,25256.80,25272.70,25246.90,25267.40,0,
29_06_2026_13_15,25264.70,25277.00,25263.90,25270.70,0,
29_06_2026_13_20,25270.00,25281.60,25260.90,25272.20,0,
29_06_2026_13_25,25271.00,25283.90,25270.60,25278.60,0,
29_06_2026_13_30,25278.10,25284.30,25256.40,25259.40,0,
29_06_2026_13_35,25257.80,25269.10,25254.60,25264.80,0,
29_06_2026_13_40,25264.60,25265.10,25226.20,25230.80,0,
29_06_2026_13_45,25229.50,25250.20,25222.20,25241.30,0,
29_06_2026_13_50,25240.40,25263.40,25228.90,25257.40,0,
29_06_2026_13_55,25256.70,25263.60,25238.20,25242.10,0,
29_06_2026_14_00,25241.90,25251.70,25236.90,25242.90,0,
29_06_2026_14_05,25242.40,25261.60,25242.30,25255.10,0,
29_06_2026_14_10,25252.90,25253.80,25228.50,25231.90,0,
29_06_2026_14_15,25233.20,25233.50,25221.90,25231.00,0,
29_06_2026_14_20,25230.50,25237.30,25216.60,25217.40,0,
29_06_2026_14_25,25217.60,25217.60,25203.80,25212.40,0,
29_06_2026_14_30,25211.90,25227.50,25206.80,25220.10,0,
29_06_2026_14_35,25220.30,25220.30,25180.60,25193.10,0,
29_06_2026_14_40,25192.80,25208.50,25187.80,25199.70,0,
29_06_2026_14_45,25198.10,25198.70,25166.90,25189.80,0,
29_06_2026_14_50,25190.80,25203.90,25179.70,25188.90,0,
29_06_2026_14_55,25187.70,25213.10,25187.70,25204.80,0,
29_06_2026_15_00,25207.10,25246.20,25188.00,25227.20,0,
29_06_2026_15_05,25228.90,25251.70,25225.70,25248.80,0,
29_06_2026_15_10,25251.00,25252.40,25216.70,25227.80,0,
29_06_2026_15_15,25231.40,25262.80,25223.90,25240.80,0,
29_06_2026_15_20,25239.70,25243.10,25200.10,25203.90,0,
29_06_2026_15_25,25205.30,25236.70,25155.90,25177.80,0,
30_06_2026_09_15,25253.30,25266.40,25183.20,25226.20,0,
30_06_2026_09_20,25227.30,25244.20,25209.80,25243.10,0,
30_06_2026_09_25,25243.80,25290.00,25227.10,25267.20,0,
30_06_2026_09_30,25266.30,25297.20,25235.30,25239.50,0,
30_06_2026_09_35,25238.20,25244.20,25200.10,25209.10,0,
30_06_2026_09_40,25207.30,25230.50,25204.60,25219.70,0,
30_06_2026_09_45,25222.60,25226.20,25173.10,25179.90,0,
30_06_2026_09_50,25179.80,25214.80,25178.30,25205.80,0,
30_06_2026_09_55,25204.80,25246.50,25202.40,25244.70,0,
30_06_2026_10_00,25247.10,25249.00,25233.10,25242.20,0,
30_06_2026_10_05,25242.20,25243.70,25195.40,25199.60,0,
30_06_2026_10_10,25199.70,25204.10,25193.60,25199.20,0,
30_06_2026_10_15,25199.60,25225.10,25189.20,25221.80,0,
30_06_2026_10_20,25221.20,25242.10,25220.20,25228.40,0,
30_06_2026_10_25,25228.70,25248.20,25220.10,25247.80,0,
30_06_2026_10_30,25248.60,25249.50,25230.70,25235.90,0,
30_06_2026_10_35,25235.50,25237.10,25212.90,25221.50,0,
30_06_2026_10_40,25222.30,25225.70,25205.40,25220.50,0,
30_06_2026_10_45,25221.90,25228.20,25201.50,25226.70,0,
30_06_2026_10_50,25226.60,25239.40,25217.60,25239.40,0,
30_06_2026_10_55,25239.70,25276.90,25237.80,25271.20,0,
30_06_2026_11_00,25270.40,25282.20,25263.90,25265.00,0,
30_06_2026_11_05,25263.90,25266.90,25248.70,25254.20,0,
30_06_2026_11_10,25254.50,25287.20,25251.00,25284.80,0,
30_06_2026_11_15,25284.40,25300.30,25279.60,25299.10,0,
30_06_2026_11_20,25298.30,25320.30,25294.60,25318.70,0,
30_06_2026_11_25,25316.80,25328.30,25301.30,25301.30,0,
30_06_2026_11_30,25299.60,25303.70,25254.40,25285.70,0,
30_06_2026_11_35,25286.20,25288.80,25263.70,25285.60,0,
30_06_2026_11_40,25285.70,25288.70,25247.30,25281.80,0,
30_06_2026_11_45,25281.00,25285.90,25266.90,25270.20,0,
30_06_2026_11_50,25270.20,25293.40,25265.70,25287.60,0,
30_06_2026_11_55,25286.90,25319.50,25286.10,25304.70,0,
30_06_2026_12_00,25304.60,25334.80,25301.70,25331.90,0,
30_06_2026_12_05,25331.60,25373.40,25328.80,25371.90,0,
30_06_2026_12_10,25374.20,25375.70,25351.50,25358.90,0,
30_06_2026_12_15,25358.80,25359.40,25324.40,25335.80,0,
30_06_2026_12_20,25336.10,25342.90,25316.10,25335.20,0,
30_06_2026_12_25,25335.30,25356.90,25333.20,25344.60,0,
30_06_2026_12_30,25344.40,25346.80,25319.30,25329.60,0,
30_06_2026_12_35,25329.80,25347.60,25328.20,25328.40,0,
30_06_2026_12_40,25328.50,25331.20,25317.20,25323.60,0,
30_06_2026_12_45,25322.90,25342.30,25319.70,25341.70,0,
30_06_2026_12_50,25341.20,25350.30,25337.80,25348.50,0,
30_06_2026_12_55,25349.30,25363.80,25347.50,25354.30,0,
30_06_2026_13_00,25354.80,25378.20,25352.50,25376.20,0,
30_06_2026_13_05,25374.50,25379.50,25361.30,25364.10,0,
30_06_2026_13_10,25362.20,25364.90,25350.20,25357.00,0,
30_06_2026_13_15,25356.30,25363.20,25354.80,25357.60,0,
30_06_2026_13_20,25356.50,25375.30,25342.50,25372.40,0,
30_06_2026_13_25,25371.60,25385.70,25367.60,25379.80,0,
30_06_2026_13_30,25379.90,25391.20,25378.70,25384.20,0,
30_06_2026_13_35,25383.40,25395.40,25381.80,25390.30,0,
30_06_2026_13_40,25390.50,25405.70,25384.30,25386.20,0,
30_06_2026_13_45,25385.80,25392.20,25382.30,25390.40,0,
30_06_2026_13_50,25390.00,25402.80,25385.40,25395.70,0,
30_06_2026_13_55,25395.80,25399.80,25373.90,25376.80,0,
30_06_2026_14_00,25377.70,25381.00,25354.80,25368.30,0,
30_06_2026_14_05,25368.90,25389.60,25360.10,25385.40,0,
30_06_2026_14_10,25385.20,25386.90,25374.60,25382.90,0,
30_06_2026_14_15,25384.10,25406.80,25376.80,25404.80,0,
30_06_2026_14_20,25404.70,25447.40,25403.90,25446.30,0,
30_06_2026_14_25,25445.60,25476.60,25445.60,25448.80,0,
30_06_2026_14_30,25448.20,25453.70,25432.20,25446.70,0,
30_06_2026_14_35,25449.70,25453.20,25426.80,25443.30,0,
30_06_2026_14_40,25442.40,25460.60,25436.20,25447.20,0,
30_06_2026_14_45,25447.40,25461.30,25436.70,25454.30,0,
30_06_2026_14_50,25453.80,25460.70,25445.80,25449.60,0,
30_06_2026_14_55,25449.40,25458.20,25401.20,25412.40,0,
30_06_2026_15_00,25413.60,25413.60,25326.40,25336.50,0,
30_06_2026_15_05,25334.80,25335.40,25314.80,25334.70,0,
30_06_2026_15_10,25331.20,25332.20,25312.90,25317.20,0,
30_06_2026_15_15,25318.20,25339.70,25303.60,25305.10,0,
30_06_2026_15_20,25304.90,25325.60,25296.20,25321.70,0,
30_06_2026_15_25,25320.80,25379.50,25318.20,25375.20,0,
01_07_2026_09_15,25416.90,25591.30,25383.40,25453.70,0,
01_07_2026_09_20,25453.30,25469.90,25383.30,25404.40,0,
01_07_2026_09_25,25403.60,25429.70,25344.30,25371.30,0,
01_07_2026_09_30,25365.80,25397.30,25347.80,25352.00,0,
01_07_2026_09_35,25352.70,25352.70,25303.80,25304.10,0,
01_07_2026_09_40,25302.30,25303.00,25233.30,25252.30,0,
01_07_2026_09_45,25253.10,25290.70,25231.80,25281.80,0,
01_07_2026_09_50,25281.60,25335.80,25281.60,25307.30,0,
01_07_2026_09_55,25305.60,25322.50,25292.80,25298.80,0,
01_07_2026_10_00,25301.10,25329.30,25297.00,25308.10,0,
01_07_2026_10_05,25306.40,25333.10,25293.40,25293.60,0,
01_07_2026_10_10,25293.20,25295.20,25258.20,25261.50,0,
01_07_2026_10_15,25260.60,25265.10,25212.80,25248.00,0,
01_07_2026_10_20,25247.20,25251.30,25213.80,25224.20,0,
01_07_2026_10_25,25223.70,25231.20,25207.60,25215.80,0,
01_07_2026_10_30,25214.80,25218.70,25199.10,25213.80,0,
01_07_2026_10_35,25212.40,25229.20,25203.70,25219.70,0,
01_07_2026_10_40,25220.60,25230.40,25198.70,25204.80,0,
01_07_2026_10_45,25204.20,25222.70,25195.80,25210.60,0,
01_07_2026_10_50,25211.70,25222.90,25201.60,25217.50,0,
01_07_2026_10_55,25217.70,25230.90,25204.90,25206.30,0,
01_07_2026_11_00,25206.70,25206.70,25133.80,25158.80,0,
01_07_2026_11_05,25158.80,25170.20,25152.20,25167.90,0,
01_07_2026_11_10,25168.40,25212.30,25167.80,25212.30,0,
01_07_2026_11_15,25212.30,25220.40,25202.70,25217.70,0,
01_07_2026_11_20,25218.00,25225.20,25188.60,25189.40,0,
01_07_2026_11_25,25189.00,25207.70,25187.20,25207.70,0,
01_07_2026_11_30,25202.20,25206.50,25185.60,25199.50,0,
01_07_2026_11_35,25198.70,25200.90,25185.10,25187.20,0,
01_07_2026_11_40,25185.80,25185.90,25170.30,25185.80,0,
01_07_2026_11_45,25185.40,25195.20,25180.20,25185.70,0,
01_07_2026_11_50,25184.80,25186.20,25167.10,25169.60,0,
01_07_2026_11_55,25169.70,25176.20,25155.10,25167.80,0,
01_07_2026_12_00,25167.80,25173.40,25148.80,25159.30,0,
01_07_2026_12_05,25159.30,25166.10,25137.30,25161.10,0,
01_07_2026_12_10,25160.20,25171.90,25156.30,25166.80,0,
01_07_2026_12_15,25165.60,25189.80,25165.20,25183.90,0,
01_07_2026_12_20,25184.10,25194.20,25165.70,25190.30,0,
01_07_2026_12_25,25189.40,25198.60,25133.20,25136.30,0,
01_07_2026_12_30,25134.40,25202.80,25134.40,25194.70,0,
01_07_2026_12_35,25194.70,25215.80,25194.70,25197.60,0,
01_07_2026_12_40,25194.80,25203.80,25189.50,25200.20,0,
01_07_2026_12_45,25200.20,25211.80,25196.80,25203.10,0,
01_07_2026_12_50,25203.00,25214.90,25192.10,25213.70,0,
01_07_2026_12_55,25213.70,25230.70,25207.30,25228.40,0,
01_07_2026_13_00,25228.40,25234.80,25217.20,25230.70,0,
01_07_2026_13_05,25230.40,25236.20,25217.60,25232.20,0,
01_07_2026_13_10,25232.20,25234.70,25198.60,25210.10,0,
01_07_2026_13_15,25208.90,25227.50,25207.20,25222.10,0,
01_07_2026_13_20,25220.30,25228.00,25207.70,25223.80,0,
01_07_2026_13_25,25223.20,25225.80,25214.80,25219.30,0,
01_07_2026_13_30,25217.70,25229.80,25213.60,25228.70,0,
01_07_2026_13_35,25228.40,25253.80,25227.20,25249.60,0,
01_07_2026_13_40,25249.80,25250.40,25221.80,25224.30,0,
01_07_2026_13_45,25224.30,25228.50,25215.10,25220.90,0,
01_07_2026_13_50,25220.70,25229.90,25213.20,25223.10,0,
01_07_2026_13_55,25222.10,25235.70,25211.90,25212.10,0,
01_07_2026_14_00,25211.30,25227.20,25206.80,25225.90,0,
01_07_2026_14_05,25225.30,25225.30,25212.70,25218.70,0,
01_07_2026_14_10,25216.80,25226.50,25212.30,25220.70,0,
01_07_2026_14_15,25219.80,25224.90,25209.60,25213.40,0,
01_07_2026_14_20,25214.40,25218.90,25199.30,25211.80,0,
01_07_2026_14_25,25211.00,25214.80,25189.70,25199.40,0,
01_07_2026_14_30,25199.30,25210.20,25191.90,25197.10,0,
01_07_2026_14_35,25196.50,25211.70,25195.90,25203.20,0,
01_07_2026_14_40,25202.40,25232.70,25195.40,25230.70,0,
01_07_2026_14_45,25228.70,25233.50,25212.70,25219.40,0,
01_07_2026_14_50,25218.60,25225.10,25211.10,25212.80,0,
01_07_2026_14_55,25211.90,25226.30,25199.20,25219.60,0,
01_07_2026_15_00,25219.80,25227.80,25177.10,25178.40,0,
01_07_2026_15_05,25178.20,25185.80,25170.20,25183.20,0,
01_07_2026_15_10,25182.50,25191.80,25172.20,25172.50,0,
01_07_2026_15_15,25172.90,25190.60,25166.90,25173.70,0,
01_07_2026_15_20,25173.70,25194.10,25171.40,25192.20,0,
01_07_2026_15_25,25191.40,25195.10,25166.10,25179.30,0,
02_07_2026_09_15,25288.50,25303.80,25160.30,25216.70,0,
02_07_2026_09_20,25218.60,25252.20,25212.60,25219.20,0,
02_07_2026_09_25,25218.40,25218.40,25183.90,25196.20,0,
02_07_2026_09_30,25190.90,25246.60,25182.70,25225.50,0,
02_07_2026_09_35,25225.00,25227.80,25185.50,25191.10,0,
02_07_2026_09_40,25190.60,25228.80,25190.60,25225.80,0,
02_07_2026_09_45,25225.70,25254.20,25223.10,25235.50,0,
02_07_2026_09_50,25235.50,25262.00,25228.60,25260.30,0,
02_07_2026_09_55,25260.40,25266.10,25236.90,25261.30,0,
02_07_2026_10_00,25261.20,25282.20,25261.10,25277.30,0,
02_07_2026_10_05,25277.40,25278.20,25259.60,25270.10,0,
02_07_2026_10_10,25269.90,25284.70,25266.70,25274.10,0,
02_07_2026_10_15,25273.60,25291.10,25268.10,25281.60,0,
02_07_2026_10_20,25281.20,25283.40,25267.70,25276.20,0,
02_07_2026_10_25,25276.40,25308.80,25274.30,25300.20,0,
02_07_2026_10_30,25298.90,25302.50,25275.90,25282.60,0,
02_07_2026_10_35,25283.80,25288.00,25251.70,25256.60,0,
02_07_2026_10_40,25257.20,25263.70,25242.90,25261.50,0,
02_07_2026_10_45,25261.30,25267.30,25236.80,25237.00,0,
02_07_2026_10_50,25235.60,25246.10,25219.20,25225.90,0,
02_07_2026_10_55,25225.70,25258.20,25224.00,25256.70,0,
02_07_2026_11_00,25256.40,25277.80,25256.20,25260.80,0,
02_07_2026_11_05,25260.90,25280.30,25260.90,25279.60,0,
02_07_2026_11_10,25278.40,25283.80,25261.80,25279.10,0,
02_07_2026_11_15,25280.20,25294.40,25277.40,25287.10,0,
02_07_2026_11_20,25287.10,25295.60,25284.30,25286.80,0,
02_07_2026_11_25,25287.00,25298.20,25280.70,25281.10,0,
02_07_2026_11_30,25281.10,25283.50,25261.20,25269.80,0,
02_07_2026_11_35,25269.20,25295.50,25265.20,25287.60,0,
02_07_2026_11_40,25287.40,25290.00,25266.70,25274.60,0,
02_07_2026_11_45,25273.10,25291.80,25271.70,25272.30,0,
02_07_2026_11_50,25273.20,25286.40,25269.00,25283.30,0,
02_07_2026_11_55,25283.30,25321.40,25281.80,25310.90,0,
02_07_2026_12_00,25310.90,25324.70,25306.80,25316.60,0,
02_07_2026_12_05,25317.10,25321.10,25300.00,25300.90,0,
02_07_2026_12_10,25301.80,25303.60,25279.50,25298.60,0,
02_07_2026_12_15,25300.50,25317.80,25293.70,25313.80,0,
02_07_2026_12_20,25314.30,25322.10,25296.90,25301.20,0,
02_07_2026_12_25,25301.30,25313.70,25299.30,25305.60,0,
02_07_2026_12_30,25306.00,25308.60,25282.00,25285.10,0,
02_07_2026_12_35,25285.70,25303.40,25284.10,25303.40,0,
02_07_2026_12_40,25303.30,25305.90,25285.10,25286.20,0,
02_07_2026_12_45,25286.50,25287.20,25270.50,25282.90,0,
02_07_2026_12_50,25283.00,25290.70,25271.90,25288.90,0,
02_07_2026_12_55,25289.20,25292.40,25280.10,25287.80,0,
02_07_2026_13_00,25288.10,25301.80,25286.60,25301.80,0,
02_07_2026_13_05,25302.50,25319.20,25298.40,25316.10,0,
02_07_2026_13_10,25316.20,25338.70,25314.90,25320.90,0,
02_07_2026_13_15,25320.70,25326.00,25312.70,25312.90,0,
02_07_2026_13_20,25313.20,25317.10,25288.90,25311.90,0,
02_07_2026_13_25,25311.90,25317.30,25296.80,25298.30,0,
02_07_2026_13_30,25298.80,25330.10,25296.60,25329.80,0,
02_07_2026_13_35,25329.40,25330.20,25304.20,25326.90,0,
02_07_2026_13_40,25326.80,25329.40,25309.50,25320.70,0,
02_07_2026_13_45,25320.70,25354.70,25319.30,25353.00,0,
02_07_2026_13_50,25353.60,25364.80,25348.40,25348.80,0,
02_07_2026_13_55,25348.80,25352.20,25326.40,25329.80,0,
02_07_2026_14_00,25330.20,25344.10,25328.60,25331.80,0,
02_07_2026_14_05,25332.30,25343.60,25327.50,25335.10,0,
02_07_2026_14_10,25334.30,25339.20,25326.80,25330.10,0,
02_07_2026_14_15,25330.30,25337.40,25317.90,25319.80,0,
02_07_2026_14_20,25319.30,25332.10,25319.30,25325.30,0,
02_07_2026_14_25,25325.30,25326.20,25313.70,25317.60,0,
02_07_2026_14_30,25317.90,25319.70,25299.00,25299.90,0,
02_07_2026_14_35,25299.80,25302.30,25289.60,25295.80,0,
02_07_2026_14_40,25295.90,25297.60,25283.80,25289.00,0,
02_07_2026_14_45,25291.30,25296.20,25284.40,25284.80,0,
02_07_2026_14_50,25285.30,25299.80,25281.20,25299.20,0,
02_07_2026_14_55,25301.40,25325.30,25296.70,25325.30,0,
02_07_2026_15_00,25328.00,25329.80,25313.20,25320.60,0,
02_07_2026_15_05,25320.70,25337.00,25317.30,25319.10,0,
02_07_2026_15_10,25320.60,25323.70,25308.60,25308.60,0,
02_07_2026_15_15,25310.10,25313.00,25292.80,25295.20,0,
02_07_2026_15_20,25295.10,25310.40,25292.30,25303.80,0,
02_07_2026_15_25,25303.90,25322.70,25296.70,25310.20,0,
03_07_2026_09_15,25422.80,25521.80,25399.90,25474.20,0,
03_07_2026_09_20,25475.60,25512.90,25461.40,25467.80,0,
03_07_2026_09_25,25469.10,25497.70,25457.70,25478.70,0,
03_07_2026_09_30,25478.80,25540.30,25477.80,25524.00,0,
03_07_2026_09_35,25525.60,25643.30,25525.60,25623.20,0,
03_07_2026_09_40,25624.00,25682.00,25624.00,25681.50,0,
03_07_2026_09_45,25683.60,25714.80,25649.10,25673.40,0,
03_07_2026_09_50,25673.30,25681.80,25650.40,25667.20,0,
03_07_2026_09_55,25667.60,25677.30,25637.90,25670.10,0,
03_07_2026_10_00,25673.20,25686.30,25655.60,25659.70,0,
03_07_2026_10_05,25660.40,25706.50,25657.70,25685.70,0,
03_07_2026_10_10,25689.20,25697.20,25645.10,25653.70,0,
03_07_2026_10_15,25653.20,25674.00,25645.40,25666.20,0,
03_07_2026_10_20,25668.60,25681.20,25646.60,25675.10,0,
03_07_2026_10_25,25672.10,25677.10,25649.30,25654.80,0,
03_07_2026_10_30,25654.20,25665.50,25650.10,25665.50,0,
03_07_2026_10_35,25668.00,25708.90,25666.40,25708.90,0,
03_07_2026_10_40,25710.60,25740.30,25709.20,25722.70,0,
03_07_2026_10_45,25724.70,25750.60,25717.10,25728.80,0,
03_07_2026_10_50,25729.60,25734.30,25714.30,25714.90,0,
03_07_2026_10_55,25716.70,25748.20,25711.40,25730.40,0,
03_07_2026_11_00,25730.80,25769.20,25725.30,25765.30,0,
03_07_2026_11_05,25765.30,25791.40,25755.60,25777.10,0,
03_07_2026_11_10,25777.90,25827.50,25766.10,25820.70,0,
03_07_2026_11_15,25819.30,25822.10,25796.20,25816.70,0,
03_07_2026_11_20,25817.20,25851.90,25817.00,25832.70,0,
03_07_2026_11_25,25834.70,25861.50,25830.70,25847.70,0,
03_07_2026_11_30,25849.80,25849.80,25816.80,25818.30,0,
03_07_2026_11_35,25820.40,25826.50,25795.40,25799.30,0,
03_07_2026_11_40,25799.40,25800.90,25764.70,25765.80,0,
03_07_2026_11_45,25765.30,25767.10,25745.50,25747.10,0,
03_07_2026_11_50,25748.20,25753.90,25732.60,25752.90,0,
03_07_2026_11_55,25752.90,25776.30,25752.40,25767.00,0,
03_07_2026_12_00,25768.40,25795.70,25768.00,25793.90,0,
03_07_2026_12_05,25792.20,25810.70,25788.90,25797.50,0,
03_07_2026_12_10,25798.30,25810.10,25789.30,25804.80,0,
03_07_2026_12_15,25805.90,25808.70,25784.60,25785.80,0,
03_07_2026_12_20,25787.10,25792.70,25778.60,25784.10,0,
03_07_2026_12_25,25783.80,25803.20,25776.50,25803.20,0,
03_07_2026_12_30,25805.10,25806.70,25778.60,25789.70,0,
03_07_2026_12_35,25790.60,25792.90,25771.90,25780.60,0,
03_07_2026_12_40,25781.20,25800.30,25775.20,25796.90,0,
03_07_2026_12_45,25798.20,25821.80,25794.30,25815.20,0,
03_07_2026_12_50,25816.60,25835.50,25816.60,25826.80,0,
03_07_2026_12_55,25827.60,25851.20,25823.40,25844.30,0,
03_07_2026_13_00,25844.20,25844.80,25814.90,25817.10,0,
03_07_2026_13_05,25816.60,25821.90,25800.20,25811.20,0,
03_07_2026_13_10,25813.30,25814.60,25794.60,25809.90,0,
03_07_2026_13_15,25810.80,25826.20,25805.10,25805.90,0,
03_07_2026_13_20,25805.80,25811.70,25788.50,25792.80,0,
03_07_2026_13_25,25792.80,25795.40,25772.50,25780.80,0,
03_07_2026_13_30,25782.20,25786.20,25776.30,25780.30,0,
03_07_2026_13_35,25782.60,25783.90,25758.10,25758.70,0,
03_07_2026_13_40,25758.90,25760.90,25740.90,25745.50,0,
03_07_2026_13_45,25746.60,25747.30,25705.40,25725.90,0,
03_07_2026_13_50,25726.10,25762.20,25724.40,25759.40,0,
03_07_2026_13_55,25759.20,25759.60,25730.30,25731.30,0,
03_07_2026_14_00,25730.70,25737.70,25719.60,25723.40,0,
03_07_2026_14_05,25724.20,25756.90,25722.20,25751.90,0,
03_07_2026_14_10,25754.30,25763.20,25748.50,25754.00,0,
03_07_2026_14_15,25752.80,25762.80,25743.80,25749.80,0,
03_07_2026_14_20,25750.40,25750.50,25708.70,25711.60,0,
03_07_2026_14_25,25714.10,25723.30,25711.30,25715.10,0,
03_07_2026_14_30,25714.80,25733.20,25707.10,25722.80,0,
03_07_2026_14_35,25722.20,25736.20,25718.20,25718.70,0,
03_07_2026_14_40,25718.00,25719.80,25703.40,25714.20,0,
03_07_2026_14_45,25714.20,25720.10,25702.90,25714.20,0,
03_07_2026_14_50,25714.20,25714.20,25693.00,25698.70,0,
03_07_2026_14_55,25697.30,25718.40,25694.90,25708.70,0,
03_07_2026_15_00,25708.40,25742.20,25708.40,25734.10,0,
03_07_2026_15_05,25733.40,25758.40,25733.40,25755.20,0,
03_07_2026_15_10,25755.30,25759.20,25732.30,25751.60,0,
03_07_2026_15_15,25749.70,25762.40,25745.00,25760.70,0,
03_07_2026_15_20,25763.60,25764.30,25741.40,25746.70,0,
03_07_2026_15_25,25746.90,25764.10,25724.60,25750.10,0,
06_07_2026_09_15,25804.70,25881.80,25756.20,25767.80,0,
06_07_2026_09_20,25767.80,25831.60,25759.60,25804.10,0,
06_07_2026_09_25,25801.10,25883.30,25796.10,25882.40,0,
06_07_2026_09_30,25885.70,25902.20,25820.70,25829.10,0,
06_07_2026_09_35,25829.20,25844.30,25796.80,25827.40,0,
06_07_2026_09_40,25826.10,25828.20,25771.70,25780.40,0,
06_07_2026_09_45,25779.60,25787.80,25722.90,25736.70,0,
06_07_2026_09_50,25736.90,25756.30,25707.20,25720.00,0,
06_07_2026_09_55,25722.00,25764.80,25709.10,25752.00,0,
06_07_2026_10_00,25751.60,25774.90,25723.20,25769.30,0,
06_07_2026_10_05,25769.00,25773.40,25740.60,25762.20,0,
06_07_2026_10_10,25761.60,25764.30,25740.10,25748.20,0,
06_07_2026_10_15,25747.70,25766.00,25732.70,25736.20,0,
06_07_2026_10_20,25736.20,25756.10,25731.90,25751.90,0,
06_07_2026_10_25,25751.90,25752.70,25729.80,25733.20,0,
06_07_2026_10_30,25733.80,25761.70,25725.70,25758.90,0,
06_07_2026_10_35,25759.70,25759.70,25738.20,25750.50,0,
06_07_2026_10_40,25750.50,25761.10,25738.80,25738.80,0,
06_07_2026_10_45,25737.40,25740.00,25722.60,25729.10,0,
06_07_2026_10_50,25726.60,25730.10,25695.80,25708.10,0,
06_07_2026_10_55,25707.10,25729.60,25704.90,25724.30,0,
06_07_2026_11_00,25723.20,25736.40,25715.70,25730.30,0,
06_07_2026_11_05,25730.30,25733.70,25715.40,25717.00,0,
06_07_2026_11_10,25716.40,25746.90,25705.60,25746.90,0,
06_07_2026_11_15,25747.10,25765.30,25741.60,25752.90,0,
06_07_2026_11_20,25752.90,25753.70,25735.70,25737.30,0,
06_07_2026_11_25,25736.90,25743.90,25719.80,25723.80,0,
06_07_2026_11_30,25723.50,25733.70,25716.10,25728.20,0,
06_07_2026_11_35,25729.20,25733.20,25711.30,25719.60,0,
06_07_2026_11_40,25719.90,25736.40,25718.50,25736.40,0,
06_07_2026_11_45,25736.30,25750.70,25734.50,25746.80,0,
06_07_2026_11_50,25747.30,25756.40,25736.90,25745.40,0,
06_07_2026_11_55,25746.10,25752.80,25737.90,25751.80,0,
06_07_2026_12_00,25751.90,25756.90,25730.80,25747.20,0,
06_07_2026_12_05,25748.20,25760.20,25737.70,25743.90,0,
06_07_2026_12_10,25743.10,25747.20,25733.60,25745.20,0,
06_07_2026_12_15,25745.40,25753.40,25740.10,25742.20,0,
06_07_2026_12_20,25741.80,25753.50,25740.10,25752.30,0,
06_07_2026_12_25,25752.20,25757.90,25748.20,25755.10,0,
06_07_2026_12_30,25755.10,25766.00,25749.30,25755.80,0,
06_07_2026_12_35,25755.10,25755.60,25740.30,25742.80,0,
06_07_2026_12_40,25742.80,25750.10,25735.80,25740.20,0,
06_07_2026_12_45,25742.20,25751.30,25735.70,25750.70,0,
06_07_2026_12_50,25751.40,25769.10,25750.30,25757.20,0,
06_07_2026_12_55,25757.20,25764.60,25749.90,25762.40,0,
06_07_2026_13_00,25762.40,25774.60,25759.40,25760.80,0,
06_07_2026_13_05,25760.80,25768.80,25753.90,25768.40,0,
06_07_2026_13_10,25768.20,25770.00,25761.20,25767.50,0,
06_07_2026_13_15,25767.10,25776.10,25763.30,25766.60,0,
06_07_2026_13_20,25764.40,25767.80,25750.10,25758.60,0,
06_07_2026_13_25,25757.40,25773.10,25744.10,25773.10,0,
06_07_2026_13_30,25773.30,25775.80,25745.80,25755.40,0,
06_07_2026_13_35,25755.20,25788.40,25753.90,25784.00,0,
06_07_2026_13_40,25783.80,25794.30,25778.60,25794.00,0,
06_07_2026_13_45,25794.80,25800.50,25785.70,25789.60,0,
06_07_2026_13_50,25791.00,25805.40,25785.80,25791.60,0,
06_07_2026_13_55,25791.90,25795.70,25778.10,25786.20,0,
06_07_2026_14_00,25787.80,25797.20,25780.40,25785.80,0,
06_07_2026_14_05,25785.50,25794.20,25781.90,25792.60,0,
06_07_2026_14_10,25792.30,25797.80,25780.80,25784.10,0,
06_07_2026_14_15,25785.90,25811.30,25781.80,25811.00,0,
06_07_2026_14_20,25808.90,25821.90,25806.20,25815.40,0,
06_07_2026_14_25,25815.40,25825.00,25810.10,25821.10,0,
06_07_2026_14_30,25821.60,25843.40,25821.60,25829.70,0,
06_07_2026_14_35,25829.40,25839.00,25820.80,25822.30,0,
06_07_2026_14_40,25823.90,25829.80,25816.40,25823.20,0,
06_07_2026_14_45,25823.60,25823.90,25793.70,25801.90,0,
06_07_2026_14_50,25801.60,25821.70,25800.20,25818.60,0,
06_07_2026_14_55,25818.40,25826.70,25806.40,25821.10,0,
06_07_2026_15_00,25820.70,25858.90,25820.70,25856.30,0,
06_07_2026_15_05,25856.70,25882.00,25855.90,25879.90,0,
06_07_2026_15_10,25880.20,25889.90,25867.20,25882.30,0,
06_07_2026_15_15,25880.40,25881.80,25865.20,25866.80,0,
06_07_2026_15_20,25867.00,25871.20,25847.70,25866.10,0,
06_07_2026_15_25,25867.80,25886.90,25850.90,25850.90,0,
07_07_2026_09_15,25866.00,25916.10,25815.40,25913.20,0,
07_07_2026_09_20,25913.40,25948.70,25884.70,25911.70,0,
07_07_2026_09_25,25914.20,25914.40,25865.90,25866.40,0,
07_07_2026_09_30,25864.20,26004.80,25862.50,25939.60,0,
07_07_2026_09_35,25938.40,25964.80,25929.60,25945.90,0,
07_07_2026_09_40,25944.10,25965.70,25925.60,25931.30,0,
07_07_2026_09_45,25929.10,25988.20,25927.70,25987.60,0,
07_07_2026_09_50,25989.20,26022.80,25987.60,25993.70,0,
07_07_2026_09_55,25995.90,25998.30,25951.20,25956.60,0,
07_07_2026_10_00,25957.40,25969.20,25943.80,25952.20,0,
07_07_2026_10_05,25951.60,25952.70,25909.80,25910.40,0,
07_07_2026_10_10,25909.30,25920.10,25868.20,25868.20,0,
07_07_2026_10_15,25868.40,25881.10,25849.40,25852.40,0,
07_07_2026_10_20,25853.40,25854.50,25770.20,25775.00,0,
07_07_2026_10_25,25775.60,25813.90,25770.70,25798.90,0,
07_07_2026_10_30,25799.60,25824.80,25790.40,25812.20,0,
07_07_2026_10_35,25811.60,25822.80,25801.20,25809.70,0,
07_07_2026_10_40,25810.10,25855.40,25807.70,25851.60,0,
07_07_2026_10_45,25851.20,25860.60,25842.90,25859.20,0,
07_07_2026_10_50,25858.80,25863.40,25846.10,25854.90,0,
07_07_2026_10_55,25853.80,25857.20,25825.20,25844.30,0,
07_07_2026_11_00,25844.50,25851.70,25837.30,25849.20,0,
07_07_2026_11_05,25849.20,25857.50,25835.60,25844.30,0,
07_07_2026_11_10,25845.30,25852.30,25832.10,25839.10,0,
07_07_2026_11_15,25839.90,25854.50,25836.30,25848.70,0,
07_07_2026_11_20,25849.70,25851.90,25818.60,25827.00,0,
07_07_2026_11_25,25826.90,25843.70,25822.60,25829.20,0,
07_07_2026_11_30,25828.50,25849.80,25825.20,25845.70,0,
07_07_2026_11_35,25846.00,25857.50,25834.80,25854.40,0,
07_07_2026_11_40,25854.80,25862.20,25829.80,25833.70,0,
07_07_2026_11_45,25834.20,25834.70,25797.50,25799.10,0,
07_07_2026_11_50,25799.40,25816.40,25796.00,25813.00,0,
07_07_2026_11_55,25812.90,25828.90,25811.80,25821.00,0,
07_07_2026_12_00,25821.20,25834.10,25816.10,25825.10,0,
07_07_2026_12_05,25826.20,25840.30,25820.80,25821.80,0,
07_07_2026_12_10,25820.90,25834.40,25817.60,25826.60,0,
07_07_2026_12_15,25827.20,25837.40,25795.10,25801.80,0,
07_07_2026_12_20,25802.50,25818.90,25800.30,25804.60,0,
07_07_2026_12_25,25804.90,25814.30,25799.70,25809.80,0,
07_07_2026_12_30,25809.80,25810.80,25778.20,25793.20,0,
07_07_2026_12_35,25793.10,25805.20,25789.80,25804.70,0,
07_07_2026_12_40,25804.90,25809.60,25799.90,25808.70,0,
07_07_2026_12_45,25809.20,25814.70,25793.10,25803.10,0,
07_07_2026_12_50,25802.30,25810.60,25789.10,25798.80,0,
07_07_2026_12_55,25799.30,25800.40,25771.70,25775.90,0,
07_07_2026_13_00,25774.90,25781.00,25758.80,25769.70,0,
07_07_2026_13_05,25769.20,25770.00,25727.20,25738.90,0,
07_07_2026_13_10,25736.70,25743.10,25722.90,25738.60,0,
07_07_2026_13_15,25738.90,25742.80,25727.60,25734.60,0,
07_07_2026_13_20,25734.20,25741.70,25728.90,25739.40,0,
07_07_2026_13_25,25739.00,25766.90,25739.00,25766.50,0,
07_07_2026_13_30,25766.10,25767.20,25751.70,25757.00,0,
07_07_2026_13_35,25756.70,25761.90,25713.80,25727.20,0,
07_07_2026_13_40,25726.30,25748.30,25717.70,25735.20,0,
07_07_2026_13_45,25735.60,25751.20,25734.10,25749.30,0,
07_07_2026_13_50,25747.60,25764.30,25746.10,25757.80,0,
07_07_2026_13_55,25758.10,25774.20,25755.20,25772.00,0,
07_07_2026_14_00,25772.20,25777.30,25749.70,25752.30,0,
07_07_2026_14_05,25750.60,25764.40,25747.00,25749.40,0,
07_07_2026_14_10,25749.70,25762.10,25745.00,25754.80,0,
07_07_2026_14_15,25754.80,25758.20,25735.80,25740.10,0,
07_07_2026_14_20,25738.40,25750.40,25733.70,25743.80,0,
07_07_2026_14_25,25743.20,25749.20,25741.00,25747.20,0,
07_07_2026_14_30,25747.20,25748.80,25719.20,25721.80,0,
07_07_2026_14_35,25721.20,25727.20,25709.30,25711.70,0,
07_07_2026_14_40,25711.00,25721.20,25696.20,25716.00,0,
07_07_2026_14_45,25716.20,25716.20,25690.80,25697.90,0,
07_07_2026_14_50,25697.30,25699.20,25684.00,25697.80,0,
07_07_2026_14_55,25697.90,25710.70,25695.40,25709.60,0,
07_07_2026_15_00,25710.20,25721.20,25668.10,25702.20,0,
07_07_2026_15_05,25702.40,25705.70,25681.60,25690.60,0,
07_07_2026_15_10,25691.00,25693.90,25679.30,25693.50,0,
07_07_2026_15_15,25692.50,25696.30,25667.70,25671.70,0,
07_07_2026_15_20,25672.30,25672.60,25656.50,25663.20,0,
07_07_2026_15_25,25663.50,25672.90,25645.90,25654.60,0,
08_07_2026_09_15,25674.60,25925.30,25669.40,25896.80,0,
08_07_2026_09_20,25893.30,25931.20,25854.70,25886.20,0,
08_07_2026_09_25,25884.70,25937.30,25876.90,25918.80,0,
08_07_2026_09_30,25919.20,25989.20,25885.20,25886.90,0,
08_07_2026_09_35,25885.70,25886.20,25820.80,25823.20,0,
08_07_2026_09_40,25821.10,25853.80,25767.80,25771.20,0,
08_07_2026_09_45,25770.80,25774.50,25745.70,25747.10,0,
08_07_2026_09_50,25745.30,25757.40,25693.70,25702.30,0,
08_07_2026_09_55,25703.90,25755.50,25690.10,25738.90,0,
08_07_2026_10_00,25737.40,25780.30,25728.00,25776.40,0,
08_07_2026_10_05,25773.90,25806.80,25771.40,25776.20,0,
08_07_2026_10_10,25776.30,25779.80,25759.10,25770.00,0,
08_07_2026_10_15,25768.40,25811.40,25767.80,25806.80,0,
08_07_2026_10_20,25806.90,25818.80,25795.20,25800.00,0,
08_07_2026_10_25,25800.20,25815.80,25789.60,25797.80,0,
08_07_2026_10_30,25798.80,25803.80,25784.10,25793.10,0,
08_07_2026_10_35,25791.70,25814.90,25785.40,25804.20,0,
08_07_2026_10_40,25804.30,25816.40,25797.60,25803.80,0,
08_07_2026_10_45,25808.20,25825.70,25786.10,25823.70,0,
08_07_2026_10_50,25824.80,25831.80,25807.60,25815.70,0,
08_07_2026_10_55,25817.50,25819.10,25798.10,25801.90,0,
08_07_2026_11_00,25802.10,25814.20,25793.80,25813.40,0,
08_07_2026_11_05,25813.20,25830.10,25808.20,25823.20,0,
08_07_2026_11_10,25822.70,25824.80,25783.30,25784.70,0,
08_07_2026_11_15,25783.30,25783.30,25742.70,25750.30,0,
08_07_2026_11_20,25750.30,25751.80,25725.80,25741.80,0,
08_07_2026_11_25,25741.30,25746.30,25711.80,25722.40,0,
08_07_2026_11_30,25722.10,25722.10,25682.20,25701.20,0,
08_07_2026_11_35,25701.20,25710.60,25689.20,25704.10,0,
08_07_2026_11_40,25703.30,25710.80,25692.70,25696.00,0,
08_07_2026_11_45,25694.20,25698.40,25677.90,25682.60,0,
08_07_2026_11_50,25681.20,25694.60,25666.80,25691.30,0,
08_07_2026_11_55,25689.90,25692.90,25677.30,25690.20,0,
08_07_2026_12_00,25690.30,25695.50,25683.90,25689.20,0,
08_07_2026_12_05,25689.70,25696.10,25660.90,25680.20,0,
08_07_2026_12_10,25679.80,25697.20,25672.30,25695.70,0,
08_07_2026_12_15,25694.60,25697.60,25684.80,25686.00,0,
08_07_2026_12_20,25686.00,25688.30,25667.80,25673.80,0,
08_07_2026_12_25,25674.20,25688.80,25673.70,25687.20,0,
08_07_2026_12_30,25687.60,25699.90,25685.20,25693.20,0,
08_07_2026_12_35,25693.80,25695.60,25677.40,25679.20,0,
08_07_2026_12_40,25679.30,25681.80,25656.00,25672.90,0,
08_07_2026_12_45,25674.20,25675.80,25656.90,25662.20,0,
08_07_2026_12_50,25662.20,25672.40,25659.00,25668.30,0,
08_07_2026_12_55,25668.40,25670.20,25620.90,25623.80,0,
08_07_2026_13_00,25623.30,25625.70,25605.20,25614.80,0,
08_07_2026_13_05,25615.40,25618.30,25592.80,25599.20,0,
08_07_2026_13_10,25599.40,25615.40,25593.50,25596.30,0,
08_07_2026_13_15,25596.90,25601.90,25575.00,25587.40,0,
08_07_2026_13_20,25588.20,25602.20,25584.40,25602.20,0,
08_07_2026_13_25,25603.70,25623.20,25599.80,25610.40,0,
08_07_2026_13_30,25610.40,25616.70,25586.80,25600.60,0,
08_07_2026_13_35,25601.10,25614.60,25597.10,25606.40,0,
08_07_2026_13_40,25606.90,25614.20,25597.10,25607.90,0,
08_07_2026_13_45,25610.70,25610.80,25549.10,25551.00,0,
08_07_2026_13_50,25549.20,25559.20,25504.60,25513.10,0,
08_07_2026_13_55,25514.10,25514.10,25448.20,25450.80,0,
08_07_2026_14_00,25450.80,25465.10,25435.60,25445.30,0,
08_07_2026_14_05,25445.20,25446.80,25376.20,25382.10,0,
08_07_2026_14_10,25382.30,25382.30,25339.80,25365.10,0,
08_07_2026_14_15,25362.30,25411.30,25346.30,25368.30,0,
08_07_2026_14_20,25370.70,25396.50,25355.60,25369.70,0,
08_07_2026_14_25,25370.70,25376.40,25322.20,25326.30,0,
08_07_2026_14_30,25328.10,25374.10,25317.10,25331.80,0,
08_07_2026_14_35,25331.80,25347.60,25308.90,25327.60,0,
08_07_2026_14_40,25328.20,25376.50,25323.10,25373.40,0,
08_07_2026_14_45,25375.70,25376.20,25324.50,25326.80,0,
08_07_2026_14_50,25332.40,25373.90,25311.80,25346.70,0,
08_07_2026_14_55,25346.80,25368.80,25326.90,25359.90,0,
08_07_2026_15_00,25359.10,25435.20,25356.20,25403.40,0,
08_07_2026_15_05,25403.20,25420.20,25389.40,25413.10,0,
08_07_2026_15_10,25410.00,25430.70,25403.40,25425.90,0,
08_07_2026_15_15,25424.90,25461.20,25424.80,25455.30,0,
08_07_2026_15_20,25457.40,25463.80,25449.20,25455.70,0,
08_07_2026_15_25,25454.30,25457.70,25430.00,25433.80,0,
09_07_2026_09_15,25417.90,25542.80,25382.60,25526.20,0,
09_07_2026_09_20,25529.60,25574.90,25492.30,25552.30,0,
09_07_2026_09_25,25550.80,25732.80,25550.80,25718.20,0,
09_07_2026_09_30,25718.30,25857.40,25716.40,25814.30,0,
09_07_2026_09_35,25813.40,25869.30,25790.20,25831.10,0,
09_07_2026_09_40,25829.80,25886.30,25828.30,25857.00,0,
09_07_2026_09_45,25855.20,25898.40,25824.20,25832.20,0,
09_07_2026_09_50,25830.80,25869.70,25809.20,25869.00,0,
09_07_2026_09_55,25867.70,25888.40,25845.20,25850.90,0,
09_07_2026_10_00,25850.80,25858.30,25801.90,25829.20,0,
09_07_2026_10_05,25825.20,25879.80,25823.70,25837.00,0,
09_07_2026_10_10,25836.20,25872.90,25828.60,25847.80,0,
09_07_2026_10_15,25847.70,25906.80,25833.20,25896.00,0,
09_07_2026_10_20,25896.20,25932.70,25887.80,25929.60,0,
09_07_2026_10_25,25929.30,25935.70,25886.80,25889.40,0,
09_07_2026_10_30,25885.90,25890.70,25833.40,25841.40,0,
09_07_2026_10_35,25844.70,25845.80,25794.80,25817.70,0,
09_07_2026_10_40,25815.70,25865.20,25814.80,25831.90,0,
09_07_2026_10_45,25832.20,25857.10,25801.50,25802.30,0,
09_07_2026_10_50,25801.80,25802.20,25752.70,25756.70,0,
09_07_2026_10_55,25755.80,25761.20,25731.80,25737.50,0,
09_07_2026_11_00,25736.60,25743.90,25709.80,25712.80,0,
09_07_2026_11_05,25713.10,25713.10,25662.10,25664.10,0,
09_07_2026_11_10,25665.10,25666.80,25641.60,25642.20,0,
09_07_2026_11_15,25640.90,25642.80,25608.30,25627.10,0,
09_07_2026_11_20,25626.60,25670.70,25611.20,25661.70,0,
09_07_2026_11_25,25658.70,25702.60,25650.20,25697.40,0,
09_07_2026_11_30,25697.60,25726.30,25687.50,25724.10,0,
09_07_2026_11_35,25725.00,25734.20,25717.80,25728.20,0,
09_07_2026_11_40,25727.50,25730.20,25697.40,25708.90,0,
09_07_2026_11_45,25711.20,25731.80,25678.20,25680.20,0,
09_07_2026_11_50,25680.20,25686.10,25635.60,25641.40,0,
09_07_2026_11_55,25642.10,25698.00,25641.90,25697.20,0,
09_07_2026_12_00,25697.80,25702.20,25674.20,25695.90,0,
09_07_2026_12_05,25695.80,25762.70,25692.70,25736.30,0,
09_07_2026_12_10,25737.30,25737.90,25718.60,25719.80,0,
09_07_2026_12_15,25720.30,25738.70,25717.80,25722.30,0,
09_07_2026_12_20,25723.10,25732.60,25712.30,25718.20,0,
09_07_2026_12_25,25718.20,25723.10,25709.40,25716.20,0,
09_07_2026_12_30,25716.20,25719.30,25707.60,25717.50,0,
09_07_2026_12_35,25717.80,25724.80,25713.70,25722.60,0,
09_07_2026_12_40,25722.30,25722.30,25696.60,25697.20,0,
09_07_2026_12_45,25697.60,25700.90,25684.60,25695.80,0,
09_07_2026_12_50,25696.40,25719.10,25688.90,25715.30,0,
09_07_2026_12_55,25715.00,25716.80,25688.30,25695.50,0,
09_07_2026_13_00,25695.30,25700.50,25686.80,25692.40,0,
09_07_2026_13_05,25693.10,25711.20,25690.00,25701.40,0,
09_07_2026_13_10,25702.90,25711.80,25695.40,25704.40,0,
09_07_2026_13_15,25704.40,25711.40,25697.10,25705.90,0,
09_07_2026_13_20,25705.40,25710.90,25695.20,25697.10,0,
09_07_2026_13_25,25696.10,25702.80,25690.10,25699.10,0,
09_07_2026_13_30,25698.60,25707.70,25692.70,25701.90,0,
09_07_2026_13_35,25701.40,25714.70,25692.90,25709.80,0,
09_07_2026_13_40,25708.40,25710.60,25699.10,25700.60,0,
09_07_2026_13_45,25701.20,25701.20,25676.20,25683.10,0,
09_07_2026_13_50,25683.40,25684.10,25667.30,25675.20,0,
09_07_2026_13_55,25677.10,25680.80,25667.30,25673.40,0,
09_07_2026_14_00,25676.30,25683.90,25664.40,25673.90,0,
09_07_2026_14_05,25677.40,25677.40,25656.60,25660.20,0,
09_07_2026_14_10,25660.20,25673.20,25652.60,25672.20,0,
09_07_2026_14_15,25672.30,25688.30,25662.90,25677.70,0,
09_07_2026_14_20,25678.80,25698.70,25676.20,25698.40,0,
09_07_2026_14_25,25698.80,25706.60,25684.80,25689.10,0,
09_07_2026_14_30,25688.80,25695.50,25677.80,25678.80,0,
09_07_2026_14_35,25678.60,25681.70,25668.60,25668.90,0,
09_07_2026_14_40,25669.20,25673.20,25653.20,25672.70,0,
09_07_2026_14_45,25672.40,25676.30,25642.40,25656.80,0,
09_07_2026_14_50,25655.40,25663.30,25647.70,25652.10,0,
09_07_2026_14_55,25653.20,25677.90,25646.30,25677.20,0,
09_07_2026_15_00,25676.10,25676.10,25631.70,25659.70,0,
09_07_2026_15_05,25657.90,25660.20,25622.80,25652.20,0,
09_07_2026_15_10,25649.90,25657.70,25627.20,25636.80,0,
09_07_2026_15_15,25637.10,25660.30,25635.90,25658.30,0,
09_07_2026_15_20,25658.60,25673.90,25656.30,25667.00,0,
09_07_2026_15_25,25666.60,25682.40,25647.10,25679.70,0,
10_07_2026_09_15,25674.70,25696.10,25456.20,25501.60,0,
10_07_2026_09_20,25507.20,25526.80,25444.20,25456.20,0,
10_07_2026_09_25,25458.70,25518.80,25458.70,25503.30,0,
10_07_2026_09_30,25504.80,25595.40,25504.80,25590.40,0,
10_07_2026_09_35,25590.80,25603.40,25574.80,25575.80,0,
10_07_2026_09_40,25577.90,25586.90,25556.30,25573.10,0,
10_07_2026_09_45,25572.40,25590.90,25567.90,25581.80,0,
10_07_2026_09_50,25581.70,25615.90,25574.00,25604.40,0,
10_07_2026_09_55,25604.50,25662.80,25598.40,25661.50,0,
10_07_2026_10_00,25662.50,25676.20,25633.40,25636.80,0,
10_07_2026_10_05,25634.60,25671.30,25628.10,25669.00,0,
10_07_2026_10_10,25671.60,25777.00,25669.90,25773.80,0,
10_07_2026_10_15,25774.90,25776.70,25732.10,25750.40,0,
10_07_2026_10_20,25750.40,25755.50,25727.10,25731.80,0,
10_07_2026_10_25,25732.20,25741.30,25718.70,25725.20,0,
10_07_2026_10_30,25725.50,25736.00,25711.80,25728.10,0,
10_07_2026_10_35,25727.10,25729.60,25701.90,25714.40,0,
10_07_2026_10_40,25714.30,25727.00,25710.30,25718.80,0,
10_07_2026_10_45,25719.90,25739.80,25704.20,25723.80,0,
10_07_2026_10_50,25723.80,25733.70,25713.30,25719.10,0,
10_07_2026_10_55,25718.90,25732.80,25701.60,25703.10,0,
10_07_2026_11_00,25702.90,25721.80,25701.10,25720.70,0,
10_07_2026_11_05,25721.20,25735.80,25713.60,25735.80,0,
10_07_2026_11_10,25736.30,25747.20,25724.50,25746.70,0,
10_07_2026_11_15,25747.20,25769.40,25747.20,25749.70,0,
10_07_2026_11_20,25751.30,25760.00,25742.20,25757.30,0,
10_07_2026_11_25,25757.40,25779.40,25747.40,25747.40,0,
10_07_2026_11_30,25750.60,25764.20,25746.90,25759.90,0,
10_07_2026_11_35,25762.30,25763.70,25714.40,25714.40,0,
10_07_2026_11_40,25715.20,25715.70,25652.90,25654.10,0,
10_07_2026_11_45,25655.40,25670.80,25654.70,25669.70,0,
10_07_2026_11_50,25669.00,25676.50,25651.40,25653.30,0,
10_07_2026_11_55,25654.20,25678.80,25653.20,25678.60,0,
10_07_2026_12_00,25679.80,25694.60,25679.80,25691.80,0,
10_07_2026_12_05,25692.70,25711.40,25691.80,25697.80,0,
10_07_2026_12_10,25698.40,25707.20,25690.30,25706.10,0,
10_07_2026_12_15,25707.50,25712.30,25697.90,25705.20,0,
10_07_2026_12_20,25706.30,25717.40,25687.70,25689.80,0,
10_07_2026_12_25,25691.00,25703.50,25688.60,25700.70,0,
10_07_2026_12_30,25701.30,25706.10,25670.50,25674.50,0,
10_07_2026_12_35,25674.60,25687.70,25656.30,25660.20,0,
10_07_2026_12_40,25660.70,25664.20,25643.70,25646.30,0,
10_07_2026_12_45,25648.50,25648.50,25637.70,25641.30,0,
10_07_2026_12_50,25641.70,25656.90,25634.60,25647.20,0,
10_07_2026_12_55,25647.40,25653.60,25641.40,25648.70,0,
10_07_2026_13_00,25650.70,25653.70,25623.10,25630.00,0,
10_07_2026_13_05,25630.20,25631.80,25607.90,25616.80,0,
10_07_2026_13_10,25618.10,25627.10,25614.20,25626.30,0,
10_07_2026_13_15,25627.10,25627.10,25610.20,25615.80,0,
10_07_2026_13_20,25616.20,25626.30,25606.90,25610.10,0,
10_07_2026_13_25,25610.70,25630.40,25605.60,25611.30,0,
10_07_2026_13_30,25611.80,25623.90,25609.40,25619.60,0,
10_07_2026_13_35,25619.70,25628.40,25601.40,25605.90,0,
10_07_2026_13_40,25606.10,25613.80,25598.80,25599.10,0,
10_07_2026_13_45,25598.80,25615.10,25595.30,25613.10,0,
10_07_2026_13_50,25613.10,25614.80,25592.80,25599.20,0,
10_07_2026_13_55,25599.80,25601.80,25582.80,25589.40,0,
10_07_2026_14_00,25592.10,25601.60,25589.60,25600.30,0,
10_07_2026_14_05,25600.90,25600.90,25582.80,25589.80,0,
10_07_2026_14_10,25590.50,25590.50,25581.10,25588.90,0,
10_07_2026_14_15,25588.90,25594.80,25575.80,25581.80,0,
10_07_2026_14_20,25583.10,25597.20,25579.10,25588.90,0,
10_07_2026_14_25,25588.90,25600.20,25586.30,25593.40,0,
10_07_2026_14_30,25593.80,25612.30,25586.80,25608.90,0,
10_07_2026_14_35,25608.00,25610.20,25596.80,25601.30,0,
10_07_2026_14_40,25601.30,25618.70,25600.30,25606.30,0,
10_07_2026_14_45,25606.60,25638.50,25604.50,25638.10,0,
10_07_2026_14_50,25637.80,25638.70,25617.40,25621.10,0,
10_07_2026_14_55,25622.60,25631.20,25614.10,25624.20,0,
10_07_2026_15_00,25624.40,25665.60,25614.00,25658.30,0,
10_07_2026_15_05,25659.80,25687.60,25654.90,25686.60,0,
10_07_2026_15_10,25687.20,25689.20,25667.80,25669.60,0,
10_07_2026_15_15,25669.50,25687.20,25664.10,25674.90,0,
10_07_2026_15_20,25673.70,25686.40,25665.90,25684.80,0,
10_07_2026_15_25,25684.20,25687.80,25656.40,25669.20,0,
13_07_2026_09_15,25613.10,25737.60,25540.60,25737.60,0,
13_07_2026_09_20,25735.10,25737.70,25607.30,25625.30,0,
13_07_2026_09_25,25626.60,25629.90,25573.60,25583.50,0,
13_07_2026_09_30,25584.50,25624.80,25580.70,25615.10,0,
13_07_2026_09_35,25615.60,25629.90,25566.90,25590.90,0,
13_07_2026_09_40,25590.30,25615.10,25579.60,25580.60,0,
13_07_2026_09_45,25579.40,25579.40,25542.80,25558.10,0,
13_07_2026_09_50,25556.00,25568.30,25536.00,25553.20,0,
13_07_2026_09_55,25553.00,25558.80,25521.10,25525.30,0,
13_07_2026_10_00,25524.80,25549.90,25524.80,25538.40,0,
13_07_2026_10_05,25539.40,25553.50,25532.00,25538.90,0,
13_07_2026_10_10,25538.10,25554.80,25515.80,25518.30,0,
13_07_2026_10_15,25519.20,25532.70,25506.80,25510.20,0,
13_07_2026_10_20,25512.10,25524.70,25494.20,25498.70,0,
13_07_2026_10_25,25498.30,25521.30,25494.60,25507.60,0,
13_07_2026_10_30,25507.70,25538.50,25503.90,25537.30,0,
13_07_2026_10_35,25539.60,25546.60,25509.30,25510.20,0,
13_07_2026_10_40,25508.80,25519.90,25500.20,25516.50,0,
13_07_2026_10_45,25516.70,25534.00,25510.30,25517.90,0,
13_07_2026_10_50,25517.10,25519.20,25474.90,25490.10,0,
13_07_2026_10_55,25490.10,25490.70,25473.10,25488.40,0,
13_07_2026_11_00,25489.20,25490.20,25468.80,25482.20,0,
13_07_2026_11_05,25482.20,25520.30,25479.20,25516.60,0,
13_07_2026_11_10,25516.50,25522.50,25505.20,25519.00,0,
13_07_2026_11_15,25518.70,25525.80,25514.60,25522.20,0,
13_07_2026_11_20,25522.30,25532.60,25515.40,25517.70,0,
13_07_2026_11_25,25518.80,25520.40,25501.60,25502.90,0,
13_07_2026_11_30,25503.30,25514.10,25493.40,25511.80,0,
13_07_2026_11_35,25511.50,25538.40,25503.80,25535.20,0,
13_07_2026_11_40,25535.30,25553.40,25529.30,25552.10,0,
13_07_2026_11_45,25551.90,25570.50,25545.20,25569.90,0,
13_07_2026_11_50,25569.80,25572.30,25551.90,25559.20,0,
13_07_2026_11_55,25559.40,25574.90,25545.70,25566.70,0,
13_07_2026_12_00,25565.90,25577.20,25555.70,25565.50,0,
13_07_2026_12_05,25565.20,25584.40,25565.20,25571.70,0,
13_07_2026_12_10,25571.60,25587.20,25564.60,25576.20,0,
13_07_2026_12_15,25574.00,25581.20,25567.30,25572.20,0,
13_07_2026_12_20,25571.80,25581.20,25568.30,25578.80,0,
13_07_2026_12_25,25579.50,25586.20,25568.80,25573.70,0,
13_07_2026_12_30,25573.40,25583.40,25564.90,25581.80,0,
13_07_2026_12_35,25580.70,25588.20,25577.60,25586.40,0,
13_07_2026_12_40,25587.10,25588.80,25576.50,25582.20,0,
13_07_2026_12_45,25582.20,25594.50,25575.30,25592.60,0,
13_07_2026_12_50,25591.80,25617.20,25590.50,25607.40,0,
13_07_2026_12_55,25607.20,25615.20,25585.20,25592.40,0,
13_07_2026_13_00,25591.60,25613.40,25584.20,25603.20,0,
13_07_2026_13_05,25602.70,25602.70,25585.20,25585.30,0,
13_07_2026_13_10,25584.90,25597.60,25582.40,25594.90,0,
13_07_2026_13_15,25595.70,25612.70,25591.90,25609.20,0,
13_07_2026_13_20,25607.20,25625.00,25600.20,25622.00,0,
13_07_2026_13_25,25622.60,25624.90,25593.20,25601.40,0,
13_07_2026_13_30,25601.60,25620.20,25596.70,25615.80,0,
13_07_2026_13_35,25615.70,25627.40,25610.50,25620.80,0,
13_07_2026_13_40,25619.40,25631.10,25616.80,25628.70,0,
13_07_2026_13_45,25628.50,25657.20,25624.30,25652.90,0,
13_07_2026_13_50,25651.60,25672.60,25651.40,25665.90,0,
13_07_2026_13_55,25665.50,25667.80,25643.40,25648.90,0,
13_07_2026_14_00,25649.50,25655.80,25644.70,25655.60,0,
13_07_2026_14_05,25655.60,25660.30,25633.10,25639.30,0,
13_07_2026_14_10,25639.60,25654.70,25635.10,25650.90,0,
13_07_2026_14_15,25650.90,25651.70,25638.10,25642.90,0,
13_07_2026_14_20,25642.90,25650.10,25636.50,25644.80,0,
13_07_2026_14_25,25644.70,25646.90,25626.60,25630.60,0,
13_07_2026_14_30,25631.20,25635.10,25622.30,25629.00,0,
13_07_2026_14_35,25628.70,25643.20,25615.10,25643.10,0,
13_07_2026_14_40,25642.70,25647.80,25630.20,25638.20,0,
13_07_2026_14_45,25640.90,25652.80,25637.90,25649.20,0,
13_07_2026_14_50,25648.80,25656.80,25643.80,25655.20,0,
13_07_2026_14_55,25655.60,25666.30,25647.20,25659.20,0,
13_07_2026_15_00,25658.20,25673.10,25646.90,25662.10,0,
13_07_2026_15_05,25661.90,25663.40,25647.00,25653.20,0,
13_07_2026_15_10,25654.40,25654.40,25639.80,25643.30,0,
13_07_2026_15_15,25643.20,25653.80,25623.70,25630.60,0,
13_07_2026_15_20,25630.10,25636.90,25621.20,25631.50,0,
13_07_2026_15_25,25632.00,25645.10,25624.40,25635.30,0,
14_07_2026_09_15,25668.60,25794.80,25637.60,25782.50,0,
14_07_2026_09_20,25783.70,25804.10,25757.10,25764.00,0,
14_07_2026_09_25,25763.90,25809.10,25746.90,25797.90,0,
14_07_2026_09_30,25797.40,25855.40,25796.20,25850.40,0,
14_07_2026_09_35,25849.20,25876.90,25847.30,25859.30,0,
14_07_2026_09_40,25858.00,25879.50,25820.10,25878.50,0,
14_07_2026_09_45,25880.90,25884.90,25836.60,25838.50,0,
14_07_2026_09_50,25839.80,25857.70,25821.40,25824.40,0,
14_07_2026_09_55,25824.10,25842.30,25818.80,25836.80,0,
14_07_2026_10_00,25836.20,25854.80,25813.10,25828.70,0,
14_07_2026_10_05,25829.20,25836.80,25808.70,25812.60,0,
14_07_2026_10_10,25814.20,25844.20,25811.30,25842.40,0,
14_07_2026_10_15,25843.30,25844.40,25797.20,25797.80,0,
14_07_2026_10_20,25801.30,25818.80,25780.80,25813.90,0,
14_07_2026_10_25,25814.90,25833.20,25813.80,25825.80,0,
14_07_2026_10_30,25828.70,25844.40,25817.20,25838.70,0,
14_07_2026_10_35,25839.50,25842.70,25824.90,25841.90,0,
14_07_2026_10_40,25841.70,25866.20,25833.60,25862.20,0,
14_07_2026_10_45,25862.20,25901.80,25852.10,25897.60,0,
14_07_2026_10_50,25897.80,25910.10,25889.30,25900.60,0,
14_07_2026_10_55,25903.60,25919.80,25901.60,25910.40,0,
14_07_2026_11_00,25911.10,25911.80,25874.60,25878.30,0,
14_07_2026_11_05,25877.70,25890.70,25863.90,25867.20,0,
14_07_2026_11_10,25868.30,25871.20,25853.10,25858.20,0,
14_07_2026_11_15,25859.30,25879.70,25856.20,25876.30,0,
14_07_2026_11_20,25875.70,25902.30,25864.80,25900.60,0,
14_07_2026_11_25,25900.80,25923.20,25897.60,25918.30,0,
14_07_2026_11_30,25919.80,25921.20,25898.20,25914.20,0,
14_07_2026_11_35,25913.90,25918.30,25905.60,25917.70,0,
14_07_2026_11_40,25916.70,25924.60,25905.80,25923.30,0,
14_07_2026_11_45,25923.90,25927.20,25914.20,25916.60,0,
14_07_2026_11_50,25916.60,25949.20,25913.10,25925.10,0,
14_07_2026_11_55,25925.30,25926.60,25911.20,25923.30,0,
14_07_2026_12_00,25925.70,25947.70,25922.80,25938.10,0,
14_07_2026_12_05,25941.40,25962.30,25935.90,25957.30,0,
14_07_2026_12_10,25957.90,26000.10,25957.30,25989.50,0,
14_07_2026_12_15,25990.20,25992.30,25971.30,25991.40,0,
14_07_2026_12_20,25991.00,25994.70,25961.80,25980.20,0,
14_07_2026_12_25,25981.50,25990.20,25947.50,25955.10,0,
14_07_2026_12_30,25955.30,25962.80,25940.60,25959.20,0,
14_07_2026_12_35,25958.90,25971.40,25948.20,25954.80,0,
14_07_2026_12_40,25957.60,25966.80,25948.30,25952.80,0,
14_07_2026_12_45,25951.90,25954.10,25934.20,25939.70,0,
14_07_2026_12_50,25937.40,25947.30,25922.60,25933.30,0,
14_07_2026_12_55,25932.30,25952.60,25929.80,25931.40,0,
14_07_2026_13_00,25932.90,25948.20,25927.50,25945.40,0,
14_07_2026_13_05,25945.40,25954.40,25931.70,25932.70,0,
14_07_2026_13_10,25932.50,25934.70,25910.30,25915.40,0,
14_07_2026_13_15,25915.30,25937.80,25911.20,25926.90,0,
14_07_2026_13_20,25927.90,25936.20,25923.70,25931.50,0,
14_07_2026_13_25,25929.40,25929.40,25912.40,25915.70,0,
14_07_2026_13_30,25916.30,25924.50,25908.20,25910.00,0,
14_07_2026_13_35,25910.70,25915.90,25866.30,25871.20,0,
14_07_2026_13_40,25872.20,25882.60,25867.20,25878.30,0,
14_07_2026_13_45,25880.30,25889.40,25874.70,25884.80,0,
14_07_2026_13_50,25886.80,25886.80,25839.00,25854.30,0,
14_07_2026_13_55,25853.80,25873.20,25853.60,25853.60,0,
14_07_2026_14_00,25853.80,25877.80,25853.80,25873.10,0,
14_07_2026_14_05,25873.00,25880.70,25869.90,25872.20,0,
14_07_2026_14_10,25872.70,25886.20,25868.20,25880.80,0,
14_07_2026_14_15,25881.20,25899.30,25876.10,25898.30,0,
14_07_2026_14_20,25897.60,25919.80,25895.70,25908.40,0,
14_07_2026_14_25,25908.80,25920.10,25887.70,25893.90,0,
14_07_2026_14_30,25895.80,25909.40,25887.70,25907.50,0,
14_07_2026_14_35,25905.30,25923.40,25902.60,25910.80,0,
14_07_2026_14_40,25911.20,25920.20,25906.30,25915.30,0,
14_07_2026_14_45,25915.90,25920.90,25869.50,25877.80,0,
14_07_2026_14_50,25878.50,25897.80,25878.40,25891.10,0,
14_07_2026_14_55,25891.20,25914.70,25888.00,25891.80,0,
14_07_2026_15_00,25893.40,25915.80,25891.30,25915.10,0,
14_07_2026_15_05,25916.60,25920.60,25906.20,25917.50,0,
14_07_2026_15_10,25918.10,25919.80,25905.30,25913.20,0,
14_07_2026_15_15,25912.90,25916.90,25900.70,25903.60,0,
14_07_2026_15_20,25907.00,25913.20,25896.20,25901.70,0,
14_07_2026_15_25,25903.10,25915.40,25890.90,25908.80,0,
15_07_2026_09_15,26018.10,26029.30,25959.30,25985.80,0,
15_07_2026_09_20,25987.90,26010.50,25950.10,25960.00,0,
15_07_2026_09_25,25959.60,26004.80,25954.80,25992.00,0,
15_07_2026_09_30,25989.80,26012.90,25967.20,26010.80,0,
15_07_2026_09_35,26009.90,26014.20,25968.40,25968.40,0,
15_07_2026_09_40,25971.50,25993.60,25965.30,25987.80,0,
15_07_2026_09_45,25989.10,26002.60,25962.00,26002.60,0,
15_07_2026_09_50,26001.90,26027.60,25995.80,26020.70,0,
15_07_2026_09_55,26022.10,26070.10,26021.10,26069.20,0,
15_07_2026_10_00,26070.00,26094.90,26057.20,26092.10,0,
15_07_2026_10_05,26092.30,26100.20,26073.60,26087.30,0,
15_07_2026_10_10,26087.30,26089.10,26071.70,26077.40,0,
15_07_2026_10_15,26077.10,26079.60,26061.00,26071.60,0,
15_07_2026_10_20,26071.80,26076.10,26062.60,26069.20,0,
15_07_2026_10_25,26069.20,26070.70,26058.40,26061.10,0,
15_07_2026_10_30,26060.80,26090.10,26060.40,26085.90,0,
15_07_2026_10_35,26086.20,26096.30,26066.60,26069.40,0,
15_07_2026_10_40,26069.80,26071.60,26053.80,26057.80,0,
15_07_2026_10_45,26057.40,26069.10,26048.80,26066.60,0,
15_07_2026_10_50,26068.20,26071.80,26042.60,26048.40,0,
15_07_2026_10_55,26048.20,26052.90,26031.90,26044.20,0,
15_07_2026_11_00,26045.10,26047.90,26026.20,26028.50,0,
15_07_2026_11_05,26029.60,26039.40,26018.20,26037.90,0,
15_07_2026_11_10,26037.70,26043.70,26024.60,26032.10,0,
15_07_2026_11_15,26031.80,26033.60,26010.20,26028.90,0,
15_07_2026_11_20,26028.50,26037.10,26018.20,26022.50,0,
15_07_2026_11_25,26022.40,26042.80,26020.20,26035.80,0,
15_07_2026_11_30,26034.60,26037.90,26020.20,26034.70,0,
15_07_2026_11_35,26034.70,26046.20,26029.70,26041.10,0,
15_07_2026_11_40,26040.90,26071.70,26039.80,26064.60,0,
15_07_2026_11_45,26063.40,26076.90,26061.20,26074.90,0,
15_07_2026_11_50,26074.20,26101.20,26073.60,26081.70,0,
15_07_2026_11_55,26082.40,26087.60,26069.90,26078.40,0,
15_07_2026_12_00,26078.00,26082.40,26048.80,26057.40,0,
15_07_2026_12_05,26056.00,26071.90,26055.40,26070.80,0,
15_07_2026_12_10,26070.80,26087.30,26065.20,26087.20,0,
15_07_2026_12_15,26086.80,26100.70,26081.90,26096.30,0,
15_07_2026_12_20,26096.20,26103.30,26092.40,26097.70,0,
15_07_2026_12_25,26096.00,26101.30,26084.20,26095.80,0,
15_07_2026_12_30,26094.90,26097.60,26081.80,26082.10,0,
15_07_2026_12_35,26081.80,26082.30,26059.20,26062.40,0,
15_07_2026_12_40,26062.60,26072.20,26052.20,26072.10,0,
15_07_2026_12_45,26068.90,26074.20,26066.20,26068.60,0,
15_07_2026_12_50,26068.10,26079.20,26064.90,26074.90,0,
15_07_2026_12_55,26073.40,26077.40,26004.60,26018.40,0,
15_07_2026_13_00,26017.20,26049.30,26010.40,26048.80,0,
15_07_2026_13_05,26048.80,26049.80,26017.40,26024.50,0,
15_07_2026_13_10,26021.40,26024.70,26006.80,26010.90,0,
15_07_2026_13_15,26010.90,26031.90,26006.30,26027.30,0,
15_07_2026_13_20,26027.90,26034.10,26023.60,26026.50,0,
15_07_2026_13_25,26025.30,26027.70,26016.80,26020.60,0,
15_07_2026_13_30,26019.60,26023.40,26005.20,26012.30,0,
15_07_2026_13_35,26010.90,26020.40,26009.80,26018.20,0,
15_07_2026_13_40,26018.30,26021.70,26009.80,26018.60,0,
15_07_2026_13_45,26015.60,26029.80,26013.80,26023.40,0,
15_07_2026_13_50,26023.80,26027.60,26009.80,26010.50,0,
15_07_2026_13_55,26011.60,26029.60,26009.90,26027.70,0,
15_07_2026_14_00,26027.60,26029.80,26018.40,26026.30,0,
15_07_2026_14_05,26027.50,26041.70,26026.20,26035.60,0,
15_07_2026_14_10,26034.80,26042.30,26023.80,26025.70,0,
15_07_2026_14_15,26024.80,26040.90,26022.40,26024.10,0,
15_07_2026_14_20,26024.30,26027.60,26014.30,26017.80,0,
15_07_2026_14_25,26017.00,26027.80,26010.40,26023.40,0,
15_07_2026_14_30,26023.60,26037.70,26015.10,26026.80,0,
15_07_2026_14_35,26026.90,26041.80,26020.60,26039.70,0,
15_07_2026_14_40,26041.30,26041.70,26032.10,26032.10,0,
15_07_2026_14_45,26032.50,26033.20,26015.50,26028.20,0,
15_07_2026_14_50,26027.70,26037.10,26023.50,26030.20,0,
15_07_2026_14_55,26029.60,26031.80,26017.20,26020.40,0,
15_07_2026_15_00,26018.50,26025.00,25993.80,26003.80,0,
15_07_2026_15_05,26005.40,26006.90,25989.90,25989.90,0,
15_07_2026_15_10,25990.40,25995.20,25985.20,25993.20,0,
15_07_2026_15_15,25992.00,25992.70,25978.70,25984.20,0,
15_07_2026_15_20,25984.10,26018.70,25975.80,26012.90,0,
15_07_2026_15_25,26014.80,26029.20,25999.60,26013.50,0,
16_07_2026_09_15,26069.10,26105.90,26017.30,26076.10,0,
16_07_2026_09_20,26070.70,26078.00,26013.80,26023.40,0,
16_07_2026_09_25,26023.80,26065.60,26023.80,26025.60,0,
16_07_2026_09_30,26027.20,26030.30,26003.20,26006.40,0,
16_07_2026_09_35,26005.60,26010.90,25985.40,26007.80,0,
16_07_2026_09_40,26007.10,26032.80,25993.20,26028.80,0,
16_07_2026_09_45,26028.10,26031.20,26002.40,26004.30,0,
16_07_2026_09_50,26006.40,26010.60,25995.40,25998.20,0,
16_07_2026_09_55,25999.00,26018.30,25998.90,26010.40,0,
16_07_2026_10_00,26011.30,26032.70,26003.60,26032.10,0,
16_07_2026_10_05,26032.90,26038.20,26008.20,26008.20,0,
16_07_2026_10_10,26010.10,26024.20,26007.30,26013.40,0,
16_07_2026_10_15,26015.30,26020.10,26005.60,26006.10,0,
16_07_2026_10_20,26007.10,26035.80,26005.40,26030.10,0,
16_07_2026_10_25,26031.20,26078.70,26031.20,26078.70,0,
16_07_2026_10_30,26077.70,26129.10,26066.40,26121.80,0,
16_07_2026_10_35,26122.20,26123.70,26101.20,26111.00,0,
16_07_2026_10_40,26111.70,26117.40,26098.20,26102.70,0,
16_07_2026_10_45,26102.90,26104.10,26074.70,26091.20,0,
16_07_2026_10_50,26091.80,26099.30,26075.10,26083.10,0,
16_07_2026_10_55,26084.00,26098.60,26083.90,26097.20,0,
16_07_2026_11_00,26098.70,26132.80,26085.80,26128.20,0,
16_07_2026_11_05,26129.20,26135.80,26110.60,26111.20,0,
16_07_2026_11_10,26111.90,26113.80,26088.30,26091.80,0,
16_07_2026_11_15,26091.80,26099.40,26091.80,26097.80,0,
16_07_2026_11_20,26097.80,26109.80,26097.80,26105.90,0,
16_07_2026_11_25,26106.00,26121.50,26103.70,26111.70,0,
16_07_2026_11_30,26112.90,26123.90,26109.80,26121.80,0,
16_07_2026_11_35,26122.60,26125.80,26109.80,26116.70,0,
16_07_2026_11_40,26117.40,26125.80,26112.50,26121.20,0,
16_07_2026_11_45,26122.80,26130.20,26102.50,26104.40,0,
16_07_2026_11_50,26105.10,26125.00,26102.10,26123.20,0,
16_07_2026_11_55,26125.20,26125.20,26090.80,26095.20,0,
16_07_2026_12_00,26094.90,26098.80,26087.10,26096.10,0,
16_07_2026_12_05,26096.10,26109.50,26085.20,26091.20,0,
16_07_2026_12_10,26091.10,26101.40,26086.10,26098.20,0,
16_07_2026_12_15,26099.90,26106.70,26098.00,26103.70,0,
16_07_2026_12_20,26103.10,26105.20,26073.10,26079.20,0,
16_07_2026_12_25,26079.40,26088.70,26076.70,26083.60,0,
16_07_2026_12_30,26084.40,26095.90,26080.10,26085.50,0,
16_07_2026_12_35,26085.90,26095.20,26085.70,26095.20,0,
16_07_2026_12_40,26095.20,26101.10,26087.90,26090.20,0,
16_07_2026_12_45,26089.80,26090.40,26057.60,26058.60,0,
16_07_2026_12_50,26058.40,26060.70,26041.50,26049.70,0,
16_07_2026_12_55,26050.10,26050.10,26034.80,26040.40,0,
16_07_2026_13_00,26040.80,26045.60,26029.40,26034.30,0,
16_07_2026_13_05,26034.30,26039.30,26029.20,26037.80,0,
16_07_2026_13_10,26039.10,26044.80,26032.70,26042.20,0,
16_07_2026_13_15,26042.70,26044.40,26030.00,26040.80,0,
16_07_2026_13_20,26041.40,26044.70,26035.20,26043.50,0,
16_07_2026_13_25,26044.30,26044.30,26010.70,26010.70,0,
16_07_2026_13_30,26010.80,26012.80,25999.70,26001.80,0,
16_07_2026_13_35,26001.80,26004.80,25970.90,25977.30,0,
16_07_2026_13_40,25977.30,25978.30,25958.80,25959.80,0,
16_07_2026_13_45,25961.80,25971.20,25954.90,25961.40,0,
16_07_2026_13_50,25960.90,25981.90,25959.50,25978.80,0,
16_07_2026_13_55,25979.40,25991.80,25974.20,25978.90,0,
16_07_2026_14_00,25980.10,25989.60,25965.20,25968.60,0,
16_07_2026_14_05,25969.70,25978.20,25966.80,25970.30,0,
16_07_2026_14_10,25971.30,25984.30,25968.50,25970.20,0,
16_07_2026_14_15,25971.20,25986.30,25963.80,25975.20,0,
16_07_2026_14_20,25975.30,25978.20,25965.30,25967.90,0,
16_07_2026_14_25,25967.40,25973.20,25960.10,25968.80,0,
16_07_2026_14_30,25971.50,25980.40,25964.40,25964.40,0,
16_07_2026_14_35,25965.80,25965.80,25945.20,25953.80,0,
16_07_2026_14_40,25956.70,25962.10,25944.70,25951.30,0,
16_07_2026_14_45,25952.70,25969.90,25947.90,25967.50,0,
16_07_2026_14_50,25968.30,25974.40,25950.40,25953.30,0,
16_07_2026_14_55,25955.60,25957.30,25936.30,25946.20,0,
16_07_2026_15_00,25945.30,26001.40,25940.40,25993.00,0,
16_07_2026_15_05,25992.60,26035.10,25980.50,26032.80,0,
16_07_2026_15_10,26031.70,26044.80,26013.30,26013.80,0,
16_07_2026_15_15,26013.60,26015.20,25998.50,26006.80,0,
16_07_2026_15_20,26005.60,26007.80,25985.70,26001.70,0,
16_07_2026_15_25,26003.50,26055.90,25991.60,26006.70,0,
17_07_2026_09_15,25977.20,25991.20,25713.70,25725.50,0,
17_07_2026_09_20,25721.80,25761.80,25698.40,25747.00,0,
17_07_2026_09_25,25747.60,25749.20,25710.10,25732.10,0,
17_07_2026_09_30,25732.90,25766.20,25725.40,25752.70,0,
17_07_2026_09_35,25753.50,25762.80,25732.10,25739.20,0,
17_07_2026_09_40,25739.20,25743.30,25705.20,25714.40,0,
17_07_2026_09_45,25714.80,25716.20,25683.20,25708.70,0,
17_07_2026_09_50,25708.80,25740.40,25706.20,25735.40,0,
17_07_2026_09_55,25736.40,25744.80,25725.30,25726.90,0,
17_07_2026_10_00,25726.90,25727.10,25699.80,25717.60,0,
17_07_2026_10_05,25718.30,25746.20,25718.30,25738.00,0,
17_07_2026_10_10,25738.80,25759.10,25729.70,25732.20,0,
17_07_2026_10_15,25731.80,25741.20,25706.70,25737.60,0,
17_07_2026_10_20,25737.80,25754.10,25735.10,25746.80,0,
17_07_2026_10_25,25745.80,25751.30,25679.70,25684.60,0,
17_07_2026_10_30,25685.70,25696.40,25671.90,25675.50,0,
17_07_2026_10_35,25672.50,25673.20,25646.90,25659.80,0,
17_07_2026_10_40,25660.10,25679.10,25657.80,25659.60,0,
17_07_2026_10_45,25660.20,25676.10,25647.10,25647.10,0,
17_07_2026_10_50,25648.30,25655.30,25641.80,25645.90,0,
17_07_2026_10_55,25643.40,25665.20,25639.50,25643.50,0,
17_07_2026_11_00,25643.50,25686.20,25643.50,25685.40,0,
17_07_2026_11_05,25686.80,25702.00,25677.30,25680.70,0,
17_07_2026_11_10,25681.50,25682.00,25648.80,25649.80,0,
17_07_2026_11_15,25651.20,25653.80,25626.90,25636.40,0,
17_07_2026_11_20,25636.80,25640.80,25609.10,25609.80,0,
17_07_2026_11_25,25611.20,25611.50,25574.70,25574.80,0,
17_07_2026_11_30,25575.10,25577.20,25549.80,25567.40,0,
17_07_2026_11_35,25567.60,25593.80,25566.20,25592.20,0,
17_07_2026_11_40,25593.80,25621.20,25589.50,25614.40,0,
17_07_2026_11_45,25614.20,25626.20,25610.20,25620.80,0,
17_07_2026_11_50,25621.80,25628.10,25596.90,25597.90,0,
17_07_2026_11_55,25598.40,25598.50,25580.90,25587.80,0,
17_07_2026_12_00,25587.70,25588.10,25566.90,25572.80,0,
17_07_2026_12_05,25572.60,25579.80,25567.50,25576.90,0,
17_07_2026_12_10,25577.00,25577.60,25561.20,25563.70,0,
17_07_2026_12_15,25562.70,25578.30,25549.20,25570.80,0,
17_07_2026_12_20,25571.20,25591.40,25567.40,25588.60,0,
17_07_2026_12_25,25588.30,25602.40,25582.70,25584.90,0,
17_07_2026_12_30,25585.00,25624.60,25583.70,25624.60,0,
17_07_2026_12_35,25626.70,25639.50,25623.80,25635.10,0,
17_07_2026_12_40,25634.90,25639.40,25609.60,25610.50,0,
17_07_2026_12_45,25610.20,25652.80,25609.80,25649.90,0,
17_07_2026_12_50,25649.80,25650.70,25630.60,25633.40,0,
17_07_2026_12_55,25633.60,25635.70,25618.70,25623.60,0,
17_07_2026_13_00,25623.40,25648.80,25623.10,25638.90,0,
17_07_2026_13_05,25639.20,25643.50,25633.70,25637.00,0,
17_07_2026_13_10,25636.80,25644.70,25628.30,25634.80,0,
17_07_2026_13_15,25634.90,25634.90,25617.10,25623.80,0,
17_07_2026_13_20,25623.70,25633.70,25611.00,25617.30,0,
17_07_2026_13_25,25616.10,25628.00,25611.80,25614.90,0,
17_07_2026_13_30,25614.10,25620.90,25605.40,25617.60,0,
17_07_2026_13_35,25617.40,25632.30,25615.60,25631.60,0,
17_07_2026_13_40,25632.40,25636.20,25616.90,25634.70,0,
17_07_2026_13_45,25634.70,25657.10,25630.40,25646.10,0,
17_07_2026_13_50,25645.90,25646.10,25631.70,25636.40,0,
17_07_2026_13_55,25637.40,25647.80,25628.70,25646.30,0,
17_07_2026_14_00,25646.20,25662.80,25644.40,25662.80,0,
17_07_2026_14_05,25662.20,25663.40,25639.90,25643.10,0,
17_07_2026_14_10,25643.30,25655.20,25637.90,25647.20,0,
17_07_2026_14_15,25647.90,25692.50,25644.90,25663.80,0,
17_07_2026_14_20,25664.70,25671.30,25646.30,25647.00,0,
17_07_2026_14_25,25647.70,25661.20,25640.10,25641.10,0,
17_07_2026_14_30,25642.80,25663.20,25641.80,25646.30,0,
17_07_2026_14_35,25647.10,25652.60,25629.90,25640.00,0,
17_07_2026_14_40,25641.00,25648.40,25628.10,25646.90,0,
17_07_2026_14_45,25648.30,25651.20,25617.10,25627.70,0,
17_07_2026_14_50,25627.60,25631.50,25597.30,25611.80,0,
17_07_2026_14_55,25612.00,25630.00,25611.10,25617.40,0,
17_07_2026_15_00,25616.10,25631.80,25598.30,25630.10,0,
17_07_2026_15_05,25630.30,25664.60,25629.70,25664.30,0,
17_07_2026_15_10,25663.40,25663.40,25639.40,25649.10,0,
17_07_2026_15_15,25648.80,25655.80,25634.30,25637.30,0,
17_07_2026_15_20,25636.40,25644.30,25624.40,25634.80,0,
17_07_2026_15_25,25636.20,25655.30,25614.60,25649.90,0,
20_07_2026_09_15,25681.90,25951.20,25657.60,25837.40,0,
20_07_2026_09_20,25837.40,25844.40,25814.40,25815.80,0,
20_07_2026_09_25,25814.80,25820.40,25739.20,25759.80,0,
20_07_2026_09_30,25762.50,25859.80,25756.50,25839.90,0,
20_07_2026_09_35,25841.80,25848.20,25804.20,25844.80,0,
20_07_2026_09_40,25844.80,25852.90,25802.90,25803.10,0,
20_07_2026_09_45,25802.80,25840.70,25801.60,25835.80,0,
20_07_2026_09_50,25835.80,25884.20,25835.80,25858.80,0,
20_07_2026_09_55,25856.80,25879.20,25853.20,25877.40,0,
20_07_2026_10_00,25876.80,25881.60,25852.30,25857.40,0,
20_07_2026_10_05,25859.80,25862.60,25845.00,25858.10,0,
20_07_2026_10_10,25859.60,25869.90,25838.70,25848.30,0,
20_07_2026_10_15,25849.10,25853.90,25827.80,25832.80,0,
20_07_2026_10_20,25833.90,25870.60,25833.20,25859.70,0,
20_07_2026_10_25,25861.60,25878.20,25860.10,25870.00,0,
20_07_2026_10_30,25870.10,25877.30,25863.70,25866.20,0,
20_07_2026_10_35,25866.80,25876.60,25865.40,25871.10,0,
20_07_2026_10_40,25871.10,25883.80,25868.10,25870.10,0,
20_07_2026_10_45,25870.10,25871.80,25835.80,25835.80,0,
20_07_2026_10_50,25835.20,25865.60,25829.70,25863.80,0,
20_07_2026_10_55,25863.20,25872.10,25861.20,25870.20,0,
20_07_2026_11_00,25868.60,25872.10,25841.40,25845.10,0,
20_07_2026_11_05,25843.40,25863.40,25839.80,25848.10,0,
20_07_2026_11_10,25850.10,25855.30,25846.90,25847.80,0,
20_07_2026_11_15,25847.20,25881.10,25845.80,25878.60,0,
20_07_2026_11_20,25878.50,25895.30,25870.60,25879.20,0,
20_07_2026_11_25,25878.80,25884.70,25871.60,25874.50,0,
20_07_2026_11_30,25876.40,25883.80,25867.60,25879.60,0,
20_07_2026_11_35,25879.20,25900.90,25874.50,25898.50,0,
20_07_2026_11_40,25899.30,25935.30,25897.60,25930.00,0,
20_07_2026_11_45,25930.40,25931.20,25900.50,25907.80,0,
20_07_2026_11_50,25906.70,25932.70,25906.70,25927.90,0,
20_07_2026_11_55,25928.60,25947.30,25927.40,25940.40,0,
20_07_2026_12_00,25940.80,25977.40,25939.50,25962.50,0,
20_07_2026_12_05,25962.50,25988.70,25958.10,25987.20,0,
20_07_2026_12_10,25987.60,26042.50,25986.20,26038.30,0,
20_07_2026_12_15,26039.10,26070.60,26034.90,26053.10,0,
20_07_2026_12_20,26052.30,26057.10,26031.20,26045.20,0,
20_07_2026_12_25,26045.90,26059.30,26036.20,26049.20,0,
20_07_2026_12_30,26047.50,26114.90,26046.10,26111.10,0,
20_07_2026_12_35,26110.40,26123.30,26089.20,26089.60,0,
20_07_2026_12_40,26090.90,26096.00,26075.60,26078.10,0,
20_07_2026_12_45,26078.20,26093.20,26071.20,26075.70,0,
20_07_2026_12_50,26075.40,26094.90,26075.40,26087.80,0,
20_07_2026_12_55,26088.70,26099.90,26076.20,26090.60,0,
20_07_2026_13_00,26089.80,26100.70,26083.40,26093.10,0,
20_07_2026_13_05,26092.90,26106.10,26092.80,26105.70,0,
20_07_2026_13_10,26104.80,26120.40,26099.30,26120.20,0,
20_07_2026_13_15,26120.30,26123.40,26103.50,26114.20,0,
20_07_2026_13_20,26113.30,26126.20,26104.20,26108.30,0,
20_07_2026_13_25,26107.30,26108.20,26089.10,26090.80,0,
20_07_2026_13_30,26090.60,26093.70,26075.80,26088.10,0,
20_07_2026_13_35,26087.70,26101.70,26082.20,26097.20,0,
20_07_2026_13_40,26096.70,26102.90,26088.20,26091.90,0,
20_07_2026_13_45,26090.60,26111.70,26089.10,26101.10,0,
20_07_2026_13_50,26101.10,26109.80,26079.90,26086.40,0,
20_07_2026_13_55,26087.10,26099.50,26073.20,26096.60,0,
20_07_2026_14_00,26095.50,26097.30,26077.80,26090.20,0,
20_07_2026_14_05,26090.90,26093.90,26074.10,26081.40,0,
20_07_2026_14_10,26080.70,26081.80,26040.60,26046.80,0,
20_07_2026_14_15,26051.20,26059.80,26045.20,26050.10,0,
20_07_2026_14_20,26049.30,26051.20,26027.30,26029.50,0,
20_07_2026_14_25,26029.60,26030.20,26011.80,26029.80,0,
20_07_2026_14_30,26029.80,26037.80,26006.30,26013.50,0,
20_07_2026_14_35,26013.30,26019.10,25996.80,26007.30,0,
20_07_2026_14_40,26006.00,26013.40,26003.20,26008.10,0,
20_07_2026_14_45,26008.00,26022.40,25998.90,26017.80,0,
20_07_2026_14_50,26017.10,26021.90,26011.40,26015.70,0,
20_07_2026_14_55,26015.20,26026.20,26001.40,26003.50,0,
20_07_2026_15_00,26003.90,26027.80,26003.10,26010.30,0,
20_07_2026_15_05,26010.20,26012.40,26001.90,26005.40,0,
20_07_2026_15_10,26005.00,26010.80,25994.70,26010.50,0,
20_07_2026_15_15,26010.20,26015.60,25999.70,26015.20,0,
20_07_2026_15_20,26012.20,26023.90,25992.80,26010.20,0,
20_07_2026_15_25,26010.70,26011.10,25989.20,26001.40,0,
21_07_2026_09_15,26002.80,26015.80,25886.10,25933.50,0,
21_07_2026_09_20,25934.10,25937.40,25891.10,25895.80,0,
21_07_2026_09_25,25897.90,25900.00,25878.20,25895.10,0,
21_07_2026_09_30,25895.70,25931.30,25894.80,25904.40,0,
21_07_2026_09_35,25903.50,25939.70,25903.50,25934.20,0,
21_07_2026_09_40,25934.00,25942.30,25921.20,25942.30,0,
21_07_2026_09_45,25942.60,25996.00,25940.40,25993.20,0,
21_07_2026_09_50,25993.00,26007.50,25975.90,25975.90,0,
21_07_2026_09_55,25976.60,26008.30,25976.10,25983.00,0,
21_07_2026_10_00,25982.30,25987.00,25973.20,25976.80,0,
21_07_2026_10_05,25976.70,25992.80,25972.10,25981.70,0,
21_07_2026_10_10,25981.80,25983.20,25968.70,25971.20,0,
21_07_2026_10_15,25972.30,25978.00,25955.30,25960.30,0,
21_07_2026_10_20,25957.20,25996.50,25954.40,25996.50,0,
21_07_2026_10_25,25996.50,26009.20,25954.30,25959.60,0,
21_07_2026_10_30,25962.30,25963.60,25932.30,25936.10,0,
21_07_2026_10_35,25936.10,25937.80,25920.60,25921.50,0,
21_07_2026_10_40,25923.30,25946.50,25920.70,25943.20,0,
21_07_2026_10_45,25944.30,25952.20,25938.80,25949.60,0,
21_07_2026_10_50,25950.10,25950.90,25937.20,25948.10,0,
21_07_2026_10_55,25951.90,25980.80,25951.80,25979.30,0,
21_07_2026_11_00,25980.40,25981.30,25946.50,25949.70,0,
21_07_2026_11_05,25950.00,25955.50,25931.70,25932.70,0,
21_07_2026_11_10,25935.40,25949.60,25931.70,25936.70,0,
21_07_2026_11_15,25936.80,25945.70,25929.30,25934.80,0,
21_07_2026_11_20,25934.90,25938.50,25918.70,25927.00,0,
21_07_2026_11_25,25928.80,25932.90,25908.00,25923.20,0,
21_07_2026_11_30,25922.30,25948.20,25918.20,25942.70,0,
21_07_2026_11_35,25943.90,25954.70,25941.20,25948.60,0,
21_07_2026_11_40,25950.30,25971.90,25947.00,25964.20,0,
21_07_2026_11_45,25964.70,25975.30,25958.60,25965.90,0,
21_07_2026_11_50,25965.80,25969.60,25959.80,25960.20,0,
21_07_2026_11_55,25962.50,25984.10,25961.60,25981.70,0,
21_07_2026_12_00,25982.40,25987.90,25965.40,25982.20,0,
21_07_2026_12_05,25982.20,26000.30,25982.20,25999.70,0,
21_07_2026_12_10,26001.20,26003.30,25989.40,26000.60,0,
21_07_2026_12_15,26001.30,26016.70,26000.60,26014.90,0,
21_07_2026_12_20,26016.30,26023.30,26013.10,26016.80,0,
21_07_2026_12_25,26018.20,26030.50,26017.40,26027.40,0,
21_07_2026_12_30,26028.80,26068.80,26024.80,26060.90,0,
21_07_2026_12_35,26061.10,26074.40,26053.30,26071.70,0,
21_07_2026_12_40,26071.80,26077.70,26056.90,26059.70,0,
21_07_2026_12_45,26059.20,26064.70,26045.70,26048.30,0,
21_07_2026_12_50,26049.70,26060.80,26040.40,26043.10,0,
21_07_2026_12_55,26043.70,26053.30,26041.10,26052.20,0,
21_07_2026_13_00,26053.70,26061.20,26030.80,26034.40,0,
21_07_2026_13_05,26033.40,26042.10,26026.90,26041.20,0,
21_07_2026_13_10,26041.80,26062.60,26039.30,26054.70,0,
21_07_2026_13_15,26055.40,26060.10,26045.10,26047.90,0,
21_07_2026_13_20,26049.20,26066.60,26048.20,26057.20,0,
21_07_2026_13_25,26058.00,26067.20,26054.50,26064.20,0,
21_07_2026_13_30,26065.80,26082.20,26058.20,26080.40,0,
21_07_2026_13_35,26081.50,26087.70,26077.20,26078.40,0,
21_07_2026_13_40,26078.40,26097.10,26072.80,26095.20,0,
21_07_2026_13_45,26096.40,26102.40,26090.70,26092.50,0,
21_07_2026_13_50,26093.80,26098.80,26086.10,26090.80,0,
21_07_2026_13_55,26090.60,26096.80,26083.50,26094.20,0,
21_07_2026_14_00,26094.30,26108.70,26090.90,26094.30,0,
21_07_2026_14_05,26093.80,26098.70,26078.30,26086.90,0,
21_07_2026_14_10,26088.10,26091.80,26080.00,26089.60,0,
21_07_2026_14_15,26090.10,26092.70,26079.40,26089.30,0,
21_07_2026_14_20,26089.10,26094.40,26076.80,26078.30,0,
21_07_2026_14_25,26077.50,26083.20,26067.30,26068.60,0,
21_07_2026_14_30,26067.90,26072.30,26064.60,26068.60,0,
21_07_2026_14_35,26068.50,26079.70,26055.70,26055.90,0,
21_07_2026_14_40,26056.40,26071.50,26054.30,26069.30,0,
21_07_2026_14_45,26069.20,26082.20,26067.30,26079.40,0,
21_07_2026_14_50,26080.10,26081.50,26067.80,26076.20,0,
21_07_2026_14_55,26076.30,26079.80,26069.00,26071.40,0,
21_07_2026_15_00,26071.10,26105.90,26069.90,26098.80,0,
21_07_2026_15_05,26098.20,26100.80,26092.20,26095.80,0,
21_07_2026_15_10,26094.00,26100.30,26089.20,26095.40,0,
21_07_2026_15_15,26093.80,26099.70,26089.80,26093.30,0,
21_07_2026_15_20,26092.40,26101.80,26084.90,26090.70,0,
21_07_2026_15_25,26088.30,26101.90,26062.20,26095.10,0,
22_07_2026_09_15,25890.40,25894.10,25639.70,25804.20,0,
22_07_2026_09_20,25808.40,25853.70,25762.40,25762.90,0,
22_07_2026_09_25,25764.40,25767.20,25694.10,25697.20,0,
22_07_2026_09_30,25696.90,25703.50,25631.50,25632.80,0,
22_07_2026_09_35,25632.90,25654.00,25606.40,25629.20,0,
22_07_2026_09_40,25629.00,25629.00,25589.30,25608.40,0,
22_07_2026_09_45,25609.00,25637.90,25601.20,25601.20,0,
22_07_2026_09_50,25598.90,25618.30,25582.50,25598.20,0,
22_07_2026_09_55,25596.40,25622.10,25594.80,25597.90,0,
22_07_2026_10_00,25595.90,25595.90,25566.60,25572.70,0,
22_07_2026_10_05,25574.20,25622.70,25560.80,25622.20,0,
22_07_2026_10_10,25622.20,25638.30,25599.70,25607.30,0,
22_07_2026_10_15,25607.80,25616.00,25580.00,25580.00,0,
22_07_2026_10_20,25578.10,25593.10,25559.80,25582.40,0,
22_07_2026_10_25,25582.60,25594.80,25545.60,25594.30,0,
22_07_2026_10_30,25594.10,25650.90,25593.10,25645.10,0,
22_07_2026_10_35,25645.70,25694.20,25643.80,25692.40,0,
22_07_2026_10_40,25692.80,25705.50,25684.90,25698.30,0,
22_07_2026_10_45,25699.30,25713.60,25695.80,25706.60,0,
22_07_2026_10_50,25708.70,25716.50,25702.30,25708.80,0,
22_07_2026_10_55,25709.60,25758.30,25708.70,25745.20,0,
22_07_2026_11_00,25744.70,25757.40,25734.90,25756.40,0,
22_07_2026_11_05,25757.10,25805.50,25753.60,25805.50,0,
22_07_2026_11_10,25805.50,25834.20,25802.40,25827.60,0,
22_07_2026_11_15,25828.40,25837.00,25822.10,25833.60,0,
22_07_2026_11_20,25835.10,25836.60,25797.30,25815.40,0,
22_07_2026_11_25,25816.20,25819.80,25806.80,25808.40,0,
22_07_2026_11_30,25809.30,25809.40,25785.30,25794.30,0,
22_07_2026_11_35,25795.20,25796.30,25766.80,25778.20,0,
22_07_2026_11_40,25778.10,25784.80,25764.60,25771.80,0,
22_07_2026_11_45,25770.30,25781.50,25762.30,25777.30,0,
22_07_2026_11_50,25776.50,25778.40,25738.40,25742.40,0,
22_07_2026_11_55,25742.60,25745.90,25728.60,25729.00,0,
22_07_2026_12_00,25729.30,25732.80,25708.30,25716.40,0,
22_07_2026_12_05,25716.40,25723.80,25689.10,25692.30,0,
22_07_2026_12_10,25694.50,25712.90,25692.40,25705.40,0,
22_07_2026_12_15,25705.80,25708.20,25696.10,25702.20,0,
22_07_2026_12_20,25701.20,25709.70,25691.90,25701.60,0,
22_07_2026_12_25,25701.20,25710.30,25699.10,25700.70,0,
22_07_2026_12_30,25700.80,25702.00,25683.60,25684.70,0,
22_07_2026_12_35,25680.60,25682.40,25663.90,25667.20,0,
22_07_2026_12_40,25667.80,25692.70,25665.50,25689.70,0,
22_07_2026_12_45,25689.70,25706.30,25687.70,25704.70,0,
22_07_2026_12_50,25705.20,25719.80,25704.20,25714.20,0,
22_07_2026_12_55,25715.90,25718.40,25707.20,25707.30,0,
22_07_2026_13_00,25708.10,25721.30,25706.60,25706.60,0,
22_07_2026_13_05,25707.60,25723.80,25705.70,25716.80,0,
22_07_2026_13_10,25717.70,25719.70,25698.80,25706.20,0,
22_07_2026_13_15,25704.80,25713.30,25702.70,25703.60,0,
22_07_2026_13_20,25703.80,25712.80,25701.20,25701.90,0,
22_07_2026_13_25,25706.80,25707.00,25696.70,25702.20,0,
22_07_2026_13_30,25702.80,25716.90,25697.90,25714.80,0,
22_07_2026_13_35,25714.40,25733.80,25712.80,25731.70,0,
22_07_2026_13_40,25731.60,25734.20,25718.30,25723.90,0,
22_07_2026_13_45,25723.80,25730.50,25715.40,25720.10,0,
22_07_2026_13_50,25721.20,25729.60,25705.70,25713.30,0,
22_07_2026_13_55,25714.50,25735.10,25689.80,25693.20,0,
22_07_2026_14_00,25693.30,25697.70,25687.40,25691.60,0,
22_07_2026_14_05,25691.20,25720.40,25684.60,25703.60,0,
22_07_2026_14_10,25703.50,25709.20,25695.20,25703.80,0,
22_07_2026_14_15,25703.30,25722.40,25702.80,25713.10,0,
22_07_2026_14_20,25713.40,25724.20,25708.20,25715.20,0,
22_07_2026_14_25,25715.40,25717.70,25700.30,25700.30,0,
22_07_2026_14_30,25701.70,25706.20,25690.80,25704.80,0,
22_07_2026_14_35,25704.60,25729.70,25704.60,25720.60,0,
22_07_2026_14_40,25721.60,25728.10,25709.20,25711.20,0,
22_07_2026_14_45,25711.40,25714.80,25704.80,25711.70,0,
22_07_2026_14_50,25711.80,25725.30,25706.30,25721.10,0,
22_07_2026_14_55,25721.40,25740.50,25721.40,25739.60,0,
22_07_2026_15_00,25740.00,25759.70,25738.70,25759.30,0,
22_07_2026_15_05,25758.40,25768.40,25754.50,25762.40,0,
22_07_2026_15_10,25762.80,25773.80,25756.80,25765.20,0,
22_07_2026_15_15,25764.90,25768.20,25726.80,25742.90,0,
22_07_2026_15_20,25743.20,25752.20,25739.10,25750.90,0,
22_07_2026_15_25,25751.40,25758.80,25736.20,25749.70,0,
23_07_2026_09_15,25518.60,25616.90,25477.40,25515.70,0,
23_07_2026_09_20,25514.80,25593.70,25504.70,25572.80,0,
23_07_2026_09_25,25572.20,25586.30,25546.70,25559.20,0,
23_07_2026_09_30,25562.80,25588.10,25548.50,25550.60,0,
23_07_2026_09_35,25551.00,25558.80,25503.90,25518.70,0,
23_07_2026_09_40,25519.10,25542.00,25513.70,25519.20,0,
23_07_2026_09_45,25519.20,25519.20,25469.30,25481.90,0,
23_07_2026_09_50,25480.90,25480.90,25458.90,25470.60,0,
23_07_2026_09_55,25470.30,25522.60,25470.20,25517.40,0,
23_07_2026_10_00,25521.60,25594.90,25521.60,25572.40,0,
23_07_2026_10_05,25572.90,25589.80,25559.10,25583.30,0,
23_07_2026_10_10,25585.70,25588.30,25554.40,25556.40,0,
23_07_2026_10_15,25558.90,25588.70,25549.90,25579.80,0,
23_07_2026_10_20,25580.60,25593.60,25575.30,25592.70,0,
23_07_2026_10_25,25591.80,25643.10,25589.60,25637.40,0,
23_07_2026_10_30,25640.90,25660.50,25638.90,25656.90,0,
23_07_2026_10_35,25657.20,25707.50,25639.90,25702.80,0,
23_07_2026_10_40,25705.20,25733.20,25694.90,25730.60,0,
23_07_2026_10_45,25726.10,25760.50,25717.10,25752.80,0,
23_07_2026_10_50,25752.90,25756.20,25705.70,25707.20,0,
23_07_2026_10_55,25708.30,25720.80,25699.20,25708.20,0,
23_07_2026_11_00,25710.50,25723.90,25704.60,25718.10,0,
23_07_2026_11_05,25719.10,25726.40,25703.40,25704.20,0,
23_07_2026_11_10,25704.70,25707.70,25686.70,25686.80,0,
23_07_2026_11_15,25689.70,25692.60,25681.40,25682.20,0,
23_07_2026_11_20,25685.40,25700.10,25672.40,25692.70,0,
23_07_2026_11_25,25694.00,25703.40,25671.10,25672.30,0,
23_07_2026_11_30,25672.60,25672.60,25633.20,25638.20,0,
23_07_2026_11_35,25638.80,25642.60,25611.90,25635.60,0,
23_07_2026_11_40,25635.80,25658.30,25629.30,25656.40,0,
23_07_2026_11_45,25654.10,25665.10,25625.80,25634.20,0,
23_07_2026_11_50,25634.90,25638.40,25621.60,25624.80,0,
23_07_2026_11_55,25624.60,25686.70,25587.80,25683.60,0,
23_07_2026_12_00,25681.10,25694.90,25598.20,25607.70,0,
23_07_2026_12_05,25608.70,25638.20,25606.90,25619.50,0,
23_07_2026_12_10,25619.80,25638.80,25569.60,25588.70,0,
23_07_2026_12_15,25588.90,25588.90,25542.10,25547.80,0,
23_07_2026_12_20,25548.60,25568.20,25523.20,25529.60,0,
23_07_2026_12_25,25529.40,25558.40,25522.90,25534.40,0,
23_07_2026_12_30,25534.40,25561.10,25534.30,25558.80,0,
23_07_2026_12_35,25559.10,25559.10,25531.30,25538.00,0,
23_07_2026_12_40,25539.30,25559.90,25526.40,25537.80,0,
23_07_2026_12_45,25537.90,25576.70,25536.70,25565.40,0,
23_07_2026_12_50,25565.30,25582.80,25561.10,25572.60,0,
23_07_2026_12_55,25573.70,25580.70,25557.20,25578.40,0,
23_07_2026_13_00,25578.70,25591.60,25564.30,25581.60,0,
23_07_2026_13_05,25581.40,25582.60,25529.70,25536.70,0,
23_07_2026_13_10,25537.40,25540.20,25522.40,25538.20,0,
23_07_2026_13_15,25537.60,25539.80,25508.50,25520.90,0,
23_07_2026_13_20,25520.20,25525.30,25508.90,25513.10,0,
23_07_2026_13_25,25511.80,25540.20,25507.40,25536.00,0,
23_07_2026_13_30,25535.80,25542.30,25522.20,25533.00,0,
23_07_2026_13_35,25533.20,25563.30,25521.90,25560.80,0,
23_07_2026_13_40,25559.80,25577.10,25558.50,25562.60,0,
23_07_2026_13_45,25562.70,25585.20,25562.60,25575.20,0,
23_07_2026_13_50,25575.20,25585.30,25571.30,25574.60,0,
23_07_2026_13_55,25575.10,25595.80,25568.30,25583.30,0,
23_07_2026_14_00,25583.10,25619.70,25580.00,25615.90,0,
23_07_2026_14_05,25615.90,25620.90,25604.10,25614.60,0,
23_07_2026_14_10,25613.80,25634.60,25612.40,25628.80,0,
23_07_2026_14_15,25628.80,25640.70,25620.10,25635.10,0,
23_07_2026_14_20,25635.20,25648.90,25633.60,25647.30,0,
23_07_2026_14_25,25646.90,25676.10,25644.90,25669.30,0,
23_07_2026_14_30,25669.90,25697.40,25658.70,25696.30,0,
23_07_2026_14_35,25696.80,25709.00,25692.30,25694.10,0,
23_07_2026_14_40,25693.80,25693.80,25657.40,25666.80,0,
23_07_2026_14_45,25667.60,25667.90,25635.80,25641.90,0,
23_07_2026_14_50,25641.30,25657.30,25634.60,25641.80,0,
23_07_2026_14_55,25642.40,25654.20,25619.20,25629.90,0,
23_07_2026_15_00,25634.20,25644.40,25617.30,25631.10,0,
23_07_2026_15_05,25631.70,25652.20,25629.80,25650.80,0,
23_07_2026_15_10,25651.60,25655.70,25635.90,25645.20,0,
23_07_2026_15_15,25645.60,25658.80,25635.00,25654.80,0,
23_07_2026_15_20,25658.10,25676.80,25648.30,25674.30,0,
23_07_2026_15_25,25675.20,25682.40,25643.30,25652.30,0,
24_07_2026_09_15,25473.30,25654.40,25458.20,25622.80,0,
24_07_2026_09_20,25624.60,25686.70,25624.60,25643.20,0,
24_07_2026_09_25,25640.10,25648.20,25592.80,25614.20,0,
24_07_2026_09_30,25613.30,25648.70,25610.80,25613.10,0,
24_07_2026_09_35,25613.10,25662.30,25613.10,25656.60,0,
24_07_2026_09_40,25656.50,25673.10,25630.60,25631.90,0,
24_07_2026_09_45,25630.90,25637.50,25618.10,25625.60,0,
24_07_2026_09_50,25624.40,25626.40,25590.20,25590.40,0,
24_07_2026_09_55,25590.40,25596.50,25572.30,25584.10,0,
24_07_2026_10_00,25584.10,25584.80,25527.80,25533.30,0,
24_07_2026_10_05,25532.80,25537.50,25507.40,25509.60,0,
24_07_2026_10_10,25509.80,25528.20,25506.20,25511.80,0,
24_07_2026_10_15,25512.00,25539.90,25512.00,25518.60,0,
24_07_2026_10_20,25519.10,25557.60,25519.10,25540.10,0,
24_07_2026_10_25,25539.80,25544.10,25526.80,25530.10,0,
24_07_2026_10_30,25530.20,25540.70,25503.40,25506.90,0,
24_07_2026_10_35,25508.60,25537.30,25495.10,25536.10,0,
24_07_2026_10_40,25534.80,25552.60,25523.70,25531.10,0,
24_07_2026_10_45,25530.90,25532.30,25517.70,25525.40,0,
24_07_2026_10_50,25525.60,25526.90,25504.80,25506.60,0,
24_07_2026_10_55,25506.20,25519.60,25498.80,25500.90,0,
24_07_2026_11_00,25500.70,25516.20,25490.60,25514.60,0,
24_07_2026_11_05,25514.40,25519.60,25508.40,25512.70,0,
24_07_2026_11_10,25512.70,25528.30,25507.90,25511.80,0,
24_07_2026_11_15,25511.40,25532.20,25507.90,25530.20,0,
24_07_2026_11_20,25530.30,25534.20,25505.80,25506.30,0,
24_07_2026_11_25,25506.30,25515.90,25501.60,25507.00,0,
24_07_2026_11_30,25507.00,25551.80,25503.70,25545.80,0,
24_07_2026_11_35,25545.80,25546.80,25531.90,25543.70,0,
24_07_2026_11_40,25543.30,25564.10,25540.70,25554.70,0,
24_07_2026_11_45,25554.30,25555.80,25540.90,25546.50,0,
24_07_2026_11_50,25544.30,25547.20,25513.70,25513.70,0,
24_07_2026_11_55,25513.10,25531.70,25505.90,25529.60,0,
24_07_2026_12_00,25529.60,25545.40,25523.60,25538.70,0,
24_07_2026_12_05,25539.10,25553.80,25533.30,25535.30,0,
24_07_2026_12_10,25535.30,25548.40,25528.30,25532.20,0,
24_07_2026_12_15,25532.20,25535.10,25524.60,25527.20,0,
24_07_2026_12_20,25527.10,25534.20,25522.30,25526.80,0,
24_07_2026_12_25,25526.80,25551.00,25525.90,25550.20,0,
24_07_2026_12_30,25549.10,25560.40,25531.10,25532.60,0,
24_07_2026_12_35,25532.30,25533.80,25499.60,25510.30,0,
24_07_2026_12_40,25510.20,25530.30,25502.60,25527.90,0,
24_07_2026_12_45,25528.50,25539.10,25524.40,25530.40,0,
24_07_2026_12_50,25530.00,25538.70,25524.80,25538.20,0,
24_07_2026_12_55,25538.10,25540.80,25530.70,25536.70,0,
24_07_2026_13_00,25536.50,25540.20,25518.10,25519.90,0,
24_07_2026_13_05,25519.70,25540.90,25518.30,25540.40,0,
24_07_2026_13_10,25540.40,25552.10,25538.80,25542.70,0,
24_07_2026_13_15,25542.80,25556.10,25541.20,25556.10,0,
24_07_2026_13_20,25553.90,25560.80,25547.90,25559.00,0,
24_07_2026_13_25,25555.70,25570.90,25552.50,25570.10,0,
24_07_2026_13_30,25569.80,25582.70,25551.40,25553.10,0,
24_07_2026_13_35,25553.20,25556.60,25544.50,25556.40,0,
24_07_2026_13_40,25556.40,25557.60,25528.80,25540.80,0,
24_07_2026_13_45,25540.80,25543.70,25522.20,25527.50,0,
24_07_2026_13_50,25526.80,25562.30,25525.90,25548.80,0,
24_07_2026_13_55,25548.50,25559.70,25543.40,25558.40,0,
24_07_2026_14_00,25558.40,25573.80,25549.60,25569.90,0,
24_07_2026_14_05,25570.10,25570.80,25528.30,25529.40,0,
24_07_2026_14_10,25529.40,25532.20,25519.30,25530.10,0,
24_07_2026_14_15,25530.20,25536.30,25524.60,25527.30,0,
24_07_2026_14_20,25527.00,25530.30,25510.40,25510.40,0,
24_07_2026_14_25,25509.50,25516.20,25496.30,25507.60,0,
24_07_2026_14_30,25507.30,25507.30,25490.60,25492.20,0,
24_07_2026_14_35,25491.60,25495.90,25486.80,25492.30,0,
24_07_2026_14_40,25492.70,25500.60,25483.20,25491.40,0,
24_07_2026_14_45,25491.80,25506.40,25481.90,25485.10,0,
24_07_2026_14_50,25484.80,25535.40,25480.30,25535.40,0,
24_07_2026_14_55,25535.20,25558.10,25523.80,25547.60,0,
24_07_2026_15_00,25547.70,25552.10,25518.10,25536.90,0,
24_07_2026_15_05,25537.00,25551.20,25530.20,25534.50,0,
24_07_2026_15_10,25534.60,25565.10,25527.50,25564.80,0,
24_07_2026_15_15,25564.90,25568.10,25544.60,25561.80,0,
24_07_2026_15_20,25561.70,25572.40,25556.70,25572.00,0,
24_07_2026_15_25,25571.80,25578.40,25535.20,25569.20,0,
