Date,Open,High,Low,Close,Volume,
27_03_2026_09_15,29721.00,29925.60,29642.30,29832.10,0,
27_03_2026_09_20,29828.50,30029.60,29819.20,29957.90,0,
27_03_2026_09_25,29955.40,30005.60,29928.30,29951.80,0,
27_03_2026_09_30,29955.10,29957.80,29907.90,29918.30,0,
27_03_2026_09_35,29920.10,29936.30,29868.80,29896.30,0,
27_03_2026_09_40,29904.00,29969.40,29902.90,29944.60,0,
27_03_2026_09_45,29945.40,29947.90,29890.30,29905.50,0,
27_03_2026_09_50,29903.80,29934.10,29849.30,29850.10,0,
27_03_2026_09_55,29850.10,29853.40,29746.40,29751.00,0,
27_03_2026_10_00,29751.20,29818.20,29738.80,29777.70,0,
27_03_2026_10_05,29777.90,29783.50,29737.60,29759.90,0,
27_03_2026_10_10,29758.60,29802.30,29745.80,29799.90,0,
27_03_2026_10_15,29800.20,29849.50,29796.70,29836.40,0,
27_03_2026_10_20,29836.70,29855.10,29820.10,29840.20,0,
27_03_2026_10_25,29838.40,29857.70,29797.60,29824.90,0,
27_03_2026_10_30,29825.40,29874.30,29820.70,29836.70,0,
27_03_2026_10_35,29838.00,29852.10,29791.70,29851.20,0,
27_03_2026_10_40,29851.70,29851.70,29751.20,29755.00,0,
27_03_2026_10_45,29757.50,29757.50,29713.60,29729.70,0,
27_03_2026_10_50,29728.50,29735.20,29702.20,29705.70,0,
27_03_2026_10_55,29705.20,29756.20,29695.80,29751.80,0,
27_03_2026_11_00,29754.30,29766.20,29716.60,29718.40,0,
27_03_2026_11_05,29719.70,29759.70,29706.10,29758.40,0,
27_03_2026_11_10,29759.40,29805.00,29747.20,29800.20,0,
27_03_2026_11_15,29801.10,29802.90,29733.30,29749.10,0,
27_03_2026_11_20,29744.80,29767.80,29677.20,29678.20,0,
27_03_2026_11_25,29678.30,29727.90,29673.60,29676.60,0,
27_03_2026_11_30,29675.50,29700.00,29658.20,29698.10,0,
27_03_2026_11_35,29697.80,29735.60,29697.80,29715.20,0,
27_03_2026_11_40,29716.50,29726.50,29680.60,29701.90,0,
27_03_2026_11_45,29702.10,29716.90,29684.20,29711.40,0,
27_03_2026_11_50,29711.00,29760.80,29700.60,29745.40,0,
27_03_2026_11_55,29745.10,29774.80,29731.40,29768.40,0,
27_03_2026_12_00,29770.20,29781.90,29750.70,29776.90,0,
27_03_2026_12_05,29776.90,29787.90,29762.90,29770.80,0,
27_03_2026_12_10,29770.80,29796.80,29741.80,29794.20,0,
27_03_2026_12_15,29794.10,29815.80,29731.20,29742.80,0,
27_03_2026_12_20,29743.20,29795.20,29719.70,29786.10,0,
27_03_2026_12_25,29786.60,29814.10,29770.20,29787.20,0,
27_03_2026_12_30,29788.40,29805.20,29756.40,29790.10,0,
27_03_2026_12_35,29790.30,29826.30,29765.80,29781.20,0,
27_03_2026_12_40,29781.30,29824.20,29754.30,29824.20,0,
27_03_2026_12_45,29826.30,29826.30,29771.70,29811.80,0,
27_03_2026_12_50,29812.60,29827.20,29767.70,29785.30,0,
27_03_2026_12_55,29784.40,29793.30,29749.20,29751.70,0,
27_03_2026_13_00,29752.20,29784.50,29717.80,29721.30,0,
27_03_2026_13_05,29722.30,29734.00,29706.30,29730.30,0,
27_03_2026_13_10,29730.30,29775.40,29719.70,29775.30,0,
27_03_2026_13_15,29774.20,29827.10,29750.90,29783.80,0,
27_03_2026_13_20,29782.80,29788.60,29730.00,29736.50,0,
27_03_2026_13_25,29733.60,29752.40,29673.80,29674.30,0,
27_03_2026_13_30,29676.80,29699.40,29664.20,29680.80,0,
27_03_2026_13_35,29681.60,29709.60,29665.10,29688.20,0,
27_03_2026_13_40,29686.90,29758.90,29684.00,29724.90,0,
27_03_2026_13_45,29724.50,29724.50,29690.40,29694.90,0,
27_03_2026_13_50,29692.90,29720.80,29687.20,29702.90,0,
27_03_2026_13_55,29704.70,29726.90,29680.20,29701.60,0,
27_03_2026_14_00,29702.30,29714.20,29673.40,29682.40,0,
27_03_2026_14_05,29682.70,29692.90,29625.80,29635.30,0,
27_03_2026_14_10,29635.60,29636.00,29571.40,29575.20,0,
27_03_2026_14_15,29574.10,29611.50,29566.20,29591.90,0,
27_03_2026_14_20,29592.80,29617.30,29573.10,29596.80,0,
27_03_2026_14_25,29596.60,29635.80,29594.20,29603.00,0,
27_03_2026_14_30,29602.40,29609.60,29541.90,29557.90,0,
27_03_2026_14_35,29557.60,29590.70,29539.30,29546.90,0,
27_03_2026_14_40,29548.40,29585.60,29537.60,29559.70,0,
27_03_2026_14_45,29559.00,29591.40,29540.80,29541.30,0,
27_03_2026_14_50,29539.80,29585.70,29539.80,29574.70,0,
27_03_2026_14_55,29576.70,29590.30,29559.30,29570.20,0,
27_03_2026_15_00,29570.60,29600.20,29542.70,29594.80,0,
27_03_2026_15_05,29591.90,29594.60,29555.70,29574.20,0,
27_03_2026_15_10,29577.60,29597.80,29542.70,29546.70,0,
27_03_2026_15_15,29548.80,29550.80,29527.90,29535.60,0,
27_03_2026_15_20,29535.10,29535.40,29461.20,29513.80,0,
27_03_2026_15_25,29513.30,29515.00,29468.70,29468.70,0,
30_03_2026_09_15,29238.30,29352.20,29107.20,29346.80,0,
30_03_2026_09_20,29353.30,29372.30,29283.00,29305.60,0,
30_03_2026_09_25,29300.10,29356.40,29267.80,29352.30,0,
30_03_2026_09_30,29356.10,29409.20,29336.80,29377.30,0,
30_03_2026_09_35,29375.60,29439.10,29366.30,29417.70,0,
30_03_2026_09_40,29417.70,29418.90,29351.90,29366.60,0,
30_03_2026_09_45,29366.00,29393.90,29303.10,29307.30,0,
30_03_2026_09_50,29308.20,29378.40,29302.80,29317.90,0,
30_03_2026_09_55,29316.40,29316.90,29277.30,29309.00,0,
30_03_2026_10_00,29295.30,29332.10,29250.20,29311.90,0,
30_03_2026_10_05,29310.10,29330.60,29270.30,29287.20,0,
30_03_2026_10_10,29286.80,29288.30,29231.20,29269.90,0,
30_03_2026_10_15,29269.80,29278.60,29202.10,29209.90,0,
30_03_2026_10_20,29208.30,29226.50,29183.70,29185.40,0,
30_03_2026_10_25,29184.80,29210.60,29177.90,29190.80,0,
30_03_2026_10_30,29192.10,29204.50,29177.40,29193.60,0,
30_03_2026_10_35,29193.80,29242.30,29190.80,29234.40,0,
30_03_2026_10_40,29234.40,29247.40,29147.20,29162.20,0,
30_03_2026_10_45,29164.40,29196.80,29155.70,29180.40,0,
30_03_2026_10_50,29181.10,29209.70,29156.90,29161.30,0,
30_03_2026_10_55,29162.30,29203.30,29143.30,29190.10,0,
30_03_2026_11_00,29192.00,29193.10,29164.00,29187.10,0,
30_03_2026_11_05,29180.20,29182.10,29148.50,29148.50,0,
30_03_2026_11_10,29147.10,29182.20,29119.70,29182.20,0,
30_03_2026_11_15,29183.20,29229.10,29183.20,29228.00,0,
30_03_2026_11_20,29228.10,29241.80,29205.70,29235.40,0,
30_03_2026_11_25,29237.80,29252.20,29218.90,29224.60,0,
30_03_2026_11_30,29223.90,29246.20,29194.90,29237.40,0,
30_03_2026_11_35,29236.90,29314.20,29236.90,29302.50,0,
30_03_2026_11_40,29298.60,29301.40,29218.70,29221.40,0,
30_03_2026_11_45,29220.10,29225.80,29174.80,29191.40,0,
30_03_2026_11_50,29191.30,29191.30,29149.20,29181.10,0,
30_03_2026_11_55,29180.80,29217.30,29180.00,29216.20,0,
30_03_2026_12_00,29216.20,29334.40,29208.60,29329.40,0,
30_03_2026_12_05,29330.70,29398.20,29316.90,29328.20,0,
30_03_2026_12_10,29329.70,29382.40,29324.90,29365.30,0,
30_03_2026_12_15,29362.50,29377.10,29347.90,29360.20,0,
30_03_2026_12_20,29359.90,29399.70,29340.60,29344.90,0,
30_03_2026_12_25,29344.90,29349.80,29310.90,29335.80,0,
30_03_2026_12_30,29335.90,29352.80,29311.20,29344.30,0,
30_03_2026_12_35,29344.30,29377.90,29340.90,29362.90,0,
30_03_2026_12_40,29363.30,29368.80,29332.40,29340.30,0,
30_03_2026_12_45,29340.20,29345.70,29291.30,29293.80,0,
30_03_2026_12_50,29293.80,29310.20,29270.20,29297.10,0,
30_03_2026_12_55,29292.80,29304.90,29268.30,29275.50,0,
30_03_2026_13_00,29275.70,29275.70,29230.30,29234.20,0,
30_03_2026_13_05,29236.10,29259.90,29229.50,29250.30,0,
30_03_2026_13_10,29249.70,29283.90,29245.20,29261.70,0,
30_03_2026_13_15,29261.80,29281.10,29210.60,29211.10,0,
30_03_2026_13_20,29211.10,29231.20,29207.70,29219.50,0,
30_03_2026_13_25,29219.90,29252.60,29200.60,29244.70,0,
30_03_2026_13_30,29244.10,29260.30,29233.30,29260.10,0,
30_03_2026_13_35,29259.90,29278.80,29242.80,29254.00,0,
30_03_2026_13_40,29254.20,29266.70,29141.80,29157.40,0,
30_03_2026_13_45,29156.60,29179.90,29133.00,29133.80,0,
30_03_2026_13_50,29132.40,29139.90,29015.70,29018.90,0,
30_03_2026_13_55,29017.80,29048.10,29014.40,29033.60,0,
30_03_2026_14_00,29032.70,29136.10,29031.30,29093.80,0,
30_03_2026_14_05,29094.40,29102.60,29066.10,29066.10,0,
30_03_2026_14_10,29066.20,29067.80,28990.20,29000.10,0,
30_03_2026_14_15,29002.70,29019.80,28988.60,29006.50,0,
30_03_2026_14_20,29007.70,29028.70,28985.20,28997.40,0,
30_03_2026_14_25,28994.80,29001.20,28961.40,28975.30,0,
30_03_2026_14_30,28974.50,29037.80,28974.50,28981.10,0,
30_03_2026_14_35,28981.80,29027.70,28968.20,29027.70,0,
30_03_2026_14_40,29029.10,29079.40,29028.30,29053.30,0,
30_03_2026_14_45,29053.30,29070.10,29004.10,29037.60,0,
30_03_2026_14_50,29037.40,29068.20,29033.60,29039.90,0,
30_03_2026_14_55,29038.70,29055.90,29015.10,29049.30,0,
30_03_2026_15_00,29049.60,29049.60,28965.60,28982.20,0,
30_03_2026_15_05,28984.80,29033.30,28968.50,29032.10,0,
30_03_2026_15_10,29032.50,29091.00,29031.80,29074.60,0,
30_03_2026_15_15,29074.60,29094.80,29061.80,29080.50,0,
30_03_2026_15_20,29081.40,29115.20,29078.60,29082.20,0,
30_03_2026_15_25,29082.40,29155.40,29043.50,29129.40,0,
01_04_2026_09_15,29915.20,29981.20,29721.30,29754.80,0,
01_04_2026_09_20,29757.80,29909.90,29757.80,29848.60,0,
01_04_2026_09_25,29850.60,29920.00,29846.10,29913.00,0,
01_04_2026_09_30,29914.80,29952.20,29838.70,29874.20,0,
01_04_2026_09_35,29876.40,29932.90,29841.70,29846.30,0,
01_04_2026_09_40,29848.90,29974.00,29847.30,29946.30,0,
01_04_2026_09_45,29945.00,30022.70,29941.30,30015.50,0,
01_04_2026_09_50,30017.00,30157.80,30000.20,30155.40,0,
01_04_2026_09_55,30154.40,30170.10,30092.80,30120.90,0,
01_04_2026_10_00,30124.30,30218.20,30098.20,30210.80,0,
01_04_2026_10_05,30210.90,30257.80,30201.10,30206.20,0,
01_04_2026_10_10,30207.30,30209.30,30109.80,30155.30,0,
01_04_2026_10_15,30157.30,30172.70,30120.20,30165.20,0,
01_04_2026_10_20,30166.00,30231.30,30130.30,30147.30,0,
01_04_2026_10_25,30145.70,30158.40,30080.40,30134.70,0,
01_04_2026_10_30,30135.40,30149.90,30083.20,30089.90,0,
01_04_2026_10_35,30092.80,30162.80,30087.40,30144.60,0,
01_04_2026_10_40,30144.00,30169.50,30115.70,30126.90,0,
01_04_2026_10_45,30124.80,30127.60,30059.10,30081.20,0,
01_04_2026_10_50,30081.60,30092.70,30048.80,30061.40,0,
01_04_2026_10_55,30064.20,30092.30,30056.80,30074.20,0,
01_04_2026_11_00,30075.60,30102.80,30049.10,30049.10,0,
01_04_2026_11_05,30051.60,30084.60,30020.40,30066.40,0,
01_04_2026_11_10,30068.30,30110.30,30060.50,30072.70,0,
01_04_2026_11_15,30073.30,30075.90,30042.90,30075.90,0,
01_04_2026_11_20,30076.10,30086.20,30039.00,30064.20,0,
01_04_2026_11_25,30062.70,30088.20,30022.80,30045.50,0,
01_04_2026_11_30,30043.20,30076.60,30001.70,30016.40,0,
01_04_2026_11_35,30015.20,30041.40,30003.20,30007.20,0,
01_04_2026_11_40,30006.50,30024.80,29995.80,30000.20,0,
01_04_2026_11_45,29999.40,29999.40,29940.60,29985.70,0,
01_04_2026_11_50,29985.10,30038.60,29981.80,30036.20,0,
01_04_2026_11_55,30035.50,30057.10,30025.10,30054.20,0,
01_04_2026_12_00,30053.70,30129.70,30052.20,30114.60,0,
01_04_2026_12_05,30114.30,30152.30,30099.90,30145.60,0,
01_04_2026_12_10,30142.70,30168.20,30113.20,30132.10,0,
01_04_2026_12_15,30129.60,30133.00,30065.60,30071.30,0,
01_04_2026_12_20,30069.80,30070.40,30008.60,30012.00,0,
01_04_2026_12_25,30007.80,30009.10,29972.90,29991.70,0,
01_04_2026_12_30,29987.80,30013.30,29953.70,29964.10,0,
01_04_2026_12_35,29961.80,29994.70,29950.50,29991.30,0,
01_04_2026_12_40,29990.30,30020.20,29966.50,29975.40,0,
01_04_2026_12_45,29975.80,30028.80,29975.80,30010.80,0,
01_04_2026_12_50,30010.80,30014.80,29940.70,29940.70,0,
01_04_2026_12_55,29943.10,29950.80,29927.10,29927.80,0,
01_04_2026_13_00,29925.20,29939.90,29912.00,29916.40,0,
01_04_2026_13_05,29916.20,29920.70,29843.50,29850.70,0,
01_04_2026_13_10,29851.00,29913.20,29848.80,29907.00,0,
01_04_2026_13_15,29908.70,29946.20,29850.00,29850.40,0,
01_04_2026_13_20,29848.60,29849.40,29809.40,29831.80,0,
01_04_2026_13_25,29831.70,29832.10,29799.20,29811.80,0,
01_04_2026_13_30,29811.70,29812.40,29721.30,29750.90,0,
01_04_2026_13_35,29751.20,29752.20,29724.80,29741.90,0,
01_04_2026_13_40,29741.50,29742.40,29593.80,29628.30,0,
01_04_2026_13_45,29627.40,29729.10,29618.20,29689.70,0,
01_04_2026_13_50,29688.10,29701.80,29670.60,29684.20,0,
01_04_2026_13_55,29683.20,29731.80,29673.80,29699.40,0,
01_04_2026_14_00,29699.60,29729.40,29698.20,29715.20,0,
01_04_2026_14_05,29714.70,29724.60,29703.10,29720.30,0,
01_04_2026_14_10,29719.40,29720.60,29679.20,29713.30,0,
01_04_2026_14_15,29713.30,29717.90,29661.30,29678.10,0,
01_04_2026_14_20,29674.80,29680.10,29635.60,29658.00,0,
01_04_2026_14_25,29656.90,29661.40,29633.60,29645.80,0,
01_04_2026_14_30,29645.80,29693.40,29638.00,29659.40,0,
01_04_2026_14_35,29660.00,29663.90,29597.50,29598.70,0,
01_04_2026_14_40,29597.60,29641.60,29570.20,29624.80,0,
01_04_2026_14_45,29623.10,29624.70,29563.20,29585.40,0,
01_04_2026_14_50,29586.20,29617.80,29562.90,29595.60,0,
01_04_2026_14_55,29597.70,29631.30,29562.30,29569.60,0,
01_04_2026_15_00,29571.00,29663.80,29571.00,29639.80,0,
01_04_2026_15_05,29640.20,29679.20,29637.40,29675.00,0,
01_04_2026_15_10,29674.90,29703.30,29674.90,29683.40,0,
01_04_2026_15_15,29682.20,29692.80,29668.30,29673.10,0,
01_04_2026_15_20,29672.80,29701.80,29654.10,29701.80,0,
01_04_2026_15_25,29705.10,29720.80,29678.60,29703.80,0,
02_04_2026_09_15,29362.40,29519.00,29324.30,29456.20,0,
02_04_2026_09_20,29455.70,29616.10,29434.50,29610.30,0,
02_04_2026_09_25,29609.10,29665.30,29543.80,29585.60,0,
02_04_2026_09_30,29586.90,29643.70,29516.90,29552.50,0,
02_04_2026_09_35,29548.60,29557.20,29492.90,29499.10,0,
02_04_2026_09_40,29499.90,29610.90,29477.60,29585.70,0,
02_04_2026_09_45,29586.10,29607.20,29472.30,29483.70,0,
02_04_2026_09_50,29483.80,29516.80,29475.10,29496.10,0,
02_04_2026_09_55,29496.10,29501.90,29408.30,29435.70,0,
02_04_2026_10_00,29438.60,29502.80,29403.10,29480.80,0,
02_04_2026_10_05,29482.70,29482.70,29428.90,29449.70,0,
02_04_2026_10_10,29450.30,29461.70,29417.70,29448.70,0,
02_04_2026_10_15,29448.70,29558.10,29424.80,29556.60,0,
02_04_2026_10_20,29555.10,29581.40,29477.00,29512.80,0,
02_04_2026_10_25,29511.40,29603.80,29505.30,29588.20,0,
02_04_2026_10_30,29588.60,29641.60,29576.00,29609.10,0,
02_04_2026_10_35,29609.10,29654.90,29609.10,29646.20,0,
02_04_2026_10_40,29648.10,29663.70,29610.20,29610.20,0,
02_04_2026_10_45,29611.80,29652.00,29609.80,29633.70,0,
02_04_2026_10_50,29632.10,29654.10,29623.90,29632.70,0,
02_04_2026_10_55,29633.50,29703.80,29631.70,29696.20,0,
02_04_2026_11_00,29694.60,29701.00,29635.60,29643.30,0,
02_04_2026_11_05,29645.20,29655.80,29613.90,29633.80,0,
02_04_2026_11_10,29632.70,29633.10,29605.30,29618.70,0,
02_04_2026_11_15,29619.40,29646.30,29601.20,29625.80,0,
02_04_2026_11_20,29626.80,29694.60,29621.80,29672.70,0,
02_04_2026_11_25,29672.70,29728.50,29671.60,29727.20,0,
02_04_2026_11_30,29726.50,29768.10,29714.40,29720.10,0,
02_04_2026_11_35,29719.90,29761.10,29716.50,29754.90,0,
02_04_2026_11_40,29759.20,29768.40,29708.60,29739.10,0,
02_04_2026_11_45,29740.10,29762.50,29728.80,29751.20,0,
02_04_2026_11_50,29749.40,29774.30,29687.70,29710.20,0,
02_04_2026_11_55,29710.90,29749.20,29690.10,29721.80,0,
02_04_2026_12_00,29720.20,29733.40,29695.00,29705.60,0,
02_04_2026_12_05,29705.90,29709.90,29662.70,29677.20,0,
02_04_2026_12_10,29677.20,29705.40,29675.30,29702.60,0,
02_04_2026_12_15,29704.10,29704.70,29652.90,29657.20,0,
02_04_2026_12_20,29657.40,29712.90,29637.20,29709.00,0,
02_04_2026_12_25,29706.90,29765.40,29701.70,29764.30,0,
02_04_2026_12_30,29763.30,29772.80,29735.20,29765.90,0,
02_04_2026_12_35,29765.80,29817.80,29760.20,29782.80,0,
02_04_2026_12_40,29782.60,29799.90,29763.50,29795.60,0,
02_04_2026_12_45,29798.40,29811.60,29778.20,29794.70,0,
02_04_2026_12_50,29795.70,29808.80,29763.70,29773.30,0,
02_04_2026_12_55,29771.40,29823.80,29771.40,29806.20,0,
02_04_2026_13_00,29805.90,29887.40,29798.30,29858.70,0,
02_04_2026_13_05,29860.10,29883.80,29808.20,29881.80,0,
02_04_2026_13_10,29883.30,29959.20,29870.80,29957.60,0,
02_04_2026_13_15,29955.20,30020.20,29953.90,30008.10,0,
02_04_2026_13_20,30007.80,30124.40,29991.40,30120.90,0,
02_04_2026_13_25,30123.70,30186.10,30095.90,30177.20,0,
02_04_2026_13_30,30175.20,30196.90,30115.70,30191.20,0,
02_04_2026_13_35,30188.20,30276.30,30183.20,30260.10,0,
02_04_2026_13_40,30260.40,30322.90,30256.60,30305.30,0,
02_04_2026_13_45,30302.90,30308.30,30262.40,30293.90,0,
02_04_2026_13_50,30291.40,30356.80,30247.20,30258.30,0,
02_04_2026_13_55,30256.90,30285.40,30195.50,30266.90,0,
02_04_2026_14_00,30265.60,30288.20,30208.70,30287.00,0,
02_04_2026_14_05,30287.50,30327.70,30276.00,30313.90,0,
02_04_2026_14_10,30316.30,30404.50,30315.20,30403.10,0,
02_04_2026_14_15,30404.70,30411.20,30348.20,30381.40,0,
02_04_2026_14_20,30382.40,30446.50,30375.80,30441.20,0,
02_04_2026_14_25,30434.80,30511.10,30434.80,30477.30,0,
02_04_2026_14_30,30479.50,30558.60,30465.80,30517.80,0,
02_04_2026_14_35,30523.90,30528.60,30434.80,30478.60,0,
02_04_2026_14_40,30484.30,30488.80,30379.60,30397.10,0,
02_04_2026_14_45,30399.80,30445.40,30371.60,30391.90,0,
02_04_2026_14_50,30395.10,30454.30,30387.90,30443.60,0,
02_04_2026_14_55,30441.80,30492.20,30440.80,30446.60,0,
02_04_2026_15_00,30451.20,30490.80,30433.80,30459.10,0,
02_04_2026_15_05,30461.30,30494.20,30427.50,30457.60,0,
02_04_2026_15_10,30459.70,30497.60,30455.60,30497.60,0,
02_04_2026_15_15,30500.50,30505.60,30436.90,30444.20,0,
02_04_2026_15_20,30443.80,30443.80,30358.10,30374.90,0,
02_04_2026_15_25,30379.40,30397.80,30342.80,30364.70,0,
06_04_2026_09_15,30499.30,30749.20,30444.10,30677.70,0,
06_04_2026_09_20,30701.40,30821.30,30668.10,30786.20,0,
06_04_2026_09_25,30787.70,30793.80,30634.30,30680.80,0,
06_04_2026_09_30,30682.10,30712.90,30585.00,30623.70,0,
06_04_2026_09_35,30624.80,30693.40,30573.90,30587.30,0,
06_04_2026_09_40,30586.60,30609.10,30463.30,30561.80,0,
06_04_2026_09_45,30561.80,30567.40,30489.90,30494.50,0,
06_04_2026_09_50,30492.40,30550.20,30471.20,30521.50,0,
06_04_2026_09_55,30522.70,30575.90,30513.60,30571.20,0,
06_04_2026_10_00,30572.00,30598.70,30544.90,30572.20,0,
06_04_2026_10_05,30573.50,30658.10,30573.30,30634.70,0,
06_04_2026_10_10,30636.10,30675.10,30603.70,30647.20,0,
06_04_2026_10_15,30647.90,30680.50,30559.70,30586.10,0,
06_04_2026_10_20,30587.80,30608.90,30521.70,30552.30,0,
06_04_2026_10_25,30550.70,30593.10,30526.20,30586.60,0,
06_04_2026_10_30,30586.80,30586.80,30542.30,30567.80,0,
06_04_2026_10_35,30570.30,30578.20,30534.80,30578.20,0,
06_04_2026_10_40,30578.30,30601.90,30556.30,30594.10,0,
06_04_2026_10_45,30597.80,30630.30,30562.50,30629.60,0,
06_04_2026_10_50,30630.70,30643.10,30598.10,30616.80,0,
06_04_2026_10_55,30617.20,30661.60,30593.20,30659.20,0,
06_04_2026_11_00,30658.90,30659.90,30593.10,30593.30,0,
06_04_2026_11_05,30596.90,30614.80,30576.60,30607.40,0,
06_04_2026_11_10,30608.40,30608.40,30549.10,30549.80,0,
06_04_2026_11_15,30550.60,30615.60,30547.60,30606.70,0,
06_04_2026_11_20,30607.00,30612.80,30557.40,30588.10,0,
06_04_2026_11_25,30588.10,30589.20,30541.30,30585.20,0,
06_04_2026_11_30,30586.70,30590.30,30486.40,30539.10,0,
06_04_2026_11_35,30539.70,30589.40,30520.00,30556.20,0,
06_04_2026_11_40,30559.20,30592.20,30505.10,30567.90,0,
06_04_2026_11_45,30568.70,30616.10,30551.10,30586.80,0,
06_04_2026_11_50,30586.80,30611.70,30551.70,30574.90,0,
06_04_2026_11_55,30574.80,30623.70,30567.20,30592.10,0,
06_04_2026_12_00,30593.90,30603.50,30573.10,30589.60,0,
06_04_2026_12_05,30589.20,30635.50,30585.80,30607.00,0,
06_04_2026_12_10,30606.00,30626.80,30595.20,30614.90,0,
06_04_2026_12_15,30616.40,30625.40,30597.80,30605.90,0,
06_04_2026_12_20,30607.60,30719.60,30605.20,30670.60,0,
06_04_2026_12_25,30671.30,30710.20,30666.00,30686.10,0,
06_04_2026_12_30,30688.40,30688.40,30570.10,30591.80,0,
06_04_2026_12_35,30593.10,30626.60,30572.60,30584.60,0,
06_04_2026_12_40,30584.60,30608.70,30531.20,30567.20,0,
06_04_2026_12_45,30568.60,30650.90,30566.20,30647.60,0,
06_04_2026_12_50,30647.60,30675.20,30621.10,30667.60,0,
06_04_2026_12_55,30669.40,30703.70,30655.30,30697.20,0,
06_04_2026_13_00,30698.70,30706.20,30652.20,30685.20,0,
06_04_2026_13_05,30686.10,30712.70,30684.30,30698.80,0,
06_04_2026_13_10,30702.20,30746.80,30700.70,30724.80,0,
06_04_2026_13_15,30726.00,30749.10,30719.70,30722.30,0,
06_04_2026_13_20,30722.20,30759.40,30703.30,30714.20,0,
06_04_2026_13_25,30714.70,30719.30,30668.60,30674.60,0,
06_04_2026_13_30,30676.80,30729.20,30674.40,30698.20,0,
06_04_2026_13_35,30698.90,30715.10,30659.60,30664.10,0,
06_04_2026_13_40,30665.20,30703.40,30652.90,30681.80,0,
06_04_2026_13_45,30680.80,30690.70,30643.70,30653.40,0,
06_04_2026_13_50,30655.40,30696.40,30654.30,30691.90,0,
06_04_2026_13_55,30692.30,30697.60,30640.20,30644.90,0,
06_04_2026_14_00,30641.80,30677.30,30636.70,30661.90,0,
06_04_2026_14_05,30661.90,30661.90,30618.30,30622.80,0,
06_04_2026_14_10,30623.20,30664.60,30619.60,30633.30,0,
06_04_2026_14_15,30634.20,30663.70,30623.90,30629.90,0,
06_04_2026_14_20,30631.80,30655.10,30629.20,30645.10,0,
06_04_2026_14_25,30646.10,30648.80,30614.80,30623.50,0,
06_04_2026_14_30,30625.40,30652.50,30622.60,30630.90,0,
06_04_2026_14_35,30630.80,30643.10,30601.50,30607.10,0,
06_04_2026_14_40,30605.80,30639.00,30603.50,30616.60,0,
06_04_2026_14_45,30615.70,30630.40,30593.70,30624.30,0,
06_04_2026_14_50,30626.20,30628.70,30569.80,30596.60,0,
06_04_2026_14_55,30595.80,30639.80,30571.60,30619.50,0,
06_04_2026_15_00,30619.90,30677.40,30616.10,30648.50,0,
06_04_2026_15_05,30650.90,30656.50,30629.50,30641.40,0,
06_04_2026_15_10,30642.10,30660.60,30636.10,30652.20,0,
06_04_2026_15_15,30651.90,30652.70,30613.60,30617.80,0,
06_04_2026_15_20,30618.90,30637.70,30606.50,30624.30,0,
06_04_2026_15_25,30624.80,30662.60,30613.10,30626.70,0,
07_04_2026_09_15,30485.10,30618.10,30372.10,30561.20,0,
07_04_2026_09_20,30560.20,30762.30,30549.20,30724.70,0,
07_04_2026_09_25,30730.40,30857.90,30730.30,30846.30,0,
07_04_2026_09_30,30848.90,30945.90,30844.10,30881.30,0,
07_04_2026_09_35,30884.40,30887.40,30725.20,30726.10,0,
07_04_2026_09_40,30728.80,30751.20,30628.60,30658.90,0,
07_04_2026_09_45,30660.80,30813.80,30660.80,30786.80,0,
07_04_2026_09_50,30787.60,30900.30,30772.40,30863.90,0,
07_04_2026_09_55,30868.40,30997.70,30861.30,30989.60,0,
07_04_2026_10_00,30993.10,31046.80,30978.70,31040.20,0,
07_04_2026_10_05,31039.80,31071.10,31013.30,31018.40,0,
07_04_2026_10_10,31020.20,31040.90,30989.40,31035.10,0,
07_04_2026_10_15,31035.00,31069.20,31029.00,31066.20,0,
07_04_2026_10_20,31065.30,31107.30,31022.80,31082.30,0,
07_04_2026_10_25,31085.60,31092.80,31056.80,31072.60,0,
07_04_2026_10_30,31073.10,31083.10,31049.30,31060.90,0,
07_04_2026_10_35,31058.90,31068.40,31005.20,31067.90,0,
07_04_2026_10_40,31069.10,31158.80,31065.40,31152.90,0,
07_04_2026_10_45,31156.80,31197.40,31155.10,31171.20,0,
07_04_2026_10_50,31172.60,31184.20,31107.50,31134.10,0,
07_04_2026_10_55,31133.60,31187.30,31094.10,31107.70,0,
07_04_2026_11_00,31111.60,31140.80,31090.70,31123.90,0,
07_04_2026_11_05,31127.20,31229.40,31116.70,31182.60,0,
07_04_2026_11_10,31182.40,31223.70,31165.70,31204.20,0,
07_04_2026_11_15,31205.50,31311.20,31193.30,31303.20,0,
07_04_2026_11_20,31306.70,31344.90,31255.10,31301.30,0,
07_04_2026_11_25,31304.80,31342.20,31275.30,31330.90,0,
07_04_2026_11_30,31333.80,31373.30,31317.00,31371.80,0,
07_04_2026_11_35,31374.60,31397.60,31347.80,31348.20,0,
07_04_2026_11_40,31347.10,31385.20,31309.80,31357.20,0,
07_04_2026_11_45,31356.50,31358.20,31286.00,31330.40,0,
07_04_2026_11_50,31332.10,31361.80,31324.30,31354.20,0,
07_04_2026_11_55,31356.20,31426.20,31354.70,31388.60,0,
07_04_2026_12_00,31390.60,31396.10,31322.70,31336.90,0,
07_04_2026_12_05,31336.90,31361.40,31308.60,31353.70,0,
07_04_2026_12_10,31354.50,31361.80,31311.50,31346.70,0,
07_04_2026_12_15,31347.50,31357.10,31311.60,31318.70,0,
07_04_2026_12_20,31320.00,31323.70,31256.60,31277.50,0,
07_04_2026_12_25,31281.10,31283.60,31255.80,31268.20,0,
07_04_2026_12_30,31269.60,31292.20,31266.30,31284.80,0,
07_04_2026_12_35,31284.60,31311.70,31281.50,31311.70,0,
07_04_2026_12_40,31316.90,31328.90,31276.00,31277.20,0,
07_04_2026_12_45,31278.00,31278.00,31250.60,31250.90,0,
07_04_2026_12_50,31254.00,31281.60,31245.70,31279.20,0,
07_04_2026_12_55,31280.40,31283.20,31238.70,31242.80,0,
07_04_2026_13_00,31241.30,31298.70,31228.20,31296.10,0,
07_04_2026_13_05,31297.30,31297.80,31257.90,31264.50,0,
07_04_2026_13_10,31266.40,31336.00,31264.80,31312.80,0,
07_04_2026_13_15,31319.60,31350.80,31316.10,31342.20,0,
07_04_2026_13_20,31342.70,31344.30,31311.90,31320.30,0,
07_04_2026_13_25,31319.30,31323.80,31293.30,31314.20,0,
07_04_2026_13_30,31315.00,31389.10,31314.00,31352.20,0,
07_04_2026_13_35,31353.40,31365.70,31329.70,31352.90,0,
07_04_2026_13_40,31351.80,31385.20,31337.90,31360.10,0,
07_04_2026_13_45,31359.60,31384.40,31336.00,31340.00,0,
07_04_2026_13_50,31340.30,31357.70,31306.80,31343.60,0,
07_04_2026_13_55,31342.90,31343.90,31273.80,31290.10,0,
07_04_2026_14_00,31287.60,31328.10,31279.70,31316.30,0,
07_04_2026_14_05,31319.00,31328.90,31286.10,31308.40,0,
07_04_2026_14_10,31308.30,31316.30,31278.20,31300.10,0,
07_04_2026_14_15,31298.90,31315.20,31262.90,31269.20,0,
07_04_2026_14_20,31268.90,31287.80,31255.50,31287.40,0,
07_04_2026_14_25,31283.90,31313.00,31281.60,31293.10,0,
07_04_2026_14_30,31294.40,31338.20,31288.60,31316.70,0,
07_04_2026_14_35,31319.80,31321.90,31261.30,31282.90,0,
07_04_2026_14_40,31283.80,31332.60,31280.60,31318.10,0,
07_04_2026_14_45,31317.50,31336.70,31306.80,31325.50,0,
07_04_2026_14_50,31325.80,31343.60,31323.10,31339.80,0,
07_04_2026_14_55,31341.60,31392.40,31341.60,31377.70,0,
07_04_2026_15_00,31377.20,31395.20,31335.80,31384.90,0,
07_04_2026_15_05,31389.80,31416.00,31368.60,31410.40,0,
07_04_2026_15_10,31412.50,31440.10,31404.20,31419.80,0,
07_04_2026_15_15,31419.40,31429.10,31390.00,31412.00,0,
07_04_2026_15_20,31411.50,31443.10,31392.30,31403.40,0,
07_04_2026_15_25,31401.40,31431.20,31379.40,31416.20,0,
08_04_2026_09_15,31831.40,31946.80,31587.20,31639.70,0,
08_04_2026_09_20,31625.30,31670.60,31501.70,31512.80,0,
08_04_2026_09_25,31511.40,31522.90,31359.20,31401.70,0,
08_04_2026_09_30,31393.30,31457.00,31346.30,31352.80,0,
08_04_2026_09_35,31355.20,31419.50,31352.80,31376.30,0,
08_04_2026_09_40,31373.90,31458.20,31321.70,31435.20,0,
08_04_2026_09_45,31436.70,31521.70,31416.20,31450.80,0,
08_04_2026_09_50,31452.30,31498.40,31364.70,31378.60,0,
08_04_2026_09_55,31376.70,31459.80,31369.10,31437.80,0,
08_04_2026_10_00,31434.90,31463.80,31399.10,31400.90,0,
08_04_2026_10_05,31400.90,31436.40,31383.70,31389.30,0,
08_04_2026_10_10,31389.00,31390.10,31321.50,31351.60,0,
08_04_2026_10_15,31351.90,31358.60,31297.30,31329.40,0,
08_04_2026_10_20,31331.40,31346.50,31295.90,31307.90,0,
08_04_2026_10_25,31305.70,31306.80,31272.80,31287.40,0,
08_04_2026_10_30,31285.90,31322.90,31276.90,31317.30,0,
08_04_2026_10_35,31318.90,31404.30,31312.10,31394.30,0,
08_04_2026_10_40,31392.70,31460.60,31378.60,31460.20,0,
08_04_2026_10_45,31458.90,31493.80,31402.00,31439.80,0,
08_04_2026_10_50,31440.30,31453.40,31394.20,31449.90,0,
08_04_2026_10_55,31441.10,31465.30,31411.60,31465.20,0,
08_04_2026_11_00,31464.20,31471.30,31429.60,31449.90,0,
08_04_2026_11_05,31449.80,31482.60,31445.20,31445.90,0,
08_04_2026_11_10,31449.40,31456.20,31401.10,31422.30,0,
08_04_2026_11_15,31425.60,31460.60,31425.10,31448.60,0,
08_04_2026_11_20,31448.50,31480.90,31441.00,31466.20,0,
08_04_2026_11_25,31465.60,31466.20,31423.70,31446.60,0,
08_04_2026_11_30,31445.70,31445.70,31408.80,31423.80,0,
08_04_2026_11_35,31422.80,31482.80,31422.80,31471.40,0,
08_04_2026_11_40,31471.20,31489.70,31449.90,31484.60,0,
08_04_2026_11_45,31486.30,31564.80,31485.70,31500.90,0,
08_04_2026_11_50,31500.60,31500.60,31415.50,31434.70,0,
08_04_2026_11_55,31434.70,31457.80,31412.30,31436.10,0,
08_04_2026_12_00,31437.60,31484.30,31427.10,31481.40,0,
08_04_2026_12_05,31483.10,31510.90,31480.40,31499.20,0,
08_04_2026_12_10,31499.10,31503.80,31471.40,31493.90,0,
08_04_2026_12_15,31494.10,31543.50,31488.50,31541.10,0,
08_04_2026_12_20,31541.30,31546.40,31519.40,31521.80,0,
08_04_2026_12_25,31523.10,31546.80,31509.60,31526.90,0,
08_04_2026_12_30,31528.80,31535.40,31459.30,31471.30,0,
08_04_2026_12_35,31467.40,31493.10,31465.80,31473.60,0,
08_04_2026_12_40,31472.20,31501.90,31454.70,31498.40,0,
08_04_2026_12_45,31497.70,31501.10,31475.90,31482.10,0,
08_04_2026_12_50,31483.10,31494.80,31464.90,31473.60,0,
08_04_2026_12_55,31474.80,31498.50,31464.70,31483.60,0,
08_04_2026_13_00,31483.80,31503.40,31478.70,31491.80,0,
08_04_2026_13_05,31492.40,31497.80,31453.50,31481.70,0,
08_04_2026_13_10,31481.30,31526.20,31479.90,31508.50,0,
08_04_2026_13_15,31509.00,31536.20,31489.00,31507.10,0,
08_04_2026_13_20,31507.70,31512.20,31495.80,31506.20,0,
08_04_2026_13_25,31506.70,31540.70,31494.20,31498.80,0,
08_04_2026_13_30,31496.20,31506.80,31472.80,31485.30,0,
08_04_2026_13_35,31486.70,31601.90,31485.20,31563.70,0,
08_04_2026_13_40,31563.30,31568.10,31485.60,31486.10,0,
08_04_2026_13_45,31488.20,31531.30,31480.10,31531.30,0,
08_04_2026_13_50,31531.80,31544.70,31486.70,31498.80,0,
08_04_2026_13_55,31499.40,31537.30,31499.40,31524.80,0,
08_04_2026_14_00,31523.30,31525.20,31497.80,31505.60,0,
08_04_2026_14_05,31505.80,31506.40,31458.30,31476.50,0,
08_04_2026_14_10,31479.20,31496.80,31459.90,31463.40,0,
08_04_2026_14_15,31465.40,31500.40,31462.20,31490.10,0,
08_04_2026_14_20,31484.30,31516.40,31476.10,31496.90,0,
08_04_2026_14_25,31496.30,31538.70,31493.80,31514.40,0,
08_04_2026_14_30,31512.20,31549.00,31502.30,31517.70,0,
08_04_2026_14_35,31517.70,31538.30,31492.30,31509.40,0,
08_04_2026_14_40,31508.20,31536.50,31498.40,31525.10,0,
08_04_2026_14_45,31526.60,31533.20,31490.30,31513.40,0,
08_04_2026_14_50,31513.20,31529.70,31492.80,31520.20,0,
08_04_2026_14_55,31521.40,31577.40,31520.20,31561.50,0,
08_04_2026_15_00,31562.80,31577.20,31491.00,31565.00,0,
08_04_2026_15_05,31566.30,31576.40,31557.10,31563.20,0,
08_04_2026_15_10,31563.00,31597.70,31563.00,31581.70,0,
08_04_2026_15_15,31582.20,31582.20,31531.30,31554.70,0,
08_04_2026_15_20,31557.30,31578.90,31547.80,31577.20,0,
08_04_2026_15_25,31576.30,31579.60,31533.10,31569.40,0,
09_04_2026_09_15,31413.20,31456.80,31105.80,31274.10,0,
09_04_2026_09_20,31274.90,31400.60,31258.60,31394.60,0,
09_04_2026_09_25,31395.70,31486.80,31395.70,31451.60,0,
09_04_2026_09_30,31447.10,31453.80,31322.70,31325.10,0,
09_04_2026_09_35,31324.10,31369.20,31250.40,31278.20,0,
09_04_2026_09_40,31280.20,31282.20,31162.40,31162.40,0,
09_04_2026_09_45,31161.90,31212.10,31109.10,31197.60,0,
09_04_2026_09_50,31199.70,31248.40,31188.70,31245.30,0,
09_04_2026_09_55,31250.80,31257.90,31139.90,31154.10,0,
09_04_2026_10_00,31154.20,31199.70,31133.40,31168.90,0,
09_04_2026_10_05,31168.70,31201.10,31123.20,31159.70,0,
09_04_2026_10_10,31159.70,31218.10,31158.70,31200.80,0,
09_04_2026_10_15,31199.00,31249.40,31144.20,31241.80,0,
09_04_2026_10_20,31240.90,31274.80,31197.20,31225.40,0,
09_04_2026_10_25,31222.90,31234.30,31162.70,31217.90,0,
09_04_2026_10_30,31217.70,31239.90,31202.90,31231.20,0,
09_04_2026_10_35,31229.80,31258.90,31201.70,31241.50,0,
09_04_2026_10_40,31240.20,31256.30,31219.80,31233.60,0,
09_04_2026_10_45,31234.70,31266.80,31229.80,31258.70,0,
09_04_2026_10_50,31257.60,31262.50,31222.60,31236.80,0,
09_04_2026_10_55,31236.80,31284.30,31231.90,31275.00,0,
09_04_2026_11_00,31277.60,31299.20,31260.80,31291.90,0,
09_04_2026_11_05,31293.20,31339.40,31265.40,31311.80,0,
09_04_2026_11_10,31313.20,31336.20,31290.10,31314.60,0,
09_04_2026_11_15,31315.30,31341.60,31234.10,31242.10,0,
09_04_2026_11_20,31243.90,31280.70,31221.60,31269.80,0,
09_04_2026_11_25,31270.00,31353.90,31267.70,31350.40,0,
09_04_2026_11_30,31350.40,31416.40,31346.80,31407.90,0,
09_04_2026_11_35,31407.70,31423.00,31384.10,31423.00,0,
09_04_2026_11_40,31423.30,31445.50,31401.80,31423.40,0,
09_04_2026_11_45,31423.40,31532.20,31415.70,31530.70,0,
09_04_2026_11_50,31529.70,31531.20,31454.70,31498.20,0,
09_04_2026_11_55,31500.30,31526.60,31483.80,31510.90,0,
09_04_2026_12_00,31509.80,31551.60,31484.80,31485.10,0,
09_04_2026_12_05,31484.20,31537.80,31463.50,31533.90,0,
09_04_2026_12_10,31534.10,31534.10,31489.40,31492.20,0,
09_04_2026_12_15,31492.90,31507.60,31481.80,31487.70,0,
09_04_2026_12_20,31485.20,31523.00,31477.10,31486.20,0,
09_04_2026_12_25,31487.90,31538.30,31469.20,31520.20,0,
09_04_2026_12_30,31519.10,31541.70,31492.70,31531.60,0,
09_04_2026_12_35,31531.40,31562.30,31531.40,31545.90,0,
09_04_2026_12_40,31545.90,31558.30,31541.40,31553.10,0,
09_04_2026_12_45,31552.40,31555.20,31496.20,31514.70,0,
09_04_2026_12_50,31512.20,31612.00,31502.70,31591.50,0,
09_04_2026_12_55,31587.90,31643.20,31587.20,31627.10,0,
09_04_2026_13_00,31627.80,31649.20,31595.90,31632.30,0,
09_04_2026_13_05,31630.80,31633.20,31597.40,31622.80,0,
09_04_2026_13_10,31623.00,31654.60,31605.80,31653.20,0,
09_04_2026_13_15,31653.50,31659.20,31613.30,31620.20,0,
09_04_2026_13_20,31623.70,31626.00,31545.50,31546.70,0,
09_04_2026_13_25,31546.10,31565.70,31525.40,31542.30,0,
09_04_2026_13_30,31543.30,31587.10,31538.20,31575.80,0,
09_04_2026_13_35,31575.90,31600.40,31571.60,31575.70,0,
09_04_2026_13_40,31575.20,31577.10,31530.10,31555.10,0,
09_04_2026_13_45,31554.70,31579.20,31533.10,31554.60,0,
09_04_2026_13_50,31555.40,31597.00,31544.70,31567.20,0,
09_04_2026_13_55,31565.90,31581.70,31545.40,31558.40,0,
09_04_2026_14_00,31557.70,31564.20,31537.30,31551.30,0,
09_04_2026_14_05,31549.40,31556.30,31527.60,31540.90,0,
09_04_2026_14_10,31540.10,31566.70,31519.40,31544.10,0,
09_04_2026_14_15,31544.80,31565.00,31539.20,31543.40,0,
09_04_2026_14_20,31541.40,31564.20,31502.70,31512.40,0,
09_04_2026_14_25,31511.80,31514.00,31483.90,31499.40,0,
09_04_2026_14_30,31499.40,31521.10,31457.30,31495.80,0,
09_04_2026_14_35,31495.80,31539.60,31489.20,31522.30,0,
09_04_2026_14_40,31522.00,31591.90,31512.20,31566.90,0,
09_04_2026_14_45,31567.80,31597.30,31565.70,31583.70,0,
09_04_2026_14_50,31584.50,31612.10,31546.80,31600.90,0,
09_04_2026_14_55,31600.70,31616.60,31584.20,31590.30,0,
09_04_2026_15_00,31590.90,31682.90,31583.20,31616.70,0,
09_04_2026_15_05,31609.80,31718.00,31581.00,31684.90,0,
09_04_2026_15_10,31683.90,31686.40,31647.50,31659.20,0,
09_04_2026_15_15,31662.60,31667.10,31593.30,31597.20,0,
09_04_2026_15_20,31600.20,31653.40,31578.50,31649.60,0,
09_04_2026_15_25,31652.60,31660.20,31600.30,31636.20,0,
10_04_2026_09_15,31514.10,31544.70,31051.20,31172.00,0,
10_04_2026_09_20,31170.20,31190.60,31101.80,31107.60,0,
10_04_2026_09_25,31105.70,31198.80,31056.40,31142.90,0,
10_04_2026_09_30,31147.70,31152.70,31056.90,31083.60,0,
10_04_2026_09_35,31083.10,31092.50,30926.50,30947.80,0,
10_04_2026_09_40,30948.20,30953.20,30793.20,30812.20,0,
10_04_2026_09_45,30813.40,30864.70,30721.40,30836.40,0,
10_04_2026_09_50,30834.80,30904.90,30826.20,30897.30,0,
10_04_2026_09_55,30898.70,30975.90,30894.50,30955.70,0,
10_04_2026_10_00,30953.40,30958.80,30851.90,30864.70,0,
10_04_2026_10_05,30868.40,30870.40,30804.40,30827.40,0,
10_04_2026_10_10,30826.40,30863.30,30811.10,30851.90,0,
10_04_2026_10_15,30852.70,30877.40,30820.40,30828.40,0,
10_04_2026_10_20,30829.10,30889.80,30821.20,30887.60,0,
10_04_2026_10_25,30885.80,30890.30,30825.20,30870.30,0,
10_04_2026_10_30,30868.70,30885.00,30827.00,30852.80,0,
10_04_2026_10_35,30853.80,30855.40,30816.00,30844.90,0,
10_04_2026_10_40,30846.30,30850.80,30819.90,30819.90,0,
10_04_2026_10_45,30819.90,30821.80,30788.80,30792.90,0,
10_04_2026_10_50,30793.00,30813.30,30783.80,30798.80,0,
10_04_2026_10_55,30798.30,30805.10,30760.20,30766.20,0,
10_04_2026_11_00,30768.90,30769.20,30735.40,30753.10,0,
10_04_2026_11_05,30754.20,30754.20,30724.70,30737.90,0,
10_04_2026_11_10,30739.80,30780.80,30727.30,30759.40,0,
10_04_2026_11_15,30760.60,30761.30,30708.80,30716.80,0,
10_04_2026_11_20,30717.30,30726.70,30704.30,30705.20,0,
10_04_2026_11_25,30705.90,30729.30,30702.60,30714.50,0,
10_04_2026_11_30,30716.30,30741.40,30701.60,30735.40,0,
10_04_2026_11_35,30735.60,30740.60,30681.60,30684.70,0,
10_04_2026_11_40,30685.90,30712.20,30684.60,30702.70,0,
10_04_2026_11_45,30702.20,30724.80,30692.80,30709.20,0,
10_04_2026_11_50,30708.90,30725.20,30687.30,30695.40,0,
10_04_2026_11_55,30695.80,30709.70,30689.70,30699.10,0,
10_04_2026_12_00,30698.70,30718.80,30680.80,30710.30,0,
10_04_2026_12_05,30710.60,30728.80,30708.10,30720.80,0,
10_04_2026_12_10,30723.80,30775.90,30720.10,30774.20,0,
10_04_2026_12_15,30773.20,30782.20,30753.50,30772.20,0,
10_04_2026_12_20,30769.80,30770.60,30737.90,30764.10,0,
10_04_2026_12_25,30767.40,30790.10,30742.80,30745.20,0,
10_04_2026_12_30,30745.20,30764.60,30730.80,30751.80,0,
10_04_2026_12_35,30751.70,30832.20,30751.60,30827.90,0,
10_04_2026_12_40,30830.50,30856.80,30825.90,30850.00,0,
10_04_2026_12_45,30853.20,30946.40,30850.20,30921.40,0,
10_04_2026_12_50,30920.90,30927.70,30885.10,30908.00,0,
10_04_2026_12_55,30910.20,30959.40,30901.70,30939.10,0,
10_04_2026_13_00,30939.40,30966.80,30916.40,30929.60,0,
10_04_2026_13_05,30930.40,30956.10,30918.90,30951.80,0,
10_04_2026_13_10,30951.80,30951.80,30919.30,30942.70,0,
10_04_2026_13_15,30943.90,31002.30,30938.80,30963.90,0,
10_04_2026_13_20,30965.30,30996.80,30960.10,30984.80,0,
10_04_2026_13_25,30986.20,30996.80,30976.90,30987.40,0,
10_04_2026_13_30,30987.10,31047.80,30985.30,31030.70,0,
10_04_2026_13_35,31030.70,31032.20,30987.50,30994.40,0,
10_04_2026_13_40,30994.70,31049.30,30989.30,31030.20,0,
10_04_2026_13_45,31029.80,31044.20,31007.20,31009.80,0,
10_04_2026_13_50,31009.20,31020.20,30983.10,31001.90,0,
10_04_2026_13_55,31006.40,31007.00,30971.00,30996.40,0,
10_04_2026_14_00,30998.20,31003.20,30914.30,30923.20,0,
10_04_2026_14_05,30925.30,30944.10,30923.90,30933.30,0,
10_04_2026_14_10,30936.80,30965.20,30908.20,30943.50,0,
10_04_2026_14_15,30944.40,30954.30,30873.60,30941.30,0,
10_04_2026_14_20,30940.50,30945.70,30897.20,30900.80,0,
10_04_2026_14_25,30900.20,30912.50,30883.60,30902.80,0,
10_04_2026_14_30,30904.00,30918.60,30889.60,30892.40,0,
10_04_2026_14_35,30893.00,30925.30,30885.90,30912.70,0,
10_04_2026_14_40,30914.40,30979.60,30913.30,30975.10,0,
10_04_2026_14_45,30973.00,30998.20,30947.10,30984.30,0,
10_04_2026_14_50,30987.20,31005.00,30979.70,30989.90,0,
10_04_2026_14_55,30987.20,30997.20,30974.10,30974.20,0,
10_04_2026_15_00,30977.90,31028.40,30977.90,31020.70,0,
10_04_2026_15_05,31024.60,31059.30,31024.60,31038.10,0,
10_04_2026_15_10,31040.90,31055.80,31031.60,31038.90,0,
10_04_2026_15_15,31041.20,31049.80,31022.40,31039.30,0,
10_04_2026_15_20,31039.70,31049.30,31013.90,31021.40,0,
10_04_2026_15_25,31020.20,31029.60,30998.60,31009.60,0,
13_04_2026_09_15,30640.60,30821.40,30562.80,30579.70,0,
13_04_2026_09_20,30580.90,30628.60,30503.20,30566.80,0,
13_04_2026_09_25,30570.90,30590.50,30514.60,30527.20,0,
13_04_2026_09_30,30530.80,30530.80,30472.60,30490.70,0,
13_04_2026_09_35,30490.90,30492.40,30402.20,30457.30,0,
13_04_2026_09_40,30460.00,30569.80,30447.10,30507.90,0,
13_04_2026_09_45,30507.10,30522.60,30487.90,30508.00,0,
13_04_2026_09_50,30508.70,30581.90,30508.20,30544.10,0,
13_04_2026_09_55,30546.70,30590.90,30546.20,30579.80,0,
13_04_2026_10_00,30578.30,30618.60,30542.80,30595.70,0,
13_04_2026_10_05,30595.20,30629.90,30583.70,30628.10,0,
13_04_2026_10_10,30628.50,30652.90,30568.70,30578.80,0,
13_04_2026_10_15,30578.20,30594.50,30543.30,30593.60,0,
13_04_2026_10_20,30590.70,30656.70,30590.70,30622.30,0,
13_04_2026_10_25,30623.20,30654.40,30614.80,30627.40,0,
13_04_2026_10_30,30626.10,30636.30,30595.80,30598.60,0,
13_04_2026_10_35,30597.20,30632.70,30583.20,30624.40,0,
13_04_2026_10_40,30625.80,30675.50,30621.80,30644.80,0,
13_04_2026_10_45,30644.80,30679.20,30642.50,30664.10,0,
13_04_2026_10_50,30664.10,30683.40,30650.90,30660.80,0,
13_04_2026_10_55,30660.10,30706.90,30660.10,30685.30,0,
13_04_2026_11_00,30685.90,30698.70,30671.70,30686.80,0,
13_04_2026_11_05,30686.30,30707.20,30675.30,30697.20,0,
13_04_2026_11_10,30695.90,30710.20,30670.00,30671.60,0,
13_04_2026_11_15,30674.40,30675.20,30651.80,30655.80,0,
13_04_2026_11_20,30655.10,30719.20,30624.60,30682.10,0,
13_04_2026_11_25,30684.60,30702.60,30673.40,30690.10,0,
13_04_2026_11_30,30688.40,30689.60,30647.80,30649.20,0,
13_04_2026_11_35,30649.20,30674.20,30645.30,30660.20,0,
13_04_2026_11_40,30657.60,30663.40,30620.00,30638.30,0,
13_04_2026_11_45,30640.10,30658.30,30629.40,30657.20,0,
13_04_2026_11_50,30663.70,30691.60,30645.80,30671.70,0,
13_04_2026_11_55,30671.80,30681.40,30621.40,30623.30,0,
13_04_2026_12_00,30623.30,30630.20,30613.60,30628.70,0,
13_04_2026_12_05,30627.90,30645.80,30619.30,30624.00,0,
13_04_2026_12_10,30621.80,30638.20,30613.10,30637.10,0,
13_04_2026_12_15,30634.80,30647.90,30626.20,30643.10,0,
13_04_2026_12_20,30639.60,30647.20,30625.30,30640.90,0,
13_04_2026_12_25,30638.80,30659.10,30638.80,30651.80,0,
13_04_2026_12_30,30652.40,30658.80,30625.90,30631.30,0,
13_04_2026_12_35,30632.20,30643.00,30620.40,30634.40,0,
13_04_2026_12_40,30634.60,30649.90,30626.10,30645.40,0,
13_04_2026_12_45,30647.70,30648.40,30612.80,30640.40,0,
13_04_2026_12_50,30643.90,30678.80,30633.70,30633.70,0,
13_04_2026_12_55,30636.20,30642.70,30593.70,30627.50,0,
13_04_2026_13_00,30628.80,30630.60,30599.90,30604.30,0,
13_04_2026_13_05,30603.20,30651.30,30601.30,30647.80,0,
13_04_2026_13_10,30645.20,30654.40,30632.50,30639.40,0,
13_04_2026_13_15,30639.40,30655.30,30627.90,30638.80,0,
13_04_2026_13_20,30639.60,30649.60,30626.80,30645.10,0,
13_04_2026_13_25,30643.30,30657.20,30638.20,30645.60,0,
13_04_2026_13_30,30645.10,30668.60,30645.10,30651.10,0,
13_04_2026_13_35,30650.10,30662.20,30637.30,30649.30,0,
13_04_2026_13_40,30649.30,30655.40,30636.00,30639.80,0,
13_04_2026_13_45,30639.80,30652.70,30636.60,30643.80,0,
13_04_2026_13_50,30648.70,30694.70,30642.80,30693.30,0,
13_04_2026_13_55,30694.80,30722.90,30691.60,30716.50,0,
13_04_2026_14_00,30717.80,30717.80,30700.20,30709.90,0,
13_04_2026_14_05,30710.00,30714.90,30644.60,30647.10,0,
13_04_2026_14_10,30645.00,30646.40,30619.20,30629.60,0,
13_04_2026_14_15,30630.20,30652.70,30616.50,30635.90,0,
13_04_2026_14_20,30636.20,30652.10,30621.90,30634.40,0,
13_04_2026_14_25,30635.70,30664.90,30630.10,30633.90,0,
13_04_2026_14_30,30632.10,30689.20,30631.20,30663.50,0,
13_04_2026_14_35,30665.40,30686.80,30659.70,30660.40,0,
13_04_2026_14_40,30660.20,30672.10,30642.40,30652.00,0,
13_04_2026_14_45,30650.80,30703.20,30640.20,30701.10,0,
13_04_2026_14_50,30700.20,30705.30,30670.90,30681.50,0,
13_04_2026_14_55,30680.20,30708.90,30680.20,30694.90,0,
13_04_2026_15_00,30695.40,30708.00,30618.00,30647.30,0,
13_04_2026_15_05,30647.70,30696.90,30641.10,30669.20,0,
13_04_2026_15_10,30663.60,30688.90,30646.80,30672.60,0,
13_04_2026_15_15,30677.10,30684.20,30663.60,30667.60,0,
13_04_2026_15_20,30665.50,30674.40,30651.30,30672.30,0,
13_04_2026_15_25,30672.60,30685.30,30656.40,30661.20,0,
15_04_2026_09_15,31157.40,31489.60,31111.50,31482.20,0,
15_04_2026_09_20,31481.50,31661.20,31480.80,31606.10,0,
15_04_2026_09_25,31607.40,31639.30,31521.00,31543.90,0,
15_04_2026_09_30,31552.70,31555.50,31374.70,31377.10,0,
15_04_2026_09_35,31378.20,31388.30,31314.30,31364.50,0,
15_04_2026_09_40,31365.70,31465.40,31353.40,31448.80,0,
15_04_2026_09_45,31451.30,31485.80,31440.20,31455.00,0,
15_04_2026_09_50,31453.30,31474.80,31421.60,31439.80,0,
15_04_2026_09_55,31438.30,31462.70,31392.50,31413.20,0,
15_04_2026_10_00,31414.60,31452.00,31377.80,31437.00,0,
15_04_2026_10_05,31437.20,31448.20,31418.20,31436.20,0,
15_04_2026_10_10,31437.50,31472.70,31420.90,31453.40,0,
15_04_2026_10_15,31453.90,31484.50,31452.30,31474.10,0,
15_04_2026_10_20,31474.30,31475.60,31378.80,31425.20,0,
15_04_2026_10_25,31428.20,31438.20,31370.90,31372.60,0,
15_04_2026_10_30,31372.50,31403.30,31372.50,31386.90,0,
15_04_2026_10_35,31386.90,31389.00,31326.40,31344.00,0,
15_04_2026_10_40,31344.00,31354.20,31331.90,31337.60,0,
15_04_2026_10_45,31338.10,31352.20,31317.80,31318.70,0,
15_04_2026_10_50,31318.40,31324.10,31259.80,31285.60,0,
15_04_2026_10_55,31288.80,31320.10,31286.30,31318.80,0,
15_04_2026_11_00,31317.60,31344.00,31303.20,31322.20,0,
15_04_2026_11_05,31321.90,31324.20,31302.10,31320.40,0,
15_04_2026_11_10,31320.90,31373.00,31320.20,31346.80,0,
15_04_2026_11_15,31346.30,31375.30,31337.40,31350.90,0,
15_04_2026_11_20,31351.40,31366.20,31343.80,31364.40,0,
15_04_2026_11_25,31364.30,31368.90,31350.10,31365.70,0,
15_04_2026_11_30,31365.70,31373.10,31329.10,31329.10,0,
15_04_2026_11_35,31329.90,31382.70,31327.80,31382.70,0,
15_04_2026_11_40,31381.50,31416.30,31369.20,31415.30,0,
15_04_2026_11_45,31416.10,31424.90,31396.60,31424.20,0,
15_04_2026_11_50,31424.40,31435.10,31395.90,31411.00,0,
15_04_2026_11_55,31409.80,31424.60,31395.30,31417.20,0,
15_04_2026_12_00,31418.40,31419.60,31388.40,31408.20,0,
15_04_2026_12_05,31407.30,31429.10,31401.70,31426.70,0,
15_04_2026_12_10,31427.10,31435.00,31418.10,31427.10,0,
15_04_2026_12_15,31427.70,31429.80,31405.60,31416.70,0,
15_04_2026_12_20,31416.80,31434.20,31405.30,31433.20,0,
15_04_2026_12_25,31433.20,31457.20,31428.50,31430.50,0,
15_04_2026_12_30,31430.50,31448.90,31420.00,31444.80,0,
15_04_2026_12_35,31446.10,31505.40,31446.10,31492.80,0,
15_04_2026_12_40,31493.20,31500.30,31455.80,31495.90,0,
15_04_2026_12_45,31496.10,31503.80,31466.40,31483.80,0,
15_04_2026_12_50,31481.90,31492.80,31469.20,31472.80,0,
15_04_2026_12_55,31472.80,31476.40,31402.80,31403.60,0,
15_04_2026_13_00,31403.60,31448.90,31385.30,31411.30,0,
15_04_2026_13_05,31410.40,31432.20,31406.30,31432.20,0,
15_04_2026_13_10,31431.70,31436.90,31416.20,31419.80,0,
15_04_2026_13_15,31419.60,31453.30,31416.30,31448.80,0,
15_04_2026_13_20,31447.20,31454.10,31384.50,31415.90,0,
15_04_2026_13_25,31414.10,31417.40,31396.30,31406.30,0,
15_04_2026_13_30,31406.60,31435.80,31400.70,31423.90,0,
15_04_2026_13_35,31423.90,31434.80,31407.70,31411.90,0,
15_04_2026_13_40,31412.60,31470.50,31408.70,31467.30,0,
15_04_2026_13_45,31467.30,31480.80,31440.10,31452.30,0,
15_04_2026_13_50,31453.90,31469.70,31438.20,31441.20,0,
15_04_2026_13_55,31440.70,31474.20,31437.00,31471.90,0,
15_04_2026_14_00,31472.70,31485.40,31457.10,31474.80,0,
15_04_2026_14_05,31476.20,31497.30,31476.20,31491.60,0,
15_04_2026_14_10,31492.80,31520.10,31491.40,31496.70,0,
15_04_2026_14_15,31497.30,31512.40,31474.30,31480.50,0,
15_04_2026_14_20,31480.20,31523.30,31474.80,31491.60,0,
15_04_2026_14_25,31490.20,31528.20,31487.90,31521.40,0,
15_04_2026_14_30,31522.00,31531.40,31513.90,31528.20,0,
15_04_2026_14_35,31526.80,31533.30,31497.40,31503.30,0,
15_04_2026_14_40,31500.40,31530.60,31499.80,31526.80,0,
15_04_2026_14_45,31526.20,31535.20,31523.70,31533.20,0,
15_04_2026_14_50,31531.50,31542.40,31523.40,31534.60,0,
15_04_2026_14_55,31534.80,31555.90,31518.30,31544.80,0,
15_04_2026_15_00,31546.10,31553.30,31513.80,31552.80,0,
15_04_2026_15_05,31553.40,31573.60,31521.30,31549.10,0,
15_04_2026_15_10,31550.70,31551.20,31527.10,31538.90,0,
15_04_2026_15_15,31541.90,31550.60,31529.20,31535.80,0,
15_04_2026_15_20,31535.60,31562.20,31526.80,31557.30,0,
15_04_2026_15_25,31557.50,31558.80,31522.90,31526.60,0,
16_04_2026_09_15,31798.20,31922.50,31692.60,31904.70,0,
16_04_2026_09_20,31908.20,32109.80,31899.40,32091.60,0,
16_04_2026_09_25,32091.80,32134.20,31978.80,31984.10,0,
16_04_2026_09_30,31981.80,32035.80,31845.30,31896.10,0,
16_04_2026_09_35,31895.30,31952.20,31864.20,31884.70,0,
16_04_2026_09_40,31887.70,31889.50,31822.50,31883.30,0,
16_04_2026_09_45,31885.60,31887.20,31814.40,31819.20,0,
16_04_2026_09_50,31819.20,31872.90,31796.10,31860.80,0,
16_04_2026_09_55,31861.90,31861.90,31780.80,31808.10,0,
16_04_2026_10_00,31807.80,31823.80,31755.40,31809.50,0,
16_04_2026_10_05,31806.70,31826.30,31764.30,31782.90,0,
16_04_2026_10_10,31781.20,31820.30,31689.80,31733.80,0,
16_04_2026_10_15,31730.20,31820.40,31714.20,31763.80,0,
16_04_2026_10_20,31766.70,31794.20,31754.10,31756.80,0,
16_04_2026_10_25,31751.70,31758.80,31688.40,31728.70,0,
16_04_2026_10_30,31732.30,31755.80,31715.00,31715.00,0,
16_04_2026_10_35,31714.70,31749.30,31713.60,31724.10,0,
16_04_2026_10_40,31724.00,31745.60,31719.90,31729.20,0,
16_04_2026_10_45,31730.50,31750.20,31724.10,31731.90,0,
16_04_2026_10_50,31729.40,31731.10,31683.90,31696.80,0,
16_04_2026_10_55,31697.50,31712.90,31667.30,31702.20,0,
16_04_2026_11_00,31704.80,31775.20,31703.30,31755.80,0,
16_04_2026_11_05,31753.90,31793.90,31739.00,31777.80,0,
16_04_2026_11_10,31778.10,31808.20,31754.20,31805.80,0,
16_04_2026_11_15,31805.70,31844.20,31776.30,31823.80,0,
16_04_2026_11_20,31823.50,31828.80,31768.70,31775.20,0,
16_04_2026_11_25,31775.00,31820.20,31760.60,31812.80,0,
16_04_2026_11_30,31812.90,31813.80,31778.80,31812.70,0,
16_04_2026_11_35,31813.20,31821.80,31785.60,31813.30,0,
16_04_2026_11_40,31813.50,31815.40,31761.00,31764.50,0,
16_04_2026_11_45,31767.20,31767.80,31701.40,31766.10,0,
16_04_2026_11_50,31762.80,31772.00,31741.90,31762.80,0,
16_04_2026_11_55,31762.80,31770.10,31707.60,31708.90,0,
16_04_2026_12_00,31713.00,31713.00,31628.20,31630.20,0,
16_04_2026_12_05,31628.70,31656.70,31600.10,31634.80,0,
16_04_2026_12_10,31633.20,31668.20,31626.70,31654.10,0,
16_04_2026_12_15,31653.20,31673.80,31642.80,31665.30,0,
16_04_2026_12_20,31665.60,31691.60,31652.60,31664.10,0,
16_04_2026_12_25,31663.70,31680.80,31658.10,31670.40,0,
16_04_2026_12_30,31671.80,31684.10,31640.20,31641.40,0,
16_04_2026_12_35,31643.20,31675.90,31642.30,31673.70,0,
16_04_2026_12_40,31675.20,31727.70,31659.80,31671.20,0,
16_04_2026_12_45,31670.50,31700.10,31660.30,31678.40,0,
16_04_2026_12_50,31682.40,31705.60,31674.90,31681.30,0,
16_04_2026_12_55,31675.40,31713.30,31671.10,31711.80,0,
16_04_2026_13_00,31709.20,31742.80,31708.50,31736.40,0,
16_04_2026_13_05,31734.80,31746.20,31663.80,31672.40,0,
16_04_2026_13_10,31672.40,31692.80,31654.20,31675.50,0,
16_04_2026_13_15,31675.50,31712.50,31669.30,31691.90,0,
16_04_2026_13_20,31693.90,31701.80,31638.20,31645.20,0,
16_04_2026_13_25,31644.50,31694.10,31637.30,31667.10,0,
16_04_2026_13_30,31667.40,31710.60,31662.50,31695.70,0,
16_04_2026_13_35,31697.30,31725.40,31692.90,31722.20,0,
16_04_2026_13_40,31721.40,31724.80,31693.00,31698.80,0,
16_04_2026_13_45,31699.80,31729.60,31698.80,31724.90,0,
16_04_2026_13_50,31724.60,31770.40,31715.40,31769.60,0,
16_04_2026_13_55,31768.20,31783.40,31709.70,31750.20,0,
16_04_2026_14_00,31750.60,31763.10,31706.10,31727.80,0,
16_04_2026_14_05,31728.70,31746.90,31697.70,31721.60,0,
16_04_2026_14_10,31721.80,31756.20,31713.20,31732.40,0,
16_04_2026_14_15,31730.60,31744.90,31716.30,31718.20,0,
16_04_2026_14_20,31720.30,31729.10,31700.80,31711.20,0,
16_04_2026_14_25,31709.90,31726.60,31687.00,31702.90,0,
16_04_2026_14_30,31705.10,31757.90,31704.20,31757.90,0,
16_04_2026_14_35,31758.50,31775.40,31746.70,31773.70,0,
16_04_2026_14_40,31773.70,31817.80,31773.70,31798.70,0,
16_04_2026_14_45,31796.30,31823.70,31786.00,31804.40,0,
16_04_2026_14_50,31804.90,31840.50,31797.30,31822.60,0,
16_04_2026_14_55,31823.50,31824.00,31782.50,31807.90,0,
16_04_2026_15_00,31808.20,31875.20,31772.20,31840.70,0,
16_04_2026_15_05,31843.70,31852.60,31791.40,31809.80,0,
16_04_2026_15_10,31808.80,31848.40,31799.80,31803.20,0,
16_04_2026_15_15,31803.80,31819.10,31794.80,31805.60,0,
16_04_2026_15_20,31803.30,31825.10,31803.30,31809.30,0,
16_04_2026_15_25,31809.80,31814.30,31754.20,31776.50,0,
17_04_2026_09_15,31637.50,31875.30,31411.80,31871.40,0,
17_04_2026_09_20,31871.20,31959.30,31823.10,31827.10,0,
17_04_2026_09_25,31827.10,31873.20,31811.40,31855.40,0,
17_04_2026_09_30,31856.60,31861.70,31682.90,31694.60,0,
17_04_2026_09_35,31694.70,31738.50,31664.70,31697.30,0,
17_04_2026_09_40,31698.90,31700.80,31597.50,31633.20,0,
17_04_2026_09_45,31634.50,31654.80,31615.80,31639.90,0,
17_04_2026_09_50,31639.50,31684.80,31605.70,31659.80,0,
17_04_2026_09_55,31659.80,31684.50,31649.80,31680.40,0,
17_04_2026_10_00,31680.80,31724.10,31647.00,31717.80,0,
17_04_2026_10_05,31717.80,31768.00,31714.60,31724.60,0,
17_04_2026_10_10,31723.50,31758.30,31720.90,31757.30,0,
17_04_2026_10_15,31754.60,31766.20,31732.40,31732.40,0,
17_04_2026_10_20,31733.90,31785.40,31732.20,31764.60,0,
17_04_2026_10_25,31761.70,31785.20,31759.20,31759.20,0,
17_04_2026_10_30,31758.80,31775.90,31753.90,31771.90,0,
17_04_2026_10_35,31772.70,31794.30,31728.70,31730.40,0,
17_04_2026_10_40,31730.40,31755.40,31725.30,31753.40,0,
17_04_2026_10_45,31752.20,31758.50,31737.50,31749.90,0,
17_04_2026_10_50,31749.90,31751.20,31712.40,31737.80,0,
17_04_2026_10_55,31738.40,31753.40,31720.70,31729.10,0,
17_04_2026_11_00,31729.00,31729.90,31703.80,31719.60,0,
17_04_2026_11_05,31720.10,31723.60,31669.80,31676.30,0,
17_04_2026_11_10,31676.20,31687.90,31671.80,31676.10,0,
17_04_2026_11_15,31676.30,31704.90,31640.10,31704.60,0,
17_04_2026_11_20,31703.10,31707.00,31662.20,31662.20,0,
17_04_2026_11_25,31663.30,31704.70,31654.80,31703.80,0,
17_04_2026_11_30,31706.20,31728.80,31703.60,31718.20,0,
17_04_2026_11_35,31718.90,31751.20,31713.30,31720.00,0,
17_04_2026_11_40,31720.00,31730.80,31704.20,31718.30,0,
17_04_2026_11_45,31719.00,31722.10,31702.90,31721.10,0,
17_04_2026_11_50,31722.30,31751.40,31719.60,31750.90,0,
17_04_2026_11_55,31749.80,31765.20,31716.70,31718.80,0,
17_04_2026_12_00,31718.60,31742.30,31699.40,31724.20,0,
17_04_2026_12_05,31724.20,31815.10,31719.10,31798.20,0,
17_04_2026_12_10,31800.90,31804.00,31774.70,31777.10,0,
17_04_2026_12_15,31776.80,31783.00,31761.40,31763.60,0,
17_04_2026_12_20,31763.80,31767.20,31726.70,31736.90,0,
17_04_2026_12_25,31737.10,31750.40,31719.90,31722.30,0,
17_04_2026_12_30,31722.60,31731.00,31673.20,31689.80,0,
17_04_2026_12_35,31689.80,31704.60,31685.40,31692.50,0,
17_04_2026_12_40,31692.40,31717.70,31683.20,31704.60,0,
17_04_2026_12_45,31706.30,31733.80,31700.80,31717.30,0,
17_04_2026_12_50,31718.00,31732.20,31708.30,31714.60,0,
17_04_2026_12_55,31714.60,31722.90,31700.80,31707.60,0,
17_04_2026_13_00,31709.40,31710.80,31689.80,31706.20,0,
17_04_2026_13_05,31705.60,31717.10,31700.30,31710.80,0,
17_04_2026_13_10,31711.40,31726.80,31705.80,31712.00,0,
17_04_2026_13_15,31710.80,31715.80,31683.00,31685.10,0,
17_04_2026_13_20,31685.10,31692.80,31677.70,31681.40,0,
17_04_2026_13_25,31679.40,31705.80,31663.70,31697.50,0,
17_04_2026_13_30,31698.10,31710.60,31693.20,31710.30,0,
17_04_2026_13_35,31710.40,31714.90,31699.80,31707.10,0,
17_04_2026_13_40,31707.80,31719.30,31690.10,31692.80,0,
17_04_2026_13_45,31693.40,31716.20,31693.40,31711.10,0,
17_04_2026_13_50,31710.90,31721.80,31702.80,31717.60,0,
17_04_2026_13_55,31718.50,31740.20,31714.80,31737.30,0,
17_04_2026_14_00,31736.30,31744.00,31727.70,31727.70,0,
17_04_2026_14_05,31728.70,31746.80,31725.60,31739.50,0,
17_04_2026_14_10,31740.20,31746.20,31736.60,31743.00,0,
17_04_2026_14_15,31743.90,31753.60,31727.20,31729.80,0,
17_04_2026_14_20,31729.80,31740.60,31716.60,31734.40,0,
17_04_2026_14_25,31733.10,31738.30,31663.30,31664.40,0,
17_04_2026_14_30,31665.30,31687.70,31649.40,31682.60,0,
17_04_2026_14_35,31681.00,31702.20,31676.20,31693.10,0,
17_04_2026_14_40,31692.90,31732.90,31688.10,31731.20,0,
17_04_2026_14_45,31731.90,31765.10,31724.90,31743.30,0,
17_04_2026_14_50,31744.30,31765.70,31735.70,31755.70,0,
17_04_2026_14_55,31757.00,31775.40,31750.80,31769.00,0,
17_04_2026_15_00,31767.40,31820.10,31746.80,31819.70,0,
17_04_2026_15_05,31819.60,31827.80,31787.30,31804.80,0,
17_04_2026_15_10,31803.70,31821.80,31803.20,31819.50,0,
17_04_2026_15_15,31818.90,31823.30,31808.60,31816.70,0,
17_04_2026_15_20,31817.10,31836.30,31808.80,31829.70,0,
17_04_2026_15_25,31828.90,31837.20,31800.10,31808.90,0,
20_04_2026_09_15,31866.70,31912.50,31623.90,31742.20,0,
20_04_2026_09_20,31746.20,31854.40,31735.20,31780.20,0,
20_04_2026_09_25,31780.90,31782.80,31638.40,31639.40,0,
20_04_2026_09_30,31639.30,31745.40,31633.50,31717.00,0,
20_04_2026_09_35,31723.40,31741.10,31685.30,31691.20,0,
20_04_2026_09_40,31689.70,31691.90,31604.40,31643.60,0,
20_04_2026_09_45,31643.20,31645.30,31598.50,31608.40,0,
20_04_2026_09_50,31609.20,31669.90,31593.00,31669.90,0,
20_04_2026_09_55,31669.50,31670.80,31587.40,31616.20,0,
20_04_2026_10_00,31615.90,31654.40,31602.90,31650.20,0,
20_04_2026_10_05,31650.20,31660.70,31634.10,31654.30,0,
20_04_2026_10_10,31652.20,31653.10,31625.80,31644.60,0,
20_04_2026_10_15,31645.90,31652.00,31614.10,31622.20,0,
20_04_2026_10_20,31619.70,31664.70,31612.10,31648.20,0,
20_04_2026_10_25,31645.90,31689.90,31633.50,31689.70,0,
20_04_2026_10_30,31688.30,31718.70,31688.30,31715.90,0,
20_04_2026_10_35,31715.90,31741.60,31712.90,31729.70,0,
20_04_2026_10_40,31729.70,31736.10,31700.00,31709.70,0,
20_04_2026_10_45,31708.90,31708.90,31661.00,31677.40,0,
20_04_2026_10_50,31676.80,31689.10,31661.60,31676.20,0,
20_04_2026_10_55,31676.20,31708.90,31670.30,31703.60,0,
20_04_2026_11_00,31705.20,31713.20,31679.80,31712.30,0,
20_04_2026_11_05,31711.60,31741.20,31684.70,31686.80,0,
20_04_2026_11_10,31688.80,31730.40,31682.60,31722.90,0,
20_04_2026_11_15,31720.20,31780.30,31719.40,31761.80,0,
20_04_2026_11_20,31761.80,31824.20,31761.20,31819.60,0,
20_04_2026_11_25,31823.10,31865.90,31821.20,31846.50,0,
20_04_2026_11_30,31848.80,31856.10,31791.40,31820.70,0,
20_04_2026_11_35,31826.70,31843.90,31817.70,31839.80,0,
20_04_2026_11_40,31843.20,31867.40,31823.20,31855.00,0,
20_04_2026_11_45,31850.30,31873.30,31848.70,31866.80,0,
20_04_2026_11_50,31866.90,31868.60,31829.10,31830.20,0,
20_04_2026_11_55,31830.80,31833.20,31809.20,31818.10,0,
20_04_2026_12_00,31815.90,31824.80,31802.00,31802.80,0,
20_04_2026_12_05,31802.20,31834.40,31783.90,31822.80,0,
20_04_2026_12_10,31822.80,31825.20,31773.10,31790.30,0,
20_04_2026_12_15,31786.90,31794.20,31733.90,31744.80,0,
20_04_2026_12_20,31744.40,31753.00,31731.40,31743.90,0,
20_04_2026_12_25,31744.20,31773.10,31727.30,31773.10,0,
20_04_2026_12_30,31771.10,31782.60,31752.80,31769.60,0,
20_04_2026_12_35,31769.80,31781.20,31764.80,31768.70,0,
20_04_2026_12_40,31767.20,31779.80,31737.60,31778.30,0,
20_04_2026_12_45,31779.10,31787.80,31737.70,31748.00,0,
20_04_2026_12_50,31750.20,31783.80,31747.70,31777.10,0,
20_04_2026_12_55,31777.90,31786.60,31762.60,31763.80,0,
20_04_2026_13_00,31764.80,31772.10,31690.30,31703.40,0,
20_04_2026_13_05,31703.40,31733.10,31681.50,31685.90,0,
20_04_2026_13_10,31686.20,31705.30,31668.50,31695.80,0,
20_04_2026_13_15,31693.90,31723.90,31685.30,31690.20,0,
20_04_2026_13_20,31690.20,31697.80,31672.80,31690.40,0,
20_04_2026_13_25,31691.20,31692.40,31647.80,31679.20,0,
20_04_2026_13_30,31678.20,31686.80,31649.80,31665.70,0,
20_04_2026_13_35,31667.00,31667.00,31624.00,31634.00,0,
20_04_2026_13_40,31634.90,31655.10,31634.90,31645.80,0,
20_04_2026_13_45,31642.60,31648.80,31615.40,31619.40,0,
20_04_2026_13_50,31615.30,31640.80,31608.60,31634.90,0,
20_04_2026_13_55,31636.00,31641.90,31610.30,31623.90,0,
20_04_2026_14_00,31623.70,31631.20,31598.70,31609.90,0,
20_04_2026_14_05,31608.20,31613.90,31585.80,31605.20,0,
20_04_2026_14_10,31605.40,31625.20,31604.50,31621.40,0,
20_04_2026_14_15,31619.60,31633.10,31598.20,31612.80,0,
20_04_2026_14_20,31610.90,31658.70,31610.40,31639.70,0,
20_04_2026_14_25,31638.70,31693.70,31638.10,31687.00,0,
20_04_2026_14_30,31686.10,31696.20,31661.70,31679.80,0,
20_04_2026_14_35,31679.80,31690.60,31658.90,31660.60,0,
20_04_2026_14_40,31660.40,31674.10,31631.00,31661.40,0,
20_04_2026_14_45,31660.20,31676.90,31625.00,31676.30,0,
20_04_2026_14_50,31676.00,31689.00,31658.20,31684.80,0,
20_04_2026_14_55,31684.80,31691.90,31669.30,31674.90,0,
20_04_2026_15_00,31676.50,31693.20,31653.60,31656.20,0,
20_04_2026_15_05,31657.20,31670.40,31644.00,31644.90,0,
20_04_2026_15_10,31647.80,31651.40,31612.30,31614.70,0,
20_04_2026_15_15,31614.20,31614.20,31512.80,31513.40,0,
20_04_2026_15_20,31513.90,31546.80,31500.10,31505.70,0,
20_04_2026_15_25,31506.20,31538.30,31498.80,31523.40,0,
21_04_2026_09_15,31557.20,31568.40,31415.80,31478.90,0,
21_04_2026_09_20,31477.30,31527.40,31459.20,31463.60,0,
21_04_2026_09_25,31464.10,31504.00,31445.20,31461.80,0,
21_04_2026_09_30,31464.80,31515.50,31457.10,31479.80,0,
21_04_2026_09_35,31477.20,31509.20,31446.50,31470.10,0,
21_04_2026_09_40,31476.30,31518.20,31471.70,31490.40,0,
21_04_2026_09_45,31488.90,31594.20,31488.90,31583.60,0,
21_04_2026_09_50,31583.60,31617.80,31548.10,31572.00,0,
21_04_2026_09_55,31573.60,31614.80,31555.90,31601.40,0,
21_04_2026_10_00,31600.10,31630.70,31599.80,31630.10,0,
21_04_2026_10_05,31630.10,31674.20,31607.30,31662.80,0,
21_04_2026_10_10,31663.90,31694.70,31657.80,31689.20,0,
21_04_2026_10_15,31691.70,31699.90,31655.50,31662.30,0,
21_04_2026_10_20,31662.60,31666.00,31630.90,31651.20,0,
21_04_2026_10_25,31651.20,31672.40,31642.30,31671.90,0,
21_04_2026_10_30,31667.80,31694.60,31667.80,31693.70,0,
21_04_2026_10_35,31693.60,31711.00,31672.20,31677.80,0,
21_04_2026_10_40,31677.70,31683.10,31640.80,31666.90,0,
21_04_2026_10_45,31665.30,31688.00,31663.70,31687.20,0,
21_04_2026_10_50,31686.20,31712.30,31685.60,31699.80,0,
21_04_2026_10_55,31699.80,31763.70,31688.60,31728.70,0,
21_04_2026_11_00,31727.00,31741.60,31705.40,31740.10,0,
21_04_2026_11_05,31740.30,31759.30,31726.50,31747.70,0,
21_04_2026_11_10,31746.30,31761.90,31732.20,31747.40,0,
21_04_2026_11_15,31747.80,31749.80,31719.40,31738.60,0,
21_04_2026_11_20,31738.60,31754.70,31712.20,31753.20,0,
21_04_2026_11_25,31752.90,31765.80,31741.70,31753.80,0,
21_04_2026_11_30,31754.60,31754.80,31717.30,31721.00,0,
21_04_2026_11_35,31721.00,31780.50,31717.40,31763.80,0,
21_04_2026_11_40,31763.20,31779.80,31753.70,31775.30,0,
21_04_2026_11_45,31775.30,31834.20,31775.30,31827.60,0,
21_04_2026_11_50,31827.80,31863.40,31827.10,31851.60,0,
21_04_2026_11_55,31850.90,31883.80,31834.90,31847.20,0,
21_04_2026_12_00,31849.10,31862.40,31843.70,31859.90,0,
21_04_2026_12_05,31858.80,31862.20,31836.80,31839.20,0,
21_04_2026_12_10,31842.90,31859.90,31811.80,31856.40,0,
21_04_2026_12_15,31852.40,31858.90,31822.70,31831.80,0,
21_04_2026_12_20,31831.10,31835.90,31793.70,31795.90,0,
21_04_2026_12_25,31795.70,31825.20,31794.40,31817.20,0,
21_04_2026_12_30,31819.30,31852.80,31813.60,31815.90,0,
21_04_2026_12_35,31813.80,31845.70,31801.20,31820.90,0,
21_04_2026_12_40,31822.30,31824.90,31792.80,31804.10,0,
21_04_2026_12_45,31803.80,31806.20,31736.70,31744.60,0,
21_04_2026_12_50,31745.10,31752.60,31701.90,31744.30,0,
21_04_2026_12_55,31744.30,31750.60,31714.10,31719.10,0,
21_04_2026_13_00,31720.40,31728.90,31709.70,31720.20,0,
21_04_2026_13_05,31718.20,31734.70,31711.10,31728.80,0,
21_04_2026_13_10,31728.50,31736.60,31696.80,31697.20,0,
21_04_2026_13_15,31698.10,31721.90,31697.60,31715.20,0,
21_04_2026_13_20,31714.90,31735.60,31713.80,31719.80,0,
21_04_2026_13_25,31721.80,31751.70,31714.90,31749.90,0,
21_04_2026_13_30,31749.90,31765.20,31725.80,31750.10,0,
21_04_2026_13_35,31746.20,31752.50,31715.00,31736.60,0,
21_04_2026_13_40,31735.40,31735.40,31693.00,31725.70,0,
21_04_2026_13_45,31721.50,31749.50,31711.40,31744.80,0,
21_04_2026_13_50,31745.10,31751.90,31730.40,31741.70,0,
21_04_2026_13_55,31741.70,31746.90,31724.80,31729.40,0,
21_04_2026_14_00,31729.90,31744.40,31719.00,31719.70,0,
21_04_2026_14_05,31722.10,31722.10,31684.30,31689.80,0,
21_04_2026_14_10,31690.60,31700.40,31660.20,31675.20,0,
21_04_2026_14_15,31679.20,31707.10,31672.40,31674.50,0,
21_04_2026_14_20,31675.20,31711.20,31674.20,31692.90,0,
21_04_2026_14_25,31695.80,31703.80,31677.30,31696.20,0,
21_04_2026_14_30,31697.50,31698.20,31667.90,31670.70,0,
21_04_2026_14_35,31671.20,31671.20,31641.70,31642.50,0,
21_04_2026_14_40,31642.20,31647.80,31616.30,31637.90,0,
21_04_2026_14_45,31640.60,31656.90,31640.10,31651.50,0,
21_04_2026_14_50,31651.20,31692.80,31646.10,31683.60,0,
21_04_2026_14_55,31682.80,31739.40,31673.40,31728.40,0,
21_04_2026_15_00,31729.50,31766.60,31694.80,31732.20,0,
21_04_2026_15_05,31733.40,31736.60,31692.80,31715.70,0,
21_04_2026_15_10,31716.70,31719.60,31685.20,31701.20,0,
21_04_2026_15_15,31699.90,31757.30,31694.30,31730.10,0,
21_04_2026_15_20,31730.90,31763.60,31702.30,31753.70,0,
21_04_2026_15_25,31753.30,31766.00,31733.60,31747.00,0,
22_04_2026_09_15,31050.30,31072.90,30666.80,30819.20,0,
22_04_2026_09_20,30819.00,30839.50,30665.30,30728.70,0,
22_04_2026_09_25,30725.20,30782.50,30692.20,30696.10,0,
22_04_2026_09_30,30695.80,30844.10,30658.50,30835.80,0,
22_04_2026_09_35,30835.80,30923.20,30832.20,30834.60,0,
22_04_2026_09_40,30829.30,30846.70,30778.30,30821.40,0,
22_04_2026_09_45,30819.00,30886.00,30811.20,30848.60,0,
22_04_2026_09_50,30852.80,30881.70,30797.80,30811.20,0,
22_04_2026_09_55,30817.50,30825.60,30768.90,30784.00,0,
22_04_2026_10_00,30785.60,30800.60,30720.10,30728.90,0,
22_04_2026_10_05,30727.80,30743.10,30703.20,30715.40,0,
22_04_2026_10_10,30713.70,30724.50,30665.10,30671.40,0,
22_04_2026_10_15,30670.90,30674.20,30592.60,30599.30,0,
22_04_2026_10_20,30600.10,30600.10,30543.70,30565.80,0,
22_04_2026_10_25,30564.80,30590.10,30545.80,30547.20,0,
22_04_2026_10_30,30546.90,30561.30,30522.80,30532.50,0,
22_04_2026_10_35,30530.70,30541.50,30499.20,30523.50,0,
22_04_2026_10_40,30522.20,30524.80,30494.10,30521.20,0,
22_04_2026_10_45,30521.30,30548.20,30498.80,30534.40,0,
22_04_2026_10_50,30534.10,30541.90,30510.20,30524.60,0,
22_04_2026_10_55,30523.90,30537.00,30512.20,30535.10,0,
22_04_2026_11_00,30533.90,30539.20,30513.60,30526.40,0,
22_04_2026_11_05,30528.40,30536.80,30485.80,30486.80,0,
22_04_2026_11_10,30487.60,30495.40,30448.60,30461.80,0,
22_04_2026_11_15,30459.40,30460.40,30417.50,30430.40,0,
22_04_2026_11_20,30431.10,30441.50,30414.90,30430.70,0,
22_04_2026_11_25,30430.20,30451.80,30424.20,30431.30,0,
22_04_2026_11_30,30431.80,30434.30,30408.40,30421.70,0,
22_04_2026_11_35,30419.20,30427.20,30406.90,30418.80,0,
22_04_2026_11_40,30417.20,30421.20,30313.80,30320.30,0,
22_04_2026_11_45,30319.80,30326.80,30280.80,30311.80,0,
22_04_2026_11_50,30310.40,30319.30,30278.60,30285.80,0,
22_04_2026_11_55,30287.70,30323.10,30273.50,30312.40,0,
22_04_2026_12_00,30314.40,30327.20,30261.90,30266.20,0,
22_04_2026_12_05,30266.40,30270.20,30226.30,30227.70,0,
22_04_2026_12_10,30233.20,30253.20,30206.80,30219.10,0,
22_04_2026_12_15,30217.10,30219.00,30171.90,30181.10,0,
22_04_2026_12_20,30182.00,30192.40,30164.30,30186.40,0,
22_04_2026_12_25,30186.20,30195.80,30142.50,30172.80,0,
22_04_2026_12_30,30170.00,30207.80,30165.40,30179.20,0,
22_04_2026_12_35,30178.80,30178.80,30135.20,30154.60,0,
22_04_2026_12_40,30156.80,30189.50,30147.80,30189.20,0,
22_04_2026_12_45,30186.90,30198.50,30172.90,30178.60,0,
22_04_2026_12_50,30174.30,30179.20,30158.80,30168.90,0,
22_04_2026_12_55,30167.30,30202.20,30165.10,30192.80,0,
22_04_2026_13_00,30198.50,30243.10,30188.20,30243.10,0,
22_04_2026_13_05,30244.10,30268.20,30235.90,30268.20,0,
22_04_2026_13_10,30266.60,30282.20,30244.80,30279.30,0,
22_04_2026_13_15,30275.30,30281.20,30252.90,30259.20,0,
22_04_2026_13_20,30257.90,30263.70,30235.00,30259.30,0,
22_04_2026_13_25,30261.70,30285.30,30256.00,30278.60,0,
22_04_2026_13_30,30277.20,30286.90,30264.70,30280.90,0,
22_04_2026_13_35,30277.20,30281.30,30255.90,30272.70,0,
22_04_2026_13_40,30271.30,30278.90,30258.30,30276.90,0,
22_04_2026_13_45,30276.30,30283.20,30261.20,30265.00,0,
22_04_2026_13_50,30265.00,30435.00,30244.20,30435.00,0,
22_04_2026_13_55,30440.50,30651.20,30424.10,30636.20,0,
22_04_2026_14_00,30634.80,30648.30,30596.80,30626.90,0,
22_04_2026_14_05,30624.40,30698.90,30612.90,30617.60,0,
22_04_2026_14_10,30618.20,30618.20,30546.10,30556.80,0,
22_04_2026_14_15,30554.20,30574.30,30497.70,30521.40,0,
22_04_2026_14_20,30522.80,30539.00,30492.80,30521.00,0,
22_04_2026_14_25,30520.20,30522.60,30471.80,30472.70,0,
22_04_2026_14_30,30472.30,30571.90,30469.70,30568.80,0,
22_04_2026_14_35,30568.10,30601.30,30561.50,30586.60,0,
22_04_2026_14_40,30590.20,30600.80,30544.60,30557.70,0,
22_04_2026_14_45,30558.30,30571.80,30517.10,30560.10,0,
22_04_2026_14_50,30558.10,30573.90,30553.10,30571.90,0,
22_04_2026_14_55,30571.20,30606.10,30567.90,30592.70,0,
22_04_2026_15_00,30591.30,30591.30,30495.60,30506.40,0,
22_04_2026_15_05,30509.30,30511.00,30492.60,30506.60,0,
22_04_2026_15_10,30506.30,30508.70,30475.80,30476.10,0,
22_04_2026_15_15,30475.10,30498.40,30470.30,30481.80,0,
22_04_2026_15_20,30480.80,30502.50,30470.80,30497.70,0,
22_04_2026_15_25,30498.40,30514.80,30475.80,30503.20,0,
23_04_2026_09_15,30432.90,30525.90,30273.10,30452.90,0,
23_04_2026_09_20,30452.60,30457.20,30322.70,30396.50,0,
23_04_2026_09_25,30399.00,30436.20,30254.70,30275.50,0,
23_04_2026_09_30,30272.20,30293.50,30188.80,30235.20,0,
23_04_2026_09_35,30237.60,30291.60,30224.60,30260.80,0,
23_04_2026_09_40,30260.70,30321.10,30253.80,30279.70,0,
23_04_2026_09_45,30279.50,30331.90,30249.40,30325.20,0,
23_04_2026_09_50,30323.80,30359.70,30322.70,30331.90,0,
23_04_2026_09_55,30332.60,30385.70,30328.90,30357.60,0,
23_04_2026_10_00,30356.70,30392.50,30286.80,30386.60,0,
23_04_2026_10_05,30386.70,30407.80,30369.20,30381.60,0,
23_04_2026_10_10,30381.30,30381.30,30326.20,30343.20,0,
23_04_2026_10_15,30342.70,30350.30,30328.30,30340.80,0,
23_04_2026_10_20,30345.80,30391.20,30324.60,30389.00,0,
23_04_2026_10_25,30389.30,30402.80,30356.10,30359.70,0,
23_04_2026_10_30,30359.50,30366.30,30334.60,30340.30,0,
23_04_2026_10_35,30342.60,30361.70,30329.10,30345.80,0,
23_04_2026_10_40,30347.70,30382.50,30342.40,30354.30,0,
23_04_2026_10_45,30355.20,30363.90,30330.80,30341.20,0,
23_04_2026_10_50,30340.30,30384.70,30338.00,30380.00,0,
23_04_2026_10_55,30380.80,30429.20,30367.60,30422.70,0,
23_04_2026_11_00,30424.00,30465.20,30420.00,30460.80,0,
23_04_2026_11_05,30462.40,30478.00,30426.30,30428.40,0,
23_04_2026_11_10,30428.40,30438.90,30385.10,30388.70,0,
23_04_2026_11_15,30391.10,30427.30,30386.80,30387.40,0,
23_04_2026_11_20,30387.00,30416.40,30384.20,30396.10,0,
23_04_2026_11_25,30396.70,30431.80,30395.00,30422.80,0,
23_04_2026_11_30,30422.40,30447.30,30419.80,30431.80,0,
23_04_2026_11_35,30431.20,30435.30,30394.00,30402.50,0,
23_04_2026_11_40,30401.20,30430.30,30396.30,30416.40,0,
23_04_2026_11_45,30417.80,30425.50,30406.00,30412.80,0,
23_04_2026_11_50,30410.50,30413.50,30387.20,30392.80,0,
23_04_2026_11_55,30393.00,30397.30,30364.10,30374.20,0,
23_04_2026_12_00,30373.60,30387.20,30362.80,30369.40,0,
23_04_2026_12_05,30371.40,30403.80,30354.70,30386.60,0,
23_04_2026_12_10,30386.20,30406.20,30382.20,30390.50,0,
23_04_2026_12_15,30390.40,30408.30,30372.20,30372.90,0,
23_04_2026_12_20,30371.80,30394.70,30371.40,30374.50,0,
23_04_2026_12_25,30373.80,30374.90,30305.90,30315.80,0,
23_04_2026_12_30,30318.10,30325.70,30300.30,30313.30,0,
23_04_2026_12_35,30314.40,30323.20,30290.80,30307.90,0,
23_04_2026_12_40,30308.80,30347.60,30303.90,30345.70,0,
23_04_2026_12_45,30345.50,30350.20,30323.50,30335.20,0,
23_04_2026_12_50,30337.10,30337.60,30310.20,30335.60,0,
23_04_2026_12_55,30337.20,30344.00,30319.70,30329.40,0,
23_04_2026_13_00,30330.20,30342.30,30320.20,30333.30,0,
23_04_2026_13_05,30333.70,30355.70,30330.40,30352.30,0,
23_04_2026_13_10,30348.60,30352.30,30316.10,30330.20,0,
23_04_2026_13_15,30330.70,30352.50,30314.80,30347.90,0,
23_04_2026_13_20,30348.80,30402.70,30348.80,30386.10,0,
23_04_2026_13_25,30385.60,30406.80,30367.90,30385.80,0,
23_04_2026_13_30,30383.90,30388.80,30355.50,30360.10,0,
23_04_2026_13_35,30359.90,30359.90,30290.80,30296.20,0,
23_04_2026_13_40,30295.70,30306.90,30268.80,30268.80,0,
23_04_2026_13_45,30272.00,30273.40,30241.20,30250.70,0,
23_04_2026_13_50,30255.60,30267.80,30239.80,30254.80,0,
23_04_2026_13_55,30253.20,30277.40,30241.50,30248.90,0,
23_04_2026_14_00,30249.80,30251.60,30223.80,30237.30,0,
23_04_2026_14_05,30235.90,30235.90,30203.60,30207.60,0,
23_04_2026_14_10,30208.90,30209.80,30183.70,30196.10,0,
23_04_2026_14_15,30194.90,30221.70,30188.40,30193.30,0,
23_04_2026_14_20,30194.60,30211.60,30184.60,30193.90,0,
23_04_2026_14_25,30194.20,30211.20,30187.20,30199.20,0,
23_04_2026_14_30,30202.10,30214.10,30196.50,30206.60,0,
23_04_2026_14_35,30208.30,30215.90,30185.30,30185.30,0,
23_04_2026_14_40,30187.80,30199.40,30158.10,30160.80,0,
23_04_2026_14_45,30160.80,30216.40,30159.30,30196.90,0,
23_04_2026_14_50,30194.80,30218.40,30189.20,30218.40,0,
23_04_2026_14_55,30216.70,30229.60,30195.40,30205.20,0,
23_04_2026_15_00,30207.80,30235.20,30202.70,30210.40,0,
23_04_2026_15_05,30211.30,30220.90,30193.60,30201.60,0,
23_04_2026_15_10,30202.20,30208.60,30153.60,30154.80,0,
23_04_2026_15_15,30153.60,30155.40,30069.80,30092.70,0,
23_04_2026_15_20,30093.20,30117.80,30068.70,30076.80,0,
23_04_2026_15_25,30079.10,30086.30,29982.20,30028.30,0,
24_04_2026_09_15,29652.60,29845.90,29562.50,29838.30,0,
24_04_2026_09_20,29835.80,29872.50,29583.80,29595.90,0,
24_04_2026_09_25,29601.20,29608.70,29505.20,29579.40,0,
24_04_2026_09_30,29577.40,29581.10,29439.60,29452.90,0,
24_04_2026_09_35,29452.80,29495.40,29427.90,29492.30,0,
24_04_2026_09_40,29492.60,29492.60,29352.10,29362.80,0,
24_04_2026_09_45,29361.40,29361.40,29246.90,29262.80,0,
24_04_2026_09_50,29261.70,29270.20,29202.60,29210.20,0,
24_04_2026_09_55,29207.70,29247.70,29182.70,29218.30,0,
24_04_2026_10_00,29219.90,29252.10,29157.90,29166.10,0,
24_04_2026_10_05,29166.10,29215.90,29102.70,29117.20,0,
24_04_2026_10_10,29115.70,29164.70,29088.30,29150.90,0,
24_04_2026_10_15,29146.40,29146.40,29080.40,29144.30,0,
24_04_2026_10_20,29145.80,29168.90,29088.60,29089.30,0,
24_04_2026_10_25,29092.70,29141.60,29087.10,29113.90,0,
24_04_2026_10_30,29108.30,29141.60,29086.60,29105.80,0,
24_04_2026_10_35,29107.60,29115.00,29054.80,29076.80,0,
24_04_2026_10_40,29075.20,29084.40,28991.50,28994.00,0,
24_04_2026_10_45,28993.30,29020.60,28926.90,28943.30,0,
24_04_2026_10_50,28944.30,29015.20,28941.30,28988.30,0,
24_04_2026_10_55,28992.80,29001.50,28930.90,28933.90,0,
24_04_2026_11_00,28935.90,28973.80,28912.60,28951.80,0,
24_04_2026_11_05,28951.70,28986.10,28937.10,28963.60,0,
24_04_2026_11_10,28961.30,28979.70,28926.20,28933.80,0,
24_04_2026_11_15,28933.90,28943.20,28872.10,28926.20,0,
24_04_2026_11_20,28925.80,28952.90,28912.70,28940.20,0,
24_04_2026_11_25,28940.40,28950.80,28895.70,28896.80,0,
24_04_2026_11_30,28895.70,28903.10,28862.90,28898.60,0,
24_04_2026_11_35,28894.20,28899.60,28839.90,28849.00,0,
24_04_2026_11_40,28846.90,28847.70,28785.90,28794.20,0,
24_04_2026_11_45,28795.30,28817.40,28744.60,28753.20,0,
24_04_2026_11_50,28754.60,28754.60,28681.40,28691.30,0,
24_04_2026_11_55,28691.50,28754.20,28667.60,28707.90,0,
24_04_2026_12_00,28705.10,28715.10,28690.20,28699.40,0,
24_04_2026_12_05,28699.80,28739.20,28671.20,28720.80,0,
24_04_2026_12_10,28724.40,28734.80,28712.60,28725.30,0,
24_04_2026_12_15,28726.90,28739.30,28695.30,28696.70,0,
24_04_2026_12_20,28697.60,28709.70,28671.10,28674.80,0,
24_04_2026_12_25,28678.20,28678.20,28641.70,28644.00,0,
24_04_2026_12_30,28645.00,28697.00,28640.80,28689.60,0,
24_04_2026_12_35,28687.40,28690.10,28656.00,28681.20,0,
24_04_2026_12_40,28681.30,28688.30,28624.50,28627.70,0,
24_04_2026_12_45,28627.20,28651.80,28620.70,28629.40,0,
24_04_2026_12_50,28629.20,28653.40,28609.60,28611.60,0,
24_04_2026_12_55,28612.00,28623.10,28593.70,28598.60,0,
24_04_2026_13_00,28600.20,28603.30,28541.70,28544.20,0,
24_04_2026_13_05,28542.60,28553.60,28523.40,28534.60,0,
24_04_2026_13_10,28531.20,28548.80,28512.30,28546.10,0,
24_04_2026_13_15,28545.90,28572.10,28525.60,28572.10,0,
24_04_2026_13_20,28570.70,28583.90,28550.70,28578.60,0,
24_04_2026_13_25,28574.90,28598.90,28562.30,28590.40,0,
24_04_2026_13_30,28585.60,28589.50,28531.60,28537.80,0,
24_04_2026_13_35,28537.80,28541.10,28497.60,28503.40,0,
24_04_2026_13_40,28502.60,28518.90,28479.50,28487.30,0,
24_04_2026_13_45,28487.90,28548.70,28485.60,28519.90,0,
24_04_2026_13_50,28521.10,28537.70,28505.90,28532.20,0,
24_04_2026_13_55,28532.40,28532.40,28458.20,28464.40,0,
24_04_2026_14_00,28467.80,28519.90,28467.80,28473.60,0,
24_04_2026_14_05,28474.80,28484.80,28445.20,28470.20,0,
24_04_2026_14_10,28468.00,28480.40,28442.40,28454.70,0,
24_04_2026_14_15,28453.10,28512.20,28446.90,28512.20,0,
24_04_2026_14_20,28511.70,28548.30,28504.30,28506.90,0,
24_04_2026_14_25,28503.70,28556.00,28500.10,28512.10,0,
24_04_2026_14_30,28507.90,28522.80,28492.20,28497.30,0,
24_04_2026_14_35,28495.90,28522.00,28490.30,28515.60,0,
24_04_2026_14_40,28515.80,28568.80,28515.70,28566.60,0,
24_04_2026_14_45,28564.30,28604.20,28549.10,28588.10,0,
24_04_2026_14_50,28587.10,28594.20,28559.70,28564.20,0,
24_04_2026_14_55,28564.50,28569.20,28539.30,28546.80,0,
24_04_2026_15_00,28549.90,28555.70,28502.40,28508.60,0,
24_04_2026_15_05,28511.80,28536.20,28486.80,28528.70,0,
24_04_2026_15_10,28528.80,28529.40,28485.90,28516.20,0,
24_04_2026_15_15,28522.30,28545.20,28520.10,28541.90,0,
24_04_2026_15_20,28544.60,28552.90,28531.30,28549.30,0,
24_04_2026_15_25,28550.20,28566.60,28512.80,28560.60,0,
27_04_2026_09_15,28633.10,28852.00,28578.60,28821.60,0,
27_04_2026_09_20,28815.80,28973.50,28815.80,28969.40,0,
27_04_2026_09_25,28968.30,29017.40,28943.80,28961.80,0,
27_04_2026_09_30,28959.90,29007.30,28902.90,28936.10,0,
27_04_2026_09_35,28937.70,28969.20,28891.10,28906.30,0,
27_04_2026_09_40,28906.70,29041.50,28905.90,29039.40,0,
27_04_2026_09_45,29042.10,29092.30,29039.30,29079.50,0,
27_04_2026_09_50,29083.70,29111.30,29012.20,29070.50,0,
27_04_2026_09_55,29069.60,29099.10,29022.60,29024.40,0,
27_04_2026_10_00,29022.90,29037.90,28978.30,28991.70,0,
27_04_2026_10_05,28991.70,29007.00,28971.80,28973.80,0,
27_04_2026_10_10,28977.30,29042.90,28971.60,29040.40,0,
27_04_2026_10_15,29039.60,29112.00,29039.60,29097.90,0,
27_04_2026_10_20,29097.90,29108.40,29074.60,29096.90,0,
27_04_2026_10_25,29098.80,29111.30,29081.40,29097.80,0,
27_04_2026_10_30,29097.80,29105.20,29059.00,29099.20,0,
27_04_2026_10_35,29097.70,29123.20,29089.80,29095.90,0,
27_04_2026_10_40,29095.00,29116.00,29073.60,29086.70,0,
27_04_2026_10_45,29086.80,29109.90,29069.10,29109.90,0,
27_04_2026_10_50,29109.20,29136.60,29105.80,29109.90,0,
27_04_2026_10_55,29108.40,29112.90,29091.60,29099.20,0,
27_04_2026_11_00,29099.00,29134.60,29083.70,29094.60,0,
27_04_2026_11_05,29093.80,29096.10,29005.70,29030.80,0,
27_04_2026_11_10,29030.40,29092.30,29029.20,29075.60,0,
27_04_2026_11_15,29075.80,29088.30,29068.90,29082.50,0,
27_04_2026_11_20,29083.20,29087.90,29020.80,29047.20,0,
27_04_2026_11_25,29046.10,29048.90,29005.60,29026.80,0,
27_04_2026_11_30,29026.10,29042.00,29002.30,29019.20,0,
27_04_2026_11_35,29020.60,29023.40,28979.80,28995.10,0,
27_04_2026_11_40,28995.30,29034.80,28985.60,29031.10,0,
27_04_2026_11_45,29030.30,29030.70,28987.90,29007.70,0,
27_04_2026_11_50,29009.70,29009.70,28963.90,29005.60,0,
27_04_2026_11_55,29004.70,29057.30,29004.70,29045.30,0,
27_04_2026_12_00,29046.60,29051.60,29021.70,29030.40,0,
27_04_2026_12_05,29029.90,29079.80,29029.20,29078.90,0,
27_04_2026_12_10,29079.40,29122.10,29076.50,29110.50,0,
27_04_2026_12_15,29109.60,29117.20,29102.50,29112.50,0,
27_04_2026_12_20,29112.50,29131.20,29083.30,29123.20,0,
27_04_2026_12_25,29123.80,29126.60,29087.10,29096.10,0,
27_04_2026_12_30,29094.30,29108.70,29082.80,29094.90,0,
27_04_2026_12_35,29094.70,29108.00,29084.00,29092.60,0,
27_04_2026_12_40,29091.10,29099.70,29065.70,29094.20,0,
27_04_2026_12_45,29095.80,29099.10,29071.10,29081.60,0,
27_04_2026_12_50,29081.00,29107.60,29073.00,29089.80,0,
27_04_2026_12_55,29089.90,29116.80,29087.80,29109.30,0,
27_04_2026_13_00,29108.90,29139.10,29106.90,29127.20,0,
27_04_2026_13_05,29127.30,29127.30,29100.10,29111.90,0,
27_04_2026_13_10,29112.80,29113.70,29082.10,29105.30,0,
27_04_2026_13_15,29104.60,29114.50,29069.10,29072.80,0,
27_04_2026_13_20,29072.80,29095.10,29066.20,29087.10,0,
27_04_2026_13_25,29087.10,29101.80,29080.10,29080.30,0,
27_04_2026_13_30,29079.70,29098.40,29075.00,29097.90,0,
27_04_2026_13_35,29098.40,29108.80,29084.10,29108.00,0,
27_04_2026_13_40,29107.20,29125.90,29097.80,29101.30,0,
27_04_2026_13_45,29102.00,29120.80,29088.20,29088.80,0,
27_04_2026_13_50,29087.70,29093.10,29081.10,29091.40,0,
27_04_2026_13_55,29091.30,29113.50,29090.80,29107.80,0,
27_04_2026_14_00,29107.20,29128.50,29104.50,29128.50,0,
27_04_2026_14_05,29128.00,29146.30,29118.30,29142.90,0,
27_04_2026_14_10,29143.20,29179.40,29142.60,29169.10,0,
27_04_2026_14_15,29168.40,29176.40,29154.20,29160.20,0,
27_04_2026_14_20,29159.10,29173.60,29142.60,29142.60,0,
27_04_2026_14_25,29142.80,29152.20,29129.10,29151.80,0,
27_04_2026_14_30,29151.20,29165.90,29142.30,29157.10,0,
27_04_2026_14_35,29157.00,29238.80,29156.40,29222.50,0,
27_04_2026_14_40,29222.40,29231.90,29198.70,29203.40,0,
27_04_2026_14_45,29204.20,29209.70,29167.20,29177.50,0,
27_04_2026_14_50,29177.30,29183.30,29165.80,29168.30,0,
27_04_2026_14_55,29168.90,29179.90,29162.20,29173.80,0,
27_04_2026_15_00,29173.10,29173.10,29139.80,29165.10,0,
27_04_2026_15_05,29163.30,29171.20,29133.00,29145.40,0,
27_04_2026_15_10,29140.30,29172.20,29134.20,29165.40,0,
27_04_2026_15_15,29163.80,29171.40,29133.30,29141.90,0,
27_04_2026_15_20,29143.90,29198.80,29143.90,29177.10,0,
27_04_2026_15_25,29174.60,29205.20,29167.70,29198.30,0,
28_04_2026_09_15,29088.90,29270.10,28994.30,29203.60,0,
28_04_2026_09_20,29204.90,29205.80,29098.60,29127.80,0,
28_04_2026_09_25,29127.60,29217.60,29127.60,29205.00,0,
28_04_2026_09_30,29202.10,29205.70,29092.00,29094.90,0,
28_04_2026_09_35,29096.80,29126.10,29083.80,29088.30,0,
28_04_2026_09_40,29085.20,29092.60,29064.70,29089.30,0,
28_04_2026_09_45,29090.70,29102.40,29035.30,29035.30,0,
28_04_2026_09_50,29034.80,29056.60,29030.70,29044.90,0,
28_04_2026_09_55,29044.80,29158.40,29035.10,29157.80,0,
28_04_2026_10_00,29154.80,29248.20,29148.70,29182.10,0,
28_04_2026_10_05,29175.20,29244.90,29175.20,29228.10,0,
28_04_2026_10_10,29227.80,29228.60,29185.10,29189.70,0,
28_04_2026_10_15,29188.90,29190.20,29158.20,29175.90,0,
28_04_2026_10_20,29176.60,29213.10,29171.90,29189.80,0,
28_04_2026_10_25,29190.40,29194.80,29166.90,29173.90,0,
28_04_2026_10_30,29173.80,29176.40,29104.80,29111.70,0,
28_04_2026_10_35,29112.00,29127.60,29072.60,29080.80,0,
28_04_2026_10_40,29081.80,29088.10,29062.70,29082.90,0,
28_04_2026_10_45,29082.50,29101.50,29071.90,29074.20,0,
28_04_2026_10_50,29074.60,29100.90,29061.60,29099.30,0,
28_04_2026_10_55,29100.40,29110.30,29090.80,29099.60,0,
28_04_2026_11_00,29099.30,29102.20,29055.40,29062.30,0,
28_04_2026_11_05,29063.70,29067.70,29029.80,29041.20,0,
28_04_2026_11_10,29040.80,29057.40,29029.30,29052.40,0,
28_04_2026_11_15,29053.90,29063.10,29032.00,29053.40,0,
28_04_2026_11_20,29052.10,29078.00,29052.10,29062.90,0,
28_04_2026_11_25,29061.20,29064.60,29011.10,29022.90,0,
28_04_2026_11_30,29022.60,29060.20,29006.10,29058.40,0,
28_04_2026_11_35,29060.60,29092.10,29058.40,29087.80,0,
28_04_2026_11_40,29086.40,29121.40,29073.40,29115.90,0,
28_04_2026_11_45,29116.20,29130.20,29106.90,29129.30,0,
28_04_2026_11_50,29129.50,29130.00,29088.60,29105.90,0,
28_04_2026_11_55,29105.90,29113.20,29080.30,29086.30,0,
28_04_2026_12_00,29087.20,29089.20,29050.70,29051.00,0,
28_04_2026_12_05,29049.40,29052.70,29032.10,29047.00,0,
28_04_2026_12_10,29045.40,29084.70,29041.80,29075.30,0,
28_04_2026_12_15,29078.20,29095.70,29069.70,29088.90,0,
28_04_2026_12_20,29089.20,29101.30,29055.90,29069.90,0,
28_04_2026_12_25,29071.50,29072.10,29041.20,29056.80,0,
28_04_2026_12_30,29057.30,29057.30,29025.60,29031.80,0,
28_04_2026_12_35,29033.80,29036.70,29005.70,29005.70,0,
28_04_2026_12_40,29006.80,29006.80,28987.50,28999.70,0,
28_04_2026_12_45,29001.60,29009.00,28982.10,28991.20,0,
28_04_2026_12_50,28993.50,28994.20,28975.50,28981.10,0,
28_04_2026_12_55,28981.10,28985.90,28946.50,28957.50,0,
28_04_2026_13_00,28957.40,28975.40,28924.80,28959.40,0,
28_04_2026_13_05,28960.20,28998.00,28954.60,28985.80,0,
28_04_2026_13_10,28986.10,29006.20,28981.90,28985.20,0,
28_04_2026_13_15,28985.00,29000.30,28980.60,28987.20,0,
28_04_2026_13_20,28987.60,28992.00,28962.20,28963.40,0,
28_04_2026_13_25,28963.30,28979.60,28942.70,28942.80,0,
28_04_2026_13_30,28944.30,28961.10,28925.10,28930.70,0,
28_04_2026_13_35,28929.90,28946.30,28891.10,28941.40,0,
28_04_2026_13_40,28941.70,28977.70,28939.60,28949.00,0,
28_04_2026_13_45,28949.60,28969.90,28933.60,28945.10,0,
28_04_2026_13_50,28944.40,28981.80,28939.00,28969.80,0,
28_04_2026_13_55,28971.10,28998.30,28964.70,28977.70,0,
28_04_2026_14_00,28977.10,28978.10,28947.80,28950.70,0,
28_04_2026_14_05,28950.80,28962.20,28934.80,28960.80,0,
28_04_2026_14_10,28961.60,28964.10,28927.80,28932.00,0,
28_04_2026_14_15,28932.90,28936.80,28907.30,28928.60,0,
28_04_2026_14_20,28928.90,28935.40,28914.60,28922.90,0,
28_04_2026_14_25,28924.20,28935.70,28903.80,28914.20,0,
28_04_2026_14_30,28917.90,28952.50,28914.90,28920.20,0,
28_04_2026_14_35,28922.70,28951.40,28913.70,28944.70,0,
28_04_2026_14_40,28944.50,28951.50,28929.90,28945.90,0,
28_04_2026_14_45,28946.20,28973.70,28935.90,28971.80,0,
28_04_2026_14_50,28971.40,29006.40,28968.70,29003.80,0,
28_04_2026_14_55,29007.10,29015.30,28990.20,28995.10,0,
28_04_2026_15_00,28996.20,29013.30,28942.60,28966.90,0,
28_04_2026_15_05,28967.20,28999.80,28942.20,28947.30,0,
28_04_2026_15_10,28949.30,28954.80,28921.40,28927.40,0,
28_04_2026_15_15,28927.20,28955.20,28927.20,28950.20,0,
28_04_2026_15_20,28951.00,28956.20,28940.00,28955.30,0,
28_04_2026_15_25,28952.90,28995.40,28952.90,28983.00,0,
29_04_2026_09_15,29076.40,29173.60,29034.30,29102.60,0,
29_04_2026_09_20,29114.90,29152.20,29083.10,29147.90,0,
29_04_2026_09_25,29149.30,29170.10,29117.20,29142.30,0,
29_04_2026_09_30,29140.90,29144.30,29080.70,29111.70,0,
29_04_2026_09_35,29119.00,29226.80,29115.00,29220.80,0,
29_04_2026_09_40,29222.40,29284.70,29217.40,29264.90,0,
29_04_2026_09_45,29265.60,29389.30,29260.20,29388.20,0,
29_04_2026_09_50,29389.60,29486.80,29368.40,29416.70,0,
29_04_2026_09_55,29419.40,29419.40,29316.30,29334.80,0,
29_04_2026_10_00,29337.80,29389.80,29335.00,29369.40,0,
29_04_2026_10_05,29368.10,29380.30,29335.80,29374.20,0,
29_04_2026_10_10,29375.40,29437.50,29363.20,29432.60,0,
29_04_2026_10_15,29434.10,29435.50,29391.80,29391.80,0,
29_04_2026_10_20,29395.40,29411.40,29386.20,29403.60,0,
29_04_2026_10_25,29404.40,29413.20,29390.20,29408.30,0,
29_04_2026_10_30,29408.90,29412.00,29365.80,29366.30,0,
29_04_2026_10_35,29369.10,29410.10,29361.20,29391.20,0,
29_04_2026_10_40,29392.20,29400.70,29344.80,29350.90,0,
29_04_2026_10_45,29352.80,29352.80,29305.10,29318.90,0,
29_04_2026_10_50,29318.00,29335.60,29301.00,29303.30,0,
29_04_2026_10_55,29304.30,29386.80,29298.00,29384.20,0,
29_04_2026_11_00,29383.10,29425.70,29382.20,29385.60,0,
29_04_2026_11_05,29382.70,29426.50,29368.50,29416.90,0,
29_04_2026_11_10,29417.30,29443.40,29407.10,29419.90,0,
29_04_2026_11_15,29422.20,29424.30,29339.90,29357.30,0,
29_04_2026_11_20,29359.30,29368.80,29320.30,29347.40,0,
29_04_2026_11_25,29348.00,29371.10,29342.20,29342.60,0,
29_04_2026_11_30,29345.00,29357.90,29335.10,29352.20,0,
29_04_2026_11_35,29352.80,29357.90,29328.30,29341.90,0,
29_04_2026_11_40,29344.80,29348.10,29317.30,29333.50,0,
29_04_2026_11_45,29336.10,29359.90,29332.10,29352.60,0,
29_04_2026_11_50,29355.10,29375.40,29349.90,29349.90,0,
29_04_2026_11_55,29351.90,29369.90,29340.20,29368.70,0,
29_04_2026_12_00,29368.80,29373.20,29354.30,29358.80,0,
29_04_2026_12_05,29359.30,29369.00,29337.30,29366.20,0,
29_04_2026_12_10,29369.80,29394.20,29367.20,29369.30,0,
29_04_2026_12_15,29373.40,29373.40,29355.70,29363.60,0,
29_04_2026_12_20,29367.60,29367.80,29340.60,29355.50,0,
29_04_2026_12_25,29356.90,29367.30,29352.20,29361.80,0,
29_04_2026_12_30,29362.80,29386.40,29352.90,29382.10,0,
29_04_2026_12_35,29384.40,29386.90,29357.80,29363.70,0,
29_04_2026_12_40,29365.40,29384.30,29360.70,29381.60,0,
29_04_2026_12_45,29381.80,29401.30,29381.80,29389.80,0,
29_04_2026_12_50,29390.80,29402.40,29382.20,29386.10,0,
29_04_2026_12_55,29386.80,29395.00,29381.40,29384.40,0,
29_04_2026_13_00,29385.40,29393.60,29380.20,29386.30,0,
29_04_2026_13_05,29383.20,29398.20,29370.80,29389.10,0,
29_04_2026_13_10,29389.10,29393.70,29381.10,29388.80,0,
29_04_2026_13_15,29389.80,29397.40,29379.40,29395.40,0,
29_04_2026_13_20,29396.10,29400.40,29380.10,29386.30,0,
29_04_2026_13_25,29386.20,29408.30,29369.80,29369.80,0,
29_04_2026_13_30,29373.00,29379.30,29338.60,29343.90,0,
29_04_2026_13_35,29345.60,29350.10,29314.20,29316.10,0,
29_04_2026_13_40,29320.20,29320.20,29271.20,29283.10,0,
29_04_2026_13_45,29285.20,29308.10,29274.60,29285.40,0,
29_04_2026_13_50,29288.20,29311.90,29286.40,29300.40,0,
29_04_2026_13_55,29301.80,29314.40,29299.40,29302.20,0,
29_04_2026_14_00,29303.20,29304.30,29228.80,29233.80,0,
29_04_2026_14_05,29237.80,29257.30,29228.60,29246.30,0,
29_04_2026_14_10,29246.80,29259.20,29235.90,29256.50,0,
29_04_2026_14_15,29260.10,29273.90,29244.80,29247.70,0,
29_04_2026_14_20,29250.80,29266.20,29244.10,29253.00,0,
29_04_2026_14_25,29254.20,29255.20,29229.20,29232.10,0,
29_04_2026_14_30,29232.60,29283.80,29223.00,29283.30,0,
29_04_2026_14_35,29283.90,29285.20,29263.10,29263.90,0,
29_04_2026_14_40,29267.20,29299.20,29264.50,29297.70,0,
29_04_2026_14_45,29299.60,29304.80,29266.30,29276.70,0,
29_04_2026_14_50,29278.60,29279.10,29264.30,29266.90,0,
29_04_2026_14_55,29270.00,29274.90,29249.30,29261.70,0,
29_04_2026_15_00,29262.60,29311.10,29259.20,29281.20,0,
29_04_2026_15_05,29281.70,29291.10,29280.70,29285.40,0,
29_04_2026_15_10,29285.40,29285.40,29240.60,29244.80,0,
29_04_2026_15_15,29243.70,29246.80,29216.10,29226.10,0,
29_04_2026_15_20,29227.90,29236.60,29198.80,29205.70,0,
29_04_2026_15_25,29208.10,29220.20,29180.40,29188.30,0,
30_04_2026_09_15,29285.70,29300.40,29122.20,29175.70,0,
30_04_2026_09_20,29176.70,29208.80,29056.50,29066.10,0,
30_04_2026_09_25,29065.20,29078.70,29012.70,29037.30,0,
30_04_2026_09_30,29031.20,29292.60,29022.70,29275.10,0,
30_04_2026_09_35,29274.60,29329.50,29229.70,29259.70,0,
30_04_2026_09_40,29259.80,29267.10,29214.30,29250.30,0,
30_04_2026_09_45,29250.20,29256.70,29215.40,29247.50,0,
30_04_2026_09_50,29247.50,29319.80,29232.80,29286.90,0,
30_04_2026_09_55,29290.20,29311.50,29252.30,29296.20,0,
30_04_2026_10_00,29295.80,29295.80,29250.80,29250.80,0,
30_04_2026_10_05,29251.80,29281.20,29224.70,29229.40,0,
30_04_2026_10_10,29228.80,29254.30,29217.40,29249.80,0,
30_04_2026_10_15,29249.20,29262.50,29199.20,29216.40,0,
30_04_2026_10_20,29217.50,29263.20,29207.80,29231.90,0,
30_04_2026_10_25,29230.20,29274.80,29222.10,29239.90,0,
30_04_2026_10_30,29242.20,29260.30,29232.30,29243.70,0,
30_04_2026_10_35,29242.70,29245.00,29213.20,29222.10,0,
30_04_2026_10_40,29221.60,29227.80,29201.40,29218.50,0,
30_04_2026_10_45,29219.20,29219.80,29165.20,29167.80,0,
30_04_2026_10_50,29168.30,29179.30,29151.10,29171.10,0,
30_04_2026_10_55,29170.40,29182.70,29157.60,29165.80,0,
30_04_2026_11_00,29166.40,29178.90,29153.90,29163.40,0,
30_04_2026_11_05,29162.90,29195.70,29161.30,29172.20,0,
30_04_2026_11_10,29175.10,29175.40,29153.30,29154.10,0,
30_04_2026_11_15,29154.70,29169.60,29135.70,29139.90,0,
30_04_2026_11_20,29140.30,29142.80,29111.80,29113.10,0,
30_04_2026_11_25,29114.90,29126.30,29108.40,29114.10,0,
30_04_2026_11_30,29111.00,29117.20,29087.80,29103.90,0,
30_04_2026_11_35,29104.10,29136.90,29098.30,29116.90,0,
30_04_2026_11_40,29114.60,29164.70,29107.30,29137.20,0,
30_04_2026_11_45,29136.30,29147.30,29126.80,29145.40,0,
30_04_2026_11_50,29147.00,29217.90,29143.50,29212.90,0,
30_04_2026_11_55,29212.90,29261.20,29209.80,29254.30,0,
30_04_2026_12_00,29252.90,29293.10,29250.10,29273.70,0,
30_04_2026_12_05,29270.20,29300.80,29247.70,29260.20,0,
30_04_2026_12_10,29258.70,29275.80,29237.70,29275.80,0,
30_04_2026_12_15,29274.00,29277.70,29255.00,29270.50,0,
30_04_2026_12_20,29268.30,29306.20,29262.80,29297.50,0,
30_04_2026_12_25,29297.10,29310.70,29284.70,29309.20,0,
30_04_2026_12_30,29308.60,29371.80,29305.80,29370.50,0,
30_04_2026_12_35,29369.20,29385.10,29333.60,29352.90,0,
30_04_2026_12_40,29355.20,29446.60,29347.70,29432.90,0,
30_04_2026_12_45,29435.10,29455.60,29421.20,29441.80,0,
30_04_2026_12_50,29440.40,29461.60,29379.80,29398.90,0,
30_04_2026_12_55,29398.50,29410.40,29387.40,29389.70,0,
30_04_2026_13_00,29389.10,29413.00,29375.60,29387.40,0,
30_04_2026_13_05,29387.80,29388.10,29332.20,29371.10,0,
30_04_2026_13_10,29371.80,29404.80,29361.40,29399.10,0,
30_04_2026_13_15,29400.50,29413.60,29387.20,29403.80,0,
30_04_2026_13_20,29402.80,29424.30,29395.30,29402.20,0,
30_04_2026_13_25,29401.80,29421.60,29392.90,29402.10,0,
30_04_2026_13_30,29399.40,29431.70,29389.40,29416.90,0,
30_04_2026_13_35,29416.30,29443.90,29415.30,29424.20,0,
30_04_2026_13_40,29429.70,29488.20,29423.40,29480.80,0,
30_04_2026_13_45,29480.90,29497.90,29467.50,29491.20,0,
30_04_2026_13_50,29491.80,29502.20,29464.00,29482.20,0,
30_04_2026_13_55,29480.30,29505.80,29480.30,29492.30,0,
30_04_2026_14_00,29492.30,29543.10,29488.80,29527.10,0,
30_04_2026_14_05,29526.60,29530.10,29479.80,29487.30,0,
30_04_2026_14_10,29483.60,29506.80,29465.70,29465.70,0,
30_04_2026_14_15,29466.60,29474.80,29440.40,29444.30,0,
30_04_2026_14_20,29447.70,29453.60,29424.60,29442.40,0,
30_04_2026_14_25,29442.10,29447.90,29404.60,29419.90,0,
30_04_2026_14_30,29416.70,29478.20,29414.50,29468.90,0,
30_04_2026_14_35,29472.00,29483.30,29451.90,29481.60,0,
30_04_2026_14_40,29483.40,29525.50,29475.70,29507.00,0,
30_04_2026_14_45,29507.10,29515.90,29450.70,29452.70,0,
30_04_2026_14_50,29454.10,29454.10,29413.20,29413.20,0,
30_04_2026_14_55,29414.00,29441.00,29407.90,29424.60,0,
30_04_2026_15_00,29427.20,29427.20,29344.90,29355.40,0,
30_04_2026_15_05,29354.10,29354.20,29323.40,29326.40,0,
30_04_2026_15_10,29327.10,29338.90,29316.20,29331.60,0,
30_04_2026_15_15,29330.60,29361.20,29330.40,29360.80,0,
30_04_2026_15_20,29360.80,29370.40,29333.80,29369.80,0,
30_04_2026_15_25,29370.20,29403.10,29349.70,29377.00,0,
04_05_2026_09_15,29598.30,29664.50,29327.30,29345.30,0,
04_05_2026_09_20,29352.30,29407.80,29349.20,29352.60,0,
04_05_2026_09_25,29354.60,29419.20,29321.90,29378.60,0,
04_05_2026_09_30,29380.50,29417.70,29305.80,29406.60,0,
04_05_2026_09_35,29405.70,29503.40,29387.50,29435.50,0,
04_05_2026_09_40,29434.30,29448.60,29388.20,29422.70,0,
04_05_2026_09_45,29422.60,29422.60,29384.00,29387.20,0,
04_05_2026_09_50,29386.90,29433.50,29357.90,29386.50,0,
04_05_2026_09_55,29385.10,29392.60,29348.60,29368.80,0,
04_05_2026_10_00,29369.50,29377.20,29337.20,29366.40,0,
04_05_2026_10_05,29366.40,29399.10,29335.70,29343.20,0,
04_05_2026_10_10,29343.90,29346.30,29201.20,29222.20,0,
04_05_2026_10_15,29222.10,29265.10,29218.80,29249.30,0,
04_05_2026_10_20,29249.30,29249.30,29163.70,29166.10,0,
04_05_2026_10_25,29165.00,29191.90,29133.70,29189.90,0,
04_05_2026_10_30,29191.70,29224.00,29167.10,29177.70,0,
04_05_2026_10_35,29177.70,29218.30,29177.70,29214.80,0,
04_05_2026_10_40,29212.10,29216.70,29175.70,29185.80,0,
04_05_2026_10_45,29187.30,29204.60,29176.80,29197.80,0,
04_05_2026_10_50,29195.10,29209.20,29170.10,29192.80,0,
04_05_2026_10_55,29190.80,29196.30,29161.20,29178.30,0,
04_05_2026_11_00,29177.90,29206.20,29173.70,29200.20,0,
04_05_2026_11_05,29199.80,29213.40,29164.90,29166.20,0,
04_05_2026_11_10,29168.20,29227.70,29165.20,29224.20,0,
04_05_2026_11_15,29225.90,29241.20,29207.20,29213.40,0,
04_05_2026_11_20,29213.70,29218.80,29196.80,29199.20,0,
04_05_2026_11_25,29199.20,29214.40,29189.80,29192.90,0,
04_05_2026_11_30,29192.70,29197.60,29159.60,29171.80,0,
04_05_2026_11_35,29172.00,29174.20,29120.50,29142.30,0,
04_05_2026_11_40,29141.60,29160.90,29132.30,29135.40,0,
04_05_2026_11_45,29135.60,29179.20,29123.80,29177.10,0,
04_05_2026_11_50,29176.80,29185.40,29143.80,29150.80,0,
04_05_2026_11_55,29150.80,29161.20,29140.90,29147.60,0,
04_05_2026_12_00,29147.30,29163.10,29140.20,29145.80,0,
04_05_2026_12_05,29145.80,29151.10,29132.80,29147.90,0,
04_05_2026_12_10,29146.60,29148.40,29089.40,29090.90,0,
04_05_2026_12_15,29090.30,29116.10,29071.70,29111.20,0,
04_05_2026_12_20,29110.70,29120.30,29070.50,29105.60,0,
04_05_2026_12_25,29105.50,29143.10,29104.90,29130.30,0,
04_05_2026_12_30,29129.40,29136.50,29111.30,29118.90,0,
04_05_2026_12_35,29119.20,29145.40,29089.80,29089.90,0,
04_05_2026_12_40,29092.80,29093.60,29055.20,29059.00,0,
04_05_2026_12_45,29059.80,29068.20,29039.60,29044.80,0,
04_05_2026_12_50,29045.20,29078.80,29044.20,29063.30,0,
04_05_2026_12_55,29063.90,29063.90,29045.80,29049.20,0,
04_05_2026_13_00,29049.90,29062.40,29042.80,29057.20,0,
04_05_2026_13_05,29057.20,29068.90,29049.40,29062.80,0,
04_05_2026_13_10,29062.90,29070.90,29054.50,29058.40,0,
04_05_2026_13_15,29060.40,29070.00,29050.80,29054.80,0,
04_05_2026_13_20,29053.80,29054.70,29013.30,29020.60,0,
04_05_2026_13_25,29021.70,29034.30,28980.30,28985.20,0,
04_05_2026_13_30,28985.70,28998.30,28962.70,28968.30,0,
04_05_2026_13_35,28967.90,28978.80,28955.60,28974.40,0,
04_05_2026_13_40,28975.60,29031.40,28974.20,29016.70,0,
04_05_2026_13_45,29015.70,29035.20,29004.20,29022.20,0,
04_05_2026_13_50,29022.20,29049.20,29016.20,29026.90,0,
04_05_2026_13_55,29027.80,29038.60,28994.90,29037.20,0,
04_05_2026_14_00,29038.10,29050.30,29018.90,29049.70,0,
04_05_2026_14_05,29049.70,29069.90,29044.00,29069.20,0,
04_05_2026_14_10,29078.80,29125.80,29078.80,29106.80,0,
04_05_2026_14_15,29108.20,29160.90,29106.20,29132.30,0,
04_05_2026_14_20,29132.30,29140.80,29104.20,29107.90,0,
04_05_2026_14_25,29109.30,29118.80,29093.70,29103.10,0,
04_05_2026_14_30,29103.80,29119.30,29090.20,29097.00,0,
04_05_2026_14_35,29097.60,29119.40,29097.40,29112.20,0,
04_05_2026_14_40,29109.10,29117.10,29081.30,29092.10,0,
04_05_2026_14_45,29095.40,29097.90,29070.50,29078.60,0,
04_05_2026_14_50,29079.40,29083.50,29040.80,29080.00,0,
04_05_2026_14_55,29085.30,29092.50,29054.70,29076.80,0,
04_05_2026_15_00,29079.60,29096.30,29057.10,29078.90,0,
04_05_2026_15_05,29081.30,29099.10,29078.20,29083.90,0,
04_05_2026_15_10,29088.40,29104.60,29077.90,29082.10,0,
04_05_2026_15_15,29084.80,29096.90,29069.20,29074.60,0,
04_05_2026_15_20,29079.40,29081.90,29044.40,29044.40,0,
04_05_2026_15_25,29050.70,29077.80,29042.00,29074.70,0,
05_05_2026_09_15,29060.20,29323.80,28889.40,29313.10,0,
05_05_2026_09_20,29313.60,29407.00,29139.20,29139.20,0,
05_05_2026_09_25,29143.40,29178.80,29098.80,29138.80,0,
05_05_2026_09_30,29137.20,29173.90,29128.40,29136.90,0,
05_05_2026_09_35,29137.30,29137.30,29091.80,29117.70,0,
05_05_2026_09_40,29119.30,29134.20,29085.70,29101.80,0,
05_05_2026_09_45,29102.60,29223.20,29090.50,29209.80,0,
05_05_2026_09_50,29212.10,29274.70,29196.90,29270.80,0,
05_05_2026_09_55,29269.30,29277.20,29182.30,29212.20,0,
05_05_2026_10_00,29212.90,29230.20,29163.20,29203.00,0,
05_05_2026_10_05,29201.90,29224.90,29173.80,29176.40,0,
05_05_2026_10_10,29180.10,29188.30,29152.20,29156.40,0,
05_05_2026_10_15,29157.20,29172.70,29107.40,29160.20,0,
05_05_2026_10_20,29157.70,29178.10,29143.90,29146.60,0,
05_05_2026_10_25,29146.60,29160.20,29118.90,29139.60,0,
05_05_2026_10_30,29140.10,29167.20,29130.00,29153.60,0,
05_05_2026_10_35,29153.60,29159.10,29108.20,29145.70,0,
05_05_2026_10_40,29145.70,29153.80,29121.90,29134.10,0,
05_05_2026_10_45,29134.10,29140.10,29102.30,29109.80,0,
05_05_2026_10_50,29110.20,29115.80,29079.60,29081.80,0,
05_05_2026_10_55,29081.80,29106.40,29068.40,29105.40,0,
05_05_2026_11_00,29107.60,29147.90,29084.20,29147.30,0,
05_05_2026_11_05,29147.10,29160.10,29122.80,29123.20,0,
05_05_2026_11_10,29123.60,29148.50,29121.40,29141.90,0,
05_05_2026_11_15,29143.20,29162.80,29131.00,29139.20,0,
05_05_2026_11_20,29139.20,29163.20,29129.60,29131.30,0,
05_05_2026_11_25,29129.50,29138.40,29116.70,29126.30,0,
05_05_2026_11_30,29127.00,29145.20,29114.20,29138.70,0,
05_05_2026_11_35,29138.20,29153.80,29120.40,29125.90,0,
05_05_2026_11_40,29128.80,29130.30,29057.40,29062.40,0,
05_05_2026_11_45,29062.40,29064.80,29030.20,29064.80,0,
05_05_2026_11_50,29064.10,29088.40,29051.80,29073.70,0,
05_05_2026_11_55,29073.70,29076.70,29052.20,29056.40,0,
05_05_2026_12_00,29056.40,29064.60,29041.80,29055.30,0,
05_05_2026_12_05,29054.70,29065.80,29048.20,29064.20,0,
05_05_2026_12_10,29064.30,29086.20,29059.20,29076.20,0,
05_05_2026_12_15,29076.20,29104.20,29073.40,29093.30,0,
05_05_2026_12_20,29093.70,29099.70,29065.80,29066.10,0,
05_05_2026_12_25,29064.80,29070.00,29048.80,29058.70,0,
05_05_2026_12_30,29057.80,29078.70,29054.80,29072.70,0,
05_05_2026_12_35,29068.60,29088.40,29062.80,29083.20,0,
05_05_2026_12_40,29083.20,29097.60,29068.60,29069.00,0,
05_05_2026_12_45,29069.00,29071.70,29040.10,29043.80,0,
05_05_2026_12_50,29043.10,29058.70,29029.10,29041.30,0,
05_05_2026_12_55,29040.30,29065.90,29032.80,29057.50,0,
05_05_2026_13_00,29058.10,29070.60,29035.80,29047.20,0,
05_05_2026_13_05,29047.20,29087.90,29036.30,29059.80,0,
05_05_2026_13_10,29059.70,29069.90,29053.40,29058.00,0,
05_05_2026_13_15,29053.30,29071.30,29038.40,29062.30,0,
05_05_2026_13_20,29062.30,29066.70,29037.90,29047.70,0,
05_05_2026_13_25,29048.00,29056.10,29020.20,29023.70,0,
05_05_2026_13_30,29029.90,29041.40,29012.20,29025.90,0,
05_05_2026_13_35,29026.90,29079.60,29025.60,29051.00,0,
05_05_2026_13_40,29052.80,29093.10,29042.40,29085.40,0,
05_05_2026_13_45,29085.20,29098.20,29065.60,29073.30,0,
05_05_2026_13_50,29073.00,29084.60,29056.80,29061.60,0,
05_05_2026_13_55,29061.60,29066.40,29032.60,29035.90,0,
05_05_2026_14_00,29037.40,29050.10,29024.70,29025.90,0,
05_05_2026_14_05,29025.90,29042.10,29023.20,29032.90,0,
05_05_2026_14_10,29032.90,29052.60,29019.40,29039.00,0,
05_05_2026_14_15,29042.70,29072.20,29034.70,29060.10,0,
05_05_2026_14_20,29060.10,29080.80,29059.50,29067.20,0,
05_05_2026_14_25,29067.90,29111.80,29058.50,29111.20,0,
05_05_2026_14_30,29111.20,29121.00,29077.80,29084.30,0,
05_05_2026_14_35,29084.30,29093.90,29064.30,29075.20,0,
05_05_2026_14_40,29074.60,29116.20,29062.30,29106.80,0,
05_05_2026_14_45,29109.20,29114.60,29076.10,29083.10,0,
05_05_2026_14_50,29083.50,29090.40,29053.70,29068.30,0,
05_05_2026_14_55,29068.60,29077.30,29034.60,29038.20,0,
05_05_2026_15_00,29044.50,29092.40,29031.50,29092.40,0,
05_05_2026_15_05,29094.50,29118.40,29072.30,29111.90,0,
05_05_2026_15_10,29117.80,29123.50,29091.20,29121.80,0,
05_05_2026_15_15,29124.40,29136.40,29118.30,29129.80,0,
05_05_2026_15_20,29133.10,29133.80,29095.10,29111.40,0,
05_05_2026_15_25,29114.70,29139.10,29112.60,29116.10,0,
06_05_2026_09_15,29421.00,29543.40,29379.30,29448.70,0,
06_05_2026_09_20,29454.40,29604.90,29451.40,29590.50,0,
06_05_2026_09_25,29592.60,29646.10,29589.50,29599.60,0,
06_05_2026_09_30,29601.20,29643.20,29521.40,29523.20,0,
06_05_2026_09_35,29526.40,29544.20,29426.80,29461.90,0,
06_05_2026_09_40,29462.40,29462.40,29369.80,29383.20,0,
06_05_2026_09_45,29381.00,29407.00,29340.80,29369.40,0,
06_05_2026_09_50,29370.20,29391.30,29364.00,29380.20,0,
06_05_2026_09_55,29382.30,29443.80,29379.20,29395.80,0,
06_05_2026_10_00,29395.20,29403.20,29384.40,29397.80,0,
06_05_2026_10_05,29399.00,29418.90,29374.90,29412.10,0,
06_05_2026_10_10,29412.10,29445.30,29407.70,29443.50,0,
06_05_2026_10_15,29442.40,29461.40,29417.50,29420.70,0,
06_05_2026_10_20,29419.30,29420.10,29387.30,29398.60,0,
06_05_2026_10_25,29400.50,29409.20,29358.30,29361.30,0,
06_05_2026_10_30,29360.70,29360.70,29292.30,29297.90,0,
06_05_2026_10_35,29297.80,29297.80,29271.10,29277.10,0,
06_05_2026_10_40,29276.40,29329.10,29276.40,29311.40,0,
06_05_2026_10_45,29311.90,29318.80,29296.80,29310.10,0,
06_05_2026_10_50,29309.70,29311.30,29285.30,29300.30,0,
06_05_2026_10_55,29300.20,29316.20,29286.70,29304.10,0,
06_05_2026_11_00,29301.70,29317.20,29298.10,29299.60,0,
06_05_2026_11_05,29301.10,29305.50,29285.20,29290.60,0,
06_05_2026_11_10,29291.80,29305.50,29262.40,29299.70,0,
06_05_2026_11_15,29299.10,29365.30,29296.10,29347.00,0,
06_05_2026_11_20,29345.90,29364.80,29328.80,29340.20,0,
06_05_2026_11_25,29339.20,29353.00,29334.10,29336.50,0,
06_05_2026_11_30,29337.40,29337.40,29316.60,29324.70,0,
06_05_2026_11_35,29325.30,29325.30,29295.20,29299.30,0,
06_05_2026_11_40,29300.40,29346.50,29297.10,29332.80,0,
06_05_2026_11_45,29332.40,29358.80,29321.30,29355.00,0,
06_05_2026_11_50,29354.80,29355.20,29323.90,29325.70,0,
06_05_2026_11_55,29326.30,29333.40,29311.20,29318.60,0,
06_05_2026_12_00,29319.60,29341.70,29314.60,29324.10,0,
06_05_2026_12_05,29327.00,29328.40,29284.60,29292.40,0,
06_05_2026_12_10,29293.40,29293.40,29266.70,29270.20,0,
06_05_2026_12_15,29271.00,29271.00,29228.40,29247.30,0,
06_05_2026_12_20,29249.20,29249.50,29227.60,29240.80,0,
06_05_2026_12_25,29241.40,29254.80,29231.80,29249.20,0,
06_05_2026_12_30,29249.20,29251.10,29218.20,29227.60,0,
06_05_2026_12_35,29226.20,29241.10,29225.10,29232.30,0,
06_05_2026_12_40,29233.70,29237.90,29195.30,29200.20,0,
06_05_2026_12_45,29200.90,29202.90,29152.50,29176.90,0,
06_05_2026_12_50,29174.10,29174.60,29132.80,29137.70,0,
06_05_2026_12_55,29138.50,29151.40,29131.20,29147.10,0,
06_05_2026_13_00,29147.60,29150.00,29129.20,29137.00,0,
06_05_2026_13_05,29137.20,29206.70,29135.50,29200.20,0,
06_05_2026_13_10,29202.50,29202.50,29173.60,29190.90,0,
06_05_2026_13_15,29191.70,29211.80,29187.90,29209.70,0,
06_05_2026_13_20,29210.20,29232.90,29206.10,29232.20,0,
06_05_2026_13_25,29232.30,29247.80,29219.20,29229.20,0,
06_05_2026_13_30,29226.30,29231.40,29206.10,29214.30,0,
06_05_2026_13_35,29215.40,29246.00,29211.80,29229.20,0,
06_05_2026_13_40,29227.20,29235.20,29215.70,29228.00,0,
06_05_2026_13_45,29228.40,29232.70,29214.00,29231.50,0,
06_05_2026_13_50,29231.70,29241.40,29183.40,29189.80,0,
06_05_2026_13_55,29191.70,29193.80,29136.30,29147.90,0,
06_05_2026_14_00,29147.80,29153.70,29123.80,29142.90,0,
06_05_2026_14_05,29143.80,29158.20,29128.70,29134.20,0,
06_05_2026_14_10,29133.70,29165.40,29127.80,29152.20,0,
06_05_2026_14_15,29154.70,29175.80,29149.30,29168.70,0,
06_05_2026_14_20,29169.80,29266.90,29169.50,29263.60,0,
06_05_2026_14_25,29265.70,29333.90,29263.50,29320.10,0,
06_05_2026_14_30,29320.70,29334.70,29240.20,29269.00,0,
06_05_2026_14_35,29268.80,29281.40,29240.90,29258.80,0,
06_05_2026_14_40,29258.30,29298.50,29254.00,29298.50,0,
06_05_2026_14_45,29298.40,29322.40,29292.70,29312.30,0,
06_05_2026_14_50,29315.30,29315.30,29273.80,29288.90,0,
06_05_2026_14_55,29289.40,29306.20,29286.70,29296.50,0,
06_05_2026_15_00,29296.20,29311.00,29270.30,29294.60,0,
06_05_2026_15_05,29296.80,29302.10,29283.80,29286.20,0,
06_05_2026_15_10,29288.20,29290.90,29254.60,29256.10,0,
06_05_2026_15_15,29253.30,29272.60,29251.20,29268.40,0,
06_05_2026_15_20,29270.00,29270.00,29228.20,29254.60,0,
06_05_2026_15_25,29255.80,29303.90,29254.50,29292.90,0,
07_05_2026_09_15,29385.20,29418.00,29276.80,29324.60,0,
07_05_2026_09_20,29326.40,29339.70,29221.20,29244.70,0,
07_05_2026_09_25,29246.30,29248.80,29160.90,29169.10,0,
07_05_2026_09_30,29170.20,29213.70,29103.10,29125.40,0,
07_05_2026_09_35,29122.80,29164.70,29117.70,29157.40,0,
07_05_2026_09_40,29156.60,29245.20,29154.20,29226.80,0,
07_05_2026_09_45,29223.10,29230.30,29192.60,29192.60,0,
07_05_2026_09_50,29190.00,29192.40,29146.10,29160.30,0,
07_05_2026_09_55,29160.10,29221.70,29156.40,29188.80,0,
07_05_2026_10_00,29190.40,29192.30,29161.80,29187.20,0,
07_05_2026_10_05,29188.70,29198.70,29160.70,29163.90,0,
07_05_2026_10_10,29163.40,29176.30,29129.90,29145.90,0,
07_05_2026_10_15,29147.30,29171.80,29136.00,29163.60,0,
07_05_2026_10_20,29162.80,29179.10,29161.00,29172.00,0,
07_05_2026_10_25,29171.10,29173.50,29132.90,29143.20,0,
07_05_2026_10_30,29144.20,29179.40,29144.10,29177.10,0,
07_05_2026_10_35,29175.90,29178.40,29146.20,29147.80,0,
07_05_2026_10_40,29147.40,29155.60,29125.40,29130.00,0,
07_05_2026_10_45,29129.80,29137.70,29124.70,29130.80,0,
07_05_2026_10_50,29130.10,29132.30,29099.70,29126.80,0,
07_05_2026_10_55,29126.90,29133.60,29110.80,29133.30,0,
07_05_2026_11_00,29133.60,29136.20,29096.60,29104.40,0,
07_05_2026_11_05,29104.40,29106.50,29077.20,29085.10,0,
07_05_2026_11_10,29086.20,29090.40,29070.90,29077.30,0,
07_05_2026_11_15,29077.00,29081.60,29064.30,29071.00,0,
07_05_2026_11_20,29071.20,29071.20,29038.20,29044.40,0,
07_05_2026_11_25,29044.90,29057.70,29021.10,29056.40,0,
07_05_2026_11_30,29057.60,29110.40,29057.60,29094.60,0,
07_05_2026_11_35,29095.80,29105.70,29081.00,29081.00,0,
07_05_2026_11_40,29080.60,29083.70,29048.90,29059.60,0,
07_05_2026_11_45,29060.50,29075.60,29054.70,29072.30,0,
07_05_2026_11_50,29071.80,29087.80,29060.80,29080.40,0,
07_05_2026_11_55,29079.40,29107.20,29077.90,29100.80,0,
07_05_2026_12_00,29100.50,29128.70,29092.90,29096.80,0,
07_05_2026_12_05,29096.40,29110.20,29085.80,29098.30,0,
07_05_2026_12_10,29097.70,29108.10,29083.40,29088.90,0,
07_05_2026_12_15,29089.10,29115.60,29085.60,29108.60,0,
07_05_2026_12_20,29107.90,29125.20,29105.10,29123.20,0,
07_05_2026_12_25,29123.20,29133.40,29115.80,29117.60,0,
07_05_2026_12_30,29117.30,29125.20,29096.00,29121.10,0,
07_05_2026_12_35,29119.50,29191.60,29115.40,29186.10,0,
07_05_2026_12_40,29189.30,29204.70,29182.20,29194.60,0,
07_05_2026_12_45,29194.00,29199.60,29177.20,29197.40,0,
07_05_2026_12_50,29196.20,29201.40,29155.60,29156.30,0,
07_05_2026_12_55,29155.80,29168.90,29124.60,29163.40,0,
07_05_2026_13_00,29159.80,29182.30,29150.40,29175.40,0,
07_05_2026_13_05,29176.30,29200.30,29175.70,29189.70,0,
07_05_2026_13_10,29190.00,29190.00,29157.50,29179.10,0,
07_05_2026_13_15,29178.20,29181.20,29123.70,29155.00,0,
07_05_2026_13_20,29154.90,29167.90,29142.90,29152.70,0,
07_05_2026_13_25,29152.40,29160.80,29146.60,29152.70,0,
07_05_2026_13_30,29152.30,29159.80,29142.90,29150.60,0,
07_05_2026_13_35,29150.60,29154.10,29126.00,29126.70,0,
07_05_2026_13_40,29127.30,29161.40,29118.30,29151.60,0,
07_05_2026_13_45,29151.10,29167.20,29139.90,29161.80,0,
07_05_2026_13_50,29160.90,29163.60,29143.60,29162.20,0,
07_05_2026_13_55,29162.20,29164.40,29146.20,29152.40,0,
07_05_2026_14_00,29152.40,29157.20,29124.30,29127.20,0,
07_05_2026_14_05,29126.70,29145.20,29109.80,29138.70,0,
07_05_2026_14_10,29137.40,29141.20,29095.20,29101.70,0,
07_05_2026_14_15,29101.60,29113.20,29081.60,29081.60,0,
07_05_2026_14_20,29081.20,29114.20,29079.40,29094.80,0,
07_05_2026_14_25,29095.20,29121.30,29095.20,29101.80,0,
07_05_2026_14_30,29101.60,29132.90,29091.70,29121.60,0,
07_05_2026_14_35,29121.60,29122.10,29084.40,29084.40,0,
07_05_2026_14_40,29082.00,29106.70,29082.00,29092.20,0,
07_05_2026_14_45,29092.70,29100.40,29079.80,29083.10,0,
07_05_2026_14_50,29082.60,29104.40,29082.60,29096.50,0,
07_05_2026_14_55,29097.10,29101.20,29071.80,29078.10,0,
07_05_2026_15_00,29081.40,29081.40,29047.30,29049.60,0,
07_05_2026_15_05,29047.90,29049.40,29011.30,29012.80,0,
07_05_2026_15_10,29013.20,29050.20,29009.40,29043.60,0,
07_05_2026_15_15,29044.10,29065.50,29043.20,29061.20,0,
07_05_2026_15_20,29059.60,29064.10,29042.30,29048.10,0,
07_05_2026_15_25,29047.00,29084.10,29038.70,29082.90,0,
08_05_2026_09_15,29031.20,29255.60,28961.80,29237.30,0,
08_05_2026_09_20,29237.90,29263.10,29160.70,29193.10,0,
08_05_2026_09_25,29190.10,29311.90,29167.20,29279.60,0,
08_05_2026_09_30,29278.80,29281.20,29154.70,29193.00,0,
08_05_2026_09_35,29194.00,29236.10,29167.90,29218.10,0,
08_05_2026_09_40,29218.90,29246.20,29187.70,29200.20,0,
08_05_2026_09_45,29195.80,29229.40,29166.40,29226.30,0,
08_05_2026_09_50,29226.70,29244.80,29211.10,29233.10,0,
08_05_2026_09_55,29232.40,29240.20,29198.20,29231.20,0,
08_05_2026_10_00,29230.90,29247.10,29200.70,29203.00,0,
08_05_2026_10_05,29202.10,29224.20,29198.20,29198.20,0,
08_05_2026_10_10,29198.80,29233.80,29190.10,29224.60,0,
08_05_2026_10_15,29226.40,29241.30,29208.40,29223.40,0,
08_05_2026_10_20,29225.70,29311.30,29216.80,29286.60,0,
08_05_2026_10_25,29287.70,29310.80,29252.60,29303.30,0,
08_05_2026_10_30,29304.60,29359.60,29302.30,29324.50,0,
08_05_2026_10_35,29324.40,29332.80,29285.90,29301.90,0,
08_05_2026_10_40,29301.40,29311.90,29269.60,29306.50,0,
08_05_2026_10_45,29308.20,29308.20,29259.00,29261.80,0,
08_05_2026_10_50,29262.70,29307.10,29259.90,29283.50,0,
08_05_2026_10_55,29283.70,29305.50,29282.20,29289.30,0,
08_05_2026_11_00,29290.20,29292.70,29255.20,29262.60,0,
08_05_2026_11_05,29261.70,29274.80,29258.50,29261.30,0,
08_05_2026_11_10,29262.00,29264.80,29238.90,29242.20,0,
08_05_2026_11_15,29241.20,29244.10,29205.20,29208.40,0,
08_05_2026_11_20,29208.80,29230.70,29188.90,29194.70,0,
08_05_2026_11_25,29196.40,29217.60,29196.40,29202.20,0,
08_05_2026_11_30,29200.90,29233.20,29194.20,29228.70,0,
08_05_2026_11_35,29230.00,29239.90,29225.80,29231.10,0,
08_05_2026_11_40,29230.80,29244.60,29200.40,29200.40,0,
08_05_2026_11_45,29200.40,29211.60,29192.60,29192.60,0,
08_05_2026_11_50,29193.80,29216.90,29189.20,29209.10,0,
08_05_2026_11_55,29211.30,29213.70,29189.10,29190.80,0,
08_05_2026_12_00,29194.80,29202.70,29184.30,29192.90,0,
08_05_2026_12_05,29195.30,29199.60,29176.80,29179.00,0,
08_05_2026_12_10,29179.10,29200.00,29175.80,29196.50,0,
08_05_2026_12_15,29195.70,29200.10,29187.10,29198.40,0,
08_05_2026_12_20,29199.70,29201.60,29151.80,29162.50,0,
08_05_2026_12_25,29162.50,29248.90,29159.80,29244.30,0,
08_05_2026_12_30,29243.20,29286.20,29233.30,29244.60,0,
08_05_2026_12_35,29241.50,29289.80,29217.90,29262.80,0,
08_05_2026_12_40,29261.40,29290.30,29261.40,29263.00,0,
08_05_2026_12_45,29263.30,29267.90,29241.20,29252.50,0,
08_05_2026_12_50,29250.60,29271.90,29237.90,29271.50,0,
08_05_2026_12_55,29270.60,29287.10,29270.60,29283.30,0,
08_05_2026_13_00,29283.10,29287.50,29277.80,29282.10,0,
08_05_2026_13_05,29281.60,29327.80,29278.40,29309.30,0,
08_05_2026_13_10,29309.80,29343.80,29304.20,29333.50,0,
08_05_2026_13_15,29335.80,29346.30,29329.30,29331.00,0,
08_05_2026_13_20,29329.60,29348.20,29326.30,29343.60,0,
08_05_2026_13_25,29346.10,29398.60,29344.30,29389.70,0,
08_05_2026_13_30,29391.30,29395.40,29365.60,29383.60,0,
08_05_2026_13_35,29384.20,29390.20,29331.80,29342.40,0,
08_05_2026_13_40,29342.80,29361.00,29327.20,29328.10,0,
08_05_2026_13_45,29332.20,29337.30,29317.10,29324.90,0,
08_05_2026_13_50,29324.70,29332.90,29305.40,29318.60,0,
08_05_2026_13_55,29321.30,29326.10,29284.80,29291.70,0,
08_05_2026_14_00,29292.20,29335.20,29284.50,29323.70,0,
08_05_2026_14_05,29322.20,29377.20,29318.00,29368.70,0,
08_05_2026_14_10,29368.80,29376.60,29355.20,29363.30,0,
08_05_2026_14_15,29361.00,29364.20,29345.40,29352.30,0,
08_05_2026_14_20,29352.10,29369.10,29349.60,29353.40,0,
08_05_2026_14_25,29352.90,29389.50,29352.90,29388.40,0,
08_05_2026_14_30,29388.70,29446.80,29384.90,29439.20,0,
08_05_2026_14_35,29438.80,29474.60,29432.50,29469.80,0,
08_05_2026_14_40,29473.20,29485.60,29448.70,29453.90,0,
08_05_2026_14_45,29452.80,29480.10,29441.70,29475.90,0,
08_05_2026_14_50,29479.00,29490.60,29465.40,29472.50,0,
08_05_2026_14_55,29471.30,29474.70,29421.50,29436.80,0,
08_05_2026_15_00,29437.50,29438.60,29379.80,29392.30,0,
08_05_2026_15_05,29392.70,29412.00,29375.30,29412.00,0,
08_05_2026_15_10,29408.90,29415.40,29395.80,29398.40,0,
08_05_2026_15_15,29398.00,29417.30,29390.40,29391.90,0,
08_05_2026_15_20,29392.00,29394.20,29371.60,29393.10,0,
08_05_2026_15_25,29390.20,29405.20,29387.00,29395.20,0,
11_05_2026_09_15,29312.10,29418.20,29274.10,29377.40,0,
11_05_2026_09_20,29375.60,29385.60,29284.90,29374.90,0,
11_05_2026_09_25,29375.20,29392.20,29322.60,29353.40,0,
11_05_2026_09_30,29350.30,29404.20,29337.90,29391.80,0,
11_05_2026_09_35,29388.10,29394.50,29324.90,29333.30,0,
11_05_2026_09_40,29334.00,29362.20,29301.70,29303.20,0,
11_05_2026_09_45,29303.30,29376.60,29302.80,29370.00,0,
11_05_2026_09_50,29372.50,29400.90,29335.60,29400.00,0,
11_05_2026_09_55,29401.20,29419.10,29366.70,29371.90,0,
11_05_2026_10_00,29372.60,29394.30,29348.10,29359.20,0,
11_05_2026_10_05,29360.60,29404.90,29352.70,29370.50,0,
11_05_2026_10_10,29368.00,29372.50,29341.80,29349.80,0,
11_05_2026_10_15,29351.20,29352.50,29282.60,29311.50,0,
11_05_2026_10_20,29311.80,29352.10,29308.20,29322.80,0,
11_05_2026_10_25,29325.60,29374.20,29312.20,29352.20,0,
11_05_2026_10_30,29353.40,29452.80,29351.10,29448.90,0,
11_05_2026_10_35,29449.20,29461.10,29406.80,29431.20,0,
11_05_2026_10_40,29427.60,29434.90,29409.90,29427.80,0,
11_05_2026_10_45,29427.70,29432.30,29395.20,29399.30,0,
11_05_2026_10_50,29399.90,29426.70,29387.80,29420.10,0,
11_05_2026_10_55,29418.20,29475.70,29407.20,29463.40,0,
11_05_2026_11_00,29463.60,29507.50,29455.40,29499.00,0,
11_05_2026_11_05,29499.00,29514.70,29474.40,29481.50,0,
11_05_2026_11_10,29479.40,29496.10,29461.40,29465.80,0,
11_05_2026_11_15,29468.20,29470.20,29396.60,29429.40,0,
11_05_2026_11_20,29429.00,29441.20,29415.80,29421.70,0,
11_05_2026_11_25,29423.60,29438.80,29406.40,29423.40,0,
11_05_2026_11_30,29421.60,29423.60,29379.10,29404.20,0,
11_05_2026_11_35,29404.20,29451.80,29386.90,29451.80,0,
11_05_2026_11_40,29454.70,29501.80,29448.20,29499.70,0,
11_05_2026_11_45,29499.70,29502.80,29469.90,29476.20,0,
11_05_2026_11_50,29476.20,29508.90,29476.20,29508.90,0,
11_05_2026_11_55,29508.20,29512.60,29489.00,29502.80,0,
11_05_2026_12_00,29502.80,29506.60,29494.30,29502.70,0,
11_05_2026_12_05,29503.20,29536.90,29499.70,29500.20,0,
11_05_2026_12_10,29500.20,29502.40,29464.10,29465.20,0,
11_05_2026_12_15,29465.20,29469.40,29440.20,29452.70,0,
11_05_2026_12_20,29453.20,29498.20,29450.20,29466.30,0,
11_05_2026_12_25,29466.20,29486.20,29464.40,29468.20,0,
11_05_2026_12_30,29467.50,29498.10,29467.30,29484.80,0,
11_05_2026_12_35,29483.50,29494.10,29458.40,29467.40,0,
11_05_2026_12_40,29467.20,29516.20,29467.20,29511.20,0,
11_05_2026_12_45,29510.60,29516.30,29486.10,29486.80,0,
11_05_2026_12_50,29487.30,29503.10,29482.50,29501.80,0,
11_05_2026_12_55,29501.10,29505.80,29475.70,29475.70,0,
11_05_2026_13_00,29475.30,29482.50,29443.80,29456.00,0,
11_05_2026_13_05,29456.70,29497.20,29449.70,29493.10,0,
11_05_2026_13_10,29491.80,29495.20,29476.20,29484.60,0,
11_05_2026_13_15,29484.30,29486.20,29462.20,29481.60,0,
11_05_2026_13_20,29484.20,29512.80,29482.10,29508.90,0,
11_05_2026_13_25,29510.20,29512.40,29492.20,29500.40,0,
11_05_2026_13_30,29502.30,29503.70,29453.30,29461.40,0,
11_05_2026_13_35,29464.80,29503.70,29461.30,29468.60,0,
11_05_2026_13_40,29466.50,29481.90,29455.20,29455.20,0,
11_05_2026_13_45,29455.10,29478.30,29445.90,29451.20,0,
11_05_2026_13_50,29451.30,29482.90,29445.70,29476.10,0,
11_05_2026_13_55,29474.60,29481.20,29457.60,29461.20,0,
11_05_2026_14_00,29461.20,29465.60,29447.90,29452.40,0,
11_05_2026_14_05,29453.20,29480.20,29451.10,29460.60,0,
11_05_2026_14_10,29460.30,29472.90,29450.90,29458.50,0,
11_05_2026_14_15,29456.50,29462.10,29427.60,29432.40,0,
11_05_2026_14_20,29432.80,29456.90,29423.20,29423.90,0,
11_05_2026_14_25,29423.20,29432.90,29409.80,29409.80,0,
11_05_2026_14_30,29409.80,29464.90,29409.80,29462.30,0,
11_05_2026_14_35,29461.70,29470.70,29428.60,29430.20,0,
11_05_2026_14_40,29430.30,29438.30,29370.20,29401.40,0,
11_05_2026_14_45,29396.10,29413.70,29366.40,29374.80,0,
11_05_2026_14_50,29374.50,29404.20,29369.00,29391.40,0,
11_05_2026_14_55,29391.70,29402.30,29380.20,29386.80,0,
11_05_2026_15_00,29388.30,29390.60,29328.50,29331.60,0,
11_05_2026_15_05,29331.60,29334.90,29296.70,29304.70,0,
11_05_2026_15_10,29306.20,29336.30,29306.20,29323.60,0,
11_05_2026_15_15,29324.20,29350.10,29324.20,29330.30,0,
11_05_2026_15_20,29331.80,29343.30,29324.10,29326.40,0,
11_05_2026_15_25,29329.70,29336.00,29288.50,29325.30,0,
12_05_2026_09_15,29054.70,29054.70,28559.70,28639.20,0,
12_05_2026_09_20,28641.20,28641.20,28518.20,28574.80,0,
12_05_2026_09_25,28579.10,28579.10,28440.10,28465.40,0,
12_05_2026_09_30,28467.30,28483.80,28351.00,28442.20,0,
12_05_2026_09_35,28442.70,28504.90,28396.10,28463.70,0,
12_05_2026_09_40,28463.70,28497.40,28463.10,28466.30,0,
12_05_2026_09_45,28464.40,28466.50,28405.70,28415.90,0,
12_05_2026_09_50,28418.80,28441.00,28387.40,28435.80,0,
12_05_2026_09_55,28437.40,28440.50,28357.80,28370.40,0,
12_05_2026_10_00,28372.00,28395.20,28339.80,28341.10,0,
12_05_2026_10_05,28342.50,28373.30,28327.40,28366.80,0,
12_05_2026_10_10,28367.40,28391.80,28357.80,28377.20,0,
12_05_2026_10_15,28378.60,28398.40,28358.60,28394.70,0,
12_05_2026_10_20,28396.00,28423.20,28326.80,28336.80,0,
12_05_2026_10_25,28336.60,28337.40,28292.10,28302.80,0,
12_05_2026_10_30,28300.70,28300.70,28255.80,28269.80,0,
12_05_2026_10_35,28272.20,28282.80,28250.80,28254.80,0,
12_05_2026_10_40,28254.20,28291.10,28252.90,28286.60,0,
12_05_2026_10_45,28286.20,28301.70,28251.40,28253.80,0,
12_05_2026_10_50,28254.60,28292.60,28240.20,28273.80,0,
12_05_2026_10_55,28275.10,28296.20,28271.10,28295.60,0,
12_05_2026_11_00,28295.80,28306.10,28276.00,28294.80,0,
12_05_2026_11_05,28294.70,28298.90,28270.20,28284.80,0,
12_05_2026_11_10,28286.60,28294.10,28244.50,28249.80,0,
12_05_2026_11_15,28250.90,28273.00,28245.00,28268.30,0,
12_05_2026_11_20,28267.20,28278.90,28255.80,28261.20,0,
12_05_2026_11_25,28262.30,28265.40,28228.80,28232.90,0,
12_05_2026_11_30,28235.10,28275.90,28215.60,28272.80,0,
12_05_2026_11_35,28271.30,28315.50,28269.30,28298.10,0,
12_05_2026_11_40,28300.80,28300.80,28270.80,28274.20,0,
12_05_2026_11_45,28276.10,28276.40,28263.20,28275.20,0,
12_05_2026_11_50,28275.30,28289.60,28269.20,28278.40,0,
12_05_2026_11_55,28279.90,28330.20,28278.50,28307.70,0,
12_05_2026_12_00,28308.50,28317.10,28174.40,28184.70,0,
12_05_2026_12_05,28188.70,28210.70,28172.20,28178.00,0,
12_05_2026_12_10,28178.80,28194.70,28161.50,28168.10,0,
12_05_2026_12_15,28172.20,28180.80,28152.70,28159.20,0,
12_05_2026_12_20,28155.30,28176.30,28126.90,28169.90,0,
12_05_2026_12_25,28175.00,28198.30,28167.80,28188.60,0,
12_05_2026_12_30,28189.50,28245.10,28169.60,28242.60,0,
12_05_2026_12_35,28243.90,28250.10,28221.40,28235.60,0,
12_05_2026_12_40,28238.40,28278.20,28238.40,28275.40,0,
12_05_2026_12_45,28275.30,28281.20,28240.60,28276.30,0,
12_05_2026_12_50,28277.30,28290.70,28261.60,28264.80,0,
12_05_2026_12_55,28273.30,28288.60,28267.60,28277.90,0,
12_05_2026_13_00,28276.40,28308.70,28267.60,28305.10,0,
12_05_2026_13_05,28306.60,28321.70,28296.70,28306.40,0,
12_05_2026_13_10,28307.60,28362.80,28297.40,28362.80,0,
12_05_2026_13_15,28363.60,28371.40,28347.50,28351.90,0,
12_05_2026_13_20,28354.60,28355.20,28323.90,28323.90,0,
12_05_2026_13_25,28325.90,28327.20,28306.70,28315.80,0,
12_05_2026_13_30,28316.20,28336.60,28311.70,28320.00,0,
12_05_2026_13_35,28319.80,28321.60,28282.10,28302.60,0,
12_05_2026_13_40,28301.20,28310.80,28261.20,28276.60,0,
12_05_2026_13_45,28277.00,28279.60,28255.10,28264.80,0,
12_05_2026_13_50,28262.80,28312.20,28262.60,28305.10,0,
12_05_2026_13_55,28309.20,28313.10,28269.70,28273.10,0,
12_05_2026_14_00,28273.20,28274.50,28235.80,28238.50,0,
12_05_2026_14_05,28243.60,28289.60,28231.30,28240.80,0,
12_05_2026_14_10,28241.90,28252.10,28226.00,28252.10,0,
12_05_2026_14_15,28251.80,28279.70,28238.80,28272.60,0,
12_05_2026_14_20,28273.70,28328.40,28268.90,28318.60,0,
12_05_2026_14_25,28321.70,28321.70,28281.70,28291.10,0,
12_05_2026_14_30,28290.30,28292.80,28251.90,28256.70,0,
12_05_2026_14_35,28255.20,28292.90,28249.80,28283.50,0,
12_05_2026_14_40,28284.20,28288.30,28267.20,28273.40,0,
12_05_2026_14_45,28275.80,28284.60,28260.30,28262.20,0,
12_05_2026_14_50,28263.60,28269.60,28245.30,28257.90,0,
12_05_2026_14_55,28260.10,28260.80,28234.60,28248.60,0,
12_05_2026_15_00,28250.70,28258.50,28201.80,28252.40,0,
12_05_2026_15_05,28250.10,28260.40,28220.40,28229.40,0,
12_05_2026_15_10,28227.20,28250.20,28200.70,28212.40,0,
12_05_2026_15_15,28211.40,28237.80,28206.80,28237.20,0,
12_05_2026_15_20,28236.00,28255.20,28221.30,28242.30,0,
12_05_2026_15_25,28242.80,28282.20,28241.80,28269.10,0,
13_05_2026_09_15,28235.50,28335.40,28140.10,28226.90,0,
13_05_2026_09_20,28227.50,28268.40,28164.80,28197.20,0,
13_05_2026_09_25,28197.20,28220.20,28124.60,28131.30,0,
13_05_2026_09_30,28131.20,28162.20,28098.20,28103.60,0,
13_05_2026_09_35,28103.10,28138.40,28049.50,28054.40,0,
13_05_2026_09_40,28053.20,28070.80,28015.20,28054.50,0,
13_05_2026_09_45,28054.80,28101.00,28036.80,28038.80,0,
13_05_2026_09_50,28036.50,28125.50,28035.80,28115.70,0,
13_05_2026_09_55,28119.80,28165.10,28094.90,28128.60,0,
13_05_2026_10_00,28125.80,28158.60,28093.70,28158.60,0,
13_05_2026_10_05,28157.30,28195.00,28147.10,28162.30,0,
13_05_2026_10_10,28165.00,28174.40,28128.90,28158.10,0,
13_05_2026_10_15,28158.10,28176.20,28141.30,28164.20,0,
13_05_2026_10_20,28165.80,28201.10,28162.30,28197.30,0,
13_05_2026_10_25,28196.80,28215.80,28162.30,28166.70,0,
13_05_2026_10_30,28166.00,28174.80,28117.30,28163.40,0,
13_05_2026_10_35,28160.80,28161.90,28066.20,28075.10,0,
13_05_2026_10_40,28075.10,28130.20,28073.30,28126.10,0,
13_05_2026_10_45,28126.60,28161.10,28125.70,28143.90,0,
13_05_2026_10_50,28144.80,28170.50,28137.40,28139.70,0,
13_05_2026_10_55,28140.20,28142.00,28055.40,28057.30,0,
13_05_2026_11_00,28058.30,28092.40,28057.10,28069.40,0,
13_05_2026_11_05,28069.20,28077.30,28047.30,28054.90,0,
13_05_2026_11_10,28054.70,28085.70,28049.90,28084.10,0,
13_05_2026_11_15,28082.20,28128.20,28081.30,28116.20,0,
13_05_2026_11_20,28116.20,28143.20,28107.30,28138.90,0,
13_05_2026_11_25,28139.60,28145.00,28102.80,28120.90,0,
13_05_2026_11_30,28120.10,28164.90,28115.80,28163.30,0,
13_05_2026_11_35,28163.30,28223.30,28160.20,28197.00,0,
13_05_2026_11_40,28197.00,28199.20,28167.70,28185.80,0,
13_05_2026_11_45,28188.60,28190.70,28141.80,28143.60,0,
13_05_2026_11_50,28144.20,28159.20,28117.20,28133.40,0,
13_05_2026_11_55,28132.50,28137.10,28069.70,28072.90,0,
13_05_2026_12_00,28072.80,28104.10,28060.70,28101.80,0,
13_05_2026_12_05,28101.50,28116.90,28089.40,28104.40,0,
13_05_2026_12_10,28103.20,28175.90,28092.30,28167.70,0,
13_05_2026_12_15,28166.70,28169.20,28110.10,28122.80,0,
13_05_2026_12_20,28122.80,28123.20,28084.50,28089.80,0,
13_05_2026_12_25,28091.80,28101.30,28061.20,28066.60,0,
13_05_2026_12_30,28066.60,28089.20,28057.70,28072.00,0,
13_05_2026_12_35,28073.20,28091.30,28056.70,28091.30,0,
13_05_2026_12_40,28090.00,28090.00,28034.00,28042.70,0,
13_05_2026_12_45,28039.90,28057.40,28038.20,28043.00,0,
13_05_2026_12_50,28041.70,28093.40,28039.90,28089.60,0,
13_05_2026_12_55,28089.20,28136.60,28089.20,28135.20,0,
13_05_2026_13_00,28135.30,28136.90,28081.80,28085.30,0,
13_05_2026_13_05,28084.90,28091.80,28026.10,28033.40,0,
13_05_2026_13_10,28034.30,28059.20,28033.50,28054.20,0,
13_05_2026_13_15,28055.70,28058.50,28030.60,28038.30,0,
13_05_2026_13_20,28038.30,28045.20,28026.80,28031.80,0,
13_05_2026_13_25,28031.90,28034.10,27995.30,28007.20,0,
13_05_2026_13_30,28002.40,28047.30,28002.40,28031.20,0,
13_05_2026_13_35,28031.10,28047.90,28026.20,28042.70,0,
13_05_2026_13_40,28042.70,28051.10,28023.60,28029.60,0,
13_05_2026_13_45,28030.00,28045.60,28018.40,28023.20,0,
13_05_2026_13_50,28024.80,28024.80,27990.50,27990.50,0,
13_05_2026_13_55,27990.20,28019.70,27970.20,28018.10,0,
13_05_2026_14_00,28017.30,28035.20,28001.90,28015.10,0,
13_05_2026_14_05,28015.80,28037.20,28013.20,28035.60,0,
13_05_2026_14_10,28034.80,28055.40,28029.90,28048.20,0,
13_05_2026_14_15,28049.40,28052.20,28000.80,28003.70,0,
13_05_2026_14_20,28002.90,28020.40,27963.20,28017.80,0,
13_05_2026_14_25,28016.20,28023.60,27986.90,28002.10,0,
13_05_2026_14_30,28001.90,28023.40,27996.40,28003.40,0,
13_05_2026_14_35,28004.30,28017.00,27971.60,27972.80,0,
13_05_2026_14_40,27976.20,28004.20,27959.20,27985.00,0,
13_05_2026_14_45,27984.10,27997.40,27967.70,27993.70,0,
13_05_2026_14_50,27993.70,28006.20,27976.70,27999.80,0,
13_05_2026_14_55,27998.50,28001.30,27983.00,27991.40,0,
13_05_2026_15_00,27993.70,27993.70,27895.90,27915.20,0,
13_05_2026_15_05,27916.70,27933.20,27904.80,27926.20,0,
13_05_2026_15_10,27927.50,27931.00,27905.70,27911.70,0,
13_05_2026_15_15,27911.70,27928.60,27907.60,27911.10,0,
13_05_2026_15_20,27912.20,27916.10,27880.80,27899.60,0,
13_05_2026_15_25,27896.40,27941.20,27893.60,27924.40,0,
14_05_2026_09_15,27846.00,27856.00,27492.90,27676.30,0,
14_05_2026_09_20,27675.60,27697.90,27577.10,27622.20,0,
14_05_2026_09_25,27622.20,27659.80,27580.30,27648.70,0,
14_05_2026_09_30,27647.50,27650.90,27535.20,27537.10,0,
14_05_2026_09_35,27535.80,27535.80,27388.20,27407.80,0,
14_05_2026_09_40,27409.30,27445.10,27380.60,27444.40,0,
14_05_2026_09_45,27439.30,27459.80,27393.40,27403.90,0,
14_05_2026_09_50,27401.80,27404.80,27368.60,27370.80,0,
14_05_2026_09_55,27370.80,27396.20,27304.40,27344.80,0,
14_05_2026_10_00,27345.20,27480.20,27336.10,27460.70,0,
14_05_2026_10_05,27461.40,27476.40,27415.50,27450.90,0,
14_05_2026_10_10,27448.70,27465.80,27371.70,27399.50,0,
14_05_2026_10_15,27399.40,27409.30,27363.80,27376.90,0,
14_05_2026_10_20,27377.90,27400.80,27330.10,27375.10,0,
14_05_2026_10_25,27374.90,27406.00,27362.30,27378.10,0,
14_05_2026_10_30,27379.40,27393.00,27358.90,27380.80,0,
14_05_2026_10_35,27381.30,27427.30,27376.20,27397.10,0,
14_05_2026_10_40,27392.20,27402.70,27345.80,27350.30,0,
14_05_2026_10_45,27351.00,27353.80,27253.80,27256.60,0,
14_05_2026_10_50,27258.30,27274.80,27248.80,27259.60,0,
14_05_2026_10_55,27256.80,27258.90,27192.50,27192.60,0,
14_05_2026_11_00,27195.10,27210.70,27178.60,27185.40,0,
14_05_2026_11_05,27186.20,27188.30,27147.50,27168.30,0,
14_05_2026_11_10,27168.40,27212.90,27160.20,27187.00,0,
14_05_2026_11_15,27187.10,27255.50,27176.20,27255.50,0,
14_05_2026_11_20,27257.20,27289.20,27239.30,27288.20,0,
14_05_2026_11_25,27290.50,27295.80,27204.20,27234.00,0,
14_05_2026_11_30,27234.60,27237.30,27212.40,27222.40,0,
14_05_2026_11_35,27224.00,27235.60,27191.10,27214.10,0,
14_05_2026_11_40,27215.80,27255.80,27190.80,27255.70,0,
14_05_2026_11_45,27255.80,27283.80,27242.60,27276.90,0,
14_05_2026_11_50,27279.30,27280.40,27247.60,27256.90,0,
14_05_2026_11_55,27258.00,27276.90,27213.30,27215.80,0,
14_05_2026_12_00,27218.20,27218.70,27111.90,27122.50,0,
14_05_2026_12_05,27122.50,27153.70,27116.00,27135.20,0,
14_05_2026_12_10,27132.80,27149.50,27099.30,27147.20,0,
14_05_2026_12_15,27149.40,27196.30,27148.80,27158.90,0,
14_05_2026_12_20,27159.90,27184.00,27137.60,27172.30,0,
14_05_2026_12_25,27172.90,27175.30,27138.20,27138.20,0,
14_05_2026_12_30,27139.50,27143.60,27110.20,27131.10,0,
14_05_2026_12_35,27131.30,27133.80,27084.70,27102.80,0,
14_05_2026_12_40,27104.20,27129.10,27090.60,27124.90,0,
14_05_2026_12_45,27129.90,27151.30,27116.60,27148.90,0,
14_05_2026_12_50,27151.90,27155.20,27087.50,27095.40,0,
14_05_2026_12_55,27102.20,27119.80,27078.00,27105.20,0,
14_05_2026_13_00,27105.70,27218.40,27103.90,27215.20,0,
14_05_2026_13_05,27218.90,27258.60,27215.20,27239.20,0,
14_05_2026_13_10,27238.60,27301.40,27236.40,27292.70,0,
14_05_2026_13_15,27292.90,27378.90,27291.00,27366.50,0,
14_05_2026_13_20,27366.60,27402.80,27340.10,27349.60,0,
14_05_2026_13_25,27351.60,27388.30,27334.00,27334.20,0,
14_05_2026_13_30,27336.20,27364.80,27327.50,27357.90,0,
14_05_2026_13_35,27358.60,27377.20,27348.30,27360.30,0,
14_05_2026_13_40,27360.00,27389.70,27355.70,27378.70,0,
14_05_2026_13_45,27378.10,27423.10,27378.10,27413.00,0,
14_05_2026_13_50,27413.00,27424.50,27374.20,27420.30,0,
14_05_2026_13_55,27417.00,27496.70,27415.60,27461.20,0,
14_05_2026_14_00,27462.80,27509.10,27456.80,27493.80,0,
14_05_2026_14_05,27496.30,27511.90,27477.80,27492.10,0,
14_05_2026_14_10,27494.50,27501.80,27468.00,27473.20,0,
14_05_2026_14_15,27475.40,27499.90,27464.20,27471.50,0,
14_05_2026_14_20,27468.80,27479.30,27452.40,27455.40,0,
14_05_2026_14_25,27456.10,27470.00,27440.30,27454.20,0,
14_05_2026_14_30,27460.80,27489.10,27458.80,27469.00,0,
14_05_2026_14_35,27467.90,27473.70,27421.70,27423.60,0,
14_05_2026_14_40,27423.90,27434.20,27411.90,27412.20,0,
14_05_2026_14_45,27415.30,27427.10,27371.60,27385.70,0,
14_05_2026_14_50,27390.70,27441.80,27386.60,27416.90,0,
14_05_2026_14_55,27416.00,27425.10,27382.60,27400.40,0,
14_05_2026_15_00,27397.50,27422.60,27374.80,27394.20,0,
14_05_2026_15_05,27393.20,27403.50,27357.30,27361.60,0,
14_05_2026_15_10,27363.80,27391.80,27360.30,27378.30,0,
14_05_2026_15_15,27380.50,27383.90,27350.90,27357.30,0,
14_05_2026_15_20,27357.40,27357.40,27328.20,27338.20,0,
14_05_2026_15_25,27339.40,27378.10,27328.90,27365.60,0,
15_05_2026_09_15,27480.20,27913.40,27480.20,27872.30,0,
15_05_2026_09_20,27873.60,28085.50,27818.80,28085.50,0,
15_05_2026_09_25,28086.00,28114.10,27998.40,28083.60,0,
15_05_2026_09_30,28079.80,28085.60,27927.50,27927.50,0,
15_05_2026_09_35,27928.40,28032.40,27913.10,27988.70,0,
15_05_2026_09_40,27988.00,28007.70,27960.00,27992.10,0,
15_05_2026_09_45,27991.80,28065.30,27966.90,28003.90,0,
15_05_2026_09_50,28004.30,28064.00,27985.70,28063.20,0,
15_05_2026_09_55,28064.80,28099.30,28012.20,28017.60,0,
15_05_2026_10_00,28016.90,28044.60,27990.70,28033.10,0,
15_05_2026_10_05,28033.10,28036.30,27926.20,27933.20,0,
15_05_2026_10_10,27930.30,27964.90,27889.60,27963.20,0,
15_05_2026_10_15,27963.50,28001.90,27926.40,27938.90,0,
15_05_2026_10_20,27937.90,27953.90,27913.90,27951.80,0,
15_05_2026_10_25,27951.70,27955.30,27914.90,27915.80,0,
15_05_2026_10_30,27907.10,27907.10,27848.20,27881.40,0,
15_05_2026_10_35,27881.40,27891.90,27857.60,27876.20,0,
15_05_2026_10_40,27875.50,27922.40,27865.80,27921.40,0,
15_05_2026_10_45,27920.60,27973.30,27919.60,27956.10,0,
15_05_2026_10_50,27956.30,27970.20,27934.70,27962.20,0,
15_05_2026_10_55,27962.20,27971.20,27933.00,27933.80,0,
15_05_2026_11_00,27933.10,27936.10,27877.10,27880.70,0,
15_05_2026_11_05,27881.00,27881.80,27801.30,27812.20,0,
15_05_2026_11_10,27809.50,27836.20,27759.90,27772.70,0,
15_05_2026_11_15,27772.70,27802.80,27755.80,27797.90,0,
15_05_2026_11_20,27797.30,27810.90,27766.80,27784.30,0,
15_05_2026_11_25,27784.20,27800.30,27776.50,27785.80,0,
15_05_2026_11_30,27784.70,27784.70,27745.70,27769.40,0,
15_05_2026_11_35,27769.70,27791.30,27762.20,27780.90,0,
15_05_2026_11_40,27781.10,27804.20,27760.10,27789.00,0,
15_05_2026_11_45,27788.70,27814.20,27780.20,27799.20,0,
15_05_2026_11_50,27798.60,27809.90,27778.70,27798.70,0,
15_05_2026_11_55,27798.70,27802.90,27767.10,27794.90,0,
15_05_2026_12_00,27795.10,27850.50,27784.90,27830.80,0,
15_05_2026_12_05,27833.20,27861.60,27810.90,27816.60,0,
15_05_2026_12_10,27815.10,27842.30,27809.00,27831.70,0,
15_05_2026_12_15,27830.40,27842.80,27796.50,27802.20,0,
15_05_2026_12_20,27803.80,27804.90,27779.10,27787.40,0,
15_05_2026_12_25,27787.20,27794.10,27765.10,27774.40,0,
15_05_2026_12_30,27775.80,27820.40,27775.80,27815.10,0,
15_05_2026_12_35,27813.10,27845.60,27811.30,27842.30,0,
15_05_2026_12_40,27841.60,27889.50,27841.60,27873.00,0,
15_05_2026_12_45,27873.00,27890.90,27850.50,27877.50,0,
15_05_2026_12_50,27877.50,27899.30,27863.20,27872.20,0,
15_05_2026_12_55,27872.30,27888.80,27859.10,27870.80,0,
15_05_2026_13_00,27869.70,27870.30,27835.80,27840.80,0,
15_05_2026_13_05,27840.80,27869.60,27840.70,27865.40,0,
15_05_2026_13_10,27865.20,27898.10,27864.90,27893.90,0,
15_05_2026_13_15,27893.80,27914.90,27886.20,27909.60,0,
15_05_2026_13_20,27907.40,27911.20,27865.30,27882.80,0,
15_05_2026_13_25,27883.00,27896.60,27862.80,27873.60,0,
15_05_2026_13_30,27871.60,27878.00,27820.60,27824.80,0,
15_05_2026_13_35,27823.20,27847.30,27811.40,27819.80,0,
15_05_2026_13_40,27820.80,27835.70,27794.80,27795.60,0,
15_05_2026_13_45,27794.90,27810.80,27729.10,27742.10,0,
15_05_2026_13_50,27741.40,27772.80,27729.30,27767.60,0,
15_05_2026_13_55,27767.60,27773.20,27722.70,27733.70,0,
15_05_2026_14_00,27727.70,27734.00,27701.40,27701.40,0,
15_05_2026_14_05,27697.20,27721.80,27692.20,27709.70,0,
15_05_2026_14_10,27706.60,27724.80,27681.90,27703.10,0,
15_05_2026_14_15,27702.40,27712.30,27679.60,27701.30,0,
15_05_2026_14_20,27700.80,27703.40,27681.10,27690.30,0,
15_05_2026_14_25,27690.90,27707.10,27678.00,27695.20,0,
15_05_2026_14_30,27697.60,27708.90,27656.10,27695.70,0,
15_05_2026_14_35,27695.90,27702.20,27650.90,27699.60,0,
15_05_2026_14_40,27701.20,27718.70,27691.40,27710.70,0,
15_05_2026_14_45,27710.20,27713.30,27633.90,27633.90,0,
15_05_2026_14_50,27633.40,27672.80,27626.80,27660.60,0,
15_05_2026_14_55,27661.30,27726.20,27657.50,27713.40,0,
15_05_2026_15_00,27713.30,27743.40,27649.90,27738.20,0,
15_05_2026_15_05,27736.40,27753.60,27717.80,27723.50,0,
15_05_2026_15_10,27726.40,27762.90,27724.70,27729.90,0,
15_05_2026_15_15,27732.70,27735.50,27669.70,27670.50,0,
15_05_2026_15_20,27671.70,27723.90,27671.70,27696.00,0,
15_05_2026_15_25,27695.90,27751.20,27670.40,27676.70,0,
18_05_2026_09_15,27689.60,27973.30,27663.80,27908.30,0,
18_05_2026_09_20,27915.30,27925.80,27809.90,27877.00,0,
18_05_2026_09_25,27880.70,27912.20,27789.20,27799.20,0,
18_05_2026_09_30,27796.80,27807.80,27733.20,27759.70,0,
18_05_2026_09_35,27758.20,27777.90,27723.60,27762.90,0,
18_05_2026_09_40,27759.70,27851.80,27738.50,27802.30,0,
18_05_2026_09_45,27800.90,27828.60,27770.50,27807.80,0,
18_05_2026_09_50,27805.30,27808.20,27754.70,27764.30,0,
18_05_2026_09_55,27763.30,27794.30,27759.40,27792.90,0,
18_05_2026_10_00,27791.10,27827.40,27791.10,27810.90,0,
18_05_2026_10_05,27810.90,27813.60,27728.30,27741.30,0,
18_05_2026_10_10,27741.60,27748.70,27713.50,27743.00,0,
18_05_2026_10_15,27743.00,27840.10,27737.80,27836.20,0,
18_05_2026_10_20,27837.20,27842.30,27783.10,27785.20,0,
18_05_2026_10_25,27785.60,27798.20,27758.60,27761.90,0,
18_05_2026_10_30,27764.80,27832.70,27761.30,27822.20,0,
18_05_2026_10_35,27823.60,27957.50,27816.60,27949.50,0,
18_05_2026_10_40,27951.30,27953.10,27879.80,27881.90,0,
18_05_2026_10_45,27884.60,27904.50,27842.90,27904.50,0,
18_05_2026_10_50,27903.40,28026.40,27903.40,28004.10,0,
18_05_2026_10_55,28006.20,28064.60,27997.20,28049.60,0,
18_05_2026_11_00,28049.50,28104.20,28023.80,28027.20,0,
18_05_2026_11_05,28025.80,28054.10,27998.80,28001.20,0,
18_05_2026_11_10,28000.40,28019.30,27976.10,27985.30,0,
18_05_2026_11_15,27984.90,28008.90,27975.80,27990.90,0,
18_05_2026_11_20,27990.80,28041.00,27982.90,28039.10,0,
18_05_2026_11_25,28039.60,28093.60,28039.60,28093.60,0,
18_05_2026_11_30,28093.40,28142.50,28075.90,28098.00,0,
18_05_2026_11_35,28095.80,28116.00,28077.80,28114.90,0,
18_05_2026_11_40,28114.70,28116.40,28068.40,28094.80,0,
18_05_2026_11_45,28095.50,28111.60,28053.60,28061.40,0,
18_05_2026_11_50,28062.10,28111.30,28036.80,28104.40,0,
18_05_2026_11_55,28105.80,28107.80,28070.20,28077.90,0,
18_05_2026_12_00,28077.90,28138.90,28075.70,28120.90,0,
18_05_2026_12_05,28120.90,28171.10,28117.20,28153.40,0,
18_05_2026_12_10,28152.70,28256.00,28145.60,28253.40,0,
18_05_2026_12_15,28251.10,28295.90,28206.10,28216.60,0,
18_05_2026_12_20,28217.80,28248.60,28216.80,28234.20,0,
18_05_2026_12_25,28233.80,28289.20,28233.20,28265.20,0,
18_05_2026_12_30,28265.20,28346.00,28264.60,28319.10,0,
18_05_2026_12_35,28316.80,28355.80,28303.20,28347.90,0,
18_05_2026_12_40,28349.00,28358.80,28286.30,28293.30,0,
18_05_2026_12_45,28291.70,28306.60,28287.50,28287.50,0,
18_05_2026_12_50,28289.80,28304.50,28285.50,28299.60,0,
18_05_2026_12_55,28299.40,28327.20,28292.50,28301.90,0,
18_05_2026_13_00,28301.40,28343.30,28301.40,28333.90,0,
18_05_2026_13_05,28331.30,28335.80,28277.30,28281.50,0,
18_05_2026_13_10,28280.80,28313.30,28278.50,28311.40,0,
18_05_2026_13_15,28311.30,28323.90,28302.60,28314.20,0,
18_05_2026_13_20,28314.80,28320.20,28307.40,28318.10,0,
18_05_2026_13_25,28318.60,28356.70,28294.60,28310.40,0,
18_05_2026_13_30,28311.90,28333.70,28246.60,28250.20,0,
18_05_2026_13_35,28249.30,28279.30,28248.20,28265.80,0,
18_05_2026_13_40,28265.70,28275.80,28258.60,28268.60,0,
18_05_2026_13_45,28267.90,28269.70,28222.40,28254.10,0,
18_05_2026_13_50,28258.30,28268.40,28253.30,28260.80,0,
18_05_2026_13_55,28260.10,28298.10,28259.40,28287.10,0,
18_05_2026_14_00,28287.30,28294.80,28278.80,28292.10,0,
18_05_2026_14_05,28291.70,28292.80,28265.10,28268.60,0,
18_05_2026_14_10,28267.40,28294.20,28243.10,28268.80,0,
18_05_2026_14_15,28268.70,28268.70,28239.60,28254.40,0,
18_05_2026_14_20,28258.20,28269.80,28239.10,28240.80,0,
18_05_2026_14_25,28237.90,28300.80,28225.20,28293.10,0,
18_05_2026_14_30,28294.10,28329.80,28284.80,28307.10,0,
18_05_2026_14_35,28309.60,28310.60,28285.10,28293.00,0,
18_05_2026_14_40,28293.30,28321.30,28290.90,28312.80,0,
18_05_2026_14_45,28312.20,28325.40,28300.70,28317.30,0,
18_05_2026_14_50,28319.10,28320.30,28289.20,28300.50,0,
18_05_2026_14_55,28300.50,28301.10,28278.60,28293.70,0,
18_05_2026_15_00,28296.10,28435.00,28292.70,28384.50,0,
18_05_2026_15_05,28389.60,28410.90,28351.60,28359.70,0,
18_05_2026_15_10,28361.80,28400.20,28354.70,28362.90,0,
18_05_2026_15_15,28362.30,28378.70,28358.10,28373.80,0,
18_05_2026_15_20,28373.80,28442.90,28364.80,28435.80,0,
18_05_2026_15_25,28440.10,28465.90,28425.70,28464.90,0,
19_05_2026_09_15,28727.70,29401.80,28677.80,29386.20,0,
19_05_2026_09_20,29390.90,29566.20,29345.40,29435.20,0,
19_05_2026_09_25,29439.60,29457.80,29304.90,29457.80,0,
19_05_2026_09_30,29461.80,29507.20,29423.80,29465.40,0,
19_05_2026_09_35,29468.20,29544.10,29414.30,29426.10,0,
19_05_2026_09_40,29427.80,29466.50,29368.90,29449.60,0,
19_05_2026_09_45,29451.20,29485.80,29359.30,29379.20,0,
19_05_2026_09_50,29380.20,29400.60,29357.80,29399.60,0,
19_05_2026_09_55,29401.00,29437.30,29391.60,29398.60,0,
19_05_2026_10_00,29403.00,29444.80,29375.00,29384.20,0,
19_05_2026_10_05,29384.50,29464.60,29377.40,29457.10,0,
19_05_2026_10_10,29464.80,29484.30,29451.30,29452.80,0,
19_05_2026_10_15,29453.20,29470.30,29394.80,29402.40,0,
19_05_2026_10_20,29401.90,29435.20,29398.60,29412.70,0,
19_05_2026_10_25,29413.10,29444.60,29395.90,29435.20,0,
19_05_2026_10_30,29435.80,29481.90,29425.20,29469.80,0,
19_05_2026_10_35,29468.10,29558.40,29461.30,29537.80,0,
19_05_2026_10_40,29538.60,29598.30,29517.20,29596.30,0,
19_05_2026_10_45,29596.70,29600.80,29488.40,29488.40,0,
19_05_2026_10_50,29490.10,29490.10,29449.60,29472.90,0,
19_05_2026_10_55,29472.60,29536.90,29466.90,29500.20,0,
19_05_2026_11_00,29501.20,29534.80,29485.40,29525.30,0,
19_05_2026_11_05,29527.00,29557.30,29513.80,29548.90,0,
19_05_2026_11_10,29550.10,29609.60,29548.90,29578.10,0,
19_05_2026_11_15,29578.10,29607.70,29552.00,29577.20,0,
19_05_2026_11_20,29579.70,29594.80,29550.80,29576.20,0,
19_05_2026_11_25,29577.70,29579.40,29519.20,29565.20,0,
19_05_2026_11_30,29564.60,29569.00,29462.80,29481.50,0,
19_05_2026_11_35,29484.60,29521.20,29464.90,29511.70,0,
19_05_2026_11_40,29517.20,29528.50,29498.20,29501.80,0,
19_05_2026_11_45,29505.20,29509.60,29463.70,29471.70,0,
19_05_2026_11_50,29471.90,29473.20,29443.20,29462.60,0,
19_05_2026_11_55,29459.80,29479.90,29447.50,29452.90,0,
19_05_2026_12_00,29456.20,29459.40,29417.30,29417.30,0,
19_05_2026_12_05,29420.10,29436.70,29407.80,29419.60,0,
19_05_2026_12_10,29423.80,29441.20,29400.30,29403.60,0,
19_05_2026_12_15,29406.50,29417.80,29394.90,29407.90,0,
19_05_2026_12_20,29410.20,29416.40,29368.60,29372.10,0,
19_05_2026_12_25,29372.20,29391.80,29366.00,29381.00,0,
19_05_2026_12_30,29380.90,29405.10,29373.90,29376.10,0,
19_05_2026_12_35,29376.60,29377.90,29332.20,29370.40,0,
19_05_2026_12_40,29370.90,29381.90,29352.70,29367.30,0,
19_05_2026_12_45,29369.50,29382.50,29323.90,29340.20,0,
19_05_2026_12_50,29342.60,29342.60,29306.20,29308.70,0,
19_05_2026_12_55,29309.50,29344.40,29304.20,29336.70,0,
19_05_2026_13_00,29342.30,29356.70,29335.20,29341.20,0,
19_05_2026_13_05,29344.70,29374.80,29336.60,29370.40,0,
19_05_2026_13_10,29369.60,29370.20,29342.00,29357.10,0,
19_05_2026_13_15,29358.40,29387.80,29350.80,29382.50,0,
19_05_2026_13_20,29385.30,29386.70,29371.00,29382.30,0,
19_05_2026_13_25,29383.80,29389.00,29370.60,29372.10,0,
19_05_2026_13_30,29374.90,29402.80,29354.20,29354.20,0,
19_05_2026_13_35,29356.80,29357.20,29295.10,29316.80,0,
19_05_2026_13_40,29318.80,29318.80,29292.80,29294.40,0,
19_05_2026_13_45,29297.10,29321.90,29294.10,29305.60,0,
19_05_2026_13_50,29307.20,29319.40,29287.60,29298.10,0,
19_05_2026_13_55,29302.40,29304.50,29258.70,29279.20,0,
19_05_2026_14_00,29281.20,29351.30,29280.60,29327.80,0,
19_05_2026_14_05,29331.60,29357.40,29325.30,29353.10,0,
19_05_2026_14_10,29355.20,29371.10,29340.60,29359.30,0,
19_05_2026_14_15,29361.80,29378.10,29351.80,29352.70,0,
19_05_2026_14_20,29357.70,29365.70,29326.40,29354.50,0,
19_05_2026_14_25,29356.30,29366.10,29340.20,29340.80,0,
19_05_2026_14_30,29341.70,29356.80,29320.60,29356.20,0,
19_05_2026_14_35,29356.40,29357.20,29309.40,29334.80,0,
19_05_2026_14_40,29339.80,29375.30,29327.60,29337.20,0,
19_05_2026_14_45,29334.80,29337.00,29306.30,29329.90,0,
19_05_2026_14_50,29332.20,29364.50,29330.70,29356.60,0,
19_05_2026_14_55,29356.50,29360.70,29336.40,29351.20,0,
19_05_2026_15_00,29356.80,29356.80,29298.80,29315.80,0,
19_05_2026_15_05,29316.10,29336.00,29309.10,29329.20,0,
19_05_2026_15_10,29330.40,29336.10,29315.80,29323.20,0,
19_05_2026_15_15,29322.70,29325.30,29283.10,29307.20,0,
19_05_2026_15_20,29307.90,29317.20,29284.30,29286.80,0,
19_05_2026_15_25,29287.00,29304.60,29272.60,29302.30,0,
20_05_2026_09_15,29153.60,29338.50,29036.70,29335.30,0,
20_05_2026_09_20,29335.20,29354.70,29286.10,29332.00,0,
20_05_2026_09_25,29331.20,29372.60,29315.70,29361.80,0,
20_05_2026_09_30,29361.50,29419.60,29355.20,29415.80,0,
20_05_2026_09_35,29419.60,29488.90,29404.10,29482.20,0,
20_05_2026_09_40,29482.20,29483.60,29383.90,29438.10,0,
20_05_2026_09_45,29439.10,29497.40,29414.90,29471.70,0,
20_05_2026_09_50,29471.70,29500.70,29464.80,29481.80,0,
20_05_2026_09_55,29480.10,29517.20,29453.80,29457.70,0,
20_05_2026_10_00,29456.90,29486.10,29387.20,29398.80,0,
20_05_2026_10_05,29399.40,29401.20,29346.80,29385.80,0,
20_05_2026_10_10,29386.80,29395.10,29334.30,29345.40,0,
20_05_2026_10_15,29345.60,29377.50,29312.60,29312.80,0,
20_05_2026_10_20,29314.50,29333.30,29251.10,29269.20,0,
20_05_2026_10_25,29267.70,29340.40,29267.70,29337.20,0,
20_05_2026_10_30,29336.40,29357.30,29322.80,29352.40,0,
20_05_2026_10_35,29353.40,29354.70,29309.40,29326.60,0,
20_05_2026_10_40,29326.70,29334.10,29313.10,29320.30,0,
20_05_2026_10_45,29321.20,29329.30,29289.90,29318.40,0,
20_05_2026_10_50,29317.50,29328.80,29301.60,29328.20,0,
20_05_2026_10_55,29329.20,29362.90,29326.50,29334.80,0,
20_05_2026_11_00,29334.70,29349.30,29321.10,29323.90,0,
20_05_2026_11_05,29324.00,29347.00,29324.00,29347.00,0,
20_05_2026_11_10,29347.00,29350.30,29310.40,29313.20,0,
20_05_2026_11_15,29313.40,29316.60,29293.10,29312.60,0,
20_05_2026_11_20,29308.20,29332.40,29303.10,29304.20,0,
20_05_2026_11_25,29302.20,29313.90,29278.70,29293.80,0,
20_05_2026_11_30,29294.50,29295.60,29270.20,29288.40,0,
20_05_2026_11_35,29289.20,29296.40,29278.00,29279.20,0,
20_05_2026_11_40,29279.20,29325.20,29275.60,29292.50,0,
20_05_2026_11_45,29294.30,29361.30,29294.30,29356.80,0,
20_05_2026_11_50,29355.90,29359.60,29332.80,29350.80,0,
20_05_2026_11_55,29350.60,29361.90,29303.00,29316.00,0,
20_05_2026_12_00,29316.00,29322.40,29283.70,29290.60,0,
20_05_2026_12_05,29290.80,29326.70,29290.80,29316.80,0,
20_05_2026_12_10,29316.70,29333.70,29300.20,29310.80,0,
20_05_2026_12_15,29314.20,29321.40,29284.20,29299.30,0,
20_05_2026_12_20,29299.90,29306.90,29289.10,29297.90,0,
20_05_2026_12_25,29298.10,29302.60,29285.80,29289.40,0,
20_05_2026_12_30,29289.40,29307.20,29283.00,29287.70,0,
20_05_2026_12_35,29288.40,29300.90,29255.70,29263.90,0,
20_05_2026_12_40,29263.20,29265.20,29236.10,29240.20,0,
20_05_2026_12_45,29240.90,29256.10,29227.30,29236.20,0,
20_05_2026_12_50,29236.20,29252.70,29233.90,29250.40,0,
20_05_2026_12_55,29250.40,29274.90,29249.50,29264.40,0,
20_05_2026_13_00,29266.40,29268.50,29237.30,29245.90,0,
20_05_2026_13_05,29246.20,29253.80,29221.80,29230.40,0,
20_05_2026_13_10,29230.20,29249.60,29215.20,29223.10,0,
20_05_2026_13_15,29223.40,29232.10,29209.70,29226.20,0,
20_05_2026_13_20,29221.70,29237.80,29196.90,29205.70,0,
20_05_2026_13_25,29205.70,29221.70,29181.20,29197.40,0,
20_05_2026_13_30,29196.90,29237.30,29196.90,29235.20,0,
20_05_2026_13_35,29235.00,29256.60,29224.60,29236.20,0,
20_05_2026_13_40,29236.30,29245.30,29221.00,29228.90,0,
20_05_2026_13_45,29229.40,29239.90,29212.60,29215.90,0,
20_05_2026_13_50,29216.20,29235.20,29207.00,29234.00,0,
20_05_2026_13_55,29236.10,29247.80,29227.60,29235.10,0,
20_05_2026_14_00,29238.70,29247.80,29218.90,29243.40,0,
20_05_2026_14_05,29243.90,29290.80,29243.90,29287.20,0,
20_05_2026_14_10,29288.60,29299.80,29267.60,29270.90,0,
20_05_2026_14_15,29270.90,29279.60,29236.50,29252.90,0,
20_05_2026_14_20,29253.60,29292.20,29253.60,29277.80,0,
20_05_2026_14_25,29277.80,29283.00,29256.20,29281.40,0,
20_05_2026_14_30,29281.40,29283.70,29254.90,29263.20,0,
20_05_2026_14_35,29264.60,29269.00,29239.30,29255.90,0,
20_05_2026_14_40,29255.40,29270.40,29237.20,29269.20,0,
20_05_2026_14_45,29270.90,29277.50,29256.80,29264.30,0,
20_05_2026_14_50,29264.50,29267.90,29230.80,29239.80,0,
20_05_2026_14_55,29240.80,29244.70,29220.20,29221.30,0,
20_05_2026_15_00,29224.10,29224.10,29173.10,29215.60,0,
20_05_2026_15_05,29216.70,29250.20,29211.20,29247.10,0,
20_05_2026_15_10,29248.60,29250.40,29228.90,29231.70,0,
20_05_2026_15_15,29233.20,29233.60,29183.30,29184.60,0,
20_05_2026_15_20,29187.90,29188.90,29119.20,29126.10,0,
20_05_2026_15_25,29132.10,29188.30,29124.30,29166.70,0,
21_05_2026_09_15,29287.40,29328.30,29184.70,29227.20,0,
21_05_2026_09_20,29230.90,29293.30,29210.30,29259.30,0,
21_05_2026_09_25,29265.10,29269.50,29165.10,29208.40,0,
21_05_2026_09_30,29219.00,29234.80,29157.50,29166.70,0,
21_05_2026_09_35,29167.60,29183.10,29123.90,29176.40,0,
21_05_2026_09_40,29176.60,29181.30,29141.00,29173.40,0,
21_05_2026_09_45,29173.90,29186.60,29161.40,29182.80,0,
21_05_2026_09_50,29183.40,29264.20,29179.20,29245.80,0,
21_05_2026_09_55,29242.70,29245.10,29171.20,29176.80,0,
21_05_2026_10_00,29177.10,29202.70,29161.80,29192.50,0,
21_05_2026_10_05,29192.90,29209.50,29162.90,29170.60,0,
21_05_2026_10_10,29177.30,29198.40,29154.50,29155.70,0,
21_05_2026_10_15,29157.90,29169.30,29142.80,29168.00,0,
21_05_2026_10_20,29169.00,29225.20,29166.20,29176.10,0,
21_05_2026_10_25,29179.40,29181.30,29135.20,29144.40,0,
21_05_2026_10_30,29146.50,29155.10,29066.80,29070.70,0,
21_05_2026_10_35,29070.10,29079.50,29021.40,29028.80,0,
21_05_2026_10_40,29033.20,29079.40,29017.80,29079.40,0,
21_05_2026_10_45,29080.70,29103.90,29066.10,29090.70,0,
21_05_2026_10_50,29090.70,29144.20,29074.40,29142.30,0,
21_05_2026_10_55,29141.10,29141.10,29092.90,29109.20,0,
21_05_2026_11_00,29108.40,29114.20,29082.30,29103.00,0,
21_05_2026_11_05,29105.30,29146.30,29101.40,29143.90,0,
21_05_2026_11_10,29145.10,29156.80,29109.80,29112.80,0,
21_05_2026_11_15,29114.00,29115.40,29041.30,29083.20,0,
21_05_2026_11_20,29084.40,29115.80,29076.90,29115.80,0,
21_05_2026_11_25,29117.60,29129.70,29098.90,29102.30,0,
21_05_2026_11_30,29104.20,29106.50,29074.40,29078.60,0,
21_05_2026_11_35,29080.10,29115.50,29059.50,29097.80,0,
21_05_2026_11_40,29099.90,29101.20,29058.60,29059.90,0,
21_05_2026_11_45,29063.60,29065.20,29037.90,29051.60,0,
21_05_2026_11_50,29052.80,29077.70,29048.40,29059.40,0,
21_05_2026_11_55,29056.90,29084.50,29050.40,29074.20,0,
21_05_2026_12_00,29076.30,29103.80,29073.10,29090.50,0,
21_05_2026_12_05,29091.10,29103.80,29088.70,29095.80,0,
21_05_2026_12_10,29099.20,29109.90,29067.80,29068.10,0,
21_05_2026_12_15,29072.50,29072.50,29048.90,29055.10,0,
21_05_2026_12_20,29056.30,29066.40,29038.70,29047.80,0,
21_05_2026_12_25,29050.70,29069.70,29025.20,29030.70,0,
21_05_2026_12_30,29032.60,29041.90,28996.90,29016.90,0,
21_05_2026_12_35,29018.10,29020.50,28968.20,28973.40,0,
21_05_2026_12_40,28974.70,29015.90,28964.90,29014.80,0,
21_05_2026_12_45,29016.00,29039.60,28996.10,29017.20,0,
21_05_2026_12_50,29019.60,29049.70,29017.40,29039.80,0,
21_05_2026_12_55,29041.50,29046.90,29027.70,29037.60,0,
21_05_2026_13_00,29039.20,29052.30,29008.00,29051.30,0,
21_05_2026_13_05,29053.50,29060.70,29030.30,29030.70,0,
21_05_2026_13_10,29030.70,29034.00,29005.50,29006.50,0,
21_05_2026_13_15,29008.20,29017.40,28997.40,29013.80,0,
21_05_2026_13_20,29017.70,29032.30,29010.20,29029.40,0,
21_05_2026_13_25,29031.20,29035.80,28997.30,29003.30,0,
21_05_2026_13_30,29005.10,29039.30,28991.80,29035.20,0,
21_05_2026_13_35,29034.90,29043.00,29014.20,29014.40,0,
21_05_2026_13_40,29015.20,29029.80,29011.60,29023.40,0,
21_05_2026_13_45,29024.10,29036.60,29014.20,29014.20,0,
21_05_2026_13_50,29014.30,29026.10,29005.90,29018.90,0,
21_05_2026_13_55,29020.70,29075.60,29019.10,29066.70,0,
21_05_2026_14_00,29066.80,29070.60,29035.20,29048.90,0,
21_05_2026_14_05,29049.10,29051.20,29013.20,29013.30,0,
21_05_2026_14_10,29014.00,29020.20,28995.90,29000.00,0,
21_05_2026_14_15,29003.20,29024.20,28981.40,28985.50,0,
21_05_2026_14_20,28986.20,29027.20,28985.10,29025.80,0,
21_05_2026_14_25,29026.40,29028.90,28997.90,29010.60,0,
21_05_2026_14_30,29013.20,29037.80,29002.80,29008.90,0,
21_05_2026_14_35,29012.60,29036.20,28991.10,28992.60,0,
21_05_2026_14_40,28995.90,29026.60,28973.70,28987.20,0,
21_05_2026_14_45,28984.30,29011.10,28974.80,28994.50,0,
21_05_2026_14_50,28997.80,29021.20,28993.20,29014.60,0,
21_05_2026_14_55,29014.30,29037.50,29001.40,29035.80,0,
21_05_2026_15_00,29034.90,29048.60,29015.90,29029.10,0,
21_05_2026_15_05,29029.30,29043.80,29003.80,29020.90,0,
21_05_2026_15_10,29021.50,29066.70,29016.40,29017.40,0,
21_05_2026_15_15,29017.70,29051.40,29002.60,29005.80,0,
21_05_2026_15_20,29004.30,29019.60,28997.60,29006.90,0,
21_05_2026_15_25,29004.30,29016.60,28969.50,28988.80,0,
22_05_2026_09_15,29097.00,29110.30,28853.60,28883.90,0,
22_05_2026_09_20,28888.30,28911.60,28823.00,28841.60,0,
22_05_2026_09_25,28844.70,28877.60,28792.50,28811.70,0,
22_05_2026_09_30,28811.80,28950.70,28811.10,28938.70,0,
22_05_2026_09_35,28939.40,28963.70,28884.40,28888.80,0,
22_05_2026_09_40,28888.80,28896.80,28844.40,28886.30,0,
22_05_2026_09_45,28886.30,28897.50,28824.40,28853.90,0,
22_05_2026_09_50,28853.90,28963.70,28853.90,28963.70,0,
22_05_2026_09_55,28964.70,29015.30,28963.00,28980.80,0,
22_05_2026_10_00,28979.00,28992.10,28960.20,28989.90,0,
22_05_2026_10_05,28989.40,29016.10,28984.60,29004.80,0,
22_05_2026_10_10,29006.60,29020.50,28928.60,28929.00,0,
22_05_2026_10_15,28927.90,28930.40,28892.20,28907.10,0,
22_05_2026_10_20,28907.70,28998.20,28907.70,28981.60,0,
22_05_2026_10_25,28982.40,29066.10,28981.50,29050.70,0,
22_05_2026_10_30,29050.30,29120.80,29048.60,29093.30,0,
22_05_2026_10_35,29090.50,29119.60,29076.80,29119.60,0,
22_05_2026_10_40,29119.80,29181.90,29119.40,29142.50,0,
22_05_2026_10_45,29148.10,29172.00,29123.30,29131.40,0,
22_05_2026_10_50,29134.20,29136.10,29112.40,29124.30,0,
22_05_2026_10_55,29124.90,29133.10,29082.40,29091.00,0,
22_05_2026_11_00,29094.40,29096.60,29064.00,29095.20,0,
22_05_2026_11_05,29096.70,29124.60,29092.10,29119.90,0,
22_05_2026_11_10,29119.20,29127.80,29085.60,29103.40,0,
22_05_2026_11_15,29103.90,29106.30,29075.90,29079.20,0,
22_05_2026_11_20,29079.70,29125.80,29079.60,29125.20,0,
22_05_2026_11_25,29123.30,29127.90,29085.90,29126.10,0,
22_05_2026_11_30,29123.70,29132.90,29086.70,29088.80,0,
22_05_2026_11_35,29089.20,29106.20,29079.10,29099.40,0,
22_05_2026_11_40,29098.80,29111.10,29085.60,29109.20,0,
22_05_2026_11_45,29109.90,29139.60,29082.20,29087.10,0,
22_05_2026_11_50,29087.10,29099.20,29083.80,29090.80,0,
22_05_2026_11_55,29091.40,29105.90,29082.10,29082.10,0,
22_05_2026_12_00,29084.20,29088.80,29033.80,29049.20,0,
22_05_2026_12_05,29051.80,29061.50,29033.10,29033.80,0,
22_05_2026_12_10,29038.80,29056.40,29031.00,29051.40,0,
22_05_2026_12_15,29052.30,29055.10,29003.80,29009.80,0,
22_05_2026_12_20,29011.00,29019.70,28993.00,28993.40,0,
22_05_2026_12_25,28996.20,29008.90,28990.00,29001.20,0,
22_05_2026_12_30,29000.70,29005.20,28953.20,29000.20,0,
22_05_2026_12_35,29004.80,29004.90,28983.70,28987.00,0,
22_05_2026_12_40,28987.20,29012.40,28983.80,28994.80,0,
22_05_2026_12_45,28994.80,29021.60,28994.80,29005.20,0,
22_05_2026_12_50,29004.10,29032.60,29004.10,29029.20,0,
22_05_2026_12_55,29029.10,29033.50,28994.20,28999.10,0,
22_05_2026_13_00,28996.20,29000.80,28980.90,28984.40,0,
22_05_2026_13_05,28986.30,28988.40,28964.30,28964.80,0,
22_05_2026_13_10,28966.20,28990.00,28961.10,28984.00,0,
22_05_2026_13_15,28983.10,29011.20,28970.50,28970.50,0,
22_05_2026_13_20,28974.30,28989.50,28968.80,28979.60,0,
22_05_2026_13_25,28980.80,29006.60,28977.20,28998.70,0,
22_05_2026_13_30,28998.50,29000.50,28982.80,28987.10,0,
22_05_2026_13_35,28987.10,28990.70,28954.00,28962.30,0,
22_05_2026_13_40,28963.00,28983.90,28957.30,28974.60,0,
22_05_2026_13_45,28975.30,29014.50,28972.40,28973.20,0,
22_05_2026_13_50,28976.30,28983.60,28960.40,28966.80,0,
22_05_2026_13_55,28968.00,28969.10,28940.80,28949.70,0,
22_05_2026_14_00,28950.30,28956.80,28922.70,28936.90,0,
22_05_2026_14_05,28937.50,28967.80,28917.30,28954.50,0,
22_05_2026_14_10,28956.70,28971.10,28925.10,28926.50,0,
22_05_2026_14_15,28923.60,28933.20,28911.20,28927.90,0,
22_05_2026_14_20,28926.80,28961.60,28920.60,28954.70,0,
22_05_2026_14_25,28954.90,28972.40,28924.90,28926.40,0,
22_05_2026_14_30,28925.40,28950.00,28911.10,28936.40,0,
22_05_2026_14_35,28937.10,28944.40,28905.40,28912.60,0,
22_05_2026_14_40,28911.70,28920.80,28883.80,28886.60,0,
22_05_2026_14_45,28886.20,28935.20,28882.80,28934.90,0,
22_05_2026_14_50,28934.50,28958.70,28928.10,28948.20,0,
22_05_2026_14_55,28948.60,28961.10,28938.80,28941.90,0,
22_05_2026_15_00,28942.00,28942.00,28890.40,28911.60,0,
22_05_2026_15_05,28912.60,28937.20,28896.60,28929.30,0,
22_05_2026_15_10,28929.30,28933.40,28903.70,28909.20,0,
22_05_2026_15_15,28908.30,28924.40,28890.20,28919.20,0,
22_05_2026_15_20,28921.90,28939.80,28898.20,28939.80,0,
22_05_2026_15_25,28938.90,28943.30,28916.10,28932.50,0,
25_05_2026_09_15,29097.10,29110.90,28844.20,28865.30,0,
25_05_2026_09_20,28869.60,28908.80,28831.30,28850.90,0,
25_05_2026_09_25,28855.80,28963.10,28853.50,28932.10,0,
25_05_2026_09_30,28933.10,28938.30,28836.00,28880.30,0,
25_05_2026_09_35,28882.90,28936.00,28876.40,28930.10,0,
25_05_2026_09_40,28932.10,28952.40,28902.90,28915.10,0,
25_05_2026_09_45,28916.30,28931.90,28889.30,28910.20,0,
25_05_2026_09_50,28912.90,28919.10,28871.90,28882.60,0,
25_05_2026_09_55,28882.20,28934.20,28876.40,28922.80,0,
25_05_2026_10_00,28927.40,28928.90,28891.90,28900.10,0,
25_05_2026_10_05,28901.60,28941.20,28885.90,28936.20,0,
25_05_2026_10_10,28940.60,28969.40,28939.70,28962.80,0,
25_05_2026_10_15,28964.70,29004.90,28962.00,28991.40,0,
25_05_2026_10_20,28994.10,29088.30,28988.30,29020.80,0,
25_05_2026_10_25,29022.30,29022.80,28977.80,28989.80,0,
25_05_2026_10_30,28988.10,29013.30,28982.70,29009.20,0,
25_05_2026_10_35,29010.20,29049.60,29007.90,29044.70,0,
25_05_2026_10_40,29045.60,29105.80,29041.40,29100.50,0,
25_05_2026_10_45,29099.40,29134.20,29073.40,29079.10,0,
25_05_2026_10_50,29083.30,29088.40,29058.30,29082.70,0,
25_05_2026_10_55,29082.20,29122.70,29073.70,29121.20,0,
25_05_2026_11_00,29122.40,29154.10,29120.10,29140.00,0,
25_05_2026_11_05,29142.10,29163.60,29140.40,29156.10,0,
25_05_2026_11_10,29156.20,29177.80,29151.60,29170.10,0,
25_05_2026_11_15,29172.90,29176.90,29129.80,29140.70,0,
25_05_2026_11_20,29141.30,29145.50,29118.80,29127.50,0,
25_05_2026_11_25,29128.40,29146.60,29115.20,29138.10,0,
25_05_2026_11_30,29138.60,29138.60,29114.80,29119.60,0,
25_05_2026_11_35,29118.20,29139.80,29109.60,29138.20,0,
25_05_2026_11_40,29138.20,29141.30,29113.80,29115.60,0,
25_05_2026_11_45,29116.90,29119.30,29077.80,29079.00,0,
25_05_2026_11_50,29080.20,29094.10,29075.10,29090.20,0,
25_05_2026_11_55,29092.40,29095.60,29065.90,29072.80,0,
25_05_2026_12_00,29071.10,29091.30,29063.20,29077.80,0,
25_05_2026_12_05,29084.70,29084.80,29067.10,29074.20,0,
25_05_2026_12_10,29076.90,29089.20,29060.40,29062.80,0,
25_05_2026_12_15,29064.20,29064.20,29035.80,29054.50,0,
25_05_2026_12_20,29056.60,29057.80,29038.90,29039.20,0,
25_05_2026_12_25,29042.40,29044.30,29025.60,29028.10,0,
25_05_2026_12_30,29029.10,29032.80,29008.60,29012.10,0,
25_05_2026_12_35,29013.60,29050.60,29009.40,29048.80,0,
25_05_2026_12_40,29050.30,29056.70,29036.00,29039.90,0,
25_05_2026_12_45,29040.80,29040.80,28996.80,29001.80,0,
25_05_2026_12_50,29001.30,29017.60,28994.90,29016.50,0,
25_05_2026_12_55,29016.80,29044.80,29005.40,29042.60,0,
25_05_2026_13_00,29042.80,29072.50,29034.20,29067.40,0,
25_05_2026_13_05,29068.20,29088.10,29055.60,29064.80,0,
25_05_2026_13_10,29067.10,29068.00,29044.30,29044.30,0,
25_05_2026_13_15,29047.70,29078.70,29043.80,29078.70,0,
25_05_2026_13_20,29080.70,29118.80,29076.00,29117.60,0,
25_05_2026_13_25,29118.80,29128.90,29110.70,29124.70,0,
25_05_2026_13_30,29128.10,29167.40,29119.50,29162.60,0,
25_05_2026_13_35,29166.30,29166.80,29092.60,29107.70,0,
25_05_2026_13_40,29107.60,29114.10,29074.10,29074.60,0,
25_05_2026_13_45,29075.30,29083.60,29067.00,29074.10,0,
25_05_2026_13_50,29073.90,29077.00,29056.20,29063.20,0,
25_05_2026_13_55,29067.10,29070.80,29041.20,29050.50,0,
25_05_2026_14_00,29054.40,29054.80,29030.10,29052.90,0,
25_05_2026_14_05,29054.50,29060.30,29034.30,29036.30,0,
25_05_2026_14_10,29038.20,29059.70,29018.40,29026.90,0,
25_05_2026_14_15,29030.30,29044.60,29023.20,29041.30,0,
25_05_2026_14_20,29044.60,29050.80,29027.60,29035.80,0,
25_05_2026_14_25,29037.30,29049.10,29028.20,29048.30,0,
25_05_2026_14_30,29047.80,29055.20,29033.20,29052.10,0,
25_05_2026_14_35,29055.20,29063.70,29039.30,29054.80,0,
25_05_2026_14_40,29054.20,29056.20,29033.90,29048.60,0,
25_05_2026_14_45,29047.70,29052.80,29005.90,29007.70,0,
25_05_2026_14_50,29012.50,29025.00,29002.40,29023.00,0,
25_05_2026_14_55,29025.20,29037.30,29016.20,29030.90,0,
25_05_2026_15_00,29031.10,29031.10,28999.00,29000.60,0,
25_05_2026_15_05,28998.60,29000.60,28982.40,28989.80,0,
25_05_2026_15_10,28989.20,28991.90,28979.80,28981.50,0,
25_05_2026_15_15,28983.30,28984.70,28958.70,28964.20,0,
25_05_2026_15_20,28969.00,28977.60,28956.60,28964.60,0,
25_05_2026_15_25,28966.90,28997.80,28955.50,28982.80,0,
26_05_2026_09_15,28972.20,29202.20,28943.80,29200.10,0,
26_05_2026_09_20,29198.40,29203.10,29145.60,29181.50,0,
26_05_2026_09_25,29185.90,29185.90,29073.70,29081.30,0,
26_05_2026_09_30,29081.80,29114.80,29056.30,29057.20,0,
26_05_2026_09_35,29057.40,29114.20,29007.70,29100.20,0,
26_05_2026_09_40,29100.20,29119.70,29071.80,29115.90,0,
26_05_2026_09_45,29109.90,29115.00,29074.90,29078.30,0,
26_05_2026_09_50,29078.30,29088.10,29055.40,29061.60,0,
26_05_2026_09_55,29061.10,29066.40,29025.30,29042.80,0,
26_05_2026_10_00,29043.00,29048.80,29018.90,29038.70,0,
26_05_2026_10_05,29039.70,29044.10,28993.20,29020.70,0,
26_05_2026_10_10,29021.30,29065.70,29019.70,29062.20,0,
26_05_2026_10_15,29061.70,29065.70,29041.30,29045.30,0,
26_05_2026_10_20,29046.70,29061.90,29039.10,29054.00,0,
26_05_2026_10_25,29055.80,29067.70,29038.30,29062.80,0,
26_05_2026_10_30,29062.10,29081.10,29056.70,29077.80,0,
26_05_2026_10_35,29075.20,29099.60,29071.10,29096.80,0,
26_05_2026_10_40,29097.50,29100.80,29079.80,29086.60,0,
26_05_2026_10_45,29087.70,29089.20,29071.00,29085.30,0,
26_05_2026_10_50,29085.80,29098.10,29080.60,29088.10,0,
26_05_2026_10_55,29088.10,29105.10,29081.30,29089.00,0,
26_05_2026_11_00,29085.80,29109.00,29085.80,29098.90,0,
26_05_2026_11_05,29100.10,29120.10,29093.10,29118.70,0,
26_05_2026_11_10,29118.70,29123.70,29108.80,29118.70,0,
26_05_2026_11_15,29118.90,29137.80,29108.80,29133.20,0,
26_05_2026_11_20,29134.20,29136.40,29094.80,29099.90,0,
26_05_2026_11_25,29100.70,29114.80,29041.40,29043.70,0,
26_05_2026_11_30,29041.80,29066.20,29021.20,29061.60,0,
26_05_2026_11_35,29060.80,29090.40,29054.20,29086.80,0,
26_05_2026_11_40,29087.90,29092.90,29069.10,29071.90,0,
26_05_2026_11_45,29070.70,29084.50,29061.80,29080.20,0,
26_05_2026_11_50,29079.80,29082.60,29057.70,29065.20,0,
26_05_2026_11_55,29066.60,29100.20,29064.90,29071.20,0,
26_05_2026_12_00,29071.20,29074.00,29040.20,29068.10,0,
26_05_2026_12_05,29071.20,29100.70,29058.20,29093.90,0,
26_05_2026_12_10,29094.60,29100.40,29066.30,29069.30,0,
26_05_2026_12_15,29068.40,29098.90,29057.30,29090.70,0,
26_05_2026_12_20,29090.80,29108.80,29086.20,29101.80,0,
26_05_2026_12_25,29102.60,29112.40,29094.80,29110.20,0,
26_05_2026_12_30,29109.20,29133.80,29104.80,29117.60,0,
26_05_2026_12_35,29117.90,29134.20,29106.70,29111.80,0,
26_05_2026_12_40,29111.80,29112.60,29092.80,29110.10,0,
26_05_2026_12_45,29110.80,29113.90,29089.10,29111.60,0,
26_05_2026_12_50,29111.60,29134.10,29082.70,29129.80,0,
26_05_2026_12_55,29129.80,29142.10,29120.10,29124.20,0,
26_05_2026_13_00,29121.80,29123.20,29070.80,29086.50,0,
26_05_2026_13_05,29084.10,29101.70,29072.70,29078.70,0,
26_05_2026_13_10,29079.30,29113.50,29072.90,29111.40,0,
26_05_2026_13_15,29109.60,29119.70,29086.50,29119.20,0,
26_05_2026_13_20,29118.10,29129.50,29112.20,29118.80,0,
26_05_2026_13_25,29118.90,29128.20,29109.00,29115.70,0,
26_05_2026_13_30,29117.10,29143.10,29117.10,29140.40,0,
26_05_2026_13_35,29139.30,29146.00,29119.20,29120.00,0,
26_05_2026_13_40,29118.60,29126.80,29076.10,29078.20,0,
26_05_2026_13_45,29077.40,29087.20,29043.60,29044.20,0,
26_05_2026_13_50,29044.70,29045.90,29018.90,29031.80,0,
26_05_2026_13_55,29032.60,29037.20,29006.00,29010.60,0,
26_05_2026_14_00,29010.70,29013.70,28943.60,28954.60,0,
26_05_2026_14_05,28955.60,28993.30,28939.70,28984.10,0,
26_05_2026_14_10,28982.90,28985.60,28955.80,28970.20,0,
26_05_2026_14_15,28970.60,28972.70,28948.80,28948.80,0,
26_05_2026_14_20,28949.40,28970.20,28948.50,28962.80,0,
26_05_2026_14_25,28962.60,28968.20,28944.60,28956.30,0,
26_05_2026_14_30,28954.80,28969.30,28945.50,28952.20,0,
26_05_2026_14_35,28952.20,28961.70,28928.70,28941.60,0,
26_05_2026_14_40,28942.20,28947.10,28919.10,28939.10,0,
26_05_2026_14_45,28939.90,28943.70,28920.80,28931.10,0,
26_05_2026_14_50,28931.40,28949.30,28929.80,28934.60,0,
26_05_2026_14_55,28934.60,28969.80,28931.30,28960.40,0,
26_05_2026_15_00,28957.90,28976.90,28935.70,28976.90,0,
26_05_2026_15_05,28977.10,28996.90,28968.70,28975.70,0,
26_05_2026_15_10,28975.10,28979.40,28949.10,28972.60,0,
26_05_2026_15_15,28971.60,28991.90,28962.40,28975.30,0,
26_05_2026_15_20,28974.20,28989.70,28969.10,28984.10,0,
26_05_2026_15_25,28982.10,29004.70,28974.80,29001.90,0,
27_05_2026_09_15,28931.60,29090.60,28868.20,28938.60,0,
27_05_2026_09_20,28947.20,28962.10,28912.40,28938.80,0,
27_05_2026_09_25,28938.60,28941.80,28916.00,28916.00,0,
27_05_2026_09_30,28910.30,28946.60,28900.60,28944.20,0,
27_05_2026_09_35,28944.30,28968.40,28923.70,28963.40,0,
27_05_2026_09_40,28961.10,28992.20,28935.80,28945.30,0,
27_05_2026_09_45,28940.90,28942.70,28864.90,28880.10,0,
27_05_2026_09_50,28886.20,28893.50,28872.60,28888.10,0,
27_05_2026_09_55,28889.40,28917.00,28885.60,28885.80,0,
27_05_2026_10_00,28886.30,28907.10,28880.20,28907.10,0,
27_05_2026_10_05,28910.40,28942.20,28907.10,28925.10,0,
27_05_2026_10_10,28926.80,28946.20,28920.10,28943.20,0,
27_05_2026_10_15,28943.10,29037.90,28940.80,29025.70,0,
27_05_2026_10_20,29025.80,29029.80,28960.30,28961.60,0,
27_05_2026_10_25,28961.10,28965.90,28926.90,28963.20,0,
27_05_2026_10_30,28962.30,28978.60,28956.40,28956.40,0,
27_05_2026_10_35,28957.80,28967.50,28934.60,28959.60,0,
27_05_2026_10_40,28961.30,28972.10,28955.10,28969.80,0,
27_05_2026_10_45,28968.40,28974.90,28948.90,28973.50,0,
27_05_2026_10_50,28974.70,29030.50,28973.90,29030.50,0,
27_05_2026_10_55,29029.80,29044.90,29022.60,29040.20,0,
27_05_2026_11_00,29039.90,29045.20,29023.10,29039.60,0,
27_05_2026_11_05,29039.60,29116.40,29038.80,29078.60,0,
27_05_2026_11_10,29077.30,29086.00,29054.50,29065.20,0,
27_05_2026_11_15,29067.20,29067.70,29019.90,29020.80,0,
27_05_2026_11_20,29021.30,29024.80,28996.30,28996.30,0,
27_05_2026_11_25,28997.10,29003.30,28977.20,28982.20,0,
27_05_2026_11_30,28982.80,28993.40,28943.80,28948.20,0,
27_05_2026_11_35,28948.90,28964.10,28939.30,28952.80,0,
27_05_2026_11_40,28954.80,28988.30,28945.30,28967.00,0,
27_05_2026_11_45,28968.20,29008.30,28964.80,28997.20,0,
27_05_2026_11_50,28997.30,28999.30,28975.20,28978.80,0,
27_05_2026_11_55,28978.80,28983.40,28944.30,28954.40,0,
27_05_2026_12_00,28955.10,28963.20,28939.30,28944.40,0,
27_05_2026_12_05,28944.40,28959.70,28941.10,28953.70,0,
27_05_2026_12_10,28953.70,28972.70,28946.80,28947.70,0,
27_05_2026_12_15,28949.80,28954.10,28938.30,28947.20,0,
27_05_2026_12_20,28945.80,28950.50,28916.40,28918.80,0,
27_05_2026_12_25,28917.40,28922.90,28876.70,28881.60,0,
27_05_2026_12_30,28883.30,28889.10,28864.50,28885.20,0,
27_05_2026_12_35,28885.20,28931.70,28879.90,28928.20,0,
27_05_2026_12_40,28928.20,28943.30,28925.10,28938.00,0,
27_05_2026_12_45,28939.70,28939.80,28917.80,28920.40,0,
27_05_2026_12_50,28920.60,28926.30,28894.70,28909.30,0,
27_05_2026_12_55,28911.10,28913.30,28883.20,28887.20,0,
27_05_2026_13_00,28887.10,28892.20,28869.20,28889.00,0,
27_05_2026_13_05,28889.00,28904.40,28879.90,28887.90,0,
27_05_2026_13_10,28887.80,28895.90,28865.90,28872.80,0,
27_05_2026_13_15,28872.80,28873.60,28836.80,28841.40,0,
27_05_2026_13_20,28841.40,28864.30,28832.00,28857.20,0,
27_05_2026_13_25,28860.80,28884.50,28854.60,28872.90,0,
27_05_2026_13_30,28872.80,28917.70,28868.40,28904.20,0,
27_05_2026_13_35,28904.20,28919.10,28899.70,28900.50,0,
27_05_2026_13_40,28901.10,28904.00,28869.20,28871.20,0,
27_05_2026_13_45,28870.80,28870.80,28849.20,28860.70,0,
27_05_2026_13_50,28860.80,28884.80,28856.20,28871.20,0,
27_05_2026_13_55,28871.70,28883.40,28858.90,28877.80,0,
27_05_2026_14_00,28878.40,28882.60,28864.10,28876.20,0,
27_05_2026_14_05,28875.80,28879.40,28861.40,28864.30,0,
27_05_2026_14_10,28864.20,28868.20,28838.70,28842.00,0,
27_05_2026_14_15,28843.20,28862.60,28839.80,28848.60,0,
27_05_2026_14_20,28846.50,28882.70,28844.30,28872.70,0,
27_05_2026_14_25,28871.70,28875.80,28834.60,28836.80,0,
27_05_2026_14_30,28837.10,28853.90,28833.60,28836.20,0,
27_05_2026_14_35,28836.90,28842.80,28801.10,28816.70,0,
27_05_2026_14_40,28814.90,28829.40,28800.90,28817.30,0,
27_05_2026_14_45,28818.20,28824.80,28808.80,28816.30,0,
27_05_2026_14_50,28816.30,28835.20,28811.10,28832.00,0,
27_05_2026_14_55,28831.80,28853.10,28831.80,28843.40,0,
27_05_2026_15_00,28841.60,28856.80,28830.10,28837.10,0,
27_05_2026_15_05,28837.60,28865.70,28835.70,28862.00,0,
27_05_2026_15_10,28862.80,28888.00,28859.40,28888.00,0,
27_05_2026_15_15,28885.70,28952.60,28884.60,28950.30,0,
27_05_2026_15_20,28950.80,28965.70,28942.40,28961.80,0,
27_05_2026_15_25,28962.10,28974.00,28919.80,28947.50,0,
29_05_2026_09_15,29341.40,29666.20,29333.30,29650.90,0,
29_05_2026_09_20,29650.10,29667.20,29520.30,29663.40,0,
29_05_2026_09_25,29659.60,29686.60,29447.80,29455.70,0,
29_05_2026_09_30,29457.20,29457.20,29349.60,29415.00,0,
29_05_2026_09_35,29412.10,29534.80,29409.30,29517.40,0,
29_05_2026_09_40,29518.20,29600.70,29515.20,29524.40,0,
29_05_2026_09_45,29524.40,29634.10,29512.10,29628.40,0,
29_05_2026_09_50,29622.60,29650.10,29596.70,29614.90,0,
29_05_2026_09_55,29613.80,29659.20,29608.00,29631.70,0,
29_05_2026_10_00,29633.80,29742.80,29626.10,29714.60,0,
29_05_2026_10_05,29713.40,29747.20,29682.20,29702.40,0,
29_05_2026_10_10,29704.40,29720.80,29636.80,29673.80,0,
29_05_2026_10_15,29675.10,29718.10,29658.70,29706.20,0,
29_05_2026_10_20,29707.50,29707.50,29649.10,29658.40,0,
29_05_2026_10_25,29658.50,29677.60,29622.10,29628.80,0,
29_05_2026_10_30,29632.30,29647.00,29610.80,29643.70,0,
29_05_2026_10_35,29647.00,29662.10,29613.80,29617.30,0,
29_05_2026_10_40,29614.20,29642.20,29600.80,29628.90,0,
29_05_2026_10_45,29624.80,29643.60,29598.80,29613.20,0,
29_05_2026_10_50,29610.20,29616.50,29593.20,29605.30,0,
29_05_2026_10_55,29602.70,29606.30,29577.20,29604.20,0,
29_05_2026_11_00,29601.20,29614.90,29576.70,29582.80,0,
29_05_2026_11_05,29580.60,29618.80,29563.80,29612.20,0,
29_05_2026_11_10,29609.20,29644.40,29606.10,29636.10,0,
29_05_2026_11_15,29634.90,29662.30,29628.20,29653.30,0,
29_05_2026_11_20,29652.60,29665.30,29638.40,29647.90,0,
29_05_2026_11_25,29648.10,29653.20,29620.30,29620.90,0,
29_05_2026_11_30,29619.80,29633.30,29589.90,29617.00,0,
29_05_2026_11_35,29622.40,29672.70,29620.50,29664.40,0,
29_05_2026_11_40,29665.40,29666.90,29623.10,29633.30,0,
29_05_2026_11_45,29631.60,29654.70,29607.30,29620.60,0,
29_05_2026_11_50,29619.20,29626.30,29572.80,29598.60,0,
29_05_2026_11_55,29596.80,29600.20,29568.30,29585.80,0,
29_05_2026_12_00,29587.30,29590.60,29559.70,29568.70,0,
29_05_2026_12_05,29569.30,29571.60,29549.20,29549.20,0,
29_05_2026_12_10,29550.30,29555.90,29531.10,29542.30,0,
29_05_2026_12_15,29543.10,29557.80,29516.40,29557.80,0,
29_05_2026_12_20,29559.20,29559.40,29531.70,29542.40,0,
29_05_2026_12_25,29539.60,29552.70,29518.40,29526.80,0,
29_05_2026_12_30,29528.20,29528.20,29501.20,29508.90,0,
29_05_2026_12_35,29508.10,29533.90,29505.20,29533.60,0,
29_05_2026_12_40,29529.70,29536.90,29513.60,29524.10,0,
29_05_2026_12_45,29521.80,29546.00,29517.80,29528.80,0,
29_05_2026_12_50,29527.00,29531.80,29506.80,29506.80,0,
29_05_2026_12_55,29507.80,29509.70,29483.20,29484.90,0,
29_05_2026_13_00,29484.20,29494.20,29459.60,29486.60,0,
29_05_2026_13_05,29486.10,29500.90,29474.00,29485.30,0,
29_05_2026_13_10,29485.60,29489.30,29463.10,29466.20,0,
29_05_2026_13_15,29465.30,29477.30,29451.30,29470.20,0,
29_05_2026_13_20,29471.30,29476.90,29432.60,29452.90,0,
29_05_2026_13_25,29453.90,29480.30,29450.90,29463.60,0,
29_05_2026_13_30,29462.60,29472.90,29454.60,29458.10,0,
29_05_2026_13_35,29459.60,29473.00,29447.70,29472.30,0,
29_05_2026_13_40,29472.80,29489.30,29445.40,29447.30,0,
29_05_2026_13_45,29448.80,29452.10,29412.40,29415.60,0,
29_05_2026_13_50,29415.90,29415.90,29361.20,29388.10,0,
29_05_2026_13_55,29387.80,29414.70,29376.30,29412.80,0,
29_05_2026_14_00,29414.00,29414.00,29386.20,29390.20,0,
29_05_2026_14_05,29390.80,29417.30,29383.10,29414.40,0,
29_05_2026_14_10,29413.30,29441.70,29405.70,29423.90,0,
29_05_2026_14_15,29424.40,29433.80,29397.40,29401.90,0,
29_05_2026_14_20,29402.60,29450.40,29388.60,29426.30,0,
29_05_2026_14_25,29426.20,29431.30,29406.20,29411.20,0,
29_05_2026_14_30,29412.60,29511.00,29405.10,29505.20,0,
29_05_2026_14_35,29508.60,29528.30,29489.60,29492.10,0,
29_05_2026_14_40,29490.40,29503.40,29465.00,29489.80,0,
29_05_2026_14_45,29492.80,29506.50,29482.80,29500.30,0,
29_05_2026_14_50,29502.20,29537.80,29494.20,29537.10,0,
29_05_2026_14_55,29536.90,29549.50,29472.20,29491.10,0,
29_05_2026_15_00,29495.00,29495.00,29053.40,29070.10,0,
29_05_2026_15_05,29072.30,29079.80,28985.40,29019.80,0,
29_05_2026_15_10,29021.10,29049.00,28990.30,29049.00,0,
29_05_2026_15_15,29051.90,29118.50,29041.60,29078.20,0,
29_05_2026_15_20,29082.60,29084.60,28991.20,28995.00,0,
29_05_2026_15_25,28996.40,29041.10,28931.80,29021.70,0,
01_06_2026_09_15,29354.80,29760.00,29341.60,29633.30,0,
01_06_2026_09_20,29630.40,29731.10,29609.80,29693.10,0,
01_06_2026_09_25,29692.80,29737.20,29642.70,29720.20,0,
01_06_2026_09_30,29720.00,29804.10,29720.00,29767.60,0,
01_06_2026_09_35,29768.20,29808.90,29713.70,29729.40,0,
01_06_2026_09_40,29731.60,29834.20,29731.60,29834.20,0,
01_06_2026_09_45,29835.30,29934.40,29820.90,29925.80,0,
01_06_2026_09_50,29928.20,30004.80,29923.20,29985.50,0,
01_06_2026_09_55,29984.90,29995.10,29911.20,29923.70,0,
01_06_2026_10_00,29928.50,29970.10,29876.20,29881.40,0,
01_06_2026_10_05,29884.80,29953.10,29882.40,29940.20,0,
01_06_2026_10_10,29945.80,29972.90,29931.40,29965.40,0,
01_06_2026_10_15,29969.20,29990.70,29932.40,29978.50,0,
01_06_2026_10_20,29979.20,30110.30,29975.60,30024.40,0,
01_06_2026_10_25,30023.60,30067.20,30006.50,30033.70,0,
01_06_2026_10_30,30033.40,30042.80,29977.20,29981.90,0,
01_06_2026_10_35,29982.20,30008.30,29959.40,29969.30,0,
01_06_2026_10_40,29970.20,29996.50,29929.10,29941.30,0,
01_06_2026_10_45,29934.40,29985.50,29901.00,29985.50,0,
01_06_2026_10_50,29984.60,30038.90,29984.30,30022.90,0,
01_06_2026_10_55,30019.00,30022.80,29988.40,30012.90,0,
01_06_2026_11_00,30013.80,30069.00,30013.10,30055.70,0,
01_06_2026_11_05,30056.90,30074.20,30042.90,30065.80,0,
01_06_2026_11_10,30067.10,30121.70,30067.10,30110.70,0,
01_06_2026_11_15,30109.90,30113.70,30085.40,30097.10,0,
01_06_2026_11_20,30094.70,30140.60,30083.40,30108.80,0,
01_06_2026_11_25,30111.30,30124.50,30105.80,30112.70,0,
01_06_2026_11_30,30114.70,30139.40,30114.00,30122.90,0,
01_06_2026_11_35,30127.20,30144.90,30111.10,30133.10,0,
01_06_2026_11_40,30137.00,30162.80,30127.20,30142.80,0,
01_06_2026_11_45,30146.00,30177.50,30136.40,30175.10,0,
01_06_2026_11_50,30175.70,30184.30,30154.40,30173.90,0,
01_06_2026_11_55,30175.20,30180.50,30096.10,30105.20,0,
01_06_2026_12_00,30106.60,30119.10,30086.80,30094.80,0,
01_06_2026_12_05,30096.80,30177.80,30094.80,30175.50,0,
01_06_2026_12_10,30174.40,30206.80,30173.30,30201.10,0,
01_06_2026_12_15,30199.60,30220.20,30188.70,30209.20,0,
01_06_2026_12_20,30211.20,30227.20,30194.90,30203.80,0,
01_06_2026_12_25,30203.40,30238.20,30203.40,30228.30,0,
01_06_2026_12_30,30227.20,30227.80,30210.10,30215.60,0,
01_06_2026_12_35,30214.40,30218.30,30190.40,30205.20,0,
01_06_2026_12_40,30204.40,30212.50,30183.60,30187.60,0,
01_06_2026_12_45,30187.80,30200.80,30174.40,30195.80,0,
01_06_2026_12_50,30192.50,30209.80,30182.30,30207.40,0,
01_06_2026_12_55,30208.10,30222.30,30200.70,30214.90,0,
01_06_2026_13_00,30215.10,30223.20,30188.50,30196.70,0,
01_06_2026_13_05,30195.50,30197.20,30166.60,30173.20,0,
01_06_2026_13_10,30172.70,30188.60,30160.40,30180.50,0,
01_06_2026_13_15,30181.80,30187.50,30168.60,30180.20,0,
01_06_2026_13_20,30180.70,30188.40,30152.10,30157.50,0,
01_06_2026_13_25,30158.40,30170.80,30154.20,30164.80,0,
01_06_2026_13_30,30166.30,30167.80,30142.80,30158.70,0,
01_06_2026_13_35,30160.20,30161.20,30140.00,30148.70,0,
01_06_2026_13_40,30150.80,30152.80,30138.10,30140.90,0,
01_06_2026_13_45,30141.10,30142.80,30131.80,30137.50,0,
01_06_2026_13_50,30137.40,30145.90,30117.50,30119.40,0,
01_06_2026_13_55,30119.20,30126.20,30102.30,30119.90,0,
01_06_2026_14_00,30117.20,30123.60,30063.70,30073.20,0,
01_06_2026_14_05,30075.10,30082.00,30057.50,30063.80,0,
01_06_2026_14_10,30061.70,30080.30,30047.30,30051.20,0,
01_06_2026_14_15,30050.20,30061.30,30023.60,30053.80,0,
01_06_2026_14_20,30054.10,30060.10,30009.20,30009.40,0,
01_06_2026_14_25,30012.10,30056.30,30006.30,30014.60,0,
01_06_2026_14_30,30011.70,30023.60,29964.00,29969.00,0,
01_06_2026_14_35,29967.70,30020.70,29960.80,30016.30,0,
01_06_2026_14_40,30015.20,30016.60,29984.50,30000.20,0,
01_06_2026_14_45,30001.00,30022.10,29961.50,29972.10,0,
01_06_2026_14_50,29973.60,29984.40,29929.50,29942.10,0,
01_06_2026_14_55,29942.50,29949.80,29920.80,29938.70,0,
01_06_2026_15_00,29936.80,29938.60,29881.80,29913.30,0,
01_06_2026_15_05,29914.60,29914.90,29830.20,29842.20,0,
01_06_2026_15_10,29844.80,29885.20,29838.20,29851.50,0,
01_06_2026_15_15,29851.80,29870.30,29829.20,29829.20,0,
01_06_2026_15_20,29830.40,29835.40,29811.10,29827.90,0,
01_06_2026_15_25,29830.70,29859.10,29825.30,29834.50,0,
02_06_2026_09_15,30298.30,30550.30,30264.60,30457.00,0,
02_06_2026_09_20,30458.80,30624.80,30441.10,30511.10,0,
02_06_2026_09_25,30508.70,30638.70,30487.30,30550.30,0,
02_06_2026_09_30,30551.80,30644.80,30539.10,30606.60,0,
02_06_2026_09_35,30608.60,30635.60,30552.60,30563.90,0,
02_06_2026_09_40,30562.60,30739.40,30557.70,30735.30,0,
02_06_2026_09_45,30732.60,30785.10,30669.30,30686.30,0,
02_06_2026_09_50,30684.80,30786.40,30674.90,30782.80,0,
02_06_2026_09_55,30784.50,30849.60,30780.90,30808.80,0,
02_06_2026_10_00,30810.70,30833.80,30755.20,30800.70,0,
02_06_2026_10_05,30801.60,30911.10,30782.60,30905.90,0,
02_06_2026_10_10,30905.30,30963.60,30892.30,30919.30,0,
02_06_2026_10_15,30922.50,31010.50,30919.00,31009.20,0,
02_06_2026_10_20,31010.20,31017.70,30955.90,30992.80,0,
02_06_2026_10_25,30987.30,31032.40,30987.30,31026.20,0,
02_06_2026_10_30,31024.20,31085.10,31024.00,31081.90,0,
02_06_2026_10_35,31081.70,31180.40,31067.20,31169.90,0,
02_06_2026_10_40,31170.60,31290.90,31149.90,31266.70,0,
02_06_2026_10_45,31265.20,31274.30,31159.90,31189.00,0,
02_06_2026_10_50,31189.70,31238.70,31143.70,31166.40,0,
02_06_2026_10_55,31165.90,31175.80,31081.20,31085.60,0,
02_06_2026_11_00,31088.20,31139.10,31075.90,31127.90,0,
02_06_2026_11_05,31127.80,31134.60,31077.90,31132.20,0,
02_06_2026_11_10,31132.90,31158.40,31106.60,31120.20,0,
02_06_2026_11_15,31120.10,31198.80,31118.70,31196.20,0,
02_06_2026_11_20,31194.20,31229.90,31194.20,31206.80,0,
02_06_2026_11_25,31206.40,31251.60,31201.20,31228.80,0,
02_06_2026_11_30,31227.90,31253.10,31215.20,31238.70,0,
02_06_2026_11_35,31239.90,31257.50,31220.70,31237.70,0,
02_06_2026_11_40,31236.20,31250.40,31203.70,31210.90,0,
02_06_2026_11_45,31210.80,31221.40,31170.50,31179.10,0,
02_06_2026_11_50,31181.40,31225.20,31171.30,31192.30,0,
02_06_2026_11_55,31194.20,31220.90,31178.90,31187.20,0,
02_06_2026_12_00,31188.70,31189.10,31066.30,31098.40,0,
02_06_2026_12_05,31100.40,31139.30,31094.30,31127.30,0,
02_06_2026_12_10,31129.50,31129.50,31034.90,31040.60,0,
02_06_2026_12_15,31040.60,31076.60,31008.90,31016.20,0,
02_06_2026_12_20,31017.80,31021.30,30986.60,30998.90,0,
02_06_2026_12_25,31003.50,31063.90,31001.30,31054.90,0,
02_06_2026_12_30,31055.90,31145.70,31055.90,31134.80,0,
02_06_2026_12_35,31138.90,31141.60,31086.60,31089.30,0,
02_06_2026_12_40,31088.80,31109.00,31077.70,31092.20,0,
02_06_2026_12_45,31093.80,31161.20,31093.80,31103.10,0,
02_06_2026_12_50,31104.20,31113.90,31043.20,31055.80,0,
02_06_2026_12_55,31052.60,31096.50,31043.70,31068.20,0,
02_06_2026_13_00,31067.40,31084.30,31056.10,31069.80,0,
02_06_2026_13_05,31070.20,31103.60,31067.10,31101.40,0,
02_06_2026_13_10,31102.40,31112.10,31074.00,31093.80,0,
02_06_2026_13_15,31093.80,31094.20,31041.70,31045.40,0,
02_06_2026_13_20,31044.70,31054.60,31030.60,31040.10,0,
02_06_2026_13_25,31041.40,31046.80,31023.80,31036.10,0,
02_06_2026_13_30,31035.80,31053.10,31010.10,31042.70,0,
02_06_2026_13_35,31041.40,31058.00,31026.40,31029.90,0,
02_06_2026_13_40,31029.90,31059.30,31018.80,31048.80,0,
02_06_2026_13_45,31048.70,31058.90,31036.90,31053.20,0,
02_06_2026_13_50,31053.80,31089.80,31034.80,31079.20,0,
02_06_2026_13_55,31081.80,31097.20,31065.50,31073.20,0,
02_06_2026_14_00,31071.80,31078.10,31041.80,31062.90,0,
02_06_2026_14_05,31062.70,31102.80,31062.70,31097.80,0,
02_06_2026_14_10,31096.10,31137.10,31085.10,31131.60,0,
02_06_2026_14_15,31132.90,31132.90,31082.90,31092.60,0,
02_06_2026_14_20,31093.00,31115.80,31082.70,31094.80,0,
02_06_2026_14_25,31093.80,31102.40,31069.80,31075.10,0,
02_06_2026_14_30,31075.90,31106.50,31071.10,31101.80,0,
02_06_2026_14_35,31101.20,31112.10,31084.80,31086.40,0,
02_06_2026_14_40,31089.10,31090.20,31048.70,31081.00,0,
02_06_2026_14_45,31081.00,31099.60,31072.90,31079.20,0,
02_06_2026_14_50,31079.20,31124.90,31079.20,31114.10,0,
02_06_2026_14_55,31115.80,31139.70,31090.20,31094.60,0,
02_06_2026_15_00,31093.20,31155.00,31069.20,31133.70,0,
02_06_2026_15_05,31133.20,31148.10,31091.80,31091.80,0,
02_06_2026_15_10,31092.80,31118.40,31091.50,31115.70,0,
02_06_2026_15_15,31113.60,31157.60,31106.90,31127.30,0,
02_06_2026_15_20,31128.40,31132.80,31097.80,31120.20,0,
02_06_2026_15_25,31123.20,31135.10,31096.60,31108.90,0,
03_06_2026_09_15,30442.20,30567.00,30044.20,30059.80,0,
03_06_2026_09_20,30058.10,30104.00,29909.10,30013.30,0,
03_06_2026_09_25,30016.80,30016.80,29928.80,29998.10,0,
03_06_2026_09_30,30001.00,30005.60,29872.20,29912.20,0,
03_06_2026_09_35,29907.80,29934.30,29824.10,29833.40,0,
03_06_2026_09_40,29832.80,29835.50,29766.80,29792.60,0,
03_06_2026_09_45,29784.10,29797.50,29724.20,29783.20,0,
03_06_2026_09_50,29784.10,29839.90,29755.80,29766.00,0,
03_06_2026_09_55,29767.60,29788.30,29731.10,29731.10,0,
03_06_2026_10_00,29736.40,29748.00,29693.50,29731.10,0,
03_06_2026_10_05,29731.60,29735.40,29677.60,29690.90,0,
03_06_2026_10_10,29691.70,29705.60,29671.10,29678.40,0,
03_06_2026_10_15,29678.20,29710.40,29604.20,29660.90,0,
03_06_2026_10_20,29661.40,29706.50,29655.40,29678.80,0,
03_06_2026_10_25,29679.80,29709.90,29661.70,29682.80,0,
03_06_2026_10_30,29686.10,29697.00,29610.10,29647.00,0,
03_06_2026_10_35,29649.10,29711.30,29635.30,29675.70,0,
03_06_2026_10_40,29676.60,29705.90,29632.60,29640.40,0,
03_06_2026_10_45,29638.40,29706.50,29620.80,29690.20,0,
03_06_2026_10_50,29693.00,29771.80,29681.80,29771.80,0,
03_06_2026_10_55,29767.90,29768.40,29702.90,29732.40,0,
03_06_2026_11_00,29730.20,29738.80,29654.20,29656.70,0,
03_06_2026_11_05,29656.90,29658.20,29576.20,29580.70,0,
03_06_2026_11_10,29583.20,29612.00,29560.10,29594.60,0,
03_06_2026_11_15,29594.20,29623.20,29572.90,29577.60,0,
03_06_2026_11_20,29578.90,29646.10,29567.80,29617.80,0,
03_06_2026_11_25,29619.70,29630.80,29545.90,29565.80,0,
03_06_2026_11_30,29566.20,29584.20,29526.20,29547.60,0,
03_06_2026_11_35,29548.20,29571.10,29531.50,29558.10,0,
03_06_2026_11_40,29558.90,29561.90,29512.80,29537.30,0,
03_06_2026_11_45,29541.20,29581.10,29529.30,29529.80,0,
03_06_2026_11_50,29532.40,29534.10,29445.60,29446.30,0,
03_06_2026_11_55,29447.20,29447.70,29340.20,29345.80,0,
03_06_2026_12_00,29345.20,29377.20,29322.40,29348.80,0,
03_06_2026_12_05,29348.30,29348.80,29301.00,29343.00,0,
03_06_2026_12_10,29344.70,29370.80,29306.20,29321.20,0,
03_06_2026_12_15,29321.10,29348.80,29305.90,29347.30,0,
03_06_2026_12_20,29347.60,29364.40,29327.20,29331.80,0,
03_06_2026_12_25,29333.50,29423.10,29319.40,29409.90,0,
03_06_2026_12_30,29411.50,29464.80,29398.80,29440.30,0,
03_06_2026_12_35,29442.30,29495.70,29415.00,29478.90,0,
03_06_2026_12_40,29478.70,29511.20,29468.80,29476.70,0,
03_06_2026_12_45,29475.00,29478.30,29412.80,29437.70,0,
03_06_2026_12_50,29437.80,29448.60,29416.80,29428.40,0,
03_06_2026_12_55,29429.60,29447.90,29409.30,29425.90,0,
03_06_2026_13_00,29426.60,29436.70,29399.80,29421.70,0,
03_06_2026_13_05,29423.50,29437.00,29392.10,29418.90,0,
03_06_2026_13_10,29420.20,29432.90,29386.10,29430.10,0,
03_06_2026_13_15,29446.60,29464.20,29420.80,29430.90,0,
03_06_2026_13_20,29433.40,29463.40,29415.80,29457.30,0,
03_06_2026_13_25,29458.60,29474.90,29432.30,29450.10,0,
03_06_2026_13_30,29450.10,29455.60,29420.70,29440.20,0,
03_06_2026_13_35,29439.90,29443.90,29399.70,29400.90,0,
03_06_2026_13_40,29405.80,29432.30,29393.20,29397.60,0,
03_06_2026_13_45,29397.80,29509.40,29393.80,29489.30,0,
03_06_2026_13_50,29487.60,29493.50,29462.80,29475.50,0,
03_06_2026_13_55,29477.30,29480.20,29442.70,29444.70,0,
03_06_2026_14_00,29448.90,29473.30,29436.30,29471.30,0,
03_06_2026_14_05,29473.10,29479.90,29445.00,29458.00,0,
03_06_2026_14_10,29458.50,29459.30,29395.90,29405.30,0,
03_06_2026_14_15,29404.80,29460.70,29400.90,29456.40,0,
03_06_2026_14_20,29457.20,29480.00,29441.80,29456.10,0,
03_06_2026_14_25,29457.10,29458.20,29433.40,29434.10,0,
03_06_2026_14_30,29437.60,29447.30,29424.30,29438.30,0,
03_06_2026_14_35,29440.20,29449.90,29420.50,29441.20,0,
03_06_2026_14_40,29442.60,29467.70,29438.70,29440.30,0,
03_06_2026_14_45,29441.30,29469.90,29418.80,29443.30,0,
03_06_2026_14_50,29444.40,29457.90,29424.50,29436.10,0,
03_06_2026_14_55,29437.70,29437.70,29403.10,29408.20,0,
03_06_2026_15_00,29412.80,29444.20,29380.30,29434.80,0,
03_06_2026_15_05,29433.20,29440.60,29366.70,29385.10,0,
03_06_2026_15_10,29387.50,29406.30,29379.60,29402.60,0,
03_06_2026_15_15,29408.40,29408.40,29346.70,29355.10,0,
03_06_2026_15_20,29356.40,29392.40,29354.20,29371.60,0,
03_06_2026_15_25,29372.20,29379.80,29341.00,29355.20,0,
04_06_2026_09_15,29135.20,29319.20,28971.80,29294.70,0,
04_06_2026_09_20,29296.50,29372.90,29201.10,29307.20,0,
04_06_2026_09_25,29302.90,29311.10,29205.90,29239.90,0,
04_06_2026_09_30,29238.70,29286.80,29200.70,29230.20,0,
04_06_2026_09_35,29225.60,29269.90,29191.70,29196.40,0,
04_06_2026_09_40,29197.90,29245.30,29184.70,29219.20,0,
04_06_2026_09_45,29218.10,29245.20,29181.70,29218.50,0,
04_06_2026_09_50,29218.10,29244.90,29188.30,29241.50,0,
04_06_2026_09_55,29236.30,29300.40,29216.60,29260.70,0,
04_06_2026_10_00,29263.00,29270.10,29237.40,29263.20,0,
04_06_2026_10_05,29263.30,29308.00,29240.30,29308.00,0,
04_06_2026_10_10,29307.20,29317.20,29273.40,29293.70,0,
04_06_2026_10_15,29294.40,29324.90,29260.60,29303.80,0,
04_06_2026_10_20,29303.80,29305.80,29262.00,29264.10,0,
04_06_2026_10_25,29263.30,29264.50,29144.40,29210.10,0,
04_06_2026_10_30,29211.80,29253.20,29205.60,29212.20,0,
04_06_2026_10_35,29215.50,29234.70,29200.60,29216.20,0,
04_06_2026_10_40,29216.20,29216.20,29188.90,29195.60,0,
04_06_2026_10_45,29196.10,29255.70,29196.10,29227.80,0,
04_06_2026_10_50,29229.30,29307.60,29215.20,29298.30,0,
04_06_2026_10_55,29297.90,29364.20,29276.80,29343.60,0,
04_06_2026_11_00,29343.30,29346.80,29248.50,29267.70,0,
04_06_2026_11_05,29263.50,29295.80,29254.70,29294.10,0,
04_06_2026_11_10,29294.30,29296.50,29276.40,29282.10,0,
04_06_2026_11_15,29282.60,29287.30,29260.60,29264.30,0,
04_06_2026_11_20,29263.90,29289.20,29255.90,29283.20,0,
04_06_2026_11_25,29281.40,29295.50,29264.20,29278.70,0,
04_06_2026_11_30,29278.20,29302.10,29242.70,29301.30,0,
04_06_2026_11_35,29299.90,29371.40,29299.90,29367.10,0,
04_06_2026_11_40,29365.80,29382.90,29345.30,29349.90,0,
04_06_2026_11_45,29349.10,29382.20,29346.00,29354.90,0,
04_06_2026_11_50,29354.90,29356.40,29310.30,29327.80,0,
04_06_2026_11_55,29327.40,29335.70,29315.90,29317.80,0,
04_06_2026_12_00,29318.40,29324.70,29301.00,29309.70,0,
04_06_2026_12_05,29310.10,29318.50,29264.20,29283.20,0,
04_06_2026_12_10,29283.70,29298.70,29267.80,29279.40,0,
04_06_2026_12_15,29279.40,29294.10,29254.40,29258.90,0,
04_06_2026_12_20,29258.90,29262.10,29236.10,29248.30,0,
04_06_2026_12_25,29247.90,29258.90,29222.40,29241.20,0,
04_06_2026_12_30,29240.00,29242.60,29203.50,29204.60,0,
04_06_2026_12_35,29204.70,29225.50,29195.10,29220.70,0,
04_06_2026_12_40,29221.30,29233.30,29216.70,29224.10,0,
04_06_2026_12_45,29222.20,29289.00,29213.80,29287.10,0,
04_06_2026_12_50,29286.30,29333.50,29271.20,29333.50,0,
04_06_2026_12_55,29333.40,29344.70,29312.10,29344.60,0,
04_06_2026_13_00,29345.10,29352.40,29324.90,29331.80,0,
04_06_2026_13_05,29333.10,29342.20,29297.10,29337.20,0,
04_06_2026_13_10,29336.60,29341.00,29250.10,29258.80,0,
04_06_2026_13_15,29257.20,29303.60,29228.30,29303.10,0,
04_06_2026_13_20,29302.60,29322.20,29273.60,29321.10,0,
04_06_2026_13_25,29320.80,29344.70,29310.40,29312.10,0,
04_06_2026_13_30,29311.10,29316.20,29289.50,29315.20,0,
04_06_2026_13_35,29315.20,29340.10,29304.20,29326.40,0,
04_06_2026_13_40,29326.40,29331.30,29290.20,29311.80,0,
04_06_2026_13_45,29311.80,29316.20,29301.90,29306.50,0,
04_06_2026_13_50,29307.20,29307.80,29280.90,29291.50,0,
04_06_2026_13_55,29291.50,29312.80,29273.70,29297.70,0,
04_06_2026_14_00,29297.70,29331.20,29296.90,29323.00,0,
04_06_2026_14_05,29323.40,29323.80,29300.70,29317.30,0,
04_06_2026_14_10,29319.60,29326.00,29305.20,29310.90,0,
04_06_2026_14_15,29307.60,29323.70,29307.60,29315.10,0,
04_06_2026_14_20,29315.40,29317.20,29294.70,29300.00,0,
04_06_2026_14_25,29300.50,29315.30,29295.20,29308.80,0,
04_06_2026_14_30,29309.20,29351.80,29305.50,29342.70,0,
04_06_2026_14_35,29342.80,29346.20,29323.20,29338.90,0,
04_06_2026_14_40,29337.50,29349.40,29318.40,29337.10,0,
04_06_2026_14_45,29335.80,29357.40,29320.70,29346.70,0,
04_06_2026_14_50,29346.70,29354.30,29314.60,29328.50,0,
04_06_2026_14_55,29328.40,29339.80,29316.40,29335.20,0,
04_06_2026_15_00,29333.10,29335.10,29263.90,29265.10,0,
04_06_2026_15_05,29267.60,29269.60,29243.00,29269.60,0,
04_06_2026_15_10,29270.20,29305.20,29270.20,29300.10,0,
04_06_2026_15_15,29302.40,29319.80,29295.90,29301.60,0,
04_06_2026_15_20,29302.40,29337.90,29295.90,29327.20,0,
04_06_2026_15_25,29328.80,29373.40,29320.80,29332.10,0,
05_06_2026_09_15,29478.20,29639.80,29337.10,29454.60,0,
05_06_2026_09_20,29458.60,29502.80,29372.30,29379.80,0,
05_06_2026_09_25,29378.90,29408.90,29335.80,29366.70,0,
05_06_2026_09_30,29363.90,29384.60,29299.20,29310.70,0,
05_06_2026_09_35,29312.40,29352.80,29306.20,29323.90,0,
05_06_2026_09_40,29320.80,29322.90,29224.90,29295.70,0,
05_06_2026_09_45,29293.80,29324.70,29284.90,29311.10,0,
05_06_2026_09_50,29311.90,29364.50,29309.00,29345.90,0,
05_06_2026_09_55,29345.90,29351.70,29293.80,29296.80,0,
05_06_2026_10_00,29294.20,29319.70,29255.10,29308.60,0,
05_06_2026_10_05,29308.00,29311.10,29266.40,29306.70,0,
05_06_2026_10_10,29305.90,29360.20,29295.60,29348.80,0,
05_06_2026_10_15,29348.20,29355.60,29297.70,29301.00,0,
05_06_2026_10_20,29300.30,29302.70,29231.10,29270.20,0,
05_06_2026_10_25,29267.50,29270.50,29222.30,29229.50,0,
05_06_2026_10_30,29226.90,29246.80,29186.30,29190.20,0,
05_06_2026_10_35,29190.70,29193.80,29111.90,29118.10,0,
05_06_2026_10_40,29141.30,29200.80,29137.70,29194.40,0,
05_06_2026_10_45,29195.30,29203.10,29109.90,29129.90,0,
05_06_2026_10_50,29132.00,29156.60,29126.90,29144.10,0,
05_06_2026_10_55,29143.70,29155.70,29121.30,29151.30,0,
05_06_2026_11_00,29150.90,29176.00,29149.80,29169.30,0,
05_06_2026_11_05,29168.10,29212.60,29168.10,29172.20,0,
05_06_2026_11_10,29172.70,29178.30,29120.40,29131.70,0,
05_06_2026_11_15,29130.90,29150.60,29122.40,29138.10,0,
05_06_2026_11_20,29138.10,29143.70,29103.70,29114.10,0,
05_06_2026_11_25,29114.10,29124.20,29096.20,29120.10,0,
05_06_2026_11_30,29119.90,29168.40,29115.20,29159.30,0,
05_06_2026_11_35,29158.00,29164.90,29143.90,29146.50,0,
05_06_2026_11_40,29148.30,29188.30,29146.90,29176.60,0,
05_06_2026_11_45,29177.00,29186.80,29167.40,29171.60,0,
05_06_2026_11_50,29170.70,29176.80,29130.30,29132.40,0,
05_06_2026_11_55,29132.40,29145.10,29106.80,29110.80,0,
05_06_2026_12_00,29111.00,29111.70,29082.60,29090.60,0,
05_06_2026_12_05,29089.10,29109.60,29078.30,29083.40,0,
05_06_2026_12_10,29083.60,29114.60,29077.80,29114.60,0,
05_06_2026_12_15,29114.30,29129.40,29105.80,29111.90,0,
05_06_2026_12_20,29111.30,29114.70,29081.40,29081.40,0,
05_06_2026_12_25,29081.30,29099.10,29072.90,29075.80,0,
05_06_2026_12_30,29073.10,29084.80,29048.40,29052.40,0,
05_06_2026_12_35,29051.80,29057.00,29022.80,29040.60,0,
05_06_2026_12_40,29040.70,29041.80,29002.20,29008.00,0,
05_06_2026_12_45,29007.10,29026.60,28994.20,28995.30,0,
05_06_2026_12_50,28995.20,28998.80,28969.30,28981.60,0,
05_06_2026_12_55,28979.30,28985.40,28962.50,28968.50,0,
05_06_2026_13_00,28969.00,28994.80,28966.20,28992.20,0,
05_06_2026_13_05,28990.40,28996.20,28970.20,28977.80,0,
05_06_2026_13_10,28977.20,28999.10,28959.30,28964.50,0,
05_06_2026_13_15,28964.30,28992.30,28956.40,28968.40,0,
05_06_2026_13_20,28968.60,28969.80,28918.90,28930.90,0,
05_06_2026_13_25,28929.70,28970.50,28918.80,28935.10,0,
05_06_2026_13_30,28932.80,28980.40,28923.80,28958.20,0,
05_06_2026_13_35,28957.70,28986.40,28955.70,28966.20,0,
05_06_2026_13_40,28966.70,28970.10,28936.20,28947.50,0,
05_06_2026_13_45,28947.60,28969.20,28940.70,28955.20,0,
05_06_2026_13_50,28956.70,28964.80,28949.30,28952.50,0,
05_06_2026_13_55,28952.50,28953.50,28934.20,28944.20,0,
05_06_2026_14_00,28944.70,28966.10,28943.70,28957.70,0,
05_06_2026_14_05,28955.40,28967.20,28944.80,28945.10,0,
05_06_2026_14_10,28943.30,28956.90,28931.20,28944.50,0,
05_06_2026_14_15,28942.80,28973.10,28937.70,28968.00,0,
05_06_2026_14_20,28965.80,28993.30,28958.50,28992.40,0,
05_06_2026_14_25,28989.70,28996.90,28967.60,28981.70,0,
05_06_2026_14_30,28978.30,29019.70,28978.30,28990.50,0,
05_06_2026_14_35,28987.60,28988.50,28928.20,28945.30,0,
05_06_2026_14_40,28946.10,29031.80,28936.10,29010.50,0,
05_06_2026_14_45,29011.10,29038.70,28976.40,28987.70,0,
05_06_2026_14_50,28987.70,29017.30,28986.40,29016.20,0,
05_06_2026_14_55,29013.70,29031.40,29002.60,29017.30,0,
05_06_2026_15_00,29017.20,29030.10,28958.00,29028.10,0,
05_06_2026_15_05,29028.40,29031.20,29002.20,29017.60,0,
05_06_2026_15_10,29018.50,29043.90,29017.20,29028.00,0,
05_06_2026_15_15,29030.80,29050.20,29028.70,29028.70,0,
05_06_2026_15_20,29028.40,29032.20,28974.80,28982.80,0,
05_06_2026_15_25,28983.50,29010.20,28978.70,28998.70,0,
08_06_2026_09_15,28574.90,28708.00,28512.20,28565.70,0,
08_06_2026_09_20,28563.90,28593.30,28446.60,28453.30,0,
08_06_2026_09_25,28449.80,28501.30,28417.70,28497.20,0,
08_06_2026_09_30,28493.70,28558.60,28489.30,28516.80,0,
08_06_2026_09_35,28520.10,28520.10,28455.20,28494.40,0,
08_06_2026_09_40,28494.10,28501.80,28444.80,28501.30,0,
08_06_2026_09_45,28501.60,28581.20,28499.10,28517.80,0,
08_06_2026_09_50,28517.60,28608.30,28492.80,28595.90,0,
08_06_2026_09_55,28595.10,28653.80,28593.00,28653.30,0,
08_06_2026_10_00,28651.80,28709.10,28643.80,28679.80,0,
08_06_2026_10_05,28677.60,28723.30,28648.80,28695.80,0,
08_06_2026_10_10,28695.20,28715.30,28674.80,28682.10,0,
08_06_2026_10_15,28682.30,28697.90,28641.80,28692.80,0,
08_06_2026_10_20,28690.80,28736.40,28679.20,28721.90,0,
08_06_2026_10_25,28724.20,28725.40,28682.10,28689.80,0,
08_06_2026_10_30,28694.50,28816.80,28688.90,28787.30,0,
08_06_2026_10_35,28788.00,28859.80,28778.60,28859.30,0,
08_06_2026_10_40,28858.90,28915.80,28852.20,28872.40,0,
08_06_2026_10_45,28874.00,28891.50,28844.70,28858.80,0,
08_06_2026_10_50,28860.10,28872.50,28830.40,28840.10,0,
08_06_2026_10_55,28841.80,28865.10,28811.20,28861.20,0,
08_06_2026_11_00,28862.20,28868.70,28830.60,28840.90,0,
08_06_2026_11_05,28841.10,28841.10,28810.20,28821.70,0,
08_06_2026_11_10,28821.70,28827.90,28779.00,28793.10,0,
08_06_2026_11_15,28794.30,28798.90,28750.70,28795.10,0,
08_06_2026_11_20,28798.70,28837.20,28778.10,28800.90,0,
08_06_2026_11_25,28801.60,28801.60,28778.70,28796.50,0,
08_06_2026_11_30,28797.40,28869.30,28793.70,28842.80,0,
08_06_2026_11_35,28843.00,28866.10,28823.20,28863.60,0,
08_06_2026_11_40,28867.20,28871.80,28836.30,28848.40,0,
08_06_2026_11_45,28846.30,28903.40,28839.30,28891.60,0,
08_06_2026_11_50,28891.60,28894.70,28833.10,28840.80,0,
08_06_2026_11_55,28843.30,28864.00,28814.80,28828.40,0,
08_06_2026_12_00,28829.90,28861.20,28826.10,28856.90,0,
08_06_2026_12_05,28860.10,28888.90,28839.20,28862.90,0,
08_06_2026_12_10,28866.80,28866.80,28845.80,28857.20,0,
08_06_2026_12_15,28857.20,28860.70,28842.80,28851.80,0,
08_06_2026_12_20,28852.40,28865.80,28845.60,28859.90,0,
08_06_2026_12_25,28859.90,28868.30,28835.80,28838.60,0,
08_06_2026_12_30,28841.10,28842.30,28815.30,28821.70,0,
08_06_2026_12_35,28820.90,28820.90,28792.30,28808.80,0,
08_06_2026_12_40,28809.30,28833.20,28803.20,28817.80,0,
08_06_2026_12_45,28817.70,28839.30,28813.30,28828.80,0,
08_06_2026_12_50,28828.20,28870.50,28826.30,28845.80,0,
08_06_2026_12_55,28848.90,28853.70,28808.20,28810.80,0,
08_06_2026_13_00,28806.80,28812.70,28769.20,28773.20,0,
08_06_2026_13_05,28772.80,28783.80,28718.90,28718.90,0,
08_06_2026_13_10,28719.80,28761.30,28712.80,28758.40,0,
08_06_2026_13_15,28759.30,28765.20,28727.80,28733.80,0,
08_06_2026_13_20,28734.50,28738.90,28724.80,28735.20,0,
08_06_2026_13_25,28737.70,28744.90,28719.20,28744.80,0,
08_06_2026_13_30,28745.70,28755.40,28731.70,28737.30,0,
08_06_2026_13_35,28736.50,28751.20,28719.40,28729.30,0,
08_06_2026_13_40,28729.90,28732.10,28698.20,28703.70,0,
08_06_2026_13_45,28702.10,28716.30,28686.10,28709.80,0,
08_06_2026_13_50,28710.00,28723.80,28690.70,28708.60,0,
08_06_2026_13_55,28710.10,28731.10,28695.30,28722.90,0,
08_06_2026_14_00,28726.70,28750.30,28717.90,28728.10,0,
08_06_2026_14_05,28729.20,28731.20,28690.30,28701.80,0,
08_06_2026_14_10,28704.80,28705.70,28687.80,28691.70,0,
08_06_2026_14_15,28692.80,28700.30,28671.00,28696.00,0,
08_06_2026_14_20,28697.80,28699.90,28675.40,28681.30,0,
08_06_2026_14_25,28683.20,28688.20,28669.20,28670.50,0,
08_06_2026_14_30,28669.70,28703.60,28666.90,28687.80,0,
08_06_2026_14_35,28688.60,28698.80,28678.90,28684.30,0,
08_06_2026_14_40,28684.10,28700.80,28672.50,28695.90,0,
08_06_2026_14_45,28700.40,28749.70,28683.10,28701.70,0,
08_06_2026_14_50,28700.50,28723.70,28692.90,28707.30,0,
08_06_2026_14_55,28709.40,28763.80,28702.20,28743.50,0,
08_06_2026_15_00,28747.80,28747.80,28667.00,28669.10,0,
08_06_2026_15_05,28671.10,28671.10,28613.20,28648.60,0,
08_06_2026_15_10,28652.70,28657.60,28631.80,28645.90,0,
08_06_2026_15_15,28644.80,28647.20,28613.80,28624.20,0,
08_06_2026_15_20,28627.10,28649.10,28597.30,28643.40,0,
08_06_2026_15_25,28640.30,28663.70,28612.80,28630.10,0,
09_06_2026_09_15,28875.70,28875.70,28636.20,28651.10,0,
09_06_2026_09_20,28648.50,28663.50,28577.30,28645.90,0,
09_06_2026_09_25,28647.20,28652.00,28567.40,28570.20,0,
09_06_2026_09_30,28570.80,28611.20,28570.80,28610.40,0,
09_06_2026_09_35,28609.30,28609.80,28507.80,28510.60,0,
09_06_2026_09_40,28512.50,28513.40,28443.80,28445.40,0,
09_06_2026_09_45,28442.70,28459.20,28419.50,28445.40,0,
09_06_2026_09_50,28441.10,28517.70,28439.10,28453.20,0,
09_06_2026_09_55,28451.20,28463.90,28439.20,28462.20,0,
09_06_2026_10_00,28462.60,28497.10,28436.30,28447.70,0,
09_06_2026_10_05,28446.90,28470.70,28411.60,28434.80,0,
09_06_2026_10_10,28434.90,28434.90,28378.50,28389.90,0,
09_06_2026_10_15,28391.80,28436.80,28373.90,28436.20,0,
09_06_2026_10_20,28436.30,28446.00,28417.20,28423.70,0,
09_06_2026_10_25,28423.50,28438.90,28406.10,28421.20,0,
09_06_2026_10_30,28421.20,28424.90,28399.20,28405.50,0,
09_06_2026_10_35,28407.20,28433.60,28404.30,28431.20,0,
09_06_2026_10_40,28430.80,28438.70,28405.60,28436.90,0,
09_06_2026_10_45,28437.70,28477.00,28435.20,28437.60,0,
09_06_2026_10_50,28437.60,28441.20,28412.00,28433.90,0,
09_06_2026_10_55,28433.90,28456.80,28433.90,28441.90,0,
09_06_2026_11_00,28441.20,28453.90,28423.00,28446.90,0,
09_06_2026_11_05,28446.90,28525.70,28443.30,28517.80,0,
09_06_2026_11_10,28518.50,28520.20,28492.60,28502.60,0,
09_06_2026_11_15,28502.60,28525.40,28490.80,28520.80,0,
09_06_2026_11_20,28521.90,28521.90,28460.90,28466.80,0,
09_06_2026_11_25,28464.80,28486.10,28456.90,28483.40,0,
09_06_2026_11_30,28483.40,28498.20,28471.40,28493.30,0,
09_06_2026_11_35,28492.70,28517.60,28489.70,28512.50,0,
09_06_2026_11_40,28511.20,28512.90,28477.20,28505.20,0,
09_06_2026_11_45,28504.30,28551.50,28500.10,28514.70,0,
09_06_2026_11_50,28515.40,28539.70,28502.20,28509.40,0,
09_06_2026_11_55,28509.10,28525.40,28508.00,28517.40,0,
09_06_2026_12_00,28517.20,28536.70,28515.20,28521.10,0,
09_06_2026_12_05,28522.20,28535.20,28508.20,28532.20,0,
09_06_2026_12_10,28531.90,28533.90,28503.80,28506.20,0,
09_06_2026_12_15,28505.40,28512.50,28500.80,28502.20,0,
09_06_2026_12_20,28501.90,28504.10,28489.40,28493.10,0,
09_06_2026_12_25,28493.10,28497.70,28477.20,28479.20,0,
09_06_2026_12_30,28478.40,28479.90,28460.70,28471.20,0,
09_06_2026_12_35,28470.80,28473.60,28417.60,28422.20,0,
09_06_2026_12_40,28420.80,28430.10,28354.30,28368.80,0,
09_06_2026_12_45,28369.80,28383.80,28358.20,28365.20,0,
09_06_2026_12_50,28365.70,28393.20,28349.80,28378.50,0,
09_06_2026_12_55,28381.40,28384.60,28362.90,28376.80,0,
09_06_2026_13_00,28376.80,28387.20,28366.20,28383.30,0,
09_06_2026_13_05,28382.90,28388.70,28361.00,28361.00,0,
09_06_2026_13_10,28360.80,28383.40,28358.60,28379.30,0,
09_06_2026_13_15,28379.20,28400.30,28348.30,28351.40,0,
09_06_2026_13_20,28350.90,28359.80,28307.40,28325.20,0,
09_06_2026_13_25,28325.20,28331.10,28300.00,28310.20,0,
09_06_2026_13_30,28310.50,28324.30,28294.60,28302.50,0,
09_06_2026_13_35,28303.20,28336.90,28300.70,28332.20,0,
09_06_2026_13_40,28332.20,28360.50,28321.20,28352.20,0,
09_06_2026_13_45,28352.80,28358.20,28339.10,28339.10,0,
09_06_2026_13_50,28339.30,28344.40,28329.90,28331.40,0,
09_06_2026_13_55,28331.40,28351.20,28313.70,28329.80,0,
09_06_2026_14_00,28333.20,28334.80,28301.00,28307.80,0,
09_06_2026_14_05,28306.60,28328.40,28301.30,28312.80,0,
09_06_2026_14_10,28312.80,28332.40,28307.10,28327.60,0,
09_06_2026_14_15,28328.50,28381.70,28328.50,28367.50,0,
09_06_2026_14_20,28367.60,28383.40,28357.70,28375.60,0,
09_06_2026_14_25,28375.70,28414.30,28371.90,28414.30,0,
09_06_2026_14_30,28413.90,28429.20,28408.10,28428.00,0,
09_06_2026_14_35,28426.30,28431.60,28399.40,28423.80,0,
09_06_2026_14_40,28423.00,28436.90,28411.60,28431.50,0,
09_06_2026_14_45,28431.10,28444.10,28417.60,28439.90,0,
09_06_2026_14_50,28438.10,28466.80,28433.20,28465.90,0,
09_06_2026_14_55,28465.40,28504.10,28465.40,28500.70,0,
09_06_2026_15_00,28496.80,28496.80,28440.80,28478.20,0,
09_06_2026_15_05,28478.10,28554.30,28478.10,28552.80,0,
09_06_2026_15_10,28553.30,28563.60,28518.40,28525.30,0,
09_06_2026_15_15,28525.30,28536.90,28518.90,28520.00,0,
09_06_2026_15_20,28518.80,28538.70,28517.30,28522.20,0,
09_06_2026_15_25,28523.00,28549.70,28509.00,28542.30,0,
10_06_2026_09_15,28592.70,28659.80,28456.30,28647.90,0,
10_06_2026_09_20,28648.30,28665.00,28540.60,28591.20,0,
10_06_2026_09_25,28590.40,28615.10,28557.80,28565.80,0,
10_06_2026_09_30,28565.70,28608.20,28548.80,28603.40,0,
10_06_2026_09_35,28603.40,28619.10,28551.10,28554.90,0,
10_06_2026_09_40,28553.10,28645.80,28540.20,28627.20,0,
10_06_2026_09_45,28628.30,28743.70,28608.40,28726.70,0,
10_06_2026_09_50,28727.30,28799.30,28705.80,28750.40,0,
10_06_2026_09_55,28749.10,28782.70,28721.30,28722.40,0,
10_06_2026_10_00,28729.20,28739.90,28667.20,28683.80,0,
10_06_2026_10_05,28683.60,28693.60,28662.60,28667.20,0,
10_06_2026_10_10,28667.30,28672.80,28584.30,28593.00,0,
10_06_2026_10_15,28593.50,28645.20,28580.40,28644.00,0,
10_06_2026_10_20,28644.20,28657.60,28579.30,28586.40,0,
10_06_2026_10_25,28586.20,28603.20,28577.80,28593.20,0,
10_06_2026_10_30,28591.60,28594.90,28548.30,28572.70,0,
10_06_2026_10_35,28573.20,28603.80,28555.30,28556.10,0,
10_06_2026_10_40,28556.60,28576.80,28545.90,28573.10,0,
10_06_2026_10_45,28573.10,28587.20,28570.80,28581.40,0,
10_06_2026_10_50,28580.80,28582.10,28555.70,28564.10,0,
10_06_2026_10_55,28564.80,28577.50,28543.00,28574.80,0,
10_06_2026_11_00,28577.40,28588.70,28551.30,28561.60,0,
10_06_2026_11_05,28561.60,28611.70,28561.60,28608.80,0,
10_06_2026_11_10,28608.80,28617.60,28558.70,28561.90,0,
10_06_2026_11_15,28562.90,28598.20,28525.70,28528.70,0,
10_06_2026_11_20,28528.10,28549.90,28516.30,28541.90,0,
10_06_2026_11_25,28542.80,28568.60,28527.80,28557.70,0,
10_06_2026_11_30,28557.70,28561.90,28537.10,28542.10,0,
10_06_2026_11_35,28542.10,28564.70,28538.80,28548.30,0,
10_06_2026_11_40,28546.20,28554.40,28530.80,28533.20,0,
10_06_2026_11_45,28532.60,28533.90,28494.90,28512.60,0,
10_06_2026_11_50,28513.70,28532.80,28509.40,28521.20,0,
10_06_2026_11_55,28519.10,28582.60,28518.90,28579.20,0,
10_06_2026_12_00,28577.80,28583.70,28532.10,28544.30,0,
10_06_2026_12_05,28545.40,28546.70,28522.10,28533.90,0,
10_06_2026_12_10,28533.90,28561.00,28532.30,28559.80,0,
10_06_2026_12_15,28558.30,28562.10,28526.70,28529.80,0,
10_06_2026_12_20,28531.20,28536.60,28482.20,28485.90,0,
10_06_2026_12_25,28484.30,28485.70,28446.40,28471.30,0,
10_06_2026_12_30,28471.50,28485.00,28466.90,28483.50,0,
10_06_2026_12_35,28483.40,28488.90,28468.70,28473.90,0,
10_06_2026_12_40,28469.70,28476.40,28447.80,28458.70,0,
10_06_2026_12_45,28458.40,28478.40,28447.80,28472.10,0,
10_06_2026_12_50,28474.20,28510.70,28471.50,28497.30,0,
10_06_2026_12_55,28496.30,28499.30,28476.40,28492.70,0,
10_06_2026_13_00,28492.50,28514.70,28491.80,28505.10,0,
10_06_2026_13_05,28504.30,28508.10,28479.60,28483.80,0,
10_06_2026_13_10,28483.80,28486.70,28437.90,28448.80,0,
10_06_2026_13_15,28449.30,28453.10,28436.80,28439.70,0,
10_06_2026_13_20,28438.70,28441.20,28411.50,28412.90,0,
10_06_2026_13_25,28413.30,28477.40,28402.60,28477.40,0,
10_06_2026_13_30,28485.80,28518.90,28473.60,28475.70,0,
10_06_2026_13_35,28474.70,28495.50,28468.60,28478.70,0,
10_06_2026_13_40,28478.40,28484.20,28441.10,28453.30,0,
10_06_2026_13_45,28453.30,28466.20,28438.80,28442.10,0,
10_06_2026_13_50,28439.80,28450.70,28434.70,28440.90,0,
10_06_2026_13_55,28439.80,28452.10,28431.00,28449.70,0,
10_06_2026_14_00,28450.70,28469.30,28436.80,28468.80,0,
10_06_2026_14_05,28468.80,28471.80,28435.80,28438.70,0,
10_06_2026_14_10,28438.70,28443.20,28422.90,28431.20,0,
10_06_2026_14_15,28431.20,28438.40,28424.20,28426.40,0,
10_06_2026_14_20,28426.80,28448.60,28406.90,28436.10,0,
10_06_2026_14_25,28436.10,28438.40,28395.60,28406.00,0,
10_06_2026_14_30,28406.60,28406.90,28370.10,28397.20,0,
10_06_2026_14_35,28396.40,28413.90,28383.90,28384.70,0,
10_06_2026_14_40,28384.40,28413.60,28338.90,28353.70,0,
10_06_2026_14_45,28355.70,28355.70,28318.90,28323.20,0,
10_06_2026_14_50,28323.20,28331.20,28298.30,28315.20,0,
10_06_2026_14_55,28314.70,28321.10,28297.20,28311.40,0,
10_06_2026_15_00,28312.20,28315.70,28271.30,28279.10,0,
10_06_2026_15_05,28280.60,28305.80,28268.70,28292.40,0,
10_06_2026_15_10,28294.20,28301.80,28262.80,28265.40,0,
10_06_2026_15_15,28265.80,28294.40,28261.10,28293.80,0,
10_06_2026_15_20,28293.00,28301.20,28252.30,28271.70,0,
10_06_2026_15_25,28273.10,28301.20,28249.20,28260.50,0,
11_06_2026_09_15,27891.90,27954.20,27565.20,27632.60,0,
11_06_2026_09_20,27630.20,27689.20,27589.20,27625.80,0,
11_06_2026_09_25,27622.80,27648.20,27537.40,27630.20,0,
11_06_2026_09_30,27634.70,27634.70,27529.20,27550.90,0,
11_06_2026_09_35,27550.60,27697.20,27519.20,27637.70,0,
11_06_2026_09_40,27637.50,27730.40,27631.90,27656.10,0,
11_06_2026_09_45,27652.90,27736.60,27648.10,27707.60,0,
11_06_2026_09_50,27710.00,27712.60,27602.30,27637.30,0,
11_06_2026_09_55,27638.90,27654.20,27573.20,27577.60,0,
11_06_2026_10_00,27576.80,27620.70,27574.20,27576.40,0,
11_06_2026_10_05,27576.30,27673.40,27572.30,27664.10,0,
11_06_2026_10_10,27663.20,27704.40,27626.40,27626.40,0,
11_06_2026_10_15,27628.30,27675.00,27611.80,27672.30,0,
11_06_2026_10_20,27675.10,27727.80,27654.30,27670.40,0,
11_06_2026_10_25,27674.20,27844.40,27669.20,27774.90,0,
11_06_2026_10_30,27774.20,27920.40,27774.20,27838.80,0,
11_06_2026_10_35,27844.40,27868.40,27803.40,27819.40,0,
11_06_2026_10_40,27820.20,27863.40,27807.80,27831.90,0,
11_06_2026_10_45,27832.70,27847.20,27803.70,27803.70,0,
11_06_2026_10_50,27803.40,27845.90,27782.20,27831.80,0,
11_06_2026_10_55,27829.20,27857.80,27814.90,27825.50,0,
11_06_2026_11_00,27830.20,27862.20,27819.20,27843.90,0,
11_06_2026_11_05,27845.80,27908.40,27845.70,27880.70,0,
11_06_2026_11_10,27882.20,27898.90,27835.70,27837.30,0,
11_06_2026_11_15,27841.00,27893.60,27837.90,27883.80,0,
11_06_2026_11_20,27885.00,27951.40,27826.70,27839.80,0,
11_06_2026_11_25,27844.00,27845.60,27801.00,27826.10,0,
11_06_2026_11_30,27828.50,27924.40,27815.20,27923.30,0,
11_06_2026_11_35,27923.90,27976.40,27894.90,27908.40,0,
11_06_2026_11_40,27910.30,27924.30,27874.30,27915.60,0,
11_06_2026_11_45,27919.10,27961.30,27910.90,27939.80,0,
11_06_2026_11_50,27937.30,27959.80,27926.10,27933.80,0,
11_06_2026_11_55,27935.90,28002.50,27926.60,27973.00,0,
11_06_2026_12_00,27975.40,28003.90,27973.50,27990.80,0,
11_06_2026_12_05,27989.80,27999.50,27946.70,27958.10,0,
11_06_2026_12_10,27960.80,27962.00,27913.80,27929.20,0,
11_06_2026_12_15,27931.90,27972.70,27919.90,27922.40,0,
11_06_2026_12_20,27926.70,27938.80,27907.70,27909.80,0,
11_06_2026_12_25,27910.90,27917.10,27887.40,27898.40,0,
11_06_2026_12_30,27900.10,27941.50,27900.10,27928.40,0,
11_06_2026_12_35,27925.60,27973.60,27908.20,27937.40,0,
11_06_2026_12_40,27939.10,27940.00,27864.70,27874.60,0,
11_06_2026_12_45,27874.10,27877.70,27801.80,27807.20,0,
11_06_2026_12_50,27810.40,27857.60,27800.90,27817.00,0,
11_06_2026_12_55,27817.60,27865.20,27803.40,27861.30,0,
11_06_2026_13_00,27861.30,27881.20,27829.30,27837.60,0,
11_06_2026_13_05,27837.20,27843.20,27817.20,27823.10,0,
11_06_2026_13_10,27823.30,27844.20,27814.50,27836.30,0,
11_06_2026_13_15,27838.20,27862.70,27831.20,27841.20,0,
11_06_2026_13_20,27841.40,27846.10,27787.80,27823.40,0,
11_06_2026_13_25,27822.00,27824.20,27794.20,27814.30,0,
11_06_2026_13_30,27813.30,27845.20,27803.20,27803.20,0,
11_06_2026_13_35,27807.30,27812.80,27786.70,27790.80,0,
11_06_2026_13_40,27790.80,27807.60,27766.30,27770.80,0,
11_06_2026_13_45,27774.80,27809.20,27770.30,27784.20,0,
11_06_2026_13_50,27784.20,27784.20,27759.80,27770.40,0,
11_06_2026_13_55,27771.20,27797.90,27755.40,27779.10,0,
11_06_2026_14_00,27781.10,27796.70,27771.10,27794.10,0,
11_06_2026_14_05,27795.00,27795.00,27744.30,27749.70,0,
11_06_2026_14_10,27753.50,27788.60,27748.70,27777.40,0,
11_06_2026_14_15,27779.10,27787.40,27766.10,27787.30,0,
11_06_2026_14_20,27789.60,27811.10,27774.00,27782.30,0,
11_06_2026_14_25,27782.90,27865.00,27781.20,27838.80,0,
11_06_2026_14_30,27838.60,27880.20,27826.70,27872.50,0,
11_06_2026_14_35,27872.70,27884.10,27814.90,27839.80,0,
11_06_2026_14_40,27839.50,27849.40,27803.60,27811.20,0,
11_06_2026_14_45,27814.40,27837.60,27781.40,27810.40,0,
11_06_2026_14_50,27809.70,27809.70,27782.90,27795.80,0,
11_06_2026_14_55,27795.90,27796.10,27769.20,27792.20,0,
11_06_2026_15_00,27791.30,27829.80,27737.40,27744.20,0,
11_06_2026_15_05,27743.90,27771.20,27740.80,27764.50,0,
11_06_2026_15_10,27764.80,27819.50,27764.10,27817.30,0,
11_06_2026_15_15,27816.80,27876.60,27812.20,27871.80,0,
11_06_2026_15_20,27869.80,27876.70,27844.20,27870.20,0,
11_06_2026_15_25,27869.20,27893.80,27853.60,27890.40,0,
12_06_2026_09_15,28040.20,28078.60,27891.20,27920.40,0,
12_06_2026_09_20,27917.20,27923.20,27852.60,27875.20,0,
12_06_2026_09_25,27878.10,27906.10,27842.70,27845.70,0,
12_06_2026_09_30,27846.10,27912.10,27811.50,27910.30,0,
12_06_2026_09_35,27909.20,27913.10,27848.10,27860.90,0,
12_06_2026_09_40,27859.40,27866.50,27828.10,27829.30,0,
12_06_2026_09_45,27828.10,27828.10,27780.00,27789.90,0,
12_06_2026_09_50,27792.70,27794.60,27746.00,27746.80,0,
12_06_2026_09_55,27747.80,27768.30,27719.90,27755.70,0,
12_06_2026_10_00,27758.40,27765.20,27732.90,27748.80,0,
12_06_2026_10_05,27750.90,27769.70,27722.70,27729.10,0,
12_06_2026_10_10,27732.40,27776.00,27729.70,27770.00,0,
12_06_2026_10_15,27771.90,27790.70,27753.20,27776.60,0,
12_06_2026_10_20,27778.10,27850.40,27770.70,27843.90,0,
12_06_2026_10_25,27847.80,27848.20,27807.20,27822.60,0,
12_06_2026_10_30,27822.70,27825.10,27796.60,27802.80,0,
12_06_2026_10_35,27804.00,27839.90,27800.70,27837.20,0,
12_06_2026_10_40,27836.70,27897.10,27813.80,27890.30,0,
12_06_2026_10_45,27891.90,27900.10,27880.60,27883.70,0,
12_06_2026_10_50,27886.10,27889.50,27854.70,27861.80,0,
12_06_2026_10_55,27862.70,27879.20,27854.10,27865.70,0,
12_06_2026_11_00,27868.20,27882.20,27864.70,27874.60,0,
12_06_2026_11_05,27877.40,27999.80,27875.80,27973.60,0,
12_06_2026_11_10,27977.20,27982.30,27943.50,27945.10,0,
12_06_2026_11_15,27947.20,27960.20,27938.10,27943.00,0,
12_06_2026_11_20,27949.40,27949.40,27907.20,27925.10,0,
12_06_2026_11_25,27926.50,27930.30,27863.50,27867.40,0,
12_06_2026_11_30,27870.20,27895.70,27868.20,27874.90,0,
12_06_2026_11_35,27876.30,27893.90,27857.70,27882.30,0,
12_06_2026_11_40,27883.90,27888.20,27866.80,27869.60,0,
12_06_2026_11_45,27871.70,27900.40,27857.30,27900.20,0,
12_06_2026_11_50,27899.30,27904.90,27875.40,27898.00,0,
12_06_2026_11_55,27896.10,27902.80,27879.80,27881.80,0,
12_06_2026_12_00,27881.40,27895.20,27876.80,27894.30,0,
12_06_2026_12_05,27895.20,27896.80,27872.20,27872.20,0,
12_06_2026_12_10,27876.40,27876.90,27828.10,27838.30,0,
12_06_2026_12_15,27839.70,27862.80,27829.30,27842.40,0,
12_06_2026_12_20,27845.50,27861.80,27841.90,27849.10,0,
12_06_2026_12_25,27849.70,27864.20,27838.80,27840.30,0,
12_06_2026_12_30,27841.20,27841.90,27802.80,27811.20,0,
12_06_2026_12_35,27814.30,27816.70,27781.30,27800.20,0,
12_06_2026_12_40,27798.70,27812.60,27757.90,27762.20,0,
12_06_2026_12_45,27762.20,27765.50,27731.20,27733.00,0,
12_06_2026_12_50,27733.80,27743.20,27716.20,27720.80,0,
12_06_2026_12_55,27722.20,27735.40,27703.60,27712.60,0,
12_06_2026_13_00,27715.10,27721.20,27703.60,27714.20,0,
12_06_2026_13_05,27716.10,27724.00,27700.70,27713.80,0,
12_06_2026_13_10,27714.90,27719.10,27691.20,27703.80,0,
12_06_2026_13_15,27706.20,27721.90,27697.80,27699.40,0,
12_06_2026_13_20,27703.00,27708.80,27679.20,27682.00,0,
12_06_2026_13_25,27681.80,27769.40,27660.00,27725.30,0,
12_06_2026_13_30,27724.10,27756.30,27720.30,27721.70,0,
12_06_2026_13_35,27720.80,27779.70,27720.80,27777.20,0,
12_06_2026_13_40,27777.40,27799.20,27759.90,27775.20,0,
12_06_2026_13_45,27776.60,27821.00,27775.80,27811.00,0,
12_06_2026_13_50,27813.70,27813.70,27771.80,27785.10,0,
12_06_2026_13_55,27789.40,27795.40,27774.30,27785.70,0,
12_06_2026_14_00,27791.60,27804.20,27781.20,27781.20,0,
12_06_2026_14_05,27784.90,27786.30,27762.90,27777.40,0,
12_06_2026_14_10,27776.40,27789.70,27764.20,27777.60,0,
12_06_2026_14_15,27777.70,27786.40,27760.40,27786.30,0,
12_06_2026_14_20,27785.10,27788.20,27757.80,27759.40,0,
12_06_2026_14_25,27761.90,27765.40,27706.70,27740.00,0,
12_06_2026_14_30,27742.50,27758.90,27728.60,27734.60,0,
12_06_2026_14_35,27735.20,27748.50,27716.80,27746.40,0,
12_06_2026_14_40,27747.20,27760.00,27734.90,27745.10,0,
12_06_2026_14_45,27745.60,27752.30,27731.10,27751.10,0,
12_06_2026_14_50,27754.70,27756.00,27736.60,27746.70,0,
12_06_2026_14_55,27744.80,27782.30,27742.10,27760.40,0,
12_06_2026_15_00,27758.40,27816.90,27725.10,27811.80,0,
12_06_2026_15_05,27811.70,27854.80,27796.80,27805.10,0,
12_06_2026_15_10,27804.10,27804.70,27783.10,27796.10,0,
12_06_2026_15_15,27794.70,27804.70,27787.90,27801.00,0,
12_06_2026_15_20,27800.80,27804.80,27784.80,27799.30,0,
12_06_2026_15_25,27798.80,27841.90,27793.90,27835.20,0,
15_06_2026_09_15,28179.70,28193.50,28004.40,28087.60,0,
15_06_2026_09_20,28087.10,28153.40,28081.80,28138.90,0,
15_06_2026_09_25,28140.90,28140.90,27993.00,28081.80,0,
15_06_2026_09_30,28083.90,28095.90,27995.90,28022.30,0,
15_06_2026_09_35,28023.00,28023.00,27968.30,28000.60,0,
15_06_2026_09_40,28001.10,28070.20,27994.20,28069.60,0,
15_06_2026_09_45,28070.70,28095.20,28057.20,28061.60,0,
15_06_2026_09_50,28057.20,28080.50,28041.10,28055.40,0,
15_06_2026_09_55,28061.70,28070.00,27989.30,28001.90,0,
15_06_2026_10_00,28003.80,28018.30,27990.30,28007.90,0,
15_06_2026_10_05,28010.00,28020.60,27965.80,27978.90,0,
15_06_2026_10_10,27979.40,27991.60,27971.40,27978.70,0,
15_06_2026_10_15,27979.60,28025.30,27955.10,28022.70,0,
15_06_2026_10_20,28023.60,28051.20,28012.10,28046.40,0,
15_06_2026_10_25,28047.70,28078.20,28031.60,28069.00,0,
15_06_2026_10_30,28072.40,28085.50,28034.10,28069.80,0,
15_06_2026_10_35,28070.20,28082.20,28045.90,28065.20,0,
15_06_2026_10_40,28065.20,28097.30,28040.90,28090.90,0,
15_06_2026_10_45,28092.10,28096.60,28075.40,28080.80,0,
15_06_2026_10_50,28080.50,28141.20,28074.10,28140.90,0,
15_06_2026_10_55,28142.00,28359.50,28129.80,28317.40,0,
15_06_2026_11_00,28319.30,28322.40,28213.10,28263.20,0,
15_06_2026_11_05,28264.70,28334.90,28239.20,28315.10,0,
15_06_2026_11_10,28315.40,28384.20,28288.10,28324.20,0,
15_06_2026_11_15,28320.80,28320.80,28286.30,28290.80,0,
15_06_2026_11_20,28290.80,28324.10,28271.80,28277.10,0,
15_06_2026_11_25,28278.30,28289.80,28262.90,28270.70,0,
15_06_2026_11_30,28272.40,28273.10,28210.20,28213.40,0,
15_06_2026_11_35,28214.90,28238.10,28204.30,28237.60,0,
15_06_2026_11_40,28233.10,28239.00,28184.20,28186.80,0,
15_06_2026_11_45,28188.30,28224.80,28140.60,28215.30,0,
15_06_2026_11_50,28214.60,28214.60,28191.60,28207.60,0,
15_06_2026_11_55,28211.40,28220.80,28202.50,28206.80,0,
15_06_2026_12_00,28211.20,28227.40,28202.60,28206.90,0,
15_06_2026_12_05,28211.80,28215.20,28183.30,28186.70,0,
15_06_2026_12_10,28188.70,28195.80,28169.60,28182.00,0,
15_06_2026_12_15,28184.10,28187.90,28120.70,28132.60,0,
15_06_2026_12_20,28133.60,28141.80,28120.20,28130.70,0,
15_06_2026_12_25,28131.40,28140.40,28124.50,28128.90,0,
15_06_2026_12_30,28129.80,28154.50,28117.70,28154.50,0,
15_06_2026_12_35,28158.90,28164.20,28136.70,28147.80,0,
15_06_2026_12_40,28152.90,28178.00,28141.80,28175.20,0,
15_06_2026_12_45,28179.20,28186.70,28167.60,28171.40,0,
15_06_2026_12_50,28173.60,28183.60,28157.20,28171.30,0,
15_06_2026_12_55,28175.00,28195.30,28147.10,28153.30,0,
15_06_2026_13_00,28154.20,28159.50,28141.10,28146.20,0,
15_06_2026_13_05,28148.70,28164.80,28143.10,28164.00,0,
15_06_2026_13_10,28166.80,28192.50,28155.20,28159.00,0,
15_06_2026_13_15,28161.20,28162.70,28139.50,28142.60,0,
15_06_2026_13_20,28142.80,28161.90,28138.20,28142.50,0,
15_06_2026_13_25,28144.70,28146.10,28121.80,28137.70,0,
15_06_2026_13_30,28141.50,28150.80,28133.60,28137.20,0,
15_06_2026_13_35,28139.80,28154.90,28130.10,28131.30,0,
15_06_2026_13_40,28132.60,28136.30,28117.90,28119.40,0,
15_06_2026_13_45,28124.20,28128.20,28114.10,28128.20,0,
15_06_2026_13_50,28128.80,28131.20,28093.20,28116.20,0,
15_06_2026_13_55,28117.80,28151.20,28111.40,28141.30,0,
15_06_2026_14_00,28143.80,28159.30,28142.80,28145.80,0,
15_06_2026_14_05,28148.20,28160.90,28142.10,28145.90,0,
15_06_2026_14_10,28149.60,28149.60,28135.20,28139.10,0,
15_06_2026_14_15,28139.00,28142.90,28128.20,28137.30,0,
15_06_2026_14_20,28137.40,28146.80,28120.50,28128.30,0,
15_06_2026_14_25,28128.60,28144.20,28116.70,28121.10,0,
15_06_2026_14_30,28125.50,28148.10,28122.90,28138.10,0,
15_06_2026_14_35,28139.20,28152.40,28118.70,28120.90,0,
15_06_2026_14_40,28123.70,28132.70,28116.50,28121.00,0,
15_06_2026_14_45,28120.60,28129.90,28102.80,28117.90,0,
15_06_2026_14_50,28118.40,28124.00,28086.20,28111.30,0,
15_06_2026_14_55,28111.80,28118.40,28082.10,28093.40,0,
15_06_2026_15_00,28091.70,28125.90,28049.00,28072.90,0,
15_06_2026_15_05,28072.50,28073.90,28039.30,28056.20,0,
15_06_2026_15_10,28057.90,28067.40,28031.00,28060.60,0,
15_06_2026_15_15,28060.40,28086.50,28057.80,28080.90,0,
15_06_2026_15_20,28081.10,28094.40,28071.70,28078.10,0,
15_06_2026_15_25,28078.80,28094.20,28075.30,28085.60,0,
16_06_2026_09_15,28234.20,28326.30,28124.30,28317.40,0,
16_06_2026_09_20,28321.40,28374.40,28266.00,28293.20,0,
16_06_2026_09_25,28291.70,28341.00,28259.90,28324.80,0,
16_06_2026_09_30,28325.70,28450.90,28322.80,28409.80,0,
16_06_2026_09_35,28412.00,28506.80,28373.80,28473.60,0,
16_06_2026_09_40,28474.90,28489.10,28445.60,28465.80,0,
16_06_2026_09_45,28463.60,28465.20,28411.70,28426.10,0,
16_06_2026_09_50,28423.90,28431.40,28393.00,28422.30,0,
16_06_2026_09_55,28422.20,28471.20,28411.80,28463.60,0,
16_06_2026_10_00,28463.90,28496.80,28436.60,28441.20,0,
16_06_2026_10_05,28441.20,28470.10,28421.80,28451.60,0,
16_06_2026_10_10,28448.10,28488.00,28437.90,28486.90,0,
16_06_2026_10_15,28486.20,28568.20,28486.20,28552.80,0,
16_06_2026_10_20,28554.40,28663.80,28546.20,28605.00,0,
16_06_2026_10_25,28610.00,28633.20,28558.80,28568.50,0,
16_06_2026_10_30,28565.20,28641.80,28505.50,28511.70,0,
16_06_2026_10_35,28511.20,28550.40,28479.00,28515.70,0,
16_06_2026_10_40,28515.10,28533.20,28479.90,28490.70,0,
16_06_2026_10_45,28484.80,28506.00,28471.60,28473.90,0,
16_06_2026_10_50,28474.30,28482.70,28447.70,28458.60,0,
16_06_2026_10_55,28458.40,28478.70,28451.00,28456.30,0,
16_06_2026_11_00,28455.70,28473.30,28436.70,28442.30,0,
16_06_2026_11_05,28443.00,28455.80,28425.50,28427.20,0,
16_06_2026_11_10,28427.20,28428.60,28382.80,28393.90,0,
16_06_2026_11_15,28393.90,28414.90,28374.90,28379.30,0,
16_06_2026_11_20,28378.10,28391.80,28367.30,28385.30,0,
16_06_2026_11_25,28384.30,28391.20,28333.90,28337.40,0,
16_06_2026_11_30,28334.70,28353.40,28321.80,28330.00,0,
16_06_2026_11_35,28333.40,28333.40,28294.10,28301.80,0,
16_06_2026_11_40,28299.80,28301.60,28271.30,28273.70,0,
16_06_2026_11_45,28270.10,28300.30,28251.90,28300.00,0,
16_06_2026_11_50,28300.80,28325.90,28267.70,28274.20,0,
16_06_2026_11_55,28277.50,28278.90,28247.90,28278.50,0,
16_06_2026_12_00,28276.50,28278.30,28243.20,28257.00,0,
16_06_2026_12_05,28257.00,28274.80,28247.00,28274.40,0,
16_06_2026_12_10,28273.80,28294.20,28271.50,28280.10,0,
16_06_2026_12_15,28279.80,28299.90,28273.60,28276.00,0,
16_06_2026_12_20,28276.30,28292.30,28267.90,28285.20,0,
16_06_2026_12_25,28287.20,28316.80,28278.40,28314.20,0,
16_06_2026_12_30,28313.00,28337.30,28305.10,28324.80,0,
16_06_2026_12_35,28324.40,28383.40,28322.90,28369.20,0,
16_06_2026_12_40,28363.70,28371.80,28303.60,28334.20,0,
16_06_2026_12_45,28331.60,28335.20,28306.60,28329.60,0,
16_06_2026_12_50,28329.80,28353.10,28300.40,28304.80,0,
16_06_2026_12_55,28304.10,28326.40,28292.90,28322.60,0,
16_06_2026_13_00,28323.50,28327.20,28297.70,28316.00,0,
16_06_2026_13_05,28314.90,28352.30,28307.20,28351.60,0,
16_06_2026_13_10,28353.40,28358.60,28331.00,28345.00,0,
16_06_2026_13_15,28346.90,28356.20,28330.50,28341.80,0,
16_06_2026_13_20,28341.80,28362.90,28333.40,28355.40,0,
16_06_2026_13_25,28356.10,28388.40,28355.40,28387.30,0,
16_06_2026_13_30,28386.10,28400.70,28381.40,28399.10,0,
16_06_2026_13_35,28400.80,28404.00,28378.90,28388.10,0,
16_06_2026_13_40,28388.00,28402.90,28385.30,28389.40,0,
16_06_2026_13_45,28390.20,28403.20,28372.80,28386.40,0,
16_06_2026_13_50,28387.10,28401.90,28384.10,28398.10,0,
16_06_2026_13_55,28398.40,28425.10,28397.30,28409.80,0,
16_06_2026_14_00,28410.30,28421.10,28399.20,28414.30,0,
16_06_2026_14_05,28415.00,28441.20,28401.10,28415.20,0,
16_06_2026_14_10,28413.10,28457.20,28413.10,28457.00,0,
16_06_2026_14_15,28454.70,28464.40,28442.90,28446.90,0,
16_06_2026_14_20,28447.30,28450.20,28433.00,28443.60,0,
16_06_2026_14_25,28444.20,28470.70,28443.70,28467.60,0,
16_06_2026_14_30,28467.20,28512.90,28464.40,28504.10,0,
16_06_2026_14_35,28504.70,28545.90,28504.70,28542.90,0,
16_06_2026_14_40,28543.80,28599.10,28529.00,28529.00,0,
16_06_2026_14_45,28529.40,28575.50,28529.40,28571.30,0,
16_06_2026_14_50,28571.00,28597.50,28570.80,28583.30,0,
16_06_2026_14_55,28587.50,28587.80,28551.20,28569.00,0,
16_06_2026_15_00,28567.60,28574.70,28531.10,28535.10,0,
16_06_2026_15_05,28536.30,28571.40,28535.60,28565.30,0,
16_06_2026_15_10,28565.40,28570.00,28554.80,28565.20,0,
16_06_2026_15_15,28565.30,28580.80,28552.70,28574.80,0,
16_06_2026_15_20,28575.00,28593.20,28564.40,28566.60,0,
16_06_2026_15_25,28566.80,28601.60,28560.30,28592.00,0,
17_06_2026_09_15,28776.20,28932.00,28688.40,28855.40,0,
17_06_2026_09_20,28880.30,28908.10,28812.10,28853.60,0,
17_06_2026_09_25,28855.90,28918.20,28798.10,28886.70,0,
17_06_2026_09_30,28889.80,28959.70,28873.50,28951.40,0,
17_06_2026_09_35,28954.90,29007.00,28943.80,28989.80,0,
17_06_2026_09_40,28988.80,28989.70,28881.80,28886.20,0,
17_06_2026_09_45,28886.20,28895.20,28814.80,28873.60,0,
17_06_2026_09_50,28873.80,28880.00,28834.70,28850.40,0,
17_06_2026_09_55,28852.30,28855.40,28828.40,28842.20,0,
17_06_2026_10_00,28843.10,28845.30,28735.50,28752.80,0,
17_06_2026_10_05,28752.70,28782.20,28748.30,28767.50,0,
17_06_2026_10_10,28770.40,28782.30,28703.70,28706.60,0,
17_06_2026_10_15,28708.20,28757.80,28700.20,28753.70,0,
17_06_2026_10_20,28754.70,28759.70,28729.80,28757.20,0,
17_06_2026_10_25,28759.90,28795.00,28754.10,28770.80,0,
17_06_2026_10_30,28771.80,28794.20,28770.90,28794.20,0,
17_06_2026_10_35,28794.20,28798.60,28755.80,28758.10,0,
17_06_2026_10_40,28758.10,28798.80,28758.00,28797.90,0,
17_06_2026_10_45,28798.80,28804.80,28782.80,28795.80,0,
17_06_2026_10_50,28796.40,28876.20,28786.70,28860.80,0,
17_06_2026_10_55,28863.70,28881.10,28835.20,28836.20,0,
17_06_2026_11_00,28840.80,28842.10,28801.40,28817.50,0,
17_06_2026_11_05,28820.60,28829.90,28812.60,28815.30,0,
17_06_2026_11_10,28817.10,28830.00,28800.50,28825.90,0,
17_06_2026_11_15,28825.70,28827.50,28809.20,28819.10,0,
17_06_2026_11_20,28819.60,28835.90,28809.80,28833.90,0,
17_06_2026_11_25,28834.90,28834.90,28801.60,28809.10,0,
17_06_2026_11_30,28813.10,28853.30,28807.30,28838.40,0,
17_06_2026_11_35,28838.50,28840.60,28815.80,28817.50,0,
17_06_2026_11_40,28819.80,28825.20,28778.10,28789.80,0,
17_06_2026_11_45,28786.60,28790.20,28774.10,28780.20,0,
17_06_2026_11_50,28782.20,28786.30,28769.80,28779.60,0,
17_06_2026_11_55,28781.20,28797.10,28771.40,28780.30,0,
17_06_2026_12_00,28784.40,28785.90,28751.50,28777.40,0,
17_06_2026_12_05,28776.40,28777.60,28760.90,28776.30,0,
17_06_2026_12_10,28775.80,28797.10,28769.80,28795.00,0,
17_06_2026_12_15,28792.10,28798.10,28770.10,28788.20,0,
17_06_2026_12_20,28787.80,28795.10,28755.80,28764.30,0,
17_06_2026_12_25,28766.10,28772.30,28754.20,28768.10,0,
17_06_2026_12_30,28767.60,28769.10,28751.50,28755.80,0,
17_06_2026_12_35,28756.80,28757.90,28743.80,28753.20,0,
17_06_2026_12_40,28757.20,28780.60,28752.00,28778.60,0,
17_06_2026_12_45,28777.90,28793.80,28774.10,28792.90,0,
17_06_2026_12_50,28794.10,28813.00,28788.70,28799.40,0,
17_06_2026_12_55,28799.90,28823.60,28793.40,28818.70,0,
17_06_2026_13_00,28819.80,28824.30,28801.00,28814.40,0,
17_06_2026_13_05,28814.40,28818.40,28799.30,28800.40,0,
17_06_2026_13_10,28800.20,28804.90,28778.80,28782.20,0,
17_06_2026_13_15,28784.60,28813.10,28776.40,28808.80,0,
17_06_2026_13_20,28810.70,28825.10,28806.50,28814.50,0,
17_06_2026_13_25,28814.30,28820.20,28809.60,28813.80,0,
17_06_2026_13_30,28816.20,28823.50,28806.80,28814.60,0,
17_06_2026_13_35,28815.90,28847.10,28809.00,28841.80,0,
17_06_2026_13_40,28841.60,28841.80,28827.20,28832.30,0,
17_06_2026_13_45,28829.60,28842.20,28824.90,28831.80,0,
17_06_2026_13_50,28831.10,28832.20,28790.40,28800.40,0,
17_06_2026_13_55,28802.20,28802.70,28780.70,28789.10,0,
17_06_2026_14_00,28788.80,28824.50,28786.20,28816.20,0,
17_06_2026_14_05,28816.40,28818.40,28785.20,28790.80,0,
17_06_2026_14_10,28792.40,28792.90,28764.40,28779.80,0,
17_06_2026_14_15,28781.60,28794.20,28767.70,28790.10,0,
17_06_2026_14_20,28790.10,28800.10,28783.20,28784.50,0,
17_06_2026_14_25,28785.10,28786.40,28752.90,28758.10,0,
17_06_2026_14_30,28758.10,28767.40,28743.70,28759.80,0,
17_06_2026_14_35,28759.80,28784.40,28738.70,28772.80,0,
17_06_2026_14_40,28777.00,28796.20,28767.20,28792.70,0,
17_06_2026_14_45,28795.80,28812.10,28791.10,28798.80,0,
17_06_2026_14_50,28803.90,28821.10,28776.30,28788.40,0,
17_06_2026_14_55,28789.20,28823.10,28783.70,28821.60,0,
17_06_2026_15_00,28821.90,28838.30,28813.70,28820.60,0,
17_06_2026_15_05,28824.10,28834.00,28820.80,28831.60,0,
17_06_2026_15_10,28831.30,28834.10,28796.40,28804.30,0,
17_06_2026_15_15,28805.60,28812.30,28796.60,28803.70,0,
17_06_2026_15_20,28804.10,28813.20,28793.30,28795.80,0,
17_06_2026_15_25,28795.70,28798.40,28767.60,28775.50,0,
18_06_2026_09_15,28583.40,28592.90,28262.70,28344.60,0,
18_06_2026_09_20,28344.90,28372.20,28299.80,28350.00,0,
18_06_2026_09_25,28347.10,28362.20,28290.20,28358.30,0,
18_06_2026_09_30,28357.40,28379.70,28306.60,28327.20,0,
18_06_2026_09_35,28330.90,28365.00,28303.20,28307.80,0,
18_06_2026_09_40,28309.30,28385.10,28302.90,28357.60,0,
18_06_2026_09_45,28357.40,28411.20,28348.80,28398.10,0,
18_06_2026_09_50,28399.00,28438.20,28383.30,28424.10,0,
18_06_2026_09_55,28427.90,28441.10,28408.60,28439.10,0,
18_06_2026_10_00,28442.80,28465.00,28427.20,28442.10,0,
18_06_2026_10_05,28446.20,28571.70,28431.20,28571.70,0,
18_06_2026_10_10,28572.80,28662.90,28557.60,28563.90,0,
18_06_2026_10_15,28563.70,28584.80,28543.50,28545.10,0,
18_06_2026_10_20,28549.60,28576.50,28532.20,28573.10,0,
18_06_2026_10_25,28573.10,28625.30,28559.30,28612.20,0,
18_06_2026_10_30,28611.40,28625.40,28583.50,28590.60,0,
18_06_2026_10_35,28591.40,28594.60,28555.10,28566.40,0,
18_06_2026_10_40,28564.20,28590.90,28548.80,28587.80,0,
18_06_2026_10_45,28583.80,28627.90,28583.80,28611.70,0,
18_06_2026_10_50,28614.00,28635.70,28603.80,28614.30,0,
18_06_2026_10_55,28617.50,28628.10,28600.30,28614.30,0,
18_06_2026_11_00,28615.30,28647.80,28608.70,28637.00,0,
18_06_2026_11_05,28642.10,28651.20,28629.20,28644.80,0,
18_06_2026_11_10,28645.40,28648.40,28562.20,28564.80,0,
18_06_2026_11_15,28566.60,28566.60,28500.30,28508.90,0,
18_06_2026_11_20,28511.90,28511.90,28426.80,28430.20,0,
18_06_2026_11_25,28432.40,28436.00,28390.30,28409.00,0,
18_06_2026_11_30,28411.10,28448.60,28403.80,28438.30,0,
18_06_2026_11_35,28442.80,28454.10,28422.80,28425.70,0,
18_06_2026_11_40,28427.70,28439.60,28412.80,28436.60,0,
18_06_2026_11_45,28437.20,28449.90,28427.90,28434.70,0,
18_06_2026_11_50,28434.70,28446.90,28427.30,28444.70,0,
18_06_2026_11_55,28446.10,28457.40,28442.80,28453.40,0,
18_06_2026_12_00,28454.10,28454.10,28428.90,28440.10,0,
18_06_2026_12_05,28439.00,28445.50,28413.40,28436.30,0,
18_06_2026_12_10,28440.70,28449.30,28421.20,28433.50,0,
18_06_2026_12_15,28433.60,28433.90,28413.40,28426.70,0,
18_06_2026_12_20,28426.40,28469.80,28422.60,28449.90,0,
18_06_2026_12_25,28451.70,28461.80,28436.20,28457.20,0,
18_06_2026_12_30,28460.80,28465.20,28415.80,28429.40,0,
18_06_2026_12_35,28430.00,28439.30,28423.90,28428.40,0,
18_06_2026_12_40,28433.00,28448.60,28416.60,28435.20,0,
18_06_2026_12_45,28436.80,28436.80,28406.80,28428.80,0,
18_06_2026_12_50,28430.90,28463.50,28425.10,28457.80,0,
18_06_2026_12_55,28457.90,28481.90,28455.80,28478.90,0,
18_06_2026_13_00,28479.10,28482.70,28448.20,28454.40,0,
18_06_2026_13_05,28457.20,28460.20,28445.60,28451.30,0,
18_06_2026_13_10,28453.40,28471.20,28447.90,28470.90,0,
18_06_2026_13_15,28472.20,28481.70,28457.40,28463.80,0,
18_06_2026_13_20,28464.60,28473.60,28457.40,28467.40,0,
18_06_2026_13_25,28468.80,28476.70,28461.40,28470.90,0,
18_06_2026_13_30,28472.20,28480.60,28464.20,28476.70,0,
18_06_2026_13_35,28476.80,28482.00,28456.20,28459.20,0,
18_06_2026_13_40,28458.90,28463.80,28437.30,28443.70,0,
18_06_2026_13_45,28445.70,28465.70,28442.70,28455.80,0,
18_06_2026_13_50,28455.90,28464.40,28446.60,28452.10,0,
18_06_2026_13_55,28452.20,28456.20,28434.70,28440.80,0,
18_06_2026_14_00,28440.60,28445.30,28425.70,28431.90,0,
18_06_2026_14_05,28433.90,28439.90,28418.90,28423.20,0,
18_06_2026_14_10,28424.60,28437.40,28413.20,28413.80,0,
18_06_2026_14_15,28415.60,28415.60,28388.80,28389.80,0,
18_06_2026_14_20,28393.20,28405.80,28373.90,28403.20,0,
18_06_2026_14_25,28404.80,28412.20,28390.10,28397.60,0,
18_06_2026_14_30,28400.10,28430.90,28393.70,28428.90,0,
18_06_2026_14_35,28431.00,28457.90,28418.10,28427.60,0,
18_06_2026_14_40,28429.70,28432.70,28410.90,28424.10,0,
18_06_2026_14_45,28424.30,28435.90,28401.30,28402.40,0,
18_06_2026_14_50,28403.10,28418.80,28397.30,28410.20,0,
18_06_2026_14_55,28410.70,28425.60,28401.40,28421.30,0,
18_06_2026_15_00,28422.70,28500.40,28418.60,28489.40,0,
18_06_2026_15_05,28490.20,28502.70,28467.30,28491.40,0,
18_06_2026_15_10,28491.80,28494.20,28466.80,28477.10,0,
18_06_2026_15_15,28478.30,28479.10,28458.20,28467.90,0,
18_06_2026_15_20,28472.30,28487.70,28437.00,28438.30,0,
18_06_2026_15_25,28439.40,28462.30,28429.30,28452.80,0,
19_06_2026_09_15,26964.80,27083.20,26634.50,26811.30,0,
19_06_2026_09_20,26810.60,26844.10,26768.70,26826.30,0,
19_06_2026_09_25,26829.90,26839.20,26717.30,26732.90,0,
19_06_2026_09_30,26733.30,26836.10,26688.30,26801.90,0,
19_06_2026_09_35,26801.30,26895.50,26793.90,26895.20,0,
19_06_2026_09_40,26891.50,26924.40,26844.20,26876.70,0,
19_06_2026_09_45,26876.90,26884.40,26827.90,26834.80,0,
19_06_2026_09_50,26834.10,26972.80,26826.20,26972.40,0,
19_06_2026_09_55,26970.70,27001.80,26952.10,26965.20,0,
19_06_2026_10_00,26966.80,27010.30,26934.10,26947.80,0,
19_06_2026_10_05,26947.20,26974.20,26929.20,26951.10,0,
19_06_2026_10_10,26949.80,27029.10,26944.70,26985.50,0,
19_06_2026_10_15,26984.60,26985.70,26933.80,26954.90,0,
19_06_2026_10_20,26955.40,26972.20,26933.10,26933.10,0,
19_06_2026_10_25,26934.60,26934.60,26890.20,26908.80,0,
19_06_2026_10_30,26911.20,26924.20,26900.30,26912.20,0,
19_06_2026_10_35,26914.20,26941.80,26909.30,26936.30,0,
19_06_2026_10_40,26938.30,26947.30,26922.70,26939.60,0,
19_06_2026_10_45,26939.50,26986.80,26917.40,26920.40,0,
19_06_2026_10_50,26922.80,26922.80,26883.60,26890.90,0,
19_06_2026_10_55,26890.90,26906.30,26851.80,26854.80,0,
19_06_2026_11_00,26853.70,26870.30,26831.20,26854.40,0,
19_06_2026_11_05,26854.40,26892.70,26848.60,26892.70,0,
19_06_2026_11_10,26893.70,26935.70,26893.70,26913.30,0,
19_06_2026_11_15,26914.40,26946.60,26910.90,26946.40,0,
19_06_2026_11_20,26947.40,26971.70,26936.60,26952.50,0,
19_06_2026_11_25,26954.20,26957.90,26931.10,26952.00,0,
19_06_2026_11_30,26953.20,26978.30,26952.60,26965.00,0,
19_06_2026_11_35,26965.30,26970.60,26943.00,26960.30,0,
19_06_2026_11_40,26961.90,26976.80,26951.20,26965.40,0,
19_06_2026_11_45,26964.80,26965.60,26933.80,26936.20,0,
19_06_2026_11_50,26939.00,26944.50,26910.20,26917.50,0,
19_06_2026_11_55,26918.80,26933.60,26911.10,26928.80,0,
19_06_2026_12_00,26928.80,26973.40,26926.60,26973.40,0,
19_06_2026_12_05,26973.20,27017.00,26973.20,26982.10,0,
19_06_2026_12_10,26982.10,27011.40,26981.10,27008.80,0,
19_06_2026_12_15,27009.90,27018.80,26988.70,26997.00,0,
19_06_2026_12_20,26999.20,27022.10,26996.60,27011.20,0,
19_06_2026_12_25,27010.10,27032.30,27008.20,27017.20,0,
19_06_2026_12_30,27016.50,27022.70,27000.20,27005.80,0,
19_06_2026_12_35,27003.80,27012.90,26972.10,26977.80,0,
19_06_2026_12_40,26978.00,26981.30,26956.60,26975.40,0,
19_06_2026_12_45,26974.80,27039.70,26973.70,27015.80,0,
19_06_2026_12_50,27015.90,27028.70,27008.80,27018.80,0,
19_06_2026_12_55,27018.20,27020.60,26993.70,27015.60,0,
19_06_2026_13_00,27014.50,27015.70,26992.70,26996.60,0,
19_06_2026_13_05,26996.70,26997.20,26979.20,26990.80,0,
19_06_2026_13_10,26989.80,26996.80,26982.30,26985.10,0,
19_06_2026_13_15,26985.60,26990.60,26971.60,26975.10,0,
19_06_2026_13_20,26974.80,26985.00,26965.10,26968.20,0,
19_06_2026_13_25,26967.90,26993.80,26960.80,26984.90,0,
19_06_2026_13_30,26989.60,27003.30,26986.10,27000.60,0,
19_06_2026_13_35,27005.10,27007.30,26993.80,27000.20,0,
19_06_2026_13_40,27000.80,27018.90,26998.60,27014.90,0,
19_06_2026_13_45,27015.10,27094.00,27007.40,27086.20,0,
19_06_2026_13_50,27083.90,27105.40,27073.70,27075.40,0,
19_06_2026_13_55,27074.80,27090.10,27073.10,27085.80,0,
19_06_2026_14_00,27085.80,27087.60,27039.50,27056.00,0,
19_06_2026_14_05,27057.20,27062.40,27033.40,27039.80,0,
19_06_2026_14_10,27038.30,27067.70,27035.20,27064.30,0,
19_06_2026_14_15,27063.90,27092.70,27056.80,27092.70,0,
19_06_2026_14_20,27092.90,27103.80,27082.50,27093.90,0,
19_06_2026_14_25,27092.60,27126.30,27086.90,27108.60,0,
19_06_2026_14_30,27111.80,27134.90,27103.00,27110.90,0,
19_06_2026_14_35,27113.70,27163.60,27106.00,27155.00,0,
19_06_2026_14_40,27157.00,27174.20,27150.40,27172.10,0,
19_06_2026_14_45,27173.40,27207.20,27171.80,27191.70,0,
19_06_2026_14_50,27191.80,27200.80,27157.60,27159.90,0,
19_06_2026_14_55,27157.70,27172.30,27123.80,27168.20,0,
19_06_2026_15_00,27163.70,27363.70,27163.70,27348.80,0,
19_06_2026_15_05,27350.10,27410.20,27348.70,27390.40,0,
19_06_2026_15_10,27392.70,27479.70,27391.40,27471.80,0,
19_06_2026_15_15,27469.60,27509.20,27461.70,27500.90,0,
19_06_2026_15_20,27497.80,27514.80,27479.40,27501.90,0,
19_06_2026_15_25,27503.10,27527.80,27444.70,27500.30,0,
22_06_2026_09_15,27602.30,27851.70,27602.30,27729.20,0,
22_06_2026_09_20,27728.80,27784.70,27685.60,27717.90,0,
22_06_2026_09_25,27721.80,27731.80,27680.80,27694.20,0,
22_06_2026_09_30,27694.00,27741.20,27684.80,27686.70,0,
22_06_2026_09_35,27681.60,27701.40,27618.60,27701.40,0,
22_06_2026_09_40,27696.70,27727.60,27677.70,27691.30,0,
22_06_2026_09_45,27689.30,27711.40,27682.40,27710.80,0,
22_06_2026_09_50,27710.70,27776.40,27709.10,27767.30,0,
22_06_2026_09_55,27764.20,27810.80,27745.60,27767.40,0,
22_06_2026_10_00,27765.40,27772.00,27701.40,27714.20,0,
22_06_2026_10_05,27717.60,27721.50,27692.10,27705.70,0,
22_06_2026_10_10,27705.80,27725.70,27698.10,27708.40,0,
22_06_2026_10_15,27708.40,27721.70,27695.80,27707.20,0,
22_06_2026_10_20,27707.40,27707.70,27673.30,27680.80,0,
22_06_2026_10_25,27683.40,27692.80,27655.10,27677.80,0,
22_06_2026_10_30,27677.70,27679.30,27617.20,27620.20,0,
22_06_2026_10_35,27618.40,27643.20,27594.70,27642.80,0,
22_06_2026_10_40,27642.70,27657.10,27636.30,27645.00,0,
22_06_2026_10_45,27645.10,27673.40,27635.20,27668.10,0,
22_06_2026_10_50,27668.10,27712.10,27667.20,27702.40,0,
22_06_2026_10_55,27703.20,27757.80,27683.80,27756.40,0,
22_06_2026_11_00,27758.30,27773.60,27744.80,27768.20,0,
22_06_2026_11_05,27767.60,27812.70,27758.10,27812.70,0,
22_06_2026_11_10,27807.80,27856.40,27807.20,27844.20,0,
22_06_2026_11_15,27845.60,27853.80,27797.20,27814.40,0,
22_06_2026_11_20,27815.10,27817.10,27795.80,27804.10,0,
22_06_2026_11_25,27805.00,27835.70,27799.40,27835.70,0,
22_06_2026_11_30,27836.70,27836.70,27809.80,27813.00,0,
22_06_2026_11_35,27814.70,27821.30,27794.60,27799.10,0,
22_06_2026_11_40,27800.30,27801.40,27774.10,27782.20,0,
22_06_2026_11_45,27783.70,27786.50,27767.40,27770.80,0,
22_06_2026_11_50,27771.00,27771.00,27742.70,27743.80,0,
22_06_2026_11_55,27748.30,27751.60,27727.40,27749.80,0,
22_06_2026_12_00,27752.50,27754.10,27725.30,27745.30,0,
22_06_2026_12_05,27744.70,27749.80,27734.90,27738.40,0,
22_06_2026_12_10,27739.00,27753.20,27728.50,27741.10,0,
22_06_2026_12_15,27740.00,27751.90,27731.40,27747.80,0,
22_06_2026_12_20,27749.40,27750.80,27722.10,27748.10,0,
22_06_2026_12_25,27747.90,27764.10,27721.00,27733.70,0,
22_06_2026_12_30,27733.20,27742.40,27724.10,27740.20,0,
22_06_2026_12_35,27742.70,27765.90,27737.70,27752.50,0,
22_06_2026_12_40,27753.80,27753.80,27730.00,27731.80,0,
22_06_2026_12_45,27734.20,27746.20,27726.40,27733.30,0,
22_06_2026_12_50,27735.30,27749.60,27732.00,27733.30,0,
22_06_2026_12_55,27734.40,27735.60,27721.30,27728.60,0,
22_06_2026_13_00,27728.80,27730.80,27699.30,27704.40,0,
22_06_2026_13_05,27703.20,27712.10,27698.10,27700.20,0,
22_06_2026_13_10,27700.30,27704.20,27689.00,27699.80,0,
22_06_2026_13_15,27699.90,27716.20,27696.00,27712.50,0,
22_06_2026_13_20,27714.90,27724.80,27683.90,27691.30,0,
22_06_2026_13_25,27691.60,27704.70,27683.80,27697.90,0,
22_06_2026_13_30,27698.80,27712.10,27684.20,27689.30,0,
22_06_2026_13_35,27689.40,27695.80,27673.60,27674.70,0,
22_06_2026_13_40,27674.30,27692.50,27648.90,27687.70,0,
22_06_2026_13_45,27687.70,27695.50,27654.00,27657.70,0,
22_06_2026_13_50,27655.60,27659.90,27642.30,27655.80,0,
22_06_2026_13_55,27655.80,27697.80,27644.20,27686.80,0,
22_06_2026_14_00,27688.40,27715.10,27678.90,27696.90,0,
22_06_2026_14_05,27697.40,27743.30,27696.60,27718.80,0,
22_06_2026_14_10,27721.00,27760.80,27713.60,27739.60,0,
22_06_2026_14_15,27738.80,27744.70,27720.70,27744.40,0,
22_06_2026_14_20,27742.80,27746.50,27730.50,27737.20,0,
22_06_2026_14_25,27738.90,27797.10,27735.30,27795.50,0,
22_06_2026_14_30,27796.70,27798.80,27720.70,27722.20,0,
22_06_2026_14_35,27720.90,27741.80,27702.50,27718.50,0,
22_06_2026_14_40,27718.50,27737.10,27703.20,27709.20,0,
22_06_2026_14_45,27707.50,27721.30,27695.90,27700.40,0,
22_06_2026_14_50,27701.20,27707.80,27685.40,27693.60,0,
22_06_2026_14_55,27695.10,27703.00,27681.40,27689.90,0,
22_06_2026_15_00,27697.70,27711.90,27623.80,27633.10,0,
22_06_2026_15_05,27634.60,27639.20,27610.70,27611.10,0,
22_06_2026_15_10,27611.40,27611.40,27597.60,27604.80,0,
22_06_2026_15_15,27605.90,27620.70,27592.90,27605.10,0,
22_06_2026_15_20,27604.50,27637.30,27604.50,27629.80,0,
22_06_2026_15_25,27631.10,27645.80,27609.40,27632.10,0,
23_06_2026_09_15,27395.90,27428.50,27122.40,27270.40,0,
23_06_2026_09_20,27270.00,27318.40,27254.30,27283.20,0,
23_06_2026_09_25,27284.10,27287.30,27199.20,27210.20,0,
23_06_2026_09_30,27211.90,27232.20,27180.40,27200.30,0,
23_06_2026_09_35,27201.40,27240.20,27164.20,27227.80,0,
23_06_2026_09_40,27227.80,27237.20,27170.90,27180.10,0,
23_06_2026_09_45,27180.60,27180.60,27141.20,27157.60,0,
23_06_2026_09_50,27158.80,27202.60,27142.10,27195.60,0,
23_06_2026_09_55,27197.30,27207.80,27174.40,27188.50,0,
23_06_2026_10_00,27187.80,27220.80,27183.80,27212.20,0,
23_06_2026_10_05,27216.70,27223.90,27195.80,27209.40,0,
23_06_2026_10_10,27209.40,27211.20,27185.10,27187.90,0,
23_06_2026_10_15,27190.20,27197.20,27174.10,27189.70,0,
23_06_2026_10_20,27191.20,27213.20,27187.20,27198.80,0,
23_06_2026_10_25,27195.60,27196.00,27135.50,27139.20,0,
23_06_2026_10_30,27139.10,27140.00,27117.90,27122.80,0,
23_06_2026_10_35,27126.80,27128.80,27099.40,27120.20,0,
23_06_2026_10_40,27121.20,27155.30,27115.60,27136.60,0,
23_06_2026_10_45,27137.50,27138.70,27098.10,27108.80,0,
23_06_2026_10_50,27104.40,27117.20,27084.50,27096.20,0,
23_06_2026_10_55,27095.90,27105.30,27064.30,27083.20,0,
23_06_2026_11_00,27083.80,27083.80,27053.70,27057.40,0,
23_06_2026_11_05,27057.60,27079.10,27053.40,27063.20,0,
23_06_2026_11_10,27063.70,27100.90,27058.10,27079.70,0,
23_06_2026_11_15,27080.90,27127.20,27076.00,27125.80,0,
23_06_2026_11_20,27124.50,27146.40,27103.40,27108.20,0,
23_06_2026_11_25,27110.00,27110.40,27086.70,27090.20,0,
23_06_2026_11_30,27093.20,27093.20,27071.80,27083.70,0,
23_06_2026_11_35,27084.30,27101.10,27077.80,27085.70,0,
23_06_2026_11_40,27084.60,27088.40,27068.90,27075.80,0,
23_06_2026_11_45,27079.70,27079.80,27050.70,27059.80,0,
23_06_2026_11_50,27062.20,27084.20,27050.70,27079.40,0,
23_06_2026_11_55,27080.00,27090.40,27045.90,27052.00,0,
23_06_2026_12_00,27053.30,27091.00,27048.30,27068.00,0,
23_06_2026_12_05,27069.40,27092.70,27063.40,27077.60,0,
23_06_2026_12_10,27080.70,27095.90,27055.80,27063.80,0,
23_06_2026_12_15,27064.00,27098.60,27059.80,27092.30,0,
23_06_2026_12_20,27093.60,27093.60,27062.60,27063.80,0,
23_06_2026_12_25,27068.60,27083.70,27060.20,27079.80,0,
23_06_2026_12_30,27080.90,27081.30,27045.80,27050.10,0,
23_06_2026_12_35,27050.50,27053.80,27035.80,27044.80,0,
23_06_2026_12_40,27047.70,27051.60,27031.90,27039.40,0,
23_06_2026_12_45,27039.40,27043.20,27004.10,27006.80,0,
23_06_2026_12_50,27008.60,27034.90,26999.80,27028.10,0,
23_06_2026_12_55,27028.10,27033.50,27018.30,27030.80,0,
23_06_2026_13_00,27033.20,27034.70,27000.30,27011.70,0,
23_06_2026_13_05,27013.20,27038.80,27006.20,27022.70,0,
23_06_2026_13_10,27020.10,27024.70,27006.50,27008.70,0,
23_06_2026_13_15,27008.70,27021.70,26999.60,27016.20,0,
23_06_2026_13_20,27016.40,27026.80,27011.90,27026.80,0,
23_06_2026_13_25,27025.90,27027.00,26988.60,26997.20,0,
23_06_2026_13_30,26996.10,27004.40,26983.40,26988.90,0,
23_06_2026_13_35,26990.90,26996.40,26979.70,26982.80,0,
23_06_2026_13_40,26985.70,27016.30,26983.60,27011.10,0,
23_06_2026_13_45,27011.50,27026.80,26997.40,27015.80,0,
23_06_2026_13_50,27017.90,27018.70,26990.80,27014.90,0,
23_06_2026_13_55,27015.30,27015.30,26990.70,26995.20,0,
23_06_2026_14_00,26995.80,27026.20,26991.80,27019.30,0,
23_06_2026_14_05,27022.90,27042.60,27009.80,27042.60,0,
23_06_2026_14_10,27041.90,27063.10,27035.20,27060.00,0,
23_06_2026_14_15,27059.80,27088.70,27051.90,27051.90,0,
23_06_2026_14_20,27052.70,27117.20,27042.90,27114.20,0,
23_06_2026_14_25,27114.00,27117.70,27090.70,27115.20,0,
23_06_2026_14_30,27116.10,27116.40,27096.70,27099.60,0,
23_06_2026_14_35,27100.00,27124.60,27089.30,27103.20,0,
23_06_2026_14_40,27106.00,27121.40,27096.10,27110.60,0,
23_06_2026_14_45,27111.80,27159.60,27111.10,27151.30,0,
23_06_2026_14_50,27148.40,27154.90,27121.10,27143.60,0,
23_06_2026_14_55,27140.80,27166.30,27129.70,27149.60,0,
23_06_2026_15_00,27151.00,27152.60,27014.20,27028.90,0,
23_06_2026_15_05,27029.20,27046.80,27022.10,27024.30,0,
23_06_2026_15_10,27025.00,27038.80,26990.80,26991.10,0,
23_06_2026_15_15,26993.60,27008.20,26972.40,26986.80,0,
23_06_2026_15_20,26986.90,26994.70,26955.50,26970.20,0,
23_06_2026_15_25,26970.80,27009.70,26957.10,27009.70,0,
24_06_2026_09_15,27048.10,27344.30,27036.10,27291.00,0,
24_06_2026_09_20,27296.10,27308.70,27179.20,27180.70,0,
24_06_2026_09_25,27179.90,27224.80,27160.40,27193.10,0,
24_06_2026_09_30,27194.20,27237.80,27157.30,27164.60,0,
24_06_2026_09_35,27169.80,27232.60,27168.50,27202.70,0,
24_06_2026_09_40,27203.30,27304.60,27187.20,27296.20,0,
24_06_2026_09_45,27297.60,27383.90,27297.60,27316.50,0,
24_06_2026_09_50,27317.60,27341.30,27244.10,27271.20,0,
24_06_2026_09_55,27272.40,27312.40,27247.30,27257.20,0,
24_06_2026_10_00,27253.20,27285.30,27249.40,27268.20,0,
24_06_2026_10_05,27267.80,27298.20,27253.30,27259.40,0,
24_06_2026_10_10,27262.40,27279.90,27235.30,27279.30,0,
24_06_2026_10_15,27280.30,27337.30,27265.80,27320.10,0,
24_06_2026_10_20,27320.00,27388.30,27312.20,27381.60,0,
24_06_2026_10_25,27379.70,27442.60,27375.50,27415.30,0,
24_06_2026_10_30,27416.80,27441.20,27395.60,27399.50,0,
24_06_2026_10_35,27399.50,27446.60,27386.40,27431.20,0,
24_06_2026_10_40,27432.50,27452.70,27381.80,27389.60,0,
24_06_2026_10_45,27385.80,27411.90,27355.30,27361.20,0,
24_06_2026_10_50,27359.60,27379.10,27323.80,27326.60,0,
24_06_2026_10_55,27327.10,27337.50,27286.80,27310.80,0,
24_06_2026_11_00,27313.20,27317.40,27277.90,27287.90,0,
24_06_2026_11_05,27288.90,27311.30,27273.60,27289.60,0,
24_06_2026_11_10,27290.80,27375.20,27288.60,27370.20,0,
24_06_2026_11_15,27371.80,27406.90,27359.20,27382.10,0,
24_06_2026_11_20,27382.70,27400.90,27363.40,27364.90,0,
24_06_2026_11_25,27364.80,27368.40,27323.80,27323.80,0,
24_06_2026_11_30,27327.40,27331.80,27297.20,27315.20,0,
24_06_2026_11_35,27313.20,27361.90,27312.60,27360.30,0,
24_06_2026_11_40,27358.30,27376.70,27340.60,27376.70,0,
24_06_2026_11_45,27376.20,27379.20,27346.20,27375.60,0,
24_06_2026_11_50,27375.10,27398.90,27367.50,27384.80,0,
24_06_2026_11_55,27386.10,27397.40,27376.70,27386.40,0,
24_06_2026_12_00,27388.60,27427.80,27383.80,27408.20,0,
24_06_2026_12_05,27412.70,27412.70,27333.20,27338.10,0,
24_06_2026_12_10,27336.00,27347.60,27319.90,27325.60,0,
24_06_2026_12_15,27327.40,27331.40,27314.30,27321.20,0,
24_06_2026_12_20,27319.90,27338.20,27308.00,27327.70,0,
24_06_2026_12_25,27326.30,27327.30,27278.90,27292.80,0,
24_06_2026_12_30,27294.80,27312.20,27275.20,27309.30,0,
24_06_2026_12_35,27309.30,27314.70,27297.80,27310.70,0,
24_06_2026_12_40,27310.80,27318.80,27296.90,27304.30,0,
24_06_2026_12_45,27306.00,27343.30,27298.20,27343.30,0,
24_06_2026_12_50,27342.30,27342.30,27317.90,27329.40,0,
24_06_2026_12_55,27329.70,27363.40,27323.80,27340.40,0,
24_06_2026_13_00,27343.90,27394.30,27337.70,27390.40,0,
24_06_2026_13_05,27386.80,27486.80,27386.80,27482.80,0,
24_06_2026_13_10,27482.70,27482.70,27448.80,27470.60,0,
24_06_2026_13_15,27470.90,27476.60,27450.30,27465.00,0,
24_06_2026_13_20,27465.90,27474.70,27451.00,27463.40,0,
24_06_2026_13_25,27465.70,27490.40,27457.40,27477.10,0,
24_06_2026_13_30,27475.80,27515.90,27468.80,27512.30,0,
24_06_2026_13_35,27515.00,27545.10,27482.90,27488.10,0,
24_06_2026_13_40,27488.80,27539.60,27481.20,27532.20,0,
24_06_2026_13_45,27532.90,27565.90,27523.90,27555.20,0,
24_06_2026_13_50,27553.60,27573.90,27546.30,27555.80,0,
24_06_2026_13_55,27555.90,27557.60,27528.10,27542.80,0,
24_06_2026_14_00,27542.80,27562.30,27527.60,27558.10,0,
24_06_2026_14_05,27563.10,27568.10,27527.80,27551.10,0,
24_06_2026_14_10,27551.70,27664.30,27543.30,27659.80,0,
24_06_2026_14_15,27658.90,27698.80,27657.40,27692.50,0,
24_06_2026_14_20,27694.40,27705.90,27652.00,27655.40,0,
24_06_2026_14_25,27656.10,27664.10,27627.10,27662.90,0,
24_06_2026_14_30,27664.80,27666.10,27590.90,27602.40,0,
24_06_2026_14_35,27602.40,27654.80,27597.50,27633.40,0,
24_06_2026_14_40,27634.60,27684.60,27627.70,27675.20,0,
24_06_2026_14_45,27679.30,27688.90,27651.30,27674.80,0,
24_06_2026_14_50,27674.30,27676.30,27625.60,27645.90,0,
24_06_2026_14_55,27645.20,27653.40,27603.70,27610.10,0,
24_06_2026_15_00,27607.70,27607.70,27546.00,27579.40,0,
24_06_2026_15_05,27581.90,27591.20,27552.90,27584.30,0,
24_06_2026_15_10,27582.90,27584.30,27551.80,27568.10,0,
24_06_2026_15_15,27565.70,27582.20,27556.20,27564.40,0,
24_06_2026_15_20,27564.50,27564.50,27549.80,27554.10,0,
24_06_2026_15_25,27552.80,27569.80,27542.80,27553.40,0,
25_06_2026_09_15,27775.20,27881.00,27571.60,27602.70,0,
25_06_2026_09_20,27607.90,27631.20,27551.20,27557.60,0,
25_06_2026_09_25,27555.10,27563.80,27510.90,27517.50,0,
25_06_2026_09_30,27525.40,27530.20,27434.30,27441.60,0,
25_06_2026_09_35,27438.70,27470.30,27419.60,27449.20,0,
25_06_2026_09_40,27448.20,27537.10,27443.70,27520.10,0,
25_06_2026_09_45,27520.20,27583.10,27507.40,27580.20,0,
25_06_2026_09_50,27579.20,27598.30,27553.90,27571.60,0,
25_06_2026_09_55,27571.80,27591.10,27552.40,27588.90,0,
25_06_2026_10_00,27593.20,27747.10,27590.20,27747.10,0,
25_06_2026_10_05,27749.40,27777.40,27707.40,27733.70,0,
25_06_2026_10_10,27736.40,27742.90,27690.10,27722.90,0,
25_06_2026_10_15,27724.60,27724.60,27656.40,27658.00,0,
25_06_2026_10_20,27661.80,27670.80,27635.80,27651.90,0,
25_06_2026_10_25,27650.80,27673.40,27642.00,27659.80,0,
25_06_2026_10_30,27662.10,27693.90,27655.30,27686.60,0,
25_06_2026_10_35,27688.10,27688.70,27628.40,27644.10,0,
25_06_2026_10_40,27646.10,27651.70,27629.80,27646.80,0,
25_06_2026_10_45,27647.30,27653.30,27608.10,27624.80,0,
25_06_2026_10_50,27626.10,27640.60,27614.60,27616.20,0,
25_06_2026_10_55,27616.80,27634.20,27601.30,27630.40,0,
25_06_2026_11_00,27632.80,27634.90,27589.90,27589.90,0,
25_06_2026_11_05,27595.10,27595.10,27568.10,27580.40,0,
25_06_2026_11_10,27581.30,27615.80,27569.10,27612.30,0,
25_06_2026_11_15,27616.40,27619.40,27572.10,27575.60,0,
25_06_2026_11_20,27576.60,27578.80,27546.30,27553.10,0,
25_06_2026_11_25,27549.10,27549.10,27509.60,27525.70,0,
25_06_2026_11_30,27526.80,27554.70,27524.70,27552.10,0,
25_06_2026_11_35,27553.00,27604.10,27545.90,27601.90,0,
25_06_2026_11_40,27602.40,27610.40,27585.90,27594.80,0,
25_06_2026_11_45,27595.40,27625.70,27591.80,27614.60,0,
25_06_2026_11_50,27614.30,27617.60,27589.10,27594.40,0,
25_06_2026_11_55,27595.30,27628.60,27587.40,27606.80,0,
25_06_2026_12_00,27612.90,27617.40,27574.80,27617.40,0,
25_06_2026_12_05,27616.70,27640.80,27613.10,27634.10,0,
25_06_2026_12_10,27634.90,27636.40,27596.10,27599.20,0,
25_06_2026_12_15,27601.50,27601.50,27564.70,27574.20,0,
25_06_2026_12_20,27575.20,27579.20,27556.40,27573.80,0,
25_06_2026_12_25,27574.10,27599.10,27567.80,27575.90,0,
25_06_2026_12_30,27576.70,27578.30,27510.40,27513.50,0,
25_06_2026_12_35,27517.60,27555.90,27507.20,27548.80,0,
25_06_2026_12_40,27550.00,27550.80,27508.10,27522.90,0,
25_06_2026_12_45,27521.30,27529.80,27509.00,27517.50,0,
25_06_2026_12_50,27517.90,27528.00,27508.50,27521.90,0,
25_06_2026_12_55,27523.80,27528.50,27502.40,27511.30,0,
25_06_2026_13_00,27512.20,27536.30,27485.20,27528.00,0,
25_06_2026_13_05,27528.30,27532.50,27493.90,27510.80,0,
25_06_2026_13_10,27513.40,27525.80,27492.40,27499.80,0,
25_06_2026_13_15,27500.10,27574.20,27493.90,27569.20,0,
25_06_2026_13_20,27569.20,27569.20,27522.10,27528.70,0,
25_06_2026_13_25,27529.40,27531.90,27510.80,27528.40,0,
25_06_2026_13_30,27529.10,27538.80,27519.30,27530.80,0,
25_06_2026_13_35,27532.40,27543.80,27525.60,27540.90,0,
25_06_2026_13_40,27543.10,27562.20,27539.30,27550.10,0,
25_06_2026_13_45,27548.90,27553.20,27534.40,27547.20,0,
25_06_2026_13_50,27546.70,27553.00,27526.20,27528.10,0,
25_06_2026_13_55,27529.40,27562.30,27528.80,27544.00,0,
25_06_2026_14_00,27543.60,27577.70,27529.10,27569.30,0,
25_06_2026_14_05,27573.20,27602.40,27548.20,27600.00,0,
25_06_2026_14_10,27600.80,27603.90,27539.10,27543.40,0,
25_06_2026_14_15,27546.10,27546.10,27512.20,27534.90,0,
25_06_2026_14_20,27535.90,27538.70,27464.40,27464.40,0,
25_06_2026_14_25,27468.50,27468.50,27422.10,27436.40,0,
25_06_2026_14_30,27436.70,27465.80,27429.80,27458.40,0,
25_06_2026_14_35,27463.40,27482.70,27424.20,27425.20,0,
25_06_2026_14_40,27426.20,27446.30,27384.80,27397.90,0,
25_06_2026_14_45,27396.40,27419.90,27384.80,27384.90,0,
25_06_2026_14_50,27389.40,27434.80,27384.10,27410.90,0,
25_06_2026_14_55,27411.80,27420.50,27379.20,27387.10,0,
25_06_2026_15_00,27390.90,27393.20,27337.90,27353.00,0,
25_06_2026_15_05,27354.80,27375.40,27340.70,27349.20,0,
25_06_2026_15_10,27349.90,27360.10,27317.30,27319.60,0,
25_06_2026_15_15,27319.50,27331.90,27305.60,27315.60,0,
25_06_2026_15_20,27315.70,27330.20,27295.10,27328.70,0,
25_06_2026_15_25,27327.30,27354.10,27311.30,27352.20,0,
29_06_2026_09_15,27226.80,27313.30,27045.90,27048.60,0,
29_06_2026_09_20,27041.30,27207.80,27031.30,27177.80,0,
29_06_2026_09_25,27176.00,27185.90,27140.50,27158.80,0,
29_06_2026_09_30,27159.40,27170.80,27082.80,27082.80,0,
29_06_2026_09_35,27084.20,27138.00,27057.20,27103.70,0,
29_06_2026_09_40,27105.30,27143.70,27091.70,27100.80,0,
29_06_2026_09_45,27100.30,27100.30,27032.90,27059.10,0,
29_06_2026_09_50,27060.00,27060.00,27028.40,27030.90,0,
29_06_2026_09_55,27031.80,27101.80,27016.90,27092.80,0,
29_06_2026_10_00,27098.80,27144.50,27064.10,27072.30,0,
29_06_2026_10_05,27074.40,27101.30,27068.70,27072.20,0,
29_06_2026_10_10,27073.80,27080.20,27044.80,27053.40,0,
29_06_2026_10_15,27054.60,27083.10,27039.90,27081.30,0,
29_06_2026_10_20,27081.00,27179.30,27080.20,27179.30,0,
29_06_2026_10_25,27179.80,27209.40,27146.40,27147.10,0,
29_06_2026_10_30,27145.70,27156.60,27114.30,27114.30,0,
29_06_2026_10_35,27114.90,27114.90,27051.30,27083.80,0,
29_06_2026_10_40,27081.30,27104.80,27065.60,27097.10,0,
29_06_2026_10_45,27100.70,27100.70,27062.10,27087.20,0,
29_06_2026_10_50,27089.20,27090.90,27041.50,27046.80,0,
29_06_2026_10_55,27047.70,27078.20,27025.40,27037.90,0,
29_06_2026_11_00,27037.40,27076.60,27037.40,27063.20,0,
29_06_2026_11_05,27064.60,27073.30,27052.90,27054.10,0,
29_06_2026_11_10,27056.10,27087.70,27055.60,27065.80,0,
29_06_2026_11_15,27068.50,27077.60,27054.90,27071.00,0,
29_06_2026_11_20,27076.20,27092.80,27065.40,27081.10,0,
29_06_2026_11_25,27085.60,27106.40,27075.70,27085.20,0,
29_06_2026_11_30,27082.30,27109.40,27028.30,27028.40,0,
29_06_2026_11_35,27034.10,27074.50,27029.40,27062.60,0,
29_06_2026_11_40,27063.10,27066.20,27036.30,27047.00,0,
29_06_2026_11_45,27046.60,27077.20,27045.30,27049.40,0,
29_06_2026_11_50,27051.80,27073.90,27032.40,27032.40,0,
29_06_2026_11_55,27036.40,27045.90,27011.70,27029.20,0,
29_06_2026_12_00,27032.60,27056.80,27025.10,27043.70,0,
29_06_2026_12_05,27045.70,27060.20,27037.80,27046.70,0,
29_06_2026_12_10,27050.60,27059.40,27027.60,27056.20,0,
29_06_2026_12_15,27059.90,27061.20,27003.00,27003.70,0,
29_06_2026_12_20,27007.80,27024.80,27002.30,27015.40,0,
29_06_2026_12_25,27018.80,27027.70,26998.80,27004.70,0,
29_06_2026_12_30,27006.80,27016.40,26981.80,26983.10,0,
29_06_2026_12_35,26988.70,27003.90,26982.90,26984.30,0,
29_06_2026_12_40,26983.80,26991.90,26966.80,26988.70,0,
29_06_2026_12_45,26990.20,27027.80,26990.20,27016.20,0,
29_06_2026_12_50,27017.30,27019.70,26996.00,27004.60,0,
29_06_2026_12_55,27006.20,27032.70,27002.70,27030.30,0,
29_06_2026_13_00,27029.70,27060.60,27018.70,27050.90,0,
29_06_2026_13_05,27054.40,27054.60,27021.40,27024.70,0,
29_06_2026_13_10,27025.20,27026.80,26994.70,27000.20,0,
29_06_2026_13_15,27003.10,27011.90,26969.80,26975.70,0,
29_06_2026_13_20,26978.00,26991.90,26974.60,26986.40,0,
29_06_2026_13_25,26987.20,27024.70,26983.70,27019.30,0,
29_06_2026_13_30,27020.40,27048.60,26997.40,26997.80,0,
29_06_2026_13_35,26997.90,27009.20,26977.20,26986.00,0,
29_06_2026_13_40,26985.60,26991.40,26968.60,26972.70,0,
29_06_2026_13_45,26975.90,27013.10,26966.80,27007.60,0,
29_06_2026_13_50,27011.50,27018.40,26978.90,26983.00,0,
29_06_2026_13_55,26983.30,27016.30,26981.10,26998.90,0,
29_06_2026_14_00,27000.10,27015.10,26991.60,27002.90,0,
29_06_2026_14_05,26998.90,27017.30,26991.40,27002.30,0,
29_06_2026_14_10,27001.90,27041.70,26994.90,27036.30,0,
29_06_2026_14_15,27039.10,27057.80,27020.30,27036.40,0,
29_06_2026_14_20,27039.40,27041.30,27022.80,27025.90,0,
29_06_2026_14_25,27024.20,27060.40,27015.70,27049.10,0,
29_06_2026_14_30,27051.10,27053.30,27006.80,27043.70,0,
29_06_2026_14_35,27044.30,27049.40,27027.30,27032.70,0,
29_06_2026_14_40,27033.70,27054.10,27025.80,27048.90,0,
29_06_2026_14_45,27051.90,27054.60,27042.50,27046.50,0,
29_06_2026_14_50,27043.20,27046.70,27021.20,27022.80,0,
29_06_2026_14_55,27024.20,27039.80,27012.50,27025.10,0,
29_06_2026_15_00,27021.90,27144.60,27021.90,27056.50,0,
29_06_2026_15_05,27055.40,27088.60,27037.40,27050.90,0,
29_06_2026_15_10,27050.70,27054.00,27019.10,27044.70,0,
29_06_2026_15_15,27041.80,27045.40,26997.60,27020.50,0,
29_06_2026_15_20,27021.30,27024.40,26973.70,26984.70,0,
29_06_2026_15_25,26977.20,27045.00,26965.30,27035.30,0,
30_06_2026_09_15,26984.20,27032.20,26836.20,26840.30,0,
30_06_2026_09_20,26839.90,26857.60,26737.70,26741.80,0,
30_06_2026_09_25,26741.20,26747.90,26680.60,26709.90,0,
30_06_2026_09_30,26708.40,26708.70,26521.90,26534.60,0,
30_06_2026_09_35,26527.40,26547.80,26477.80,26522.20,0,
30_06_2026_09_40,26520.70,26536.00,26466.00,26472.30,0,
30_06_2026_09_45,26472.10,26482.90,26425.80,26463.20,0,
30_06_2026_09_50,26466.80,26554.90,26464.30,26531.90,0,
30_06_2026_09_55,26531.70,26573.70,26530.30,26564.30,0,
30_06_2026_10_00,26565.30,26612.20,26560.90,26608.20,0,
30_06_2026_10_05,26609.40,26617.10,26548.60,26573.80,0,
30_06_2026_10_10,26572.20,26576.20,26541.10,26550.70,0,
30_06_2026_10_15,26550.20,26577.20,26536.80,26564.40,0,
30_06_2026_10_20,26563.60,26597.40,26545.80,26596.30,0,
30_06_2026_10_25,26595.80,26651.00,26582.90,26585.80,0,
30_06_2026_10_30,26585.80,26597.40,26550.00,26576.80,0,
30_06_2026_10_35,26575.90,26579.90,26557.90,26560.40,0,
30_06_2026_10_40,26561.10,26562.10,26543.80,26559.10,0,
30_06_2026_10_45,26559.50,26563.30,26528.90,26534.60,0,
30_06_2026_10_50,26536.00,26559.40,26532.90,26549.90,0,
30_06_2026_10_55,26552.30,26553.60,26531.10,26531.10,0,
30_06_2026_11_00,26531.30,26547.50,26510.20,26515.10,0,
30_06_2026_11_05,26513.70,26534.30,26504.70,26530.50,0,
30_06_2026_11_10,26530.80,26594.70,26528.20,26579.60,0,
30_06_2026_11_15,26582.30,26590.20,26548.00,26575.60,0,
30_06_2026_11_20,26578.10,26654.40,26575.50,26646.70,0,
30_06_2026_11_25,26646.70,26647.20,26587.50,26593.80,0,
30_06_2026_11_30,26590.90,26598.20,26518.30,26531.20,0,
30_06_2026_11_35,26529.90,26534.60,26501.70,26518.10,0,
30_06_2026_11_40,26519.30,26543.50,26518.30,26529.50,0,
30_06_2026_11_45,26530.80,26536.00,26499.10,26520.20,0,
30_06_2026_11_50,26518.80,26525.40,26503.20,26515.90,0,
30_06_2026_11_55,26516.60,26531.90,26508.20,26517.80,0,
30_06_2026_12_00,26517.70,26520.80,26493.90,26498.60,0,
30_06_2026_12_05,26498.30,26503.90,26466.80,26469.30,0,
30_06_2026_12_10,26469.10,26469.10,26433.10,26435.40,0,
30_06_2026_12_15,26434.70,26449.40,26433.20,26441.50,0,
30_06_2026_12_20,26442.90,26466.40,26435.30,26463.60,0,
30_06_2026_12_25,26463.10,26469.10,26451.40,26465.70,0,
30_06_2026_12_30,26465.90,26474.60,26453.80,26473.60,0,
30_06_2026_12_35,26475.00,26500.20,26466.00,26488.70,0,
30_06_2026_12_40,26490.80,26515.20,26486.90,26512.80,0,
30_06_2026_12_45,26512.20,26531.20,26499.20,26499.70,0,
30_06_2026_12_50,26499.70,26501.90,26469.30,26487.10,0,
30_06_2026_12_55,26489.60,26500.60,26471.60,26485.50,0,
30_06_2026_13_00,26486.10,26491.20,26462.10,26474.70,0,
30_06_2026_13_05,26474.90,26479.20,26448.20,26457.70,0,
30_06_2026_13_10,26457.30,26465.40,26440.40,26448.70,0,
30_06_2026_13_15,26448.50,26474.50,26446.70,26457.20,0,
30_06_2026_13_20,26455.40,26460.80,26444.80,26449.30,0,
30_06_2026_13_25,26450.90,26470.50,26447.20,26465.40,0,
30_06_2026_13_30,26466.10,26472.40,26439.10,26446.70,0,
30_06_2026_13_35,26447.50,26456.70,26431.80,26436.60,0,
30_06_2026_13_40,26436.60,26462.40,26434.50,26451.60,0,
30_06_2026_13_45,26450.00,26469.20,26443.30,26462.00,0,
30_06_2026_13_50,26461.40,26488.70,26459.00,26466.30,0,
30_06_2026_13_55,26466.70,26470.10,26446.80,26459.10,0,
30_06_2026_14_00,26459.20,26465.20,26407.60,26415.00,0,
30_06_2026_14_05,26413.60,26424.30,26398.40,26416.80,0,
30_06_2026_14_10,26417.80,26417.80,26361.80,26369.30,0,
30_06_2026_14_15,26369.60,26377.90,26322.00,26338.30,0,
30_06_2026_14_20,26341.40,26406.20,26325.40,26406.20,0,
30_06_2026_14_25,26412.10,26439.70,26374.10,26375.10,0,
30_06_2026_14_30,26375.20,26377.40,26344.80,26368.10,0,
30_06_2026_14_35,26370.70,26395.60,26370.60,26381.80,0,
30_06_2026_14_40,26380.30,26398.80,26367.50,26388.20,0,
30_06_2026_14_45,26388.80,26391.20,26357.80,26380.80,0,
30_06_2026_14_50,26379.20,26385.00,26366.40,26373.40,0,
30_06_2026_14_55,26373.30,26377.60,26301.90,26322.70,0,
30_06_2026_15_00,26324.80,26325.20,26208.50,26219.90,0,
30_06_2026_15_05,26220.70,26312.10,26218.60,26300.80,0,
30_06_2026_15_10,26301.70,26359.20,26297.60,26318.10,0,
30_06_2026_15_15,26319.00,26332.60,26306.60,26321.20,0,
30_06_2026_15_20,26320.30,26322.70,26293.40,26316.60,0,
30_06_2026_15_25,26317.60,26360.50,26291.90,26355.20,0,
01_07_2026_09_15,26378.20,26505.80,26317.30,26477.80,0,
01_07_2026_09_20,26475.20,26481.30,26420.20,26444.30,0,
01_07_2026_09_25,26441.70,26476.20,26418.80,26439.20,0,
01_07_2026_09_30,26434.10,26440.70,26340.60,26353.40,0,
01_07_2026_09_35,26356.70,26363.60,26276.80,26303.90,0,
01_07_2026_09_40,26306.00,26313.10,26247.00,26277.10,0,
01_07_2026_09_45,26277.20,26383.20,26277.20,26357.30,0,
01_07_2026_09_50,26359.60,26362.30,26285.70,26296.60,0,
01_07_2026_09_55,26297.20,26300.40,26248.40,26248.40,0,
01_07_2026_10_00,26250.90,26268.10,26217.60,26240.10,0,
01_07_2026_10_05,26238.60,26243.60,26220.90,26240.50,0,
01_07_2026_10_10,26240.30,26244.90,26211.30,26239.30,0,
01_07_2026_10_15,26238.80,26258.90,26217.20,26236.80,0,
01_07_2026_10_20,26236.80,26240.90,26172.90,26214.60,0,
01_07_2026_10_25,26217.30,26226.70,26162.20,26175.60,0,
01_07_2026_10_30,26175.60,26213.40,26172.90,26201.80,0,
01_07_2026_10_35,26203.40,26213.60,26194.30,26199.90,0,
01_07_2026_10_40,26201.20,26207.30,26174.40,26179.90,0,
01_07_2026_10_45,26180.90,26209.20,26179.40,26202.80,0,
01_07_2026_10_50,26205.90,26221.10,26190.50,26200.70,0,
01_07_2026_10_55,26200.60,26209.40,26186.80,26194.70,0,
01_07_2026_11_00,26193.90,26206.70,26188.80,26195.10,0,
01_07_2026_11_05,26195.70,26199.20,26171.50,26190.10,0,
01_07_2026_11_10,26191.20,26197.90,26176.10,26187.80,0,
01_07_2026_11_15,26187.80,26194.60,26160.10,26163.80,0,
01_07_2026_11_20,26163.40,26172.40,26139.30,26165.70,0,
01_07_2026_11_25,26165.70,26167.00,26143.80,26144.80,0,
01_07_2026_11_30,26143.60,26152.80,26107.60,26114.10,0,
01_07_2026_11_35,26112.20,26143.50,26098.00,26133.10,0,
01_07_2026_11_40,26133.80,26143.30,26128.00,26136.20,0,
01_07_2026_11_45,26137.90,26167.40,26133.00,26141.90,0,
01_07_2026_11_50,26142.00,26147.90,26115.20,26136.80,0,
01_07_2026_11_55,26136.90,26160.20,26131.00,26158.50,0,
01_07_2026_12_00,26157.80,26175.70,26143.80,26161.20,0,
01_07_2026_12_05,26161.80,26178.20,26157.60,26165.80,0,
01_07_2026_12_10,26165.60,26174.10,26091.10,26104.80,0,
01_07_2026_12_15,26105.50,26105.50,26078.40,26086.20,0,
01_07_2026_12_20,26083.70,26090.40,26067.30,26087.00,0,
01_07_2026_12_25,26085.80,26089.80,26001.80,26008.90,0,
01_07_2026_12_30,26009.20,26073.20,26007.80,26057.80,0,
01_07_2026_12_35,26058.10,26079.00,26056.60,26074.80,0,
01_07_2026_12_40,26077.10,26090.00,26063.90,26074.90,0,
01_07_2026_12_45,26074.70,26075.40,26047.90,26053.20,0,
01_07_2026_12_50,26053.20,26068.70,26025.70,26028.80,0,
01_07_2026_12_55,26028.60,26037.90,26013.60,26021.30,0,
01_07_2026_13_00,26020.10,26034.40,26006.70,26008.40,0,
01_07_2026_13_05,26009.20,26031.60,26005.40,26005.40,0,
01_07_2026_13_10,26006.60,26025.20,25992.70,26011.10,0,
01_07_2026_13_15,26011.60,26019.60,25975.20,25980.10,0,
01_07_2026_13_20,25977.90,25978.20,25921.60,25925.50,0,
01_07_2026_13_25,25925.20,25934.80,25910.80,25911.60,0,
01_07_2026_13_30,25914.30,25926.60,25891.80,25903.60,0,
01_07_2026_13_35,25904.40,25923.90,25894.80,25911.90,0,
01_07_2026_13_40,25910.40,25918.80,25890.10,25906.50,0,
01_07_2026_13_45,25906.40,25915.40,25894.40,25902.60,0,
01_07_2026_13_50,25902.00,25912.60,25892.10,25910.60,0,
01_07_2026_13_55,25910.20,25916.20,25889.30,25893.90,0,
01_07_2026_14_00,25891.60,25902.10,25881.40,25890.10,0,
01_07_2026_14_05,25888.90,25890.80,25860.10,25886.90,0,
01_07_2026_14_10,25885.70,25888.30,25871.90,25872.20,0,
01_07_2026_14_15,25873.60,25902.20,25870.30,25879.90,0,
01_07_2026_14_20,25879.30,25888.10,25859.20,25869.80,0,
01_07_2026_14_25,25869.20,25870.60,25835.20,25837.80,0,
01_07_2026_14_30,25832.90,25843.20,25817.30,25821.60,0,
01_07_2026_14_35,25819.40,25829.40,25784.30,25801.00,0,
01_07_2026_14_40,25802.10,25900.10,25790.70,25881.20,0,
01_07_2026_14_45,25878.90,25899.90,25861.10,25895.50,0,
01_07_2026_14_50,25895.70,25897.10,25823.40,25843.20,0,
01_07_2026_14_55,25843.30,25851.60,25815.00,25843.80,0,
01_07_2026_15_00,25857.60,25874.20,25802.40,25820.20,0,
01_07_2026_15_05,25821.80,25828.50,25770.20,25783.40,0,
01_07_2026_15_10,25785.40,25793.60,25769.80,25779.40,0,
01_07_2026_15_15,25780.20,25790.80,25754.20,25757.70,0,
01_07_2026_15_20,25759.80,25763.40,25710.40,25729.40,0,
01_07_2026_15_25,25729.20,25768.90,25699.10,25763.70,0,
02_07_2026_09_15,26169.70,26560.50,26132.00,26546.80,0,
02_07_2026_09_20,26549.30,26671.80,26549.30,26670.10,0,
02_07_2026_09_25,26664.60,26709.70,26551.70,26637.20,0,
02_07_2026_09_30,26639.30,26710.60,26616.20,26626.80,0,
02_07_2026_09_35,26628.80,26732.30,26628.80,26716.90,0,
02_07_2026_09_40,26713.20,26791.60,26699.30,26773.70,0,
02_07_2026_09_45,26769.60,26794.40,26700.60,26705.00,0,
02_07_2026_09_50,26704.20,26733.60,26658.00,26722.60,0,
02_07_2026_09_55,26719.70,26825.10,26719.70,26803.60,0,
02_07_2026_10_00,26801.80,26805.40,26715.30,26761.80,0,
02_07_2026_10_05,26759.60,26771.20,26703.10,26729.80,0,
02_07_2026_10_10,26731.90,26743.00,26698.00,26715.20,0,
02_07_2026_10_15,26709.80,26783.60,26705.70,26781.20,0,
02_07_2026_10_20,26781.70,26831.30,26778.40,26826.90,0,
02_07_2026_10_25,26825.40,26834.80,26773.70,26775.30,0,
02_07_2026_10_30,26772.70,26789.90,26731.30,26731.80,0,
02_07_2026_10_35,26729.70,26755.20,26698.90,26736.50,0,
02_07_2026_10_40,26736.90,26767.10,26729.90,26733.10,0,
02_07_2026_10_45,26730.90,26760.80,26704.70,26745.10,0,
02_07_2026_10_50,26741.80,26810.80,26733.70,26763.80,0,
02_07_2026_10_55,26766.70,26800.10,26759.30,26767.60,0,
02_07_2026_11_00,26764.70,26772.20,26731.70,26741.80,0,
02_07_2026_11_05,26742.80,26766.10,26730.70,26766.10,0,
02_07_2026_11_10,26765.20,26806.80,26764.60,26804.20,0,
02_07_2026_11_15,26803.10,26853.30,26797.30,26842.60,0,
02_07_2026_11_20,26841.30,26892.30,26840.20,26853.20,0,
02_07_2026_11_25,26853.40,26868.80,26837.70,26839.20,0,
02_07_2026_11_30,26838.20,26853.40,26834.00,26841.20,0,
02_07_2026_11_35,26839.40,26854.90,26828.50,26852.20,0,
02_07_2026_11_40,26849.20,26849.20,26805.20,26821.40,0,
02_07_2026_11_45,26820.60,26851.20,26819.20,26845.20,0,
02_07_2026_11_50,26843.60,26886.10,26843.60,26874.40,0,
02_07_2026_11_55,26876.00,26908.70,26868.30,26893.80,0,
02_07_2026_12_00,26892.60,26914.20,26878.20,26892.70,0,
02_07_2026_12_05,26893.10,26946.30,26892.30,26922.50,0,
02_07_2026_12_10,26923.30,26935.10,26911.90,26933.60,0,
02_07_2026_12_15,26931.40,26936.60,26897.80,26916.30,0,
02_07_2026_12_20,26916.10,26922.80,26903.70,26920.80,0,
02_07_2026_12_25,26920.80,26932.40,26914.40,26928.10,0,
02_07_2026_12_30,26927.80,26932.10,26892.20,26902.00,0,
02_07_2026_12_35,26902.00,26923.70,26896.80,26916.20,0,
02_07_2026_12_40,26916.20,26921.60,26890.60,26891.60,0,
02_07_2026_12_45,26892.30,26947.90,26886.20,26927.00,0,
02_07_2026_12_50,26927.10,26931.60,26911.70,26925.80,0,
02_07_2026_12_55,26926.10,26928.40,26877.40,26889.00,0,
02_07_2026_13_00,26888.80,26917.80,26881.10,26909.80,0,
02_07_2026_13_05,26908.40,26931.60,26906.30,26916.20,0,
02_07_2026_13_10,26915.90,26915.90,26896.20,26905.10,0,
02_07_2026_13_15,26901.00,26904.20,26887.30,26897.70,0,
02_07_2026_13_20,26896.10,26900.20,26870.80,26878.30,0,
02_07_2026_13_25,26877.20,26926.60,26875.10,26925.10,0,
02_07_2026_13_30,26924.10,26928.80,26915.10,26924.10,0,
02_07_2026_13_35,26925.30,26929.20,26906.20,26921.60,0,
02_07_2026_13_40,26921.80,26941.10,26915.60,26928.50,0,
02_07_2026_13_45,26930.00,26958.90,26924.70,26948.60,0,
02_07_2026_13_50,26947.60,26967.60,26930.40,26936.50,0,
02_07_2026_13_55,26935.90,26939.60,26914.90,26916.80,0,
02_07_2026_14_00,26916.30,26927.10,26912.40,26913.20,0,
02_07_2026_14_05,26913.70,26926.00,26882.50,26894.40,0,
02_07_2026_14_10,26892.70,26934.20,26891.40,26923.30,0,
02_07_2026_14_15,26921.20,26927.80,26903.40,26907.80,0,
02_07_2026_14_20,26911.60,26940.80,26908.20,26927.10,0,
02_07_2026_14_25,26927.30,26927.30,26900.00,26913.60,0,
02_07_2026_14_30,26914.40,26926.10,26905.20,26918.80,0,
02_07_2026_14_35,26918.90,26965.90,26911.30,26962.20,0,
02_07_2026_14_40,26958.80,26995.40,26955.80,26986.00,0,
02_07_2026_14_45,26985.10,27004.60,26979.60,26991.60,0,
02_07_2026_14_50,26991.10,27005.90,26963.10,26966.00,0,
02_07_2026_14_55,26966.70,26969.70,26925.20,26935.90,0,
02_07_2026_15_00,26943.90,26947.70,26922.70,26922.80,0,
02_07_2026_15_05,26926.30,26953.50,26917.60,26941.00,0,
02_07_2026_15_10,26942.70,26971.10,26930.60,26958.40,0,
02_07_2026_15_15,26958.20,26976.10,26950.60,26956.90,0,
02_07_2026_15_20,26954.80,27018.20,26950.20,27015.80,0,
02_07_2026_15_25,27017.10,27030.90,26985.80,26994.70,0,
03_07_2026_09_15,27456.20,27718.40,27436.10,27496.60,0,
03_07_2026_09_20,27495.40,27568.10,27466.20,27482.30,0,
03_07_2026_09_25,27484.00,27525.80,27461.20,27521.20,0,
03_07_2026_09_30,27523.30,27546.00,27452.30,27457.80,0,
03_07_2026_09_35,27465.10,27491.40,27395.30,27448.40,0,
03_07_2026_09_40,27449.10,27457.90,27297.70,27302.20,0,
03_07_2026_09_45,27300.30,27369.90,27286.60,27320.40,0,
03_07_2026_09_50,27322.30,27387.20,27322.10,27346.20,0,
03_07_2026_09_55,27350.20,27457.90,27332.80,27419.20,0,
03_07_2026_10_00,27419.80,27437.30,27375.20,27395.40,0,
03_07_2026_10_05,27393.10,27511.60,27386.20,27440.10,0,
03_07_2026_10_10,27438.60,27464.50,27404.20,27454.70,0,
03_07_2026_10_15,27454.90,27460.60,27409.90,27417.70,0,
03_07_2026_10_20,27420.20,27428.80,27393.80,27398.60,0,
03_07_2026_10_25,27401.90,27417.60,27383.40,27413.10,0,
03_07_2026_10_30,27414.80,27472.20,27401.20,27468.80,0,
03_07_2026_10_35,27471.80,27519.10,27469.10,27514.90,0,
03_07_2026_10_40,27516.70,27525.20,27466.80,27473.60,0,
03_07_2026_10_45,27477.40,27520.10,27467.50,27518.60,0,
03_07_2026_10_50,27521.30,27562.40,27508.40,27557.10,0,
03_07_2026_10_55,27556.20,27584.00,27535.00,27567.80,0,
03_07_2026_11_00,27572.60,27700.20,27557.90,27692.10,0,
03_07_2026_11_05,27698.00,27700.90,27662.00,27665.00,0,
03_07_2026_11_10,27667.60,27672.30,27631.90,27635.20,0,
03_07_2026_11_15,27636.10,27656.30,27600.40,27656.30,0,
03_07_2026_11_20,27658.90,27661.70,27614.80,27614.90,0,
03_07_2026_11_25,27617.20,27647.90,27595.90,27644.30,0,
03_07_2026_11_30,27647.40,27656.60,27608.20,27637.80,0,
03_07_2026_11_35,27640.30,27676.20,27626.90,27676.20,0,
03_07_2026_11_40,27683.10,27696.40,27663.80,27681.90,0,
03_07_2026_11_45,27682.20,27683.20,27647.00,27659.20,0,
03_07_2026_11_50,27659.80,27685.10,27643.20,27665.40,0,
03_07_2026_11_55,27666.90,27666.90,27555.70,27569.40,0,
03_07_2026_12_00,27568.90,27574.80,27545.80,27565.40,0,
03_07_2026_12_05,27565.80,27614.80,27557.70,27614.80,0,
03_07_2026_12_10,27614.70,27638.90,27613.50,27631.70,0,
03_07_2026_12_15,27633.20,27683.70,27629.60,27675.40,0,
03_07_2026_12_20,27687.50,27750.00,27682.30,27747.20,0,
03_07_2026_12_25,27749.50,27759.60,27706.80,27720.10,0,
03_07_2026_12_30,27721.90,27740.20,27686.90,27693.30,0,
03_07_2026_12_35,27693.90,27695.10,27634.90,27636.20,0,
03_07_2026_12_40,27640.20,27652.20,27609.20,27633.80,0,
03_07_2026_12_45,27634.20,27646.40,27614.40,27646.00,0,
03_07_2026_12_50,27644.80,27652.70,27613.80,27626.20,0,
03_07_2026_12_55,27628.50,27649.40,27615.80,27618.40,0,
03_07_2026_13_00,27618.40,27625.10,27593.80,27614.30,0,
03_07_2026_13_05,27614.60,27614.60,27581.30,27594.20,0,
03_07_2026_13_10,27596.60,27606.90,27555.10,27592.20,0,
03_07_2026_13_15,27594.20,27606.20,27579.10,27603.70,0,
03_07_2026_13_20,27602.80,27605.30,27505.80,27511.10,0,
03_07_2026_13_25,27511.40,27511.90,27476.20,27485.00,0,
03_07_2026_13_30,27486.90,27492.60,27470.60,27475.50,0,
03_07_2026_13_35,27473.50,27485.20,27438.10,27480.90,0,
03_07_2026_13_40,27481.20,27488.80,27465.30,27471.50,0,
03_07_2026_13_45,27470.40,27473.20,27443.10,27465.20,0,
03_07_2026_13_50,27464.80,27473.40,27451.60,27455.80,0,
03_07_2026_13_55,27459.10,27460.90,27420.10,27441.00,0,
03_07_2026_14_00,27441.40,27462.10,27423.10,27449.60,0,
03_07_2026_14_05,27448.80,27468.60,27448.80,27465.20,0,
03_07_2026_14_10,27464.40,27464.40,27448.40,27454.20,0,
03_07_2026_14_15,27457.70,27478.40,27438.60,27466.90,0,
03_07_2026_14_20,27466.30,27480.80,27453.60,27467.10,0,
03_07_2026_14_25,27468.60,27477.70,27452.80,27459.90,0,
03_07_2026_14_30,27462.80,27479.20,27442.80,27443.70,0,
03_07_2026_14_35,27444.50,27475.30,27440.80,27440.80,0,
03_07_2026_14_40,27439.80,27444.80,27425.90,27429.50,0,
03_07_2026_14_45,27430.60,27457.20,27414.90,27454.70,0,
03_07_2026_14_50,27457.00,27464.30,27434.40,27459.60,0,
03_07_2026_14_55,27460.00,27460.00,27439.40,27447.10,0,
03_07_2026_15_00,27446.20,27493.30,27443.80,27460.30,0,
03_07_2026_15_05,27461.10,27474.90,27442.70,27447.10,0,
03_07_2026_15_10,27450.00,27463.20,27436.80,27438.10,0,
03_07_2026_15_15,27438.90,27447.60,27421.70,27427.90,0,
03_07_2026_15_20,27427.80,27434.40,27400.00,27422.10,0,
03_07_2026_15_25,27429.40,27447.50,27410.80,27416.50,0,
06_07_2026_09_15,27490.20,27502.60,27304.80,27322.80,0,
06_07_2026_09_20,27322.30,27391.80,27289.10,27391.80,0,
06_07_2026_09_25,27395.30,27477.40,27378.00,27447.60,0,
06_07_2026_09_30,27450.20,27454.10,27380.20,27400.30,0,
06_07_2026_09_35,27399.60,27429.60,27373.10,27411.60,0,
06_07_2026_09_40,27410.70,27494.10,27405.20,27431.60,0,
06_07_2026_09_45,27430.10,27435.30,27333.20,27343.20,0,
06_07_2026_09_50,27344.90,27366.90,27293.50,27299.60,0,
06_07_2026_09_55,27301.40,27301.40,27224.50,27254.80,0,
06_07_2026_10_00,27255.90,27255.90,27185.20,27185.30,0,
06_07_2026_10_05,27186.20,27213.90,27160.00,27169.30,0,
06_07_2026_10_10,27168.50,27198.90,27148.80,27154.30,0,
06_07_2026_10_15,27153.70,27248.90,27150.50,27242.30,0,
06_07_2026_10_20,27242.90,27281.10,27239.40,27270.90,0,
06_07_2026_10_25,27270.90,27302.40,27256.20,27296.60,0,
06_07_2026_10_30,27294.20,27323.10,27285.70,27289.70,0,
06_07_2026_10_35,27290.50,27296.80,27226.60,27233.80,0,
06_07_2026_10_40,27237.10,27244.20,27206.10,27211.90,0,
06_07_2026_10_45,27212.40,27241.20,27202.80,27239.20,0,
06_07_2026_10_50,27238.40,27279.50,27229.90,27235.50,0,
06_07_2026_10_55,27237.90,27262.60,27230.70,27250.60,0,
06_07_2026_11_00,27250.60,27260.80,27216.40,27235.40,0,
06_07_2026_11_05,27234.50,27236.40,27169.60,27172.80,0,
06_07_2026_11_10,27173.90,27202.30,27151.30,27195.80,0,
06_07_2026_11_15,27195.80,27207.50,27177.00,27206.90,0,
06_07_2026_11_20,27210.00,27214.40,27195.40,27204.20,0,
06_07_2026_11_25,27210.30,27210.30,27174.50,27198.70,0,
06_07_2026_11_30,27199.70,27200.40,27177.80,27190.10,0,
06_07_2026_11_35,27188.40,27241.60,27180.80,27241.60,0,
06_07_2026_11_40,27240.20,27242.60,27205.80,27213.30,0,
06_07_2026_11_45,27213.00,27245.60,27213.00,27237.60,0,
06_07_2026_11_50,27236.00,27249.30,27226.30,27233.60,0,
06_07_2026_11_55,27231.40,27235.70,27213.70,27217.60,0,
06_07_2026_12_00,27218.30,27238.10,27208.70,27208.70,0,
06_07_2026_12_05,27209.70,27214.70,27167.70,27168.70,0,
06_07_2026_12_10,27171.10,27171.10,27135.70,27168.70,0,
06_07_2026_12_15,27169.10,27207.80,27163.40,27199.30,0,
06_07_2026_12_20,27200.40,27207.80,27192.30,27205.60,0,
06_07_2026_12_25,27205.60,27208.20,27179.70,27189.30,0,
06_07_2026_12_30,27185.90,27218.90,27184.80,27200.80,0,
06_07_2026_12_35,27200.80,27209.10,27188.80,27198.10,0,
06_07_2026_12_40,27196.30,27220.10,27195.20,27215.20,0,
06_07_2026_12_45,27216.80,27234.00,27196.30,27204.10,0,
06_07_2026_12_50,27204.30,27229.20,27193.10,27199.10,0,
06_07_2026_12_55,27200.40,27207.30,27192.40,27204.20,0,
06_07_2026_13_00,27205.40,27216.60,27199.90,27215.20,0,
06_07_2026_13_05,27214.80,27219.20,27201.70,27219.20,0,
06_07_2026_13_10,27218.40,27231.70,27198.20,27202.30,0,
06_07_2026_13_15,27202.70,27218.70,27180.10,27180.10,0,
06_07_2026_13_20,27179.90,27207.90,27178.00,27205.30,0,
06_07_2026_13_25,27205.40,27220.10,27182.10,27220.10,0,
06_07_2026_13_30,27220.10,27239.10,27212.20,27222.60,0,
06_07_2026_13_35,27223.80,27271.90,27221.80,27245.20,0,
06_07_2026_13_40,27244.90,27257.30,27238.80,27240.20,0,
06_07_2026_13_45,27240.20,27240.80,27204.20,27209.60,0,
06_07_2026_13_50,27207.50,27211.40,27162.00,27175.80,0,
06_07_2026_13_55,27177.20,27177.70,27157.60,27170.30,0,
06_07_2026_14_00,27171.60,27175.20,27139.80,27155.70,0,
06_07_2026_14_05,27155.40,27167.90,27147.80,27160.20,0,
06_07_2026_14_10,27159.60,27168.60,27144.20,27147.90,0,
06_07_2026_14_15,27148.80,27165.90,27144.40,27155.70,0,
06_07_2026_14_20,27155.90,27170.20,27144.60,27163.80,0,
06_07_2026_14_25,27162.80,27183.20,27152.30,27158.20,0,
06_07_2026_14_30,27158.20,27160.60,27129.70,27145.60,0,
06_07_2026_14_35,27146.10,27159.60,27140.40,27143.00,0,
06_07_2026_14_40,27141.90,27148.70,27132.20,27133.80,0,
06_07_2026_14_45,27137.90,27143.80,27127.40,27137.20,0,
06_07_2026_14_50,27137.20,27219.70,27134.50,27212.20,0,
06_07_2026_14_55,27212.70,27227.00,27196.80,27221.20,0,
06_07_2026_15_00,27221.10,27256.60,27221.10,27252.80,0,
06_07_2026_15_05,27253.20,27297.30,27252.30,27280.80,0,
06_07_2026_15_10,27282.10,27289.90,27268.90,27280.90,0,
06_07_2026_15_15,27280.40,27295.30,27251.10,27286.80,0,
06_07_2026_15_20,27289.80,27310.80,27283.40,27307.90,0,
06_07_2026_15_25,27306.20,27320.80,27293.50,27310.30,0,
07_07_2026_09_15,27287.60,27635.90,27287.60,27623.00,0,
07_07_2026_09_20,27625.20,27769.70,27602.90,27609.10,0,
07_07_2026_09_25,27607.70,27616.70,27514.80,27600.00,0,
07_07_2026_09_30,27602.10,27607.30,27538.40,27574.40,0,
07_07_2026_09_35,27575.20,27676.80,27567.80,27655.50,0,
07_07_2026_09_40,27656.40,27743.80,27628.80,27720.30,0,
07_07_2026_09_45,27716.30,27813.90,27706.80,27751.10,0,
07_07_2026_09_50,27752.90,27788.70,27720.80,27729.50,0,
07_07_2026_09_55,27730.80,27765.20,27673.10,27762.80,0,
07_07_2026_10_00,27761.80,27833.10,27760.80,27800.10,0,
07_07_2026_10_05,27798.50,27870.60,27757.80,27848.40,0,
07_07_2026_10_10,27846.90,27916.10,27844.80,27882.90,0,
07_07_2026_10_15,27882.60,27903.60,27858.70,27874.70,0,
07_07_2026_10_20,27873.30,28036.30,27873.30,27971.30,0,
07_07_2026_10_25,27976.90,28029.70,27935.50,27938.20,0,
07_07_2026_10_30,27935.80,27944.60,27848.80,27861.60,0,
07_07_2026_10_35,27866.30,27872.00,27801.60,27805.90,0,
07_07_2026_10_40,27808.30,27869.50,27797.50,27804.10,0,
07_07_2026_10_45,27805.00,27845.80,27791.60,27825.80,0,
07_07_2026_10_50,27826.30,27833.10,27815.30,27828.60,0,
07_07_2026_10_55,27823.40,27848.40,27820.30,27843.60,0,
07_07_2026_11_00,27844.90,27948.80,27844.90,27929.60,0,
07_07_2026_11_05,27929.80,27972.30,27921.60,27949.10,0,
07_07_2026_11_10,27950.70,28029.40,27942.80,28023.90,0,
07_07_2026_11_15,28024.30,28061.90,28000.40,28010.70,0,
07_07_2026_11_20,28009.40,28030.40,27986.10,28018.60,0,
07_07_2026_11_25,28018.90,28064.10,28005.90,28039.50,0,
07_07_2026_11_30,28039.20,28050.70,28020.20,28029.00,0,
07_07_2026_11_35,28025.70,28058.20,28005.10,28038.00,0,
07_07_2026_11_40,28041.00,28124.70,28026.20,28118.30,0,
07_07_2026_11_45,28118.30,28156.20,28093.50,28096.80,0,
07_07_2026_11_50,28097.00,28117.80,28091.40,28116.60,0,
07_07_2026_11_55,28117.40,28140.70,28098.20,28116.30,0,
07_07_2026_12_00,28116.00,28134.50,28104.90,28123.80,0,
07_07_2026_12_05,28127.30,28131.10,28098.20,28111.30,0,
07_07_2026_12_10,28111.80,28123.20,28061.70,28070.60,0,
07_07_2026_12_15,28071.00,28100.90,28063.60,28091.20,0,
07_07_2026_12_20,28089.20,28097.80,28057.70,28085.70,0,
07_07_2026_12_25,28084.00,28094.60,28016.80,28021.80,0,
07_07_2026_12_30,28023.60,28033.80,27962.80,27990.60,0,
07_07_2026_12_35,27990.70,28000.50,27961.70,27981.90,0,
07_07_2026_12_40,27981.80,27998.60,27969.20,27997.20,0,
07_07_2026_12_45,27998.70,28001.50,27975.80,27976.30,0,
07_07_2026_12_50,27974.50,28000.80,27969.10,27999.70,0,
07_07_2026_12_55,27997.80,28008.90,27974.00,27987.80,0,
07_07_2026_13_00,27987.20,27996.90,27974.70,27984.80,0,
07_07_2026_13_05,27985.70,28010.60,27983.30,28000.30,0,
07_07_2026_13_10,28001.70,28018.90,27969.80,27983.40,0,
07_07_2026_13_15,27983.40,27990.90,27954.90,27968.70,0,
07_07_2026_13_20,27968.90,27981.80,27957.20,27969.60,0,
07_07_2026_13_25,27968.70,27987.80,27960.90,27979.20,0,
07_07_2026_13_30,27980.20,27981.30,27955.50,27959.30,0,
07_07_2026_13_35,27958.70,27983.20,27958.70,27966.70,0,
07_07_2026_13_40,27965.10,27991.00,27964.50,27982.50,0,
07_07_2026_13_45,27981.40,28008.80,27980.70,27994.70,0,
07_07_2026_13_50,27992.10,28044.90,27981.20,28026.90,0,
07_07_2026_13_55,28028.30,28075.10,28028.30,28048.00,0,
07_07_2026_14_00,28047.60,28050.00,28011.60,28028.70,0,
07_07_2026_14_05,28028.10,28073.40,28019.50,28069.80,0,
07_07_2026_14_10,28070.10,28089.10,28058.00,28068.00,0,
07_07_2026_14_15,28071.80,28082.70,28042.70,28058.10,0,
07_07_2026_14_20,28059.80,28063.20,28023.20,28026.30,0,
07_07_2026_14_25,28025.80,28031.80,28006.50,28015.60,0,
07_07_2026_14_30,28015.60,28036.20,28012.40,28023.60,0,
07_07_2026_14_35,28022.00,28024.40,27996.40,28000.20,0,
07_07_2026_14_40,28000.20,28007.70,27983.70,27995.80,0,
07_07_2026_14_45,27994.80,28014.20,27988.20,28010.80,0,
07_07_2026_14_50,28008.90,28011.80,27984.00,27991.80,0,
07_07_2026_14_55,27990.80,28000.30,27971.90,27980.80,0,
07_07_2026_15_00,27980.30,27987.20,27931.50,27946.50,0,
07_07_2026_15_05,27947.10,27948.60,27914.30,27927.40,0,
07_07_2026_15_10,27928.70,27949.40,27917.20,27941.40,0,
07_07_2026_15_15,27942.70,27951.90,27929.30,27949.60,0,
07_07_2026_15_20,27947.90,27950.70,27910.60,27938.90,0,
07_07_2026_15_25,27937.40,27953.90,27910.60,27940.80,0,
08_07_2026_09_15,27876.00,28049.90,27802.90,27987.80,0,
08_07_2026_09_20,27986.80,28067.80,27982.60,27997.90,0,
08_07_2026_09_25,27998.10,28020.80,27968.30,28000.40,0,
08_07_2026_09_30,27998.70,28001.10,27934.90,27946.80,0,
08_07_2026_09_35,27947.40,27948.00,27844.20,27873.40,0,
08_07_2026_09_40,27875.00,27904.30,27874.90,27887.60,0,
08_07_2026_09_45,27889.80,27902.60,27865.70,27870.60,0,
08_07_2026_09_50,27872.30,27873.60,27795.60,27808.00,0,
08_07_2026_09_55,27807.70,27891.30,27798.90,27861.20,0,
08_07_2026_10_00,27862.40,27868.10,27828.40,27832.10,0,
08_07_2026_10_05,27835.90,27841.20,27791.20,27793.70,0,
08_07_2026_10_10,27798.40,27874.70,27795.00,27848.70,0,
08_07_2026_10_15,27848.20,27848.20,27766.60,27809.20,0,
08_07_2026_10_20,27807.80,27831.50,27790.20,27792.20,0,
08_07_2026_10_25,27793.30,27823.10,27774.90,27811.80,0,
08_07_2026_10_30,27808.80,27830.20,27784.80,27794.20,0,
08_07_2026_10_35,27796.10,27824.20,27768.00,27824.20,0,
08_07_2026_10_40,27824.80,27856.60,27819.90,27825.40,0,
08_07_2026_10_45,27822.90,27838.40,27774.30,27781.20,0,
08_07_2026_10_50,27785.60,27820.20,27775.30,27816.40,0,
08_07_2026_10_55,27815.90,27882.30,27814.80,27859.70,0,
08_07_2026_11_00,27862.10,27863.60,27843.30,27849.40,0,
08_07_2026_11_05,27851.20,27857.30,27813.10,27836.10,0,
08_07_2026_11_10,27837.20,27868.50,27819.10,27857.40,0,
08_07_2026_11_15,27858.80,27988.10,27858.80,27955.90,0,
08_07_2026_11_20,27959.10,27976.80,27914.10,27920.70,0,
08_07_2026_11_25,27921.50,27921.50,27876.10,27878.80,0,
08_07_2026_11_30,27881.90,27885.20,27858.60,27871.80,0,
08_07_2026_11_35,27871.70,27872.00,27823.50,27853.10,0,
08_07_2026_11_40,27849.00,27851.20,27821.30,27821.60,0,
08_07_2026_11_45,27822.20,27823.60,27794.40,27820.90,0,
08_07_2026_11_50,27822.60,27841.20,27810.00,27840.00,0,
08_07_2026_11_55,27839.90,27862.50,27821.60,27861.60,0,
08_07_2026_12_00,27860.70,27867.30,27840.80,27841.10,0,
08_07_2026_12_05,27841.80,27855.60,27817.40,27832.70,0,
08_07_2026_12_10,27833.90,27865.80,27822.00,27834.80,0,
08_07_2026_12_15,27836.40,27870.20,27818.90,27869.40,0,
08_07_2026_12_20,27870.50,27870.70,27817.40,27822.60,0,
08_07_2026_12_25,27824.50,27850.20,27819.40,27834.20,0,
08_07_2026_12_30,27834.30,27835.10,27804.20,27811.60,0,
08_07_2026_12_35,27812.40,27812.40,27788.10,27796.20,0,
08_07_2026_12_40,27796.70,27812.10,27789.90,27806.70,0,
08_07_2026_12_45,27808.20,27808.20,27782.60,27790.90,0,
08_07_2026_12_50,27792.60,27807.50,27757.60,27767.80,0,
08_07_2026_12_55,27768.10,27778.40,27763.10,27776.80,0,
08_07_2026_13_00,27777.10,27777.70,27751.90,27760.30,0,
08_07_2026_13_05,27762.20,27765.10,27746.20,27753.20,0,
08_07_2026_13_10,27752.90,27767.40,27740.80,27762.20,0,
08_07_2026_13_15,27764.40,27808.80,27763.20,27799.90,0,
08_07_2026_13_20,27800.50,27807.80,27771.80,27799.90,0,
08_07_2026_13_25,27799.90,27801.50,27779.10,27791.00,0,
08_07_2026_13_30,27792.60,27798.90,27783.60,27792.60,0,
08_07_2026_13_35,27792.60,27811.90,27786.20,27788.80,0,
08_07_2026_13_40,27789.10,27812.80,27785.40,27808.80,0,
08_07_2026_13_45,27810.20,27813.90,27732.70,27738.80,0,
08_07_2026_13_50,27738.80,27749.20,27700.50,27708.80,0,
08_07_2026_13_55,27710.80,27714.20,27659.40,27662.40,0,
08_07_2026_14_00,27664.70,27681.70,27638.10,27644.30,0,
08_07_2026_14_05,27643.00,27648.30,27583.10,27599.60,0,
08_07_2026_14_10,27603.30,27617.70,27538.20,27552.60,0,
08_07_2026_14_15,27553.80,27605.50,27540.00,27563.10,0,
08_07_2026_14_20,27567.40,27580.30,27536.40,27572.40,0,
08_07_2026_14_25,27573.70,27576.90,27521.40,27523.80,0,
08_07_2026_14_30,27524.70,27561.00,27516.30,27517.70,0,
08_07_2026_14_35,27518.80,27540.80,27492.70,27499.70,0,
08_07_2026_14_40,27498.80,27539.50,27483.40,27525.40,0,
08_07_2026_14_45,27526.30,27540.10,27490.00,27497.00,0,
08_07_2026_14_50,27499.80,27506.20,27468.80,27489.80,0,
08_07_2026_14_55,27493.50,27509.50,27476.90,27490.80,0,
08_07_2026_15_00,27490.90,27579.40,27490.90,27514.30,0,
08_07_2026_15_05,27514.50,27528.10,27501.60,27522.70,0,
08_07_2026_15_10,27523.90,27593.80,27522.10,27586.60,0,
08_07_2026_15_15,27589.50,27596.30,27556.00,27559.20,0,
08_07_2026_15_20,27559.60,27580.50,27544.70,27551.60,0,
08_07_2026_15_25,27546.90,27566.30,27535.60,27542.20,0,
09_07_2026_09_15,27493.60,27495.80,27054.40,27075.80,0,
09_07_2026_09_20,27074.40,27207.80,27014.50,27207.80,0,
09_07_2026_09_25,27204.20,27205.50,27133.20,27164.80,0,
09_07_2026_09_30,27164.20,27280.20,27158.30,27262.20,0,
09_07_2026_09_35,27261.30,27287.40,27230.40,27273.10,0,
09_07_2026_09_40,27273.10,27326.80,27267.50,27301.60,0,
09_07_2026_09_45,27303.10,27304.20,27233.10,27246.30,0,
09_07_2026_09_50,27245.30,27301.80,27233.30,27251.70,0,
09_07_2026_09_55,27250.30,27327.60,27249.70,27308.60,0,
09_07_2026_10_00,27309.00,27351.70,27289.20,27321.80,0,
09_07_2026_10_05,27321.60,27370.90,27298.20,27351.10,0,
09_07_2026_10_10,27353.60,27378.40,27302.40,27329.20,0,
09_07_2026_10_15,27330.90,27341.70,27308.60,27310.20,0,
09_07_2026_10_20,27311.30,27388.70,27311.30,27383.70,0,
09_07_2026_10_25,27383.10,27388.30,27352.40,27383.40,0,
09_07_2026_10_30,27382.80,27467.40,27378.90,27465.10,0,
09_07_2026_10_35,27462.20,27466.70,27358.40,27401.60,0,
09_07_2026_10_40,27399.40,27490.80,27391.10,27413.10,0,
09_07_2026_10_45,27411.70,27430.20,27335.20,27343.90,0,
09_07_2026_10_50,27345.80,27358.10,27313.00,27346.10,0,
09_07_2026_10_55,27343.40,27354.70,27326.70,27335.10,0,
09_07_2026_11_00,27332.40,27344.20,27309.60,27333.20,0,
09_07_2026_11_05,27333.20,27339.60,27296.30,27316.70,0,
09_07_2026_11_10,27316.90,27340.20,27308.20,27319.00,0,
09_07_2026_11_15,27317.90,27341.40,27317.20,27336.10,0,
09_07_2026_11_20,27336.10,27353.10,27323.60,27344.60,0,
09_07_2026_11_25,27341.80,27350.20,27322.40,27345.80,0,
09_07_2026_11_30,27345.80,27373.30,27338.20,27343.50,0,
09_07_2026_11_35,27341.10,27356.80,27327.10,27335.70,0,
09_07_2026_11_40,27336.60,27414.70,27336.30,27409.30,0,
09_07_2026_11_45,27410.90,27479.50,27408.40,27436.70,0,
09_07_2026_11_50,27436.70,27453.60,27415.80,27449.20,0,
09_07_2026_11_55,27448.80,27490.60,27445.20,27470.20,0,
09_07_2026_12_00,27470.20,27505.10,27458.60,27496.60,0,
09_07_2026_12_05,27496.00,27524.40,27471.20,27484.00,0,
09_07_2026_12_10,27485.20,27489.10,27445.60,27455.90,0,
09_07_2026_12_15,27457.50,27490.20,27452.00,27472.50,0,
09_07_2026_12_20,27472.20,27494.20,27441.50,27492.80,0,
09_07_2026_12_25,27491.70,27506.50,27479.50,27492.00,0,
09_07_2026_12_30,27491.10,27515.10,27472.90,27475.30,0,
09_07_2026_12_35,27475.40,27495.30,27466.40,27475.90,0,
09_07_2026_12_40,27475.10,27505.50,27455.30,27492.70,0,
09_07_2026_12_45,27494.20,27625.20,27486.80,27623.40,0,
09_07_2026_12_50,27622.70,27622.70,27586.60,27614.90,0,
09_07_2026_12_55,27612.60,27615.30,27576.80,27580.10,0,
09_07_2026_13_00,27580.40,27617.20,27564.60,27599.60,0,
09_07_2026_13_05,27596.70,27599.40,27559.10,27582.10,0,
09_07_2026_13_10,27583.10,27586.80,27557.40,27563.80,0,
09_07_2026_13_15,27562.90,27608.80,27548.70,27606.40,0,
09_07_2026_13_20,27607.40,27616.40,27556.40,27574.80,0,
09_07_2026_13_25,27574.70,27589.90,27550.00,27552.70,0,
09_07_2026_13_30,27553.50,27588.60,27545.20,27586.80,0,
09_07_2026_13_35,27586.70,27610.60,27567.90,27609.20,0,
09_07_2026_13_40,27609.20,27610.90,27582.90,27584.80,0,
09_07_2026_13_45,27584.60,27589.50,27563.70,27571.10,0,
09_07_2026_13_50,27571.10,27578.10,27558.70,27563.20,0,
09_07_2026_13_55,27560.10,27589.00,27556.30,27575.70,0,
09_07_2026_14_00,27576.50,27588.30,27554.80,27568.50,0,
09_07_2026_14_05,27570.90,27574.30,27560.30,27561.20,0,
09_07_2026_14_10,27557.00,27604.80,27550.60,27604.80,0,
09_07_2026_14_15,27604.70,27626.80,27582.30,27598.70,0,
09_07_2026_14_20,27596.80,27600.60,27571.20,27596.20,0,
09_07_2026_14_25,27597.10,27612.30,27590.40,27600.30,0,
09_07_2026_14_30,27600.90,27646.40,27587.80,27629.80,0,
09_07_2026_14_35,27627.40,27629.30,27572.90,27587.30,0,
09_07_2026_14_40,27587.80,27627.30,27538.20,27582.90,0,
09_07_2026_14_45,27579.10,27588.90,27563.80,27573.50,0,
09_07_2026_14_50,27571.90,27595.90,27568.80,27584.30,0,
09_07_2026_14_55,27587.60,27603.60,27564.60,27596.60,0,
09_07_2026_15_00,27593.20,27593.50,27471.40,27473.80,0,
09_07_2026_15_05,27473.50,27474.30,27404.20,27432.20,0,
09_07_2026_15_10,27430.90,27452.20,27409.90,27411.00,0,
09_07_2026_15_15,27410.30,27455.70,27410.20,27454.20,0,
09_07_2026_15_20,27456.30,27499.60,27451.70,27496.50,0,
09_07_2026_15_25,27495.40,27574.70,27493.30,27564.50,0,
10_07_2026_09_15,28103.80,28439.60,28103.80,28369.80,0,
10_07_2026_09_20,28375.20,28407.80,28104.60,28137.50,0,
10_07_2026_09_25,28137.80,28147.70,27985.90,28017.80,0,
10_07_2026_09_30,28020.20,28027.80,27879.20,27898.80,0,
10_07_2026_09_35,27898.90,28022.20,27892.40,28007.70,0,
10_07_2026_09_40,28002.70,28047.60,27983.70,27985.10,0,
10_07_2026_09_45,27987.80,28046.60,27980.60,27998.90,0,
10_07_2026_09_50,28001.40,28034.40,27963.70,27969.40,0,
10_07_2026_09_55,27968.10,28012.50,27907.60,28009.30,0,
10_07_2026_10_00,28009.60,28049.70,27970.70,28042.90,0,
10_07_2026_10_05,28042.20,28064.70,28001.10,28012.90,0,
10_07_2026_10_10,28014.70,28045.70,27986.60,28035.30,0,
10_07_2026_10_15,28033.80,28061.40,28016.90,28027.20,0,
10_07_2026_10_20,28026.70,28033.60,27992.20,28009.60,0,
10_07_2026_10_25,28008.90,28029.30,27988.80,28019.00,0,
10_07_2026_10_30,28021.10,28024.20,27946.70,27976.00,0,
10_07_2026_10_35,27975.40,27975.40,27945.30,27969.80,0,
10_07_2026_10_40,27969.20,28047.30,27965.60,28029.40,0,
10_07_2026_10_45,28031.20,28031.60,27974.50,27991.70,0,
10_07_2026_10_50,27992.70,27995.60,27965.20,27980.20,0,
10_07_2026_10_55,27981.10,27987.20,27943.20,27972.50,0,
10_07_2026_11_00,27976.30,27998.20,27964.80,27971.90,0,
10_07_2026_11_05,27973.70,27986.80,27966.60,27983.40,0,
10_07_2026_11_10,27984.20,27986.10,27934.90,27938.80,0,
10_07_2026_11_15,27939.20,27961.80,27929.70,27952.20,0,
10_07_2026_11_20,27952.30,27990.20,27943.60,27975.90,0,
10_07_2026_11_25,27975.80,27980.20,27960.50,27962.70,0,
10_07_2026_11_30,27966.70,27991.30,27960.70,27991.30,0,
10_07_2026_11_35,27992.80,28001.00,27955.80,27964.60,0,
10_07_2026_11_40,27965.60,27987.10,27923.20,27977.20,0,
10_07_2026_11_45,27978.20,27988.80,27946.20,27960.40,0,
10_07_2026_11_50,27959.20,27960.90,27876.40,27880.60,0,
10_07_2026_11_55,27882.90,27903.50,27870.00,27879.80,0,
10_07_2026_12_00,27881.70,27917.40,27876.10,27915.40,0,
10_07_2026_12_05,27918.20,27951.40,27907.70,27951.40,0,
10_07_2026_12_10,27951.80,27976.80,27947.40,27976.70,0,
10_07_2026_12_15,27978.00,28016.30,27972.60,27995.20,0,
10_07_2026_12_20,27995.90,28023.10,27993.60,28021.80,0,
10_07_2026_12_25,28023.40,28030.20,28009.50,28015.80,0,
10_07_2026_12_30,28019.20,28021.90,28000.60,28013.40,0,
10_07_2026_12_35,28014.50,28019.80,28002.70,28004.40,0,
10_07_2026_12_40,28001.80,28004.10,27959.70,27961.10,0,
10_07_2026_12_45,27963.80,27970.10,27937.30,27941.00,0,
10_07_2026_12_50,27939.90,27968.20,27933.60,27952.80,0,
10_07_2026_12_55,27956.30,27975.00,27948.60,27963.20,0,
10_07_2026_13_00,27957.30,27997.40,27947.90,27996.60,0,
10_07_2026_13_05,27996.90,28008.90,27974.80,27982.20,0,
10_07_2026_13_10,27985.20,27997.80,27978.10,27986.10,0,
10_07_2026_13_15,27986.30,27992.10,27956.90,27957.70,0,
10_07_2026_13_20,27956.70,27962.70,27935.60,27943.40,0,
10_07_2026_13_25,27947.60,27983.20,27944.20,27976.20,0,
10_07_2026_13_30,27977.20,27983.70,27965.20,27973.10,0,
10_07_2026_13_35,27974.60,28001.40,27970.10,28000.80,0,
10_07_2026_13_40,28001.00,28012.80,27983.90,27988.80,0,
10_07_2026_13_45,27984.90,27992.90,27965.10,27968.10,0,
10_07_2026_13_50,27966.80,27984.30,27962.00,27962.00,0,
10_07_2026_13_55,27964.40,27972.60,27955.20,27955.20,0,
10_07_2026_14_00,27961.40,27965.50,27928.60,27964.70,0,
10_07_2026_14_05,27964.80,27973.30,27944.60,27973.30,0,
10_07_2026_14_10,27973.40,27975.30,27959.50,27961.20,0,
10_07_2026_14_15,27961.60,27967.80,27946.20,27965.80,0,
10_07_2026_14_20,27965.60,27981.90,27955.30,27981.10,0,
10_07_2026_14_25,27980.60,28006.00,27976.20,27999.20,0,
10_07_2026_14_30,27999.60,28026.20,27987.70,28001.70,0,
10_07_2026_14_35,27999.80,28036.30,27988.80,28026.10,0,
10_07_2026_14_40,28026.10,28031.70,27988.70,28001.20,0,
10_07_2026_14_45,28001.20,28011.40,27991.70,27998.30,0,
10_07_2026_14_50,27999.90,28006.10,27980.80,27990.50,0,
10_07_2026_14_55,27992.10,28013.10,27988.40,27995.20,0,
10_07_2026_15_00,27996.80,28023.10,27966.90,27967.10,0,
10_07_2026_15_05,27968.90,28039.70,27968.20,28035.60,0,
10_07_2026_15_10,28036.20,28037.20,28012.90,28021.40,0,
10_07_2026_15_15,28022.00,28038.20,28001.40,28020.00,0,
10_07_2026_15_20,28022.40,28024.80,28000.10,28013.20,0,
10_07_2026_15_25,28013.60,28028.80,27998.70,28022.40,0,
13_07_2026_09_15,27888.80,28208.60,27856.10,28183.90,0,
13_07_2026_09_20,28187.10,28211.10,27995.70,28022.10,0,
13_07_2026_09_25,28018.50,28023.20,27940.30,27987.50,0,
13_07_2026_09_30,27986.20,28036.90,27961.40,27987.60,0,
13_07_2026_09_35,27991.60,28155.60,27987.00,28151.40,0,
13_07_2026_09_40,28153.20,28174.80,28126.80,28143.20,0,
13_07_2026_09_45,28144.20,28286.20,28120.20,28247.90,0,
13_07_2026_09_50,28246.50,28308.20,28210.50,28225.40,0,
13_07_2026_09_55,28225.20,28234.80,28177.80,28205.70,0,
13_07_2026_10_00,28211.20,28236.30,28196.80,28217.90,0,
13_07_2026_10_05,28224.80,28234.60,28146.30,28181.20,0,
13_07_2026_10_10,28179.10,28187.90,28155.70,28171.80,0,
13_07_2026_10_15,28172.20,28189.30,28155.90,28186.80,0,
13_07_2026_10_20,28186.60,28225.30,28170.20,28177.10,0,
13_07_2026_10_25,28177.80,28290.40,28177.80,28277.40,0,
13_07_2026_10_30,28275.80,28325.80,28250.70,28287.40,0,
13_07_2026_10_35,28288.70,28318.60,28253.90,28306.30,0,
13_07_2026_10_40,28306.30,28334.70,28273.40,28327.80,0,
13_07_2026_10_45,28323.60,28488.80,28323.20,28467.20,0,
13_07_2026_10_50,28463.30,28558.60,28459.80,28515.90,0,
13_07_2026_10_55,28516.70,28541.20,28501.00,28520.40,0,
13_07_2026_11_00,28519.20,28552.00,28497.80,28550.90,0,
13_07_2026_11_05,28551.20,28572.80,28503.90,28565.30,0,
13_07_2026_11_10,28565.80,28651.10,28563.80,28622.80,0,
13_07_2026_11_15,28624.40,28645.30,28567.60,28640.20,0,
13_07_2026_11_20,28637.50,28654.70,28587.70,28587.70,0,
13_07_2026_11_25,28591.90,28619.00,28580.00,28614.80,0,
13_07_2026_11_30,28612.60,28674.50,28609.60,28674.50,0,
13_07_2026_11_35,28673.60,28695.60,28622.40,28629.40,0,
13_07_2026_11_40,28627.20,28678.10,28593.80,28664.60,0,
13_07_2026_11_45,28664.60,28751.30,28663.70,28743.20,0,
13_07_2026_11_50,28742.00,28847.90,28729.50,28820.90,0,
13_07_2026_11_55,28819.30,28943.20,28810.90,28937.50,0,
13_07_2026_12_00,28933.40,28989.80,28913.10,28984.80,0,
13_07_2026_12_05,28988.10,29015.40,28948.80,29010.20,0,
13_07_2026_12_10,29009.70,29060.20,28996.80,29053.80,0,
13_07_2026_12_15,29054.00,29058.40,28979.80,29017.40,0,
13_07_2026_12_20,29023.50,29051.20,28969.70,29045.20,0,
13_07_2026_12_25,29047.10,29047.70,28971.30,29002.40,0,
13_07_2026_12_30,29001.30,29160.90,28999.70,29160.90,0,
13_07_2026_12_35,29159.60,29224.20,29143.90,29198.20,0,
13_07_2026_12_40,29196.90,29206.90,29164.60,29196.60,0,
13_07_2026_12_45,29197.10,29231.20,29176.20,29225.60,0,
13_07_2026_12_50,29227.90,29265.30,29210.30,29242.80,0,
13_07_2026_12_55,29247.50,29272.70,29194.40,29240.90,0,
13_07_2026_13_00,29239.10,29266.20,29191.20,29252.90,0,
13_07_2026_13_05,29252.10,29260.80,29215.50,29226.20,0,
13_07_2026_13_10,29225.80,29266.60,29216.20,29250.70,0,
13_07_2026_13_15,29248.80,29248.80,29158.80,29178.20,0,
13_07_2026_13_20,29174.80,29180.30,29072.00,29094.90,0,
13_07_2026_13_25,29094.60,29109.60,29044.70,29050.60,0,
13_07_2026_13_30,29047.30,29116.10,29046.30,29107.70,0,
13_07_2026_13_35,29106.60,29127.60,29091.80,29106.80,0,
13_07_2026_13_40,29104.90,29127.00,29060.70,29079.60,0,
13_07_2026_13_45,29077.40,29095.30,29062.10,29067.10,0,
13_07_2026_13_50,29064.10,29082.80,29046.20,29052.20,0,
13_07_2026_13_55,29051.40,29060.20,29038.70,29044.60,0,
13_07_2026_14_00,29041.10,29076.40,29038.90,29068.70,0,
13_07_2026_14_05,29068.10,29081.10,29045.40,29065.70,0,
13_07_2026_14_10,29064.80,29074.70,29035.70,29048.20,0,
13_07_2026_14_15,29046.60,29066.00,29043.70,29062.50,0,
13_07_2026_14_20,29063.10,29084.80,29045.80,29050.80,0,
13_07_2026_14_25,29051.10,29053.10,29014.20,29024.10,0,
13_07_2026_14_30,29021.70,29055.80,29018.60,29048.80,0,
13_07_2026_14_35,29049.70,29055.70,29029.30,29039.80,0,
13_07_2026_14_40,29038.80,29066.50,29034.30,29060.50,0,
13_07_2026_14_45,29065.90,29089.20,29035.40,29070.40,0,
13_07_2026_14_50,29075.20,29086.60,29059.10,29079.60,0,
13_07_2026_14_55,29080.70,29116.80,29066.30,29077.10,0,
13_07_2026_15_00,29074.40,29074.90,29039.20,29051.70,0,
13_07_2026_15_05,29050.10,29056.10,28996.30,29001.70,0,
13_07_2026_15_10,29001.10,29010.00,28980.70,28984.00,0,
13_07_2026_15_15,28983.20,29012.40,28973.40,28989.80,0,
13_07_2026_15_20,28990.70,29020.30,28988.10,29010.80,0,
13_07_2026_15_25,29013.40,29033.20,28990.40,29023.20,0,
14_07_2026_09_15,28999.00,29151.20,28913.60,29136.40,0,
14_07_2026_09_20,29140.70,29285.10,29133.70,29157.30,0,
14_07_2026_09_25,29159.40,29221.60,29115.10,29195.20,0,
14_07_2026_09_30,29195.80,29197.80,29053.80,29059.20,0,
14_07_2026_09_35,29058.40,29084.80,29008.40,29073.80,0,
14_07_2026_09_40,29072.30,29072.90,29008.60,29010.40,0,
14_07_2026_09_45,29013.80,29024.20,28931.50,29020.40,0,
14_07_2026_09_50,29022.10,29025.20,28962.80,28964.40,0,
14_07_2026_09_55,28965.60,28981.30,28909.90,28926.70,0,
14_07_2026_10_00,28927.60,28944.00,28894.80,28898.00,0,
14_07_2026_10_05,28899.60,28931.90,28873.20,28928.40,0,
14_07_2026_10_10,28929.60,28940.80,28897.90,28907.20,0,
14_07_2026_10_15,28909.20,28917.80,28835.80,28865.80,0,
14_07_2026_10_20,28865.00,28905.20,28865.00,28891.70,0,
14_07_2026_10_25,28892.20,29091.80,28872.90,29086.60,0,
14_07_2026_10_30,29087.60,29170.20,29020.40,29081.30,0,
14_07_2026_10_35,29084.50,29095.30,29026.20,29058.60,0,
14_07_2026_10_40,29058.90,29059.90,28949.20,28952.60,0,
14_07_2026_10_45,28950.80,28964.90,28885.70,28940.40,0,
14_07_2026_10_50,28939.10,28945.20,28894.20,28940.20,0,
14_07_2026_10_55,28943.30,28990.40,28938.30,28956.80,0,
14_07_2026_11_00,28959.60,29006.80,28930.20,28934.20,0,
14_07_2026_11_05,28935.80,28984.80,28927.60,28981.20,0,
14_07_2026_11_10,28984.60,29016.00,28964.40,28994.50,0,
14_07_2026_11_15,28996.20,29005.50,28971.10,28998.90,0,
14_07_2026_11_20,29000.10,29000.10,28954.90,28973.70,0,
14_07_2026_11_25,28974.20,28991.80,28958.00,28990.20,0,
14_07_2026_11_30,28991.30,28992.40,28950.20,28952.50,0,
14_07_2026_11_35,28954.20,28964.80,28918.80,28946.50,0,
14_07_2026_11_40,28946.20,28962.90,28931.80,28948.20,0,
14_07_2026_11_45,28950.10,28968.20,28912.00,28913.40,0,
14_07_2026_11_50,28915.30,28937.20,28892.40,28895.30,0,
14_07_2026_11_55,28897.20,28914.80,28853.80,28895.10,0,
14_07_2026_12_00,28895.20,28901.30,28852.90,28857.40,0,
14_07_2026_12_05,28861.20,28861.20,28815.90,28827.80,0,
14_07_2026_12_10,28828.90,28832.90,28789.00,28791.40,0,
14_07_2026_12_15,28793.70,28819.80,28783.20,28803.60,0,
14_07_2026_12_20,28804.40,28852.40,28800.50,28842.70,0,
14_07_2026_12_25,28842.70,28843.10,28805.80,28827.60,0,
14_07_2026_12_30,28828.20,28838.30,28807.40,28812.20,0,
14_07_2026_12_35,28812.80,28819.80,28761.60,28780.20,0,
14_07_2026_12_40,28782.00,28821.80,28763.30,28783.90,0,
14_07_2026_12_45,28784.40,28814.20,28774.70,28814.20,0,
14_07_2026_12_50,28813.20,28837.10,28793.90,28822.70,0,
14_07_2026_12_55,28822.70,28850.00,28803.50,28803.50,0,
14_07_2026_13_00,28805.90,28815.20,28775.80,28792.90,0,
14_07_2026_13_05,28792.20,28797.00,28757.00,28765.20,0,
14_07_2026_13_10,28765.80,28775.20,28749.70,28754.70,0,
14_07_2026_13_15,28754.70,28779.00,28747.50,28774.80,0,
14_07_2026_13_20,28778.30,28781.70,28761.90,28765.70,0,
14_07_2026_13_25,28765.20,28766.20,28710.10,28760.40,0,
14_07_2026_13_30,28760.80,28760.80,28734.20,28748.70,0,
14_07_2026_13_35,28748.90,28770.80,28737.60,28748.80,0,
14_07_2026_13_40,28751.70,28766.00,28731.80,28744.90,0,
14_07_2026_13_45,28747.90,28784.20,28746.80,28771.40,0,
14_07_2026_13_50,28774.20,28774.20,28722.90,28748.40,0,
14_07_2026_13_55,28748.40,28788.80,28742.30,28767.20,0,
14_07_2026_14_00,28769.90,28772.80,28734.50,28758.70,0,
14_07_2026_14_05,28760.00,28762.20,28738.70,28751.40,0,
14_07_2026_14_10,28756.80,28816.30,28754.80,28806.30,0,
14_07_2026_14_15,28807.40,28821.10,28781.90,28790.20,0,
14_07_2026_14_20,28793.10,28801.30,28766.10,28786.70,0,
14_07_2026_14_25,28789.20,28798.00,28758.60,28761.70,0,
14_07_2026_14_30,28762.80,28789.20,28747.70,28786.30,0,
14_07_2026_14_35,28787.10,28802.20,28767.60,28795.80,0,
14_07_2026_14_40,28794.80,28804.70,28741.70,28746.50,0,
14_07_2026_14_45,28746.40,28753.10,28698.80,28733.30,0,
14_07_2026_14_50,28733.60,28747.30,28721.80,28728.50,0,
14_07_2026_14_55,28727.60,28750.20,28708.60,28710.10,0,
14_07_2026_15_00,28710.90,28769.70,28710.90,28735.40,0,
14_07_2026_15_05,28737.40,28772.20,28726.80,28729.50,0,
14_07_2026_15_10,28731.90,28737.80,28703.10,28711.60,0,
14_07_2026_15_15,28712.30,28727.70,28694.30,28723.40,0,
14_07_2026_15_20,28724.70,28737.20,28696.90,28706.80,0,
14_07_2026_15_25,28708.30,28708.30,28674.50,28693.40,0,
15_07_2026_09_15,28385.70,28420.10,28223.80,28316.60,0,
15_07_2026_09_20,28318.10,28514.30,28259.70,28500.70,0,
15_07_2026_09_25,28495.40,28675.90,28488.20,28629.30,0,
15_07_2026_09_30,28629.60,28708.30,28556.40,28581.30,0,
15_07_2026_09_35,28582.20,28645.70,28526.20,28535.70,0,
15_07_2026_09_40,28536.40,28597.20,28513.40,28555.80,0,
15_07_2026_09_45,28556.20,28596.00,28503.60,28522.80,0,
15_07_2026_09_50,28522.40,28582.20,28519.20,28527.80,0,
15_07_2026_09_55,28524.60,28606.20,28520.80,28558.80,0,
15_07_2026_10_00,28558.80,28611.10,28550.20,28590.80,0,
15_07_2026_10_05,28590.00,28607.60,28574.40,28582.40,0,
15_07_2026_10_10,28583.20,28703.90,28568.50,28690.30,0,
15_07_2026_10_15,28690.00,28725.20,28665.90,28701.80,0,
15_07_2026_10_20,28702.20,28712.60,28661.80,28674.70,0,
15_07_2026_10_25,28674.40,28695.10,28637.20,28640.50,0,
15_07_2026_10_30,28640.00,28650.60,28561.60,28568.10,0,
15_07_2026_10_35,28569.70,28572.40,28505.20,28541.80,0,
15_07_2026_10_40,28544.70,28616.80,28542.60,28592.70,0,
15_07_2026_10_45,28593.40,28599.40,28563.50,28593.90,0,
15_07_2026_10_50,28593.40,28600.60,28530.40,28531.90,0,
15_07_2026_10_55,28531.90,28581.20,28528.40,28549.30,0,
15_07_2026_11_00,28549.30,28564.80,28525.50,28547.50,0,
15_07_2026_11_05,28547.50,28589.20,28541.40,28570.20,0,
15_07_2026_11_10,28570.70,28573.70,28500.60,28515.80,0,
15_07_2026_11_15,28512.20,28568.50,28506.10,28561.20,0,
15_07_2026_11_20,28562.40,28593.30,28535.90,28552.70,0,
15_07_2026_11_25,28552.80,28631.00,28552.80,28612.40,0,
15_07_2026_11_30,28612.30,28618.30,28591.20,28609.20,0,
15_07_2026_11_35,28609.20,28645.70,28594.80,28622.90,0,
15_07_2026_11_40,28620.20,28640.60,28606.60,28618.60,0,
15_07_2026_11_45,28618.90,28643.40,28613.80,28618.60,0,
15_07_2026_11_50,28619.30,28631.20,28608.20,28620.80,0,
15_07_2026_11_55,28621.30,28636.30,28589.10,28614.40,0,
15_07_2026_12_00,28614.40,28635.30,28609.90,28632.70,0,
15_07_2026_12_05,28632.70,28642.70,28626.20,28627.30,0,
15_07_2026_12_10,28627.30,28637.20,28611.10,28624.80,0,
15_07_2026_12_15,28629.50,28634.40,28594.70,28626.40,0,
15_07_2026_12_20,28627.30,28636.30,28613.00,28623.90,0,
15_07_2026_12_25,28626.90,28630.10,28609.70,28620.20,0,
15_07_2026_12_30,28619.40,28639.80,28613.20,28615.60,0,
15_07_2026_12_35,28616.30,28622.30,28583.90,28591.00,0,
15_07_2026_12_40,28590.10,28615.60,28584.60,28605.80,0,
15_07_2026_12_45,28605.60,28611.80,28559.60,28560.40,0,
15_07_2026_12_50,28561.30,28581.40,28556.30,28562.20,0,
15_07_2026_12_55,28560.90,28568.80,28415.60,28459.60,0,
15_07_2026_13_00,28459.70,28509.20,28446.80,28488.90,0,
15_07_2026_13_05,28490.20,28507.90,28470.10,28501.40,0,
15_07_2026_13_10,28502.10,28534.20,28500.30,28531.80,0,
15_07_2026_13_15,28528.80,28551.60,28514.10,28550.10,0,
15_07_2026_13_20,28548.00,28549.10,28525.40,28544.80,0,
15_07_2026_13_25,28546.40,28546.40,28520.80,28531.50,0,
15_07_2026_13_30,28531.50,28539.20,28512.20,28525.80,0,
15_07_2026_13_35,28524.20,28539.20,28518.80,28534.80,0,
15_07_2026_13_40,28534.80,28550.20,28526.50,28546.80,0,
15_07_2026_13_45,28544.50,28545.40,28515.60,28528.80,0,
15_07_2026_13_50,28532.80,28561.00,28520.80,28550.70,0,
15_07_2026_13_55,28550.70,28616.40,28538.40,28614.20,0,
15_07_2026_14_00,28611.00,28637.60,28579.10,28583.60,0,
15_07_2026_14_05,28583.60,28610.40,28572.80,28589.20,0,
15_07_2026_14_10,28588.20,28637.20,28586.40,28615.30,0,
15_07_2026_14_15,28613.80,28643.80,28611.30,28638.10,0,
15_07_2026_14_20,28633.20,28640.60,28614.20,28620.20,0,
15_07_2026_14_25,28620.20,28637.10,28605.40,28610.20,0,
15_07_2026_14_30,28608.60,28625.10,28596.20,28599.40,0,
15_07_2026_14_35,28599.40,28621.90,28584.70,28614.90,0,
15_07_2026_14_40,28615.10,28638.00,28597.80,28630.20,0,
15_07_2026_14_45,28628.80,28632.80,28573.70,28573.80,0,
15_07_2026_14_50,28573.80,28579.80,28554.60,28565.40,0,
15_07_2026_14_55,28566.40,28570.00,28527.90,28535.80,0,
15_07_2026_15_00,28535.40,28573.50,28521.20,28542.40,0,
15_07_2026_15_05,28543.50,28547.20,28521.60,28528.50,0,
15_07_2026_15_10,28528.80,28533.80,28510.30,28516.70,0,
15_07_2026_15_15,28523.60,28524.20,28495.50,28508.30,0,
15_07_2026_15_20,28508.30,28547.10,28504.30,28541.70,0,
15_07_2026_15_25,28542.50,28553.50,28525.80,28550.20,0,
16_07_2026_09_15,28697.80,29052.90,28669.80,28973.70,0,
16_07_2026_09_20,28977.20,29003.40,28844.10,28936.20,0,
16_07_2026_09_25,28941.80,28970.90,28879.10,28905.70,0,
16_07_2026_09_30,28906.60,28912.40,28798.70,28801.30,0,
16_07_2026_09_35,28794.80,28838.00,28792.60,28816.70,0,
16_07_2026_09_40,28811.40,28900.60,28797.80,28840.20,0,
16_07_2026_09_45,28838.60,28866.80,28785.80,28800.60,0,
16_07_2026_09_50,28804.30,28859.10,28752.20,28858.40,0,
16_07_2026_09_55,28860.30,28976.20,28841.30,28926.80,0,
16_07_2026_10_00,28926.50,29004.90,28916.90,28976.60,0,
16_07_2026_10_05,28976.20,28979.30,28896.10,28899.70,0,
16_07_2026_10_10,28900.20,28951.40,28855.40,28951.40,0,
16_07_2026_10_15,28951.10,29023.10,28942.50,28969.10,0,
16_07_2026_10_20,28967.80,28969.80,28903.20,28962.20,0,
16_07_2026_10_25,28962.50,29006.70,28961.60,28965.80,0,
16_07_2026_10_30,28965.80,29016.60,28961.60,28977.00,0,
16_07_2026_10_35,28980.20,29012.80,28953.40,29012.80,0,
16_07_2026_10_40,29015.10,29028.60,28955.70,28956.20,0,
16_07_2026_10_45,28955.30,29001.60,28950.30,28997.70,0,
16_07_2026_10_50,29000.80,29017.70,28978.70,28979.90,0,
16_07_2026_10_55,28983.60,29006.90,28970.20,28997.50,0,
16_07_2026_11_00,29001.00,29043.00,28995.40,29011.70,0,
16_07_2026_11_05,29010.90,29011.00,28974.90,28993.30,0,
16_07_2026_11_10,28994.70,29013.70,28971.80,28971.80,0,
16_07_2026_11_15,28973.90,28976.70,28949.00,28958.30,0,
16_07_2026_11_20,28958.30,28978.80,28954.60,28960.40,0,
16_07_2026_11_25,28960.70,28964.80,28912.60,28964.20,0,
16_07_2026_11_30,28964.20,28964.20,28930.30,28936.70,0,
16_07_2026_11_35,28942.40,28960.80,28921.70,28924.90,0,
16_07_2026_11_40,28930.00,28944.20,28910.80,28940.30,0,
16_07_2026_11_45,28941.00,28943.20,28917.60,28937.80,0,
16_07_2026_11_50,28939.90,28997.50,28912.70,28995.00,0,
16_07_2026_11_55,28993.50,28999.40,28955.20,28982.50,0,
16_07_2026_12_00,28982.50,29006.20,28975.30,28989.30,0,
16_07_2026_12_05,28989.20,28994.00,28941.80,28970.80,0,
16_07_2026_12_10,28970.80,28970.80,28911.40,28916.80,0,
16_07_2026_12_15,28920.50,28947.00,28910.30,28931.00,0,
16_07_2026_12_20,28933.40,28976.40,28930.80,28956.50,0,
16_07_2026_12_25,28956.30,28989.00,28943.80,28973.70,0,
16_07_2026_12_30,28975.10,28975.70,28956.30,28964.10,0,
16_07_2026_12_35,28965.80,28984.20,28955.30,28969.20,0,
16_07_2026_12_40,28968.20,28987.80,28957.40,28966.60,0,
16_07_2026_12_45,28967.90,28986.60,28909.80,28912.20,0,
16_07_2026_12_50,28909.90,28915.40,28884.40,28890.10,0,
16_07_2026_12_55,28895.60,28911.70,28886.80,28908.10,0,
16_07_2026_13_00,28908.00,28908.00,28872.00,28887.10,0,
16_07_2026_13_05,28890.20,28908.30,28887.60,28893.80,0,
16_07_2026_13_10,28896.20,28934.20,28885.40,28915.10,0,
16_07_2026_13_15,28914.30,28914.30,28876.50,28882.80,0,
16_07_2026_13_20,28883.80,28885.20,28848.80,28851.20,0,
16_07_2026_13_25,28850.90,28858.90,28840.10,28850.00,0,
16_07_2026_13_30,28851.70,28854.80,28825.90,28844.30,0,
16_07_2026_13_35,28846.20,28852.00,28821.00,28831.40,0,
16_07_2026_13_40,28831.90,28837.90,28816.30,28823.50,0,
16_07_2026_13_45,28828.60,28842.90,28807.80,28809.20,0,
16_07_2026_13_50,28811.30,28858.70,28806.40,28834.10,0,
16_07_2026_13_55,28837.20,28866.20,28834.00,28857.90,0,
16_07_2026_14_00,28856.80,28862.40,28832.80,28840.40,0,
16_07_2026_14_05,28843.10,28859.20,28838.30,28847.90,0,
16_07_2026_14_10,28848.20,28852.30,28832.40,28837.20,0,
16_07_2026_14_15,28836.30,28866.60,28833.80,28863.50,0,
16_07_2026_14_20,28864.90,28870.20,28833.50,28855.70,0,
16_07_2026_14_25,28855.80,28869.80,28851.80,28862.40,0,
16_07_2026_14_30,28864.20,28878.60,28854.10,28867.00,0,
16_07_2026_14_35,28869.30,28873.80,28842.70,28859.20,0,
16_07_2026_14_40,28859.40,28869.80,28839.80,28850.20,0,
16_07_2026_14_45,28851.20,28861.00,28834.20,28839.10,0,
16_07_2026_14_50,28839.80,28846.90,28819.90,28828.70,0,
16_07_2026_14_55,28830.60,28839.70,28819.30,28834.10,0,
16_07_2026_15_00,28826.20,28829.70,28725.70,28726.80,0,
16_07_2026_15_05,28727.50,28755.60,28725.20,28734.40,0,
16_07_2026_15_10,28732.70,28738.70,28691.20,28697.90,0,
16_07_2026_15_15,28698.40,28713.20,28682.60,28706.90,0,
16_07_2026_15_20,28706.20,28714.20,28688.20,28703.60,0,
16_07_2026_15_25,28704.50,28776.80,28685.90,28766.80,0,
17_07_2026_09_15,29066.30,29380.80,29064.90,29264.40,0,
17_07_2026_09_20,29270.80,29292.20,29173.20,29247.70,0,
17_07_2026_09_25,29258.90,29278.10,29113.80,29145.50,0,
17_07_2026_09_30,29150.80,29167.70,29081.60,29102.80,0,
17_07_2026_09_35,29106.30,29226.10,29090.10,29131.20,0,
17_07_2026_09_40,29128.80,29180.20,29122.20,29135.30,0,
17_07_2026_09_45,29144.10,29149.40,28988.30,29015.90,0,
17_07_2026_09_50,29010.70,29115.10,29010.70,29106.50,0,
17_07_2026_09_55,29106.80,29157.80,29036.60,29055.20,0,
17_07_2026_10_00,29060.00,29082.40,29027.30,29037.30,0,
17_07_2026_10_05,29037.30,29093.60,29012.20,29080.40,0,
17_07_2026_10_10,29083.30,29102.80,29058.10,29073.60,0,
17_07_2026_10_15,29074.30,29088.50,29026.30,29066.70,0,
17_07_2026_10_20,29067.10,29092.90,29036.30,29046.40,0,
17_07_2026_10_25,29045.00,29055.30,28935.90,28969.50,0,
17_07_2026_10_30,28967.00,29010.40,28954.80,28998.30,0,
17_07_2026_10_35,28999.90,29057.50,28998.00,29038.10,0,
17_07_2026_10_40,29037.40,29037.40,28989.80,29006.90,0,
17_07_2026_10_45,29004.50,29022.80,28993.30,29011.00,0,
17_07_2026_10_50,29009.80,29020.80,29000.40,29007.20,0,
17_07_2026_10_55,29005.80,29025.30,28969.60,29012.40,0,
17_07_2026_11_00,29013.00,29059.40,28997.50,29052.50,0,
17_07_2026_11_05,29053.90,29057.20,29017.30,29031.30,0,
17_07_2026_11_10,29031.30,29037.40,28993.20,29009.60,0,
17_07_2026_11_15,29009.20,29041.20,29005.20,29037.70,0,
17_07_2026_11_20,29041.90,29067.70,29039.50,29044.90,0,
17_07_2026_11_25,29041.40,29041.40,28999.90,29003.20,0,
17_07_2026_11_30,29002.60,29074.20,29002.60,29070.20,0,
17_07_2026_11_35,29070.40,29131.70,29066.90,29108.20,0,
17_07_2026_11_40,29109.60,29129.70,29094.20,29094.20,0,
17_07_2026_11_45,29098.90,29105.80,29078.40,29096.90,0,
17_07_2026_11_50,29097.20,29115.80,29087.70,29114.70,0,
17_07_2026_11_55,29115.00,29117.10,29082.60,29099.70,0,
17_07_2026_12_00,29101.60,29105.50,29071.20,29085.90,0,
17_07_2026_12_05,29087.60,29153.80,29079.30,29141.90,0,
17_07_2026_12_10,29141.80,29144.60,29079.50,29088.90,0,
17_07_2026_12_15,29090.00,29100.60,29078.70,29078.70,0,
17_07_2026_12_20,29081.40,29142.70,29075.60,29142.70,0,
17_07_2026_12_25,29142.30,29177.70,29131.70,29162.70,0,
17_07_2026_12_30,29166.40,29211.60,29158.80,29200.10,0,
17_07_2026_12_35,29199.20,29208.70,29179.30,29182.50,0,
17_07_2026_12_40,29180.40,29217.80,29169.80,29207.90,0,
17_07_2026_12_45,29208.70,29221.20,29188.10,29191.30,0,
17_07_2026_12_50,29192.90,29193.10,29154.10,29180.80,0,
17_07_2026_12_55,29185.30,29246.50,29167.50,29243.90,0,
17_07_2026_13_00,29245.20,29249.60,29224.90,29236.40,0,
17_07_2026_13_05,29237.80,29238.80,29207.80,29216.20,0,
17_07_2026_13_10,29218.40,29236.80,29214.70,29229.80,0,
17_07_2026_13_15,29231.60,29243.50,29214.60,29237.40,0,
17_07_2026_13_20,29238.60,29255.60,29227.60,29249.70,0,
17_07_2026_13_25,29250.50,29269.00,29243.70,29259.10,0,
17_07_2026_13_30,29257.60,29266.70,29242.80,29263.20,0,
17_07_2026_13_35,29264.80,29269.30,29230.40,29237.30,0,
17_07_2026_13_40,29235.30,29252.70,29225.80,29249.80,0,
17_07_2026_13_45,29249.20,29260.70,29227.30,29260.30,0,
17_07_2026_13_50,29262.70,29262.80,29226.90,29243.80,0,
17_07_2026_13_55,29243.80,29276.60,29233.10,29274.10,0,
17_07_2026_14_00,29273.90,29302.30,29267.50,29275.90,0,
17_07_2026_14_05,29276.10,29297.10,29264.00,29267.90,0,
17_07_2026_14_10,29272.10,29278.40,29267.30,29272.20,0,
17_07_2026_14_15,29273.10,29320.80,29263.20,29264.80,0,
17_07_2026_14_20,29262.30,29267.70,29231.60,29240.90,0,
17_07_2026_14_25,29241.00,29243.60,29189.30,29207.50,0,
17_07_2026_14_30,29206.40,29280.30,29200.20,29278.70,0,
17_07_2026_14_35,29277.90,29286.70,29263.70,29266.20,0,
17_07_2026_14_40,29266.60,29273.30,29252.90,29265.10,0,
17_07_2026_14_45,29267.80,29318.30,29267.80,29304.90,0,
17_07_2026_14_50,29305.50,29317.50,29296.60,29310.80,0,
17_07_2026_14_55,29311.60,29316.90,29292.20,29295.10,0,
17_07_2026_15_00,29295.10,29305.10,29286.80,29290.80,0,
17_07_2026_15_05,29291.60,29293.10,29265.80,29269.80,0,
17_07_2026_15_10,29268.20,29272.60,29238.70,29242.40,0,
17_07_2026_15_15,29241.10,29246.20,29208.80,29210.80,0,
17_07_2026_15_20,29210.70,29214.20,29162.90,29168.60,0,
17_07_2026_15_25,29166.50,29195.60,29153.60,29178.60,0,
20_07_2026_09_15,29320.80,29483.20,29243.10,29372.80,0,
20_07_2026_09_20,29373.90,29472.40,29327.20,29351.20,0,
20_07_2026_09_25,29355.90,29356.90,29187.20,29251.50,0,
20_07_2026_09_30,29251.90,29319.70,29202.90,29221.60,0,
20_07_2026_09_35,29219.40,29286.30,29190.80,29191.40,0,
20_07_2026_09_40,29193.80,29302.90,29179.40,29299.00,0,
20_07_2026_09_45,29297.30,29309.80,29188.90,29211.70,0,
20_07_2026_09_50,29211.50,29290.40,29204.60,29249.70,0,
20_07_2026_09_55,29247.30,29297.90,29208.70,29231.70,0,
20_07_2026_10_00,29231.70,29254.50,29218.70,29239.00,0,
20_07_2026_10_05,29238.20,29264.80,29198.20,29217.10,0,
20_07_2026_10_10,29216.50,29246.60,29171.10,29177.20,0,
20_07_2026_10_15,29178.20,29218.20,29155.80,29214.90,0,
20_07_2026_10_20,29215.30,29297.90,29215.30,29284.60,0,
20_07_2026_10_25,29286.30,29286.30,29248.00,29250.30,0,
20_07_2026_10_30,29246.30,29273.10,29245.60,29269.60,0,
20_07_2026_10_35,29269.20,29287.80,29221.30,29246.20,0,
20_07_2026_10_40,29245.30,29262.20,29222.20,29230.10,0,
20_07_2026_10_45,29231.80,29251.10,29224.30,29240.90,0,
20_07_2026_10_50,29240.30,29256.80,29223.60,29236.20,0,
20_07_2026_10_55,29234.70,29269.60,29214.80,29264.80,0,
20_07_2026_11_00,29267.10,29280.90,29257.70,29265.80,0,
20_07_2026_11_05,29261.70,29284.60,29235.10,29263.80,0,
20_07_2026_11_10,29262.30,29268.30,29245.30,29252.30,0,
20_07_2026_11_15,29252.30,29278.60,29239.10,29277.20,0,
20_07_2026_11_20,29279.20,29308.80,29243.90,29257.50,0,
20_07_2026_11_25,29257.60,29272.80,29225.70,29228.00,0,
20_07_2026_11_30,29229.50,29244.90,29210.90,29229.20,0,
20_07_2026_11_35,29230.70,29234.10,29203.30,29223.30,0,
20_07_2026_11_40,29221.70,29223.20,29200.80,29202.80,0,
20_07_2026_11_45,29204.70,29221.70,29198.50,29202.60,0,
20_07_2026_11_50,29203.10,29206.10,29155.30,29159.90,0,
20_07_2026_11_55,29160.00,29165.20,29144.60,29159.50,0,
20_07_2026_12_00,29159.80,29183.20,29148.30,29156.10,0,
20_07_2026_12_05,29154.80,29185.80,29154.80,29185.80,0,
20_07_2026_12_10,29185.90,29195.50,29127.30,29134.20,0,
20_07_2026_12_15,29134.90,29151.80,29118.00,29139.40,0,
20_07_2026_12_20,29137.70,29143.80,29113.80,29136.40,0,
20_07_2026_12_25,29135.40,29167.10,29133.10,29149.00,0,
20_07_2026_12_30,29148.60,29157.70,29121.90,29134.70,0,
20_07_2026_12_35,29136.70,29163.40,29136.70,29157.80,0,
20_07_2026_12_40,29157.80,29175.10,29146.70,29172.20,0,
20_07_2026_12_45,29172.70,29182.60,29151.20,29166.40,0,
20_07_2026_12_50,29164.80,29181.30,29154.20,29165.90,0,
20_07_2026_12_55,29168.80,29197.20,29166.10,29188.30,0,
20_07_2026_13_00,29185.30,29200.20,29172.80,29189.50,0,
20_07_2026_13_05,29188.20,29209.40,29173.10,29175.20,0,
20_07_2026_13_10,29173.70,29235.80,29173.10,29234.00,0,
20_07_2026_13_15,29233.30,29240.20,29181.90,29184.10,0,
20_07_2026_13_20,29184.20,29206.20,29171.10,29197.20,0,
20_07_2026_13_25,29196.10,29214.00,29186.90,29189.40,0,
20_07_2026_13_30,29188.40,29214.30,29182.80,29185.70,0,
20_07_2026_13_35,29184.80,29208.90,29178.30,29202.70,0,
20_07_2026_13_40,29202.60,29208.60,29184.20,29190.70,0,
20_07_2026_13_45,29192.20,29223.10,29192.20,29209.30,0,
20_07_2026_13_50,29206.30,29215.10,29182.70,29191.30,0,
20_07_2026_13_55,29189.90,29203.80,29183.70,29195.50,0,
20_07_2026_14_00,29195.30,29212.90,29179.30,29191.90,0,
20_07_2026_14_05,29192.50,29207.30,29183.70,29186.70,0,
20_07_2026_14_10,29186.60,29206.80,29180.60,29206.80,0,
20_07_2026_14_15,29207.40,29220.60,29194.70,29218.70,0,
20_07_2026_14_20,29217.40,29219.90,29194.60,29194.60,0,
20_07_2026_14_25,29194.90,29204.30,29185.00,29201.40,0,
20_07_2026_14_30,29202.00,29216.70,29198.90,29214.00,0,
20_07_2026_14_35,29210.20,29214.80,29186.80,29212.50,0,
20_07_2026_14_40,29210.30,29244.80,29205.60,29230.30,0,
20_07_2026_14_45,29229.30,29240.00,29223.30,29229.40,0,
20_07_2026_14_50,29229.80,29234.60,29224.00,29226.80,0,
20_07_2026_14_55,29222.40,29241.50,29215.80,29215.80,0,
20_07_2026_15_00,29219.10,29224.30,29152.70,29174.60,0,
20_07_2026_15_05,29173.80,29176.20,29149.60,29173.10,0,
20_07_2026_15_10,29173.90,29177.70,29150.80,29156.90,0,
20_07_2026_15_15,29156.80,29164.80,29144.30,29161.90,0,
20_07_2026_15_20,29164.30,29183.80,29156.70,29181.50,0,
20_07_2026_15_25,29182.30,29190.10,29148.40,29159.30,0,
21_07_2026_09_15,29089.70,29314.70,29078.90,29177.80,0,
21_07_2026_09_20,29180.70,29327.30,29178.10,29322.90,0,
21_07_2026_09_25,29317.90,29404.50,29275.70,29388.30,0,
21_07_2026_09_30,29386.30,29415.20,29309.60,29371.60,0,
21_07_2026_09_35,29382.40,29389.30,29288.90,29292.00,0,
21_07_2026_09_40,29293.40,29293.40,29200.70,29235.30,0,
21_07_2026_09_45,29237.70,29250.80,29102.50,29121.50,0,
21_07_2026_09_50,29121.80,29197.80,29118.40,29170.80,0,
21_07_2026_09_55,29171.30,29183.60,29116.40,29126.20,0,
21_07_2026_10_00,29126.20,29174.90,29108.10,29174.90,0,
21_07_2026_10_05,29175.60,29212.70,29166.80,29183.80,0,
21_07_2026_10_10,29187.70,29188.10,29163.60,29179.80,0,
21_07_2026_10_15,29181.80,29187.70,29164.50,29172.80,0,
21_07_2026_10_20,29174.10,29174.10,29024.10,29036.90,0,
21_07_2026_10_25,29041.80,29064.80,29015.30,29044.10,0,
21_07_2026_10_30,29041.80,29045.40,29028.70,29038.30,0,
21_07_2026_10_35,29039.20,29041.80,29015.60,29016.10,0,
21_07_2026_10_40,29017.40,29038.30,28996.00,29020.90,0,
21_07_2026_10_45,29020.90,29021.20,28972.30,28982.60,0,
21_07_2026_10_50,28983.20,28984.30,28943.20,28953.80,0,
21_07_2026_10_55,28954.20,28983.20,28937.30,28942.90,0,
21_07_2026_11_00,28942.60,28994.80,28939.70,28994.80,0,
21_07_2026_11_05,28997.10,29020.20,28989.30,29015.70,0,
21_07_2026_11_10,29016.90,29041.20,28998.30,29002.40,0,
21_07_2026_11_15,29001.30,29033.60,29000.70,29015.80,0,
21_07_2026_11_20,29015.80,29017.20,28991.10,29005.10,0,
21_07_2026_11_25,29005.70,29050.40,29005.70,29023.80,0,
21_07_2026_11_30,29021.80,29041.90,29019.40,29040.90,0,
21_07_2026_11_35,29040.80,29053.40,29007.80,29020.90,0,
21_07_2026_11_40,29021.20,29027.70,29006.90,29016.30,0,
21_07_2026_11_45,29018.20,29024.70,29006.60,29018.60,0,
21_07_2026_11_50,29021.00,29063.80,29018.20,29062.00,0,
21_07_2026_11_55,29061.20,29105.40,29057.60,29076.10,0,
21_07_2026_12_00,29077.60,29091.90,29072.40,29081.80,0,
21_07_2026_12_05,29083.20,29089.90,29058.70,29064.30,0,
21_07_2026_12_10,29066.00,29066.10,29045.90,29048.20,0,
21_07_2026_12_15,29045.60,29050.80,28971.10,28991.10,0,
21_07_2026_12_20,28992.30,29009.40,28987.60,28998.20,0,
21_07_2026_12_25,28998.40,29001.10,28971.20,28976.10,0,
21_07_2026_12_30,28975.70,28979.00,28954.90,28969.50,0,
21_07_2026_12_35,28970.10,28992.70,28953.30,28968.60,0,
21_07_2026_12_40,28970.80,28974.80,28940.90,28943.10,0,
21_07_2026_12_45,28947.00,28963.90,28941.10,28958.20,0,
21_07_2026_12_50,28957.70,28986.20,28949.70,28986.20,0,
21_07_2026_12_55,28985.10,28987.90,28962.70,28967.90,0,
21_07_2026_13_00,28970.10,28976.00,28951.80,28971.30,0,
21_07_2026_13_05,28972.60,28989.30,28969.30,28973.80,0,
21_07_2026_13_10,28973.90,28977.80,28945.80,28953.40,0,
21_07_2026_13_15,28953.10,28962.60,28934.10,28938.80,0,
21_07_2026_13_20,28939.10,28957.70,28930.60,28951.20,0,
21_07_2026_13_25,28951.40,28966.00,28934.10,28947.20,0,
21_07_2026_13_30,28949.30,28974.20,28938.30,28971.20,0,
21_07_2026_13_35,28972.80,29010.90,28970.00,28994.20,0,
21_07_2026_13_40,28997.70,29001.70,28968.50,28982.20,0,
21_07_2026_13_45,28982.20,28994.40,28974.90,28987.90,0,
21_07_2026_13_50,28986.70,29000.80,28976.60,28991.80,0,
21_07_2026_13_55,28991.20,28991.90,28972.70,28977.70,0,
21_07_2026_14_00,28978.70,29012.40,28974.20,29005.90,0,
21_07_2026_14_05,29007.60,29010.20,28962.60,28968.90,0,
21_07_2026_14_10,28968.80,28988.30,28965.80,28988.30,0,
21_07_2026_14_15,28988.50,29003.60,28983.20,28987.80,0,
21_07_2026_14_20,28990.20,29019.20,28988.10,29006.70,0,
21_07_2026_14_25,29004.80,29006.60,28978.10,28978.10,0,
21_07_2026_14_30,28980.30,28993.80,28965.80,28977.10,0,
21_07_2026_14_35,28978.10,28996.90,28948.90,28957.60,0,
21_07_2026_14_40,28959.00,28978.50,28953.20,28975.90,0,
21_07_2026_14_45,28976.40,28985.20,28947.90,28975.50,0,
21_07_2026_14_50,28977.70,29001.00,28961.70,28998.90,0,
21_07_2026_14_55,29000.80,29034.70,28994.40,29030.70,0,
21_07_2026_15_00,29031.80,29031.80,28994.80,28996.80,0,
21_07_2026_15_05,28996.60,29013.20,28982.30,28982.30,0,
21_07_2026_15_10,28982.40,28986.60,28966.90,28979.20,0,
21_07_2026_15_15,28981.90,28993.10,28970.60,28984.60,0,
21_07_2026_15_20,28986.30,28986.30,28970.30,28979.10,0,
21_07_2026_15_25,28977.60,28981.90,28943.50,28956.40,0,
22_07_2026_09_15,28877.80,28913.30,28641.00,28772.20,0,
22_07_2026_09_20,28773.40,28812.60,28729.30,28806.30,0,
22_07_2026_09_25,28806.40,28820.90,28774.10,28801.80,0,
22_07_2026_09_30,28795.80,28821.20,28770.90,28771.20,0,
22_07_2026_09_35,28773.10,28793.90,28744.70,28761.10,0,
22_07_2026_09_40,28763.40,28803.20,28759.10,28783.30,0,
22_07_2026_09_45,28784.40,28804.30,28751.20,28753.80,0,
22_07_2026_09_50,28756.80,28803.10,28744.30,28756.90,0,
22_07_2026_09_55,28755.10,28816.60,28727.20,28787.90,0,
22_07_2026_10_00,28793.10,28799.10,28743.90,28762.90,0,
22_07_2026_10_05,28764.20,28906.20,28764.20,28857.60,0,
22_07_2026_10_10,28857.40,28862.20,28793.80,28794.80,0,
22_07_2026_10_15,28795.40,28797.70,28762.30,28775.70,0,
22_07_2026_10_20,28775.80,28790.40,28699.80,28699.80,0,
22_07_2026_10_25,28705.70,28709.30,28642.00,28701.70,0,
22_07_2026_10_30,28704.20,28708.70,28640.80,28641.20,0,
22_07_2026_10_35,28646.30,28665.60,28637.80,28657.90,0,
22_07_2026_10_40,28660.10,28674.60,28646.90,28652.10,0,
22_07_2026_10_45,28652.90,28684.80,28638.80,28667.90,0,
22_07_2026_10_50,28668.30,28694.20,28664.20,28693.10,0,
22_07_2026_10_55,28690.20,28738.90,28690.20,28731.80,0,
22_07_2026_11_00,28732.90,28741.30,28673.90,28686.60,0,
22_07_2026_11_05,28686.80,28717.10,28684.80,28717.10,0,
22_07_2026_11_10,28717.10,28722.50,28681.10,28681.20,0,
22_07_2026_11_15,28683.50,28693.80,28658.10,28690.40,0,
22_07_2026_11_20,28692.60,28759.80,28682.60,28758.60,0,
22_07_2026_11_25,28761.10,28788.90,28754.90,28769.40,0,
22_07_2026_11_30,28769.40,28785.40,28758.60,28782.70,0,
22_07_2026_11_35,28780.60,28791.20,28745.00,28768.40,0,
22_07_2026_11_40,28767.40,28790.20,28746.20,28775.20,0,
22_07_2026_11_45,28773.20,28787.00,28758.30,28782.70,0,
22_07_2026_11_50,28782.90,28783.30,28752.10,28754.10,0,
22_07_2026_11_55,28754.30,28762.30,28727.30,28736.60,0,
22_07_2026_12_00,28737.30,28740.10,28710.90,28720.40,0,
22_07_2026_12_05,28725.60,28734.20,28712.80,28718.90,0,
22_07_2026_12_10,28721.20,28739.80,28715.00,28727.50,0,
22_07_2026_12_15,28729.80,28752.20,28693.90,28693.90,0,
22_07_2026_12_20,28691.00,28691.00,28628.00,28649.20,0,
22_07_2026_12_25,28650.80,28664.20,28633.60,28642.10,0,
22_07_2026_12_30,28642.40,28648.70,28613.20,28622.80,0,
22_07_2026_12_35,28622.80,28625.60,28553.20,28575.70,0,
22_07_2026_12_40,28575.10,28576.40,28529.60,28547.10,0,
22_07_2026_12_45,28550.30,28575.30,28540.10,28561.30,0,
22_07_2026_12_50,28564.00,28583.80,28559.70,28566.80,0,
22_07_2026_12_55,28566.90,28579.80,28545.50,28548.40,0,
22_07_2026_13_00,28549.70,28557.70,28536.40,28550.70,0,
22_07_2026_13_05,28551.80,28555.20,28526.10,28526.10,0,
22_07_2026_13_10,28529.50,28536.30,28512.20,28528.90,0,
22_07_2026_13_15,28530.70,28555.40,28526.60,28546.90,0,
22_07_2026_13_20,28547.30,28565.90,28530.90,28530.90,0,
22_07_2026_13_25,28531.20,28547.60,28525.70,28532.90,0,
22_07_2026_13_30,28533.40,28557.40,28530.10,28541.10,0,
22_07_2026_13_35,28541.10,28590.90,28538.70,28561.30,0,
22_07_2026_13_40,28561.10,28572.20,28540.60,28567.10,0,
22_07_2026_13_45,28566.60,28573.70,28552.20,28559.80,0,
22_07_2026_13_50,28561.60,28566.30,28552.70,28557.10,0,
22_07_2026_13_55,28558.20,28563.60,28541.80,28550.30,0,
22_07_2026_14_00,28550.20,28563.70,28529.90,28554.20,0,
22_07_2026_14_05,28555.80,28579.80,28548.10,28560.80,0,
22_07_2026_14_10,28560.50,28562.30,28541.60,28551.90,0,
22_07_2026_14_15,28551.40,28573.30,28547.80,28552.60,0,
22_07_2026_14_20,28552.60,28568.20,28535.30,28537.80,0,
22_07_2026_14_25,28540.70,28540.70,28514.20,28515.00,0,
22_07_2026_14_30,28518.40,28526.60,28504.90,28521.40,0,
22_07_2026_14_35,28525.80,28556.60,28517.70,28540.90,0,
22_07_2026_14_40,28542.70,28548.30,28522.40,28532.80,0,
22_07_2026_14_45,28535.80,28542.90,28519.20,28525.30,0,
22_07_2026_14_50,28524.40,28542.70,28520.20,28538.30,0,
22_07_2026_14_55,28543.70,28543.70,28512.80,28531.90,0,
22_07_2026_15_00,28535.20,28567.80,28534.70,28546.00,0,
22_07_2026_15_05,28545.80,28572.10,28544.40,28559.00,0,
22_07_2026_15_10,28555.60,28580.60,28546.30,28575.90,0,
22_07_2026_15_15,28575.10,28579.70,28550.10,28551.30,0,
22_07_2026_15_20,28551.20,28557.30,28531.80,28546.20,0,
22_07_2026_15_25,28549.90,28557.10,28502.90,28519.00,0,
23_07_2026_09_15,28484.20,28517.20,28332.80,28416.80,0,
23_07_2026_09_20,28414.80,28444.80,28373.40,28408.10,0,
23_07_2026_09_25,28409.80,28411.60,28287.80,28291.90,0,
23_07_2026_09_30,28292.80,28359.70,28277.80,28348.40,0,
23_07_2026_09_35,28350.40,28438.00,28321.30,28427.20,0,
23_07_2026_09_40,28424.60,28451.30,28368.90,28399.70,0,
23_07_2026_09_45,28400.20,28475.40,28398.50,28472.30,0,
23_07_2026_09_50,28476.60,28496.00,28404.80,28406.00,0,
23_07_2026_09_55,28406.40,28441.10,28397.90,28416.40,0,
23_07_2026_10_00,28419.70,28455.70,28403.20,28426.10,0,
23_07_2026_10_05,28424.30,28452.40,28383.60,28429.80,0,
23_07_2026_10_10,28429.80,28496.10,28429.70,28449.80,0,
23_07_2026_10_15,28446.60,28472.20,28428.10,28440.20,0,
23_07_2026_10_20,28444.90,28507.90,28427.20,28496.60,0,
23_07_2026_10_25,28494.80,28501.50,28461.40,28488.20,0,
23_07_2026_10_30,28487.20,28490.10,28444.10,28455.80,0,
23_07_2026_10_35,28455.60,28488.10,28454.40,28471.10,0,
23_07_2026_10_40,28471.10,28512.20,28463.70,28511.80,0,
23_07_2026_10_45,28515.70,28583.80,28511.10,28559.30,0,
23_07_2026_10_50,28558.70,28566.40,28503.80,28508.50,0,
23_07_2026_10_55,28505.40,28514.20,28485.40,28505.80,0,
23_07_2026_11_00,28505.80,28514.60,28468.80,28476.80,0,
23_07_2026_11_05,28476.80,28513.00,28465.80,28493.50,0,
23_07_2026_11_10,28494.20,28550.80,28448.70,28526.80,0,
23_07_2026_11_15,28529.50,28560.30,28507.20,28516.40,0,
23_07_2026_11_20,28517.60,28520.70,28463.70,28469.50,0,
23_07_2026_11_25,28468.90,28469.80,28355.40,28355.40,0,
23_07_2026_11_30,28354.80,28367.00,28329.40,28332.30,0,
23_07_2026_11_35,28332.90,28417.80,28326.00,28409.80,0,
23_07_2026_11_40,28409.60,28444.10,28401.70,28431.30,0,
23_07_2026_11_45,28427.80,28488.40,28427.80,28479.60,0,
23_07_2026_11_50,28479.20,28513.70,28462.70,28505.90,0,
23_07_2026_11_55,28507.90,28534.40,28487.10,28530.40,0,
23_07_2026_12_00,28532.10,28581.30,28528.30,28574.80,0,
23_07_2026_12_05,28580.30,28656.80,28578.40,28643.80,0,
23_07_2026_12_10,28643.80,28654.90,28587.50,28596.80,0,
23_07_2026_12_15,28597.80,28599.30,28539.30,28542.50,0,
23_07_2026_12_20,28544.80,28545.70,28504.00,28539.10,0,
23_07_2026_12_25,28539.90,28547.10,28493.70,28496.90,0,
23_07_2026_12_30,28497.00,28501.40,28457.70,28488.10,0,
23_07_2026_12_35,28488.80,28500.80,28466.40,28468.70,0,
23_07_2026_12_40,28469.20,28477.40,28405.20,28429.30,0,
23_07_2026_12_45,28430.30,28445.60,28415.70,28423.60,0,
23_07_2026_12_50,28423.20,28437.50,28401.10,28402.80,0,
23_07_2026_12_55,28403.40,28425.90,28394.80,28403.20,0,
23_07_2026_13_00,28401.60,28409.60,28365.60,28370.40,0,
23_07_2026_13_05,28369.20,28387.80,28354.80,28380.80,0,
23_07_2026_13_10,28382.30,28422.40,28378.20,28407.80,0,
23_07_2026_13_15,28407.80,28446.30,28382.80,28424.70,0,
23_07_2026_13_20,28424.90,28428.20,28399.30,28409.60,0,
23_07_2026_13_25,28410.40,28429.30,28393.70,28415.20,0,
23_07_2026_13_30,28415.60,28445.30,28403.10,28427.50,0,
23_07_2026_13_35,28428.90,28463.20,28421.90,28462.20,0,
23_07_2026_13_40,28464.90,28490.30,28462.80,28481.80,0,
23_07_2026_13_45,28482.60,28508.50,28476.80,28504.60,0,
23_07_2026_13_50,28505.60,28530.10,28494.90,28497.40,0,
23_07_2026_13_55,28499.60,28530.20,28499.60,28527.80,0,
23_07_2026_14_00,28529.10,28535.40,28515.40,28531.50,0,
23_07_2026_14_05,28529.20,28541.80,28515.40,28532.70,0,
23_07_2026_14_10,28532.40,28544.70,28507.90,28512.10,0,
23_07_2026_14_15,28512.20,28570.40,28512.20,28540.10,0,
23_07_2026_14_20,28538.30,28561.80,28525.60,28538.90,0,
23_07_2026_14_25,28540.90,28569.90,28533.60,28566.00,0,
23_07_2026_14_30,28567.10,28679.60,28560.10,28677.70,0,
23_07_2026_14_35,28678.80,28688.90,28558.70,28558.70,0,
23_07_2026_14_40,28559.10,28559.10,28505.70,28512.80,0,
23_07_2026_14_45,28516.60,28527.80,28480.10,28481.20,0,
23_07_2026_14_50,28482.50,28519.80,28464.20,28516.80,0,
23_07_2026_14_55,28519.40,28542.30,28488.20,28501.30,0,
23_07_2026_15_00,28499.90,28517.80,28487.30,28503.90,0,
23_07_2026_15_05,28506.20,28554.70,28494.10,28540.60,0,
23_07_2026_15_10,28540.80,28540.80,28482.20,28512.70,0,
23_07_2026_15_15,28512.20,28537.30,28494.80,28525.10,0,
23_07_2026_15_20,28525.80,28589.20,28512.40,28582.90,0,
23_07_2026_15_25,28585.30,28645.30,28559.80,28618.20,0,
24_07_2026_09_15,28234.90,28763.70,28234.90,28756.60,0,
24_07_2026_09_20,28752.90,28782.80,28653.80,28663.40,0,
24_07_2026_09_25,28666.80,28671.70,28520.80,28600.30,0,
24_07_2026_09_30,28600.60,28682.00,28589.30,28604.10,0,
24_07_2026_09_35,28604.10,28618.60,28426.30,28434.20,0,
24_07_2026_09_40,28435.10,28467.30,28392.90,28454.10,0,
24_07_2026_09_45,28457.80,28580.40,28451.10,28560.20,0,
24_07_2026_09_50,28558.50,28583.80,28485.80,28568.80,0,
24_07_2026_09_55,28568.10,28568.10,28470.30,28470.30,0,
24_07_2026_10_00,28469.20,28506.90,28445.00,28483.90,0,
24_07_2026_10_05,28486.60,28488.70,28412.30,28417.30,0,
24_07_2026_10_10,28414.60,28421.80,28377.00,28390.30,0,
24_07_2026_10_15,28393.70,28432.10,28379.60,28429.10,0,
24_07_2026_10_20,28413.00,28417.30,28266.10,28291.20,0,
24_07_2026_10_25,28290.20,28313.20,28249.00,28260.20,0,
24_07_2026_10_30,28264.60,28264.70,28218.00,28239.00,0,
24_07_2026_10_35,28238.90,28334.20,28236.90,28301.60,0,
24_07_2026_10_40,28301.10,28323.80,28280.20,28323.80,0,
24_07_2026_10_45,28323.40,28334.80,28288.00,28334.80,0,
24_07_2026_10_50,28335.20,28352.30,28261.30,28278.10,0,
24_07_2026_10_55,28278.80,28309.60,28268.70,28270.90,0,
24_07_2026_11_00,28273.10,28282.90,28260.60,28262.50,0,
24_07_2026_11_05,28262.50,28265.60,28219.70,28242.50,0,
24_07_2026_11_10,28244.50,28263.80,28237.60,28242.70,0,
24_07_2026_11_15,28241.20,28287.20,28230.90,28255.30,0,
24_07_2026_11_20,28254.20,28289.80,28250.90,28260.60,0,
24_07_2026_11_25,28260.10,28261.20,28200.80,28219.40,0,
24_07_2026_11_30,28221.00,28222.80,28141.00,28161.80,0,
24_07_2026_11_35,28160.20,28239.00,28156.60,28238.20,0,
24_07_2026_11_40,28239.30,28345.80,28233.70,28328.20,0,
24_07_2026_11_45,28327.20,28352.20,28323.50,28335.10,0,
24_07_2026_11_50,28335.60,28374.30,28327.80,28347.90,0,
24_07_2026_11_55,28348.20,28350.10,28281.80,28313.60,0,
24_07_2026_12_00,28314.30,28331.80,28285.60,28331.80,0,
24_07_2026_12_05,28332.90,28344.30,28302.60,28332.40,0,
24_07_2026_12_10,28332.00,28352.80,28320.90,28339.40,0,
24_07_2026_12_15,28338.20,28396.00,28335.00,28393.10,0,
24_07_2026_12_20,28394.60,28453.40,28380.60,28449.80,0,
24_07_2026_12_25,28449.20,28473.20,28433.80,28469.70,0,
24_07_2026_12_30,28469.20,28513.60,28455.60,28471.70,0,
24_07_2026_12_35,28468.70,28491.60,28451.60,28489.90,0,
24_07_2026_12_40,28488.30,28552.80,28487.10,28552.80,0,
24_07_2026_12_45,28554.30,28564.20,28510.40,28511.70,0,
24_07_2026_12_50,28511.10,28518.70,28488.60,28505.40,0,
24_07_2026_12_55,28506.20,28550.40,28506.20,28536.20,0,
24_07_2026_13_00,28537.10,28546.70,28505.70,28511.30,0,
24_07_2026_13_05,28512.30,28530.80,28506.30,28514.10,0,
24_07_2026_13_10,28512.90,28524.20,28501.40,28519.80,0,
24_07_2026_13_15,28519.40,28539.20,28509.70,28534.30,0,
24_07_2026_13_20,28537.00,28568.80,28522.40,28567.00,0,
24_07_2026_13_25,28566.20,28604.20,28562.90,28576.20,0,
24_07_2026_13_30,28575.40,28585.20,28540.20,28550.10,0,
24_07_2026_13_35,28545.80,28550.80,28508.20,28527.60,0,
24_07_2026_13_40,28526.30,28526.90,28485.10,28506.50,0,
24_07_2026_13_45,28507.10,28517.40,28498.30,28510.80,0,
24_07_2026_13_50,28512.80,28528.40,28502.50,28514.40,0,
24_07_2026_13_55,28515.00,28583.20,28507.50,28559.80,0,
24_07_2026_14_00,28559.80,28635.90,28549.80,28632.00,0,
24_07_2026_14_05,28632.80,28645.40,28604.30,28605.70,0,
24_07_2026_14_10,28605.30,28672.00,28600.60,28668.40,0,
24_07_2026_14_15,28669.20,28698.40,28655.70,28676.10,0,
24_07_2026_14_20,28680.60,28681.30,28646.20,28673.90,0,
24_07_2026_14_25,28674.20,28684.20,28631.90,28641.70,0,
24_07_2026_14_30,28639.00,28671.30,28635.80,28653.40,0,
24_07_2026_14_35,28657.10,28730.30,28650.90,28718.80,0,
24_07_2026_14_40,28719.10,28724.20,28691.60,28695.00,0,
24_07_2026_14_45,28695.10,28767.50,28686.20,28763.40,0,
24_07_2026_14_50,28765.70,28769.70,28723.40,28730.00,0,
24_07_2026_14_55,28729.90,28773.60,28725.10,28749.10,0,
24_07_2026_15_00,28750.10,28795.20,28705.80,28790.80,0,
24_07_2026_15_05,28791.90,28802.90,28767.60,28769.60,0,
24_07_2026_15_10,28772.20,28795.80,28759.80,28793.80,0,
24_07_2026_15_15,28793.00,28812.30,28766.50,28786.70,0,
24_07_2026_15_20,28788.50,28792.20,28744.20,28759.80,0,
24_07_2026_15_25,28759.60,28762.50,28714.20,28715.20,0,
