Date,Open,High,Low,Close,Volume,
27_03_2026_09_15,24834.20,24847.70,24572.00,24613.80,0,
27_03_2026_09_20,24612.40,24726.50,24610.20,24663.00,0,
27_03_2026_09_25,24662.70,24727.30,24656.50,24676.10,0,
27_03_2026_09_30,24677.20,24677.30,24633.70,24646.60,0,
27_03_2026_09_35,24645.80,24653.90,24595.40,24620.20,0,
27_03_2026_09_40,24621.30,24687.80,24617.10,24642.80,0,
27_03_2026_09_45,24645.20,24647.70,24562.70,24566.20,0,
27_03_2026_09_50,24568.70,24568.80,24477.70,24478.50,0,
27_03_2026_09_55,24480.50,24486.90,24423.90,24434.60,0,
27_03_2026_10_00,24434.40,24527.20,24431.20,24503.70,0,
27_03_2026_10_05,24501.80,24512.60,24466.90,24509.30,0,
27_03_2026_10_10,24509.40,24512.20,24438.80,24444.80,0,
27_03_2026_10_15,24444.90,24445.60,24399.60,24399.70,0,
27_03_2026_10_20,24399.50,24473.20,24397.80,24472.60,0,
27_03_2026_10_25,24473.20,24492.30,24452.60,24488.20,0,
27_03_2026_10_30,24488.20,24530.00,24458.80,24476.00,0,
27_03_2026_10_35,24478.40,24484.20,24460.10,24478.50,0,
27_03_2026_10_40,24478.20,24490.70,24456.80,24456.80,0,
27_03_2026_10_45,24458.70,24464.80,24434.70,24443.50,0,
27_03_2026_10_50,24443.30,24454.20,24404.20,24404.20,0,
27_03_2026_10_55,24407.00,24437.00,24399.20,24412.80,0,
27_03_2026_11_00,24412.90,24432.90,24387.40,24404.90,0,
27_03_2026_11_05,24404.90,24421.40,24384.70,24418.00,0,
27_03_2026_11_10,24420.20,24433.20,24393.80,24414.50,0,
27_03_2026_11_15,24415.10,24433.80,24403.30,24409.60,0,
27_03_2026_11_20,24410.50,24431.80,24401.10,24403.70,0,
27_03_2026_11_25,24402.80,24420.10,24394.60,24410.40,0,
27_03_2026_11_30,24410.70,24417.50,24381.10,24386.70,0,
27_03_2026_11_35,24388.20,24416.20,24382.30,24393.20,0,
27_03_2026_11_40,24393.40,24410.80,24383.90,24405.80,0,
27_03_2026_11_45,24406.50,24422.20,24385.70,24396.20,0,
27_03_2026_11_50,24395.80,24437.20,24391.60,24411.70,0,
27_03_2026_11_55,24412.70,24413.30,24383.00,24392.60,0,
27_03_2026_12_00,24392.20,24392.30,24343.70,24359.80,0,
27_03_2026_12_05,24358.80,24360.80,24333.70,24348.80,0,
27_03_2026_12_10,24349.20,24351.10,24324.30,24333.80,0,
27_03_2026_12_15,24333.90,24344.60,24301.40,24308.90,0,
27_03_2026_12_20,24308.20,24349.90,24307.00,24349.10,0,
27_03_2026_12_25,24349.50,24400.90,24344.80,24392.80,0,
27_03_2026_12_30,24392.20,24414.30,24375.10,24414.20,0,
27_03_2026_12_35,24414.00,24434.40,24407.40,24416.60,0,
27_03_2026_12_40,24416.20,24458.20,24392.70,24458.20,0,
27_03_2026_12_45,24458.20,24461.90,24437.60,24443.70,0,
27_03_2026_12_50,24443.90,24493.10,24443.50,24487.80,0,
27_03_2026_12_55,24487.60,24488.20,24461.80,24470.80,0,
27_03_2026_13_00,24470.30,24479.40,24437.10,24437.70,0,
27_03_2026_13_05,24437.80,24453.20,24426.20,24430.50,0,
27_03_2026_13_10,24431.30,24475.20,24430.70,24470.90,0,
27_03_2026_13_15,24470.20,24539.90,24463.90,24512.80,0,
27_03_2026_13_20,24512.70,24512.70,24463.20,24480.80,0,
27_03_2026_13_25,24481.70,24498.40,24458.00,24458.90,0,
27_03_2026_13_30,24458.60,24460.20,24436.10,24436.10,0,
27_03_2026_13_35,24436.60,24449.80,24420.20,24422.50,0,
27_03_2026_13_40,24421.20,24476.80,24418.30,24459.00,0,
27_03_2026_13_45,24460.00,24472.80,24433.90,24440.20,0,
27_03_2026_13_50,24440.40,24468.30,24436.20,24461.20,0,
27_03_2026_13_55,24461.70,24475.10,24441.20,24463.90,0,
27_03_2026_14_00,24464.90,24473.90,24448.60,24469.60,0,
27_03_2026_14_05,24469.20,24474.30,24441.20,24463.70,0,
27_03_2026_14_10,24466.70,24482.90,24445.20,24482.10,0,
27_03_2026_14_15,24480.10,24482.50,24446.20,24447.00,0,
27_03_2026_14_20,24447.00,24462.80,24437.90,24451.20,0,
27_03_2026_14_25,24450.90,24457.60,24415.90,24441.70,0,
27_03_2026_14_30,24441.90,24444.10,24399.20,24404.20,0,
27_03_2026_14_35,24405.40,24413.60,24379.20,24383.00,0,
27_03_2026_14_40,24384.80,24441.40,24375.90,24419.70,0,
27_03_2026_14_45,24419.60,24426.70,24400.00,24414.40,0,
27_03_2026_14_50,24415.30,24420.20,24396.30,24406.80,0,
27_03_2026_14_55,24409.60,24431.10,24394.10,24406.30,0,
27_03_2026_15_00,24409.40,24409.40,24345.80,24366.30,0,
27_03_2026_15_05,24365.30,24366.70,24332.80,24341.80,0,
27_03_2026_15_10,24341.90,24356.80,24324.20,24331.30,0,
27_03_2026_15_15,24331.10,24375.60,24322.40,24372.80,0,
27_03_2026_15_20,24373.10,24373.10,24346.90,24361.30,0,
27_03_2026_15_25,24362.70,24379.30,24341.90,24355.60,0,
30_03_2026_09_15,24016.80,24083.00,23848.90,24003.90,0,
30_03_2026_09_20,24003.10,24064.70,23990.40,23997.20,0,
30_03_2026_09_25,23996.80,24036.50,23971.90,24028.30,0,
30_03_2026_09_30,24029.90,24179.00,24029.90,24175.40,0,
30_03_2026_09_35,24173.80,24193.10,24128.60,24128.60,0,
30_03_2026_09_40,24128.10,24134.20,24101.60,24116.90,0,
30_03_2026_09_45,24116.40,24172.70,24115.90,24119.40,0,
30_03_2026_09_50,24119.10,24170.50,24084.50,24134.70,0,
30_03_2026_09_55,24133.80,24152.70,24098.10,24130.20,0,
30_03_2026_10_00,24129.70,24182.80,24122.80,24169.60,0,
30_03_2026_10_05,24167.70,24167.70,24058.90,24081.70,0,
30_03_2026_10_10,24079.90,24108.40,24044.50,24108.40,0,
30_03_2026_10_15,24107.80,24120.20,24027.90,24032.60,0,
30_03_2026_10_20,24031.40,24055.60,24018.30,24030.90,0,
30_03_2026_10_25,24031.20,24034.40,23997.40,23997.40,0,
30_03_2026_10_30,23997.40,23999.10,23967.20,23975.70,0,
30_03_2026_10_35,23974.20,24009.10,23965.20,23998.80,0,
30_03_2026_10_40,23998.70,24017.80,23957.50,23959.40,0,
30_03_2026_10_45,23958.10,23996.70,23953.30,23995.30,0,
30_03_2026_10_50,23995.60,23995.60,23928.20,23932.00,0,
30_03_2026_10_55,23932.70,23984.80,23912.80,23927.80,0,
30_03_2026_11_00,23928.10,23938.40,23907.90,23935.60,0,
30_03_2026_11_05,23936.00,23943.10,23913.90,23913.90,0,
30_03_2026_11_10,23912.40,23922.80,23889.10,23909.60,0,
30_03_2026_11_15,23909.70,23934.30,23906.90,23921.70,0,
30_03_2026_11_20,23921.20,23954.80,23903.40,23928.60,0,
30_03_2026_11_25,23927.30,23928.20,23889.30,23902.50,0,
30_03_2026_11_30,23900.70,23932.20,23891.80,23929.20,0,
30_03_2026_11_35,23929.00,23981.40,23928.90,23940.40,0,
30_03_2026_11_40,23938.80,23947.20,23915.30,23916.80,0,
30_03_2026_11_45,23917.60,23917.60,23890.20,23902.50,0,
30_03_2026_11_50,23901.70,23919.40,23888.40,23915.60,0,
30_03_2026_11_55,23915.10,23932.70,23884.60,23903.70,0,
30_03_2026_12_00,23904.60,24004.40,23894.90,23978.40,0,
30_03_2026_12_05,23977.60,24034.50,23954.00,23970.70,0,
30_03_2026_12_10,23970.20,23990.10,23959.90,23974.70,0,
30_03_2026_12_15,23973.90,23986.60,23947.70,23952.90,0,
30_03_2026_12_20,23953.20,23982.60,23907.20,23909.70,0,
30_03_2026_12_25,23910.20,23914.90,23865.20,23902.20,0,
30_03_2026_12_30,23900.40,23909.80,23888.00,23899.60,0,
30_03_2026_12_35,23900.40,23970.10,23898.60,23965.80,0,
30_03_2026_12_40,23965.90,23996.90,23955.50,23967.90,0,
30_03_2026_12_45,23967.70,23970.40,23920.40,23921.30,0,
30_03_2026_12_50,23920.20,23923.90,23883.40,23903.60,0,
30_03_2026_12_55,23903.80,23912.80,23891.70,23910.80,0,
30_03_2026_13_00,23910.70,23915.90,23891.30,23900.80,0,
30_03_2026_13_05,23900.10,23926.30,23896.70,23919.80,0,
30_03_2026_13_10,23919.40,23947.90,23907.50,23926.20,0,
30_03_2026_13_15,23926.00,23953.20,23921.20,23931.90,0,
30_03_2026_13_20,23933.30,23951.80,23924.80,23941.90,0,
30_03_2026_13_25,23940.40,23943.90,23892.20,23925.00,0,
30_03_2026_13_30,23923.60,23991.60,23919.70,23991.20,0,
30_03_2026_13_35,23991.90,24022.10,23971.20,24000.50,0,
30_03_2026_13_40,23997.80,24002.80,23938.30,23948.80,0,
30_03_2026_13_45,23950.20,23957.40,23912.80,23913.20,0,
30_03_2026_13_50,23910.10,23919.60,23887.80,23891.70,0,
30_03_2026_13_55,23892.10,23908.90,23885.60,23903.10,0,
30_03_2026_14_00,23902.20,23989.40,23895.40,23954.80,0,
30_03_2026_14_05,23955.20,23971.10,23932.20,23932.20,0,
30_03_2026_14_10,23929.70,23934.90,23892.70,23900.80,0,
30_03_2026_14_15,23900.70,23921.50,23895.70,23907.10,0,
30_03_2026_14_20,23906.80,23937.50,23879.30,23887.60,0,
30_03_2026_14_25,23887.60,23909.20,23882.10,23887.60,0,
30_03_2026_14_30,23887.30,23910.20,23828.10,23829.70,0,
30_03_2026_14_35,23824.30,23848.30,23814.50,23845.70,0,
30_03_2026_14_40,23844.20,23870.30,23832.60,23839.00,0,
30_03_2026_14_45,23837.30,23863.00,23832.10,23854.10,0,
30_03_2026_14_50,23851.80,23864.70,23796.30,23801.70,0,
30_03_2026_14_55,23800.10,23809.80,23773.30,23784.70,0,
30_03_2026_15_00,23784.10,23784.40,23708.20,23712.30,0,
30_03_2026_15_05,23712.90,23740.40,23711.10,23728.30,0,
30_03_2026_15_10,23728.90,23809.20,23728.00,23796.20,0,
30_03_2026_15_15,23797.10,23813.70,23777.70,23777.90,0,
30_03_2026_15_20,23777.50,23814.70,23775.20,23812.90,0,
30_03_2026_15_25,23813.90,23835.50,23774.10,23779.20,0,
01_04_2026_09_15,24508.80,24560.40,24394.50,24507.20,0,
01_04_2026_09_20,24505.80,24552.20,24496.80,24514.20,0,
01_04_2026_09_25,24513.90,24626.90,24513.80,24624.10,0,
01_04_2026_09_30,24619.80,24646.50,24494.10,24514.00,0,
01_04_2026_09_35,24513.80,24514.70,24462.30,24470.70,0,
01_04_2026_09_40,24471.60,24543.40,24467.80,24496.80,0,
01_04_2026_09_45,24496.90,24572.80,24478.80,24561.60,0,
01_04_2026_09_50,24561.20,24614.80,24561.10,24591.20,0,
01_04_2026_09_55,24589.20,24591.60,24532.00,24539.10,0,
01_04_2026_10_00,24539.60,24587.40,24530.70,24567.80,0,
01_04_2026_10_05,24568.20,24581.70,24543.30,24555.10,0,
01_04_2026_10_10,24554.30,24554.30,24461.30,24478.30,0,
01_04_2026_10_15,24476.80,24510.10,24474.10,24500.30,0,
01_04_2026_10_20,24500.60,24507.60,24442.80,24444.70,0,
01_04_2026_10_25,24444.60,24444.60,24364.40,24386.00,0,
01_04_2026_10_30,24392.20,24437.40,24369.80,24425.90,0,
01_04_2026_10_35,24425.80,24452.60,24423.60,24452.10,0,
01_04_2026_10_40,24452.80,24454.20,24415.10,24441.10,0,
01_04_2026_10_45,24444.40,24459.20,24422.80,24441.20,0,
01_04_2026_10_50,24440.60,24440.90,24400.30,24400.60,0,
01_04_2026_10_55,24402.00,24402.00,24360.40,24371.40,0,
01_04_2026_11_00,24370.80,24370.80,24309.80,24311.90,0,
01_04_2026_11_05,24310.70,24366.70,24304.60,24340.00,0,
01_04_2026_11_10,24338.40,24363.10,24309.60,24314.50,0,
01_04_2026_11_15,24314.80,24332.80,24303.80,24327.30,0,
01_04_2026_11_20,24327.90,24356.80,24318.00,24342.30,0,
01_04_2026_11_25,24342.80,24359.10,24315.90,24317.00,0,
01_04_2026_11_30,24317.90,24389.30,24316.80,24366.40,0,
01_04_2026_11_35,24366.50,24397.80,24347.10,24385.70,0,
01_04_2026_11_40,24385.20,24385.80,24342.20,24344.80,0,
01_04_2026_11_45,24343.30,24343.90,24265.40,24300.10,0,
01_04_2026_11_50,24298.10,24313.50,24285.10,24286.80,0,
01_04_2026_11_55,24286.50,24323.30,24270.60,24319.80,0,
01_04_2026_12_00,24318.80,24397.50,24318.80,24381.40,0,
01_04_2026_12_05,24381.20,24404.90,24360.50,24403.70,0,
01_04_2026_12_10,24400.60,24434.70,24392.40,24434.00,0,
01_04_2026_12_15,24432.60,24460.90,24406.10,24407.30,0,
01_04_2026_12_20,24406.20,24406.20,24379.70,24393.30,0,
01_04_2026_12_25,24392.30,24411.80,24373.40,24410.70,0,
01_04_2026_12_30,24409.30,24437.30,24409.30,24421.70,0,
01_04_2026_12_35,24419.20,24442.30,24405.80,24441.40,0,
01_04_2026_12_40,24439.80,24452.10,24418.00,24440.80,0,
01_04_2026_12_45,24441.10,24491.30,24439.80,24476.90,0,
01_04_2026_12_50,24476.80,24486.20,24456.40,24484.00,0,
01_04_2026_12_55,24483.10,24484.90,24454.60,24457.10,0,
01_04_2026_13_00,24457.70,24470.90,24436.70,24441.60,0,
01_04_2026_13_05,24441.50,24479.60,24440.50,24461.40,0,
01_04_2026_13_10,24461.20,24515.10,24448.20,24515.10,0,
01_04_2026_13_15,24514.90,24526.20,24459.10,24468.00,0,
01_04_2026_13_20,24466.70,24479.20,24450.20,24475.70,0,
01_04_2026_13_25,24473.90,24485.40,24457.90,24483.70,0,
01_04_2026_13_30,24484.10,24484.40,24431.00,24443.30,0,
01_04_2026_13_35,24442.50,24443.70,24389.10,24438.20,0,
01_04_2026_13_40,24435.40,24435.40,24297.10,24337.80,0,
01_04_2026_13_45,24337.60,24395.70,24300.40,24388.10,0,
01_04_2026_13_50,24388.00,24404.10,24380.90,24397.10,0,
01_04_2026_13_55,24396.70,24420.60,24356.80,24370.40,0,
01_04_2026_14_00,24371.50,24395.40,24353.10,24387.50,0,
01_04_2026_14_05,24387.30,24412.20,24384.30,24402.30,0,
01_04_2026_14_10,24401.80,24403.60,24352.30,24376.20,0,
01_04_2026_14_15,24376.20,24379.60,24302.40,24340.80,0,
01_04_2026_14_20,24340.40,24342.30,24284.50,24302.20,0,
01_04_2026_14_25,24302.10,24307.90,24281.90,24303.30,0,
01_04_2026_14_30,24303.80,24304.50,24211.60,24227.70,0,
01_04_2026_14_35,24229.30,24233.80,24183.90,24186.00,0,
01_04_2026_14_40,24182.40,24208.00,24146.30,24189.20,0,
01_04_2026_14_45,24188.70,24189.60,24132.40,24160.40,0,
01_04_2026_14_50,24161.10,24195.50,24148.60,24184.60,0,
01_04_2026_14_55,24184.30,24244.80,24173.60,24213.80,0,
01_04_2026_15_00,24210.60,24252.60,24194.30,24221.60,0,
01_04_2026_15_05,24222.20,24252.00,24220.50,24249.00,0,
01_04_2026_15_10,24249.80,24254.20,24232.90,24236.40,0,
01_04_2026_15_15,24235.70,24262.30,24224.10,24253.70,0,
01_04_2026_15_20,24255.70,24258.00,24244.60,24250.70,0,
01_04_2026_15_25,24251.60,24252.50,24182.20,24218.10,0,
02_04_2026_09_15,23913.20,23913.20,23574.10,23632.20,0,
02_04_2026_09_20,23633.70,23676.90,23606.10,23643.30,0,
02_04_2026_09_25,23645.80,23712.20,23631.10,23696.20,0,
02_04_2026_09_30,23695.60,23738.40,23689.70,23714.80,0,
02_04_2026_09_35,23715.00,23742.90,23677.70,23705.60,0,
02_04_2026_09_40,23706.30,23755.90,23700.70,23723.40,0,
02_04_2026_09_45,23723.50,23723.80,23623.90,23626.20,0,
02_04_2026_09_50,23626.80,23639.90,23578.60,23578.60,0,
02_04_2026_09_55,23579.20,23612.40,23572.60,23576.90,0,
02_04_2026_10_00,23577.10,23646.90,23562.00,23627.50,0,
02_04_2026_10_05,23627.50,23631.80,23575.00,23578.10,0,
02_04_2026_10_10,23577.70,23659.30,23575.70,23648.90,0,
02_04_2026_10_15,23650.40,23650.40,23594.90,23605.40,0,
02_04_2026_10_20,23605.80,23638.60,23587.20,23588.90,0,
02_04_2026_10_25,23590.90,23640.30,23587.40,23618.80,0,
02_04_2026_10_30,23619.80,23658.90,23617.30,23639.80,0,
02_04_2026_10_35,23640.00,23664.30,23627.80,23633.00,0,
02_04_2026_10_40,23633.90,23664.40,23629.90,23642.00,0,
02_04_2026_10_45,23642.20,23644.90,23583.40,23611.90,0,
02_04_2026_10_50,23614.20,23658.30,23585.30,23636.40,0,
02_04_2026_10_55,23637.10,23652.70,23614.30,23629.10,0,
02_04_2026_11_00,23629.70,23647.80,23607.50,23609.00,0,
02_04_2026_11_05,23613.40,23637.40,23603.80,23619.80,0,
02_04_2026_11_10,23618.90,23632.20,23597.20,23618.10,0,
02_04_2026_11_15,23618.30,23623.90,23599.80,23601.40,0,
02_04_2026_11_20,23601.40,23611.60,23592.80,23607.90,0,
02_04_2026_11_25,23608.00,23625.40,23563.90,23568.70,0,
02_04_2026_11_30,23568.80,23601.40,23560.10,23600.60,0,
02_04_2026_11_35,23600.80,23617.20,23595.30,23606.70,0,
02_04_2026_11_40,23604.70,23612.40,23589.60,23596.90,0,
02_04_2026_11_45,23596.20,23652.20,23595.10,23643.70,0,
02_04_2026_11_50,23643.80,23667.30,23641.70,23666.80,0,
02_04_2026_11_55,23666.80,23745.30,23648.40,23715.60,0,
02_04_2026_12_00,23718.50,23730.00,23673.60,23676.30,0,
02_04_2026_12_05,23679.40,23681.60,23648.70,23672.90,0,
02_04_2026_12_10,23675.10,23687.40,23667.90,23682.50,0,
02_04_2026_12_15,23684.80,23698.20,23674.20,23679.10,0,
02_04_2026_12_20,23679.80,23688.80,23631.20,23670.90,0,
02_04_2026_12_25,23670.50,23703.40,23658.60,23703.40,0,
02_04_2026_12_30,23703.90,23751.40,23695.30,23725.60,0,
02_04_2026_12_35,23726.30,23773.30,23719.90,23747.00,0,
02_04_2026_12_40,23751.90,23786.50,23745.30,23781.70,0,
02_04_2026_12_45,23783.80,23786.70,23749.90,23776.90,0,
02_04_2026_12_50,23778.50,23781.70,23738.20,23751.40,0,
02_04_2026_12_55,23751.80,23834.80,23747.90,23834.80,0,
02_04_2026_13_00,23835.20,23872.30,23822.60,23826.70,0,
02_04_2026_13_05,23825.80,23830.90,23789.40,23816.90,0,
02_04_2026_13_10,23815.80,23815.80,23779.80,23803.40,0,
02_04_2026_13_15,23800.20,23829.80,23790.20,23827.90,0,
02_04_2026_13_20,23827.40,23903.00,23819.70,23903.00,0,
02_04_2026_13_25,23903.50,23989.70,23894.90,23982.90,0,
02_04_2026_13_30,23982.80,24016.60,23950.80,23971.60,0,
02_04_2026_13_35,23971.20,24014.10,23936.20,24009.90,0,
02_04_2026_13_40,24011.10,24024.60,23988.80,24023.10,0,
02_04_2026_13_45,24023.40,24051.50,24010.20,24020.00,0,
02_04_2026_13_50,24019.40,24061.70,24003.60,24034.60,0,
02_04_2026_13_55,24035.30,24050.80,23993.00,24031.80,0,
02_04_2026_14_00,24031.90,24071.30,24013.80,24069.80,0,
02_04_2026_14_05,24069.10,24071.40,24024.10,24058.40,0,
02_04_2026_14_10,24057.90,24148.20,24056.70,24142.10,0,
02_04_2026_14_15,24139.80,24171.20,24102.20,24143.10,0,
02_04_2026_14_20,24142.80,24153.20,24123.40,24150.20,0,
02_04_2026_14_25,24151.20,24162.70,24110.30,24121.20,0,
02_04_2026_14_30,24119.60,24157.60,24103.20,24141.20,0,
02_04_2026_14_35,24143.60,24150.80,24071.40,24091.80,0,
02_04_2026_14_40,24092.70,24099.90,23990.50,23996.60,0,
02_04_2026_14_45,23996.20,24057.80,23974.50,24027.80,0,
02_04_2026_14_50,24026.80,24067.90,24021.20,24061.70,0,
02_04_2026_14_55,24062.40,24066.20,24032.90,24050.00,0,
02_04_2026_15_00,24048.30,24099.70,24048.30,24071.20,0,
02_04_2026_15_05,24071.50,24137.70,24059.20,24136.80,0,
02_04_2026_15_10,24137.60,24149.20,24098.60,24106.60,0,
02_04_2026_15_15,24106.80,24112.80,24059.80,24059.80,0,
02_04_2026_15_20,24060.30,24082.80,24029.30,24075.10,0,
02_04_2026_15_25,24076.40,24093.20,24066.20,24070.70,0,
06_04_2026_09_15,24159.40,24233.30,23896.40,23993.10,0,
06_04_2026_09_20,23992.90,24066.10,23974.40,24010.50,0,
06_04_2026_09_25,24015.60,24058.10,23997.60,24048.20,0,
06_04_2026_09_30,24046.10,24225.30,24031.60,24210.40,0,
06_04_2026_09_35,24213.60,24331.70,24207.10,24258.70,0,
06_04_2026_09_40,24260.20,24280.10,24141.90,24192.00,0,
06_04_2026_09_45,24192.20,24227.20,24156.20,24168.80,0,
06_04_2026_09_50,24171.30,24172.20,24117.80,24136.10,0,
06_04_2026_09_55,24135.20,24143.80,24089.30,24089.30,0,
06_04_2026_10_00,24088.80,24118.10,24071.40,24106.20,0,
06_04_2026_10_05,24106.40,24187.60,24105.80,24166.70,0,
06_04_2026_10_10,24167.00,24201.50,24147.20,24201.20,0,
06_04_2026_10_15,24198.10,24227.90,24115.90,24154.30,0,
06_04_2026_10_20,24154.10,24170.70,24126.00,24126.00,0,
06_04_2026_10_25,24121.90,24123.60,24041.90,24087.00,0,
06_04_2026_10_30,24084.70,24093.80,24027.70,24087.70,0,
06_04_2026_10_35,24089.10,24128.80,24079.80,24120.50,0,
06_04_2026_10_40,24119.30,24120.20,24070.70,24111.10,0,
06_04_2026_10_45,24110.40,24127.90,24093.20,24118.40,0,
06_04_2026_10_50,24119.10,24151.40,24082.70,24101.00,0,
06_04_2026_10_55,24100.70,24135.60,24093.60,24118.50,0,
06_04_2026_11_00,24118.40,24121.40,24064.90,24064.90,0,
06_04_2026_11_05,24063.10,24072.80,24044.20,24044.20,0,
06_04_2026_11_10,24046.20,24046.60,23975.90,24017.10,0,
06_04_2026_11_15,24014.70,24041.70,23989.70,24041.70,0,
06_04_2026_11_20,24042.20,24066.10,24010.70,24023.30,0,
06_04_2026_11_25,24023.20,24055.90,24014.10,24055.10,0,
06_04_2026_11_30,24055.30,24061.40,24006.70,24028.20,0,
06_04_2026_11_35,24029.40,24073.10,24014.20,24039.80,0,
06_04_2026_11_40,24038.40,24085.10,24034.10,24081.70,0,
06_04_2026_11_45,24083.60,24105.10,24071.20,24089.70,0,
06_04_2026_11_50,24090.20,24177.70,24089.40,24142.90,0,
06_04_2026_11_55,24143.00,24173.40,24122.20,24140.20,0,
06_04_2026_12_00,24139.70,24151.30,24122.30,24130.50,0,
06_04_2026_12_05,24130.20,24151.20,24120.40,24128.80,0,
06_04_2026_12_10,24127.10,24133.50,24103.40,24107.90,0,
06_04_2026_12_15,24108.30,24124.60,24099.90,24106.90,0,
06_04_2026_12_20,24107.10,24193.40,24105.60,24149.50,0,
06_04_2026_12_25,24150.80,24179.20,24140.20,24155.20,0,
06_04_2026_12_30,24152.30,24170.90,24097.10,24101.60,0,
06_04_2026_12_35,24101.90,24126.70,24093.10,24119.80,0,
06_04_2026_12_40,24122.20,24153.80,24119.80,24145.40,0,
06_04_2026_12_45,24146.30,24206.20,24144.20,24203.20,0,
06_04_2026_12_50,24203.80,24226.80,24181.10,24208.60,0,
06_04_2026_12_55,24208.80,24242.10,24205.80,24240.00,0,
06_04_2026_13_00,24240.50,24260.40,24181.80,24188.80,0,
06_04_2026_13_05,24189.20,24222.80,24189.20,24216.50,0,
06_04_2026_13_10,24217.20,24273.90,24215.80,24256.70,0,
06_04_2026_13_15,24255.80,24269.90,24234.30,24258.80,0,
06_04_2026_13_20,24258.30,24277.30,24248.60,24272.40,0,
06_04_2026_13_25,24270.80,24285.40,24224.80,24247.30,0,
06_04_2026_13_30,24248.40,24273.10,24247.80,24266.00,0,
06_04_2026_13_35,24265.30,24278.10,24240.90,24241.60,0,
06_04_2026_13_40,24240.70,24254.20,24213.60,24221.80,0,
06_04_2026_13_45,24222.30,24254.70,24216.40,24226.00,0,
06_04_2026_13_50,24225.80,24269.20,24224.10,24268.30,0,
06_04_2026_13_55,24268.90,24271.20,24242.40,24257.40,0,
06_04_2026_14_00,24258.10,24301.80,24251.20,24300.20,0,
06_04_2026_14_05,24300.30,24311.70,24244.90,24245.90,0,
06_04_2026_14_10,24246.80,24313.80,24244.10,24311.70,0,
06_04_2026_14_15,24312.60,24320.60,24285.80,24309.30,0,
06_04_2026_14_20,24309.20,24318.80,24292.30,24292.70,0,
06_04_2026_14_25,24292.20,24296.40,24265.30,24288.10,0,
06_04_2026_14_30,24288.10,24327.30,24287.40,24308.50,0,
06_04_2026_14_35,24309.60,24321.10,24283.40,24300.70,0,
06_04_2026_14_40,24301.60,24308.40,24259.10,24272.80,0,
06_04_2026_14_45,24271.20,24297.50,24268.10,24286.40,0,
06_04_2026_14_50,24287.50,24298.20,24270.60,24282.80,0,
06_04_2026_14_55,24280.30,24304.00,24248.20,24289.80,0,
06_04_2026_15_00,24290.30,24335.40,24277.10,24334.80,0,
06_04_2026_15_05,24334.70,24352.40,24326.20,24350.30,0,
06_04_2026_15_10,24350.60,24371.30,24340.20,24366.80,0,
06_04_2026_15_15,24366.60,24376.10,24345.80,24360.60,0,
06_04_2026_15_20,24360.70,24360.70,24342.20,24352.40,0,
06_04_2026_15_25,24351.90,24379.80,24344.20,24350.60,0,
07_04_2026_09_15,24194.40,24233.00,23848.70,23866.80,0,
07_04_2026_09_20,23872.20,23948.10,23839.10,23929.00,0,
07_04_2026_09_25,23928.70,24039.90,23927.90,24039.50,0,
07_04_2026_09_30,24039.90,24042.10,23993.10,23993.10,0,
07_04_2026_09_35,23991.20,24035.30,23974.30,23999.90,0,
07_04_2026_09_40,24001.60,24024.20,23958.00,23971.60,0,
07_04_2026_09_45,23971.60,24048.80,23971.60,23990.20,0,
07_04_2026_09_50,23989.30,24019.80,23976.80,23981.10,0,
07_04_2026_09_55,23980.10,24033.10,23977.30,24027.60,0,
07_04_2026_10_00,24027.60,24062.80,24013.50,24052.70,0,
07_04_2026_10_05,24052.10,24080.30,24026.80,24042.10,0,
07_04_2026_10_10,24042.40,24069.40,24025.20,24063.30,0,
07_04_2026_10_15,24062.80,24135.30,24056.20,24127.60,0,
07_04_2026_10_20,24127.40,24159.80,24072.80,24095.20,0,
07_04_2026_10_25,24094.70,24153.30,24089.20,24140.60,0,
07_04_2026_10_30,24140.60,24157.70,24112.20,24114.40,0,
07_04_2026_10_35,24114.00,24135.60,24074.60,24133.70,0,
07_04_2026_10_40,24132.90,24183.40,24131.80,24160.40,0,
07_04_2026_10_45,24160.80,24174.20,24121.30,24130.10,0,
07_04_2026_10_50,24130.20,24132.30,24036.60,24047.20,0,
07_04_2026_10_55,24051.40,24080.40,24009.90,24019.20,0,
07_04_2026_11_00,24021.40,24030.30,23982.80,24019.60,0,
07_04_2026_11_05,24018.90,24045.40,24008.20,24041.30,0,
07_04_2026_11_10,24040.50,24049.20,24012.20,24021.20,0,
07_04_2026_11_15,24022.80,24070.40,24012.10,24066.80,0,
07_04_2026_11_20,24067.20,24109.90,24064.70,24100.70,0,
07_04_2026_11_25,24101.90,24135.30,24094.80,24123.30,0,
07_04_2026_11_30,24123.80,24139.80,24114.70,24127.90,0,
07_04_2026_11_35,24127.60,24145.50,24103.30,24127.50,0,
07_04_2026_11_40,24129.90,24130.50,24088.10,24101.70,0,
07_04_2026_11_45,24100.80,24126.70,24098.70,24114.30,0,
07_04_2026_11_50,24117.80,24154.80,24114.60,24154.00,0,
07_04_2026_11_55,24156.30,24226.60,24155.70,24214.80,0,
07_04_2026_12_00,24216.10,24216.90,24159.20,24165.50,0,
07_04_2026_12_05,24163.60,24166.00,24137.60,24160.60,0,
07_04_2026_12_10,24159.60,24161.70,24110.90,24156.40,0,
07_04_2026_12_15,24156.70,24167.70,24139.70,24149.20,0,
07_04_2026_12_20,24150.10,24154.70,24126.80,24131.60,0,
07_04_2026_12_25,24131.80,24158.50,24131.80,24152.50,0,
07_04_2026_12_30,24153.80,24178.60,24152.20,24159.40,0,
07_04_2026_12_35,24159.80,24171.80,24138.50,24171.80,0,
07_04_2026_12_40,24172.70,24177.60,24146.40,24169.00,0,
07_04_2026_12_45,24169.20,24173.60,24143.80,24155.80,0,
07_04_2026_12_50,24157.30,24165.60,24145.70,24152.50,0,
07_04_2026_12_55,24152.90,24158.40,24123.10,24129.60,0,
07_04_2026_13_00,24129.80,24167.70,24118.60,24158.60,0,
07_04_2026_13_05,24159.30,24164.70,24144.60,24151.20,0,
07_04_2026_13_10,24151.90,24181.70,24147.00,24170.10,0,
07_04_2026_13_15,24170.20,24205.80,24170.20,24200.00,0,
07_04_2026_13_20,24200.70,24200.70,24155.90,24158.80,0,
07_04_2026_13_25,24158.80,24174.90,24140.80,24174.80,0,
07_04_2026_13_30,24174.80,24263.30,24172.60,24244.60,0,
07_04_2026_13_35,24244.20,24270.40,24239.80,24264.80,0,
07_04_2026_13_40,24264.70,24314.40,24259.60,24297.00,0,
07_04_2026_13_45,24296.60,24301.80,24255.70,24262.40,0,
07_04_2026_13_50,24265.90,24266.10,24210.00,24255.20,0,
07_04_2026_13_55,24257.30,24262.40,24180.60,24201.20,0,
07_04_2026_14_00,24201.40,24261.20,24196.20,24256.10,0,
07_04_2026_14_05,24256.40,24261.30,24227.00,24246.10,0,
07_04_2026_14_10,24247.40,24250.30,24204.50,24241.40,0,
07_04_2026_14_15,24241.40,24275.30,24236.40,24249.90,0,
07_04_2026_14_20,24251.40,24285.10,24241.80,24272.60,0,
07_04_2026_14_25,24272.40,24328.40,24271.70,24308.40,0,
07_04_2026_14_30,24309.80,24355.10,24307.10,24325.40,0,
07_04_2026_14_35,24325.30,24326.50,24259.90,24268.10,0,
07_04_2026_14_40,24271.50,24311.70,24270.90,24302.00,0,
07_04_2026_14_45,24302.30,24326.10,24289.10,24318.90,0,
07_04_2026_14_50,24319.00,24349.80,24317.60,24334.50,0,
07_04_2026_14_55,24339.70,24379.60,24338.60,24367.40,0,
07_04_2026_15_00,24367.70,24386.10,24320.80,24381.60,0,
07_04_2026_15_05,24387.80,24391.20,24369.00,24373.30,0,
07_04_2026_15_10,24376.50,24383.30,24342.60,24363.40,0,
07_04_2026_15_15,24367.80,24381.80,24344.90,24373.50,0,
07_04_2026_15_20,24373.80,24384.10,24363.70,24379.80,0,
07_04_2026_15_25,24379.00,24430.10,24379.00,24410.20,0,
08_04_2026_09_15,25375.90,25605.80,25295.90,25591.10,0,
08_04_2026_09_20,25587.40,25660.00,25512.60,25531.30,0,
08_04_2026_09_25,25534.20,25664.10,25531.70,25626.20,0,
08_04_2026_09_30,25623.90,25730.50,25613.30,25713.60,0,
08_04_2026_09_35,25711.20,25772.20,25698.20,25760.90,0,
08_04_2026_09_40,25761.80,25818.10,25749.90,25816.60,0,
08_04_2026_09_45,25816.50,25928.10,25816.50,25915.50,0,
08_04_2026_09_50,25915.10,25939.80,25893.90,25894.70,0,
08_04_2026_09_55,25894.30,25949.90,25872.40,25881.30,0,
08_04_2026_10_00,25880.80,25912.30,25862.00,25881.40,0,
08_04_2026_10_05,25880.30,25978.60,25880.30,25969.30,0,
08_04_2026_10_10,25967.90,26007.60,25950.40,25964.80,0,
08_04_2026_10_15,25964.20,26022.30,25958.20,26022.20,0,
08_04_2026_10_20,26021.00,26029.30,25957.50,25993.40,0,
08_04_2026_10_25,25992.30,26017.80,25983.90,25994.80,0,
08_04_2026_10_30,25994.90,26004.90,25966.40,25972.80,0,
08_04_2026_10_35,25974.30,25995.50,25931.30,25994.70,0,
08_04_2026_10_40,25994.90,26022.40,25979.20,26013.20,0,
08_04_2026_10_45,26012.10,26027.10,25966.20,25983.10,0,
08_04_2026_10_50,25982.10,26006.70,25959.20,26006.70,0,
08_04_2026_10_55,26004.40,26049.50,26004.40,26042.80,0,
08_04_2026_11_00,26041.20,26057.80,26035.50,26052.70,0,
08_04_2026_11_05,26055.20,26068.20,26042.40,26063.80,0,
08_04_2026_11_10,26063.20,26070.30,26037.30,26052.50,0,
08_04_2026_11_15,26052.70,26086.30,26050.40,26079.60,0,
08_04_2026_11_20,26079.20,26113.70,26072.30,26072.30,0,
08_04_2026_11_25,26072.60,26074.90,26023.20,26048.40,0,
08_04_2026_11_30,26048.40,26061.60,26042.50,26050.10,0,
08_04_2026_11_35,26049.60,26074.90,26033.10,26047.70,0,
08_04_2026_11_40,26047.00,26065.20,26040.40,26048.20,0,
08_04_2026_11_45,26046.70,26055.70,26036.90,26047.30,0,
08_04_2026_11_50,26047.00,26049.40,25987.70,26030.20,0,
08_04_2026_11_55,26030.50,26036.40,26001.40,26034.10,0,
08_04_2026_12_00,26032.20,26061.90,26027.90,26060.60,0,
08_04_2026_12_05,26061.70,26077.90,26051.40,26058.20,0,
08_04_2026_12_10,26057.30,26073.90,26035.90,26039.00,0,
08_04_2026_12_15,26038.50,26047.40,26026.10,26027.30,0,
08_04_2026_12_20,26027.70,26040.20,26012.20,26039.90,0,
08_04_2026_12_25,26038.40,26059.10,26025.60,26027.80,0,
08_04_2026_12_30,26025.10,26028.20,25938.00,25956.40,0,
08_04_2026_12_35,25958.70,25983.90,25951.30,25960.70,0,
08_04_2026_12_40,25963.40,26003.60,25950.60,25994.40,0,
08_04_2026_12_45,25992.90,26021.00,25983.10,26019.90,0,
08_04_2026_12_50,26018.90,26038.80,26002.80,26036.90,0,
08_04_2026_12_55,26037.30,26072.80,26037.30,26063.90,0,
08_04_2026_13_00,26064.00,26065.10,26034.10,26037.80,0,
08_04_2026_13_05,26040.30,26040.30,25998.30,26022.10,0,
08_04_2026_13_10,26019.40,26036.40,26000.80,26011.60,0,
08_04_2026_13_15,26012.80,26037.80,26001.50,26025.60,0,
08_04_2026_13_20,26025.70,26049.90,26014.10,26048.20,0,
08_04_2026_13_25,26046.40,26057.20,26023.30,26035.30,0,
08_04_2026_13_30,26035.20,26042.20,26010.90,26034.80,0,
08_04_2026_13_35,26034.60,26050.20,26030.80,26038.80,0,
08_04_2026_13_40,26038.50,26048.10,26021.20,26030.30,0,
08_04_2026_13_45,26028.40,26045.80,26008.80,26028.20,0,
08_04_2026_13_50,26028.50,26050.20,26019.60,26030.50,0,
08_04_2026_13_55,26028.60,26045.60,26028.60,26035.80,0,
08_04_2026_14_00,26036.30,26038.20,26018.70,26026.30,0,
08_04_2026_14_05,26025.90,26034.80,26010.60,26024.80,0,
08_04_2026_14_10,26023.60,26054.40,26015.20,26028.20,0,
08_04_2026_14_15,26027.40,26045.10,26027.40,26042.50,0,
08_04_2026_14_20,26043.80,26054.20,26031.60,26042.90,0,
08_04_2026_14_25,26042.90,26055.70,26034.80,26050.30,0,
08_04_2026_14_30,26049.90,26054.90,26040.10,26053.60,0,
08_04_2026_14_35,26053.70,26055.80,26023.80,26026.90,0,
08_04_2026_14_40,26025.80,26052.40,26025.80,26042.90,0,
08_04_2026_14_45,26045.40,26053.80,26007.60,26009.40,0,
08_04_2026_14_50,26010.00,26013.70,25968.60,25998.20,0,
08_04_2026_14_55,25997.70,26019.70,25996.70,26017.00,0,
08_04_2026_15_00,26017.00,26017.00,25952.30,26011.00,0,
08_04_2026_15_05,26009.70,26029.20,25999.60,25999.60,0,
08_04_2026_15_10,26000.20,26010.60,25985.20,25995.10,0,
08_04_2026_15_15,25995.20,26003.80,25982.70,25990.80,0,
08_04_2026_15_20,25989.20,26013.60,25976.90,26006.70,0,
08_04_2026_15_25,26010.90,26050.80,26006.50,26018.20,0,
09_04_2026_09_15,25960.20,26072.60,25705.40,26072.60,0,
09_04_2026_09_20,26065.70,26115.10,26040.80,26101.50,0,
09_04_2026_09_25,26097.90,26124.80,26065.20,26113.30,0,
09_04_2026_09_30,26113.80,26113.80,25986.70,25987.10,0,
09_04_2026_09_35,25988.20,26018.50,25936.70,25950.60,0,
09_04_2026_09_40,25950.50,25960.40,25868.30,25875.00,0,
09_04_2026_09_45,25874.90,25909.40,25798.10,25800.30,0,
09_04_2026_09_50,25800.40,25800.40,25730.20,25733.10,0,
09_04_2026_09_55,25733.10,25749.80,25675.10,25683.20,0,
09_04_2026_10_00,25680.60,25754.70,25643.30,25738.80,0,
09_04_2026_10_05,25734.80,25765.20,25725.30,25759.40,0,
09_04_2026_10_10,25758.60,25796.90,25751.10,25772.10,0,
09_04_2026_10_15,25770.90,25835.90,25741.80,25832.90,0,
09_04_2026_10_20,25832.80,25836.70,25791.10,25822.10,0,
09_04_2026_10_25,25822.00,25827.60,25779.70,25826.50,0,
09_04_2026_10_30,25829.10,25856.40,25819.30,25835.10,0,
09_04_2026_10_35,25835.60,25856.60,25807.90,25819.20,0,
09_04_2026_10_40,25819.30,25836.30,25802.70,25804.60,0,
09_04_2026_10_45,25805.10,25869.70,25805.10,25865.20,0,
09_04_2026_10_50,25865.80,25880.60,25826.70,25843.40,0,
09_04_2026_10_55,25844.90,25875.40,25844.20,25853.10,0,
09_04_2026_11_00,25851.80,25906.50,25851.80,25879.20,0,
09_04_2026_11_05,25877.20,25926.30,25874.90,25920.00,0,
09_04_2026_11_10,25920.00,25944.20,25910.80,25938.20,0,
09_04_2026_11_15,25938.10,25949.10,25901.20,25917.60,0,
09_04_2026_11_20,25918.20,25935.20,25901.60,25901.60,0,
09_04_2026_11_25,25900.20,25940.80,25899.70,25930.10,0,
09_04_2026_11_30,25930.00,25953.30,25925.60,25929.70,0,
09_04_2026_11_35,25929.90,25969.20,25926.10,25962.70,0,
09_04_2026_11_40,25962.20,26022.30,25950.10,26013.20,0,
09_04_2026_11_45,26012.70,26038.00,25981.30,26038.00,0,
09_04_2026_11_50,26037.80,26096.90,26025.80,26073.20,0,
09_04_2026_11_55,26073.80,26113.40,26062.10,26095.00,0,
09_04_2026_12_00,26091.10,26121.50,26063.80,26119.30,0,
09_04_2026_12_05,26119.20,26123.30,26066.60,26109.90,0,
09_04_2026_12_10,26108.00,26133.70,26050.20,26083.40,0,
09_04_2026_12_15,26082.70,26095.30,26065.30,26069.60,0,
09_04_2026_12_20,26072.70,26099.60,26067.70,26068.00,0,
09_04_2026_12_25,26066.70,26080.20,26043.40,26064.40,0,
09_04_2026_12_30,26065.10,26096.80,26061.10,26072.60,0,
09_04_2026_12_35,26072.20,26080.60,26031.50,26062.80,0,
09_04_2026_12_40,26060.40,26086.40,26028.50,26041.40,0,
09_04_2026_12_45,26040.20,26041.40,25969.10,25971.30,0,
09_04_2026_12_50,25971.20,26001.30,25968.90,25994.70,0,
09_04_2026_12_55,25993.20,26015.60,25983.30,25989.10,0,
09_04_2026_13_00,25989.20,26016.80,25979.50,26005.60,0,
09_04_2026_13_05,26003.00,26013.70,25981.40,26011.80,0,
09_04_2026_13_10,26009.20,26014.20,25964.20,25995.00,0,
09_04_2026_13_15,25991.70,25995.40,25964.30,25972.80,0,
09_04_2026_13_20,25972.30,25974.80,25932.10,25946.40,0,
09_04_2026_13_25,25945.80,25956.30,25910.80,25913.20,0,
09_04_2026_13_30,25911.90,25936.20,25899.50,25916.30,0,
09_04_2026_13_35,25916.20,25940.00,25886.80,25889.20,0,
09_04_2026_13_40,25889.20,25896.30,25872.20,25882.90,0,
09_04_2026_13_45,25880.90,25892.40,25837.10,25848.80,0,
09_04_2026_13_50,25848.20,25884.90,25839.20,25862.30,0,
09_04_2026_13_55,25862.70,25885.40,25855.70,25859.10,0,
09_04_2026_14_00,25859.40,25884.40,25847.70,25877.70,0,
09_04_2026_14_05,25877.50,25881.50,25862.30,25869.10,0,
09_04_2026_14_10,25869.60,25871.10,25816.90,25825.70,0,
09_04_2026_14_15,25827.90,25841.40,25817.60,25829.60,0,
09_04_2026_14_20,25828.40,25836.30,25778.20,25796.30,0,
09_04_2026_14_25,25795.50,25807.70,25778.60,25798.30,0,
09_04_2026_14_30,25798.90,25800.60,25742.80,25764.80,0,
09_04_2026_14_35,25764.40,25780.60,25759.80,25778.00,0,
09_04_2026_14_40,25776.20,25834.30,25776.20,25826.70,0,
09_04_2026_14_45,25826.80,25845.20,25795.30,25831.60,0,
09_04_2026_14_50,25830.90,25858.20,25824.60,25858.00,0,
09_04_2026_14_55,25857.20,25859.30,25834.80,25835.80,0,
09_04_2026_15_00,25840.60,25930.60,25840.60,25886.20,0,
09_04_2026_15_05,25886.40,25939.00,25874.60,25931.10,0,
09_04_2026_15_10,25932.30,25937.20,25914.60,25915.10,0,
09_04_2026_15_15,25915.20,25917.70,25891.40,25897.20,0,
09_04_2026_15_20,25898.80,25900.80,25881.00,25896.40,0,
09_04_2026_15_25,25896.00,25902.90,25839.90,25846.20,0,
10_04_2026_09_15,26057.40,26306.10,26002.40,26301.40,0,
10_04_2026_09_20,26295.70,26317.40,26228.30,26251.90,0,
10_04_2026_09_25,26256.30,26303.20,26201.30,26260.10,0,
10_04_2026_09_30,26259.40,26296.20,26227.90,26278.00,0,
10_04_2026_09_35,26277.70,26295.50,26233.40,26293.20,0,
10_04_2026_09_40,26290.40,26374.40,26284.20,26366.70,0,
10_04_2026_09_45,26367.50,26401.70,26346.30,26384.80,0,
10_04_2026_09_50,26383.40,26387.40,26336.10,26343.90,0,
10_04_2026_09_55,26343.90,26394.80,26323.30,26350.20,0,
10_04_2026_10_00,26347.80,26375.20,26346.70,26349.30,0,
10_04_2026_10_05,26350.70,26350.70,26240.10,26312.20,0,
10_04_2026_10_10,26311.80,26353.70,26304.90,26321.80,0,
10_04_2026_10_15,26324.70,26364.10,26322.90,26344.90,0,
10_04_2026_10_20,26345.80,26378.50,26344.40,26370.50,0,
10_04_2026_10_25,26368.70,26406.80,26366.60,26398.90,0,
10_04_2026_10_30,26398.30,26460.20,26396.60,26449.80,0,
10_04_2026_10_35,26449.80,26455.90,26413.10,26419.20,0,
10_04_2026_10_40,26420.90,26448.70,26420.40,26434.70,0,
10_04_2026_10_45,26434.60,26451.80,26396.60,26399.30,0,
10_04_2026_10_50,26399.60,26412.20,26386.80,26394.60,0,
10_04_2026_10_55,26394.40,26411.10,26358.30,26405.80,0,
10_04_2026_11_00,26405.40,26417.50,26395.00,26397.70,0,
10_04_2026_11_05,26398.90,26424.30,26384.80,26422.10,0,
10_04_2026_11_10,26423.10,26448.20,26420.10,26437.70,0,
10_04_2026_11_15,26438.10,26444.40,26406.60,26415.40,0,
10_04_2026_11_20,26415.10,26439.70,26412.20,26425.20,0,
10_04_2026_11_25,26425.70,26446.80,26419.30,26425.20,0,
10_04_2026_11_30,26426.60,26465.10,26424.30,26464.30,0,
10_04_2026_11_35,26463.20,26477.20,26452.70,26459.30,0,
10_04_2026_11_40,26460.80,26469.40,26440.80,26459.70,0,
10_04_2026_11_45,26459.50,26472.30,26389.80,26397.90,0,
10_04_2026_11_50,26398.80,26450.30,26398.00,26425.10,0,
10_04_2026_11_55,26425.80,26468.30,26423.90,26458.30,0,
10_04_2026_12_00,26458.10,26509.30,26457.30,26507.30,0,
10_04_2026_12_05,26507.70,26511.40,26499.60,26502.60,0,
10_04_2026_12_10,26502.60,26514.30,26496.90,26499.80,0,
10_04_2026_12_15,26498.80,26500.60,26456.20,26497.00,0,
10_04_2026_12_20,26496.60,26546.00,26483.60,26541.30,0,
10_04_2026_12_25,26540.60,26548.30,26492.30,26544.50,0,
10_04_2026_12_30,26544.10,26578.60,26532.80,26544.60,0,
10_04_2026_12_35,26544.50,26560.10,26541.20,26551.70,0,
10_04_2026_12_40,26550.90,26557.10,26535.20,26537.80,0,
10_04_2026_12_45,26538.10,26572.70,26535.20,26561.80,0,
10_04_2026_12_50,26562.60,26579.40,26545.30,26571.20,0,
10_04_2026_12_55,26571.30,26588.40,26565.10,26581.80,0,
10_04_2026_13_00,26580.90,26587.40,26568.90,26586.50,0,
10_04_2026_13_05,26585.70,26590.20,26568.20,26584.80,0,
10_04_2026_13_10,26584.10,26584.70,26555.70,26563.70,0,
10_04_2026_13_15,26564.20,26593.60,26564.20,26577.80,0,
10_04_2026_13_20,26576.20,26612.30,26576.10,26592.00,0,
10_04_2026_13_25,26591.10,26608.20,26587.90,26605.20,0,
10_04_2026_13_30,26605.60,26612.10,26595.60,26595.80,0,
10_04_2026_13_35,26598.80,26620.70,26595.60,26619.00,0,
10_04_2026_13_40,26619.80,26640.70,26613.20,26628.60,0,
10_04_2026_13_45,26628.20,26632.60,26602.50,26606.90,0,
10_04_2026_13_50,26608.80,26623.20,26601.10,26621.00,0,
10_04_2026_13_55,26621.90,26630.10,26614.30,26627.70,0,
10_04_2026_14_00,26628.50,26633.40,26613.80,26627.70,0,
10_04_2026_14_05,26627.40,26639.40,26625.20,26631.50,0,
10_04_2026_14_10,26631.40,26635.40,26570.30,26595.90,0,
10_04_2026_14_15,26596.60,26596.60,26455.00,26562.20,0,
10_04_2026_14_20,26562.70,26582.20,26507.80,26517.60,0,
10_04_2026_14_25,26517.40,26535.40,26503.50,26517.20,0,
10_04_2026_14_30,26516.30,26547.90,26510.40,26538.60,0,
10_04_2026_14_35,26537.90,26547.60,26520.80,26535.20,0,
10_04_2026_14_40,26535.70,26537.10,26494.90,26510.90,0,
10_04_2026_14_45,26511.90,26555.60,26492.80,26553.50,0,
10_04_2026_14_50,26555.80,26561.30,26543.20,26555.20,0,
10_04_2026_14_55,26554.90,26567.80,26541.80,26541.80,0,
10_04_2026_15_00,26546.30,26610.90,26546.30,26610.80,0,
10_04_2026_15_05,26611.10,26661.60,26607.30,26659.40,0,
10_04_2026_15_10,26658.20,26678.60,26649.20,26653.80,0,
10_04_2026_15_15,26652.40,26660.30,26633.80,26653.20,0,
10_04_2026_15_20,26652.30,26669.80,26643.10,26659.40,0,
10_04_2026_15_25,26655.80,26661.00,26627.70,26636.50,0,
13_04_2026_09_15,26052.20,26171.50,25910.40,26014.20,0,
13_04_2026_09_20,26012.60,26130.00,26010.00,26129.20,0,
13_04_2026_09_25,26127.20,26139.60,26094.40,26129.10,0,
13_04_2026_09_30,26126.80,26160.10,26085.60,26140.60,0,
13_04_2026_09_35,26140.40,26140.40,25954.80,25965.80,0,
13_04_2026_09_40,25965.70,26070.20,25951.10,26044.60,0,
13_04_2026_09_45,26046.30,26066.70,26029.10,26059.30,0,
13_04_2026_09_50,26059.20,26106.40,26056.80,26098.50,0,
13_04_2026_09_55,26097.80,26127.60,26093.20,26111.20,0,
13_04_2026_10_00,26110.90,26111.80,26036.80,26057.60,0,
13_04_2026_10_05,26058.20,26072.80,26035.40,26048.20,0,
13_04_2026_10_10,26046.20,26069.40,26027.60,26034.90,0,
13_04_2026_10_15,26034.50,26034.50,25961.80,26018.70,0,
13_04_2026_10_20,26019.10,26079.70,26015.40,26058.20,0,
13_04_2026_10_25,26058.10,26079.70,26041.60,26071.40,0,
13_04_2026_10_30,26071.90,26093.10,26059.80,26090.90,0,
13_04_2026_10_35,26088.90,26095.20,26032.90,26092.40,0,
13_04_2026_10_40,26091.80,26111.90,26036.30,26093.30,0,
13_04_2026_10_45,26093.20,26164.70,26092.80,26137.80,0,
13_04_2026_10_50,26138.80,26199.50,26137.70,26188.70,0,
13_04_2026_10_55,26190.60,26207.40,26086.30,26169.70,0,
13_04_2026_11_00,26164.90,26168.80,26084.40,26099.60,0,
13_04_2026_11_05,26101.80,26131.40,26078.90,26114.00,0,
13_04_2026_11_10,26114.80,26125.10,26066.60,26090.90,0,
13_04_2026_11_15,26092.80,26141.10,26089.10,26137.30,0,
13_04_2026_11_20,26137.90,26161.70,26116.20,26140.40,0,
13_04_2026_11_25,26138.90,26171.90,26122.60,26124.40,0,
13_04_2026_11_30,26124.50,26145.70,26119.90,26131.40,0,
13_04_2026_11_35,26133.20,26179.10,26129.00,26158.20,0,
13_04_2026_11_40,26157.20,26174.30,26150.30,26168.80,0,
13_04_2026_11_45,26169.00,26190.20,26162.70,26178.80,0,
13_04_2026_11_50,26181.20,26213.40,26177.20,26210.40,0,
13_04_2026_11_55,26210.90,26227.60,26200.20,26202.20,0,
13_04_2026_12_00,26202.70,26215.60,26199.70,26204.20,0,
13_04_2026_12_05,26203.90,26228.20,26203.50,26220.40,0,
13_04_2026_12_10,26222.40,26229.70,26188.10,26221.30,0,
13_04_2026_12_15,26220.80,26222.70,26184.90,26192.20,0,
13_04_2026_12_20,26191.60,26194.20,26166.00,26185.00,0,
13_04_2026_12_25,26186.20,26224.60,26184.00,26223.30,0,
13_04_2026_12_30,26225.60,26227.90,26201.70,26206.80,0,
13_04_2026_12_35,26208.70,26231.40,26193.80,26219.40,0,
13_04_2026_12_40,26218.90,26222.50,26192.10,26218.20,0,
13_04_2026_12_45,26218.40,26222.60,26196.70,26212.40,0,
13_04_2026_12_50,26209.40,26209.40,26167.20,26173.40,0,
13_04_2026_12_55,26173.70,26177.70,26112.80,26153.10,0,
13_04_2026_13_00,26153.20,26173.00,26087.40,26110.80,0,
13_04_2026_13_05,26111.00,26155.70,26109.60,26143.90,0,
13_04_2026_13_10,26142.10,26168.80,26128.80,26159.20,0,
13_04_2026_13_15,26160.10,26171.10,26119.30,26138.10,0,
13_04_2026_13_20,26138.90,26145.10,26099.40,26110.80,0,
13_04_2026_13_25,26110.90,26123.30,26088.20,26096.40,0,
13_04_2026_13_30,26097.00,26117.20,26082.00,26087.10,0,
13_04_2026_13_35,26086.80,26092.10,26051.80,26057.40,0,
13_04_2026_13_40,26058.40,26061.90,26042.80,26050.30,0,
13_04_2026_13_45,26050.90,26074.40,26045.50,26072.30,0,
13_04_2026_13_50,26072.50,26111.20,26057.80,26110.60,0,
13_04_2026_13_55,26110.20,26141.60,26098.30,26128.90,0,
13_04_2026_14_00,26128.00,26131.70,26109.80,26115.40,0,
13_04_2026_14_05,26117.20,26118.20,26086.20,26099.20,0,
13_04_2026_14_10,26096.90,26104.00,26080.30,26096.00,0,
13_04_2026_14_15,26096.90,26111.60,26077.20,26103.70,0,
13_04_2026_14_20,26103.60,26128.00,26097.00,26124.20,0,
13_04_2026_14_25,26123.50,26158.80,26123.50,26143.30,0,
13_04_2026_14_30,26138.80,26170.60,26138.20,26168.00,0,
13_04_2026_14_35,26167.80,26179.80,26153.10,26153.10,0,
13_04_2026_14_40,26151.70,26157.10,26105.80,26127.40,0,
13_04_2026_14_45,26127.60,26154.80,26119.50,26154.30,0,
13_04_2026_14_50,26152.60,26167.10,26137.30,26144.60,0,
13_04_2026_14_55,26146.10,26155.70,26128.90,26141.80,0,
13_04_2026_15_00,26142.80,26143.00,26038.10,26087.10,0,
13_04_2026_15_05,26089.40,26107.30,26074.90,26080.80,0,
13_04_2026_15_10,26079.80,26112.20,26072.10,26093.60,0,
13_04_2026_15_15,26099.60,26099.60,26063.00,26067.10,0,
13_04_2026_15_20,26069.10,26088.70,26061.90,26071.40,0,
13_04_2026_15_25,26073.20,26092.80,26041.60,26054.60,0,
15_04_2026_09_15,26468.80,26604.30,26405.40,26498.50,0,
15_04_2026_09_20,26497.10,26512.60,26427.60,26432.30,0,
15_04_2026_09_25,26429.90,26451.90,26391.00,26400.00,0,
15_04_2026_09_30,26400.20,26402.60,26304.10,26309.60,0,
15_04_2026_09_35,26309.70,26353.60,26308.30,26333.10,0,
15_04_2026_09_40,26338.40,26467.20,26338.40,26441.10,0,
15_04_2026_09_45,26439.80,26474.50,26387.20,26389.40,0,
15_04_2026_09_50,26387.90,26447.70,26370.50,26442.80,0,
15_04_2026_09_55,26442.80,26466.70,26431.70,26458.40,0,
15_04_2026_10_00,26460.10,26483.90,26451.20,26468.90,0,
15_04_2026_10_05,26469.50,26482.20,26455.30,26460.80,0,
15_04_2026_10_10,26461.80,26475.10,26431.00,26474.20,0,
15_04_2026_10_15,26475.40,26543.10,26475.30,26539.30,0,
15_04_2026_10_20,26539.30,26574.20,26526.20,26571.90,0,
15_04_2026_10_25,26571.60,26619.00,26563.80,26611.00,0,
15_04_2026_10_30,26611.30,26640.10,26586.30,26627.40,0,
15_04_2026_10_35,26628.20,26659.20,26628.20,26638.90,0,
15_04_2026_10_40,26639.20,26699.20,26638.30,26688.20,0,
15_04_2026_10_45,26688.20,26709.60,26667.90,26707.70,0,
15_04_2026_10_50,26707.70,26707.70,26613.20,26637.40,0,
15_04_2026_10_55,26637.30,26691.80,26633.80,26683.20,0,
15_04_2026_11_00,26682.20,26682.70,26627.10,26629.30,0,
15_04_2026_11_05,26630.10,26635.60,26592.30,26606.00,0,
15_04_2026_11_10,26605.80,26617.20,26592.30,26602.30,0,
15_04_2026_11_15,26602.70,26611.90,26571.50,26573.00,0,
15_04_2026_11_20,26572.60,26626.40,26572.60,26605.50,0,
15_04_2026_11_25,26605.90,26610.70,26579.80,26587.60,0,
15_04_2026_11_30,26588.90,26592.40,26561.40,26580.80,0,
15_04_2026_11_35,26580.70,26593.60,26573.60,26574.40,0,
15_04_2026_11_40,26575.40,26579.30,26552.90,26577.10,0,
15_04_2026_11_45,26578.90,26579.90,26561.10,26567.00,0,
15_04_2026_11_50,26567.30,26581.10,26566.90,26576.50,0,
15_04_2026_11_55,26576.80,26579.60,26543.30,26545.50,0,
15_04_2026_12_00,26545.80,26556.80,26535.60,26555.80,0,
15_04_2026_12_05,26555.50,26557.20,26512.70,26519.00,0,
15_04_2026_12_10,26519.20,26552.70,26519.20,26541.20,0,
15_04_2026_12_15,26542.00,26545.50,26517.30,26535.00,0,
15_04_2026_12_20,26534.80,26541.70,26505.90,26518.40,0,
15_04_2026_12_25,26519.60,26541.20,26517.20,26524.90,0,
15_04_2026_12_30,26525.20,26529.80,26492.90,26503.80,0,
15_04_2026_12_35,26503.80,26529.90,26503.80,26512.10,0,
15_04_2026_12_40,26511.80,26530.40,26511.80,26515.40,0,
15_04_2026_12_45,26515.10,26530.80,26505.20,26507.90,0,
15_04_2026_12_50,26507.80,26525.00,26491.50,26495.80,0,
15_04_2026_12_55,26495.60,26526.80,26494.90,26510.40,0,
15_04_2026_13_00,26508.20,26508.30,26481.20,26485.30,0,
15_04_2026_13_05,26484.10,26497.30,26478.10,26497.30,0,
15_04_2026_13_10,26497.70,26506.80,26486.30,26490.20,0,
15_04_2026_13_15,26491.10,26496.80,26476.40,26493.00,0,
15_04_2026_13_20,26493.40,26494.20,26433.90,26442.90,0,
15_04_2026_13_25,26441.10,26464.90,26436.80,26462.40,0,
15_04_2026_13_30,26462.10,26504.80,26461.80,26489.30,0,
15_04_2026_13_35,26489.20,26514.20,26483.30,26494.40,0,
15_04_2026_13_40,26495.10,26511.80,26493.60,26506.20,0,
15_04_2026_13_45,26506.10,26516.70,26491.70,26497.60,0,
15_04_2026_13_50,26497.40,26506.20,26484.50,26500.90,0,
15_04_2026_13_55,26501.10,26538.70,26498.00,26534.10,0,
15_04_2026_14_00,26534.10,26541.10,26525.20,26525.70,0,
15_04_2026_14_05,26525.90,26526.70,26498.80,26498.80,0,
15_04_2026_14_10,26498.80,26517.80,26486.80,26491.70,0,
15_04_2026_14_15,26492.00,26500.10,26489.90,26493.50,0,
15_04_2026_14_20,26493.20,26497.50,26483.40,26491.30,0,
15_04_2026_14_25,26492.00,26502.50,26489.10,26500.00,0,
15_04_2026_14_30,26500.40,26510.30,26496.20,26505.30,0,
15_04_2026_14_35,26504.90,26515.80,26485.00,26499.10,0,
15_04_2026_14_40,26499.60,26510.60,26493.80,26495.70,0,
15_04_2026_14_45,26496.50,26519.90,26492.00,26518.90,0,
15_04_2026_14_50,26518.00,26530.30,26504.10,26507.90,0,
15_04_2026_14_55,26507.40,26524.50,26506.10,26510.30,0,
15_04_2026_15_00,26516.80,26521.70,26473.80,26499.70,0,
15_04_2026_15_05,26502.10,26505.60,26468.60,26480.90,0,
15_04_2026_15_10,26482.50,26490.90,26472.80,26489.20,0,
15_04_2026_15_15,26488.60,26490.20,26470.20,26470.20,0,
15_04_2026_15_20,26471.00,26482.80,26465.70,26473.60,0,
15_04_2026_15_25,26476.50,26490.80,26450.20,26470.50,0,
16_04_2026_09_15,26644.60,26729.40,26559.90,26682.20,0,
16_04_2026_09_20,26679.80,26681.40,26593.10,26603.90,0,
16_04_2026_09_25,26603.70,26624.40,26553.80,26557.50,0,
16_04_2026_09_30,26557.10,26567.30,26512.10,26521.90,0,
16_04_2026_09_35,26520.70,26565.20,26483.30,26525.50,0,
16_04_2026_09_40,26526.00,26543.00,26471.30,26472.60,0,
16_04_2026_09_45,26472.00,26480.90,26438.60,26452.00,0,
16_04_2026_09_50,26451.80,26454.90,26413.60,26419.50,0,
16_04_2026_09_55,26419.40,26419.40,26340.20,26342.70,0,
16_04_2026_10_00,26342.10,26387.90,26334.20,26379.20,0,
16_04_2026_10_05,26379.50,26406.20,26364.80,26388.10,0,
16_04_2026_10_10,26388.60,26417.20,26382.90,26408.20,0,
16_04_2026_10_15,26406.20,26410.30,26374.80,26380.30,0,
16_04_2026_10_20,26381.30,26385.80,26345.20,26364.70,0,
16_04_2026_10_25,26364.30,26397.90,26359.50,26391.60,0,
16_04_2026_10_30,26393.00,26425.20,26391.70,26424.80,0,
16_04_2026_10_35,26423.00,26433.10,26401.30,26412.80,0,
16_04_2026_10_40,26412.60,26430.90,26390.60,26426.20,0,
16_04_2026_10_45,26425.90,26442.20,26419.70,26422.20,0,
16_04_2026_10_50,26421.70,26439.70,26415.10,26422.90,0,
16_04_2026_10_55,26425.60,26449.80,26421.30,26445.60,0,
16_04_2026_11_00,26443.30,26447.90,26425.10,26436.90,0,
16_04_2026_11_05,26437.00,26444.90,26429.60,26438.70,0,
16_04_2026_11_10,26439.20,26439.20,26423.30,26429.40,0,
16_04_2026_11_15,26430.80,26445.80,26420.50,26428.70,0,
16_04_2026_11_20,26428.30,26443.70,26425.90,26441.40,0,
16_04_2026_11_25,26441.60,26444.20,26412.50,26433.60,0,
16_04_2026_11_30,26432.30,26441.20,26414.40,26438.30,0,
16_04_2026_11_35,26438.60,26442.00,26417.70,26430.30,0,
16_04_2026_11_40,26430.10,26454.60,26421.90,26449.40,0,
16_04_2026_11_45,26449.30,26449.30,26411.20,26442.10,0,
16_04_2026_11_50,26442.60,26442.60,26408.10,26415.90,0,
16_04_2026_11_55,26411.20,26415.10,26367.70,26368.20,0,
16_04_2026_12_00,26369.00,26369.90,26324.90,26326.90,0,
16_04_2026_12_05,26324.40,26349.80,26309.40,26344.20,0,
16_04_2026_12_10,26343.20,26386.60,26343.20,26381.20,0,
16_04_2026_12_15,26380.80,26384.70,26357.60,26379.50,0,
16_04_2026_12_20,26379.80,26388.70,26341.40,26348.10,0,
16_04_2026_12_25,26347.30,26368.20,26343.30,26364.60,0,
16_04_2026_12_30,26363.70,26375.30,26350.20,26350.20,0,
16_04_2026_12_35,26350.10,26364.50,26335.00,26360.70,0,
16_04_2026_12_40,26359.90,26367.60,26310.10,26312.70,0,
16_04_2026_12_45,26311.70,26326.20,26298.80,26305.30,0,
16_04_2026_12_50,26304.70,26321.40,26277.80,26294.10,0,
16_04_2026_12_55,26293.80,26311.80,26286.20,26310.40,0,
16_04_2026_13_00,26308.20,26314.20,26279.80,26291.80,0,
16_04_2026_13_05,26291.20,26309.70,26269.40,26272.10,0,
16_04_2026_13_10,26271.10,26272.00,26248.10,26262.70,0,
16_04_2026_13_15,26261.90,26272.20,26244.90,26262.40,0,
16_04_2026_13_20,26260.30,26277.70,26246.70,26250.40,0,
16_04_2026_13_25,26249.60,26267.60,26233.30,26259.40,0,
16_04_2026_13_30,26259.10,26278.80,26258.20,26272.90,0,
16_04_2026_13_35,26272.80,26282.30,26267.10,26280.20,0,
16_04_2026_13_40,26280.70,26297.90,26278.60,26296.90,0,
16_04_2026_13_45,26294.90,26325.00,26294.80,26322.10,0,
16_04_2026_13_50,26320.30,26364.60,26320.30,26339.70,0,
16_04_2026_13_55,26339.80,26342.80,26326.80,26330.90,0,
16_04_2026_14_00,26331.30,26335.10,26287.10,26289.40,0,
16_04_2026_14_05,26288.30,26309.20,26281.40,26289.30,0,
16_04_2026_14_10,26289.60,26320.90,26289.40,26320.20,0,
16_04_2026_14_15,26319.80,26320.10,26307.30,26314.70,0,
16_04_2026_14_20,26314.80,26323.60,26306.20,26314.40,0,
16_04_2026_14_25,26314.20,26358.90,26313.20,26358.90,0,
16_04_2026_14_30,26358.20,26388.40,26357.90,26385.40,0,
16_04_2026_14_35,26384.40,26398.90,26379.80,26386.00,0,
16_04_2026_14_40,26386.30,26414.20,26386.30,26398.40,0,
16_04_2026_14_45,26398.10,26434.20,26396.50,26405.30,0,
16_04_2026_14_50,26403.70,26412.40,26390.80,26407.30,0,
16_04_2026_14_55,26409.90,26416.40,26387.40,26414.40,0,
16_04_2026_15_00,26414.80,26432.70,26349.30,26377.10,0,
16_04_2026_15_05,26376.70,26383.70,26354.30,26362.20,0,
16_04_2026_15_10,26362.40,26380.80,26361.80,26374.20,0,
16_04_2026_15_15,26373.60,26386.20,26368.80,26380.70,0,
16_04_2026_15_20,26379.90,26401.80,26379.90,26397.80,0,
16_04_2026_15_25,26397.90,26402.80,26385.70,26392.20,0,
17_04_2026_09_15,26346.40,26435.70,26190.30,26428.30,0,
17_04_2026_09_20,26430.70,26513.70,26427.40,26456.20,0,
17_04_2026_09_25,26453.90,26496.90,26445.70,26476.30,0,
17_04_2026_09_30,26473.60,26482.40,26418.10,26444.10,0,
17_04_2026_09_35,26446.20,26518.20,26396.30,26486.20,0,
17_04_2026_09_40,26485.20,26509.80,26410.10,26423.10,0,
17_04_2026_09_45,26422.40,26457.60,26405.80,26456.80,0,
17_04_2026_09_50,26455.50,26466.20,26438.00,26453.70,0,
17_04_2026_09_55,26452.40,26462.00,26418.20,26459.20,0,
17_04_2026_10_00,26456.80,26490.80,26400.30,26490.20,0,
17_04_2026_10_05,26487.60,26556.10,26487.60,26546.60,0,
17_04_2026_10_10,26546.70,26566.10,26544.20,26558.20,0,
17_04_2026_10_15,26557.30,26572.80,26548.10,26563.10,0,
17_04_2026_10_20,26562.10,26578.80,26560.80,26563.90,0,
17_04_2026_10_25,26562.80,26581.60,26557.50,26561.80,0,
17_04_2026_10_30,26561.20,26571.50,26506.70,26513.40,0,
17_04_2026_10_35,26511.60,26512.80,26457.90,26457.90,0,
17_04_2026_10_40,26457.60,26493.10,26443.30,26489.10,0,
17_04_2026_10_45,26488.60,26503.40,26485.60,26498.60,0,
17_04_2026_10_50,26497.90,26499.20,26484.20,26487.80,0,
17_04_2026_10_55,26486.60,26507.80,26486.60,26491.20,0,
17_04_2026_11_00,26491.10,26500.30,26463.10,26479.70,0,
17_04_2026_11_05,26479.70,26503.90,26478.60,26503.60,0,
17_04_2026_11_10,26504.00,26519.40,26502.50,26513.50,0,
17_04_2026_11_15,26512.60,26530.30,26512.60,26523.70,0,
17_04_2026_11_20,26523.80,26536.80,26516.20,26516.30,0,
17_04_2026_11_25,26516.30,26528.50,26496.00,26502.80,0,
17_04_2026_11_30,26502.60,26514.40,26499.20,26502.70,0,
17_04_2026_11_35,26502.80,26505.90,26484.20,26495.20,0,
17_04_2026_11_40,26495.10,26514.00,26484.10,26510.30,0,
17_04_2026_11_45,26511.10,26521.90,26484.90,26492.10,0,
17_04_2026_11_50,26492.20,26507.20,26472.80,26489.90,0,
17_04_2026_11_55,26490.80,26496.60,26461.10,26461.80,0,
17_04_2026_12_00,26461.80,26463.50,26429.80,26432.40,0,
17_04_2026_12_05,26431.10,26444.30,26405.40,26438.30,0,
17_04_2026_12_10,26438.20,26452.60,26436.00,26446.20,0,
17_04_2026_12_15,26447.70,26449.80,26424.80,26427.00,0,
17_04_2026_12_20,26427.00,26433.00,26411.20,26430.50,0,
17_04_2026_12_25,26431.20,26450.00,26425.80,26434.20,0,
17_04_2026_12_30,26434.10,26434.60,26404.80,26404.90,0,
17_04_2026_12_35,26404.40,26404.70,26365.90,26367.60,0,
17_04_2026_12_40,26367.70,26406.30,26356.70,26393.10,0,
17_04_2026_12_45,26392.90,26412.20,26392.90,26410.10,0,
17_04_2026_12_50,26410.10,26419.60,26396.20,26397.90,0,
17_04_2026_12_55,26397.90,26409.40,26377.80,26394.60,0,
17_04_2026_13_00,26392.50,26408.50,26374.80,26388.60,0,
17_04_2026_13_05,26387.90,26414.20,26383.80,26411.60,0,
17_04_2026_13_10,26411.30,26414.10,26399.30,26403.10,0,
17_04_2026_13_15,26403.90,26408.20,26389.90,26392.80,0,
17_04_2026_13_20,26392.40,26408.80,26390.70,26403.60,0,
17_04_2026_13_25,26402.90,26426.90,26383.70,26426.90,0,
17_04_2026_13_30,26426.60,26446.80,26426.60,26442.90,0,
17_04_2026_13_35,26442.60,26443.80,26402.70,26416.60,0,
17_04_2026_13_40,26416.20,26439.10,26414.90,26427.70,0,
17_04_2026_13_45,26426.60,26433.10,26418.30,26423.10,0,
17_04_2026_13_50,26423.40,26427.20,26397.90,26412.30,0,
17_04_2026_13_55,26411.80,26417.70,26397.80,26414.80,0,
17_04_2026_14_00,26413.60,26430.10,26411.70,26421.30,0,
17_04_2026_14_05,26421.10,26441.20,26415.90,26431.20,0,
17_04_2026_14_10,26430.20,26431.20,26409.20,26410.30,0,
17_04_2026_14_15,26410.60,26434.30,26407.10,26418.00,0,
17_04_2026_14_20,26418.10,26433.10,26408.40,26413.80,0,
17_04_2026_14_25,26413.80,26415.10,26395.10,26412.80,0,
17_04_2026_14_30,26412.80,26444.60,26410.90,26441.80,0,
17_04_2026_14_35,26442.10,26467.20,26433.40,26463.90,0,
17_04_2026_14_40,26463.40,26475.40,26456.50,26462.10,0,
17_04_2026_14_45,26462.60,26476.70,26461.20,26464.80,0,
17_04_2026_14_50,26465.80,26487.90,26464.40,26480.10,0,
17_04_2026_14_55,26481.70,26484.80,26463.20,26465.20,0,
17_04_2026_15_00,26465.40,26473.30,26403.60,26422.90,0,
17_04_2026_15_05,26423.20,26433.20,26415.70,26430.90,0,
17_04_2026_15_10,26429.30,26442.80,26426.70,26439.40,0,
17_04_2026_15_15,26438.60,26448.20,26428.00,26446.90,0,
17_04_2026_15_20,26447.70,26458.30,26445.40,26452.30,0,
17_04_2026_15_25,26451.40,26454.10,26426.10,26433.20,0,
20_04_2026_09_15,26452.80,26484.40,26213.10,26416.80,0,
20_04_2026_09_20,26416.90,26487.20,26416.90,26480.70,0,
20_04_2026_09_25,26480.70,26516.80,26415.10,26415.10,0,
20_04_2026_09_30,26415.90,26419.60,26324.50,26344.30,0,
20_04_2026_09_35,26344.40,26348.20,26265.90,26275.10,0,
20_04_2026_09_40,26274.40,26277.20,26191.70,26196.80,0,
20_04_2026_09_45,26196.60,26197.50,26173.80,26188.40,0,
20_04_2026_09_50,26186.90,26302.90,26184.40,26297.10,0,
20_04_2026_09_55,26297.10,26307.60,26270.40,26284.20,0,
20_04_2026_10_00,26282.80,26344.20,26272.80,26329.00,0,
20_04_2026_10_05,26329.00,26381.10,26327.80,26373.10,0,
20_04_2026_10_10,26373.30,26373.30,26331.70,26356.70,0,
20_04_2026_10_15,26356.90,26387.40,26349.40,26382.40,0,
20_04_2026_10_20,26386.70,26421.20,26372.40,26411.20,0,
20_04_2026_10_25,26411.10,26426.40,26393.10,26421.10,0,
20_04_2026_10_30,26417.80,26490.40,26417.80,26459.60,0,
20_04_2026_10_35,26460.60,26462.30,26419.10,26423.40,0,
20_04_2026_10_40,26423.40,26477.00,26421.40,26470.60,0,
20_04_2026_10_45,26470.30,26472.40,26447.90,26458.30,0,
20_04_2026_10_50,26459.10,26480.70,26453.00,26477.90,0,
20_04_2026_10_55,26477.30,26493.80,26473.80,26478.20,0,
20_04_2026_11_00,26477.40,26502.30,26476.00,26499.70,0,
20_04_2026_11_05,26499.40,26505.20,26449.10,26455.40,0,
20_04_2026_11_10,26455.40,26464.80,26440.80,26444.00,0,
20_04_2026_11_15,26444.10,26477.10,26441.20,26475.30,0,
20_04_2026_11_20,26474.40,26502.10,26473.60,26496.50,0,
20_04_2026_11_25,26497.20,26506.20,26486.60,26501.80,0,
20_04_2026_11_30,26502.20,26522.20,26494.50,26520.70,0,
20_04_2026_11_35,26520.30,26531.40,26489.60,26512.80,0,
20_04_2026_11_40,26512.50,26533.60,26499.80,26507.20,0,
20_04_2026_11_45,26507.30,26535.60,26507.30,26534.10,0,
20_04_2026_11_50,26534.10,26554.20,26517.60,26553.30,0,
20_04_2026_11_55,26553.90,26558.50,26543.90,26550.90,0,
20_04_2026_12_00,26550.70,26567.70,26546.40,26546.90,0,
20_04_2026_12_05,26546.90,26547.90,26523.30,26538.10,0,
20_04_2026_12_10,26537.70,26551.30,26524.30,26550.40,0,
20_04_2026_12_15,26549.40,26553.40,26529.30,26531.40,0,
20_04_2026_12_20,26531.30,26568.80,26530.50,26566.60,0,
20_04_2026_12_25,26567.10,26588.30,26563.10,26579.60,0,
20_04_2026_12_30,26579.20,26585.80,26564.80,26572.60,0,
20_04_2026_12_35,26572.40,26595.10,26550.80,26594.30,0,
20_04_2026_12_40,26594.80,26615.80,26592.20,26613.70,0,
20_04_2026_12_45,26613.20,26625.20,26610.20,26623.10,0,
20_04_2026_12_50,26623.50,26630.20,26614.80,26624.20,0,
20_04_2026_12_55,26624.30,26628.70,26612.00,26613.40,0,
20_04_2026_13_00,26613.70,26616.10,26528.80,26575.10,0,
20_04_2026_13_05,26575.10,26594.80,26563.30,26565.80,0,
20_04_2026_13_10,26565.30,26573.90,26538.70,26554.60,0,
20_04_2026_13_15,26554.90,26562.60,26532.70,26544.20,0,
20_04_2026_13_20,26544.20,26553.60,26520.70,26533.60,0,
20_04_2026_13_25,26533.40,26533.40,26474.30,26519.30,0,
20_04_2026_13_30,26521.70,26541.30,26514.70,26533.70,0,
20_04_2026_13_35,26532.60,26541.20,26514.80,26531.00,0,
20_04_2026_13_40,26530.90,26557.50,26520.00,26546.10,0,
20_04_2026_13_45,26545.90,26551.50,26528.90,26531.80,0,
20_04_2026_13_50,26531.90,26544.40,26521.50,26543.40,0,
20_04_2026_13_55,26544.30,26544.30,26522.20,26537.20,0,
20_04_2026_14_00,26537.20,26543.70,26502.90,26543.40,0,
20_04_2026_14_05,26541.80,26549.70,26524.60,26546.80,0,
20_04_2026_14_10,26549.70,26570.20,26549.30,26563.60,0,
20_04_2026_14_15,26562.90,26596.40,26560.70,26594.70,0,
20_04_2026_14_20,26594.10,26609.40,26589.80,26607.30,0,
20_04_2026_14_25,26606.80,26622.80,26594.60,26617.10,0,
20_04_2026_14_30,26616.80,26617.30,26600.80,26611.80,0,
20_04_2026_14_35,26611.90,26621.80,26590.80,26593.60,0,
20_04_2026_14_40,26593.70,26597.80,26578.30,26579.80,0,
20_04_2026_14_45,26580.20,26588.00,26556.40,26574.80,0,
20_04_2026_14_50,26574.20,26584.20,26571.80,26581.80,0,
20_04_2026_14_55,26581.90,26583.70,26572.70,26580.90,0,
20_04_2026_15_00,26581.40,26600.50,26568.90,26573.20,0,
20_04_2026_15_05,26573.60,26577.70,26548.60,26559.60,0,
20_04_2026_15_10,26558.40,26564.10,26550.90,26555.20,0,
20_04_2026_15_15,26553.30,26554.90,26480.30,26482.40,0,
20_04_2026_15_20,26482.60,26498.70,26473.70,26476.40,0,
20_04_2026_15_25,26480.30,26485.20,26454.20,26461.70,0,
21_04_2026_09_15,26511.10,26696.20,26493.90,26661.30,0,
21_04_2026_09_20,26660.40,26687.80,26631.40,26651.50,0,
21_04_2026_09_25,26651.10,26678.80,26627.20,26627.20,0,
21_04_2026_09_30,26626.40,26641.10,26613.20,26637.00,0,
21_04_2026_09_35,26636.60,26644.20,26606.20,26623.50,0,
21_04_2026_09_40,26623.10,26627.60,26595.20,26621.10,0,
21_04_2026_09_45,26621.80,26682.80,26621.60,26673.70,0,
21_04_2026_09_50,26674.30,26685.00,26635.50,26653.50,0,
21_04_2026_09_55,26652.80,26677.80,26652.10,26676.30,0,
21_04_2026_10_00,26677.10,26694.70,26672.20,26694.60,0,
21_04_2026_10_05,26694.20,26701.90,26672.30,26691.80,0,
21_04_2026_10_10,26691.90,26703.20,26672.60,26698.00,0,
21_04_2026_10_15,26697.90,26707.40,26694.10,26695.80,0,
21_04_2026_10_20,26695.80,26696.60,26680.80,26684.30,0,
21_04_2026_10_25,26685.30,26690.10,26669.10,26675.90,0,
21_04_2026_10_30,26676.50,26694.70,26672.10,26694.70,0,
21_04_2026_10_35,26693.20,26702.50,26687.60,26694.60,0,
21_04_2026_10_40,26694.60,26699.20,26685.60,26689.90,0,
21_04_2026_10_45,26689.50,26698.10,26688.90,26695.60,0,
21_04_2026_10_50,26695.50,26697.80,26684.20,26689.90,0,
21_04_2026_10_55,26690.40,26701.70,26689.40,26693.90,0,
21_04_2026_11_00,26695.20,26696.20,26682.30,26695.70,0,
21_04_2026_11_05,26695.10,26704.60,26688.30,26701.30,0,
21_04_2026_11_10,26700.10,26718.10,26695.20,26708.90,0,
21_04_2026_11_15,26706.80,26713.20,26694.70,26703.10,0,
21_04_2026_11_20,26701.80,26703.40,26687.20,26696.10,0,
21_04_2026_11_25,26696.10,26697.90,26684.80,26691.10,0,
21_04_2026_11_30,26693.10,26696.20,26666.40,26669.80,0,
21_04_2026_11_35,26670.90,26683.00,26664.60,26675.60,0,
21_04_2026_11_40,26674.80,26681.40,26667.40,26680.40,0,
21_04_2026_11_45,26680.40,26697.10,26679.70,26692.40,0,
21_04_2026_11_50,26693.20,26696.80,26679.80,26684.70,0,
21_04_2026_11_55,26684.70,26703.70,26682.50,26703.40,0,
21_04_2026_12_00,26703.40,26724.30,26699.10,26722.00,0,
21_04_2026_12_05,26722.30,26727.80,26717.20,26720.70,0,
21_04_2026_12_10,26721.80,26724.70,26705.20,26707.60,0,
21_04_2026_12_15,26707.00,26720.80,26707.00,26719.80,0,
21_04_2026_12_20,26720.70,26735.80,26716.70,26724.30,0,
21_04_2026_12_25,26724.20,26727.70,26714.00,26715.40,0,
21_04_2026_12_30,26714.90,26724.80,26701.80,26701.80,0,
21_04_2026_12_35,26702.10,26730.80,26700.70,26727.40,0,
21_04_2026_12_40,26726.80,26746.10,26724.10,26731.60,0,
21_04_2026_12_45,26732.80,26734.10,26710.80,26717.90,0,
21_04_2026_12_50,26718.30,26726.20,26705.60,26705.60,0,
21_04_2026_12_55,26705.60,26714.40,26698.40,26713.80,0,
21_04_2026_13_00,26713.40,26715.20,26703.80,26707.30,0,
21_04_2026_13_05,26707.30,26712.20,26703.80,26704.70,0,
21_04_2026_13_10,26704.70,26706.90,26690.40,26701.30,0,
21_04_2026_13_15,26701.10,26710.60,26695.70,26697.30,0,
21_04_2026_13_20,26697.10,26704.50,26690.80,26703.20,0,
21_04_2026_13_25,26703.70,26712.60,26700.80,26710.10,0,
21_04_2026_13_30,26709.30,26732.20,26704.10,26723.20,0,
21_04_2026_13_35,26723.30,26725.40,26699.60,26703.70,0,
21_04_2026_13_40,26703.70,26703.80,26669.60,26674.70,0,
21_04_2026_13_45,26674.90,26685.60,26672.10,26685.60,0,
21_04_2026_13_50,26684.50,26695.30,26671.20,26680.90,0,
21_04_2026_13_55,26681.10,26700.60,26679.90,26696.70,0,
21_04_2026_14_00,26696.40,26698.20,26686.40,26694.90,0,
21_04_2026_14_05,26694.00,26694.80,26672.80,26676.50,0,
21_04_2026_14_10,26677.10,26686.30,26675.80,26681.70,0,
21_04_2026_14_15,26682.40,26695.30,26676.40,26688.80,0,
21_04_2026_14_20,26689.20,26712.80,26687.60,26699.20,0,
21_04_2026_14_25,26700.20,26702.20,26687.20,26693.20,0,
21_04_2026_14_30,26694.00,26695.70,26667.20,26668.70,0,
21_04_2026_14_35,26671.10,26673.60,26656.10,26668.20,0,
21_04_2026_14_40,26668.20,26673.80,26631.40,26646.40,0,
21_04_2026_14_45,26646.40,26658.80,26641.80,26657.90,0,
21_04_2026_14_50,26657.90,26674.50,26652.40,26656.50,0,
21_04_2026_14_55,26656.30,26661.20,26650.90,26654.90,0,
21_04_2026_15_00,26654.80,26659.20,26636.20,26645.10,0,
21_04_2026_15_05,26645.70,26645.80,26618.80,26622.20,0,
21_04_2026_15_10,26622.60,26629.80,26612.60,26613.80,0,
21_04_2026_15_15,26617.30,26627.50,26610.90,26616.80,0,
21_04_2026_15_20,26618.70,26629.60,26613.30,26625.80,0,
21_04_2026_15_25,26627.00,26633.70,26611.90,26628.70,0,
22_04_2026_09_15,26533.20,26692.20,26499.20,26642.20,0,
22_04_2026_09_20,26633.00,26664.30,26596.80,26640.70,0,
22_04_2026_09_25,26640.60,26642.00,26582.70,26594.40,0,
22_04_2026_09_30,26591.80,26668.80,26574.90,26668.10,0,
22_04_2026_09_35,26666.30,26698.70,26647.50,26654.20,0,
22_04_2026_09_40,26651.70,26664.30,26629.50,26652.10,0,
22_04_2026_09_45,26649.90,26657.80,26611.70,26643.70,0,
22_04_2026_09_50,26643.80,26645.80,26605.70,26606.80,0,
22_04_2026_09_55,26605.40,26610.20,26565.10,26569.30,0,
22_04_2026_10_00,26569.40,26588.40,26536.40,26574.00,0,
22_04_2026_10_05,26574.50,26590.60,26557.30,26586.40,0,
22_04_2026_10_10,26587.20,26589.70,26550.80,26563.80,0,
22_04_2026_10_15,26563.60,26575.70,26546.50,26548.20,0,
22_04_2026_10_20,26548.40,26558.50,26526.20,26551.50,0,
22_04_2026_10_25,26551.70,26577.30,26546.20,26575.40,0,
22_04_2026_10_30,26575.00,26576.40,26559.20,26572.80,0,
22_04_2026_10_35,26571.60,26597.50,26563.80,26593.60,0,
22_04_2026_10_40,26595.90,26598.80,26579.10,26590.00,0,
22_04_2026_10_45,26587.80,26603.60,26571.10,26586.70,0,
22_04_2026_10_50,26586.70,26630.90,26583.90,26620.80,0,
22_04_2026_10_55,26620.90,26624.70,26601.20,26602.60,0,
22_04_2026_11_00,26603.60,26607.60,26573.40,26586.00,0,
22_04_2026_11_05,26585.90,26589.50,26565.40,26570.80,0,
22_04_2026_11_10,26570.30,26582.00,26560.40,26574.70,0,
22_04_2026_11_15,26574.40,26595.00,26569.60,26590.80,0,
22_04_2026_11_20,26591.40,26605.80,26575.90,26605.00,0,
22_04_2026_11_25,26604.80,26622.30,26603.80,26611.20,0,
22_04_2026_11_30,26611.10,26628.50,26603.30,26619.80,0,
22_04_2026_11_35,26620.30,26621.30,26608.50,26612.60,0,
22_04_2026_11_40,26613.60,26633.80,26608.80,26608.80,0,
22_04_2026_11_45,26609.60,26612.70,26575.70,26603.90,0,
22_04_2026_11_50,26605.80,26647.70,26602.70,26644.40,0,
22_04_2026_11_55,26644.90,26664.60,26639.50,26660.00,0,
22_04_2026_12_00,26658.80,26680.20,26658.20,26679.80,0,
22_04_2026_12_05,26680.20,26685.70,26667.90,26668.90,0,
22_04_2026_12_10,26667.90,26679.20,26664.30,26670.80,0,
22_04_2026_12_15,26669.80,26684.70,26657.20,26681.50,0,
22_04_2026_12_20,26683.40,26687.40,26666.20,26677.30,0,
22_04_2026_12_25,26677.40,26700.80,26675.90,26693.60,0,
22_04_2026_12_30,26694.20,26715.80,26692.80,26711.50,0,
22_04_2026_12_35,26711.20,26718.60,26671.60,26681.80,0,
22_04_2026_12_40,26682.70,26689.90,26670.70,26681.20,0,
22_04_2026_12_45,26679.60,26682.70,26649.90,26658.80,0,
22_04_2026_12_50,26657.60,26670.40,26653.50,26659.20,0,
22_04_2026_12_55,26658.40,26663.70,26644.30,26645.40,0,
22_04_2026_13_00,26644.00,26660.90,26642.50,26658.70,0,
22_04_2026_13_05,26657.90,26668.10,26654.10,26660.20,0,
22_04_2026_13_10,26660.30,26662.40,26637.80,26647.60,0,
22_04_2026_13_15,26646.60,26654.30,26612.70,26613.60,0,
22_04_2026_13_20,26613.80,26618.80,26600.80,26612.20,0,
22_04_2026_13_25,26611.50,26624.10,26606.10,26616.50,0,
22_04_2026_13_30,26616.80,26639.90,26613.60,26636.70,0,
22_04_2026_13_35,26636.70,26645.60,26624.40,26628.90,0,
22_04_2026_13_40,26628.90,26644.80,26628.20,26636.70,0,
22_04_2026_13_45,26636.40,26642.60,26633.30,26637.60,0,
22_04_2026_13_50,26637.40,26639.80,26620.10,26624.60,0,
22_04_2026_13_55,26623.80,26641.10,26620.70,26632.80,0,
22_04_2026_14_00,26632.10,26644.20,26594.80,26596.70,0,
22_04_2026_14_05,26595.90,26609.10,26595.90,26599.90,0,
22_04_2026_14_10,26599.80,26602.70,26588.80,26593.20,0,
22_04_2026_14_15,26591.90,26594.20,26567.70,26578.90,0,
22_04_2026_14_20,26579.50,26587.10,26574.40,26584.20,0,
22_04_2026_14_25,26582.10,26597.80,26557.30,26559.90,0,
22_04_2026_14_30,26559.10,26570.80,26550.20,26553.90,0,
22_04_2026_14_35,26554.70,26569.90,26540.80,26562.90,0,
22_04_2026_14_40,26564.00,26578.60,26536.30,26536.70,0,
22_04_2026_14_45,26536.70,26553.00,26520.70,26523.60,0,
22_04_2026_14_50,26523.40,26541.10,26514.10,26538.70,0,
22_04_2026_14_55,26538.60,26551.00,26522.30,26529.40,0,
22_04_2026_15_00,26530.60,26530.60,26464.90,26466.10,0,
22_04_2026_15_05,26467.20,26467.20,26418.80,26422.20,0,
22_04_2026_15_10,26422.20,26441.60,26416.80,26439.80,0,
22_04_2026_15_15,26440.20,26448.40,26430.40,26447.20,0,
22_04_2026_15_20,26447.30,26472.00,26446.50,26460.50,0,
22_04_2026_15_25,26461.50,26464.50,26428.10,26462.70,0,
23_04_2026_09_15,26276.20,26278.90,26082.10,26103.10,0,
23_04_2026_09_20,26105.30,26240.80,26095.20,26162.90,0,
23_04_2026_09_25,26164.30,26223.80,26124.20,26196.90,0,
23_04_2026_09_30,26197.90,26238.70,26135.00,26139.70,0,
23_04_2026_09_35,26140.20,26142.40,26077.90,26095.10,0,
23_04_2026_09_40,26095.80,26128.90,26080.70,26126.40,0,
23_04_2026_09_45,26125.60,26169.70,26120.30,26153.30,0,
23_04_2026_09_50,26153.20,26174.60,26121.20,26145.80,0,
23_04_2026_09_55,26146.10,26164.20,26144.20,26153.20,0,
23_04_2026_10_00,26155.40,26158.40,26099.90,26157.20,0,
23_04_2026_10_05,26158.00,26158.00,26116.80,26123.20,0,
23_04_2026_10_10,26123.40,26127.50,26079.30,26090.90,0,
23_04_2026_10_15,26089.30,26094.90,26043.20,26052.30,0,
23_04_2026_10_20,26054.20,26054.20,26015.30,26017.80,0,
23_04_2026_10_25,26017.20,26026.60,25979.80,25990.40,0,
23_04_2026_10_30,25990.10,25991.80,25965.90,25978.30,0,
23_04_2026_10_35,25978.50,25991.20,25958.90,25969.90,0,
23_04_2026_10_40,25973.80,25973.80,25947.80,25958.30,0,
23_04_2026_10_45,25957.80,25968.90,25942.00,25953.60,0,
23_04_2026_10_50,25952.00,25954.70,25930.80,25938.60,0,
23_04_2026_10_55,25936.80,25936.80,25890.60,25910.90,0,
23_04_2026_11_00,25909.90,25922.10,25904.50,25914.20,0,
23_04_2026_11_05,25914.80,25935.20,25904.20,25918.70,0,
23_04_2026_11_10,25920.50,25937.20,25909.30,25925.60,0,
23_04_2026_11_15,25926.40,25965.00,25920.90,25955.80,0,
23_04_2026_11_20,25959.20,25960.30,25933.30,25935.60,0,
23_04_2026_11_25,25936.00,25943.70,25920.70,25933.70,0,
23_04_2026_11_30,25934.30,25937.00,25906.80,25909.70,0,
23_04_2026_11_35,25911.00,25918.10,25899.80,25912.70,0,
23_04_2026_11_40,25912.20,25916.10,25894.70,25903.80,0,
23_04_2026_11_45,25904.70,25906.10,25891.70,25898.20,0,
23_04_2026_11_50,25899.20,25915.10,25893.20,25910.60,0,
23_04_2026_11_55,25911.90,25916.20,25899.70,25903.90,0,
23_04_2026_12_00,25905.90,25907.20,25883.40,25885.00,0,
23_04_2026_12_05,25887.90,25927.30,25877.70,25920.60,0,
23_04_2026_12_10,25919.60,25947.20,25912.00,25941.70,0,
23_04_2026_12_15,25942.80,25943.40,25924.00,25924.90,0,
23_04_2026_12_20,25925.20,25955.00,25922.10,25942.10,0,
23_04_2026_12_25,25942.60,25942.60,25892.80,25901.10,0,
23_04_2026_12_30,25901.60,25902.80,25874.90,25882.20,0,
23_04_2026_12_35,25883.10,25899.40,25870.80,25894.70,0,
23_04_2026_12_40,25894.10,25895.10,25853.50,25865.60,0,
23_04_2026_12_45,25865.80,25876.30,25848.20,25853.10,0,
23_04_2026_12_50,25852.90,25861.20,25842.10,25856.20,0,
23_04_2026_12_55,25856.90,25883.70,25843.40,25880.60,0,
23_04_2026_13_00,25881.30,25888.10,25847.90,25857.50,0,
23_04_2026_13_05,25859.80,25865.80,25842.60,25860.80,0,
23_04_2026_13_10,25861.80,25868.80,25851.30,25859.40,0,
23_04_2026_13_15,25860.40,25880.40,25835.20,25878.70,0,
23_04_2026_13_20,25878.90,25947.10,25878.90,25942.50,0,
23_04_2026_13_25,25942.40,25950.10,25916.50,25924.90,0,
23_04_2026_13_30,25925.40,25928.20,25881.60,25881.60,0,
23_04_2026_13_35,25881.40,25886.90,25841.70,25849.70,0,
23_04_2026_13_40,25849.40,25858.40,25843.10,25854.40,0,
23_04_2026_13_45,25854.20,25859.50,25837.20,25848.80,0,
23_04_2026_13_50,25849.30,25865.50,25842.20,25845.70,0,
23_04_2026_13_55,25846.20,25854.50,25834.30,25844.30,0,
23_04_2026_14_00,25843.70,25845.20,25822.10,25834.40,0,
23_04_2026_14_05,25835.60,25840.90,25818.20,25829.40,0,
23_04_2026_14_10,25831.30,25831.30,25799.70,25803.30,0,
23_04_2026_14_15,25803.70,25822.30,25798.20,25800.80,0,
23_04_2026_14_20,25799.80,25806.70,25769.10,25789.60,0,
23_04_2026_14_25,25789.90,25796.50,25782.30,25785.40,0,
23_04_2026_14_30,25783.70,25786.10,25753.90,25756.80,0,
23_04_2026_14_35,25757.00,25769.70,25746.70,25761.20,0,
23_04_2026_14_40,25761.70,25772.10,25754.30,25757.20,0,
23_04_2026_14_45,25759.80,25802.80,25754.80,25778.90,0,
23_04_2026_14_50,25777.20,25799.20,25775.80,25793.30,0,
23_04_2026_14_55,25794.20,25804.60,25784.60,25803.30,0,
23_04_2026_15_00,25805.80,25850.90,25798.10,25838.10,0,
23_04_2026_15_05,25837.80,25862.10,25833.80,25849.40,0,
23_04_2026_15_10,25851.70,25857.80,25800.80,25802.30,0,
23_04_2026_15_15,25802.60,25826.30,25792.90,25822.70,0,
23_04_2026_15_20,25823.80,25843.70,25823.80,25832.70,0,
23_04_2026_15_25,25834.60,25855.70,25820.20,25838.30,0,
24_04_2026_09_15,25866.90,26035.60,25816.50,25859.10,0,
24_04_2026_09_20,25856.10,25879.10,25768.50,25846.20,0,
24_04_2026_09_25,25849.20,25864.10,25771.20,25772.70,0,
24_04_2026_09_30,25769.20,25816.20,25692.40,25703.50,0,
24_04_2026_09_35,25702.70,25722.10,25664.40,25679.00,0,
24_04_2026_09_40,25679.80,25716.80,25660.20,25688.80,0,
24_04_2026_09_45,25690.70,25721.80,25653.60,25721.80,0,
24_04_2026_09_50,25722.30,25745.80,25706.80,25728.20,0,
24_04_2026_09_55,25728.30,25756.80,25709.20,25748.10,0,
24_04_2026_10_00,25748.30,25853.20,25748.30,25849.20,0,
24_04_2026_10_05,25850.50,25872.40,25829.00,25830.00,0,
24_04_2026_10_10,25830.80,25855.40,25819.50,25836.80,0,
24_04_2026_10_15,25828.10,25837.10,25812.70,25823.80,0,
24_04_2026_10_20,25822.80,25826.90,25777.40,25780.60,0,
24_04_2026_10_25,25780.70,25815.20,25776.80,25812.80,0,
24_04_2026_10_30,25812.30,25812.30,25779.20,25780.80,0,
24_04_2026_10_35,25784.40,25792.80,25756.80,25770.20,0,
24_04_2026_10_40,25770.50,25774.80,25746.30,25746.30,0,
24_04_2026_10_45,25747.50,25751.50,25704.60,25710.40,0,
24_04_2026_10_50,25710.30,25721.70,25701.20,25714.70,0,
24_04_2026_10_55,25714.40,25717.30,25676.30,25681.70,0,
24_04_2026_11_00,25680.30,25684.10,25651.80,25660.40,0,
24_04_2026_11_05,25660.10,25681.60,25648.10,25656.30,0,
24_04_2026_11_10,25656.40,25666.70,25645.80,25654.80,0,
24_04_2026_11_15,25654.60,25665.80,25636.10,25660.80,0,
24_04_2026_11_20,25660.60,25701.90,25656.20,25675.30,0,
24_04_2026_11_25,25675.80,25699.90,25672.80,25688.60,0,
24_04_2026_11_30,25688.10,25747.20,25688.10,25743.20,0,
24_04_2026_11_35,25743.40,25748.70,25731.90,25734.80,0,
24_04_2026_11_40,25734.80,25744.80,25723.50,25736.60,0,
24_04_2026_11_45,25737.40,25739.10,25686.10,25688.20,0,
24_04_2026_11_50,25688.30,25688.30,25666.70,25685.30,0,
24_04_2026_11_55,25685.60,25695.30,25673.80,25678.20,0,
24_04_2026_12_00,25678.20,25705.40,25661.80,25704.90,0,
24_04_2026_12_05,25705.20,25713.60,25698.30,25712.40,0,
24_04_2026_12_10,25712.20,25757.90,25711.00,25753.40,0,
24_04_2026_12_15,25754.20,25758.10,25733.20,25739.20,0,
24_04_2026_12_20,25738.90,25738.90,25674.90,25678.40,0,
24_04_2026_12_25,25681.30,25685.80,25657.20,25674.20,0,
24_04_2026_12_30,25675.00,25678.80,25667.30,25672.50,0,
24_04_2026_12_35,25670.70,25673.30,25649.20,25649.80,0,
24_04_2026_12_40,25649.10,25663.80,25637.60,25638.70,0,
24_04_2026_12_45,25638.90,25667.60,25635.70,25648.90,0,
24_04_2026_12_50,25648.90,25688.40,25646.80,25680.50,0,
24_04_2026_12_55,25680.50,25694.30,25655.60,25670.60,0,
24_04_2026_13_00,25669.50,25669.80,25617.10,25617.30,0,
24_04_2026_13_05,25617.40,25637.60,25614.20,25623.70,0,
24_04_2026_13_10,25622.80,25624.20,25600.70,25609.60,0,
24_04_2026_13_15,25609.90,25627.30,25596.60,25621.30,0,
24_04_2026_13_20,25624.80,25629.80,25606.60,25622.40,0,
24_04_2026_13_25,25622.70,25627.70,25605.90,25620.90,0,
24_04_2026_13_30,25620.90,25626.70,25581.70,25585.10,0,
24_04_2026_13_35,25585.10,25590.60,25560.20,25563.20,0,
24_04_2026_13_40,25562.60,25583.20,25559.80,25571.20,0,
24_04_2026_13_45,25571.40,25612.40,25571.00,25598.30,0,
24_04_2026_13_50,25598.80,25621.20,25597.90,25612.10,0,
24_04_2026_13_55,25612.80,25624.90,25597.70,25609.20,0,
24_04_2026_14_00,25608.90,25619.80,25599.60,25601.20,0,
24_04_2026_14_05,25601.90,25617.30,25576.10,25606.70,0,
24_04_2026_14_10,25606.40,25610.80,25599.70,25607.80,0,
24_04_2026_14_15,25608.90,25663.30,25605.40,25651.70,0,
24_04_2026_14_20,25651.20,25685.20,25647.10,25663.70,0,
24_04_2026_14_25,25663.30,25690.90,25659.20,25688.00,0,
24_04_2026_14_30,25686.80,25708.30,25672.80,25681.90,0,
24_04_2026_14_35,25681.10,25708.00,25679.80,25696.10,0,
24_04_2026_14_40,25697.20,25705.70,25681.40,25685.40,0,
24_04_2026_14_45,25686.30,25701.20,25660.40,25698.90,0,
24_04_2026_14_50,25696.10,25702.80,25655.10,25673.80,0,
24_04_2026_14_55,25673.10,25682.40,25662.80,25677.50,0,
24_04_2026_15_00,25676.20,25676.20,25621.90,25629.40,0,
24_04_2026_15_05,25631.30,25655.50,25622.80,25648.30,0,
24_04_2026_15_10,25645.80,25654.70,25628.50,25645.70,0,
24_04_2026_15_15,25643.70,25677.80,25643.70,25669.70,0,
24_04_2026_15_20,25672.60,25675.40,25639.70,25655.90,0,
24_04_2026_15_25,25656.20,25695.50,25644.30,25687.80,0,
27_04_2026_09_15,25803.10,25931.80,25776.00,25856.10,0,
27_04_2026_09_20,25854.30,25961.90,25854.30,25927.60,0,
27_04_2026_09_25,25920.60,25939.20,25875.30,25891.30,0,
27_04_2026_09_30,25894.60,25926.30,25835.40,25844.90,0,
27_04_2026_09_35,25844.20,25870.60,25812.60,25815.40,0,
27_04_2026_09_40,25815.70,25889.10,25815.60,25885.70,0,
27_04_2026_09_45,25887.10,25936.60,25887.10,25925.20,0,
27_04_2026_09_50,25925.60,25941.00,25912.80,25927.40,0,
27_04_2026_09_55,25927.40,25943.20,25916.60,25925.70,0,
27_04_2026_10_00,25922.80,25943.80,25907.60,25907.60,0,
27_04_2026_10_05,25906.40,25916.30,25877.30,25896.60,0,
27_04_2026_10_10,25897.10,25913.00,25872.80,25879.70,0,
27_04_2026_10_15,25880.40,25954.70,25880.40,25941.00,0,
27_04_2026_10_20,25941.90,25942.80,25890.20,25894.40,0,
27_04_2026_10_25,25892.80,25896.00,25863.30,25882.10,0,
27_04_2026_10_30,25881.80,25885.10,25826.90,25842.10,0,
27_04_2026_10_35,25842.10,25849.40,25825.90,25833.70,0,
27_04_2026_10_40,25833.20,25872.10,25828.70,25860.40,0,
27_04_2026_10_45,25857.40,25889.60,25838.10,25883.20,0,
27_04_2026_10_50,25882.20,25896.80,25879.60,25887.40,0,
27_04_2026_10_55,25887.20,25904.80,25887.20,25888.30,0,
27_04_2026_11_00,25888.20,25904.40,25880.60,25888.10,0,
27_04_2026_11_05,25887.30,25897.80,25863.00,25863.60,0,
27_04_2026_11_10,25864.30,25899.60,25864.00,25898.80,0,
27_04_2026_11_15,25899.10,25927.60,25894.30,25902.40,0,
27_04_2026_11_20,25902.80,25904.70,25889.40,25891.30,0,
27_04_2026_11_25,25891.60,25893.00,25868.40,25875.70,0,
27_04_2026_11_30,25875.20,25887.20,25854.20,25864.30,0,
27_04_2026_11_35,25863.30,25865.20,25830.60,25854.80,0,
27_04_2026_11_40,25854.70,25870.70,25849.40,25860.50,0,
27_04_2026_11_45,25859.10,25874.60,25845.80,25873.50,0,
27_04_2026_11_50,25874.50,25874.60,25851.30,25873.20,0,
27_04_2026_11_55,25873.10,25903.60,25872.30,25897.70,0,
27_04_2026_12_00,25898.00,25899.20,25882.30,25891.40,0,
27_04_2026_12_05,25891.80,25925.20,25891.10,25924.80,0,
27_04_2026_12_10,25923.50,25966.40,25922.30,25962.20,0,
27_04_2026_12_15,25962.90,25971.50,25955.30,25969.80,0,
27_04_2026_12_20,25970.30,25996.90,25959.20,25995.30,0,
27_04_2026_12_25,25996.30,26031.90,25995.60,26019.20,0,
27_04_2026_12_30,26019.30,26042.10,26017.60,26038.70,0,
27_04_2026_12_35,26038.70,26045.40,26022.60,26034.20,0,
27_04_2026_12_40,26033.80,26046.80,26029.10,26043.40,0,
27_04_2026_12_45,26042.20,26057.60,26032.40,26054.80,0,
27_04_2026_12_50,26052.80,26114.20,26048.90,26113.30,0,
27_04_2026_12_55,26112.10,26120.10,26078.80,26084.80,0,
27_04_2026_13_00,26084.10,26099.60,26080.70,26080.70,0,
27_04_2026_13_05,26079.60,26099.90,26060.10,26097.80,0,
27_04_2026_13_10,26098.50,26102.50,26083.90,26096.40,0,
27_04_2026_13_15,26096.70,26126.20,26096.40,26108.20,0,
27_04_2026_13_20,26108.10,26112.10,26087.30,26093.70,0,
27_04_2026_13_25,26094.10,26100.70,26075.40,26075.80,0,
27_04_2026_13_30,26075.50,26083.40,26057.80,26068.10,0,
27_04_2026_13_35,26069.80,26085.90,26066.20,26071.70,0,
27_04_2026_13_40,26072.10,26080.40,26057.80,26059.30,0,
27_04_2026_13_45,26059.20,26081.80,26059.20,26069.40,0,
27_04_2026_13_50,26068.70,26089.40,26064.20,26089.30,0,
27_04_2026_13_55,26089.30,26096.20,26084.10,26087.00,0,
27_04_2026_14_00,26087.20,26090.70,26075.80,26077.20,0,
27_04_2026_14_05,26077.70,26087.30,26068.50,26071.60,0,
27_04_2026_14_10,26071.00,26090.60,26070.20,26087.20,0,
27_04_2026_14_15,26087.90,26089.20,26064.00,26085.10,0,
27_04_2026_14_20,26085.20,26086.80,26073.20,26082.30,0,
27_04_2026_14_25,26082.30,26102.30,26079.70,26095.10,0,
27_04_2026_14_30,26095.70,26096.40,26057.50,26062.80,0,
27_04_2026_14_35,26062.10,26082.20,26051.40,26081.30,0,
27_04_2026_14_40,26081.40,26081.40,26060.60,26071.00,0,
27_04_2026_14_45,26071.60,26084.90,26063.90,26067.20,0,
27_04_2026_14_50,26067.20,26073.90,26058.20,26061.90,0,
27_04_2026_14_55,26062.90,26077.10,26053.80,26068.50,0,
27_04_2026_15_00,26068.20,26068.20,26026.40,26050.30,0,
27_04_2026_15_05,26048.20,26050.30,26034.80,26043.30,0,
27_04_2026_15_10,26041.70,26064.40,26038.80,26045.10,0,
27_04_2026_15_15,26046.20,26052.60,26034.70,26040.30,0,
27_04_2026_15_20,26039.70,26079.70,26026.60,26070.10,0,
27_04_2026_15_25,26066.10,26085.80,26055.30,26076.30,0,
28_04_2026_09_15,26056.70,26119.20,25959.70,26114.40,0,
28_04_2026_09_20,26113.30,26128.60,26066.60,26099.40,0,
28_04_2026_09_25,26100.20,26160.80,26099.20,26115.70,0,
28_04_2026_09_30,26116.40,26157.90,26114.40,26126.30,0,
28_04_2026_09_35,26126.20,26181.60,26094.70,26181.10,0,
28_04_2026_09_40,26184.20,26219.20,26179.40,26200.20,0,
28_04_2026_09_45,26201.30,26205.50,26151.60,26151.60,0,
28_04_2026_09_50,26153.40,26164.70,26143.40,26164.70,0,
28_04_2026_09_55,26161.90,26196.90,26161.90,26184.90,0,
28_04_2026_10_00,26183.20,26195.00,26171.00,26173.10,0,
28_04_2026_10_05,26172.60,26175.10,26153.50,26160.20,0,
28_04_2026_10_10,26159.20,26161.20,26140.20,26143.90,0,
28_04_2026_10_15,26145.30,26181.80,26141.60,26180.40,0,
28_04_2026_10_20,26180.40,26180.80,26160.20,26160.70,0,
28_04_2026_10_25,26160.70,26179.30,26153.70,26178.30,0,
28_04_2026_10_30,26179.10,26179.50,26125.90,26128.80,0,
28_04_2026_10_35,26127.60,26128.90,26094.10,26095.40,0,
28_04_2026_10_40,26096.90,26107.70,26074.80,26106.40,0,
28_04_2026_10_45,26106.20,26121.40,26103.20,26107.80,0,
28_04_2026_10_50,26108.20,26114.40,26096.40,26107.70,0,
28_04_2026_10_55,26108.50,26122.80,26106.90,26117.50,0,
28_04_2026_11_00,26117.70,26118.30,26092.30,26102.40,0,
28_04_2026_11_05,26102.60,26104.60,26077.80,26089.30,0,
28_04_2026_11_10,26091.30,26100.10,26086.20,26096.20,0,
28_04_2026_11_15,26096.30,26097.90,26080.80,26094.70,0,
28_04_2026_11_20,26095.70,26108.40,26050.80,26051.30,0,
28_04_2026_11_25,26052.80,26052.80,25958.40,25967.90,0,
28_04_2026_11_30,25967.40,25991.90,25956.80,25975.20,0,
28_04_2026_11_35,25976.70,25991.60,25972.10,25974.70,0,
28_04_2026_11_40,25975.20,25985.40,25963.30,25982.70,0,
28_04_2026_11_45,25981.90,25990.10,25956.70,25964.30,0,
28_04_2026_11_50,25964.10,25974.30,25942.50,25959.10,0,
28_04_2026_11_55,25960.40,25970.60,25887.70,25894.40,0,
28_04_2026_12_00,25895.30,25895.30,25849.50,25880.30,0,
28_04_2026_12_05,25879.10,25879.80,25860.70,25862.30,0,
28_04_2026_12_10,25861.90,25870.40,25843.60,25868.40,0,
28_04_2026_12_15,25866.80,25880.90,25852.30,25853.20,0,
28_04_2026_12_20,25853.30,25860.20,25823.40,25847.40,0,
28_04_2026_12_25,25848.00,25867.90,25845.10,25855.00,0,
28_04_2026_12_30,25855.80,25869.10,25846.20,25867.30,0,
28_04_2026_12_35,25867.70,25881.20,25847.40,25848.70,0,
28_04_2026_12_40,25848.20,25880.10,25847.20,25876.80,0,
28_04_2026_12_45,25876.50,25881.80,25861.20,25879.60,0,
28_04_2026_12_50,25879.30,25884.10,25868.20,25870.50,0,
28_04_2026_12_55,25870.30,25877.10,25850.80,25862.20,0,
28_04_2026_13_00,25860.90,25889.20,25858.80,25886.90,0,
28_04_2026_13_05,25886.70,25898.50,25883.10,25896.00,0,
28_04_2026_13_10,25895.30,25901.70,25882.30,25885.00,0,
28_04_2026_13_15,25884.80,25919.50,25880.50,25908.80,0,
28_04_2026_13_20,25908.40,25914.90,25901.40,25912.60,0,
28_04_2026_13_25,25912.90,25940.80,25912.20,25913.30,0,
28_04_2026_13_30,25914.30,25915.60,25879.10,25892.60,0,
28_04_2026_13_35,25893.00,25899.80,25868.10,25883.40,0,
28_04_2026_13_40,25883.90,25905.80,25877.60,25892.80,0,
28_04_2026_13_45,25892.70,25892.80,25876.80,25885.60,0,
28_04_2026_13_50,25885.70,25909.40,25883.20,25900.90,0,
28_04_2026_13_55,25901.90,25924.80,25898.20,25913.80,0,
28_04_2026_14_00,25913.40,25915.40,25888.30,25907.80,0,
28_04_2026_14_05,25907.70,25923.60,25882.30,25920.40,0,
28_04_2026_14_10,25920.30,25921.80,25893.90,25900.10,0,
28_04_2026_14_15,25900.90,25903.20,25883.80,25895.70,0,
28_04_2026_14_20,25896.70,25917.80,25891.30,25906.80,0,
28_04_2026_14_25,25907.20,25907.90,25855.30,25860.20,0,
28_04_2026_14_30,25860.80,25929.20,25860.80,25911.90,0,
28_04_2026_14_35,25916.10,25928.20,25910.60,25920.30,0,
28_04_2026_14_40,25920.60,25926.20,25820.20,25863.50,0,
28_04_2026_14_45,25858.80,25864.20,25800.80,25856.80,0,
28_04_2026_14_50,25858.30,25885.80,25832.00,25844.20,0,
28_04_2026_14_55,25844.30,25879.50,25824.40,25860.40,0,
28_04_2026_15_00,25860.50,25865.80,25768.70,25769.60,0,
28_04_2026_15_05,25772.90,25793.00,25764.70,25779.20,0,
28_04_2026_15_10,25779.40,25804.60,25779.40,25782.90,0,
28_04_2026_15_15,25783.80,25807.20,25778.90,25792.20,0,
28_04_2026_15_20,25792.40,25797.10,25762.10,25782.80,0,
28_04_2026_15_25,25783.80,25819.40,25778.70,25804.40,0,
29_04_2026_09_15,25946.60,26261.90,25935.40,26178.30,0,
29_04_2026_09_20,26180.90,26251.10,26130.90,26203.90,0,
29_04_2026_09_25,26205.90,26293.50,26179.20,26273.00,0,
29_04_2026_09_30,26274.60,26326.10,26235.70,26243.60,0,
29_04_2026_09_35,26242.60,26257.10,26205.10,26225.90,0,
29_04_2026_09_40,26227.90,26302.00,26216.60,26297.20,0,
29_04_2026_09_45,26297.60,26381.90,26295.40,26377.10,0,
29_04_2026_09_50,26378.20,26484.80,26374.90,26475.10,0,
29_04_2026_09_55,26477.20,26479.90,26383.90,26425.50,0,
29_04_2026_10_00,26425.20,26464.30,26395.30,26395.90,0,
29_04_2026_10_05,26395.00,26410.90,26374.10,26386.70,0,
29_04_2026_10_10,26387.40,26409.50,26376.00,26394.20,0,
29_04_2026_10_15,26394.20,26424.70,26393.70,26405.30,0,
29_04_2026_10_20,26410.00,26450.90,26410.00,26434.70,0,
29_04_2026_10_25,26435.10,26451.30,26417.80,26429.60,0,
29_04_2026_10_30,26429.40,26431.00,26397.40,26413.80,0,
29_04_2026_10_35,26413.80,26415.80,26373.20,26398.80,0,
29_04_2026_10_40,26399.60,26402.20,26363.20,26366.40,0,
29_04_2026_10_45,26364.90,26365.70,26332.10,26344.20,0,
29_04_2026_10_50,26345.30,26369.40,26345.30,26369.10,0,
29_04_2026_10_55,26369.70,26396.90,26356.30,26395.30,0,
29_04_2026_11_00,26395.20,26407.20,26383.70,26384.20,0,
29_04_2026_11_05,26383.10,26400.00,26380.90,26390.50,0,
29_04_2026_11_10,26391.40,26397.80,26378.20,26392.30,0,
29_04_2026_11_15,26393.20,26406.50,26356.80,26359.30,0,
29_04_2026_11_20,26360.40,26382.70,26320.20,26328.60,0,
29_04_2026_11_25,26326.80,26345.80,26305.20,26309.20,0,
29_04_2026_11_30,26312.30,26347.10,26305.90,26342.70,0,
29_04_2026_11_35,26343.20,26350.20,26331.80,26336.30,0,
29_04_2026_11_40,26336.90,26347.80,26333.20,26333.30,0,
29_04_2026_11_45,26333.80,26333.80,26305.40,26315.80,0,
29_04_2026_11_50,26316.60,26330.70,26308.50,26322.10,0,
29_04_2026_11_55,26322.80,26347.80,26317.30,26345.70,0,
29_04_2026_12_00,26345.40,26347.70,26335.20,26339.80,0,
29_04_2026_12_05,26339.80,26356.10,26336.40,26353.60,0,
29_04_2026_12_10,26353.20,26384.60,26351.10,26373.00,0,
29_04_2026_12_15,26374.60,26396.20,26371.40,26385.10,0,
29_04_2026_12_20,26385.30,26385.70,26367.50,26380.10,0,
29_04_2026_12_25,26380.30,26384.90,26363.80,26372.80,0,
29_04_2026_12_30,26372.80,26389.20,26365.60,26387.20,0,
29_04_2026_12_35,26387.20,26390.90,26372.60,26379.50,0,
29_04_2026_12_40,26382.90,26412.50,26379.60,26407.20,0,
29_04_2026_12_45,26407.40,26410.20,26402.60,26403.80,0,
29_04_2026_12_50,26403.80,26410.60,26390.40,26392.20,0,
29_04_2026_12_55,26393.20,26406.10,26392.20,26393.70,0,
29_04_2026_13_00,26394.70,26399.30,26380.00,26383.30,0,
29_04_2026_13_05,26384.10,26397.20,26379.60,26384.60,0,
29_04_2026_13_10,26383.70,26391.10,26353.90,26354.40,0,
29_04_2026_13_15,26354.70,26361.10,26333.90,26336.50,0,
29_04_2026_13_20,26337.00,26338.80,26316.30,26323.00,0,
29_04_2026_13_25,26325.00,26330.70,26309.30,26310.10,0,
29_04_2026_13_30,26312.70,26326.70,26309.90,26323.30,0,
29_04_2026_13_35,26323.80,26325.90,26273.20,26281.80,0,
29_04_2026_13_40,26283.30,26283.30,26219.30,26219.30,0,
29_04_2026_13_45,26221.90,26226.60,26190.90,26207.70,0,
29_04_2026_13_50,26208.40,26264.60,26207.60,26242.40,0,
29_04_2026_13_55,26243.30,26257.90,26194.70,26195.80,0,
29_04_2026_14_00,26194.10,26195.80,26132.50,26139.00,0,
29_04_2026_14_05,26142.80,26174.30,26134.20,26161.80,0,
29_04_2026_14_10,26162.80,26174.80,26141.80,26164.80,0,
29_04_2026_14_15,26164.40,26170.20,26134.40,26136.10,0,
29_04_2026_14_20,26136.80,26175.90,26117.70,26171.20,0,
29_04_2026_14_25,26173.50,26173.50,26088.30,26088.30,0,
29_04_2026_14_30,26089.20,26092.80,26067.90,26082.20,0,
29_04_2026_14_35,26082.10,26085.90,26059.30,26081.80,0,
29_04_2026_14_40,26082.60,26135.30,26081.10,26133.80,0,
29_04_2026_14_45,26133.80,26139.80,26106.90,26121.70,0,
29_04_2026_14_50,26122.80,26125.70,26105.40,26112.80,0,
29_04_2026_14_55,26114.10,26114.10,26059.90,26062.20,0,
29_04_2026_15_00,26063.00,26129.40,26059.20,26110.20,0,
29_04_2026_15_05,26109.40,26148.40,26103.20,26136.80,0,
29_04_2026_15_10,26138.00,26138.00,26101.20,26102.00,0,
29_04_2026_15_15,26103.20,26103.20,26046.40,26046.40,0,
29_04_2026_15_20,26046.90,26071.10,26039.90,26069.70,0,
29_04_2026_15_25,26069.10,26079.10,26040.00,26078.20,0,
30_04_2026_09_15,25894.20,25918.60,25663.90,25695.40,0,
30_04_2026_09_20,25696.40,25703.80,25587.80,25599.80,0,
30_04_2026_09_25,25597.90,25634.50,25574.80,25586.00,0,
30_04_2026_09_30,25581.50,25615.20,25562.70,25603.40,0,
30_04_2026_09_35,25600.40,25611.80,25529.80,25538.40,0,
30_04_2026_09_40,25538.40,25600.30,25518.20,25593.80,0,
30_04_2026_09_45,25595.60,25624.30,25573.90,25587.50,0,
30_04_2026_09_50,25587.20,25612.80,25577.80,25578.20,0,
30_04_2026_09_55,25576.80,25581.50,25508.70,25531.30,0,
30_04_2026_10_00,25533.30,25535.20,25494.70,25495.10,0,
30_04_2026_10_05,25495.80,25525.80,25489.70,25495.40,0,
30_04_2026_10_10,25494.30,25498.90,25460.00,25463.10,0,
30_04_2026_10_15,25463.30,25486.30,25441.60,25480.60,0,
30_04_2026_10_20,25480.80,25503.90,25473.70,25476.10,0,
30_04_2026_10_25,25473.40,25483.90,25452.60,25462.10,0,
30_04_2026_10_30,25462.10,25478.90,25456.90,25467.30,0,
30_04_2026_10_35,25467.20,25599.20,25464.40,25589.90,0,
30_04_2026_10_40,25587.40,25673.30,25584.70,25665.60,0,
30_04_2026_10_45,25666.70,25671.80,25605.10,25608.80,0,
30_04_2026_10_50,25608.30,25625.80,25605.30,25613.80,0,
30_04_2026_10_55,25614.40,25618.80,25592.70,25608.50,0,
30_04_2026_11_00,25609.10,25623.70,25594.50,25599.90,0,
30_04_2026_11_05,25600.20,25607.40,25591.20,25600.00,0,
30_04_2026_11_10,25599.80,25600.80,25522.80,25524.30,0,
30_04_2026_11_15,25525.20,25577.30,25512.40,25566.40,0,
30_04_2026_11_20,25567.10,25570.20,25550.20,25552.60,0,
30_04_2026_11_25,25552.20,25576.20,25539.30,25567.90,0,
30_04_2026_11_30,25568.40,25570.80,25533.40,25542.90,0,
30_04_2026_11_35,25542.80,25566.40,25542.80,25553.40,0,
30_04_2026_11_40,25556.70,25578.40,25545.50,25562.20,0,
30_04_2026_11_45,25560.60,25562.30,25530.90,25548.40,0,
30_04_2026_11_50,25548.10,25550.90,25515.10,25522.90,0,
30_04_2026_11_55,25522.70,25542.60,25522.70,25531.10,0,
30_04_2026_12_00,25529.70,25533.60,25512.80,25529.20,0,
30_04_2026_12_05,25527.60,25571.80,25526.50,25551.00,0,
30_04_2026_12_10,25550.70,25562.40,25544.50,25560.20,0,
30_04_2026_12_15,25560.30,25565.80,25543.10,25544.90,0,
30_04_2026_12_20,25543.90,25598.70,25537.90,25591.70,0,
30_04_2026_12_25,25593.40,25600.30,25571.70,25578.80,0,
30_04_2026_12_30,25579.70,25618.10,25579.70,25613.20,0,
30_04_2026_12_35,25613.70,25623.80,25603.40,25611.10,0,
30_04_2026_12_40,25612.60,25635.20,25609.60,25633.80,0,
30_04_2026_12_45,25633.70,25662.60,25623.30,25656.70,0,
30_04_2026_12_50,25656.70,25690.90,25656.60,25690.20,0,
30_04_2026_12_55,25690.20,25690.80,25669.10,25673.50,0,
30_04_2026_13_00,25674.20,25683.50,25657.10,25664.50,0,
30_04_2026_13_05,25665.30,25675.10,25643.30,25672.40,0,
30_04_2026_13_10,25672.90,25675.20,25660.30,25661.90,0,
30_04_2026_13_15,25662.40,25664.90,25647.80,25654.80,0,
30_04_2026_13_20,25654.80,25685.40,25651.40,25684.90,0,
30_04_2026_13_25,25685.90,25690.60,25677.00,25686.80,0,
30_04_2026_13_30,25685.70,25704.40,25668.60,25703.20,0,
30_04_2026_13_35,25702.90,25728.50,25702.10,25707.60,0,
30_04_2026_13_40,25707.40,25745.80,25707.40,25741.80,0,
30_04_2026_13_45,25741.40,25795.80,25740.80,25793.10,0,
30_04_2026_13_50,25793.10,25857.30,25766.80,25857.30,0,
30_04_2026_13_55,25860.10,25877.70,25850.20,25870.80,0,
30_04_2026_14_00,25870.80,25871.40,25829.80,25838.60,0,
30_04_2026_14_05,25837.80,25839.30,25795.40,25836.20,0,
30_04_2026_14_10,25835.40,25857.60,25826.80,25826.80,0,
30_04_2026_14_15,25826.30,25850.10,25786.50,25787.80,0,
30_04_2026_14_20,25787.60,25837.40,25769.30,25831.20,0,
30_04_2026_14_25,25832.20,25842.60,25794.90,25832.10,0,
30_04_2026_14_30,25832.10,25922.80,25832.10,25921.40,0,
30_04_2026_14_35,25919.30,25966.20,25916.60,25954.70,0,
30_04_2026_14_40,25956.60,25966.40,25930.20,25959.40,0,
30_04_2026_14_45,25958.20,25965.60,25936.00,25936.00,0,
30_04_2026_14_50,25935.30,25971.80,25916.20,25966.60,0,
30_04_2026_14_55,25966.00,26034.00,25966.00,26025.60,0,
30_04_2026_15_00,26027.00,26027.00,25895.20,25912.20,0,
30_04_2026_15_05,25916.40,25916.80,25877.10,25893.90,0,
30_04_2026_15_10,25896.60,25910.40,25880.80,25909.60,0,
30_04_2026_15_15,25911.10,25928.60,25903.10,25920.70,0,
30_04_2026_15_20,25922.90,25944.80,25889.20,25941.50,0,
30_04_2026_15_25,25941.70,25966.20,25933.60,25946.10,0,
04_05_2026_09_15,26143.70,26419.60,26065.10,26329.00,0,
04_05_2026_09_20,26333.40,26443.70,26330.20,26391.90,0,
04_05_2026_09_25,26387.90,26473.60,26387.90,26469.30,0,
04_05_2026_09_30,26467.00,26475.60,26386.80,26457.40,0,
04_05_2026_09_35,26456.90,26496.70,26440.30,26446.80,0,
04_05_2026_09_40,26449.70,26460.20,26390.80,26417.70,0,
04_05_2026_09_45,26418.80,26437.30,26411.80,26428.20,0,
04_05_2026_09_50,26428.10,26455.30,26381.10,26403.40,0,
04_05_2026_09_55,26403.60,26430.70,26399.20,26415.60,0,
04_05_2026_10_00,26416.20,26426.80,26335.10,26348.90,0,
04_05_2026_10_05,26350.40,26370.90,26293.40,26306.50,0,
04_05_2026_10_10,26310.60,26316.50,26254.30,26260.20,0,
04_05_2026_10_15,26256.80,26263.00,26215.60,26231.20,0,
04_05_2026_10_20,26228.30,26233.60,26171.10,26172.30,0,
04_05_2026_10_25,26173.40,26237.70,26155.30,26237.30,0,
04_05_2026_10_30,26239.20,26270.60,26210.10,26224.80,0,
04_05_2026_10_35,26227.20,26229.20,26194.30,26226.40,0,
04_05_2026_10_40,26227.80,26238.60,26211.90,26227.80,0,
04_05_2026_10_45,26228.60,26288.80,26216.10,26278.70,0,
04_05_2026_10_50,26278.60,26307.30,26264.40,26271.00,0,
04_05_2026_10_55,26270.70,26273.90,26225.10,26225.10,0,
04_05_2026_11_00,26227.70,26228.80,26208.00,26220.60,0,
04_05_2026_11_05,26220.20,26265.70,26197.90,26260.40,0,
04_05_2026_11_10,26261.90,26293.10,26253.40,26288.50,0,
04_05_2026_11_15,26289.00,26325.20,26289.00,26321.00,0,
04_05_2026_11_20,26324.70,26341.20,26256.70,26259.90,0,
04_05_2026_11_25,26260.20,26262.30,26206.90,26208.30,0,
04_05_2026_11_30,26208.00,26214.20,26176.90,26179.40,0,
04_05_2026_11_35,26179.30,26203.20,26165.80,26193.40,0,
04_05_2026_11_40,26194.10,26199.60,26167.60,26188.10,0,
04_05_2026_11_45,26188.70,26225.80,26182.20,26209.90,0,
04_05_2026_11_50,26209.30,26224.60,26192.70,26205.40,0,
04_05_2026_11_55,26206.80,26219.30,26188.40,26201.10,0,
04_05_2026_12_00,26200.50,26211.80,26176.10,26182.50,0,
04_05_2026_12_05,26182.80,26185.80,26091.80,26104.30,0,
04_05_2026_12_10,26104.80,26105.30,25969.30,25976.40,0,
04_05_2026_12_15,25975.90,26020.70,25967.10,26018.70,0,
04_05_2026_12_20,26018.20,26034.40,25990.20,26008.80,0,
04_05_2026_12_25,26009.90,26030.10,25996.90,26017.90,0,
04_05_2026_12_30,26018.00,26026.10,25999.30,26011.50,0,
04_05_2026_12_35,26010.80,26049.60,26004.20,26049.60,0,
04_05_2026_12_40,26049.60,26056.80,25984.60,25984.60,0,
04_05_2026_12_45,25983.20,25996.10,25931.70,25952.20,0,
04_05_2026_12_50,25953.20,25984.10,25936.30,25937.80,0,
04_05_2026_12_55,25940.40,25976.20,25934.10,25963.20,0,
04_05_2026_13_00,25963.20,25967.00,25944.20,25956.50,0,
04_05_2026_13_05,25956.50,25967.70,25939.70,25957.80,0,
04_05_2026_13_10,25958.10,25969.70,25948.80,25953.80,0,
04_05_2026_13_15,25953.90,25956.40,25901.70,25931.40,0,
04_05_2026_13_20,25932.20,25932.20,25875.40,25894.50,0,
04_05_2026_13_25,25894.50,25905.50,25845.20,25849.90,0,
04_05_2026_13_30,25842.40,25865.10,25825.60,25829.80,0,
04_05_2026_13_35,25826.30,25861.40,25810.10,25858.80,0,
04_05_2026_13_40,25860.60,25945.30,25858.60,25934.00,0,
04_05_2026_13_45,25932.60,25976.10,25919.20,25964.70,0,
04_05_2026_13_50,25965.00,25990.20,25932.20,25949.20,0,
04_05_2026_13_55,25949.40,25957.70,25900.40,25931.20,0,
04_05_2026_14_00,25927.70,25958.70,25918.80,25955.20,0,
04_05_2026_14_05,25956.60,25985.80,25953.10,25980.90,0,
04_05_2026_14_10,25982.60,26026.90,25982.60,26026.20,0,
04_05_2026_14_15,26026.20,26085.20,26026.20,26070.80,0,
04_05_2026_14_20,26069.40,26078.80,26035.30,26039.10,0,
04_05_2026_14_25,26040.20,26048.10,26019.00,26029.80,0,
04_05_2026_14_30,26029.60,26038.30,25999.50,26025.50,0,
04_05_2026_14_35,26025.20,26034.20,25998.30,25999.20,0,
04_05_2026_14_40,25999.20,26014.40,25976.30,26004.80,0,
04_05_2026_14_45,26005.40,26005.60,25956.80,25962.00,0,
04_05_2026_14_50,25962.20,25997.80,25955.80,25996.30,0,
04_05_2026_14_55,25998.20,26009.20,25981.00,26007.10,0,
04_05_2026_15_00,26010.60,26041.80,25995.20,26031.80,0,
04_05_2026_15_05,26034.80,26049.30,26026.10,26043.30,0,
04_05_2026_15_10,26043.70,26045.40,26017.30,26028.10,0,
04_05_2026_15_15,26028.20,26047.80,25997.70,26019.20,0,
04_05_2026_15_20,26020.10,26046.10,26010.00,26021.30,0,
04_05_2026_15_25,26022.60,26061.90,26007.50,26058.40,0,
05_05_2026_09_15,26029.80,26030.20,25816.70,25907.50,0,
05_05_2026_09_20,25909.80,25971.60,25864.40,25930.20,0,
05_05_2026_09_25,25932.20,25932.20,25816.40,25870.60,0,
05_05_2026_09_30,25869.40,25999.80,25869.40,25999.80,0,
05_05_2026_09_35,25996.40,26038.10,25967.20,25974.90,0,
05_05_2026_09_40,25974.30,26043.20,25963.70,26003.30,0,
05_05_2026_09_45,26001.30,26014.70,25977.70,25991.20,0,
05_05_2026_09_50,25995.60,26010.30,25989.10,26007.30,0,
05_05_2026_09_55,26007.50,26031.00,25978.90,25991.50,0,
05_05_2026_10_00,25990.80,26000.40,25936.40,25936.40,0,
05_05_2026_10_05,25938.50,25950.80,25903.40,25915.20,0,
05_05_2026_10_10,25914.90,25915.40,25895.80,25903.60,0,
05_05_2026_10_15,25903.20,25905.40,25877.60,25886.80,0,
05_05_2026_10_20,25887.60,25909.50,25884.50,25899.80,0,
05_05_2026_10_25,25902.40,25905.40,25866.10,25871.50,0,
05_05_2026_10_30,25871.90,25885.80,25846.50,25849.70,0,
05_05_2026_10_35,25849.70,25867.70,25836.20,25864.20,0,
05_05_2026_10_40,25863.10,25867.30,25848.30,25855.30,0,
05_05_2026_10_45,25858.00,25864.80,25845.30,25855.90,0,
05_05_2026_10_50,25855.70,25858.30,25828.80,25834.70,0,
05_05_2026_10_55,25835.70,25844.80,25805.80,25815.60,0,
05_05_2026_11_00,25814.80,25853.20,25807.70,25851.80,0,
05_05_2026_11_05,25852.90,25866.60,25838.90,25851.70,0,
05_05_2026_11_10,25851.30,25890.30,25848.20,25858.50,0,
05_05_2026_11_15,25857.00,25884.30,25847.40,25847.40,0,
05_05_2026_11_20,25847.30,25856.00,25830.30,25853.80,0,
05_05_2026_11_25,25853.70,25872.10,25844.20,25847.20,0,
05_05_2026_11_30,25847.20,25890.40,25845.30,25889.40,0,
05_05_2026_11_35,25890.70,25922.30,25884.80,25887.30,0,
05_05_2026_11_40,25887.80,25890.80,25851.80,25855.30,0,
05_05_2026_11_45,25855.30,25890.10,25855.30,25886.70,0,
05_05_2026_11_50,25886.70,25898.80,25866.20,25869.60,0,
05_05_2026_11_55,25868.10,25890.60,25858.30,25887.70,0,
05_05_2026_12_00,25887.70,25936.80,25887.20,25929.40,0,
05_05_2026_12_05,25929.40,25939.40,25917.10,25927.40,0,
05_05_2026_12_10,25926.60,25951.20,25916.20,25950.30,0,
05_05_2026_12_15,25950.30,25973.80,25946.20,25961.60,0,
05_05_2026_12_20,25961.60,26040.10,25960.40,26019.10,0,
05_05_2026_12_25,26014.80,26084.10,25980.40,26018.90,0,
05_05_2026_12_30,26020.00,26058.70,25999.20,26039.30,0,
05_05_2026_12_35,26039.30,26124.90,25994.70,26108.20,0,
05_05_2026_12_40,26109.20,26135.10,26033.90,26042.70,0,
05_05_2026_12_45,26041.10,26076.50,26016.10,26029.80,0,
05_05_2026_12_50,26027.40,26050.50,25953.30,25980.50,0,
05_05_2026_12_55,25984.30,26028.90,25945.20,26028.90,0,
05_05_2026_13_00,26029.10,26071.70,26011.80,26066.20,0,
05_05_2026_13_05,26065.80,26228.80,26045.80,26220.60,0,
05_05_2026_13_10,26223.80,26229.70,26176.70,26198.60,0,
05_05_2026_13_15,26198.10,26200.10,26131.90,26140.70,0,
05_05_2026_13_20,26140.40,26170.70,26108.50,26137.80,0,
05_05_2026_13_25,26137.30,26148.90,26101.90,26124.20,0,
05_05_2026_13_30,26124.10,26126.20,26089.50,26097.60,0,
05_05_2026_13_35,26097.30,26106.30,26074.10,26102.10,0,
05_05_2026_13_40,26103.70,26110.10,26076.90,26090.20,0,
05_05_2026_13_45,26090.40,26111.20,26090.40,26104.20,0,
05_05_2026_13_50,26105.10,26126.90,26086.70,26124.80,0,
05_05_2026_13_55,26124.60,26157.80,26116.80,26121.90,0,
05_05_2026_14_00,26118.90,26122.30,26086.90,26097.10,0,
05_05_2026_14_05,26096.40,26103.20,26037.90,26052.80,0,
05_05_2026_14_10,26049.80,26087.50,26048.10,26071.90,0,
05_05_2026_14_15,26072.20,26093.30,26065.90,26093.30,0,
05_05_2026_14_20,26093.10,26117.30,26091.40,26093.40,0,
05_05_2026_14_25,26094.20,26102.10,26079.40,26101.00,0,
05_05_2026_14_30,26100.80,26114.90,26078.20,26098.80,0,
05_05_2026_14_35,26097.20,26128.60,26097.20,26121.90,0,
05_05_2026_14_40,26121.70,26140.80,26113.20,26126.90,0,
05_05_2026_14_45,26124.70,26142.80,26110.20,26132.90,0,
05_05_2026_14_50,26133.30,26157.40,26112.20,26144.00,0,
05_05_2026_14_55,26142.80,26177.10,26142.80,26163.70,0,
05_05_2026_15_00,26168.90,26184.50,26144.70,26173.60,0,
05_05_2026_15_05,26174.40,26180.70,26158.10,26174.90,0,
05_05_2026_15_10,26175.20,26203.40,26169.50,26201.60,0,
05_05_2026_15_15,26199.90,26221.60,26196.30,26215.60,0,
05_05_2026_15_20,26218.10,26219.20,26189.70,26212.20,0,
05_05_2026_15_25,26210.90,26253.20,26202.10,26244.10,0,
06_05_2026_09_15,26500.70,26654.40,26468.80,26640.20,0,
06_05_2026_09_20,26643.30,26694.40,26579.80,26616.10,0,
06_05_2026_09_25,26616.70,26629.50,26506.80,26521.70,0,
06_05_2026_09_30,26524.50,26545.20,26494.60,26533.20,0,
06_05_2026_09_35,26532.60,26591.10,26518.10,26582.60,0,
06_05_2026_09_40,26582.30,26626.30,26533.60,26618.20,0,
06_05_2026_09_45,26617.60,26636.90,26588.80,26607.70,0,
06_05_2026_09_50,26609.90,26611.60,26564.60,26605.20,0,
06_05_2026_09_55,26606.40,26638.80,26599.60,26623.60,0,
06_05_2026_10_00,26623.70,26648.20,26601.60,26618.80,0,
06_05_2026_10_05,26619.80,26635.30,26612.20,26619.30,0,
06_05_2026_10_10,26619.30,26646.80,26615.40,26644.20,0,
06_05_2026_10_15,26642.40,26668.40,26636.90,26666.20,0,
06_05_2026_10_20,26665.00,26665.00,26632.50,26644.80,0,
06_05_2026_10_25,26643.80,26647.80,26620.00,26630.70,0,
06_05_2026_10_30,26629.80,26645.40,26618.20,26631.80,0,
06_05_2026_10_35,26631.10,26663.30,26611.20,26663.30,0,
06_05_2026_10_40,26662.40,26673.70,26651.80,26662.80,0,
06_05_2026_10_45,26662.10,26662.10,26601.30,26613.20,0,
06_05_2026_10_50,26613.30,26613.30,26365.80,26419.30,0,
06_05_2026_10_55,26420.80,26429.20,26350.80,26405.60,0,
06_05_2026_11_00,26405.80,26410.60,26278.90,26288.60,0,
06_05_2026_11_05,26290.50,26352.40,26283.10,26320.10,0,
06_05_2026_11_10,26318.70,26327.20,26295.90,26313.70,0,
06_05_2026_11_15,26313.00,26355.10,26311.80,26333.20,0,
06_05_2026_11_20,26332.90,26392.70,26328.90,26389.60,0,
06_05_2026_11_25,26389.30,26426.90,26378.80,26423.30,0,
06_05_2026_11_30,26424.60,26462.50,26422.20,26452.80,0,
06_05_2026_11_35,26455.10,26463.20,26372.10,26428.80,0,
06_05_2026_11_40,26428.70,26450.00,26411.90,26446.60,0,
06_05_2026_11_45,26446.20,26474.80,26440.40,26466.20,0,
06_05_2026_11_50,26466.80,26475.90,26453.20,26470.20,0,
06_05_2026_11_55,26470.10,26496.80,26468.60,26481.20,0,
06_05_2026_12_00,26483.30,26484.20,26449.60,26455.60,0,
06_05_2026_12_05,26455.30,26456.80,26401.30,26413.20,0,
06_05_2026_12_10,26415.90,26428.60,26403.60,26413.00,0,
06_05_2026_12_15,26412.30,26431.00,26395.40,26430.40,0,
06_05_2026_12_20,26429.40,26429.80,26358.90,26379.80,0,
06_05_2026_12_25,26380.10,26403.20,26377.50,26390.40,0,
06_05_2026_12_30,26389.80,26392.40,26355.60,26362.20,0,
06_05_2026_12_35,26362.40,26366.20,26349.10,26350.40,0,
06_05_2026_12_40,26350.70,26355.10,26325.30,26325.30,0,
06_05_2026_12_45,26326.40,26335.50,26294.60,26313.60,0,
06_05_2026_12_50,26313.50,26334.90,26302.80,26331.00,0,
06_05_2026_12_55,26331.40,26344.30,26320.30,26343.50,0,
06_05_2026_13_00,26344.20,26346.20,26322.80,26323.30,0,
06_05_2026_13_05,26323.30,26372.70,26321.40,26366.60,0,
06_05_2026_13_10,26367.60,26380.80,26357.80,26376.50,0,
06_05_2026_13_15,26377.00,26408.30,26369.70,26401.40,0,
06_05_2026_13_20,26401.60,26416.90,26398.70,26413.50,0,
06_05_2026_13_25,26413.30,26443.50,26413.30,26442.60,0,
06_05_2026_13_30,26442.30,26460.80,26440.70,26454.70,0,
06_05_2026_13_35,26452.10,26457.20,26432.90,26454.80,0,
06_05_2026_13_40,26454.10,26456.40,26428.10,26435.90,0,
06_05_2026_13_45,26438.10,26451.20,26430.40,26443.70,0,
06_05_2026_13_50,26443.40,26468.50,26427.50,26468.50,0,
06_05_2026_13_55,26468.40,26473.30,26424.80,26435.20,0,
06_05_2026_14_00,26435.10,26459.20,26423.80,26450.20,0,
06_05_2026_14_05,26450.20,26464.00,26434.80,26438.60,0,
06_05_2026_14_10,26441.50,26458.90,26432.60,26457.70,0,
06_05_2026_14_15,26458.80,26494.70,26458.60,26471.70,0,
06_05_2026_14_20,26468.40,26563.30,26467.40,26563.30,0,
06_05_2026_14_25,26564.40,26645.60,26564.40,26634.70,0,
06_05_2026_14_30,26632.70,26681.00,26621.40,26664.70,0,
06_05_2026_14_35,26665.80,26714.60,26655.70,26701.20,0,
06_05_2026_14_40,26703.00,26775.10,26701.70,26770.20,0,
06_05_2026_14_45,26773.80,26778.70,26715.80,26769.30,0,
06_05_2026_14_50,26768.60,26796.80,26763.20,26794.70,0,
06_05_2026_14_55,26794.40,26801.90,26777.00,26790.70,0,
06_05_2026_15_00,26787.30,26812.80,26752.70,26808.10,0,
06_05_2026_15_05,26807.90,26808.10,26783.70,26800.70,0,
06_05_2026_15_10,26801.40,26824.10,26798.10,26814.40,0,
06_05_2026_15_15,26813.30,26846.60,26805.90,26843.40,0,
06_05_2026_15_20,26843.20,26858.20,26828.50,26850.20,0,
06_05_2026_15_25,26854.20,26871.90,26836.70,26853.80,0,
07_05_2026_09_15,26983.70,27011.70,26878.20,26952.80,0,
07_05_2026_09_20,26948.80,27065.20,26934.10,27062.40,0,
07_05_2026_09_25,27064.80,27158.30,27064.50,27145.10,0,
07_05_2026_09_30,27145.20,27245.30,27141.80,27215.80,0,
07_05_2026_09_35,27217.80,27287.60,27217.80,27253.70,0,
07_05_2026_09_40,27252.40,27344.30,27227.20,27320.80,0,
07_05_2026_09_45,27318.80,27324.60,27252.30,27263.90,0,
07_05_2026_09_50,27260.90,27265.00,27150.10,27152.80,0,
07_05_2026_09_55,27152.30,27165.30,27124.50,27140.20,0,
07_05_2026_10_00,27140.60,27201.60,27139.10,27173.60,0,
07_05_2026_10_05,27174.10,27184.30,27123.80,27127.80,0,
07_05_2026_10_10,27128.70,27166.70,27096.40,27123.70,0,
07_05_2026_10_15,27125.60,27171.30,27125.60,27149.90,0,
07_05_2026_10_20,27152.60,27182.80,27144.40,27166.20,0,
07_05_2026_10_25,27165.10,27181.30,27143.80,27157.30,0,
07_05_2026_10_30,27156.40,27183.20,27135.40,27182.80,0,
07_05_2026_10_35,27183.10,27212.10,27177.80,27211.10,0,
07_05_2026_10_40,27210.90,27226.90,27187.10,27226.70,0,
07_05_2026_10_45,27227.30,27234.90,27204.70,27225.70,0,
07_05_2026_10_50,27224.20,27228.20,27158.60,27184.90,0,
07_05_2026_10_55,27184.90,27203.30,27181.90,27191.50,0,
07_05_2026_11_00,27190.50,27211.40,27188.20,27197.60,0,
07_05_2026_11_05,27197.60,27197.60,27154.70,27158.80,0,
07_05_2026_11_10,27158.90,27174.80,27154.70,27173.70,0,
07_05_2026_11_15,27173.80,27191.00,27172.60,27177.60,0,
07_05_2026_11_20,27177.60,27199.60,27173.20,27197.80,0,
07_05_2026_11_25,27197.40,27198.70,27162.70,27165.50,0,
07_05_2026_11_30,27166.20,27213.30,27163.50,27171.40,0,
07_05_2026_11_35,27171.20,27172.70,27135.90,27137.20,0,
07_05_2026_11_40,27137.30,27174.20,27120.20,27168.90,0,
07_05_2026_11_45,27168.70,27244.20,27164.40,27231.20,0,
07_05_2026_11_50,27230.80,27305.70,27230.70,27279.70,0,
07_05_2026_11_55,27279.10,27284.80,27263.80,27267.60,0,
07_05_2026_12_00,27267.60,27285.70,27267.30,27281.80,0,
07_05_2026_12_05,27283.70,27292.70,27264.90,27269.60,0,
07_05_2026_12_10,27270.90,27287.70,27266.30,27273.30,0,
07_05_2026_12_15,27272.80,27304.80,27269.80,27294.50,0,
07_05_2026_12_20,27294.70,27326.40,27293.10,27323.10,0,
07_05_2026_12_25,27322.80,27333.60,27291.90,27297.30,0,
07_05_2026_12_30,27296.20,27306.60,27276.30,27282.30,0,
07_05_2026_12_35,27282.30,27328.60,27267.20,27325.90,0,
07_05_2026_12_40,27326.80,27363.80,27326.10,27353.20,0,
07_05_2026_12_45,27353.10,27379.60,27296.90,27330.60,0,
07_05_2026_12_50,27330.80,27369.20,27296.70,27368.90,0,
07_05_2026_12_55,27369.90,27381.80,27321.90,27333.80,0,
07_05_2026_13_00,27334.60,27394.80,27334.60,27381.90,0,
07_05_2026_13_05,27381.60,27513.60,27378.20,27512.30,0,
07_05_2026_13_10,27514.10,27533.20,27484.40,27514.00,0,
07_05_2026_13_15,27515.30,27520.80,27399.60,27446.50,0,
07_05_2026_13_20,27443.80,27472.80,27384.50,27393.20,0,
07_05_2026_13_25,27393.20,27429.20,27384.40,27409.70,0,
07_05_2026_13_30,27410.30,27438.10,27399.20,27413.70,0,
07_05_2026_13_35,27414.60,27435.40,27383.20,27395.80,0,
07_05_2026_13_40,27397.00,27418.80,27391.60,27402.10,0,
07_05_2026_13_45,27401.20,27421.70,27396.50,27421.70,0,
07_05_2026_13_50,27420.00,27431.20,27411.80,27421.20,0,
07_05_2026_13_55,27421.60,27427.40,27392.20,27395.10,0,
07_05_2026_14_00,27394.20,27397.80,27354.20,27357.00,0,
07_05_2026_14_05,27357.30,27378.60,27342.90,27370.90,0,
07_05_2026_14_10,27370.30,27389.70,27370.30,27376.20,0,
07_05_2026_14_15,27376.00,27383.30,27357.80,27358.80,0,
07_05_2026_14_20,27359.60,27365.60,27338.10,27362.00,0,
07_05_2026_14_25,27362.70,27390.70,27354.80,27387.10,0,
07_05_2026_14_30,27387.00,27395.70,27377.20,27380.70,0,
07_05_2026_14_35,27379.60,27385.20,27362.40,27368.50,0,
07_05_2026_14_40,27366.20,27379.20,27324.30,27330.60,0,
07_05_2026_14_45,27329.50,27352.60,27307.90,27311.80,0,
07_05_2026_14_50,27316.00,27366.20,27316.00,27362.40,0,
07_05_2026_14_55,27362.80,27378.30,27352.80,27362.80,0,
07_05_2026_15_00,27361.50,27367.80,27333.60,27334.80,0,
07_05_2026_15_05,27334.60,27353.50,27314.10,27315.80,0,
07_05_2026_15_10,27312.20,27334.70,27312.20,27325.00,0,
07_05_2026_15_15,27325.30,27364.40,27324.10,27364.20,0,
07_05_2026_15_20,27360.80,27369.90,27323.30,27335.70,0,
07_05_2026_15_25,27334.60,27358.80,27319.10,27333.30,0,
08_05_2026_09_15,27242.60,27247.00,27082.60,27173.90,0,
08_05_2026_09_20,27172.40,27184.30,27132.70,27135.00,0,
08_05_2026_09_25,27135.10,27315.30,27127.00,27311.90,0,
08_05_2026_09_30,27310.90,27321.40,27239.80,27275.40,0,
08_05_2026_09_35,27274.60,27314.50,27253.40,27255.60,0,
08_05_2026_09_40,27255.40,27271.30,27215.30,27222.10,0,
08_05_2026_09_45,27222.50,27256.30,27188.40,27252.70,0,
08_05_2026_09_50,27246.20,27287.20,27231.80,27282.70,0,
08_05_2026_09_55,27282.80,27295.30,27269.30,27294.60,0,
08_05_2026_10_00,27296.80,27310.10,27287.20,27289.10,0,
08_05_2026_10_05,27289.10,27291.80,27259.00,27264.20,0,
08_05_2026_10_10,27265.40,27285.80,27233.40,27282.60,0,
08_05_2026_10_15,27284.20,27290.00,27242.70,27279.80,0,
08_05_2026_10_20,27279.80,27321.70,27275.20,27317.90,0,
08_05_2026_10_25,27319.60,27337.70,27313.30,27322.80,0,
08_05_2026_10_30,27321.70,27333.10,27315.30,27332.00,0,
08_05_2026_10_35,27332.20,27345.40,27316.80,27339.80,0,
08_05_2026_10_40,27339.80,27372.20,27336.90,27359.30,0,
08_05_2026_10_45,27359.40,27371.70,27353.00,27358.40,0,
08_05_2026_10_50,27359.50,27362.30,27345.10,27346.10,0,
08_05_2026_10_55,27345.40,27362.80,27337.00,27348.60,0,
08_05_2026_11_00,27348.30,27390.10,27347.10,27381.70,0,
08_05_2026_11_05,27381.20,27381.60,27357.20,27362.90,0,
08_05_2026_11_10,27361.60,27367.60,27351.20,27354.70,0,
08_05_2026_11_15,27355.20,27386.30,27343.40,27345.10,0,
08_05_2026_11_20,27345.00,27370.90,27332.40,27342.40,0,
08_05_2026_11_25,27342.10,27354.90,27339.60,27350.40,0,
08_05_2026_11_30,27351.10,27367.80,27330.00,27362.70,0,
08_05_2026_11_35,27362.80,27375.10,27351.70,27362.30,0,
08_05_2026_11_40,27362.30,27392.20,27357.70,27376.40,0,
08_05_2026_11_45,27376.20,27386.50,27366.30,27372.90,0,
08_05_2026_11_50,27373.60,27383.60,27365.80,27365.90,0,
08_05_2026_11_55,27366.10,27371.30,27342.20,27370.20,0,
08_05_2026_12_00,27369.80,27372.70,27306.60,27344.00,0,
08_05_2026_12_05,27344.10,27349.70,27311.40,27313.80,0,
08_05_2026_12_10,27314.20,27348.80,27304.80,27342.60,0,
08_05_2026_12_15,27342.60,27348.70,27329.20,27341.40,0,
08_05_2026_12_20,27340.20,27352.30,27328.90,27343.60,0,
08_05_2026_12_25,27342.30,27370.70,27342.30,27360.30,0,
08_05_2026_12_30,27363.60,27366.60,27310.20,27325.10,0,
08_05_2026_12_35,27326.20,27328.60,27292.90,27295.60,0,
08_05_2026_12_40,27295.60,27317.40,27294.20,27297.80,0,
08_05_2026_12_45,27297.80,27302.60,27276.00,27302.00,0,
08_05_2026_12_50,27301.80,27328.20,27300.10,27325.40,0,
08_05_2026_12_55,27326.10,27332.00,27306.20,27312.70,0,
08_05_2026_13_00,27313.40,27314.70,27286.30,27290.70,0,
08_05_2026_13_05,27290.20,27303.60,27268.10,27289.50,0,
08_05_2026_13_10,27289.20,27293.10,27270.90,27277.40,0,
08_05_2026_13_15,27277.60,27283.20,27260.20,27269.30,0,
08_05_2026_13_20,27269.60,27285.50,27266.60,27271.80,0,
08_05_2026_13_25,27271.90,27320.90,27269.60,27317.20,0,
08_05_2026_13_30,27317.50,27322.30,27286.80,27293.80,0,
08_05_2026_13_35,27292.80,27292.80,27269.70,27283.10,0,
08_05_2026_13_40,27283.20,27296.30,27278.90,27289.40,0,
08_05_2026_13_45,27289.40,27293.90,27274.10,27278.40,0,
08_05_2026_13_50,27278.80,27283.80,27255.80,27280.50,0,
08_05_2026_13_55,27280.10,27292.40,27253.40,27264.60,0,
08_05_2026_14_00,27265.10,27317.20,27256.80,27310.10,0,
08_05_2026_14_05,27311.50,27343.70,27308.60,27343.20,0,
08_05_2026_14_10,27343.90,27348.20,27321.60,27327.10,0,
08_05_2026_14_15,27327.20,27336.30,27299.90,27306.00,0,
08_05_2026_14_20,27305.90,27323.60,27293.90,27295.30,0,
08_05_2026_14_25,27295.20,27316.00,27291.30,27311.50,0,
08_05_2026_14_30,27312.00,27344.60,27311.10,27335.80,0,
08_05_2026_14_35,27335.10,27365.80,27334.60,27360.30,0,
08_05_2026_14_40,27360.90,27364.40,27335.90,27341.10,0,
08_05_2026_14_45,27340.80,27347.80,27325.80,27338.70,0,
08_05_2026_14_50,27340.10,27353.10,27336.10,27346.70,0,
08_05_2026_14_55,27347.20,27351.90,27306.00,27315.60,0,
08_05_2026_15_00,27315.80,27315.80,27253.40,27268.10,0,
08_05_2026_15_05,27267.50,27290.40,27266.20,27269.20,0,
08_05_2026_15_10,27269.80,27278.80,27263.10,27271.20,0,
08_05_2026_15_15,27270.70,27284.80,27245.60,27247.80,0,
08_05_2026_15_20,27244.10,27248.40,27222.40,27240.40,0,
08_05_2026_15_25,27239.40,27267.40,27230.40,27251.60,0,
11_05_2026_09_15,26884.80,26914.60,26600.70,26747.20,0,
11_05_2026_09_20,26746.30,26920.60,26706.70,26898.10,0,
11_05_2026_09_25,26900.80,26938.10,26863.60,26904.30,0,
11_05_2026_09_30,26905.20,26911.80,26827.80,26871.90,0,
11_05_2026_09_35,26868.80,26868.80,26791.40,26801.40,0,
11_05_2026_09_40,26799.10,26834.50,26770.80,26824.50,0,
11_05_2026_09_45,26824.80,26840.30,26787.10,26833.80,0,
11_05_2026_09_50,26832.20,26856.10,26813.40,26853.00,0,
11_05_2026_09_55,26852.80,26853.30,26784.40,26790.30,0,
11_05_2026_10_00,26790.60,26873.80,26789.10,26871.70,0,
11_05_2026_10_05,26870.50,26873.20,26836.90,26867.50,0,
11_05_2026_10_10,26866.00,26880.00,26830.20,26858.70,0,
11_05_2026_10_15,26859.80,26859.80,26784.80,26784.80,0,
11_05_2026_10_20,26781.80,26824.80,26771.80,26813.20,0,
11_05_2026_10_25,26813.50,26813.50,26784.80,26786.80,0,
11_05_2026_10_30,26789.10,26799.10,26735.70,26739.30,0,
11_05_2026_10_35,26738.80,26745.80,26674.80,26689.80,0,
11_05_2026_10_40,26689.10,26695.40,26665.10,26671.20,0,
11_05_2026_10_45,26671.30,26685.20,26659.80,26685.00,0,
11_05_2026_10_50,26685.60,26745.50,26680.20,26744.80,0,
11_05_2026_10_55,26745.70,26760.90,26722.80,26746.70,0,
11_05_2026_11_00,26747.40,26783.70,26746.30,26779.40,0,
11_05_2026_11_05,26779.80,26825.80,26777.10,26820.30,0,
11_05_2026_11_10,26820.40,26846.10,26815.90,26829.20,0,
11_05_2026_11_15,26829.30,26834.60,26815.80,26823.10,0,
11_05_2026_11_20,26823.20,26849.20,26821.30,26822.80,0,
11_05_2026_11_25,26822.20,26840.10,26812.90,26830.60,0,
11_05_2026_11_30,26830.80,26839.10,26819.60,26836.90,0,
11_05_2026_11_35,26837.00,26855.00,26820.60,26828.20,0,
11_05_2026_11_40,26828.00,26856.70,26825.80,26852.90,0,
11_05_2026_11_45,26853.10,26868.00,26818.30,26819.40,0,
11_05_2026_11_50,26819.20,26838.40,26808.20,26834.60,0,
11_05_2026_11_55,26834.80,26844.20,26817.40,26823.60,0,
11_05_2026_12_00,26825.10,26854.50,26822.80,26827.40,0,
11_05_2026_12_05,26827.30,26851.30,26819.70,26845.00,0,
11_05_2026_12_10,26844.40,26857.60,26835.70,26844.20,0,
11_05_2026_12_15,26841.70,26890.20,26840.50,26887.80,0,
11_05_2026_12_20,26887.60,26898.10,26873.80,26897.80,0,
11_05_2026_12_25,26897.10,26900.80,26869.10,26872.30,0,
11_05_2026_12_30,26870.50,26884.20,26857.20,26882.90,0,
11_05_2026_12_35,26883.20,26918.20,26879.20,26901.80,0,
11_05_2026_12_40,26905.10,26957.10,26904.00,26949.20,0,
11_05_2026_12_45,26946.40,26951.30,26923.80,26951.30,0,
11_05_2026_12_50,26949.30,26970.20,26945.30,26946.40,0,
11_05_2026_12_55,26946.60,26968.80,26944.00,26947.10,0,
11_05_2026_13_00,26947.40,26954.70,26909.90,26915.10,0,
11_05_2026_13_05,26915.20,26921.20,26880.30,26897.20,0,
11_05_2026_13_10,26897.50,26905.70,26884.80,26900.30,0,
11_05_2026_13_15,26899.50,26900.90,26869.20,26871.80,0,
11_05_2026_13_20,26872.70,26904.90,26870.50,26904.70,0,
11_05_2026_13_25,26907.20,26920.20,26897.50,26907.40,0,
11_05_2026_13_30,26906.90,26923.70,26895.10,26923.70,0,
11_05_2026_13_35,26924.40,26963.40,26897.30,26901.20,0,
11_05_2026_13_40,26896.60,26931.40,26892.50,26924.30,0,
11_05_2026_13_45,26923.70,26957.70,26920.10,26937.80,0,
11_05_2026_13_50,26935.90,26976.40,26935.60,26973.40,0,
11_05_2026_13_55,26973.80,26978.00,26944.10,26944.10,0,
11_05_2026_14_00,26944.30,26964.40,26931.40,26949.50,0,
11_05_2026_14_05,26949.50,26956.20,26920.50,26923.40,0,
11_05_2026_14_10,26923.80,26934.70,26895.20,26899.90,0,
11_05_2026_14_15,26898.20,26945.80,26895.70,26928.20,0,
11_05_2026_14_20,26929.00,26956.90,26929.00,26947.70,0,
11_05_2026_14_25,26947.80,26950.70,26921.30,26934.80,0,
11_05_2026_14_30,26933.60,26949.50,26929.10,26948.30,0,
11_05_2026_14_35,26948.00,26959.70,26902.30,26904.90,0,
11_05_2026_14_40,26904.20,26924.60,26888.00,26895.30,0,
11_05_2026_14_45,26894.30,26902.60,26844.90,26862.90,0,
11_05_2026_14_50,26862.90,26890.30,26855.30,26857.20,0,
11_05_2026_14_55,26856.40,26860.90,26840.10,26840.10,0,
11_05_2026_15_00,26841.20,26847.90,26745.30,26764.60,0,
11_05_2026_15_05,26765.40,26766.20,26742.60,26752.60,0,
11_05_2026_15_10,26754.30,26758.30,26732.20,26740.30,0,
11_05_2026_15_15,26738.80,26755.60,26730.80,26733.80,0,
11_05_2026_15_20,26733.20,26743.50,26716.70,26743.50,0,
11_05_2026_15_25,26739.90,26776.30,26736.70,26755.40,0,
12_05_2026_09_15,26698.30,26793.90,26640.20,26789.70,0,
12_05_2026_09_20,26791.10,26794.10,26698.70,26699.80,0,
12_05_2026_09_25,26701.50,26704.20,26612.70,26612.70,0,
12_05_2026_09_30,26606.60,26616.20,26569.00,26587.00,0,
12_05_2026_09_35,26584.90,26629.90,26528.20,26530.90,0,
12_05_2026_09_40,26530.90,26655.80,26524.80,26648.30,0,
12_05_2026_09_45,26645.40,26657.20,26610.10,26625.80,0,
12_05_2026_09_50,26625.00,26640.20,26589.80,26591.70,0,
12_05_2026_09_55,26589.70,26602.70,26565.80,26595.10,0,
12_05_2026_10_00,26595.60,26605.40,26566.40,26581.90,0,
12_05_2026_10_05,26581.80,26605.10,26558.40,26560.80,0,
12_05_2026_10_10,26559.90,26592.50,26549.70,26592.20,0,
12_05_2026_10_15,26590.10,26606.80,26574.80,26585.80,0,
12_05_2026_10_20,26586.30,26619.90,26573.90,26575.30,0,
12_05_2026_10_25,26575.20,26576.30,26535.10,26554.30,0,
12_05_2026_10_30,26554.80,26555.20,26525.50,26536.10,0,
12_05_2026_10_35,26538.40,26555.70,26516.10,26555.30,0,
12_05_2026_10_40,26555.30,26628.90,26551.60,26622.20,0,
12_05_2026_10_45,26620.50,26624.50,26569.90,26571.00,0,
12_05_2026_10_50,26571.20,26584.80,26559.80,26564.60,0,
12_05_2026_10_55,26563.50,26603.50,26563.50,26583.10,0,
12_05_2026_11_00,26582.60,26583.10,26513.80,26541.90,0,
12_05_2026_11_05,26540.30,26546.10,26523.30,26531.20,0,
12_05_2026_11_10,26533.30,26542.80,26524.10,26526.80,0,
12_05_2026_11_15,26526.80,26530.50,26496.40,26502.90,0,
12_05_2026_11_20,26504.20,26540.00,26488.40,26534.30,0,
12_05_2026_11_25,26535.60,26599.90,26525.80,26584.80,0,
12_05_2026_11_30,26584.80,26596.60,26561.80,26576.10,0,
12_05_2026_11_35,26578.20,26587.70,26558.70,26573.90,0,
12_05_2026_11_40,26573.80,26597.60,26567.20,26593.00,0,
12_05_2026_11_45,26593.20,26601.20,26565.80,26586.70,0,
12_05_2026_11_50,26587.80,26597.50,26578.50,26586.90,0,
12_05_2026_11_55,26587.90,26605.10,26560.40,26564.60,0,
12_05_2026_12_00,26566.80,26566.80,26541.30,26565.70,0,
12_05_2026_12_05,26565.30,26571.80,26525.30,26532.90,0,
12_05_2026_12_10,26533.60,26543.10,26495.30,26502.20,0,
12_05_2026_12_15,26500.00,26543.50,26496.90,26522.40,0,
12_05_2026_12_20,26522.40,26532.10,26508.40,26532.10,0,
12_05_2026_12_25,26531.20,26536.90,26500.10,26509.80,0,
12_05_2026_12_30,26509.20,26512.20,26464.30,26479.00,0,
12_05_2026_12_35,26478.80,26482.80,26451.80,26452.20,0,
12_05_2026_12_40,26452.20,26497.50,26445.80,26485.70,0,
12_05_2026_12_45,26485.40,26504.90,26463.20,26476.10,0,
12_05_2026_12_50,26476.90,26487.70,26462.10,26462.10,0,
12_05_2026_12_55,26463.70,26491.60,26463.70,26484.30,0,
12_05_2026_13_00,26484.00,26486.50,26436.30,26443.30,0,
12_05_2026_13_05,26442.90,26445.60,26411.70,26417.60,0,
12_05_2026_13_10,26417.50,26438.60,26413.80,26435.30,0,
12_05_2026_13_15,26435.60,26458.90,26435.60,26446.50,0,
12_05_2026_13_20,26443.40,26453.60,26418.50,26425.90,0,
12_05_2026_13_25,26426.80,26466.40,26421.90,26458.30,0,
12_05_2026_13_30,26457.90,26462.60,26425.30,26428.30,0,
12_05_2026_13_35,26428.20,26439.80,26369.60,26370.70,0,
12_05_2026_13_40,26370.40,26370.70,26340.50,26349.30,0,
12_05_2026_13_45,26349.20,26399.30,26347.70,26385.90,0,
12_05_2026_13_50,26386.40,26411.90,26374.10,26374.70,0,
12_05_2026_13_55,26374.90,26375.70,26348.20,26351.20,0,
12_05_2026_14_00,26352.40,26353.80,26327.60,26334.90,0,
12_05_2026_14_05,26335.10,26340.60,26296.10,26312.80,0,
12_05_2026_14_10,26312.30,26331.70,26300.90,26319.90,0,
12_05_2026_14_15,26318.80,26334.40,26292.40,26303.70,0,
12_05_2026_14_20,26300.60,26361.30,26281.30,26351.20,0,
12_05_2026_14_25,26351.60,26353.40,26296.30,26308.80,0,
12_05_2026_14_30,26308.10,26321.60,26274.00,26275.30,0,
12_05_2026_14_35,26273.90,26299.90,26268.80,26280.80,0,
12_05_2026_14_40,26280.80,26315.30,26277.40,26285.20,0,
12_05_2026_14_45,26286.80,26290.80,26265.20,26274.90,0,
12_05_2026_14_50,26274.80,26277.40,26208.00,26227.90,0,
12_05_2026_14_55,26230.90,26234.50,26204.20,26219.70,0,
12_05_2026_15_00,26216.30,26218.80,26098.80,26139.70,0,
12_05_2026_15_05,26139.90,26154.10,26101.20,26102.40,0,
12_05_2026_15_10,26102.00,26131.20,26091.40,26109.40,0,
12_05_2026_15_15,26109.10,26158.20,26109.10,26158.20,0,
12_05_2026_15_20,26156.50,26161.00,26122.80,26160.20,0,
12_05_2026_15_25,26160.30,26217.20,26149.30,26207.70,0,
13_05_2026_09_15,26172.10,26296.80,26124.40,26129.80,0,
13_05_2026_09_20,26127.30,26199.80,26100.20,26187.20,0,
13_05_2026_09_25,26188.30,26220.60,26113.90,26114.30,0,
13_05_2026_09_30,26113.80,26128.20,25998.10,26002.50,0,
13_05_2026_09_35,26002.10,26008.30,25883.10,25896.40,0,
13_05_2026_09_40,25897.50,25979.40,25862.40,25966.20,0,
13_05_2026_09_45,25966.90,25970.20,25858.70,25880.60,0,
13_05_2026_09_50,25880.30,25994.20,25874.80,25949.80,0,
13_05_2026_09_55,25949.30,26012.10,25924.20,25963.20,0,
13_05_2026_10_00,25959.20,26026.40,25939.30,26026.40,0,
13_05_2026_10_05,26028.40,26085.00,26027.10,26039.80,0,
13_05_2026_10_10,26039.90,26043.20,25979.20,25997.20,0,
13_05_2026_10_15,25997.90,26059.50,25994.20,26058.40,0,
13_05_2026_10_20,26058.50,26112.90,26052.40,26103.90,0,
13_05_2026_10_25,26103.60,26142.80,26102.80,26115.00,0,
13_05_2026_10_30,26115.30,26162.10,26105.00,26159.80,0,
13_05_2026_10_35,26159.80,26164.90,26064.20,26079.90,0,
13_05_2026_10_40,26079.80,26111.20,26067.30,26067.30,0,
13_05_2026_10_45,26068.60,26082.60,26052.90,26054.60,0,
13_05_2026_10_50,26054.70,26055.80,25990.20,26011.90,0,
13_05_2026_10_55,26012.60,26018.20,25893.90,25893.90,0,
13_05_2026_11_00,25893.70,25925.80,25866.40,25921.80,0,
13_05_2026_11_05,25922.10,25930.10,25885.80,25906.90,0,
13_05_2026_11_10,25907.10,25927.60,25890.70,25925.30,0,
13_05_2026_11_15,25924.70,25933.20,25893.90,25921.70,0,
13_05_2026_11_20,25922.10,25952.60,25900.80,25941.90,0,
13_05_2026_11_25,25942.20,25971.20,25935.00,25955.20,0,
13_05_2026_11_30,25956.60,25981.30,25955.20,25979.20,0,
13_05_2026_11_35,25978.30,26037.40,25978.30,26035.20,0,
13_05_2026_11_40,26035.70,26051.40,26028.80,26051.00,0,
13_05_2026_11_45,26051.20,26069.60,26025.70,26029.30,0,
13_05_2026_11_50,26029.20,26036.30,25998.90,26006.10,0,
13_05_2026_11_55,26006.10,26038.80,26004.60,26010.60,0,
13_05_2026_12_00,26010.40,26033.80,25981.70,25999.80,0,
13_05_2026_12_05,25999.90,26017.70,25996.80,26016.50,0,
13_05_2026_12_10,26015.30,26075.70,26013.90,26073.30,0,
13_05_2026_12_15,26073.70,26077.70,26031.50,26053.20,0,
13_05_2026_12_20,26050.90,26054.80,26022.40,26030.20,0,
13_05_2026_12_25,26029.80,26053.50,26026.70,26048.70,0,
13_05_2026_12_30,26048.40,26069.90,26046.30,26057.90,0,
13_05_2026_12_35,26058.90,26064.60,26021.20,26023.80,0,
13_05_2026_12_40,26025.20,26026.10,25987.90,26009.30,0,
13_05_2026_12_45,26009.40,26031.70,26005.90,26025.90,0,
13_05_2026_12_50,26027.40,26077.10,26015.20,26076.70,0,
13_05_2026_12_55,26078.10,26136.40,26077.50,26128.50,0,
13_05_2026_13_00,26130.10,26134.10,26074.80,26079.80,0,
13_05_2026_13_05,26079.70,26089.10,26051.80,26059.30,0,
13_05_2026_13_10,26059.40,26211.80,26059.40,26193.20,0,
13_05_2026_13_15,26192.30,26192.30,26078.10,26079.90,0,
13_05_2026_13_20,26078.20,26109.20,26020.90,26058.20,0,
13_05_2026_13_25,26058.80,26073.60,26035.80,26042.80,0,
13_05_2026_13_30,26039.70,26097.20,26025.90,26092.20,0,
13_05_2026_13_35,26091.30,26100.90,26071.10,26089.60,0,
13_05_2026_13_40,26090.30,26091.90,26062.60,26069.60,0,
13_05_2026_13_45,26068.70,26092.80,26038.10,26045.80,0,
13_05_2026_13_50,26042.80,26053.20,26021.70,26039.30,0,
13_05_2026_13_55,26039.30,26042.10,26002.10,26026.70,0,
13_05_2026_14_00,26026.90,26053.30,26000.40,26012.90,0,
13_05_2026_14_05,26012.70,26025.00,25996.80,26022.60,0,
13_05_2026_14_10,26023.00,26054.50,26021.60,26044.80,0,
13_05_2026_14_15,26046.20,26057.10,25998.70,26005.30,0,
13_05_2026_14_20,26001.80,26035.60,25984.20,26031.50,0,
13_05_2026_14_25,26031.90,26048.90,26024.40,26040.40,0,
13_05_2026_14_30,26042.80,26059.00,26025.30,26033.10,0,
13_05_2026_14_35,26033.20,26069.90,26013.70,26052.20,0,
13_05_2026_14_40,26052.20,26053.90,26011.90,26017.70,0,
13_05_2026_14_45,26016.10,26036.40,25990.90,25995.20,0,
13_05_2026_14_50,25994.90,26005.70,25989.20,25996.40,0,
13_05_2026_14_55,25997.20,26000.80,25979.10,25984.40,0,
13_05_2026_15_00,25986.00,25986.00,25896.90,25910.40,0,
13_05_2026_15_05,25911.10,25921.40,25889.20,25916.90,0,
13_05_2026_15_10,25916.60,25920.20,25863.30,25888.90,0,
13_05_2026_15_15,25889.30,25906.40,25872.90,25877.20,0,
13_05_2026_15_20,25877.20,25877.80,25842.20,25864.70,0,
13_05_2026_15_25,25865.00,25948.80,25861.10,25939.20,0,
14_05_2026_09_15,26079.80,26117.10,25959.90,25963.40,0,
14_05_2026_09_20,25961.40,26002.20,25919.40,25931.40,0,
14_05_2026_09_25,25932.60,25990.70,25922.40,25980.30,0,
14_05_2026_09_30,25980.40,25997.10,25948.60,25967.10,0,
14_05_2026_09_35,25967.10,25967.20,25847.90,25850.20,0,
14_05_2026_09_40,25850.10,25853.10,25762.10,25770.30,0,
14_05_2026_09_45,25772.40,25805.80,25712.80,25714.50,0,
14_05_2026_09_50,25712.80,25723.50,25608.40,25613.30,0,
14_05_2026_09_55,25611.70,25652.60,25603.20,25636.40,0,
14_05_2026_10_00,25636.90,25670.80,25609.20,25635.60,0,
14_05_2026_10_05,25635.10,25654.90,25608.80,25649.50,0,
14_05_2026_10_10,25650.70,25722.90,25628.20,25715.70,0,
14_05_2026_10_15,25717.10,25775.20,25690.70,25738.60,0,
14_05_2026_10_20,25739.40,25740.20,25684.70,25733.40,0,
14_05_2026_10_25,25733.70,25781.70,25726.80,25765.60,0,
14_05_2026_10_30,25765.40,25787.30,25760.60,25787.10,0,
14_05_2026_10_35,25785.20,25805.90,25783.20,25799.30,0,
14_05_2026_10_40,25801.60,25811.20,25763.40,25763.40,0,
14_05_2026_10_45,25764.40,25769.10,25708.00,25708.40,0,
14_05_2026_10_50,25708.80,25771.20,25696.10,25753.80,0,
14_05_2026_10_55,25754.00,25754.00,25688.10,25689.80,0,
14_05_2026_11_00,25689.70,25700.70,25652.70,25653.40,0,
14_05_2026_11_05,25653.20,25670.10,25635.50,25637.00,0,
14_05_2026_11_10,25636.80,25695.90,25632.20,25691.10,0,
14_05_2026_11_15,25694.30,25731.20,25690.20,25696.40,0,
14_05_2026_11_20,25697.10,25727.20,25683.90,25686.10,0,
14_05_2026_11_25,25686.80,25707.80,25659.20,25707.80,0,
14_05_2026_11_30,25709.20,25718.00,25689.10,25715.30,0,
14_05_2026_11_35,25715.80,25766.20,25712.60,25766.20,0,
14_05_2026_11_40,25764.70,25800.80,25744.20,25796.60,0,
14_05_2026_11_45,25798.40,25873.70,25798.40,25873.70,0,
14_05_2026_11_50,25873.50,25900.80,25869.20,25899.10,0,
14_05_2026_11_55,25899.70,25921.90,25893.40,25905.90,0,
14_05_2026_12_00,25904.50,25909.40,25855.40,25859.70,0,
14_05_2026_12_05,25858.80,25869.10,25829.50,25840.30,0,
14_05_2026_12_10,25840.00,25868.90,25836.80,25864.80,0,
14_05_2026_12_15,25864.20,25957.10,25862.10,25922.70,0,
14_05_2026_12_20,25922.20,25942.90,25912.30,25939.50,0,
14_05_2026_12_25,25939.20,25965.10,25930.20,25950.70,0,
14_05_2026_12_30,25950.30,25959.80,25925.30,25938.40,0,
14_05_2026_12_35,25938.30,25951.70,25893.70,25919.60,0,
14_05_2026_12_40,25920.20,25969.70,25915.60,25966.90,0,
14_05_2026_12_45,25967.80,25974.00,25939.10,25966.60,0,
14_05_2026_12_50,25965.90,25965.90,25927.60,25942.40,0,
14_05_2026_12_55,25942.20,25943.40,25919.00,25928.80,0,
14_05_2026_13_00,25929.00,25996.30,25927.80,25987.80,0,
14_05_2026_13_05,25986.60,26000.20,25965.10,25965.20,0,
14_05_2026_13_10,25965.80,25989.30,25937.40,25979.70,0,
14_05_2026_13_15,25975.90,25997.80,25970.40,25978.80,0,
14_05_2026_13_20,25979.40,25983.70,25959.20,25959.40,0,
14_05_2026_13_25,25960.90,26006.10,25958.10,25978.80,0,
14_05_2026_13_30,25982.50,25996.80,25967.10,25981.90,0,
14_05_2026_13_35,25982.20,26000.70,25973.80,25986.90,0,
14_05_2026_13_40,25987.90,25993.40,25965.50,25982.10,0,
14_05_2026_13_45,25982.10,25998.10,25965.70,25968.20,0,
14_05_2026_13_50,25968.80,25993.40,25964.30,25989.80,0,
14_05_2026_13_55,25989.80,26018.70,25987.30,26012.20,0,
14_05_2026_14_00,26012.20,26024.90,26002.10,26012.80,0,
14_05_2026_14_05,26014.70,26035.20,26005.30,26017.20,0,
14_05_2026_14_10,26016.80,26025.20,26003.90,26014.70,0,
14_05_2026_14_15,26014.90,26049.10,25978.10,25980.00,0,
14_05_2026_14_20,25980.40,26026.70,25975.20,26026.70,0,
14_05_2026_14_25,26026.60,26071.20,26025.00,26068.90,0,
14_05_2026_14_30,26068.40,26109.10,26064.00,26067.40,0,
14_05_2026_14_35,26067.40,26077.80,26032.90,26049.20,0,
14_05_2026_14_40,26050.20,26063.20,26017.30,26044.80,0,
14_05_2026_14_45,26045.10,26046.90,26012.10,26022.40,0,
14_05_2026_14_50,26022.90,26038.20,26014.80,26020.10,0,
14_05_2026_14_55,26020.70,26063.70,26010.30,26046.20,0,
14_05_2026_15_00,26046.80,26061.00,26030.50,26046.70,0,
14_05_2026_15_05,26047.80,26064.30,26011.90,26038.20,0,
14_05_2026_15_10,26037.90,26050.90,26027.10,26041.70,0,
14_05_2026_15_15,26042.20,26064.00,26036.30,26057.10,0,
14_05_2026_15_20,26057.50,26068.90,26050.20,26064.80,0,
14_05_2026_15_25,26065.30,26085.70,26051.80,26077.60,0,
15_05_2026_09_15,26128.20,26357.90,26126.20,26178.70,0,
15_05_2026_09_20,26177.60,26177.60,26092.20,26098.20,0,
15_05_2026_09_25,26093.90,26147.90,26088.30,26135.10,0,
15_05_2026_09_30,26135.80,26142.20,26062.20,26065.80,0,
15_05_2026_09_35,26065.40,26140.20,26053.00,26132.20,0,
15_05_2026_09_40,26132.10,26191.60,26117.80,26183.60,0,
15_05_2026_09_45,26183.70,26240.10,26181.20,26186.80,0,
15_05_2026_09_50,26186.60,26220.90,26179.30,26218.80,0,
15_05_2026_09_55,26219.60,26259.80,26208.30,26248.50,0,
15_05_2026_10_00,26249.20,26253.80,26165.20,26186.70,0,
15_05_2026_10_05,26188.40,26190.40,26129.70,26130.10,0,
15_05_2026_10_10,26129.40,26138.20,26092.00,26115.10,0,
15_05_2026_10_15,26114.00,26133.90,26096.60,26114.50,0,
15_05_2026_10_20,26114.90,26146.10,26107.20,26146.10,0,
15_05_2026_10_25,26145.20,26176.40,26145.20,26169.20,0,
15_05_2026_10_30,26169.20,26172.90,26151.50,26163.60,0,
15_05_2026_10_35,26163.20,26180.00,26149.70,26174.20,0,
15_05_2026_10_40,26175.00,26228.10,26173.90,26198.20,0,
15_05_2026_10_45,26198.20,26224.20,26192.10,26201.10,0,
15_05_2026_10_50,26200.80,26220.90,26185.90,26191.70,0,
15_05_2026_10_55,26190.90,26211.60,26169.20,26197.90,0,
15_05_2026_11_00,26199.70,26200.80,26155.20,26155.20,0,
15_05_2026_11_05,26155.80,26157.80,26058.40,26089.10,0,
15_05_2026_11_10,26088.90,26108.30,26058.40,26064.30,0,
15_05_2026_11_15,26064.20,26069.30,26005.30,26059.60,0,
15_05_2026_11_20,26061.30,26066.80,26038.20,26043.50,0,
15_05_2026_11_25,26047.30,26048.80,25996.60,25997.10,0,
15_05_2026_11_30,25997.20,26008.80,25967.20,25993.10,0,
15_05_2026_11_35,25992.50,26022.90,25976.20,26022.90,0,
15_05_2026_11_40,26023.20,26063.20,26021.10,26057.40,0,
15_05_2026_11_45,26056.40,26085.70,26029.10,26083.10,0,
15_05_2026_11_50,26083.20,26140.50,26081.70,26104.80,0,
15_05_2026_11_55,26101.20,26114.10,26089.40,26113.10,0,
15_05_2026_12_00,26112.50,26175.90,26108.60,26173.30,0,
15_05_2026_12_05,26175.80,26198.30,26171.40,26176.10,0,
15_05_2026_12_10,26178.30,26189.20,26154.90,26171.80,0,
15_05_2026_12_15,26171.70,26177.60,26127.80,26149.30,0,
15_05_2026_12_20,26149.30,26152.80,26105.20,26113.90,0,
15_05_2026_12_25,26115.20,26160.10,26110.60,26119.80,0,
15_05_2026_12_30,26119.20,26139.90,26111.10,26134.40,0,
15_05_2026_12_35,26134.40,26151.20,26124.30,26145.20,0,
15_05_2026_12_40,26144.50,26165.60,26143.10,26159.30,0,
15_05_2026_12_45,26159.70,26208.20,26159.70,26204.60,0,
15_05_2026_12_50,26204.70,26220.10,26187.60,26196.20,0,
15_05_2026_12_55,26196.80,26210.70,26184.40,26197.20,0,
15_05_2026_13_00,26197.10,26200.80,26163.40,26168.80,0,
15_05_2026_13_05,26168.70,26181.40,26141.10,26143.30,0,
15_05_2026_13_10,26142.80,26162.20,26124.60,26133.90,0,
15_05_2026_13_15,26136.50,26141.00,26110.90,26121.80,0,
15_05_2026_13_20,26121.60,26138.20,26112.20,26135.90,0,
15_05_2026_13_25,26135.80,26137.50,26107.50,26112.80,0,
15_05_2026_13_30,26112.80,26118.70,26088.20,26096.30,0,
15_05_2026_13_35,26094.90,26111.80,26051.10,26056.40,0,
15_05_2026_13_40,26057.90,26083.50,26057.30,26082.90,0,
15_05_2026_13_45,26084.90,26099.00,26042.60,26067.70,0,
15_05_2026_13_50,26067.50,26098.80,26050.20,26084.30,0,
15_05_2026_13_55,26084.80,26094.60,26059.80,26073.30,0,
15_05_2026_14_00,26072.60,26079.30,26031.10,26040.90,0,
15_05_2026_14_05,26040.90,26075.20,26037.00,26072.80,0,
15_05_2026_14_10,26075.60,26114.00,26070.90,26109.90,0,
15_05_2026_14_15,26111.30,26112.40,26070.30,26097.20,0,
15_05_2026_14_20,26097.60,26105.90,26089.20,26098.90,0,
15_05_2026_14_25,26098.60,26099.70,26070.70,26097.80,0,
15_05_2026_14_30,26104.10,26114.90,26072.30,26101.10,0,
15_05_2026_14_35,26101.30,26118.30,26092.60,26097.30,0,
15_05_2026_14_40,26098.40,26124.20,26090.80,26093.90,0,
15_05_2026_14_45,26092.20,26094.90,26007.70,26007.70,0,
15_05_2026_14_50,26008.20,26019.20,25984.20,26009.10,0,
15_05_2026_14_55,26009.40,26058.90,25998.30,26039.00,0,
15_05_2026_15_00,26040.80,26096.20,26015.10,26095.60,0,
15_05_2026_15_05,26096.30,26104.90,26057.90,26065.50,0,
15_05_2026_15_10,26064.20,26087.80,26059.30,26082.80,0,
15_05_2026_15_15,26083.70,26090.90,26044.70,26088.40,0,
15_05_2026_15_20,26088.10,26096.80,26057.00,26069.70,0,
15_05_2026_15_25,26070.10,26102.30,26057.90,26095.60,0,
18_05_2026_09_15,25909.30,25921.10,25639.10,25671.50,0,
18_05_2026_09_20,25669.10,25683.70,25584.40,25615.10,0,
18_05_2026_09_25,25616.50,25632.20,25530.30,25559.60,0,
18_05_2026_09_30,25560.20,25627.10,25541.70,25620.60,0,
18_05_2026_09_35,25620.40,25664.60,25598.50,25609.50,0,
18_05_2026_09_40,25610.20,25627.90,25579.20,25585.70,0,
18_05_2026_09_45,25586.50,25603.80,25575.70,25594.20,0,
18_05_2026_09_50,25594.60,25595.40,25499.00,25504.30,0,
18_05_2026_09_55,25500.80,25545.20,25500.80,25540.70,0,
18_05_2026_10_00,25540.80,25567.50,25526.00,25547.70,0,
18_05_2026_10_05,25548.00,25553.20,25486.40,25520.20,0,
18_05_2026_10_10,25519.80,25581.20,25517.00,25577.90,0,
18_05_2026_10_15,25578.10,25582.20,25555.20,25560.60,0,
18_05_2026_10_20,25558.40,25572.90,25528.90,25544.20,0,
18_05_2026_10_25,25544.30,25559.80,25538.20,25547.80,0,
18_05_2026_10_30,25546.20,25590.00,25505.90,25588.80,0,
18_05_2026_10_35,25589.70,25604.40,25575.90,25577.20,0,
18_05_2026_10_40,25576.90,25577.30,25537.10,25556.60,0,
18_05_2026_10_45,25555.10,25555.80,25497.00,25503.80,0,
18_05_2026_10_50,25503.50,25551.70,25495.90,25546.10,0,
18_05_2026_10_55,25545.20,25582.40,25543.50,25581.80,0,
18_05_2026_11_00,25579.90,25610.80,25577.60,25587.80,0,
18_05_2026_11_05,25587.10,25640.40,25586.20,25636.90,0,
18_05_2026_11_10,25637.10,25640.60,25611.50,25634.10,0,
18_05_2026_11_15,25634.50,25653.80,25629.20,25653.10,0,
18_05_2026_11_20,25652.90,25681.80,25620.60,25679.90,0,
18_05_2026_11_25,25680.20,25682.20,25636.10,25642.60,0,
18_05_2026_11_30,25642.60,25699.80,25642.60,25680.60,0,
18_05_2026_11_35,25680.80,25711.20,25675.20,25703.40,0,
18_05_2026_11_40,25703.60,25703.60,25657.30,25665.40,0,
18_05_2026_11_45,25666.30,25680.60,25633.50,25636.30,0,
18_05_2026_11_50,25636.20,25639.60,25608.60,25611.80,0,
18_05_2026_11_55,25612.20,25624.30,25601.20,25602.20,0,
18_05_2026_12_00,25600.90,25610.90,25593.90,25601.30,0,
18_05_2026_12_05,25601.70,25638.20,25600.20,25614.60,0,
18_05_2026_12_10,25614.40,25639.10,25613.40,25624.50,0,
18_05_2026_12_15,25624.60,25627.80,25587.20,25596.70,0,
18_05_2026_12_20,25597.10,25601.60,25565.00,25594.30,0,
18_05_2026_12_25,25594.70,25628.90,25590.30,25624.10,0,
18_05_2026_12_30,25624.70,25697.10,25624.70,25687.50,0,
18_05_2026_12_35,25687.30,25713.50,25687.20,25701.90,0,
18_05_2026_12_40,25701.30,25706.80,25668.20,25672.90,0,
18_05_2026_12_45,25673.20,25675.20,25649.20,25657.70,0,
18_05_2026_12_50,25658.40,25685.20,25654.80,25669.80,0,
18_05_2026_12_55,25669.80,25737.60,25664.70,25730.90,0,
18_05_2026_13_00,25731.20,25748.80,25716.20,25727.30,0,
18_05_2026_13_05,25727.20,25728.20,25653.60,25657.70,0,
18_05_2026_13_10,25657.80,25664.90,25627.80,25661.60,0,
18_05_2026_13_15,25660.90,25676.20,25650.90,25658.90,0,
18_05_2026_13_20,25658.80,25662.30,25624.70,25662.00,0,
18_05_2026_13_25,25662.00,25666.20,25621.50,25631.20,0,
18_05_2026_13_30,25631.30,25653.60,25631.30,25647.20,0,
18_05_2026_13_35,25647.50,25650.70,25623.60,25634.90,0,
18_05_2026_13_40,25630.90,25651.80,25625.80,25640.30,0,
18_05_2026_13_45,25642.60,25642.90,25620.90,25630.60,0,
18_05_2026_13_50,25631.60,25643.60,25627.60,25632.90,0,
18_05_2026_13_55,25633.80,25641.10,25610.00,25615.50,0,
18_05_2026_14_00,25615.70,25643.00,25604.80,25642.30,0,
18_05_2026_14_05,25641.70,25645.90,25589.10,25600.40,0,
18_05_2026_14_10,25598.80,25618.30,25588.40,25609.00,0,
18_05_2026_14_15,25609.40,25609.40,25569.40,25578.10,0,
18_05_2026_14_20,25579.90,25585.30,25538.10,25538.70,0,
18_05_2026_14_25,25537.10,25562.80,25524.80,25552.20,0,
18_05_2026_14_30,25552.50,25558.80,25542.70,25542.90,0,
18_05_2026_14_35,25543.10,25549.70,25524.20,25527.90,0,
18_05_2026_14_40,25527.80,25572.20,25524.80,25563.10,0,
18_05_2026_14_45,25563.60,25580.40,25536.20,25537.80,0,
18_05_2026_14_50,25538.10,25557.80,25532.80,25557.80,0,
18_05_2026_14_55,25557.40,25566.80,25538.80,25563.20,0,
18_05_2026_15_00,25564.20,25681.40,25564.20,25649.10,0,
18_05_2026_15_05,25649.20,25671.80,25581.30,25584.70,0,
18_05_2026_15_10,25588.00,25619.70,25585.00,25614.50,0,
18_05_2026_15_15,25614.60,25620.10,25598.70,25612.40,0,
18_05_2026_15_20,25612.70,25639.70,25610.70,25637.60,0,
18_05_2026_15_25,25637.20,25638.00,25590.80,25610.90,0,
19_05_2026_09_15,25662.70,25752.90,25598.20,25619.40,0,
19_05_2026_09_20,25616.80,25641.40,25570.10,25624.70,0,
19_05_2026_09_25,25623.20,25740.70,25622.60,25718.40,0,
19_05_2026_09_30,25717.30,25721.80,25596.80,25598.20,0,
19_05_2026_09_35,25597.20,25611.60,25520.90,25610.80,0,
19_05_2026_09_40,25612.00,25722.20,25612.00,25699.20,0,
19_05_2026_09_45,25697.30,25717.40,25667.70,25701.50,0,
19_05_2026_09_50,25702.20,25721.20,25687.40,25691.40,0,
19_05_2026_09_55,25692.00,25692.10,25635.90,25637.70,0,
19_05_2026_10_00,25634.90,25662.60,25628.60,25630.90,0,
19_05_2026_10_05,25631.10,25676.20,25631.10,25662.90,0,
19_05_2026_10_10,25662.80,25709.20,25657.20,25682.60,0,
19_05_2026_10_15,25682.70,25703.70,25666.20,25666.20,0,
19_05_2026_10_20,25665.10,25682.10,25657.20,25669.80,0,
19_05_2026_10_25,25670.60,25690.40,25664.70,25664.80,0,
19_05_2026_10_30,25666.50,25677.40,25644.20,25647.30,0,
19_05_2026_10_35,25648.10,25659.10,25640.70,25658.40,0,
19_05_2026_10_40,25658.30,25668.00,25639.90,25656.00,0,
19_05_2026_10_45,25656.20,25691.10,25648.20,25656.60,0,
19_05_2026_10_50,25657.20,25689.90,25640.30,25653.90,0,
19_05_2026_10_55,25651.90,25689.60,25651.40,25683.40,0,
19_05_2026_11_00,25683.90,25692.30,25655.70,25675.20,0,
19_05_2026_11_05,25675.70,25678.60,25653.60,25655.80,0,
19_05_2026_11_10,25655.60,25668.80,25644.00,25645.20,0,
19_05_2026_11_15,25644.80,25661.20,25632.90,25650.00,0,
19_05_2026_11_20,25649.20,25708.60,25645.10,25700.80,0,
19_05_2026_11_25,25700.10,25746.10,25695.10,25741.10,0,
19_05_2026_11_30,25740.30,25742.80,25706.90,25723.50,0,
19_05_2026_11_35,25723.20,25733.80,25711.60,25729.90,0,
19_05_2026_11_40,25729.30,25808.80,25718.90,25807.70,0,
19_05_2026_11_45,25808.40,25901.70,25801.30,25880.40,0,
19_05_2026_11_50,25880.70,25894.80,25861.20,25880.70,0,
19_05_2026_11_55,25881.30,25888.10,25850.80,25852.10,0,
19_05_2026_12_00,25854.90,25890.90,25837.90,25884.80,0,
19_05_2026_12_05,25885.90,25906.20,25880.00,25903.20,0,
19_05_2026_12_10,25903.60,25962.20,25903.10,25935.30,0,
19_05_2026_12_15,25935.60,25940.00,25898.30,25920.90,0,
19_05_2026_12_20,25921.20,25957.30,25908.80,25911.20,0,
19_05_2026_12_25,25913.60,25913.60,25883.70,25899.40,0,
19_05_2026_12_30,25899.20,25906.60,25874.00,25889.40,0,
19_05_2026_12_35,25889.50,25905.30,25872.30,25899.30,0,
19_05_2026_12_40,25899.60,25899.60,25861.30,25877.80,0,
19_05_2026_12_45,25877.70,25881.40,25842.80,25844.30,0,
19_05_2026_12_50,25844.70,25851.20,25820.30,25844.80,0,
19_05_2026_12_55,25845.50,25881.20,25842.90,25871.10,0,
19_05_2026_13_00,25870.70,25875.10,25844.90,25855.80,0,
19_05_2026_13_05,25855.60,25857.30,25822.00,25831.40,0,
19_05_2026_13_10,25829.20,25834.80,25807.80,25807.80,0,
19_05_2026_13_15,25808.10,25855.80,25801.70,25840.30,0,
19_05_2026_13_20,25840.20,25863.90,25835.30,25859.40,0,
19_05_2026_13_25,25859.10,25862.20,25833.90,25844.10,0,
19_05_2026_13_30,25843.80,25864.10,25840.90,25860.40,0,
19_05_2026_13_35,25860.40,25861.60,25799.80,25821.80,0,
19_05_2026_13_40,25822.50,25839.30,25812.70,25827.80,0,
19_05_2026_13_45,25828.20,25863.80,25827.50,25851.10,0,
19_05_2026_13_50,25851.10,25851.10,25823.40,25824.60,0,
19_05_2026_13_55,25824.80,25827.80,25798.80,25820.10,0,
19_05_2026_14_00,25819.20,25869.40,25817.40,25866.90,0,
19_05_2026_14_05,25867.60,25870.40,25840.20,25842.30,0,
19_05_2026_14_10,25842.40,25857.20,25831.80,25848.90,0,
19_05_2026_14_15,25846.80,25867.60,25844.90,25860.80,0,
19_05_2026_14_20,25860.00,25864.20,25838.90,25845.30,0,
19_05_2026_14_25,25844.80,25847.10,25828.30,25830.90,0,
19_05_2026_14_30,25832.20,25842.70,25815.80,25825.10,0,
19_05_2026_14_35,25823.50,25824.80,25782.80,25790.70,0,
19_05_2026_14_40,25789.80,25795.20,25753.20,25763.70,0,
19_05_2026_14_45,25763.70,25764.60,25716.70,25732.40,0,
19_05_2026_14_50,25733.60,25770.80,25733.60,25759.30,0,
19_05_2026_14_55,25759.20,25776.20,25747.00,25757.90,0,
19_05_2026_15_00,25758.60,25761.70,25726.80,25746.90,0,
19_05_2026_15_05,25748.40,25750.80,25731.10,25744.00,0,
19_05_2026_15_10,25744.70,25745.80,25718.10,25724.30,0,
19_05_2026_15_15,25723.60,25723.90,25661.80,25667.90,0,
19_05_2026_15_20,25667.20,25674.90,25646.10,25657.00,0,
19_05_2026_15_25,25655.20,25675.10,25640.50,25646.10,0,
20_05_2026_09_15,25532.10,25539.70,25325.60,25343.20,0,
20_05_2026_09_20,25343.90,25426.20,25331.30,25416.60,0,
20_05_2026_09_25,25417.10,25449.60,25387.70,25415.40,0,
20_05_2026_09_30,25416.30,25519.40,25408.20,25496.20,0,
20_05_2026_09_35,25497.70,25565.80,25489.90,25551.30,0,
20_05_2026_09_40,25549.40,25583.80,25523.50,25575.40,0,
20_05_2026_09_45,25577.20,25598.30,25557.10,25597.70,0,
20_05_2026_09_50,25597.40,25672.00,25592.80,25671.10,0,
20_05_2026_09_55,25670.40,25709.60,25664.40,25703.00,0,
20_05_2026_10_00,25702.20,25726.70,25676.70,25681.90,0,
20_05_2026_10_05,25680.30,25685.20,25645.60,25654.30,0,
20_05_2026_10_10,25654.80,25687.20,25648.30,25673.90,0,
20_05_2026_10_15,25674.90,25731.30,25668.60,25707.90,0,
20_05_2026_10_20,25705.20,25716.10,25680.20,25686.00,0,
20_05_2026_10_25,25685.40,25718.70,25677.20,25718.70,0,
20_05_2026_10_30,25717.30,25781.90,25717.30,25743.70,0,
20_05_2026_10_35,25746.10,25779.40,25740.60,25769.50,0,
20_05_2026_10_40,25769.30,25769.90,25727.40,25732.80,0,
20_05_2026_10_45,25733.70,25740.90,25707.80,25718.40,0,
20_05_2026_10_50,25719.60,25780.10,25718.80,25777.10,0,
20_05_2026_10_55,25777.30,25795.10,25770.60,25792.90,0,
20_05_2026_11_00,25794.10,25828.90,25794.10,25815.20,0,
20_05_2026_11_05,25817.50,25828.70,25813.20,25823.30,0,
20_05_2026_11_10,25822.90,25846.90,25821.60,25827.20,0,
20_05_2026_11_15,25826.90,25850.60,25820.40,25840.20,0,
20_05_2026_11_20,25841.10,25901.60,25840.20,25880.60,0,
20_05_2026_11_25,25881.40,25940.90,25878.00,25923.60,0,
20_05_2026_11_30,25922.50,25925.90,25868.80,25896.80,0,
20_05_2026_11_35,25897.40,25904.70,25876.80,25887.40,0,
20_05_2026_11_40,25887.30,25892.80,25866.00,25871.20,0,
20_05_2026_11_45,25871.30,25917.10,25867.80,25913.20,0,
20_05_2026_11_50,25912.60,25922.30,25892.90,25905.40,0,
20_05_2026_11_55,25907.00,25925.20,25900.20,25910.10,0,
20_05_2026_12_00,25910.00,25917.80,25877.10,25895.10,0,
20_05_2026_12_05,25894.90,25897.40,25871.40,25880.70,0,
20_05_2026_12_10,25879.80,25886.10,25861.10,25876.90,0,
20_05_2026_12_15,25877.10,25899.10,25875.50,25886.90,0,
20_05_2026_12_20,25889.10,25919.60,25881.00,25907.70,0,
20_05_2026_12_25,25909.80,25932.70,25909.00,25922.10,0,
20_05_2026_12_30,25921.90,25938.90,25914.30,25925.20,0,
20_05_2026_12_35,25925.60,25947.00,25920.40,25938.90,0,
20_05_2026_12_40,25937.60,25940.40,25897.60,25899.90,0,
20_05_2026_12_45,25900.20,25910.70,25892.20,25907.70,0,
20_05_2026_12_50,25907.30,25928.30,25904.20,25925.30,0,
20_05_2026_12_55,25926.00,25936.10,25917.90,25927.80,0,
20_05_2026_13_00,25930.50,25933.20,25905.80,25910.10,0,
20_05_2026_13_05,25910.40,25915.40,25893.90,25904.10,0,
20_05_2026_13_10,25904.30,25919.80,25896.20,25903.20,0,
20_05_2026_13_15,25901.80,25917.30,25882.80,25894.10,0,
20_05_2026_13_20,25889.90,25897.30,25878.60,25885.90,0,
20_05_2026_13_25,25886.30,25899.80,25847.10,25850.40,0,
20_05_2026_13_30,25850.60,25883.10,25850.30,25883.10,0,
20_05_2026_13_35,25883.30,25919.60,25879.60,25899.50,0,
20_05_2026_13_40,25900.40,25904.20,25871.80,25882.60,0,
20_05_2026_13_45,25882.80,25887.80,25863.60,25879.90,0,
20_05_2026_13_50,25879.60,25891.30,25868.80,25887.70,0,
20_05_2026_13_55,25890.10,25921.20,25882.50,25917.70,0,
20_05_2026_14_00,25921.60,25924.70,25904.00,25914.60,0,
20_05_2026_14_05,25914.70,25968.60,25914.20,25966.20,0,
20_05_2026_14_10,25965.60,25969.20,25948.60,25953.00,0,
20_05_2026_14_15,25952.40,25971.60,25947.30,25950.60,0,
20_05_2026_14_20,25951.20,25976.10,25937.40,25961.40,0,
20_05_2026_14_25,25962.70,25970.30,25917.90,25960.40,0,
20_05_2026_14_30,25963.50,25983.20,25960.90,25971.30,0,
20_05_2026_14_35,25971.00,26007.30,25970.10,25999.30,0,
20_05_2026_14_40,25998.50,26004.20,25974.30,25978.60,0,
20_05_2026_14_45,25978.10,25984.20,25963.20,25980.70,0,
20_05_2026_14_50,25979.80,25989.90,25966.80,25982.80,0,
20_05_2026_14_55,25983.10,25991.40,25967.10,25967.10,0,
20_05_2026_15_00,25968.40,25968.40,25885.60,25891.20,0,
20_05_2026_15_05,25890.10,25935.70,25887.20,25935.70,0,
20_05_2026_15_10,25934.80,25934.80,25915.60,25919.60,0,
20_05_2026_15_15,25919.70,25921.90,25900.00,25907.90,0,
20_05_2026_15_20,25908.10,25911.80,25891.50,25907.30,0,
20_05_2026_15_25,25907.90,25918.00,25899.00,25907.70,0,
21_05_2026_09_15,26153.90,26235.20,26085.40,26085.40,0,
21_05_2026_09_20,26088.20,26174.60,26068.30,26150.20,0,
21_05_2026_09_25,26158.10,26163.40,26068.30,26068.30,0,
21_05_2026_09_30,26071.60,26076.50,25985.40,26002.70,0,
21_05_2026_09_35,26006.20,26073.00,25996.40,26070.70,0,
21_05_2026_09_40,26071.50,26071.50,26032.40,26057.20,0,
21_05_2026_09_45,26056.60,26065.10,26004.90,26011.10,0,
21_05_2026_09_50,26012.90,26045.20,26006.20,26042.20,0,
21_05_2026_09_55,26042.80,26044.40,26014.10,26015.00,0,
21_05_2026_10_00,26013.20,26030.10,26008.20,26015.00,0,
21_05_2026_10_05,26014.60,26024.30,25981.10,26009.10,0,
21_05_2026_10_10,26010.40,26035.30,26009.30,26034.00,0,
21_05_2026_10_15,26031.60,26081.30,26027.80,26081.30,0,
21_05_2026_10_20,26081.80,26106.30,26078.80,26095.20,0,
21_05_2026_10_25,26092.10,26117.30,26089.20,26103.70,0,
21_05_2026_10_30,26105.40,26123.50,26075.40,26078.20,0,
21_05_2026_10_35,26076.20,26100.80,26050.20,26057.70,0,
21_05_2026_10_40,26057.30,26088.60,26055.10,26087.70,0,
21_05_2026_10_45,26087.30,26105.20,26070.50,26071.80,0,
21_05_2026_10_50,26071.90,26085.40,26053.00,26065.80,0,
21_05_2026_10_55,26066.70,26066.70,26017.20,26020.40,0,
21_05_2026_11_00,26023.40,26026.60,26002.10,26009.90,0,
21_05_2026_11_05,26010.70,26012.00,25991.10,26004.30,0,
21_05_2026_11_10,26004.10,26006.40,25978.90,25982.60,0,
21_05_2026_11_15,25985.60,25985.60,25901.00,25952.80,0,
21_05_2026_11_20,25955.60,26016.30,25950.90,26014.70,0,
21_05_2026_11_25,26016.20,26092.30,26008.80,26077.60,0,
21_05_2026_11_30,26077.20,26078.10,26037.10,26045.40,0,
21_05_2026_11_35,26044.90,26064.60,26040.40,26045.70,0,
21_05_2026_11_40,26046.90,26060.30,26030.70,26040.30,0,
21_05_2026_11_45,26042.90,26048.60,26030.80,26039.20,0,
21_05_2026_11_50,26039.20,26063.30,26028.80,26031.40,0,
21_05_2026_11_55,26032.40,26043.60,26008.40,26011.80,0,
21_05_2026_12_00,26014.00,26053.80,26008.10,26051.70,0,
21_05_2026_12_05,26051.60,26072.70,26048.00,26066.70,0,
21_05_2026_12_10,26066.00,26069.40,26028.20,26029.00,0,
21_05_2026_12_15,26029.80,26040.80,26012.80,26024.10,0,
21_05_2026_12_20,26019.40,26032.70,26015.30,26019.70,0,
21_05_2026_12_25,26019.70,26019.70,25948.80,25976.90,0,
21_05_2026_12_30,25978.50,25992.70,25966.30,25984.40,0,
21_05_2026_12_35,25984.20,25991.30,25939.70,25953.60,0,
21_05_2026_12_40,25952.70,25957.50,25920.30,25942.30,0,
21_05_2026_12_45,25943.80,25952.20,25910.10,25948.80,0,
21_05_2026_12_50,25946.90,25961.20,25943.90,25956.10,0,
21_05_2026_12_55,25956.60,25977.80,25949.20,25970.80,0,
21_05_2026_13_00,25971.70,25972.60,25925.90,25950.30,0,
21_05_2026_13_05,25950.20,25967.60,25939.80,25958.30,0,
21_05_2026_13_10,25959.20,25987.40,25958.20,25970.40,0,
21_05_2026_13_15,25970.10,25977.30,25958.20,25971.70,0,
21_05_2026_13_20,25970.60,25989.10,25966.80,25980.80,0,
21_05_2026_13_25,25980.90,25994.80,25976.10,25978.70,0,
21_05_2026_13_30,25978.00,26003.30,25965.20,26003.30,0,
21_05_2026_13_35,26003.10,26027.90,25996.80,26003.20,0,
21_05_2026_13_40,26002.10,26022.20,26000.40,26019.40,0,
21_05_2026_13_45,26019.80,26031.60,25996.20,25996.20,0,
21_05_2026_13_50,25996.70,26005.20,25985.90,25998.00,0,
21_05_2026_13_55,25996.90,26026.20,25983.30,26024.40,0,
21_05_2026_14_00,26023.80,26023.80,25984.80,25991.90,0,
21_05_2026_14_05,25992.50,25995.80,25979.90,25986.50,0,
21_05_2026_14_10,25985.90,26014.70,25981.80,25995.80,0,
21_05_2026_14_15,25996.40,26005.20,25979.80,26003.20,0,
21_05_2026_14_20,26002.80,26016.00,25992.40,26015.60,0,
21_05_2026_14_25,26015.30,26023.80,25982.60,25986.50,0,
21_05_2026_14_30,25985.70,26001.50,25972.40,25981.30,0,
21_05_2026_14_35,25982.50,26007.30,25980.20,25989.10,0,
21_05_2026_14_40,25989.60,26035.20,25987.40,25995.40,0,
21_05_2026_14_45,25993.50,26022.80,25993.50,26012.80,0,
21_05_2026_14_50,26012.80,26029.80,26000.10,26013.50,0,
21_05_2026_14_55,26013.80,26023.80,25997.40,26006.10,0,
21_05_2026_15_00,26005.90,26020.30,25952.60,25960.40,0,
21_05_2026_15_05,25962.60,26002.40,25959.60,25994.20,0,
21_05_2026_15_10,25994.20,26016.60,25991.20,25993.80,0,
21_05_2026_15_15,25994.80,26002.20,25962.30,25972.30,0,
21_05_2026_15_20,25971.10,25988.00,25967.10,25973.90,0,
21_05_2026_15_25,25974.20,25998.60,25961.50,25989.10,0,
22_05_2026_09_15,26082.10,26134.70,26030.10,26054.10,0,
22_05_2026_09_20,26057.40,26126.20,26057.40,26096.40,0,
22_05_2026_09_25,26094.30,26100.80,26044.10,26057.80,0,
22_05_2026_09_30,26057.30,26070.80,26010.40,26068.80,0,
22_05_2026_09_35,26069.50,26119.40,26069.40,26084.80,0,
22_05_2026_09_40,26083.30,26083.30,26003.80,26023.90,0,
22_05_2026_09_45,26021.70,26044.40,26009.30,26012.30,0,
22_05_2026_09_50,26012.40,26071.00,26010.10,26059.20,0,
22_05_2026_09_55,26059.70,26076.30,26040.60,26056.00,0,
22_05_2026_10_00,26055.50,26069.80,26046.20,26052.30,0,
22_05_2026_10_05,26052.90,26052.90,26015.40,26038.30,0,
22_05_2026_10_10,26036.80,26055.80,26036.80,26050.50,0,
22_05_2026_10_15,26049.80,26050.70,26014.60,26021.70,0,
22_05_2026_10_20,26021.40,26068.80,26020.70,26034.30,0,
22_05_2026_10_25,26034.10,26038.80,26022.30,26032.90,0,
22_05_2026_10_30,26033.20,26060.20,26032.60,26056.30,0,
22_05_2026_10_35,26055.10,26072.30,26042.20,26051.80,0,
22_05_2026_10_40,26053.20,26063.40,26049.90,26059.80,0,
22_05_2026_10_45,26061.10,26065.00,26043.80,26045.70,0,
22_05_2026_10_50,26046.00,26048.20,26019.50,26041.40,0,
22_05_2026_10_55,26040.80,26056.60,26036.30,26050.80,0,
22_05_2026_11_00,26050.80,26052.20,26030.40,26031.20,0,
22_05_2026_11_05,26030.70,26041.20,26020.00,26040.30,0,
22_05_2026_11_10,26040.30,26054.20,26037.30,26041.60,0,
22_05_2026_11_15,26040.80,26054.80,26039.30,26045.80,0,
22_05_2026_11_20,26046.50,26057.10,26033.10,26040.80,0,
22_05_2026_11_25,26042.80,26043.50,26007.60,26018.40,0,
22_05_2026_11_30,26018.40,26037.00,26017.00,26035.80,0,
22_05_2026_11_35,26035.60,26080.80,26035.60,26080.00,0,
22_05_2026_11_40,26080.20,26115.90,26077.40,26115.90,0,
22_05_2026_11_45,26116.60,26128.20,26099.20,26105.50,0,
22_05_2026_11_50,26105.00,26112.40,26098.20,26105.60,0,
22_05_2026_11_55,26106.10,26128.70,26104.20,26124.60,0,
22_05_2026_12_00,26125.50,26133.80,26117.00,26131.90,0,
22_05_2026_12_05,26132.50,26138.70,26125.00,26125.20,0,
22_05_2026_12_10,26125.30,26150.90,26120.80,26128.80,0,
22_05_2026_12_15,26128.80,26146.20,26128.80,26137.60,0,
22_05_2026_12_20,26138.10,26140.90,26113.80,26115.50,0,
22_05_2026_12_25,26115.80,26115.80,26100.40,26109.20,0,
22_05_2026_12_30,26110.20,26127.20,26097.50,26125.70,0,
22_05_2026_12_35,26125.60,26154.60,26123.60,26148.90,0,
22_05_2026_12_40,26149.80,26171.90,26144.30,26164.80,0,
22_05_2026_12_45,26165.60,26173.80,26152.80,26165.40,0,
22_05_2026_12_50,26165.40,26200.90,26165.40,26197.40,0,
22_05_2026_12_55,26197.20,26215.20,26189.40,26206.50,0,
22_05_2026_13_00,26207.30,26211.20,26192.10,26198.70,0,
22_05_2026_13_05,26198.80,26207.50,26185.70,26201.10,0,
22_05_2026_13_10,26201.60,26209.90,26190.20,26190.80,0,
22_05_2026_13_15,26191.70,26210.10,26186.40,26194.80,0,
22_05_2026_13_20,26194.80,26207.70,26165.70,26174.70,0,
22_05_2026_13_25,26175.60,26181.20,26159.30,26160.40,0,
22_05_2026_13_30,26161.00,26166.10,26137.70,26155.20,0,
22_05_2026_13_35,26156.00,26156.00,26142.70,26149.40,0,
22_05_2026_13_40,26151.80,26153.60,26135.30,26137.00,0,
22_05_2026_13_45,26138.30,26161.40,26135.20,26142.50,0,
22_05_2026_13_50,26142.80,26152.30,26115.50,26119.80,0,
22_05_2026_13_55,26121.50,26125.20,26101.80,26122.70,0,
22_05_2026_14_00,26126.00,26128.20,26076.20,26077.80,0,
22_05_2026_14_05,26079.20,26110.70,26063.60,26108.70,0,
22_05_2026_14_10,26109.60,26119.20,26098.20,26109.50,0,
22_05_2026_14_15,26110.20,26115.90,26096.40,26098.40,0,
22_05_2026_14_20,26098.10,26101.90,26075.70,26076.60,0,
22_05_2026_14_25,26075.30,26087.10,26063.90,26064.40,0,
22_05_2026_14_30,26062.70,26068.40,26041.90,26051.60,0,
22_05_2026_14_35,26051.10,26064.30,26030.50,26034.40,0,
22_05_2026_14_40,26034.20,26042.40,26002.30,26006.10,0,
22_05_2026_14_45,26007.30,26044.70,26005.80,26041.60,0,
22_05_2026_14_50,26041.60,26049.40,26035.90,26037.90,0,
22_05_2026_14_55,26037.80,26039.40,26022.20,26033.20,0,
22_05_2026_15_00,26033.30,26036.20,25980.60,26001.80,0,
22_05_2026_15_05,26002.50,26038.20,26001.20,26018.30,0,
22_05_2026_15_10,26018.20,26033.70,26013.10,26031.80,0,
22_05_2026_15_15,26033.20,26037.70,26010.70,26021.50,0,
22_05_2026_15_20,26019.80,26037.60,26012.40,26033.00,0,
22_05_2026_15_25,26034.70,26041.70,26017.80,26041.70,0,
25_05_2026_09_15,26376.10,26615.30,26372.40,26580.30,0,
25_05_2026_09_20,26587.10,26623.90,26555.10,26620.00,0,
25_05_2026_09_25,26623.10,26650.40,26576.70,26645.80,0,
25_05_2026_09_30,26644.80,26655.60,26585.60,26601.90,0,
25_05_2026_09_35,26602.80,26602.80,26532.10,26538.40,0,
25_05_2026_09_40,26538.80,26608.20,26536.40,26607.90,0,
25_05_2026_09_45,26608.00,26608.40,26567.40,26578.30,0,
25_05_2026_09_50,26579.50,26586.00,26527.30,26554.10,0,
25_05_2026_09_55,26556.20,26556.20,26509.30,26516.20,0,
25_05_2026_10_00,26516.20,26521.10,26473.30,26489.20,0,
25_05_2026_10_05,26489.60,26491.20,26468.90,26468.90,0,
25_05_2026_10_10,26471.70,26473.20,26421.10,26436.00,0,
25_05_2026_10_15,26434.70,26467.70,26430.30,26460.90,0,
25_05_2026_10_20,26460.00,26477.60,26450.70,26470.60,0,
25_05_2026_10_25,26472.60,26472.60,26434.90,26439.40,0,
25_05_2026_10_30,26440.80,26493.80,26438.80,26489.80,0,
25_05_2026_10_35,26490.40,26499.00,26477.80,26493.80,0,
25_05_2026_10_40,26495.80,26503.40,26475.00,26477.60,0,
25_05_2026_10_45,26476.90,26494.30,26468.40,26488.80,0,
25_05_2026_10_50,26489.00,26490.80,26458.00,26467.70,0,
25_05_2026_10_55,26467.50,26468.40,26446.80,26452.30,0,
25_05_2026_11_00,26452.10,26467.20,26445.90,26454.60,0,
25_05_2026_11_05,26453.50,26458.40,26439.80,26445.00,0,
25_05_2026_11_10,26444.30,26444.30,26426.70,26433.50,0,
25_05_2026_11_15,26430.30,26432.80,26407.80,26407.80,0,
25_05_2026_11_20,26409.20,26419.30,26401.90,26418.10,0,
25_05_2026_11_25,26417.90,26421.20,26398.70,26404.10,0,
25_05_2026_11_30,26405.20,26405.20,26390.20,26398.40,0,
25_05_2026_11_35,26397.80,26428.20,26394.40,26427.60,0,
25_05_2026_11_40,26427.60,26446.20,26423.80,26430.20,0,
25_05_2026_11_45,26429.90,26429.90,26414.20,26423.90,0,
25_05_2026_11_50,26425.80,26441.30,26418.50,26435.60,0,
25_05_2026_11_55,26437.20,26439.90,26422.60,26429.10,0,
25_05_2026_12_00,26429.20,26443.20,26405.80,26417.90,0,
25_05_2026_12_05,26418.40,26434.40,26411.70,26431.60,0,
25_05_2026_12_10,26432.90,26439.10,26411.00,26417.70,0,
25_05_2026_12_15,26419.90,26437.30,26415.20,26437.20,0,
25_05_2026_12_20,26437.20,26437.20,26416.90,26431.80,0,
25_05_2026_12_25,26432.50,26447.20,26430.00,26441.10,0,
25_05_2026_12_30,26442.20,26442.40,26418.30,26430.30,0,
25_05_2026_12_35,26430.60,26446.90,26428.90,26441.80,0,
25_05_2026_12_40,26441.60,26441.70,26426.80,26429.80,0,
25_05_2026_12_45,26429.60,26429.60,26389.90,26396.10,0,
25_05_2026_12_50,26397.80,26402.00,26388.80,26396.30,0,
25_05_2026_12_55,26394.80,26396.80,26380.90,26393.10,0,
25_05_2026_13_00,26394.90,26427.00,26390.80,26414.10,0,
25_05_2026_13_05,26416.10,26418.20,26398.50,26405.80,0,
25_05_2026_13_10,26405.90,26411.10,26394.70,26396.10,0,
25_05_2026_13_15,26398.60,26411.10,26395.20,26408.90,0,
25_05_2026_13_20,26411.20,26412.30,26391.10,26398.60,0,
25_05_2026_13_25,26401.30,26401.30,26387.80,26391.30,0,
25_05_2026_13_30,26393.40,26393.40,26362.60,26377.80,0,
25_05_2026_13_35,26379.20,26390.80,26367.30,26388.80,0,
25_05_2026_13_40,26388.80,26389.10,26360.80,26367.30,0,
25_05_2026_13_45,26369.50,26375.80,26361.40,26372.60,0,
25_05_2026_13_50,26372.40,26381.20,26363.00,26366.90,0,
25_05_2026_13_55,26367.10,26370.50,26354.50,26360.30,0,
25_05_2026_14_00,26361.70,26370.10,26355.80,26369.80,0,
25_05_2026_14_05,26369.10,26370.10,26352.90,26355.20,0,
25_05_2026_14_10,26356.10,26365.10,26330.20,26331.00,0,
25_05_2026_14_15,26332.30,26339.20,26319.60,26333.10,0,
25_05_2026_14_20,26333.80,26351.90,26333.20,26342.90,0,
25_05_2026_14_25,26342.90,26369.80,26338.40,26361.20,0,
25_05_2026_14_30,26360.90,26400.90,26351.10,26397.20,0,
25_05_2026_14_35,26400.30,26433.70,26395.50,26428.40,0,
25_05_2026_14_40,26428.10,26429.10,26404.40,26421.90,0,
25_05_2026_14_45,26421.60,26431.30,26413.40,26427.20,0,
25_05_2026_14_50,26427.70,26460.80,26424.70,26455.50,0,
25_05_2026_14_55,26457.20,26467.70,26453.40,26461.60,0,
25_05_2026_15_00,26461.80,26467.40,26447.40,26459.70,0,
25_05_2026_15_05,26460.20,26461.80,26444.10,26446.60,0,
25_05_2026_15_10,26448.50,26454.80,26443.30,26451.70,0,
25_05_2026_15_15,26451.90,26460.90,26443.90,26451.60,0,
25_05_2026_15_20,26450.60,26482.10,26442.90,26473.60,0,
25_05_2026_15_25,26473.30,26505.70,26470.20,26501.30,0,
26_05_2026_09_15,26457.80,26487.30,26362.10,26432.30,0,
26_05_2026_09_20,26430.70,26476.10,26430.70,26470.60,0,
26_05_2026_09_25,26472.30,26502.70,26466.30,26479.70,0,
26_05_2026_09_30,26478.00,26481.20,26440.40,26440.40,0,
26_05_2026_09_35,26441.10,26508.90,26434.10,26486.30,0,
26_05_2026_09_40,26486.80,26493.30,26479.80,26481.30,0,
26_05_2026_09_45,26482.00,26482.50,26460.40,26471.90,0,
26_05_2026_09_50,26470.90,26500.80,26470.90,26485.90,0,
26_05_2026_09_55,26484.70,26491.20,26467.10,26489.80,0,
26_05_2026_10_00,26489.60,26530.80,26487.50,26523.80,0,
26_05_2026_10_05,26524.40,26545.10,26514.10,26519.60,0,
26_05_2026_10_10,26517.20,26545.90,26517.20,26542.50,0,
26_05_2026_10_15,26542.00,26564.40,26536.10,26551.20,0,
26_05_2026_10_20,26550.30,26560.50,26538.40,26559.60,0,
26_05_2026_10_25,26559.90,26567.30,26548.90,26565.80,0,
26_05_2026_10_30,26565.30,26585.30,26561.60,26584.30,0,
26_05_2026_10_35,26585.20,26588.60,26556.50,26559.30,0,
26_05_2026_10_40,26557.10,26559.30,26537.10,26545.90,0,
26_05_2026_10_45,26545.70,26557.50,26541.50,26544.90,0,
26_05_2026_10_50,26545.40,26572.10,26539.70,26563.10,0,
26_05_2026_10_55,26564.20,26567.40,26550.60,26556.30,0,
26_05_2026_11_00,26557.10,26575.70,26552.60,26555.90,0,
26_05_2026_11_05,26556.10,26569.60,26553.60,26565.50,0,
26_05_2026_11_10,26565.50,26571.20,26554.70,26558.90,0,
26_05_2026_11_15,26560.80,26577.40,26551.20,26575.40,0,
26_05_2026_11_20,26575.20,26584.10,26562.50,26565.30,0,
26_05_2026_11_25,26565.80,26573.40,26559.50,26564.20,0,
26_05_2026_11_30,26564.50,26567.80,26547.20,26562.80,0,
26_05_2026_11_35,26563.30,26571.80,26558.40,26567.20,0,
26_05_2026_11_40,26568.10,26582.10,26557.20,26579.40,0,
26_05_2026_11_45,26578.80,26580.90,26570.40,26575.80,0,
26_05_2026_11_50,26576.80,26584.10,26572.60,26574.80,0,
26_05_2026_11_55,26575.10,26593.80,26547.80,26566.90,0,
26_05_2026_12_00,26566.90,26568.90,26556.10,26565.40,0,
26_05_2026_12_05,26565.30,26577.20,26557.30,26560.10,0,
26_05_2026_12_10,26560.80,26585.60,26554.70,26583.40,0,
26_05_2026_12_15,26582.80,26605.90,26581.20,26592.80,0,
26_05_2026_12_20,26593.60,26596.40,26560.20,26560.70,0,
26_05_2026_12_25,26560.50,26562.80,26538.50,26544.20,0,
26_05_2026_12_30,26544.40,26558.60,26538.80,26543.10,0,
26_05_2026_12_35,26543.10,26545.70,26522.60,26527.10,0,
26_05_2026_12_40,26526.80,26539.20,26519.90,26520.80,0,
26_05_2026_12_45,26520.20,26520.20,26491.30,26498.10,0,
26_05_2026_12_50,26498.20,26503.60,26481.30,26497.20,0,
26_05_2026_12_55,26499.40,26505.40,26480.20,26493.30,0,
26_05_2026_13_00,26494.60,26496.30,26460.70,26465.20,0,
26_05_2026_13_05,26464.80,26479.00,26459.80,26472.60,0,
26_05_2026_13_10,26471.70,26474.10,26448.80,26450.20,0,
26_05_2026_13_15,26451.20,26451.20,26425.20,26440.90,0,
26_05_2026_13_20,26440.10,26470.90,26435.80,26456.80,0,
26_05_2026_13_25,26457.50,26460.80,26441.20,26449.30,0,
26_05_2026_13_30,26450.60,26468.10,26450.60,26465.60,0,
26_05_2026_13_35,26466.10,26470.70,26448.10,26456.50,0,
26_05_2026_13_40,26456.60,26461.30,26443.90,26443.90,0,
26_05_2026_13_45,26443.70,26448.90,26432.30,26438.90,0,
26_05_2026_13_50,26439.70,26444.20,26422.70,26443.20,0,
26_05_2026_13_55,26444.20,26446.20,26434.40,26440.10,0,
26_05_2026_14_00,26440.50,26441.20,26409.80,26414.60,0,
26_05_2026_14_05,26414.60,26433.50,26402.70,26430.80,0,
26_05_2026_14_10,26431.30,26451.70,26424.20,26442.40,0,
26_05_2026_14_15,26443.40,26455.30,26432.20,26452.30,0,
26_05_2026_14_20,26453.80,26477.80,26451.80,26474.10,0,
26_05_2026_14_25,26472.30,26484.80,26453.90,26471.60,0,
26_05_2026_14_30,26473.80,26487.80,26471.80,26478.70,0,
26_05_2026_14_35,26479.50,26484.70,26457.70,26459.50,0,
26_05_2026_14_40,26459.90,26460.80,26435.80,26436.70,0,
26_05_2026_14_45,26435.80,26464.90,26431.60,26459.50,0,
26_05_2026_14_50,26458.70,26459.90,26429.70,26435.20,0,
26_05_2026_14_55,26434.10,26470.10,26434.10,26464.60,0,
26_05_2026_15_00,26465.70,26481.80,26448.60,26473.20,0,
26_05_2026_15_05,26471.70,26480.60,26457.00,26467.30,0,
26_05_2026_15_10,26468.40,26491.40,26463.10,26487.20,0,
26_05_2026_15_15,26487.30,26487.30,26464.30,26467.40,0,
26_05_2026_15_20,26469.60,26479.10,26462.10,26476.90,0,
26_05_2026_15_25,26477.70,26516.20,26472.60,26500.30,0,
27_05_2026_09_15,26513.40,26560.90,26473.80,26547.90,0,
27_05_2026_09_20,26546.70,26594.80,26546.70,26590.10,0,
27_05_2026_09_25,26591.00,26606.10,26555.70,26586.10,0,
27_05_2026_09_30,26581.70,26596.20,26531.20,26572.80,0,
27_05_2026_09_35,26571.40,26572.30,26521.40,26526.60,0,
27_05_2026_09_40,26525.70,26530.80,26489.60,26513.60,0,
27_05_2026_09_45,26513.70,26621.10,26509.80,26614.40,0,
27_05_2026_09_50,26612.70,26625.80,26566.60,26578.90,0,
27_05_2026_09_55,26579.70,26585.10,26549.30,26550.20,0,
27_05_2026_10_00,26549.40,26601.20,26537.30,26600.20,0,
27_05_2026_10_05,26604.00,26637.90,26601.50,26619.30,0,
27_05_2026_10_10,26619.30,26624.90,26576.20,26598.10,0,
27_05_2026_10_15,26597.60,26621.80,26587.70,26598.10,0,
27_05_2026_10_20,26598.30,26620.80,26576.10,26601.00,0,
27_05_2026_10_25,26600.80,26634.00,26600.80,26625.10,0,
27_05_2026_10_30,26626.00,26630.10,26614.80,26619.80,0,
27_05_2026_10_35,26620.80,26629.20,26599.30,26619.20,0,
27_05_2026_10_40,26621.50,26621.90,26582.20,26584.90,0,
27_05_2026_10_45,26584.40,26589.60,26545.90,26588.20,0,
27_05_2026_10_50,26587.90,26617.60,26584.50,26613.20,0,
27_05_2026_10_55,26613.40,26651.80,26612.70,26639.60,0,
27_05_2026_11_00,26641.10,26665.30,26633.90,26639.60,0,
27_05_2026_11_05,26639.80,26658.00,26627.80,26658.00,0,
27_05_2026_11_10,26659.40,26677.10,26648.70,26663.80,0,
27_05_2026_11_15,26664.00,26681.60,26660.90,26676.20,0,
27_05_2026_11_20,26677.20,26694.00,26666.80,26690.40,0,
27_05_2026_11_25,26690.20,26722.80,26681.20,26716.60,0,
27_05_2026_11_30,26716.40,26759.80,26716.20,26725.30,0,
27_05_2026_11_35,26724.90,26724.90,26702.50,26705.20,0,
27_05_2026_11_40,26705.60,26736.20,26696.70,26699.60,0,
27_05_2026_11_45,26699.50,26711.10,26686.20,26696.30,0,
27_05_2026_11_50,26696.80,26699.80,26665.00,26665.60,0,
27_05_2026_11_55,26668.20,26673.10,26638.30,26648.40,0,
27_05_2026_12_00,26649.60,26665.20,26634.30,26642.90,0,
27_05_2026_12_05,26642.80,26648.60,26634.00,26643.30,0,
27_05_2026_12_10,26643.00,26654.10,26636.00,26638.10,0,
27_05_2026_12_15,26638.30,26658.10,26634.00,26655.80,0,
27_05_2026_12_20,26656.10,26657.10,26633.60,26641.60,0,
27_05_2026_12_25,26641.70,26646.90,26617.20,26619.70,0,
27_05_2026_12_30,26619.80,26640.30,26613.30,26637.20,0,
27_05_2026_12_35,26639.20,26665.20,26635.40,26659.10,0,
27_05_2026_12_40,26658.80,26678.40,26649.80,26678.40,0,
27_05_2026_12_45,26679.10,26690.80,26669.70,26683.40,0,
27_05_2026_12_50,26683.90,26698.20,26676.50,26682.30,0,
27_05_2026_12_55,26684.10,26714.10,26681.60,26700.20,0,
27_05_2026_13_00,26700.80,26731.10,26690.30,26731.10,0,
27_05_2026_13_05,26731.60,26783.60,26726.60,26745.80,0,
27_05_2026_13_10,26746.60,26778.20,26744.70,26749.80,0,
27_05_2026_13_15,26750.30,26757.60,26738.70,26750.20,0,
27_05_2026_13_20,26751.30,26759.10,26733.30,26740.30,0,
27_05_2026_13_25,26742.10,26744.80,26724.90,26725.80,0,
27_05_2026_13_30,26726.40,26742.20,26716.30,26720.40,0,
27_05_2026_13_35,26720.30,26730.10,26715.80,26726.80,0,
27_05_2026_13_40,26726.60,26757.80,26726.60,26732.80,0,
27_05_2026_13_45,26733.40,26734.80,26710.40,26712.20,0,
27_05_2026_13_50,26712.10,26729.40,26698.40,26723.70,0,
27_05_2026_13_55,26723.40,26739.30,26719.80,26736.40,0,
27_05_2026_14_00,26735.80,26759.80,26734.80,26755.20,0,
27_05_2026_14_05,26754.90,26755.40,26731.10,26734.30,0,
27_05_2026_14_10,26734.10,26734.50,26705.80,26722.60,0,
27_05_2026_14_15,26722.20,26740.60,26715.90,26734.10,0,
27_05_2026_14_20,26733.60,26753.60,26731.40,26743.70,0,
27_05_2026_14_25,26743.20,26743.20,26700.60,26708.60,0,
27_05_2026_14_30,26707.10,26723.40,26691.40,26721.90,0,
27_05_2026_14_35,26721.70,26755.20,26710.40,26750.60,0,
27_05_2026_14_40,26750.10,26803.20,26739.80,26795.90,0,
27_05_2026_14_45,26795.70,26816.40,26779.90,26812.80,0,
27_05_2026_14_50,26813.90,26841.80,26806.10,26832.30,0,
27_05_2026_14_55,26832.40,26862.20,26819.30,26847.20,0,
27_05_2026_15_00,26847.60,26847.60,26797.20,26828.70,0,
27_05_2026_15_05,26828.50,26836.10,26813.70,26823.90,0,
27_05_2026_15_10,26825.20,26827.10,26796.80,26818.90,0,
27_05_2026_15_15,26815.80,26861.10,26815.20,26857.80,0,
27_05_2026_15_20,26857.20,26899.30,26854.60,26894.40,0,
27_05_2026_15_25,26893.60,26976.60,26892.40,26949.10,0,
29_05_2026_09_15,26942.10,27033.60,26838.50,26854.90,0,
29_05_2026_09_20,26855.10,26931.30,26850.50,26898.20,0,
29_05_2026_09_25,26894.40,26911.50,26845.80,26852.80,0,
29_05_2026_09_30,26843.90,26897.10,26827.60,26880.40,0,
29_05_2026_09_35,26879.80,26945.20,26878.30,26920.40,0,
29_05_2026_09_40,26920.30,26925.80,26786.80,26813.90,0,
29_05_2026_09_45,26819.40,26920.20,26806.80,26886.80,0,
29_05_2026_09_50,26885.80,26910.10,26849.40,26851.00,0,
29_05_2026_09_55,26850.90,26850.90,26801.90,26816.80,0,
29_05_2026_10_00,26820.20,26849.40,26796.90,26846.20,0,
29_05_2026_10_05,26845.20,26893.40,26843.40,26873.20,0,
29_05_2026_10_10,26873.70,26889.10,26862.30,26862.30,0,
29_05_2026_10_15,26865.30,26870.60,26824.40,26836.60,0,
29_05_2026_10_20,26834.80,26837.20,26771.40,26807.90,0,
29_05_2026_10_25,26808.70,26810.20,26754.20,26765.60,0,
29_05_2026_10_30,26766.30,26777.30,26753.30,26764.40,0,
29_05_2026_10_35,26765.30,26787.10,26760.90,26771.30,0,
29_05_2026_10_40,26773.80,26797.20,26745.00,26745.00,0,
29_05_2026_10_45,26746.50,26772.00,26730.60,26770.50,0,
29_05_2026_10_50,26771.20,26771.20,26742.10,26742.40,0,
29_05_2026_10_55,26741.60,26784.40,26733.50,26766.70,0,
29_05_2026_11_00,26766.80,26784.90,26765.20,26779.70,0,
29_05_2026_11_05,26780.70,26787.10,26764.20,26765.90,0,
29_05_2026_11_10,26767.80,26771.20,26700.60,26707.30,0,
29_05_2026_11_15,26708.30,26741.60,26705.70,26718.70,0,
29_05_2026_11_20,26718.60,26756.70,26712.30,26751.20,0,
29_05_2026_11_25,26751.20,26761.10,26737.80,26737.80,0,
29_05_2026_11_30,26737.80,26745.30,26709.10,26709.10,0,
29_05_2026_11_35,26710.20,26710.80,26689.90,26703.20,0,
29_05_2026_11_40,26702.40,26706.30,26677.90,26683.70,0,
29_05_2026_11_45,26683.10,26687.70,26659.20,26669.10,0,
29_05_2026_11_50,26666.80,26729.30,26665.30,26720.50,0,
29_05_2026_11_55,26720.40,26720.40,26678.40,26686.80,0,
29_05_2026_12_00,26689.90,26718.00,26686.40,26693.20,0,
29_05_2026_12_05,26690.40,26716.30,26688.70,26700.70,0,
29_05_2026_12_10,26701.40,26708.30,26647.10,26655.60,0,
29_05_2026_12_15,26655.60,26655.60,26602.80,26650.70,0,
29_05_2026_12_20,26649.00,26680.70,26634.60,26673.30,0,
29_05_2026_12_25,26673.20,26690.80,26666.10,26684.20,0,
29_05_2026_12_30,26683.20,26689.70,26655.90,26655.90,0,
29_05_2026_12_35,26654.80,26654.80,26626.80,26644.10,0,
29_05_2026_12_40,26642.40,26695.10,26638.10,26683.40,0,
29_05_2026_12_45,26683.00,26692.20,26674.10,26676.30,0,
29_05_2026_12_50,26678.50,26678.50,26646.90,26649.20,0,
29_05_2026_12_55,26647.90,26652.80,26612.40,26627.90,0,
29_05_2026_13_00,26627.90,26628.80,26591.70,26594.20,0,
29_05_2026_13_05,26594.90,26600.60,26568.40,26569.20,0,
29_05_2026_13_10,26568.40,26571.10,26539.80,26543.80,0,
29_05_2026_13_15,26540.80,26566.50,26524.10,26550.90,0,
29_05_2026_13_20,26550.00,26550.00,26526.60,26541.50,0,
29_05_2026_13_25,26541.80,26554.70,26530.80,26548.70,0,
29_05_2026_13_30,26548.20,26573.20,26546.50,26566.90,0,
29_05_2026_13_35,26567.00,26602.60,26567.00,26586.30,0,
29_05_2026_13_40,26587.10,26610.30,26578.50,26599.20,0,
29_05_2026_13_45,26600.00,26610.60,26580.30,26583.40,0,
29_05_2026_13_50,26581.80,26605.60,26580.00,26591.80,0,
29_05_2026_13_55,26591.20,26640.20,26590.60,26617.20,0,
29_05_2026_14_00,26619.70,26620.40,26579.80,26579.90,0,
29_05_2026_14_05,26580.20,26586.60,26558.70,26580.10,0,
29_05_2026_14_10,26581.10,26581.10,26554.00,26558.50,0,
29_05_2026_14_15,26559.60,26576.80,26544.90,26558.80,0,
29_05_2026_14_20,26557.80,26587.20,26554.00,26584.50,0,
29_05_2026_14_25,26584.10,26589.00,26567.60,26576.20,0,
29_05_2026_14_30,26577.30,26645.20,26576.40,26621.20,0,
29_05_2026_14_35,26622.90,26637.20,26614.20,26633.10,0,
29_05_2026_14_40,26633.90,26651.30,26628.20,26631.80,0,
29_05_2026_14_45,26633.20,26642.80,26628.90,26633.20,0,
29_05_2026_14_50,26635.20,26643.20,26607.90,26614.10,0,
29_05_2026_14_55,26614.30,26628.00,26580.30,26607.70,0,
29_05_2026_15_00,26609.70,26609.70,26351.30,26366.80,0,
29_05_2026_15_05,26365.70,26381.60,26251.40,26255.80,0,
29_05_2026_15_10,26255.30,26288.90,26222.00,26277.90,0,
29_05_2026_15_15,26277.50,26367.30,26271.40,26351.20,0,
29_05_2026_15_20,26353.70,26355.60,26210.20,26245.20,0,
29_05_2026_15_25,26242.40,26510.40,26239.50,26496.10,0,
01_06_2026_09_15,26459.90,26548.10,26288.70,26343.80,0,
01_06_2026_09_20,26346.20,26368.70,26244.50,26273.10,0,
01_06_2026_09_25,26271.80,26289.30,26211.80,26219.80,0,
01_06_2026_09_30,26220.80,26248.70,26198.80,26239.90,0,
01_06_2026_09_35,26238.20,26243.30,26159.00,26223.10,0,
01_06_2026_09_40,26224.60,26272.40,26179.10,26186.80,0,
01_06_2026_09_45,26184.80,26238.80,26180.40,26235.80,0,
01_06_2026_09_50,26235.80,26268.80,26193.20,26207.50,0,
01_06_2026_09_55,26208.50,26218.40,26163.90,26181.40,0,
01_06_2026_10_00,26181.80,26212.10,26129.30,26143.10,0,
01_06_2026_10_05,26142.60,26181.80,26112.40,26180.40,0,
01_06_2026_10_10,26178.40,26215.40,26173.10,26181.70,0,
01_06_2026_10_15,26181.80,26181.80,26141.80,26154.80,0,
01_06_2026_10_20,26153.70,26161.10,26135.80,26145.50,0,
01_06_2026_10_25,26145.20,26184.80,26140.60,26154.90,0,
01_06_2026_10_30,26156.30,26193.10,26148.40,26173.90,0,
01_06_2026_10_35,26173.20,26218.20,26159.80,26201.20,0,
01_06_2026_10_40,26201.80,26225.60,26186.30,26221.00,0,
01_06_2026_10_45,26221.70,26270.80,26221.70,26258.20,0,
01_06_2026_10_50,26258.80,26306.70,26255.20,26296.20,0,
01_06_2026_10_55,26297.10,26320.20,26283.50,26294.80,0,
01_06_2026_11_00,26294.60,26329.80,26294.60,26317.20,0,
01_06_2026_11_05,26316.80,26352.60,26309.60,26352.60,0,
01_06_2026_11_10,26352.40,26368.40,26348.60,26353.70,0,
01_06_2026_11_15,26352.90,26363.00,26344.00,26344.70,0,
01_06_2026_11_20,26343.50,26343.50,26280.80,26284.40,0,
01_06_2026_11_25,26282.60,26286.70,26224.20,26224.70,0,
01_06_2026_11_30,26225.40,26226.00,26183.20,26192.20,0,
01_06_2026_11_35,26191.10,26266.90,26188.30,26263.40,0,
01_06_2026_11_40,26261.70,26266.10,26223.10,26230.80,0,
01_06_2026_11_45,26231.60,26243.80,26201.80,26234.80,0,
01_06_2026_11_50,26231.50,26232.80,26184.70,26193.80,0,
01_06_2026_11_55,26192.10,26211.90,26153.60,26160.90,0,
01_06_2026_12_00,26162.40,26180.30,26142.20,26149.80,0,
01_06_2026_12_05,26149.40,26166.80,26133.60,26136.00,0,
01_06_2026_12_10,26137.80,26160.00,26126.30,26155.80,0,
01_06_2026_12_15,26156.10,26156.10,26095.10,26112.80,0,
01_06_2026_12_20,26112.30,26126.30,26082.10,26124.70,0,
01_06_2026_12_25,26124.60,26129.80,26086.10,26092.20,0,
01_06_2026_12_30,26092.20,26107.70,26076.80,26089.70,0,
01_06_2026_12_35,26089.70,26126.80,26086.70,26107.30,0,
01_06_2026_12_40,26107.40,26112.10,26094.50,26101.70,0,
01_06_2026_12_45,26102.30,26133.60,26097.30,26115.80,0,
01_06_2026_12_50,26115.80,26127.20,26090.40,26108.80,0,
01_06_2026_12_55,26108.60,26112.90,26087.20,26098.20,0,
01_06_2026_13_00,26097.40,26110.40,26083.30,26093.60,0,
01_06_2026_13_05,26091.80,26101.20,26052.00,26054.10,0,
01_06_2026_13_10,26053.10,26054.20,25996.20,26009.40,0,
01_06_2026_13_15,26007.80,26035.40,26007.00,26027.00,0,
01_06_2026_13_20,26025.80,26039.20,26015.60,26026.80,0,
01_06_2026_13_25,26025.30,26080.20,26025.30,26076.20,0,
01_06_2026_13_30,26077.60,26083.60,26062.10,26062.80,0,
01_06_2026_13_35,26062.50,26073.30,26046.10,26066.20,0,
01_06_2026_13_40,26066.10,26070.20,26052.30,26065.10,0,
01_06_2026_13_45,26065.40,26065.40,26032.60,26038.60,0,
01_06_2026_13_50,26038.30,26041.10,26020.20,26026.20,0,
01_06_2026_13_55,26026.50,26039.60,25988.60,26009.70,0,
01_06_2026_14_00,26010.40,26016.10,25991.50,26013.00,0,
01_06_2026_14_05,26011.80,26013.80,25982.80,25994.80,0,
01_06_2026_14_10,25996.00,26006.20,25967.20,25971.20,0,
01_06_2026_14_15,25972.70,26007.60,25951.90,25986.40,0,
01_06_2026_14_20,25977.80,25977.80,25927.60,25937.20,0,
01_06_2026_14_25,25937.30,25954.90,25937.30,25951.00,0,
01_06_2026_14_30,25951.00,25963.10,25918.30,25943.80,0,
01_06_2026_14_35,25944.40,25960.80,25926.90,25956.90,0,
01_06_2026_14_40,25956.30,25982.80,25954.30,25968.90,0,
01_06_2026_14_45,25967.80,25990.80,25934.30,25949.40,0,
01_06_2026_14_50,25950.60,25954.70,25920.10,25929.70,0,
01_06_2026_14_55,25930.00,25931.30,25894.40,25911.80,0,
01_06_2026_15_00,25910.30,25917.40,25852.20,25916.80,0,
01_06_2026_15_05,25918.80,25933.40,25878.20,25921.40,0,
01_06_2026_15_10,25923.30,25943.80,25912.80,25918.60,0,
01_06_2026_15_15,25919.00,25941.10,25872.40,25873.60,0,
01_06_2026_15_20,25872.60,25876.90,25830.20,25846.50,0,
01_06_2026_15_25,25844.70,25904.20,25844.60,25880.60,0,
02_06_2026_09_15,25646.70,25780.30,25581.20,25779.10,0,
02_06_2026_09_20,25779.30,25904.20,25768.60,25861.00,0,
02_06_2026_09_25,25858.70,25863.10,25722.50,25730.40,0,
02_06_2026_09_30,25730.20,25735.30,25677.00,25698.60,0,
02_06_2026_09_35,25701.60,25790.00,25695.70,25757.80,0,
02_06_2026_09_40,25758.70,25780.90,25709.20,25751.60,0,
02_06_2026_09_45,25752.40,25752.40,25681.60,25739.60,0,
02_06_2026_09_50,25738.30,25768.90,25720.50,25746.60,0,
02_06_2026_09_55,25748.40,25761.00,25701.20,25758.70,0,
02_06_2026_10_00,25760.80,25804.90,25729.60,25803.20,0,
02_06_2026_10_05,25804.70,25821.30,25728.70,25748.20,0,
02_06_2026_10_10,25749.30,25785.10,25734.30,25754.70,0,
02_06_2026_10_15,25754.20,25777.10,25706.20,25761.90,0,
02_06_2026_10_20,25762.10,25815.30,25744.90,25806.10,0,
02_06_2026_10_25,25808.20,25873.80,25793.60,25837.70,0,
02_06_2026_10_30,25836.70,25845.00,25776.40,25784.10,0,
02_06_2026_10_35,25782.20,25796.70,25756.80,25772.90,0,
02_06_2026_10_40,25773.20,25794.80,25758.40,25794.60,0,
02_06_2026_10_45,25796.40,25804.40,25750.80,25754.80,0,
02_06_2026_10_50,25754.80,25768.60,25695.50,25702.50,0,
02_06_2026_10_55,25704.70,25705.60,25670.10,25685.80,0,
02_06_2026_11_00,25686.50,25711.10,25684.50,25687.90,0,
02_06_2026_11_05,25689.10,25709.30,25689.10,25702.30,0,
02_06_2026_11_10,25702.70,25742.00,25701.20,25730.10,0,
02_06_2026_11_15,25731.20,25753.80,25706.70,25753.20,0,
02_06_2026_11_20,25752.00,25789.60,25729.30,25789.10,0,
02_06_2026_11_25,25788.80,25791.40,25748.20,25773.80,0,
02_06_2026_11_30,25775.40,25776.70,25753.30,25756.80,0,
02_06_2026_11_35,25753.80,25758.40,25719.90,25719.90,0,
02_06_2026_11_40,25720.30,25751.80,25720.30,25741.80,0,
02_06_2026_11_45,25741.30,25758.00,25733.10,25735.40,0,
02_06_2026_11_50,25735.30,25770.20,25722.10,25763.00,0,
02_06_2026_11_55,25762.00,25762.80,25734.20,25738.50,0,
02_06_2026_12_00,25738.80,25765.70,25728.00,25747.90,0,
02_06_2026_12_05,25748.40,25778.60,25738.70,25772.80,0,
02_06_2026_12_10,25774.90,25793.50,25769.30,25777.30,0,
02_06_2026_12_15,25776.90,25797.00,25772.20,25773.70,0,
02_06_2026_12_20,25773.70,25795.20,25770.50,25791.20,0,
02_06_2026_12_25,25792.60,25812.80,25780.10,25784.40,0,
02_06_2026_12_30,25784.50,25873.60,25779.30,25855.20,0,
02_06_2026_12_35,25855.20,25876.30,25852.10,25868.80,0,
02_06_2026_12_40,25869.40,25926.90,25867.20,25922.30,0,
02_06_2026_12_45,25922.40,25988.20,25917.70,25984.40,0,
02_06_2026_12_50,25984.10,26020.90,25968.90,25986.00,0,
02_06_2026_12_55,25989.70,26049.90,25979.50,26047.70,0,
02_06_2026_13_00,26046.20,26055.80,26023.10,26047.20,0,
02_06_2026_13_05,26047.20,26049.60,26021.30,26026.20,0,
02_06_2026_13_10,26025.80,26070.70,26017.80,26042.60,0,
02_06_2026_13_15,26041.60,26047.70,26012.80,26023.40,0,
02_06_2026_13_20,26021.40,26049.00,26015.20,26048.80,0,
02_06_2026_13_25,26050.60,26079.80,26039.00,26077.20,0,
02_06_2026_13_30,26076.70,26100.90,26072.90,26096.60,0,
02_06_2026_13_35,26098.00,26099.60,26061.70,26066.00,0,
02_06_2026_13_40,26066.20,26067.50,26038.90,26051.70,0,
02_06_2026_13_45,26051.90,26100.30,26051.30,26098.30,0,
02_06_2026_13_50,26097.60,26105.70,26074.10,26077.00,0,
02_06_2026_13_55,26077.40,26087.80,26049.20,26084.20,0,
02_06_2026_14_00,26084.20,26092.30,26053.30,26091.20,0,
02_06_2026_14_05,26091.50,26110.30,26085.80,26110.10,0,
02_06_2026_14_10,26110.00,26135.30,26099.80,26118.20,0,
02_06_2026_14_15,26118.70,26119.70,26080.80,26086.30,0,
02_06_2026_14_20,26085.80,26121.60,26082.00,26104.70,0,
02_06_2026_14_25,26104.50,26108.20,26072.70,26088.90,0,
02_06_2026_14_30,26092.20,26092.20,26066.20,26077.30,0,
02_06_2026_14_35,26078.30,26078.60,26035.20,26035.20,0,
02_06_2026_14_40,26035.50,26037.20,26009.40,26026.90,0,
02_06_2026_14_45,26026.30,26046.10,25995.20,26042.30,0,
02_06_2026_14_50,26044.30,26054.90,26028.20,26037.70,0,
02_06_2026_14_55,26037.90,26064.60,26028.20,26031.00,0,
02_06_2026_15_00,26033.40,26077.30,26002.10,26069.40,0,
02_06_2026_15_05,26069.20,26094.90,26068.20,26079.10,0,
02_06_2026_15_10,26078.30,26086.20,26070.50,26074.10,0,
02_06_2026_15_15,26075.10,26105.50,26072.80,26096.80,0,
02_06_2026_15_20,26096.80,26100.70,26082.90,26088.40,0,
02_06_2026_15_25,26088.60,26110.90,26075.50,26110.80,0,
03_06_2026_09_15,26073.10,26092.60,25881.60,25903.60,0,
03_06_2026_09_20,25906.40,25984.90,25897.70,25984.90,0,
03_06_2026_09_25,25987.90,26020.80,25948.40,26017.20,0,
03_06_2026_09_30,26020.10,26020.10,25945.60,25946.70,0,
03_06_2026_09_35,25948.30,26060.90,25944.60,26050.50,0,
03_06_2026_09_40,26049.80,26082.00,26012.80,26042.50,0,
03_06_2026_09_45,26045.60,26168.60,26041.80,26125.30,0,
03_06_2026_09_50,26127.10,26127.10,26021.00,26022.80,0,
03_06_2026_09_55,26024.00,26026.80,25957.80,25992.40,0,
03_06_2026_10_00,25995.20,26053.80,25975.60,26051.50,0,
03_06_2026_10_05,26054.60,26080.70,26024.20,26028.10,0,
03_06_2026_10_10,26025.10,26025.20,25961.40,25972.20,0,
03_06_2026_10_15,25976.10,26032.90,25966.70,26032.90,0,
03_06_2026_10_20,26033.20,26057.80,26015.20,26019.20,0,
03_06_2026_10_25,26019.60,26026.80,25997.80,26008.10,0,
03_06_2026_10_30,26010.60,26020.90,25940.20,25950.80,0,
03_06_2026_10_35,25951.20,25974.20,25942.70,25965.10,0,
03_06_2026_10_40,25968.20,25979.20,25945.00,25947.10,0,
03_06_2026_10_45,25947.40,25959.60,25924.70,25937.20,0,
03_06_2026_10_50,25940.20,25946.50,25916.30,25923.20,0,
03_06_2026_10_55,25923.50,25932.90,25897.70,25910.80,0,
03_06_2026_11_00,25910.80,25933.00,25900.70,25931.80,0,
03_06_2026_11_05,25930.80,25931.80,25907.70,25916.20,0,
03_06_2026_11_10,25916.30,25933.20,25903.40,25917.80,0,
03_06_2026_11_15,25917.10,25931.80,25903.20,25928.00,0,
03_06_2026_11_20,25928.00,25954.70,25912.80,25930.80,0,
03_06_2026_11_25,25932.80,25939.00,25895.00,25908.80,0,
03_06_2026_11_30,25911.40,25942.90,25906.80,25919.90,0,
03_06_2026_11_35,25920.60,25927.10,25900.80,25911.70,0,
03_06_2026_11_40,25914.80,25964.30,25913.50,25944.60,0,
03_06_2026_11_45,25945.20,25983.80,25939.20,25973.40,0,
03_06_2026_11_50,25976.90,25998.80,25969.40,25997.10,0,
03_06_2026_11_55,25996.80,25997.10,25965.20,25978.00,0,
03_06_2026_12_00,25978.50,25997.90,25950.20,25968.60,0,
03_06_2026_12_05,25970.50,25993.40,25968.60,25983.20,0,
03_06_2026_12_10,25980.00,25982.70,25952.20,25966.20,0,
03_06_2026_12_15,25966.20,25980.40,25956.40,25971.10,0,
03_06_2026_12_20,25971.60,26000.80,25958.20,25961.40,0,
03_06_2026_12_25,25962.10,26007.70,25957.90,26003.10,0,
03_06_2026_12_30,26003.70,26043.90,26001.00,26031.50,0,
03_06_2026_12_35,26031.30,26090.60,26027.10,26070.60,0,
03_06_2026_12_40,26071.20,26098.10,26059.80,26061.30,0,
03_06_2026_12_45,26061.30,26072.80,26019.90,26037.10,0,
03_06_2026_12_50,26038.30,26044.60,25981.60,25983.90,0,
03_06_2026_12_55,25981.70,26007.10,25970.30,25994.60,0,
03_06_2026_13_00,25992.60,26008.30,25987.10,26005.30,0,
03_06_2026_13_05,26005.80,26012.00,25985.40,26003.70,0,
03_06_2026_13_10,26004.60,26023.20,25996.70,26019.40,0,
03_06_2026_13_15,26033.80,26050.40,26027.60,26028.80,0,
03_06_2026_13_20,26028.80,26059.80,26027.00,26048.20,0,
03_06_2026_13_25,26046.90,26068.10,26044.80,26063.20,0,
03_06_2026_13_30,26063.70,26084.00,26051.80,26081.70,0,
03_06_2026_13_35,26081.70,26085.20,26070.20,26075.20,0,
03_06_2026_13_40,26074.80,26110.20,26074.10,26081.40,0,
03_06_2026_13_45,26082.80,26172.00,26082.80,26148.20,0,
03_06_2026_13_50,26149.20,26153.50,26121.90,26138.10,0,
03_06_2026_13_55,26137.90,26138.20,26076.20,26098.10,0,
03_06_2026_14_00,26100.20,26124.00,26091.10,26120.20,0,
03_06_2026_14_05,26119.90,26125.80,26092.70,26095.80,0,
03_06_2026_14_10,26095.90,26103.60,26075.90,26095.30,0,
03_06_2026_14_15,26095.70,26138.20,26080.50,26137.80,0,
03_06_2026_14_20,26137.60,26172.80,26122.80,26168.40,0,
03_06_2026_14_25,26168.80,26194.20,26153.20,26174.60,0,
03_06_2026_14_30,26174.60,26200.30,26168.80,26189.50,0,
03_06_2026_14_35,26191.10,26191.30,26158.80,26174.20,0,
03_06_2026_14_40,26172.90,26205.90,26172.50,26200.70,0,
03_06_2026_14_45,26198.70,26200.50,26163.10,26196.90,0,
03_06_2026_14_50,26197.20,26215.30,26184.70,26200.80,0,
03_06_2026_14_55,26201.40,26204.30,26176.00,26180.80,0,
03_06_2026_15_00,26183.80,26202.40,26083.10,26126.50,0,
03_06_2026_15_05,26128.80,26153.20,26073.20,26076.80,0,
03_06_2026_15_10,26077.60,26082.60,26050.70,26071.60,0,
03_06_2026_15_15,26071.20,26089.90,26066.40,26080.70,0,
03_06_2026_15_20,26080.10,26087.90,26071.10,26082.50,0,
03_06_2026_15_25,26082.60,26088.90,26058.90,26070.80,0,
04_06_2026_09_15,26010.70,26113.30,25897.30,26099.70,0,
04_06_2026_09_20,26097.00,26097.00,26017.40,26046.20,0,
04_06_2026_09_25,26044.40,26079.40,26021.20,26024.10,0,
04_06_2026_09_30,26023.40,26028.80,25967.50,26017.20,0,
04_06_2026_09_35,26014.50,26089.30,26009.70,26047.60,0,
04_06_2026_09_40,26046.20,26109.80,26025.30,26105.10,0,
04_06_2026_09_45,26104.60,26148.90,26103.80,26144.70,0,
04_06_2026_09_50,26141.80,26149.10,26122.30,26142.80,0,
04_06_2026_09_55,26140.80,26197.80,26133.60,26172.90,0,
04_06_2026_10_00,26172.00,26340.20,26159.60,26291.80,0,
04_06_2026_10_05,26293.30,26394.00,26293.10,26372.80,0,
04_06_2026_10_10,26371.70,26447.30,26370.30,26398.40,0,
04_06_2026_10_15,26404.10,26438.80,26368.70,26378.80,0,
04_06_2026_10_20,26379.10,26383.20,26347.70,26380.10,0,
04_06_2026_10_25,26380.20,26384.20,26329.30,26329.90,0,
04_06_2026_10_30,26330.00,26331.20,26249.80,26258.90,0,
04_06_2026_10_35,26259.30,26285.40,26213.50,26224.40,0,
04_06_2026_10_40,26225.20,26269.60,26221.30,26253.40,0,
04_06_2026_10_45,26253.20,26274.70,26231.70,26238.80,0,
04_06_2026_10_50,26240.90,26257.70,26221.40,26248.20,0,
04_06_2026_10_55,26247.60,26287.10,26247.50,26275.10,0,
04_06_2026_11_00,26274.80,26283.80,26215.20,26225.40,0,
04_06_2026_11_05,26225.00,26236.20,26207.70,26221.20,0,
04_06_2026_11_10,26218.10,26247.40,26216.20,26243.80,0,
04_06_2026_11_15,26242.20,26254.10,26215.50,26238.00,0,
04_06_2026_11_20,26239.80,26256.60,26234.30,26252.90,0,
04_06_2026_11_25,26254.40,26262.00,26228.10,26230.30,0,
04_06_2026_11_30,26227.80,26228.60,26170.40,26227.30,0,
04_06_2026_11_35,26226.80,26268.80,26219.80,26267.70,0,
04_06_2026_11_40,26266.80,26271.40,26245.50,26265.20,0,
04_06_2026_11_45,26264.10,26269.30,26244.20,26255.80,0,
04_06_2026_11_50,26257.30,26260.80,26203.60,26203.60,0,
04_06_2026_11_55,26204.70,26246.70,26202.80,26246.30,0,
04_06_2026_12_00,26245.80,26288.10,26243.70,26281.20,0,
04_06_2026_12_05,26281.30,26295.30,26265.90,26267.10,0,
04_06_2026_12_10,26266.70,26289.70,26261.90,26287.30,0,
04_06_2026_12_15,26286.60,26292.50,26246.30,26247.70,0,
04_06_2026_12_20,26247.40,26266.90,26237.10,26262.80,0,
04_06_2026_12_25,26262.80,26265.90,26226.80,26232.90,0,
04_06_2026_12_30,26230.50,26230.60,26179.60,26184.30,0,
04_06_2026_12_35,26182.90,26209.40,26172.80,26202.90,0,
04_06_2026_12_40,26203.00,26234.60,26187.90,26210.70,0,
04_06_2026_12_45,26209.70,26237.60,26192.70,26236.80,0,
04_06_2026_12_50,26235.30,26293.10,26233.60,26292.30,0,
04_06_2026_12_55,26290.80,26307.60,26278.90,26291.80,0,
04_06_2026_13_00,26290.80,26292.80,26268.60,26288.40,0,
04_06_2026_13_05,26288.20,26288.20,26253.10,26261.90,0,
04_06_2026_13_10,26262.30,26262.40,26174.20,26176.30,0,
04_06_2026_13_15,26173.70,26198.90,26151.70,26192.80,0,
04_06_2026_13_20,26192.80,26208.20,26183.80,26201.30,0,
04_06_2026_13_25,26202.40,26210.70,26170.90,26183.70,0,
04_06_2026_13_30,26183.70,26197.00,26168.30,26188.60,0,
04_06_2026_13_35,26189.80,26253.30,26188.90,26252.50,0,
04_06_2026_13_40,26252.20,26268.40,26211.60,26268.20,0,
04_06_2026_13_45,26270.00,26270.00,26240.20,26242.90,0,
04_06_2026_13_50,26243.10,26252.60,26221.20,26247.10,0,
04_06_2026_13_55,26245.70,26249.10,26229.60,26237.60,0,
04_06_2026_14_00,26236.50,26292.60,26235.70,26263.40,0,
04_06_2026_14_05,26264.30,26278.40,26245.50,26267.30,0,
04_06_2026_14_10,26267.30,26285.30,26259.80,26263.10,0,
04_06_2026_14_15,26264.20,26287.30,26234.20,26234.20,0,
04_06_2026_14_20,26233.50,26241.10,26220.60,26228.80,0,
04_06_2026_14_25,26228.50,26231.80,26218.70,26228.20,0,
04_06_2026_14_30,26229.00,26277.10,26225.10,26236.80,0,
04_06_2026_14_35,26237.90,26278.00,26236.50,26270.00,0,
04_06_2026_14_40,26269.40,26271.80,26217.50,26225.90,0,
04_06_2026_14_45,26223.60,26253.30,26215.20,26219.20,0,
04_06_2026_14_50,26219.80,26227.80,26174.80,26174.80,0,
04_06_2026_14_55,26175.30,26203.60,26175.20,26199.60,0,
04_06_2026_15_00,26199.40,26201.70,26111.10,26113.10,0,
04_06_2026_15_05,26114.50,26132.10,26108.90,26125.80,0,
04_06_2026_15_10,26125.20,26143.70,26119.20,26133.40,0,
04_06_2026_15_15,26133.70,26157.90,26127.20,26151.90,0,
04_06_2026_15_20,26151.50,26164.20,26139.50,26160.40,0,
04_06_2026_15_25,26160.10,26198.80,26159.10,26184.20,0,
05_06_2026_09_15,26292.40,26349.90,26236.60,26259.40,0,
05_06_2026_09_20,26258.80,26313.80,26229.60,26240.00,0,
05_06_2026_09_25,26238.90,26256.90,26223.20,26226.90,0,
05_06_2026_09_30,26228.30,26277.70,26217.40,26233.80,0,
05_06_2026_09_35,26234.40,26255.60,26151.30,26209.40,0,
05_06_2026_09_40,26209.80,26238.80,26188.80,26228.70,0,
05_06_2026_09_45,26230.80,26230.80,26166.30,26170.10,0,
05_06_2026_09_50,26168.80,26203.80,26141.90,26185.60,0,
05_06_2026_09_55,26185.60,26185.60,26133.10,26136.20,0,
05_06_2026_10_00,26137.60,26192.30,26118.90,26170.30,0,
05_06_2026_10_05,26168.90,26223.30,26141.10,26217.90,0,
05_06_2026_10_10,26217.20,26237.80,26163.80,26164.20,0,
05_06_2026_10_15,26165.00,26184.00,26149.90,26177.00,0,
05_06_2026_10_20,26178.00,26190.80,26165.90,26175.10,0,
05_06_2026_10_25,26173.10,26176.10,26110.80,26130.40,0,
05_06_2026_10_30,26128.20,26133.30,26096.10,26097.90,0,
05_06_2026_10_35,26096.60,26097.90,26027.20,26035.30,0,
05_06_2026_10_40,26032.80,26037.10,25997.80,26031.70,0,
05_06_2026_10_45,26029.80,26068.80,25998.40,26063.70,0,
05_06_2026_10_50,26061.60,26125.10,26061.60,26113.60,0,
05_06_2026_10_55,26112.20,26155.70,26106.60,26155.40,0,
05_06_2026_11_00,26154.10,26186.20,26142.00,26184.90,0,
05_06_2026_11_05,26184.60,26219.80,26180.80,26214.90,0,
05_06_2026_11_10,26216.20,26221.60,26194.40,26202.00,0,
05_06_2026_11_15,26201.80,26213.10,26182.60,26193.80,0,
05_06_2026_11_20,26193.70,26196.80,26161.80,26179.20,0,
05_06_2026_11_25,26178.70,26184.30,26165.00,26180.60,0,
05_06_2026_11_30,26181.90,26209.20,26180.20,26202.70,0,
05_06_2026_11_35,26201.10,26208.80,26180.90,26201.40,0,
05_06_2026_11_40,26200.90,26215.70,26192.30,26194.50,0,
05_06_2026_11_45,26194.50,26244.20,26191.80,26242.50,0,
05_06_2026_11_50,26242.20,26254.90,26232.20,26243.10,0,
05_06_2026_11_55,26242.90,26243.70,26203.40,26207.10,0,
05_06_2026_12_00,26206.80,26281.20,26205.90,26280.70,0,
05_06_2026_12_05,26281.40,26291.50,26264.40,26270.40,0,
05_06_2026_12_10,26269.90,26273.20,26238.20,26267.70,0,
05_06_2026_12_15,26267.90,26285.00,26255.40,26267.40,0,
05_06_2026_12_20,26266.40,26268.80,26255.20,26261.30,0,
05_06_2026_12_25,26259.80,26275.90,26248.20,26248.80,0,
05_06_2026_12_30,26248.10,26251.90,26216.20,26220.80,0,
05_06_2026_12_35,26220.10,26235.20,26203.20,26226.50,0,
05_06_2026_12_40,26226.10,26226.80,26180.30,26202.60,0,
05_06_2026_12_45,26200.80,26208.50,26178.60,26183.60,0,
05_06_2026_12_50,26182.30,26190.40,26147.20,26177.70,0,
05_06_2026_12_55,26177.00,26185.70,26169.30,26171.80,0,
05_06_2026_13_00,26172.50,26184.10,26163.70,26179.10,0,
05_06_2026_13_05,26179.00,26184.60,26145.00,26162.80,0,
05_06_2026_13_10,26160.70,26171.30,26144.60,26165.30,0,
05_06_2026_13_15,26165.10,26218.70,26153.20,26207.30,0,
05_06_2026_13_20,26207.30,26210.20,26151.30,26160.40,0,
05_06_2026_13_25,26159.70,26166.00,26131.80,26134.80,0,
05_06_2026_13_30,26133.40,26168.50,26110.10,26150.10,0,
05_06_2026_13_35,26150.70,26151.90,26132.70,26136.70,0,
05_06_2026_13_40,26136.90,26139.60,26098.40,26126.90,0,
05_06_2026_13_45,26126.90,26142.80,26115.60,26138.00,0,
05_06_2026_13_50,26137.80,26145.70,26122.70,26127.10,0,
05_06_2026_13_55,26126.10,26139.80,26116.50,26139.40,0,
05_06_2026_14_00,26141.20,26157.80,26134.40,26145.40,0,
05_06_2026_14_05,26143.50,26158.60,26136.40,26142.80,0,
05_06_2026_14_10,26140.10,26146.00,26122.10,26129.80,0,
05_06_2026_14_15,26130.30,26141.50,26122.90,26141.40,0,
05_06_2026_14_20,26140.00,26158.30,26124.50,26155.10,0,
05_06_2026_14_25,26152.30,26185.70,26152.30,26180.80,0,
05_06_2026_14_30,26179.90,26201.80,26174.10,26180.20,0,
05_06_2026_14_35,26180.10,26191.90,26159.80,26178.40,0,
05_06_2026_14_40,26178.70,26269.80,26177.60,26256.60,0,
05_06_2026_14_45,26255.40,26276.20,26199.30,26219.60,0,
05_06_2026_14_50,26219.90,26238.90,26212.20,26232.00,0,
05_06_2026_14_55,26232.60,26233.10,26193.20,26209.60,0,
05_06_2026_15_00,26211.10,26212.80,26153.10,26189.40,0,
05_06_2026_15_05,26189.40,26195.60,26168.20,26172.60,0,
05_06_2026_15_10,26172.80,26174.20,26150.30,26155.50,0,
05_06_2026_15_15,26155.40,26178.80,26145.50,26151.10,0,
05_06_2026_15_20,26149.30,26169.60,26144.40,26167.70,0,
05_06_2026_15_25,26166.90,26172.70,26138.40,26149.40,0,
08_06_2026_09_15,25845.10,25872.00,25715.50,25771.60,0,
08_06_2026_09_20,25773.60,25823.80,25735.20,25802.80,0,
08_06_2026_09_25,25802.10,25867.40,25780.40,25865.40,0,
08_06_2026_09_30,25864.10,25893.80,25830.60,25888.60,0,
08_06_2026_09_35,25888.20,25888.90,25807.20,25816.20,0,
08_06_2026_09_40,25819.20,25838.10,25799.30,25823.50,0,
08_06_2026_09_45,25822.40,25867.60,25801.80,25806.90,0,
08_06_2026_09_50,25806.20,25866.20,25798.70,25865.60,0,
08_06_2026_09_55,25862.20,25900.80,25857.30,25892.20,0,
08_06_2026_10_00,25893.60,25896.30,25856.30,25862.20,0,
08_06_2026_10_05,25855.50,25873.10,25835.30,25858.80,0,
08_06_2026_10_10,25858.40,25858.90,25832.60,25832.60,0,
08_06_2026_10_15,25834.50,25837.20,25811.60,25826.20,0,
08_06_2026_10_20,25828.20,25834.00,25814.30,25820.20,0,
08_06_2026_10_25,25820.10,25831.40,25806.10,25817.00,0,
08_06_2026_10_30,25816.80,25877.70,25813.90,25877.40,0,
08_06_2026_10_35,25874.80,25875.90,25848.00,25858.90,0,
08_06_2026_10_40,25859.80,25869.30,25829.70,25833.30,0,
08_06_2026_10_45,25833.70,25833.70,25810.30,25817.10,0,
08_06_2026_10_50,25817.10,25847.80,25814.40,25827.70,0,
08_06_2026_10_55,25828.10,25848.80,25818.80,25840.90,0,
08_06_2026_11_00,25841.10,25845.20,25826.90,25836.40,0,
08_06_2026_11_05,25837.30,25847.60,25829.10,25840.30,0,
08_06_2026_11_10,25841.40,25861.80,25835.70,25860.10,0,
08_06_2026_11_15,25860.10,25867.20,25834.20,25838.30,0,
08_06_2026_11_20,25838.20,25839.00,25807.20,25809.10,0,
08_06_2026_11_25,25808.10,25818.90,25796.80,25812.20,0,
08_06_2026_11_30,25811.00,25838.30,25807.00,25838.30,0,
08_06_2026_11_35,25836.70,25860.90,25827.10,25858.70,0,
08_06_2026_11_40,25859.30,25902.20,25855.80,25890.80,0,
08_06_2026_11_45,25890.40,25904.70,25881.90,25902.10,0,
08_06_2026_11_50,25902.30,25924.80,25899.60,25923.30,0,
08_06_2026_11_55,25921.90,25926.20,25888.40,25902.70,0,
08_06_2026_12_00,25902.40,25907.90,25873.60,25876.30,0,
08_06_2026_12_05,25877.60,25877.60,25848.80,25860.80,0,
08_06_2026_12_10,25859.40,25896.70,25858.90,25876.00,0,
08_06_2026_12_15,25877.30,25882.90,25865.40,25869.70,0,
08_06_2026_12_20,25869.70,25876.80,25860.30,25876.10,0,
08_06_2026_12_25,25875.80,25879.20,25866.20,25875.10,0,
08_06_2026_12_30,25875.40,25885.10,25859.30,25871.90,0,
08_06_2026_12_35,25873.10,25880.00,25862.50,25869.70,0,
08_06_2026_12_40,25869.20,25879.90,25863.10,25878.00,0,
08_06_2026_12_45,25876.30,25883.50,25865.40,25878.20,0,
08_06_2026_12_50,25878.20,25896.00,25874.00,25879.60,0,
08_06_2026_12_55,25881.90,25889.80,25878.10,25885.60,0,
08_06_2026_13_00,25884.20,25897.90,25881.80,25888.10,0,
08_06_2026_13_05,25888.50,25890.30,25868.60,25878.90,0,
08_06_2026_13_10,25877.80,25878.30,25856.10,25867.90,0,
08_06_2026_13_15,25868.40,25894.60,25867.20,25887.10,0,
08_06_2026_13_20,25885.90,25888.80,25869.50,25876.50,0,
08_06_2026_13_25,25876.20,25878.80,25851.30,25865.60,0,
08_06_2026_13_30,25865.20,25869.20,25835.80,25838.40,0,
08_06_2026_13_35,25838.90,25838.90,25817.20,25826.30,0,
08_06_2026_13_40,25826.30,25827.00,25773.10,25775.90,0,
08_06_2026_13_45,25774.00,25801.50,25749.40,25798.90,0,
08_06_2026_13_50,25799.10,25811.30,25779.80,25784.80,0,
08_06_2026_13_55,25784.30,25789.10,25771.30,25782.20,0,
08_06_2026_14_00,25782.20,25815.30,25781.10,25808.90,0,
08_06_2026_14_05,25808.40,25810.60,25785.80,25791.00,0,
08_06_2026_14_10,25789.30,25798.00,25779.70,25783.80,0,
08_06_2026_14_15,25783.20,25802.50,25769.20,25800.10,0,
08_06_2026_14_20,25799.80,25800.10,25774.00,25779.90,0,
08_06_2026_14_25,25779.70,25779.70,25758.60,25760.80,0,
08_06_2026_14_30,25761.20,25789.80,25761.00,25763.80,0,
08_06_2026_14_35,25764.10,25767.80,25750.30,25758.10,0,
08_06_2026_14_40,25756.90,25783.90,25738.60,25783.30,0,
08_06_2026_14_45,25783.80,25805.70,25773.40,25781.40,0,
08_06_2026_14_50,25781.20,25783.40,25744.00,25750.30,0,
08_06_2026_14_55,25752.30,25781.30,25740.80,25760.20,0,
08_06_2026_15_00,25761.20,25761.20,25640.40,25650.40,0,
08_06_2026_15_05,25651.30,25691.90,25633.80,25680.80,0,
08_06_2026_15_10,25680.00,25715.60,25661.90,25704.10,0,
08_06_2026_15_15,25702.40,25729.40,25679.90,25711.10,0,
08_06_2026_15_20,25709.40,25710.40,25631.40,25638.30,0,
08_06_2026_15_25,25638.10,25654.30,25615.00,25640.80,0,
09_06_2026_09_15,25862.40,25913.10,25807.90,25880.40,0,
09_06_2026_09_20,25878.20,25926.10,25878.20,25926.10,0,
09_06_2026_09_25,25924.80,25948.10,25909.20,25911.00,0,
09_06_2026_09_30,25909.80,25925.10,25888.40,25889.20,0,
09_06_2026_09_35,25887.60,25892.20,25847.20,25879.20,0,
09_06_2026_09_40,25879.80,25894.30,25853.90,25856.80,0,
09_06_2026_09_45,25856.80,25898.40,25855.10,25859.10,0,
09_06_2026_09_50,25858.20,25925.20,25853.40,25921.40,0,
09_06_2026_09_55,25916.80,25931.70,25897.80,25920.50,0,
09_06_2026_10_00,25920.50,25927.70,25882.40,25883.10,0,
09_06_2026_10_05,25882.90,25893.50,25873.70,25890.40,0,
09_06_2026_10_10,25890.60,25904.20,25882.50,25892.40,0,
09_06_2026_10_15,25891.70,25908.40,25880.90,25889.40,0,
09_06_2026_10_20,25889.00,25889.40,25857.90,25871.20,0,
09_06_2026_10_25,25867.90,25885.40,25867.20,25883.20,0,
09_06_2026_10_30,25883.20,25889.20,25872.10,25877.00,0,
09_06_2026_10_35,25876.90,25883.40,25865.80,25879.60,0,
09_06_2026_10_40,25879.10,25936.80,25872.40,25936.80,0,
09_06_2026_10_45,25936.90,25951.80,25927.80,25929.70,0,
09_06_2026_10_50,25929.80,25958.20,25911.70,25956.80,0,
09_06_2026_10_55,25957.10,25986.30,25950.60,25985.40,0,
09_06_2026_11_00,25986.90,26000.90,25982.20,25995.80,0,
09_06_2026_11_05,25996.30,25998.70,25984.00,25988.10,0,
09_06_2026_11_10,25988.40,25991.80,25972.20,25979.60,0,
09_06_2026_11_15,25979.80,25994.80,25976.20,25989.20,0,
09_06_2026_11_20,25989.70,25994.60,25950.20,25960.40,0,
09_06_2026_11_25,25959.70,25978.80,25949.90,25974.10,0,
09_06_2026_11_30,25971.60,25987.20,25971.60,25982.80,0,
09_06_2026_11_35,25982.50,26011.20,25982.10,26008.60,0,
09_06_2026_11_40,26008.80,26018.40,26001.10,26011.70,0,
09_06_2026_11_45,26011.40,26047.90,26009.10,26030.80,0,
09_06_2026_11_50,26030.10,26049.30,26027.20,26040.30,0,
09_06_2026_11_55,26039.40,26050.70,26027.10,26049.50,0,
09_06_2026_12_00,26049.20,26066.00,26049.20,26055.50,0,
09_06_2026_12_05,26055.80,26059.80,26046.30,26047.40,0,
09_06_2026_12_10,26047.60,26055.20,26043.80,26053.60,0,
09_06_2026_12_15,26051.90,26064.90,26049.30,26062.70,0,
09_06_2026_12_20,26061.20,26072.70,26057.30,26067.10,0,
09_06_2026_12_25,26067.30,26081.60,26066.00,26081.30,0,
09_06_2026_12_30,26081.10,26087.40,26068.90,26081.70,0,
09_06_2026_12_35,26084.30,26102.90,26082.40,26095.70,0,
09_06_2026_12_40,26097.30,26115.40,26078.90,26096.30,0,
09_06_2026_12_45,26097.40,26099.80,26080.60,26084.20,0,
09_06_2026_12_50,26084.70,26084.90,26035.20,26035.20,0,
09_06_2026_12_55,26035.30,26035.30,25973.60,25981.70,0,
09_06_2026_13_00,25982.20,26001.20,25980.20,25991.80,0,
09_06_2026_13_05,25991.80,25995.70,25979.50,25983.10,0,
09_06_2026_13_10,25983.70,26012.80,25982.60,26011.40,0,
09_06_2026_13_15,26012.10,26022.10,25993.20,26005.80,0,
09_06_2026_13_20,26005.40,26006.60,25988.10,26001.60,0,
09_06_2026_13_25,26001.70,26014.90,26000.10,26005.30,0,
09_06_2026_13_30,26005.10,26005.50,25974.50,25987.70,0,
09_06_2026_13_35,25987.90,26011.30,25984.30,26009.80,0,
09_06_2026_13_40,26009.90,26023.70,25999.80,26019.30,0,
09_06_2026_13_45,26019.30,26027.00,26011.90,26023.60,0,
09_06_2026_13_50,26023.60,26023.90,26004.40,26011.80,0,
09_06_2026_13_55,26011.80,26017.30,25993.60,26010.20,0,
09_06_2026_14_00,26010.00,26019.30,25997.70,26008.30,0,
09_06_2026_14_05,26008.30,26014.20,26000.90,26010.20,0,
09_06_2026_14_10,26010.10,26018.50,26000.90,26013.40,0,
09_06_2026_14_15,26014.70,26031.40,26008.90,26027.40,0,
09_06_2026_14_20,26027.50,26027.50,26014.20,26021.40,0,
09_06_2026_14_25,26021.90,26040.90,26019.50,26039.60,0,
09_06_2026_14_30,26039.30,26055.80,26028.20,26044.50,0,
09_06_2026_14_35,26046.30,26073.80,26028.60,26069.40,0,
09_06_2026_14_40,26068.80,26080.80,26032.60,26043.90,0,
09_06_2026_14_45,26043.30,26058.30,26031.80,26046.10,0,
09_06_2026_14_50,26043.50,26084.60,26040.70,26084.60,0,
09_06_2026_14_55,26082.60,26099.60,26080.80,26093.70,0,
09_06_2026_15_00,26089.70,26089.70,26005.40,26020.40,0,
09_06_2026_15_05,26021.00,26057.90,26021.00,26053.80,0,
09_06_2026_15_10,26053.40,26056.60,26026.10,26032.10,0,
09_06_2026_15_15,26031.10,26037.80,26019.80,26022.30,0,
09_06_2026_15_20,26020.60,26039.70,25999.60,26008.60,0,
09_06_2026_15_25,26009.20,26035.80,26001.20,26032.00,0,
10_06_2026_09_15,26020.20,26045.30,25940.20,25943.10,0,
10_06_2026_09_20,25945.80,25974.80,25890.60,25970.80,0,
10_06_2026_09_25,25968.60,26010.20,25936.00,26009.70,0,
10_06_2026_09_30,26008.80,26014.90,25947.10,26003.60,0,
10_06_2026_09_35,26004.40,26010.10,25972.30,25996.70,0,
10_06_2026_09_40,25997.20,26046.30,25991.80,26036.90,0,
10_06_2026_09_45,26037.10,26067.10,26009.80,26064.80,0,
10_06_2026_09_50,26067.80,26068.70,25995.70,26016.70,0,
10_06_2026_09_55,26015.30,26017.20,25987.90,25987.90,0,
10_06_2026_10_00,25988.10,25994.20,25964.80,25971.20,0,
10_06_2026_10_05,25967.70,25975.00,25952.70,25956.70,0,
10_06_2026_10_10,25957.70,25969.90,25918.70,25919.50,0,
10_06_2026_10_15,25919.70,25936.00,25894.70,25930.90,0,
10_06_2026_10_20,25929.60,25938.70,25910.60,25922.20,0,
10_06_2026_10_25,25922.50,25943.90,25921.30,25942.90,0,
10_06_2026_10_30,25942.90,25984.40,25941.90,25982.30,0,
10_06_2026_10_35,25982.80,26001.10,25978.10,25980.30,0,
10_06_2026_10_40,25981.00,26007.50,25979.20,25994.80,0,
10_06_2026_10_45,25995.20,26001.10,25973.40,25976.80,0,
10_06_2026_10_50,25977.10,25977.20,25949.30,25955.70,0,
10_06_2026_10_55,25955.40,25970.30,25952.70,25970.30,0,
10_06_2026_11_00,25972.80,25994.70,25947.90,25991.30,0,
10_06_2026_11_05,25990.30,26007.60,25977.20,26000.50,0,
10_06_2026_11_10,25998.70,26012.70,25987.30,25987.80,0,
10_06_2026_11_15,25987.80,25998.10,25978.90,25980.10,0,
10_06_2026_11_20,25980.10,25994.70,25972.00,25990.40,0,
10_06_2026_11_25,25990.40,26007.80,25985.90,25998.60,0,
10_06_2026_11_30,25998.30,26017.00,25977.80,26012.90,0,
10_06_2026_11_35,26013.10,26013.10,25992.50,26005.50,0,
10_06_2026_11_40,26005.40,26027.10,26001.40,26025.50,0,
10_06_2026_11_45,26025.50,26027.20,26007.70,26018.10,0,
10_06_2026_11_50,26018.10,26018.10,25992.10,25997.20,0,
10_06_2026_11_55,25996.80,26006.40,25989.30,25994.20,0,
10_06_2026_12_00,25994.20,26006.10,25980.10,25981.40,0,
10_06_2026_12_05,25981.40,26004.30,25978.30,25997.60,0,
10_06_2026_12_10,25997.60,26026.50,25988.10,26025.70,0,
10_06_2026_12_15,26025.80,26028.20,25998.10,26008.90,0,
10_06_2026_12_20,26007.90,26010.80,25996.80,26002.20,0,
10_06_2026_12_25,26002.70,26046.10,26000.40,26031.70,0,
10_06_2026_12_30,26031.30,26041.80,26027.10,26032.20,0,
10_06_2026_12_35,26033.40,26041.60,26012.90,26018.20,0,
10_06_2026_12_40,26018.10,26018.10,25970.10,25981.20,0,
10_06_2026_12_45,25981.20,25997.60,25967.70,25985.60,0,
10_06_2026_12_50,25985.60,26000.30,25981.80,25995.40,0,
10_06_2026_12_55,25995.20,26005.20,25984.30,26005.20,0,
10_06_2026_13_00,26005.60,26059.10,26005.60,26057.20,0,
10_06_2026_13_05,26057.90,26070.80,26049.80,26058.10,0,
10_06_2026_13_10,26058.10,26083.50,26052.20,26067.40,0,
10_06_2026_13_15,26067.80,26081.80,26059.50,26063.60,0,
10_06_2026_13_20,26063.60,26070.20,26039.20,26039.20,0,
10_06_2026_13_25,26038.90,26077.40,26038.20,26075.40,0,
10_06_2026_13_30,26075.40,26087.20,26060.90,26064.40,0,
10_06_2026_13_35,26064.30,26068.40,26039.90,26041.60,0,
10_06_2026_13_40,26041.70,26057.70,26003.60,26014.70,0,
10_06_2026_13_45,26015.30,26041.50,26013.50,26041.50,0,
10_06_2026_13_50,26040.70,26044.10,26012.00,26015.80,0,
10_06_2026_13_55,26016.00,26032.40,26010.60,26030.20,0,
10_06_2026_14_00,26030.20,26051.10,26015.80,26039.30,0,
10_06_2026_14_05,26040.30,26041.60,26018.70,26021.20,0,
10_06_2026_14_10,26019.50,26023.10,25992.70,25995.20,0,
10_06_2026_14_15,25994.40,26007.20,25982.40,25994.10,0,
10_06_2026_14_20,25994.30,26003.70,25985.20,25991.80,0,
10_06_2026_14_25,25991.90,26009.70,25986.20,25997.70,0,
10_06_2026_14_30,25997.70,26000.80,25965.70,25980.70,0,
10_06_2026_14_35,25980.70,25991.90,25942.40,25942.40,0,
10_06_2026_14_40,25943.40,25961.40,25919.10,25935.60,0,
10_06_2026_14_45,25934.90,25941.90,25902.60,25903.80,0,
10_06_2026_14_50,25903.80,25925.70,25896.80,25911.20,0,
10_06_2026_14_55,25913.30,25913.70,25892.10,25904.40,0,
10_06_2026_15_00,25906.20,25908.80,25847.50,25865.20,0,
10_06_2026_15_05,25864.70,25866.90,25831.70,25853.40,0,
10_06_2026_15_10,25854.90,25855.90,25795.40,25798.60,0,
10_06_2026_15_15,25797.80,25815.80,25759.30,25812.20,0,
10_06_2026_15_20,25814.60,25829.90,25791.70,25816.30,0,
10_06_2026_15_25,25816.20,25836.00,25809.20,25820.60,0,
11_06_2026_09_15,25699.80,25708.60,25516.60,25602.90,0,
11_06_2026_09_20,25601.80,25674.80,25590.80,25591.60,0,
11_06_2026_09_25,25593.90,25652.10,25586.20,25638.00,0,
11_06_2026_09_30,25641.30,25668.80,25618.80,25652.40,0,
11_06_2026_09_35,25651.70,25667.30,25628.80,25646.20,0,
11_06_2026_09_40,25646.00,25651.30,25605.80,25641.80,0,
11_06_2026_09_45,25641.20,25670.20,25628.80,25658.80,0,
11_06_2026_09_50,25660.30,25706.30,25654.20,25681.60,0,
11_06_2026_09_55,25682.40,25683.70,25624.80,25633.20,0,
11_06_2026_10_00,25633.60,25665.30,25630.00,25649.90,0,
11_06_2026_10_05,25650.30,25699.50,25642.20,25691.40,0,
11_06_2026_10_10,25689.70,25689.70,25665.50,25673.60,0,
11_06_2026_10_15,25675.20,25743.80,25669.80,25743.20,0,
11_06_2026_10_20,25745.20,25762.70,25740.40,25759.70,0,
11_06_2026_10_25,25761.40,25767.20,25744.20,25764.00,0,
11_06_2026_10_30,25764.10,25774.30,25734.80,25760.80,0,
11_06_2026_10_35,25760.00,25781.40,25753.30,25778.70,0,
11_06_2026_10_40,25778.20,25801.90,25764.80,25771.20,0,
11_06_2026_10_45,25771.40,25795.40,25762.30,25769.60,0,
11_06_2026_10_50,25768.20,25768.50,25718.40,25729.70,0,
11_06_2026_10_55,25729.70,25742.10,25711.20,25724.10,0,
11_06_2026_11_00,25723.70,25725.80,25677.40,25701.20,0,
11_06_2026_11_05,25697.90,25736.10,25697.90,25727.80,0,
11_06_2026_11_10,25728.80,25736.30,25717.20,25735.80,0,
11_06_2026_11_15,25737.10,25750.60,25723.20,25741.30,0,
11_06_2026_11_20,25741.70,25782.10,25741.70,25771.80,0,
11_06_2026_11_25,25771.60,25808.80,25768.90,25805.10,0,
11_06_2026_11_30,25806.80,25822.10,25788.60,25794.70,0,
11_06_2026_11_35,25794.80,25799.20,25753.90,25774.40,0,
11_06_2026_11_40,25775.80,25793.40,25766.10,25790.60,0,
11_06_2026_11_45,25792.30,25804.20,25780.90,25787.30,0,
11_06_2026_11_50,25787.30,25808.20,25782.90,25804.90,0,
11_06_2026_11_55,25806.10,25830.80,25800.30,25823.60,0,
11_06_2026_12_00,25824.00,25841.60,25824.00,25830.90,0,
11_06_2026_12_05,25831.40,25843.20,25816.00,25841.60,0,
11_06_2026_12_10,25841.40,25878.10,25827.40,25877.90,0,
11_06_2026_12_15,25878.20,25922.20,25878.20,25881.60,0,
11_06_2026_12_20,25882.60,25897.20,25859.40,25887.60,0,
11_06_2026_12_25,25888.70,25910.30,25881.90,25902.10,0,
11_06_2026_12_30,25903.80,25957.50,25903.80,25937.80,0,
11_06_2026_12_35,25939.40,25946.80,25894.30,25902.20,0,
11_06_2026_12_40,25900.80,25901.50,25863.80,25875.20,0,
11_06_2026_12_45,25877.70,25877.70,25840.30,25842.80,0,
11_06_2026_12_50,25843.10,25856.60,25826.00,25831.90,0,
11_06_2026_12_55,25831.20,25884.40,25822.50,25882.80,0,
11_06_2026_13_00,25882.70,25898.80,25865.10,25869.80,0,
11_06_2026_13_05,25869.20,25872.90,25840.20,25840.20,0,
11_06_2026_13_10,25841.30,25849.30,25832.40,25832.40,0,
11_06_2026_13_15,25834.20,25838.80,25817.80,25823.80,0,
11_06_2026_13_20,25823.70,25824.70,25794.90,25812.40,0,
11_06_2026_13_25,25813.60,25818.10,25794.40,25811.70,0,
11_06_2026_13_30,25813.60,25842.20,25813.00,25816.20,0,
11_06_2026_13_35,25818.90,25827.30,25803.80,25806.70,0,
11_06_2026_13_40,25807.30,25814.80,25797.20,25811.70,0,
11_06_2026_13_45,25813.20,25830.80,25806.40,25810.90,0,
11_06_2026_13_50,25814.20,25838.70,25802.20,25836.10,0,
11_06_2026_13_55,25837.20,25857.70,25830.60,25842.40,0,
11_06_2026_14_00,25845.30,25856.20,25838.90,25846.20,0,
11_06_2026_14_05,25846.60,25863.00,25830.70,25846.10,0,
11_06_2026_14_10,25846.40,25866.50,25837.50,25859.20,0,
11_06_2026_14_15,25859.60,25861.30,25841.40,25857.70,0,
11_06_2026_14_20,25857.20,25865.30,25848.70,25854.00,0,
11_06_2026_14_25,25855.50,25905.60,25854.10,25895.20,0,
11_06_2026_14_30,25895.20,25895.40,25858.00,25860.40,0,
11_06_2026_14_35,25863.70,25869.80,25824.80,25838.10,0,
11_06_2026_14_40,25840.00,25847.10,25827.30,25830.20,0,
11_06_2026_14_45,25832.10,25832.80,25791.40,25802.40,0,
11_06_2026_14_50,25803.30,25806.30,25783.40,25801.30,0,
11_06_2026_14_55,25801.70,25816.70,25785.20,25808.90,0,
11_06_2026_15_00,25810.10,25829.20,25764.70,25766.80,0,
11_06_2026_15_05,25765.80,25788.60,25760.90,25787.90,0,
11_06_2026_15_10,25788.10,25818.60,25782.30,25810.40,0,
11_06_2026_15_15,25810.20,25816.10,25786.30,25793.90,0,
11_06_2026_15_20,25791.80,25801.20,25774.20,25800.70,0,
11_06_2026_15_25,25797.80,25837.20,25792.10,25834.80,0,
12_06_2026_09_15,26123.70,26305.70,26089.20,26219.30,0,
12_06_2026_09_20,26223.60,26322.00,26219.10,26258.70,0,
12_06_2026_09_25,26262.10,26269.70,26215.20,26240.40,0,
12_06_2026_09_30,26241.30,26263.30,26165.00,26179.40,0,
12_06_2026_09_35,26177.20,26184.40,26135.70,26143.40,0,
12_06_2026_09_40,26142.80,26146.60,26066.90,26078.20,0,
12_06_2026_09_45,26079.20,26097.10,26045.50,26089.30,0,
12_06_2026_09_50,26088.60,26107.20,26044.00,26046.60,0,
12_06_2026_09_55,26049.40,26054.10,25981.20,25983.70,0,
12_06_2026_10_00,25985.80,26006.80,25958.50,26006.50,0,
12_06_2026_10_05,26007.30,26048.10,26004.70,26047.70,0,
12_06_2026_10_10,26046.40,26054.90,26007.10,26012.80,0,
12_06_2026_10_15,26014.10,26024.10,25993.80,25994.10,0,
12_06_2026_10_20,25996.80,26022.80,25988.00,26007.60,0,
12_06_2026_10_25,26009.20,26032.90,25988.60,25991.80,0,
12_06_2026_10_30,25991.60,25997.90,25953.40,25958.40,0,
12_06_2026_10_35,25958.30,25971.60,25938.30,25969.60,0,
12_06_2026_10_40,25971.20,25972.30,25940.20,25942.50,0,
12_06_2026_10_45,25943.60,25947.80,25907.50,25921.80,0,
12_06_2026_10_50,25922.90,25943.80,25910.50,25943.80,0,
12_06_2026_10_55,25944.60,25951.10,25933.60,25937.90,0,
12_06_2026_11_00,25938.50,25950.60,25929.40,25948.10,0,
12_06_2026_11_05,25950.20,25960.20,25943.10,25953.20,0,
12_06_2026_11_10,25953.20,25994.20,25947.90,25984.80,0,
12_06_2026_11_15,25985.80,25987.50,25954.80,25959.70,0,
12_06_2026_11_20,25958.80,25965.40,25947.80,25963.70,0,
12_06_2026_11_25,25965.00,25966.40,25912.00,25914.40,0,
12_06_2026_11_30,25914.20,25940.20,25913.50,25932.60,0,
12_06_2026_11_35,25934.20,25955.10,25928.80,25950.20,0,
12_06_2026_11_40,25950.40,25968.70,25934.40,25963.70,0,
12_06_2026_11_45,25964.90,25964.90,25948.90,25956.70,0,
12_06_2026_11_50,25957.90,25959.70,25926.90,25944.30,0,
12_06_2026_11_55,25944.60,25953.20,25914.80,25919.80,0,
12_06_2026_12_00,25919.00,25944.50,25912.30,25937.10,0,
12_06_2026_12_05,25938.10,25939.60,25910.80,25913.50,0,
12_06_2026_12_10,25913.60,25918.80,25893.00,25913.20,0,
12_06_2026_12_15,25913.20,25918.60,25902.50,25905.20,0,
12_06_2026_12_20,25906.60,25948.40,25905.70,25947.10,0,
12_06_2026_12_25,25947.00,25953.70,25941.30,25949.20,0,
12_06_2026_12_30,25948.60,25949.90,25932.60,25936.90,0,
12_06_2026_12_35,25937.00,25940.10,25899.40,25907.90,0,
12_06_2026_12_40,25909.20,25909.60,25882.70,25888.20,0,
12_06_2026_12_45,25888.70,25901.40,25880.20,25896.20,0,
12_06_2026_12_50,25896.70,25907.70,25887.30,25904.80,0,
12_06_2026_12_55,25906.70,25906.70,25877.50,25894.90,0,
12_06_2026_13_00,25895.00,25908.70,25889.10,25905.90,0,
12_06_2026_13_05,25906.70,25924.40,25902.60,25922.30,0,
12_06_2026_13_10,25923.10,25950.40,25905.30,25917.10,0,
12_06_2026_13_15,25916.40,25934.70,25909.30,25922.60,0,
12_06_2026_13_20,25921.30,25925.80,25905.40,25906.40,0,
12_06_2026_13_25,25909.90,25988.40,25891.40,25967.60,0,
12_06_2026_13_30,25968.30,26003.30,25957.60,25997.20,0,
12_06_2026_13_35,25999.40,26039.90,25997.70,26036.50,0,
12_06_2026_13_40,26036.70,26060.60,26031.80,26057.80,0,
12_06_2026_13_45,26056.10,26085.80,26037.20,26069.50,0,
12_06_2026_13_50,26071.90,26089.30,26049.80,26083.60,0,
12_06_2026_13_55,26082.80,26129.30,26079.60,26126.40,0,
12_06_2026_14_00,26128.20,26138.10,26119.40,26126.30,0,
12_06_2026_14_05,26126.10,26141.30,26111.80,26141.10,0,
12_06_2026_14_10,26141.50,26168.60,26135.90,26154.10,0,
12_06_2026_14_15,26154.90,26163.60,26143.20,26160.30,0,
12_06_2026_14_20,26158.90,26195.20,26155.30,26188.90,0,
12_06_2026_14_25,26192.30,26228.80,26189.30,26223.20,0,
12_06_2026_14_30,26220.60,26247.40,26214.00,26238.00,0,
12_06_2026_14_35,26240.20,26253.30,26222.40,26251.40,0,
12_06_2026_14_40,26252.60,26278.60,26246.90,26252.50,0,
12_06_2026_14_45,26253.10,26268.60,26247.60,26266.80,0,
12_06_2026_14_50,26267.40,26282.30,26254.10,26275.40,0,
12_06_2026_14_55,26275.20,26289.10,26270.80,26273.40,0,
12_06_2026_15_00,26273.20,26302.20,26228.50,26300.30,0,
12_06_2026_15_05,26299.20,26319.50,26289.80,26302.60,0,
12_06_2026_15_10,26301.60,26301.60,26270.10,26293.40,0,
12_06_2026_15_15,26292.10,26320.10,26272.60,26301.10,0,
12_06_2026_15_20,26301.40,26314.60,26289.20,26301.70,0,
12_06_2026_15_25,26305.00,26313.10,26280.20,26289.10,0,
15_06_2026_09_15,26675.30,26852.10,26650.40,26809.50,0,
15_06_2026_09_20,26809.70,26827.80,26783.40,26798.80,0,
15_06_2026_09_25,26796.60,26808.40,26732.10,26797.90,0,
15_06_2026_09_30,26796.80,26855.40,26777.10,26854.20,0,
15_06_2026_09_35,26853.90,26906.00,26849.80,26863.40,0,
15_06_2026_09_40,26862.20,26916.90,26861.70,26914.60,0,
15_06_2026_09_45,26914.70,26969.40,26900.30,26936.40,0,
15_06_2026_09_50,26933.30,27027.30,26929.40,27008.20,0,
15_06_2026_09_55,27009.30,27028.40,26954.80,26964.80,0,
15_06_2026_10_00,26965.30,26996.40,26956.80,26993.30,0,
15_06_2026_10_05,26992.70,26996.10,26950.80,26978.30,0,
15_06_2026_10_10,26975.70,26979.40,26938.50,26955.20,0,
15_06_2026_10_15,26955.90,26972.70,26940.80,26970.70,0,
15_06_2026_10_20,26969.60,26998.00,26964.60,26990.20,0,
15_06_2026_10_25,26991.40,27013.80,26983.70,27009.20,0,
15_06_2026_10_30,27010.10,27039.60,26991.20,27036.50,0,
15_06_2026_10_35,27036.50,27043.30,27023.10,27035.30,0,
15_06_2026_10_40,27037.80,27060.10,27035.30,27038.90,0,
15_06_2026_10_45,27039.00,27050.90,27033.30,27047.20,0,
15_06_2026_10_50,27049.20,27091.10,27046.90,27067.90,0,
15_06_2026_10_55,27070.50,27070.60,27048.80,27063.90,0,
15_06_2026_11_00,27062.40,27066.30,27020.90,27036.80,0,
15_06_2026_11_05,27036.80,27051.60,27024.40,27048.90,0,
15_06_2026_11_10,27050.10,27065.40,27040.50,27063.20,0,
15_06_2026_11_15,27062.40,27070.80,27051.70,27062.10,0,
15_06_2026_11_20,27062.60,27062.60,27045.80,27053.70,0,
15_06_2026_11_25,27053.40,27080.80,27053.40,27075.90,0,
15_06_2026_11_30,27075.90,27082.60,27044.10,27049.30,0,
15_06_2026_11_35,27047.80,27071.20,27047.80,27062.20,0,
15_06_2026_11_40,27062.10,27064.30,27043.00,27051.10,0,
15_06_2026_11_45,27048.80,27074.10,27041.10,27073.70,0,
15_06_2026_11_50,27073.80,27116.40,27068.60,27110.90,0,
15_06_2026_11_55,27111.70,27119.60,27080.90,27089.40,0,
15_06_2026_12_00,27088.80,27095.50,27058.50,27060.80,0,
15_06_2026_12_05,27061.10,27062.70,27036.10,27045.90,0,
15_06_2026_12_10,27048.20,27054.80,27022.80,27034.90,0,
15_06_2026_12_15,27036.00,27045.20,27005.30,27034.90,0,
15_06_2026_12_20,27035.40,27062.80,27028.80,27054.60,0,
15_06_2026_12_25,27055.80,27055.80,27017.80,27023.10,0,
15_06_2026_12_30,27022.80,27065.00,27019.60,27062.90,0,
15_06_2026_12_35,27062.60,27068.80,27028.00,27030.80,0,
15_06_2026_12_40,27030.50,27030.50,27001.80,27020.40,0,
15_06_2026_12_45,27021.40,27036.30,27014.60,27032.40,0,
15_06_2026_12_50,27032.30,27045.90,27023.50,27030.20,0,
15_06_2026_12_55,27030.00,27051.90,27028.30,27050.60,0,
15_06_2026_13_00,27051.70,27053.60,27040.20,27042.30,0,
15_06_2026_13_05,27042.80,27065.10,27034.80,27064.80,0,
15_06_2026_13_10,27065.20,27090.80,27061.00,27076.70,0,
15_06_2026_13_15,27076.20,27076.70,27060.00,27069.30,0,
15_06_2026_13_20,27067.90,27089.40,27066.20,27079.20,0,
15_06_2026_13_25,27079.00,27094.30,27073.20,27086.00,0,
15_06_2026_13_30,27087.30,27102.00,27080.50,27097.70,0,
15_06_2026_13_35,27098.20,27102.50,27081.30,27095.20,0,
15_06_2026_13_40,27095.30,27097.70,27079.60,27088.70,0,
15_06_2026_13_45,27089.20,27110.70,27082.90,27110.30,0,
15_06_2026_13_50,27112.20,27118.90,27078.40,27095.80,0,
15_06_2026_13_55,27095.20,27119.10,27090.90,27116.40,0,
15_06_2026_14_00,27113.80,27125.80,27109.60,27111.40,0,
15_06_2026_14_05,27111.40,27114.40,27102.80,27106.00,0,
15_06_2026_14_10,27108.20,27114.20,27096.40,27107.10,0,
15_06_2026_14_15,27105.30,27108.00,27090.70,27096.80,0,
15_06_2026_14_20,27097.10,27109.90,27085.60,27109.10,0,
15_06_2026_14_25,27109.70,27112.70,27103.90,27107.20,0,
15_06_2026_14_30,27106.80,27116.90,27105.80,27112.10,0,
15_06_2026_14_35,27112.20,27127.40,27112.20,27118.60,0,
15_06_2026_14_40,27119.70,27120.80,27074.70,27082.70,0,
15_06_2026_14_45,27084.10,27086.30,27053.80,27053.80,0,
15_06_2026_14_50,27053.80,27074.10,27029.70,27051.50,0,
15_06_2026_14_55,27050.80,27055.20,27018.40,27033.20,0,
15_06_2026_15_00,27032.60,27038.20,26958.30,26990.20,0,
15_06_2026_15_05,26989.80,26992.20,26955.90,26971.40,0,
15_06_2026_15_10,26971.00,26984.50,26943.10,26982.70,0,
15_06_2026_15_15,26982.30,27005.60,26973.40,26989.90,0,
15_06_2026_15_20,26990.70,27004.20,26971.00,26983.80,0,
15_06_2026_15_25,26984.30,26985.80,26952.40,26981.20,0,
16_06_2026_09_15,27125.40,27125.40,27016.90,27046.60,0,
16_06_2026_09_20,27047.10,27053.60,27011.10,27031.70,0,
16_06_2026_09_25,27032.30,27048.40,27015.30,27044.30,0,
16_06_2026_09_30,27046.20,27049.60,26985.90,26995.30,0,
16_06_2026_09_35,26993.90,27007.80,26966.10,26979.20,0,
16_06_2026_09_40,26978.80,26988.00,26962.30,26985.20,0,
16_06_2026_09_45,26984.80,27009.90,26973.50,26979.60,0,
16_06_2026_09_50,26980.80,26984.60,26934.80,26971.40,0,
16_06_2026_09_55,26973.10,26974.80,26939.00,26939.80,0,
16_06_2026_10_00,26940.90,26944.50,26875.80,26895.20,0,
16_06_2026_10_05,26895.80,26900.20,26881.50,26886.20,0,
16_06_2026_10_10,26885.30,26909.10,26879.40,26902.90,0,
16_06_2026_10_15,26902.60,26911.90,26891.20,26901.90,0,
16_06_2026_10_20,26900.60,26943.70,26899.90,26910.80,0,
16_06_2026_10_25,26910.40,26924.40,26902.20,26923.70,0,
16_06_2026_10_30,26923.40,26937.90,26906.30,26936.40,0,
16_06_2026_10_35,26936.50,26978.40,26935.80,26970.20,0,
16_06_2026_10_40,26972.30,26973.90,26951.90,26966.60,0,
16_06_2026_10_45,26966.20,26978.00,26964.90,26972.40,0,
16_06_2026_10_50,26973.20,26974.90,26960.80,26964.10,0,
16_06_2026_10_55,26964.70,26967.20,26948.20,26948.20,0,
16_06_2026_11_00,26949.20,26952.00,26924.40,26925.40,0,
16_06_2026_11_05,26925.60,26935.20,26907.00,26911.80,0,
16_06_2026_11_10,26910.00,26917.60,26894.80,26907.80,0,
16_06_2026_11_15,26907.30,26921.20,26904.90,26907.00,0,
16_06_2026_11_20,26906.70,26923.60,26904.30,26923.60,0,
16_06_2026_11_25,26923.30,26931.30,26900.60,26908.30,0,
16_06_2026_11_30,26908.20,26922.20,26907.40,26917.40,0,
16_06_2026_11_35,26917.80,26920.20,26892.90,26893.20,0,
16_06_2026_11_40,26892.20,26895.40,26878.90,26887.10,0,
16_06_2026_11_45,26885.30,26907.80,26882.80,26906.90,0,
16_06_2026_11_50,26906.40,26922.80,26905.20,26921.90,0,
16_06_2026_11_55,26921.40,26923.30,26899.00,26915.70,0,
16_06_2026_12_00,26913.80,26917.10,26888.50,26893.20,0,
16_06_2026_12_05,26894.20,26909.90,26892.70,26901.00,0,
16_06_2026_12_10,26900.00,26902.00,26889.40,26894.80,0,
16_06_2026_12_15,26893.10,26893.20,26857.30,26866.40,0,
16_06_2026_12_20,26866.60,26884.90,26851.80,26878.70,0,
16_06_2026_12_25,26877.40,26896.20,26871.70,26896.10,0,
16_06_2026_12_30,26895.20,26915.40,26894.00,26909.50,0,
16_06_2026_12_35,26909.20,26911.90,26891.70,26897.20,0,
16_06_2026_12_40,26896.60,26896.70,26864.40,26877.90,0,
16_06_2026_12_45,26878.30,26878.30,26861.30,26872.90,0,
16_06_2026_12_50,26872.40,26874.60,26850.90,26861.20,0,
16_06_2026_12_55,26861.10,26880.80,26854.80,26870.30,0,
16_06_2026_13_00,26870.20,26877.80,26857.10,26865.30,0,
16_06_2026_13_05,26865.30,26891.90,26864.90,26891.70,0,
16_06_2026_13_10,26891.80,26912.00,26890.50,26902.90,0,
16_06_2026_13_15,26902.70,26923.40,26891.50,26895.10,0,
16_06_2026_13_20,26896.70,26918.30,26892.30,26900.30,0,
16_06_2026_13_25,26899.40,26906.50,26890.20,26902.20,0,
16_06_2026_13_30,26902.20,26903.70,26877.10,26885.30,0,
16_06_2026_13_35,26885.10,26900.80,26881.50,26895.20,0,
16_06_2026_13_40,26895.60,26910.50,26890.60,26908.30,0,
16_06_2026_13_45,26907.80,26915.40,26902.20,26914.00,0,
16_06_2026_13_50,26913.80,26920.20,26898.10,26912.70,0,
16_06_2026_13_55,26912.70,26937.70,26911.20,26926.40,0,
16_06_2026_14_00,26927.20,26943.50,26927.20,26942.60,0,
16_06_2026_14_05,26942.10,26954.80,26941.60,26954.60,0,
16_06_2026_14_10,26954.60,26974.70,26952.90,26971.50,0,
16_06_2026_14_15,26971.40,26980.80,26963.10,26976.30,0,
16_06_2026_14_20,26975.90,26977.30,26937.20,26945.00,0,
16_06_2026_14_25,26945.20,26946.60,26935.80,26939.70,0,
16_06_2026_14_30,26940.30,26945.70,26924.10,26935.50,0,
16_06_2026_14_35,26935.80,26939.60,26915.80,26938.50,0,
16_06_2026_14_40,26938.60,26938.70,26888.80,26889.80,0,
16_06_2026_14_45,26889.80,26912.70,26886.20,26911.60,0,
16_06_2026_14_50,26911.80,26943.60,26905.70,26940.60,0,
16_06_2026_14_55,26941.60,26943.50,26918.80,26933.40,0,
16_06_2026_15_00,26932.40,26943.60,26898.20,26900.20,0,
16_06_2026_15_05,26899.80,26903.70,26884.60,26889.20,0,
16_06_2026_15_10,26889.90,26893.90,26881.40,26888.60,0,
16_06_2026_15_15,26889.20,26891.90,26880.60,26884.70,0,
16_06_2026_15_20,26884.50,26897.60,26876.60,26878.70,0,
16_06_2026_15_25,26879.40,26897.80,26871.90,26878.40,0,
17_06_2026_09_15,26969.80,26984.30,26819.40,26843.10,0,
17_06_2026_09_20,26843.50,26845.80,26793.40,26817.70,0,
17_06_2026_09_25,26813.30,26912.60,26797.60,26910.60,0,
17_06_2026_09_30,26910.70,26928.70,26869.30,26879.60,0,
17_06_2026_09_35,26878.40,26934.10,26872.30,26930.80,0,
17_06_2026_09_40,26928.90,26967.40,26911.90,26964.60,0,
17_06_2026_09_45,26964.70,26986.20,26963.30,26976.20,0,
17_06_2026_09_50,26977.50,26985.70,26960.40,26964.20,0,
17_06_2026_09_55,26964.70,26964.70,26940.80,26947.20,0,
17_06_2026_10_00,26949.10,26951.30,26902.90,26908.80,0,
17_06_2026_10_05,26908.90,26939.20,26898.70,26939.20,0,
17_06_2026_10_10,26937.90,26965.20,26937.90,26946.90,0,
17_06_2026_10_15,26948.70,26972.10,26943.90,26971.20,0,
17_06_2026_10_20,26971.70,26974.10,26963.40,26969.80,0,
17_06_2026_10_25,26972.80,26973.50,26937.70,26939.30,0,
17_06_2026_10_30,26939.80,26946.20,26935.40,26946.20,0,
17_06_2026_10_35,26947.00,26948.20,26922.20,26928.80,0,
17_06_2026_10_40,26927.60,26938.80,26919.30,26932.00,0,
17_06_2026_10_45,26932.00,26932.70,26893.40,26905.60,0,
17_06_2026_10_50,26906.10,26913.20,26896.90,26898.60,0,
17_06_2026_10_55,26898.60,26924.40,26888.10,26905.30,0,
17_06_2026_11_00,26906.40,26915.20,26895.50,26897.40,0,
17_06_2026_11_05,26898.60,26900.20,26879.10,26883.80,0,
17_06_2026_11_10,26884.10,26897.80,26871.90,26897.60,0,
17_06_2026_11_15,26897.90,26907.20,26891.40,26892.20,0,
17_06_2026_11_20,26891.30,26901.30,26881.60,26883.50,0,
17_06_2026_11_25,26883.50,26888.90,26872.60,26875.20,0,
17_06_2026_11_30,26875.20,26911.10,26873.30,26910.20,0,
17_06_2026_11_35,26909.80,26910.40,26861.50,26862.40,0,
17_06_2026_11_40,26865.10,26892.30,26852.60,26887.70,0,
17_06_2026_11_45,26887.90,26898.20,26864.40,26870.20,0,
17_06_2026_11_50,26870.90,26886.10,26867.20,26879.70,0,
17_06_2026_11_55,26880.10,26898.10,26865.00,26866.50,0,
17_06_2026_12_00,26866.80,26869.40,26843.20,26856.10,0,
17_06_2026_12_05,26855.80,26887.90,26855.80,26874.10,0,
17_06_2026_12_10,26874.20,26886.10,26872.80,26876.40,0,
17_06_2026_12_15,26876.40,26876.40,26827.10,26844.20,0,
17_06_2026_12_20,26844.00,26846.60,26829.60,26830.40,0,
17_06_2026_12_25,26829.40,26830.50,26813.10,26818.60,0,
17_06_2026_12_30,26818.20,26818.90,26775.30,26776.30,0,
17_06_2026_12_35,26778.70,26787.70,26765.90,26767.30,0,
17_06_2026_12_40,26766.80,26778.60,26754.30,26773.40,0,
17_06_2026_12_45,26773.80,26773.80,26748.10,26761.80,0,
17_06_2026_12_50,26761.70,26765.70,26744.80,26748.40,0,
17_06_2026_12_55,26748.10,26752.10,26733.80,26743.60,0,
17_06_2026_13_00,26743.10,26749.70,26708.90,26712.90,0,
17_06_2026_13_05,26711.60,26712.90,26623.80,26625.80,0,
17_06_2026_13_10,26626.20,26671.40,26620.70,26630.80,0,
17_06_2026_13_15,26631.10,26673.80,26622.00,26666.50,0,
17_06_2026_13_20,26665.20,26694.20,26661.40,26678.90,0,
17_06_2026_13_25,26678.20,26707.20,26674.50,26692.60,0,
17_06_2026_13_30,26692.40,26710.30,26690.20,26708.00,0,
17_06_2026_13_35,26708.00,26722.00,26700.70,26722.00,0,
17_06_2026_13_40,26721.20,26736.50,26703.20,26734.60,0,
17_06_2026_13_45,26734.60,26744.60,26642.60,26674.80,0,
17_06_2026_13_50,26675.10,26675.10,26573.80,26616.90,0,
17_06_2026_13_55,26617.30,26649.80,26599.20,26601.80,0,
17_06_2026_14_00,26604.30,26614.80,26548.70,26567.80,0,
17_06_2026_14_05,26567.50,26598.70,26549.70,26587.10,0,
17_06_2026_14_10,26583.90,26619.80,26583.90,26616.90,0,
17_06_2026_14_15,26617.70,26628.40,26602.70,26627.10,0,
17_06_2026_14_20,26626.90,26628.70,26605.90,26611.60,0,
17_06_2026_14_25,26613.10,26613.10,26590.10,26594.90,0,
17_06_2026_14_30,26594.40,26604.80,26563.30,26588.80,0,
17_06_2026_14_35,26589.60,26625.20,26586.30,26622.80,0,
17_06_2026_14_40,26623.10,26634.10,26616.90,26628.60,0,
17_06_2026_14_45,26629.30,26659.60,26619.70,26646.20,0,
17_06_2026_14_50,26646.90,26654.60,26629.20,26647.90,0,
17_06_2026_14_55,26648.40,26702.80,26643.20,26701.20,0,
17_06_2026_15_00,26701.40,26766.10,26699.80,26749.00,0,
17_06_2026_15_05,26748.80,26754.70,26728.60,26736.50,0,
17_06_2026_15_10,26738.30,26738.30,26711.10,26711.70,0,
17_06_2026_15_15,26711.20,26721.50,26702.20,26709.90,0,
17_06_2026_15_20,26709.60,26715.60,26699.00,26712.00,0,
17_06_2026_15_25,26711.20,26718.80,26696.40,26716.80,0,
18_06_2026_09_15,26781.90,26840.30,26728.20,26767.10,0,
18_06_2026_09_20,26766.60,26795.20,26748.80,26751.70,0,
18_06_2026_09_25,26752.90,26785.80,26749.40,26772.90,0,
18_06_2026_09_30,26774.40,26805.90,26751.40,26768.80,0,
18_06_2026_09_35,26769.30,26793.90,26734.50,26791.70,0,
18_06_2026_09_40,26789.20,26831.60,26782.10,26806.20,0,
18_06_2026_09_45,26806.30,26817.20,26790.80,26793.80,0,
18_06_2026_09_50,26794.80,26809.80,26784.60,26805.00,0,
18_06_2026_09_55,26806.80,26842.80,26803.60,26837.40,0,
18_06_2026_10_00,26837.80,26843.30,26813.70,26822.70,0,
18_06_2026_10_05,26824.10,26826.40,26810.40,26820.70,0,
18_06_2026_10_10,26820.00,26820.90,26780.80,26788.60,0,
18_06_2026_10_15,26787.90,26793.50,26771.80,26780.90,0,
18_06_2026_10_20,26780.50,26797.20,26777.70,26791.40,0,
18_06_2026_10_25,26789.20,26791.70,26770.70,26776.20,0,
18_06_2026_10_30,26775.60,26785.50,26759.30,26783.60,0,
18_06_2026_10_35,26783.80,26798.60,26765.40,26766.10,0,
18_06_2026_10_40,26764.20,26785.70,26750.40,26779.60,0,
18_06_2026_10_45,26779.00,26808.80,26776.90,26780.30,0,
18_06_2026_10_50,26779.80,26780.80,26759.10,26759.70,0,
18_06_2026_10_55,26759.80,26766.80,26748.70,26762.20,0,
18_06_2026_11_00,26761.70,26763.10,26740.10,26754.90,0,
18_06_2026_11_05,26754.40,26755.00,26737.10,26752.60,0,
18_06_2026_11_10,26751.70,26753.10,26710.80,26717.20,0,
18_06_2026_11_15,26716.70,26717.40,26687.20,26705.70,0,
18_06_2026_11_20,26706.20,26712.70,26673.90,26711.40,0,
18_06_2026_11_25,26710.80,26716.30,26699.90,26701.20,0,
18_06_2026_11_30,26700.90,26709.50,26691.20,26709.10,0,
18_06_2026_11_35,26708.80,26708.80,26669.80,26673.20,0,
18_06_2026_11_40,26673.20,26680.80,26662.70,26676.90,0,
18_06_2026_11_45,26676.70,26682.30,26663.00,26664.30,0,
18_06_2026_11_50,26663.80,26676.80,26654.20,26676.30,0,
18_06_2026_11_55,26674.20,26693.60,26674.20,26686.20,0,
18_06_2026_12_00,26686.20,26702.20,26682.70,26689.70,0,
18_06_2026_12_05,26688.80,26696.60,26677.60,26679.70,0,
18_06_2026_12_10,26679.60,26692.80,26670.30,26692.80,0,
18_06_2026_12_15,26691.30,26731.20,26690.20,26724.20,0,
18_06_2026_12_20,26723.20,26733.20,26716.10,26724.10,0,
18_06_2026_12_25,26723.30,26742.10,26720.20,26739.70,0,
18_06_2026_12_30,26739.70,26748.80,26731.20,26741.50,0,
18_06_2026_12_35,26740.90,26742.40,26710.30,26719.80,0,
18_06_2026_12_40,26719.30,26720.70,26697.30,26704.20,0,
18_06_2026_12_45,26703.20,26715.00,26701.00,26707.00,0,
18_06_2026_12_50,26706.50,26711.90,26696.90,26707.40,0,
18_06_2026_12_55,26705.70,26731.90,26704.40,26728.20,0,
18_06_2026_13_00,26727.20,26730.30,26721.80,26725.70,0,
18_06_2026_13_05,26725.60,26737.90,26718.50,26730.90,0,
18_06_2026_13_10,26728.80,26732.20,26718.70,26726.90,0,
18_06_2026_13_15,26727.30,26736.70,26705.30,26709.60,0,
18_06_2026_13_20,26710.40,26714.70,26698.30,26701.90,0,
18_06_2026_13_25,26706.20,26710.30,26690.30,26706.20,0,
18_06_2026_13_30,26707.50,26735.40,26702.80,26730.40,0,
18_06_2026_13_35,26730.40,26735.40,26720.30,26725.60,0,
18_06_2026_13_40,26725.20,26728.30,26714.20,26717.60,0,
18_06_2026_13_45,26717.50,26726.80,26712.00,26719.20,0,
18_06_2026_13_50,26717.90,26719.30,26703.20,26708.40,0,
18_06_2026_13_55,26707.80,26712.90,26701.20,26703.70,0,
18_06_2026_14_00,26704.20,26706.70,26690.60,26699.70,0,
18_06_2026_14_05,26700.30,26708.40,26676.00,26682.20,0,
18_06_2026_14_10,26682.60,26699.00,26677.90,26696.40,0,
18_06_2026_14_15,26697.30,26704.70,26677.30,26681.60,0,
18_06_2026_14_20,26680.70,26707.40,26679.70,26706.90,0,
18_06_2026_14_25,26706.90,26713.80,26691.80,26705.60,0,
18_06_2026_14_30,26704.80,26704.80,26680.00,26704.00,0,
18_06_2026_14_35,26702.20,26717.80,26693.70,26698.40,0,
18_06_2026_14_40,26698.30,26700.20,26685.80,26691.10,0,
18_06_2026_14_45,26688.00,26699.40,26678.80,26680.80,0,
18_06_2026_14_50,26681.10,26710.20,26677.60,26699.80,0,
18_06_2026_14_55,26698.70,26732.40,26691.20,26729.80,0,
18_06_2026_15_00,26731.90,26746.40,26710.40,26735.70,0,
18_06_2026_15_05,26734.80,26771.80,26734.80,26767.90,0,
18_06_2026_15_10,26766.70,26780.90,26747.80,26753.30,0,
18_06_2026_15_15,26754.80,26761.30,26742.70,26749.00,0,
18_06_2026_15_20,26748.70,26753.20,26732.80,26734.70,0,
18_06_2026_15_25,26735.20,26740.30,26699.70,26712.70,0,
19_06_2026_09_15,26662.90,26676.30,26581.80,26639.10,0,
19_06_2026_09_20,26639.70,26651.40,26601.70,26613.10,0,
19_06_2026_09_25,26615.10,26643.20,26602.20,26637.20,0,
19_06_2026_09_30,26636.80,26648.30,26605.60,26645.60,0,
19_06_2026_09_35,26644.50,26670.80,26636.30,26655.30,0,
19_06_2026_09_40,26654.90,26692.30,26643.70,26647.10,0,
19_06_2026_09_45,26646.80,26651.10,26613.80,26617.20,0,
19_06_2026_09_50,26617.70,26631.60,26609.50,26631.40,0,
19_06_2026_09_55,26631.40,26632.30,26605.10,26617.40,0,
19_06_2026_10_00,26617.70,26617.70,26575.70,26597.10,0,
19_06_2026_10_05,26597.10,26614.20,26592.20,26610.60,0,
19_06_2026_10_10,26611.20,26631.20,26610.80,26629.20,0,
19_06_2026_10_15,26629.80,26632.30,26598.40,26599.90,0,
19_06_2026_10_20,26600.20,26603.60,26574.80,26584.80,0,
19_06_2026_10_25,26585.10,26594.90,26562.10,26567.70,0,
19_06_2026_10_30,26567.60,26571.80,26543.50,26553.10,0,
19_06_2026_10_35,26552.20,26556.40,26529.50,26550.20,0,
19_06_2026_10_40,26550.80,26584.10,26550.40,26580.70,0,
19_06_2026_10_45,26582.20,26589.30,26561.70,26563.70,0,
19_06_2026_10_50,26563.20,26568.20,26538.70,26547.80,0,
19_06_2026_10_55,26547.90,26571.80,26547.10,26565.60,0,
19_06_2026_11_00,26566.00,26566.30,26546.20,26553.50,0,
19_06_2026_11_05,26553.50,26555.20,26534.70,26541.70,0,
19_06_2026_11_10,26540.60,26566.80,26535.10,26552.70,0,
19_06_2026_11_15,26552.50,26566.10,26536.70,26561.40,0,
19_06_2026_11_20,26561.40,26564.90,26550.90,26554.60,0,
19_06_2026_11_25,26554.60,26554.60,26526.00,26544.20,0,
19_06_2026_11_30,26544.40,26574.70,26531.60,26573.00,0,
19_06_2026_11_35,26572.00,26578.80,26545.30,26546.60,0,
19_06_2026_11_40,26547.50,26552.90,26537.20,26541.70,0,
19_06_2026_11_45,26541.40,26541.40,26518.50,26527.90,0,
19_06_2026_11_50,26528.30,26528.30,26510.20,26510.40,0,
19_06_2026_11_55,26509.70,26535.30,26504.50,26532.40,0,
19_06_2026_12_00,26532.80,26557.90,26532.20,26541.10,0,
19_06_2026_12_05,26540.80,26545.40,26534.80,26541.80,0,
19_06_2026_12_10,26542.20,26553.80,26538.50,26547.40,0,
19_06_2026_12_15,26545.40,26552.80,26538.80,26541.20,0,
19_06_2026_12_20,26540.90,26546.40,26538.00,26540.60,0,
19_06_2026_12_25,26540.70,26557.00,26539.80,26543.80,0,
19_06_2026_12_30,26543.80,26544.80,26530.30,26541.20,0,
19_06_2026_12_35,26541.20,26547.70,26530.70,26539.50,0,
19_06_2026_12_40,26539.30,26545.40,26504.40,26532.40,0,
19_06_2026_12_45,26532.90,26556.20,26528.60,26552.60,0,
19_06_2026_12_50,26551.90,26553.20,26535.20,26541.60,0,
19_06_2026_12_55,26541.40,26546.80,26523.50,26541.80,0,
19_06_2026_13_00,26541.20,26542.10,26496.40,26501.40,0,
19_06_2026_13_05,26501.60,26513.30,26493.50,26498.20,0,
19_06_2026_13_10,26497.90,26505.00,26484.60,26504.40,0,
19_06_2026_13_15,26502.40,26505.50,26488.80,26495.80,0,
19_06_2026_13_20,26495.20,26495.50,26462.40,26463.50,0,
19_06_2026_13_25,26462.60,26487.40,26462.10,26483.50,0,
19_06_2026_13_30,26483.30,26498.80,26480.40,26498.70,0,
19_06_2026_13_35,26498.80,26510.30,26489.80,26509.50,0,
19_06_2026_13_40,26509.30,26538.30,26507.70,26534.80,0,
19_06_2026_13_45,26534.80,26558.60,26530.40,26540.80,0,
19_06_2026_13_50,26541.70,26544.50,26527.40,26535.90,0,
19_06_2026_13_55,26532.60,26557.90,26531.80,26555.90,0,
19_06_2026_14_00,26555.50,26574.70,26547.00,26570.60,0,
19_06_2026_14_05,26571.20,26582.00,26567.60,26580.10,0,
19_06_2026_14_10,26581.60,26606.80,26577.10,26597.80,0,
19_06_2026_14_15,26600.60,26604.10,26584.10,26591.80,0,
19_06_2026_14_20,26592.50,26593.20,26575.10,26578.40,0,
19_06_2026_14_25,26578.60,26594.30,26574.10,26591.30,0,
19_06_2026_14_30,26592.30,26622.20,26591.80,26621.30,0,
19_06_2026_14_35,26621.40,26642.20,26617.90,26623.20,0,
19_06_2026_14_40,26623.60,26628.40,26609.10,26626.30,0,
19_06_2026_14_45,26626.20,26628.10,26598.40,26598.70,0,
19_06_2026_14_50,26597.30,26597.30,26513.30,26529.30,0,
19_06_2026_14_55,26529.20,26531.60,26491.70,26515.80,0,
19_06_2026_15_00,26509.50,26572.90,26500.70,26566.50,0,
19_06_2026_15_05,26565.70,26594.20,26564.20,26582.80,0,
19_06_2026_15_10,26583.40,26611.30,26581.40,26599.30,0,
19_06_2026_15_15,26600.80,26601.90,26572.00,26588.80,0,
19_06_2026_15_20,26591.30,26603.00,26581.40,26603.00,0,
19_06_2026_15_25,26601.40,26630.20,26599.90,26621.80,0,
22_06_2026_09_15,26700.90,26760.70,26652.50,26663.20,0,
22_06_2026_09_20,26661.60,26674.60,26609.90,26638.10,0,
22_06_2026_09_25,26636.20,26669.70,26626.80,26636.60,0,
22_06_2026_09_30,26639.70,26662.10,26632.10,26658.30,0,
22_06_2026_09_35,26658.00,26669.70,26646.70,26667.80,0,
22_06_2026_09_40,26667.80,26685.10,26659.20,26670.90,0,
22_06_2026_09_45,26671.60,26678.90,26653.30,26658.70,0,
22_06_2026_09_50,26658.70,26708.40,26655.20,26703.80,0,
22_06_2026_09_55,26703.90,26742.20,26693.70,26740.90,0,
22_06_2026_10_00,26741.40,26795.40,26740.90,26773.20,0,
22_06_2026_10_05,26773.10,26798.20,26764.90,26797.80,0,
22_06_2026_10_10,26797.90,26802.10,26768.80,26778.90,0,
22_06_2026_10_15,26779.70,26784.60,26764.20,26778.80,0,
22_06_2026_10_20,26778.60,26788.80,26771.10,26771.10,0,
22_06_2026_10_25,26771.70,26786.80,26763.80,26777.80,0,
22_06_2026_10_30,26778.30,26778.30,26751.70,26756.40,0,
22_06_2026_10_35,26756.20,26776.30,26750.90,26773.50,0,
22_06_2026_10_40,26771.30,26789.10,26770.00,26786.20,0,
22_06_2026_10_45,26786.40,26795.60,26777.80,26777.80,0,
22_06_2026_10_50,26777.80,26786.10,26772.90,26776.90,0,
22_06_2026_10_55,26776.40,26777.20,26756.90,26767.40,0,
22_06_2026_11_00,26767.70,26769.00,26750.20,26750.40,0,
22_06_2026_11_05,26750.80,26762.60,26738.20,26761.20,0,
22_06_2026_11_10,26760.70,26762.60,26725.90,26734.90,0,
22_06_2026_11_15,26736.70,26754.90,26736.20,26752.00,0,
22_06_2026_11_20,26754.10,26755.30,26738.60,26753.90,0,
22_06_2026_11_25,26754.30,26756.20,26739.60,26742.60,0,
22_06_2026_11_30,26742.60,26751.90,26735.70,26740.40,0,
22_06_2026_11_35,26739.40,26750.20,26712.90,26717.80,0,
22_06_2026_11_40,26717.80,26718.30,26691.00,26693.10,0,
22_06_2026_11_45,26693.20,26702.80,26690.20,26696.70,0,
22_06_2026_11_50,26697.10,26717.30,26690.90,26713.80,0,
22_06_2026_11_55,26713.60,26730.70,26706.60,26729.30,0,
22_06_2026_12_00,26731.00,26735.20,26706.70,26720.00,0,
22_06_2026_12_05,26720.60,26732.40,26717.70,26732.10,0,
22_06_2026_12_10,26732.40,26750.60,26727.90,26746.30,0,
22_06_2026_12_15,26745.60,26758.80,26743.20,26755.70,0,
22_06_2026_12_20,26755.20,26769.90,26752.20,26761.20,0,
22_06_2026_12_25,26761.20,26769.10,26745.90,26750.20,0,
22_06_2026_12_30,26750.20,26763.10,26745.20,26757.70,0,
22_06_2026_12_35,26759.10,26764.70,26749.90,26755.80,0,
22_06_2026_12_40,26755.80,26773.10,26751.80,26769.60,0,
22_06_2026_12_45,26770.60,26774.20,26761.70,26770.40,0,
22_06_2026_12_50,26772.50,26779.60,26767.70,26778.80,0,
22_06_2026_12_55,26779.10,26783.70,26771.70,26777.10,0,
22_06_2026_13_00,26777.20,26781.30,26765.90,26769.80,0,
22_06_2026_13_05,26769.80,26775.10,26759.20,26770.00,0,
22_06_2026_13_10,26771.80,26773.40,26751.80,26753.80,0,
22_06_2026_13_15,26753.40,26770.60,26750.20,26767.70,0,
22_06_2026_13_20,26767.30,26773.70,26760.60,26771.70,0,
22_06_2026_13_25,26772.10,26774.20,26754.90,26767.40,0,
22_06_2026_13_30,26767.20,26773.20,26749.70,26751.80,0,
22_06_2026_13_35,26752.10,26754.20,26730.70,26733.80,0,
22_06_2026_13_40,26735.20,26746.70,26717.40,26743.90,0,
22_06_2026_13_45,26743.90,26751.20,26737.10,26747.90,0,
22_06_2026_13_50,26747.40,26754.30,26741.50,26746.20,0,
22_06_2026_13_55,26746.20,26758.20,26742.90,26743.00,0,
22_06_2026_14_00,26746.90,26754.20,26740.20,26742.10,0,
22_06_2026_14_05,26742.60,26747.20,26728.20,26738.20,0,
22_06_2026_14_10,26739.70,26753.10,26737.10,26748.80,0,
22_06_2026_14_15,26751.60,26755.80,26734.60,26746.80,0,
22_06_2026_14_20,26746.90,26756.80,26741.60,26753.10,0,
22_06_2026_14_25,26753.50,26757.40,26743.40,26754.60,0,
22_06_2026_14_30,26754.50,26761.40,26726.10,26736.20,0,
22_06_2026_14_35,26736.70,26744.50,26727.20,26732.10,0,
22_06_2026_14_40,26731.80,26744.80,26720.20,26720.80,0,
22_06_2026_14_45,26723.50,26750.60,26721.40,26744.20,0,
22_06_2026_14_50,26745.20,26747.50,26728.60,26736.90,0,
22_06_2026_14_55,26739.80,26750.90,26729.80,26736.00,0,
22_06_2026_15_00,26741.70,26758.10,26715.20,26723.00,0,
22_06_2026_15_05,26723.30,26727.40,26712.80,26720.30,0,
22_06_2026_15_10,26719.50,26733.00,26713.20,26713.50,0,
22_06_2026_15_15,26715.20,26716.70,26702.50,26710.60,0,
22_06_2026_15_20,26712.60,26712.60,26674.70,26679.30,0,
22_06_2026_15_25,26679.50,26699.80,26667.30,26692.30,0,
23_06_2026_09_15,26712.70,26728.90,26648.20,26695.70,0,
23_06_2026_09_20,26695.40,26732.70,26691.50,26710.50,0,
23_06_2026_09_25,26709.80,26730.90,26702.40,26711.80,0,
23_06_2026_09_30,26711.40,26731.00,26704.80,26714.60,0,
23_06_2026_09_35,26714.10,26720.70,26678.60,26686.40,0,
23_06_2026_09_40,26684.80,26714.30,26684.80,26711.30,0,
23_06_2026_09_45,26710.80,26729.30,26709.40,26729.30,0,
23_06_2026_09_50,26729.80,26729.80,26690.20,26690.20,0,
23_06_2026_09_55,26691.10,26693.90,26667.60,26670.10,0,
23_06_2026_10_00,26669.90,26677.10,26640.20,26650.10,0,
23_06_2026_10_05,26650.00,26681.00,26647.80,26679.20,0,
23_06_2026_10_10,26680.60,26690.80,26669.10,26671.60,0,
23_06_2026_10_15,26672.20,26674.70,26656.30,26673.20,0,
23_06_2026_10_20,26673.10,26689.10,26656.90,26658.30,0,
23_06_2026_10_25,26658.80,26661.20,26642.30,26643.50,0,
23_06_2026_10_30,26643.20,26663.30,26626.10,26662.20,0,
23_06_2026_10_35,26662.60,26691.10,26660.20,26675.80,0,
23_06_2026_10_40,26678.10,26691.80,26671.80,26676.90,0,
23_06_2026_10_45,26676.30,26677.50,26647.80,26660.10,0,
23_06_2026_10_50,26660.10,26667.60,26645.90,26650.80,0,
23_06_2026_10_55,26651.80,26660.10,26639.50,26650.40,0,
23_06_2026_11_00,26650.20,26653.50,26639.20,26640.10,0,
23_06_2026_11_05,26639.80,26662.40,26634.20,26661.00,0,
23_06_2026_11_10,26661.80,26668.90,26645.80,26655.80,0,
23_06_2026_11_15,26657.60,26687.30,26656.10,26683.20,0,
23_06_2026_11_20,26683.20,26711.30,26677.90,26709.00,0,
23_06_2026_11_25,26708.70,26725.60,26701.80,26711.20,0,
23_06_2026_11_30,26711.90,26715.90,26697.20,26700.40,0,
23_06_2026_11_35,26700.90,26700.90,26670.60,26672.40,0,
23_06_2026_11_40,26672.00,26673.70,26633.40,26638.20,0,
23_06_2026_11_45,26637.90,26640.80,26580.20,26583.40,0,
23_06_2026_11_50,26583.90,26600.80,26578.60,26586.60,0,
23_06_2026_11_55,26588.30,26588.50,26530.70,26546.20,0,
23_06_2026_12_00,26547.70,26557.20,26524.60,26528.30,0,
23_06_2026_12_05,26528.80,26539.50,26510.40,26535.10,0,
23_06_2026_12_10,26535.50,26538.00,26519.10,26533.80,0,
23_06_2026_12_15,26534.70,26554.20,26531.90,26544.10,0,
23_06_2026_12_20,26543.80,26543.80,26495.80,26520.10,0,
23_06_2026_12_25,26520.20,26556.70,26520.20,26543.80,0,
23_06_2026_12_30,26543.80,26546.10,26521.80,26531.50,0,
23_06_2026_12_35,26531.20,26553.10,26524.20,26548.80,0,
23_06_2026_12_40,26549.20,26551.10,26522.20,26523.10,0,
23_06_2026_12_45,26524.40,26540.60,26510.40,26512.00,0,
23_06_2026_12_50,26512.60,26523.60,26484.10,26491.70,0,
23_06_2026_12_55,26490.80,26514.20,26481.60,26504.90,0,
23_06_2026_13_00,26505.80,26505.80,26474.60,26488.60,0,
23_06_2026_13_05,26488.20,26512.90,26488.20,26511.40,0,
23_06_2026_13_10,26511.20,26514.70,26501.80,26503.70,0,
23_06_2026_13_15,26504.40,26512.20,26490.60,26505.30,0,
23_06_2026_13_20,26505.60,26516.90,26490.80,26493.10,0,
23_06_2026_13_25,26494.90,26496.40,26473.90,26477.30,0,
23_06_2026_13_30,26477.30,26481.40,26438.10,26441.70,0,
23_06_2026_13_35,26440.40,26467.80,26437.60,26454.60,0,
23_06_2026_13_40,26453.90,26476.80,26452.10,26471.70,0,
23_06_2026_13_45,26471.30,26502.10,26468.50,26495.10,0,
23_06_2026_13_50,26495.60,26500.70,26475.00,26486.10,0,
23_06_2026_13_55,26486.50,26489.60,26467.80,26470.90,0,
23_06_2026_14_00,26472.80,26493.20,26452.60,26490.80,0,
23_06_2026_14_05,26492.40,26494.50,26464.70,26476.20,0,
23_06_2026_14_10,26476.60,26533.70,26475.80,26525.30,0,
23_06_2026_14_15,26525.60,26538.30,26519.80,26527.50,0,
23_06_2026_14_20,26526.20,26561.70,26519.00,26557.50,0,
23_06_2026_14_25,26558.30,26588.50,26554.30,26580.10,0,
23_06_2026_14_30,26580.30,26596.80,26557.40,26595.40,0,
23_06_2026_14_35,26594.70,26600.80,26565.40,26567.70,0,
23_06_2026_14_40,26568.80,26611.80,26554.60,26606.20,0,
23_06_2026_14_45,26607.20,26620.70,26591.10,26619.10,0,
23_06_2026_14_50,26619.20,26635.40,26608.80,26628.90,0,
23_06_2026_14_55,26629.50,26667.00,26624.50,26631.00,0,
23_06_2026_15_00,26632.20,26642.60,26483.30,26512.70,0,
23_06_2026_15_05,26512.20,26549.00,26512.20,26522.00,0,
23_06_2026_15_10,26522.70,26525.40,26501.20,26502.90,0,
23_06_2026_15_15,26502.70,26504.60,26446.60,26473.10,0,
23_06_2026_15_20,26473.40,26480.10,26463.40,26473.90,0,
23_06_2026_15_25,26472.20,26476.30,26449.20,26454.20,0,
24_06_2026_09_15,26442.30,26473.40,26384.30,26387.40,0,
24_06_2026_09_20,26388.40,26429.20,26377.20,26418.10,0,
24_06_2026_09_25,26420.50,26424.60,26383.60,26406.90,0,
24_06_2026_09_30,26412.60,26434.60,26397.90,26411.10,0,
24_06_2026_09_35,26411.20,26442.90,26380.40,26383.40,0,
24_06_2026_09_40,26384.20,26396.60,26327.10,26336.10,0,
24_06_2026_09_45,26338.80,26341.50,26249.10,26249.80,0,
24_06_2026_09_50,26247.50,26291.90,26241.60,26288.10,0,
24_06_2026_09_55,26287.70,26318.60,26269.30,26274.30,0,
24_06_2026_10_00,26273.60,26339.80,26273.60,26334.10,0,
24_06_2026_10_05,26334.50,26347.20,26318.20,26341.70,0,
24_06_2026_10_10,26341.80,26372.30,26338.20,26368.60,0,
24_06_2026_10_15,26370.80,26394.30,26369.20,26378.40,0,
24_06_2026_10_20,26378.60,26406.60,26377.00,26397.90,0,
24_06_2026_10_25,26394.50,26427.20,26391.80,26396.90,0,
24_06_2026_10_30,26396.90,26411.30,26385.20,26397.90,0,
24_06_2026_10_35,26398.60,26408.80,26386.00,26388.50,0,
24_06_2026_10_40,26387.50,26419.10,26385.80,26396.40,0,
24_06_2026_10_45,26398.10,26440.70,26394.60,26429.90,0,
24_06_2026_10_50,26429.80,26452.60,26425.90,26435.50,0,
24_06_2026_10_55,26435.50,26441.20,26427.20,26430.40,0,
24_06_2026_11_00,26430.90,26440.90,26414.60,26414.80,0,
24_06_2026_11_05,26415.00,26440.20,26401.60,26436.70,0,
24_06_2026_11_10,26436.70,26440.60,26420.00,26422.80,0,
24_06_2026_11_15,26420.40,26421.80,26384.20,26386.20,0,
24_06_2026_11_20,26384.30,26396.00,26375.20,26393.20,0,
24_06_2026_11_25,26392.60,26397.80,26384.10,26392.20,0,
24_06_2026_11_30,26391.80,26397.40,26367.80,26382.70,0,
24_06_2026_11_35,26382.60,26406.00,26375.80,26405.70,0,
24_06_2026_11_40,26405.70,26409.20,26391.30,26408.40,0,
24_06_2026_11_45,26407.90,26418.40,26396.80,26398.90,0,
24_06_2026_11_50,26400.20,26406.90,26393.10,26405.30,0,
24_06_2026_11_55,26405.70,26410.00,26391.50,26394.60,0,
24_06_2026_12_00,26394.80,26400.80,26382.60,26389.60,0,
24_06_2026_12_05,26390.10,26405.30,26382.40,26390.90,0,
24_06_2026_12_10,26389.80,26396.80,26367.80,26367.80,0,
24_06_2026_12_15,26367.90,26388.20,26363.00,26386.90,0,
24_06_2026_12_20,26386.90,26393.10,26384.40,26392.20,0,
24_06_2026_12_25,26391.20,26396.30,26384.40,26396.30,0,
24_06_2026_12_30,26396.00,26397.50,26368.20,26374.30,0,
24_06_2026_12_35,26374.60,26385.30,26371.80,26378.20,0,
24_06_2026_12_40,26378.30,26386.90,26354.80,26357.50,0,
24_06_2026_12_45,26356.90,26369.90,26356.50,26356.70,0,
24_06_2026_12_50,26357.70,26405.80,26356.60,26399.80,0,
24_06_2026_12_55,26399.90,26418.30,26387.40,26417.80,0,
24_06_2026_13_00,26417.80,26427.30,26411.80,26417.10,0,
24_06_2026_13_05,26417.10,26438.10,26409.70,26436.50,0,
24_06_2026_13_10,26436.80,26439.10,26421.60,26431.40,0,
24_06_2026_13_15,26432.80,26462.80,26428.50,26454.00,0,
24_06_2026_13_20,26453.80,26475.20,26453.80,26472.10,0,
24_06_2026_13_25,26472.20,26495.20,26470.30,26492.50,0,
24_06_2026_13_30,26493.40,26524.30,26493.10,26522.00,0,
24_06_2026_13_35,26523.10,26558.40,26522.10,26529.90,0,
24_06_2026_13_40,26531.60,26531.60,26500.70,26507.10,0,
24_06_2026_13_45,26507.10,26538.30,26506.30,26514.70,0,
24_06_2026_13_50,26514.60,26543.40,26505.90,26528.90,0,
24_06_2026_13_55,26530.10,26534.30,26511.20,26526.30,0,
24_06_2026_14_00,26526.30,26528.70,26496.60,26504.20,0,
24_06_2026_14_05,26503.60,26511.20,26494.10,26504.90,0,
24_06_2026_14_10,26505.40,26540.00,26505.40,26516.90,0,
24_06_2026_14_15,26514.40,26517.80,26500.70,26517.00,0,
24_06_2026_14_20,26517.70,26521.90,26503.80,26519.80,0,
24_06_2026_14_25,26519.60,26519.60,26499.50,26503.00,0,
24_06_2026_14_30,26503.40,26510.20,26482.80,26486.30,0,
24_06_2026_14_35,26486.10,26492.00,26449.70,26451.80,0,
24_06_2026_14_40,26450.30,26483.60,26446.90,26457.80,0,
24_06_2026_14_45,26458.00,26459.10,26416.90,26426.80,0,
24_06_2026_14_50,26426.20,26449.30,26426.20,26430.80,0,
24_06_2026_14_55,26430.30,26435.20,26410.60,26420.20,0,
24_06_2026_15_00,26422.80,26437.70,26384.70,26410.90,0,
24_06_2026_15_05,26410.50,26413.20,26389.90,26401.40,0,
24_06_2026_15_10,26401.60,26402.60,26372.20,26378.40,0,
24_06_2026_15_15,26376.90,26396.70,26364.80,26367.10,0,
24_06_2026_15_20,26366.30,26373.10,26358.30,26365.50,0,
24_06_2026_15_25,26363.70,26388.40,26354.40,26367.00,0,
25_06_2026_09_15,26559.10,26830.70,26549.80,26823.60,0,
25_06_2026_09_20,26822.10,26896.80,26816.80,26879.30,0,
25_06_2026_09_25,26880.20,26948.10,26870.20,26942.10,0,
25_06_2026_09_30,26943.10,26995.00,26937.40,26953.20,0,
25_06_2026_09_35,26955.30,26956.20,26888.80,26924.60,0,
25_06_2026_09_40,26927.00,26931.20,26884.80,26916.60,0,
25_06_2026_09_45,26912.40,26962.10,26911.50,26933.30,0,
25_06_2026_09_50,26935.20,26945.70,26906.20,26914.40,0,
25_06_2026_09_55,26915.20,26937.10,26911.10,26929.30,0,
25_06_2026_10_00,26927.60,26934.50,26897.30,26910.10,0,
25_06_2026_10_05,26909.70,26936.80,26861.20,26936.20,0,
25_06_2026_10_10,26937.20,26971.30,26934.50,26962.20,0,
25_06_2026_10_15,26963.80,27041.20,26959.60,27035.30,0,
25_06_2026_10_20,27036.80,27062.90,27034.20,27059.30,0,
25_06_2026_10_25,27059.30,27065.30,27034.20,27063.40,0,
25_06_2026_10_30,27063.70,27083.80,27033.30,27043.20,0,
25_06_2026_10_35,27044.90,27056.20,27014.60,27026.20,0,
25_06_2026_10_40,27026.30,27062.30,27022.40,27058.20,0,
25_06_2026_10_45,27059.40,27130.40,27056.80,27119.30,0,
25_06_2026_10_50,27119.40,27122.70,27097.70,27104.40,0,
25_06_2026_10_55,27106.80,27125.80,27098.50,27117.20,0,
25_06_2026_11_00,27116.20,27121.90,27084.10,27089.90,0,
25_06_2026_11_05,27091.80,27109.40,27078.90,27108.70,0,
25_06_2026_11_10,27108.80,27130.70,27090.80,27097.60,0,
25_06_2026_11_15,27100.50,27119.40,27094.70,27119.40,0,
25_06_2026_11_20,27118.00,27132.90,27109.60,27128.50,0,
25_06_2026_11_25,27129.60,27150.70,27126.00,27148.90,0,
25_06_2026_11_30,27149.80,27152.10,27112.70,27119.40,0,
25_06_2026_11_35,27119.90,27140.30,27097.80,27136.60,0,
25_06_2026_11_40,27137.80,27142.10,27126.40,27129.70,0,
25_06_2026_11_45,27130.20,27139.70,27120.80,27137.50,0,
25_06_2026_11_50,27137.50,27137.80,27102.70,27109.20,0,
25_06_2026_11_55,27110.40,27122.30,27107.20,27115.20,0,
25_06_2026_12_00,27115.40,27132.80,27113.30,27129.20,0,
25_06_2026_12_05,27129.50,27142.20,27124.80,27139.20,0,
25_06_2026_12_10,27142.30,27163.30,27126.80,27159.10,0,
25_06_2026_12_15,27160.10,27189.30,27157.10,27189.30,0,
25_06_2026_12_20,27189.90,27211.20,27181.70,27192.70,0,
25_06_2026_12_25,27194.30,27196.90,27147.80,27158.90,0,
25_06_2026_12_30,27159.20,27169.10,27135.10,27166.20,0,
25_06_2026_12_35,27167.20,27171.10,27155.50,27166.40,0,
25_06_2026_12_40,27166.20,27168.80,27147.60,27149.20,0,
25_06_2026_12_45,27150.30,27154.20,27129.10,27150.70,0,
25_06_2026_12_50,27151.20,27158.40,27146.70,27155.90,0,
25_06_2026_12_55,27156.70,27171.40,27151.10,27169.90,0,
25_06_2026_13_00,27170.30,27172.40,27147.60,27168.90,0,
25_06_2026_13_05,27168.80,27173.30,27138.30,27148.40,0,
25_06_2026_13_10,27147.90,27163.80,27116.80,27117.10,0,
25_06_2026_13_15,27117.60,27162.80,27114.20,27159.50,0,
25_06_2026_13_20,27160.70,27188.20,27160.30,27170.30,0,
25_06_2026_13_25,27172.60,27176.70,27162.10,27167.80,0,
25_06_2026_13_30,27169.80,27182.20,27157.40,27180.90,0,
25_06_2026_13_35,27181.10,27202.00,27178.90,27199.60,0,
25_06_2026_13_40,27200.10,27217.70,27196.20,27200.10,0,
25_06_2026_13_45,27201.20,27232.70,27199.30,27231.30,0,
25_06_2026_13_50,27233.50,27258.20,27208.10,27208.10,0,
25_06_2026_13_55,27209.70,27216.60,27168.20,27187.20,0,
25_06_2026_14_00,27186.20,27191.20,27164.90,27190.30,0,
25_06_2026_14_05,27190.30,27206.50,27183.40,27195.00,0,
25_06_2026_14_10,27195.80,27200.10,27131.00,27140.40,0,
25_06_2026_14_15,27141.90,27141.90,27102.40,27106.60,0,
25_06_2026_14_20,27106.40,27109.10,27073.20,27085.20,0,
25_06_2026_14_25,27085.30,27093.50,27067.20,27087.60,0,
25_06_2026_14_30,27088.30,27116.30,27080.80,27093.80,0,
25_06_2026_14_35,27093.40,27115.90,27064.10,27064.70,0,
25_06_2026_14_40,27065.40,27067.80,27013.60,27018.80,0,
25_06_2026_14_45,27019.70,27038.20,27008.90,27013.60,0,
25_06_2026_14_50,27010.50,27043.20,27004.20,27030.20,0,
25_06_2026_14_55,27027.80,27039.90,27013.30,27024.80,0,
25_06_2026_15_00,27024.20,27024.20,26932.90,26967.00,0,
25_06_2026_15_05,26967.30,27001.20,26946.80,26956.30,0,
25_06_2026_15_10,26955.10,26986.20,26953.40,26972.60,0,
25_06_2026_15_15,26972.60,27001.70,26968.30,26994.80,0,
25_06_2026_15_20,26997.60,26998.00,26970.70,26986.90,0,
25_06_2026_15_25,26987.20,27009.00,26979.50,27002.40,0,
29_06_2026_09_15,26916.80,26978.40,26880.30,26938.40,0,
29_06_2026_09_20,26937.70,26937.70,26825.70,26826.80,0,
29_06_2026_09_25,26826.20,26855.70,26769.60,26830.40,0,
29_06_2026_09_30,26829.70,26829.70,26776.00,26788.30,0,
29_06_2026_09_35,26786.90,26860.50,26747.20,26857.80,0,
29_06_2026_09_40,26857.20,26890.30,26813.30,26828.80,0,
29_06_2026_09_45,26828.40,26835.80,26810.40,26822.80,0,
29_06_2026_09_50,26821.50,26821.80,26764.70,26781.30,0,
29_06_2026_09_55,26779.50,26799.00,26758.30,26760.90,0,
29_06_2026_10_00,26760.10,26771.40,26735.20,26763.70,0,
29_06_2026_10_05,26763.20,26787.90,26752.80,26754.90,0,
29_06_2026_10_10,26754.70,26766.40,26724.40,26729.40,0,
29_06_2026_10_15,26727.80,26737.80,26685.40,26694.40,0,
29_06_2026_10_20,26695.90,26726.60,26686.70,26722.60,0,
29_06_2026_10_25,26724.60,26739.20,26720.20,26722.80,0,
29_06_2026_10_30,26723.90,26728.50,26699.80,26721.60,0,
29_06_2026_10_35,26721.30,26736.10,26691.40,26697.30,0,
29_06_2026_10_40,26698.20,26703.90,26682.80,26690.70,0,
29_06_2026_10_45,26691.80,26692.80,26632.60,26642.60,0,
29_06_2026_10_50,26642.70,26644.60,26592.00,26596.80,0,
29_06_2026_10_55,26595.40,26622.80,26594.20,26612.60,0,
29_06_2026_11_00,26613.80,26629.30,26603.60,26616.30,0,
29_06_2026_11_05,26615.60,26618.80,26568.60,26569.40,0,
29_06_2026_11_10,26571.30,26588.90,26547.10,26551.10,0,
29_06_2026_11_15,26552.00,26552.00,26523.80,26534.40,0,
29_06_2026_11_20,26534.20,26541.20,26524.40,26528.30,0,
29_06_2026_11_25,26528.40,26538.00,26500.70,26509.40,0,
29_06_2026_11_30,26508.10,26544.10,26488.10,26497.40,0,
29_06_2026_11_35,26497.70,26532.40,26496.00,26523.90,0,
29_06_2026_11_40,26524.80,26530.10,26506.40,26512.80,0,
29_06_2026_11_45,26514.40,26514.40,26479.80,26494.40,0,
29_06_2026_11_50,26494.10,26498.70,26476.30,26477.90,0,
29_06_2026_11_55,26477.10,26501.20,26470.70,26477.70,0,
29_06_2026_12_00,26476.40,26493.40,26471.10,26482.30,0,
29_06_2026_12_05,26484.20,26486.20,26450.30,26455.80,0,
29_06_2026_12_10,26455.60,26473.80,26452.20,26458.60,0,
29_06_2026_12_15,26457.90,26475.40,26452.40,26455.20,0,
29_06_2026_12_20,26455.00,26493.80,26452.80,26486.70,0,
29_06_2026_12_25,26485.50,26499.30,26436.80,26448.50,0,
29_06_2026_12_30,26450.00,26452.80,26394.60,26400.80,0,
29_06_2026_12_35,26401.20,26409.80,26382.40,26383.70,0,
29_06_2026_12_40,26384.10,26396.60,26370.70,26371.40,0,
29_06_2026_12_45,26371.10,26413.40,26370.10,26397.20,0,
29_06_2026_12_50,26395.70,26401.60,26379.40,26392.80,0,
29_06_2026_12_55,26392.70,26406.20,26388.80,26391.70,0,
29_06_2026_13_00,26392.80,26404.90,26372.10,26391.80,0,
29_06_2026_13_05,26392.80,26420.00,26388.80,26418.80,0,
29_06_2026_13_10,26420.90,26425.10,26395.60,26398.10,0,
29_06_2026_13_15,26398.30,26403.90,26385.70,26392.30,0,
29_06_2026_13_20,26393.00,26393.10,26373.60,26381.80,0,
29_06_2026_13_25,26381.30,26399.40,26368.20,26383.60,0,
29_06_2026_13_30,26383.80,26418.30,26374.40,26375.80,0,
29_06_2026_13_35,26374.90,26399.90,26368.70,26388.20,0,
29_06_2026_13_40,26386.80,26390.10,26334.80,26348.90,0,
29_06_2026_13_45,26348.80,26390.80,26345.10,26369.70,0,
29_06_2026_13_50,26367.50,26405.90,26361.60,26405.50,0,
29_06_2026_13_55,26406.10,26423.80,26406.10,26409.80,0,
29_06_2026_14_00,26410.30,26429.80,26400.30,26409.80,0,
29_06_2026_14_05,26411.00,26424.70,26407.20,26408.80,0,
29_06_2026_14_10,26408.40,26429.30,26398.00,26424.20,0,
29_06_2026_14_15,26423.80,26426.00,26404.50,26420.30,0,
29_06_2026_14_20,26419.90,26432.40,26406.10,26408.10,0,
29_06_2026_14_25,26407.20,26434.80,26404.30,26419.60,0,
29_06_2026_14_30,26417.80,26455.10,26406.80,26448.20,0,
29_06_2026_14_35,26447.70,26447.90,26417.80,26431.50,0,
29_06_2026_14_40,26431.60,26458.10,26411.30,26449.70,0,
29_06_2026_14_45,26448.60,26466.50,26425.00,26436.20,0,
29_06_2026_14_50,26436.10,26438.90,26400.30,26423.80,0,
29_06_2026_14_55,26423.80,26447.80,26378.30,26378.30,0,
29_06_2026_15_00,26375.10,26400.00,26340.70,26377.70,0,
29_06_2026_15_05,26379.40,26423.60,26355.20,26419.50,0,
29_06_2026_15_10,26418.80,26418.80,26381.30,26408.20,0,
29_06_2026_15_15,26407.20,26459.60,26388.40,26455.70,0,
29_06_2026_15_20,26459.20,26521.40,26425.80,26458.90,0,
29_06_2026_15_25,26456.60,26546.20,26447.40,26532.30,0,
30_06_2026_09_15,26543.80,26566.00,26182.20,26197.70,0,
30_06_2026_09_20,26200.60,26231.70,26162.10,26163.90,0,
30_06_2026_09_25,26163.30,26181.50,26107.90,26142.80,0,
30_06_2026_09_30,26143.90,26143.90,26067.70,26132.30,0,
30_06_2026_09_35,26132.20,26234.20,26124.30,26230.50,0,
30_06_2026_09_40,26231.20,26244.70,26200.30,26226.10,0,
30_06_2026_09_45,26225.20,26277.40,26222.80,26244.80,0,
30_06_2026_09_50,26245.10,26266.60,26210.40,26251.80,0,
30_06_2026_09_55,26252.20,26267.40,26223.90,26250.40,0,
30_06_2026_10_00,26252.20,26287.50,26250.30,26279.60,0,
30_06_2026_10_05,26279.90,26286.60,26263.40,26267.90,0,
30_06_2026_10_10,26266.80,26343.80,26266.80,26324.20,0,
30_06_2026_10_15,26324.30,26384.60,26313.30,26376.10,0,
30_06_2026_10_20,26374.90,26378.40,26348.20,26369.00,0,
30_06_2026_10_25,26367.90,26392.20,26361.60,26392.20,0,
30_06_2026_10_30,26391.90,26398.70,26378.70,26394.80,0,
30_06_2026_10_35,26395.60,26432.40,26393.60,26426.10,0,
30_06_2026_10_40,26425.30,26428.60,26394.80,26403.90,0,
30_06_2026_10_45,26403.50,26449.20,26402.70,26446.80,0,
30_06_2026_10_50,26445.50,26474.40,26442.10,26457.80,0,
30_06_2026_10_55,26459.30,26483.30,26450.20,26450.60,0,
30_06_2026_11_00,26450.70,26461.90,26432.80,26448.30,0,
30_06_2026_11_05,26448.60,26450.20,26430.20,26445.80,0,
30_06_2026_11_10,26446.90,26484.50,26443.20,26481.60,0,
30_06_2026_11_15,26483.80,26503.80,26470.80,26501.50,0,
30_06_2026_11_20,26502.20,26616.10,26496.20,26614.00,0,
30_06_2026_11_25,26613.70,26629.70,26594.20,26607.80,0,
30_06_2026_11_30,26609.40,26620.00,26584.60,26587.80,0,
30_06_2026_11_35,26589.10,26596.40,26555.00,26588.90,0,
30_06_2026_11_40,26588.40,26607.40,26576.80,26584.20,0,
30_06_2026_11_45,26582.70,26602.80,26578.10,26585.20,0,
30_06_2026_11_50,26584.80,26592.00,26565.00,26569.20,0,
30_06_2026_11_55,26568.10,26598.60,26568.10,26593.10,0,
30_06_2026_12_00,26592.80,26596.20,26565.10,26580.90,0,
30_06_2026_12_05,26581.90,26581.90,26547.20,26552.20,0,
30_06_2026_12_10,26552.40,26600.60,26551.20,26597.10,0,
30_06_2026_12_15,26596.10,26639.50,26589.70,26629.10,0,
30_06_2026_12_20,26628.80,26647.80,26626.50,26634.30,0,
30_06_2026_12_25,26634.30,26641.60,26615.60,26619.20,0,
30_06_2026_12_30,26620.80,26627.90,26573.30,26576.40,0,
30_06_2026_12_35,26575.40,26585.10,26564.80,26585.10,0,
30_06_2026_12_40,26585.20,26592.80,26579.20,26585.00,0,
30_06_2026_12_45,26583.30,26605.00,26576.70,26576.70,0,
30_06_2026_12_50,26580.80,26587.20,26572.60,26582.00,0,
30_06_2026_12_55,26582.60,26582.60,26557.30,26563.70,0,
30_06_2026_13_00,26563.90,26570.90,26541.10,26552.90,0,
30_06_2026_13_05,26552.50,26555.40,26542.20,26543.80,0,
30_06_2026_13_10,26543.80,26566.90,26541.40,26554.30,0,
30_06_2026_13_15,26555.80,26570.90,26550.90,26558.10,0,
30_06_2026_13_20,26556.40,26573.30,26545.30,26570.40,0,
30_06_2026_13_25,26569.00,26603.60,26566.20,26596.50,0,
30_06_2026_13_30,26596.90,26623.30,26595.20,26617.90,0,
30_06_2026_13_35,26618.60,26632.00,26608.80,26627.80,0,
30_06_2026_13_40,26626.60,26653.10,26621.80,26636.70,0,
30_06_2026_13_45,26638.60,26639.40,26624.70,26634.30,0,
30_06_2026_13_50,26635.60,26646.80,26630.20,26630.60,0,
30_06_2026_13_55,26629.90,26640.20,26612.60,26638.00,0,
30_06_2026_14_00,26638.30,26648.20,26610.90,26619.40,0,
30_06_2026_14_05,26619.30,26639.90,26608.50,26638.80,0,
30_06_2026_14_10,26638.40,26640.20,26594.40,26595.40,0,
30_06_2026_14_15,26594.80,26616.40,26581.70,26597.60,0,
30_06_2026_14_20,26598.10,26635.60,26588.10,26635.60,0,
30_06_2026_14_25,26636.20,26664.30,26624.10,26645.90,0,
30_06_2026_14_30,26645.70,26645.70,26604.30,26625.40,0,
30_06_2026_14_35,26624.10,26626.40,26609.60,26617.60,0,
30_06_2026_14_40,26616.30,26640.40,26611.40,26622.80,0,
30_06_2026_14_45,26621.20,26624.90,26609.90,26611.00,0,
30_06_2026_14_50,26611.00,26613.90,26588.70,26613.10,0,
30_06_2026_14_55,26613.70,26616.40,26564.70,26581.10,0,
30_06_2026_15_00,26579.90,26579.90,26447.90,26465.20,0,
30_06_2026_15_05,26462.80,26504.30,26453.40,26489.10,0,
30_06_2026_15_10,26482.80,26487.80,26461.40,26469.90,0,
30_06_2026_15_15,26468.70,26480.00,26459.10,26473.60,0,
30_06_2026_15_20,26474.10,26489.60,26462.00,26474.20,0,
30_06_2026_15_25,26472.80,26537.80,26472.80,26522.90,0,
01_07_2026_09_15,26590.80,26737.10,26590.80,26708.80,0,
01_07_2026_09_20,26711.90,26766.90,26687.20,26701.30,0,
01_07_2026_09_25,26702.50,26711.90,26667.90,26675.70,0,
01_07_2026_09_30,26671.80,26724.30,26665.90,26681.20,0,
01_07_2026_09_35,26682.20,26729.20,26681.20,26702.60,0,
01_07_2026_09_40,26700.80,26757.40,26698.30,26756.30,0,
01_07_2026_09_45,26757.80,26845.10,26757.70,26821.80,0,
01_07_2026_09_50,26824.10,26922.40,26823.10,26922.40,0,
01_07_2026_09_55,26917.50,26965.40,26906.40,26934.60,0,
01_07_2026_10_00,26934.00,26943.70,26837.50,26847.10,0,
01_07_2026_10_05,26844.80,26876.80,26844.80,26873.00,0,
01_07_2026_10_10,26872.10,26875.80,26831.40,26857.90,0,
01_07_2026_10_15,26857.00,26865.40,26834.80,26856.90,0,
01_07_2026_10_20,26859.00,26860.80,26840.20,26840.20,0,
01_07_2026_10_25,26842.90,26850.50,26794.40,26808.90,0,
01_07_2026_10_30,26807.20,26820.80,26773.10,26779.90,0,
01_07_2026_10_35,26774.40,26799.70,26753.00,26785.00,0,
01_07_2026_10_40,26786.40,26795.10,26748.20,26759.30,0,
01_07_2026_10_45,26759.70,26778.40,26752.50,26755.80,0,
01_07_2026_10_50,26755.10,26765.40,26733.80,26763.70,0,
01_07_2026_10_55,26761.70,26783.40,26758.20,26771.70,0,
01_07_2026_11_00,26771.20,26782.30,26743.60,26762.40,0,
01_07_2026_11_05,26763.30,26775.30,26759.10,26773.20,0,
01_07_2026_11_10,26773.40,26825.00,26766.80,26825.00,0,
01_07_2026_11_15,26824.20,26841.90,26812.70,26833.20,0,
01_07_2026_11_20,26833.90,26861.20,26801.60,26801.60,0,
01_07_2026_11_25,26803.60,26807.10,26789.00,26801.30,0,
01_07_2026_11_30,26801.60,26823.70,26779.80,26782.60,0,
01_07_2026_11_35,26780.30,26786.70,26743.70,26759.10,0,
01_07_2026_11_40,26759.20,26766.70,26744.10,26756.40,0,
01_07_2026_11_45,26756.30,26757.80,26714.30,26722.30,0,
01_07_2026_11_50,26722.20,26727.20,26693.30,26707.60,0,
01_07_2026_11_55,26707.60,26727.30,26687.20,26719.10,0,
01_07_2026_12_00,26720.40,26744.50,26716.40,26742.40,0,
01_07_2026_12_05,26742.70,26762.10,26735.30,26751.60,0,
01_07_2026_12_10,26750.70,26753.80,26644.30,26671.60,0,
01_07_2026_12_15,26674.60,26696.70,26633.80,26669.70,0,
01_07_2026_12_20,26670.20,26679.70,26652.10,26655.20,0,
01_07_2026_12_25,26655.80,26670.80,26601.60,26613.40,0,
01_07_2026_12_30,26613.20,26668.90,26613.20,26651.30,0,
01_07_2026_12_35,26652.10,26726.60,26648.60,26724.70,0,
01_07_2026_12_40,26724.80,26743.10,26714.60,26722.60,0,
01_07_2026_12_45,26719.80,26741.20,26703.50,26731.70,0,
01_07_2026_12_50,26728.20,26734.80,26701.60,26709.30,0,
01_07_2026_12_55,26708.80,26732.20,26701.90,26719.90,0,
01_07_2026_13_00,26719.20,26723.30,26659.20,26665.00,0,
01_07_2026_13_05,26666.10,26688.30,26664.80,26674.80,0,
01_07_2026_13_10,26672.10,26673.80,26649.60,26662.40,0,
01_07_2026_13_15,26662.00,26681.30,26653.40,26681.30,0,
01_07_2026_13_20,26681.80,26684.70,26666.70,26672.60,0,
01_07_2026_13_25,26672.80,26702.20,26669.40,26687.70,0,
01_07_2026_13_30,26686.80,26721.30,26684.40,26720.40,0,
01_07_2026_13_35,26719.60,26741.80,26715.90,26741.20,0,
01_07_2026_13_40,26740.40,26750.00,26732.00,26750.00,0,
01_07_2026_13_45,26749.50,26753.90,26723.10,26748.30,0,
01_07_2026_13_50,26746.30,26753.10,26736.70,26741.30,0,
01_07_2026_13_55,26741.70,26741.70,26729.80,26734.80,0,
01_07_2026_14_00,26734.30,26751.70,26714.60,26749.90,0,
01_07_2026_14_05,26750.60,26781.00,26747.90,26775.20,0,
01_07_2026_14_10,26776.20,26795.40,26774.20,26783.10,0,
01_07_2026_14_15,26785.00,26787.00,26767.20,26777.80,0,
01_07_2026_14_20,26778.20,26791.20,26770.60,26790.00,0,
01_07_2026_14_25,26789.70,26821.90,26787.80,26798.40,0,
01_07_2026_14_30,26799.80,26813.40,26770.30,26792.60,0,
01_07_2026_14_35,26792.20,26803.30,26752.50,26753.70,0,
01_07_2026_14_40,26753.30,26775.60,26737.20,26773.20,0,
01_07_2026_14_45,26774.40,26780.30,26757.50,26761.80,0,
01_07_2026_14_50,26762.30,26778.10,26762.30,26769.60,0,
01_07_2026_14_55,26769.10,26782.50,26749.10,26781.70,0,
01_07_2026_15_00,26784.40,26796.30,26756.70,26782.80,0,
01_07_2026_15_05,26781.30,26791.60,26763.60,26771.80,0,
01_07_2026_15_10,26772.30,26797.70,26772.20,26792.80,0,
01_07_2026_15_15,26793.70,26801.70,26784.80,26791.20,0,
01_07_2026_15_20,26790.80,26793.20,26771.30,26777.90,0,
01_07_2026_15_25,26776.70,26784.40,26757.40,26768.90,0,
02_07_2026_09_15,27015.80,27019.50,26885.40,26900.60,0,
02_07_2026_09_20,26901.60,26949.80,26881.10,26945.40,0,
02_07_2026_09_25,26945.70,26945.70,26890.40,26890.40,0,
02_07_2026_09_30,26890.30,26910.10,26862.80,26864.70,0,
02_07_2026_09_35,26864.80,26895.20,26810.20,26829.90,0,
02_07_2026_09_40,26832.20,26869.40,26812.40,26854.30,0,
02_07_2026_09_45,26851.80,26861.80,26829.50,26832.10,0,
02_07_2026_09_50,26832.40,26838.40,26809.90,26818.80,0,
02_07_2026_09_55,26818.20,26822.20,26777.10,26810.90,0,
02_07_2026_10_00,26811.10,26834.30,26798.60,26820.50,0,
02_07_2026_10_05,26820.00,26854.00,26810.80,26836.30,0,
02_07_2026_10_10,26837.70,26874.10,26833.30,26841.20,0,
02_07_2026_10_15,26841.10,26853.90,26829.90,26845.70,0,
02_07_2026_10_20,26845.70,26857.80,26840.50,26850.80,0,
02_07_2026_10_25,26850.50,26877.80,26847.60,26874.40,0,
02_07_2026_10_30,26875.60,26876.70,26854.30,26856.60,0,
02_07_2026_10_35,26857.20,26900.30,26853.60,26893.20,0,
02_07_2026_10_40,26892.40,26897.20,26869.90,26891.20,0,
02_07_2026_10_45,26889.90,26895.20,26848.70,26861.10,0,
02_07_2026_10_50,26861.20,26870.40,26835.40,26843.50,0,
02_07_2026_10_55,26844.20,26846.60,26819.20,26841.10,0,
02_07_2026_11_00,26839.90,26872.20,26837.90,26856.60,0,
02_07_2026_11_05,26856.50,26862.40,26824.90,26830.30,0,
02_07_2026_11_10,26830.30,26840.10,26820.30,26823.60,0,
02_07_2026_11_15,26824.40,26862.80,26824.40,26858.20,0,
02_07_2026_11_20,26856.70,26872.40,26846.20,26871.90,0,
02_07_2026_11_25,26872.40,26880.40,26831.20,26837.90,0,
02_07_2026_11_30,26837.10,26848.80,26835.10,26846.10,0,
02_07_2026_11_35,26846.20,26852.30,26834.90,26836.30,0,
02_07_2026_11_40,26836.20,26856.60,26830.40,26856.40,0,
02_07_2026_11_45,26856.20,26888.40,26854.80,26877.80,0,
02_07_2026_11_50,26878.30,26893.80,26873.90,26875.60,0,
02_07_2026_11_55,26876.90,26900.60,26874.90,26896.20,0,
02_07_2026_12_00,26897.20,26900.20,26887.40,26897.20,0,
02_07_2026_12_05,26896.50,26899.60,26880.50,26888.20,0,
02_07_2026_12_10,26888.40,26893.20,26876.20,26884.60,0,
02_07_2026_12_15,26884.80,26916.60,26877.20,26913.70,0,
02_07_2026_12_20,26913.80,26932.70,26909.50,26925.10,0,
02_07_2026_12_25,26925.10,26939.70,26919.40,26935.90,0,
02_07_2026_12_30,26935.80,26957.10,26922.90,26954.80,0,
02_07_2026_12_35,26956.80,26964.50,26938.10,26948.60,0,
02_07_2026_12_40,26949.90,26950.40,26915.50,26917.40,0,
02_07_2026_12_45,26915.70,26941.60,26911.20,26937.40,0,
02_07_2026_12_50,26936.70,26953.60,26926.40,26953.60,0,
02_07_2026_12_55,26953.20,26987.40,26943.10,26963.40,0,
02_07_2026_13_00,26963.80,26979.40,26942.50,26967.40,0,
02_07_2026_13_05,26967.10,26997.10,26963.70,26995.60,0,
02_07_2026_13_10,26993.10,27022.80,26988.00,27020.20,0,
02_07_2026_13_15,27020.20,27074.60,27020.10,27055.90,0,
02_07_2026_13_20,27054.20,27068.70,27035.50,27066.30,0,
02_07_2026_13_25,27065.80,27077.80,27053.20,27059.60,0,
02_07_2026_13_30,27057.10,27058.10,27038.50,27039.80,0,
02_07_2026_13_35,27038.80,27046.70,27003.00,27011.30,0,
02_07_2026_13_40,27011.40,27018.30,27001.10,27003.20,0,
02_07_2026_13_45,27003.20,27005.10,26976.30,26984.50,0,
02_07_2026_13_50,26984.20,26994.10,26982.40,26987.50,0,
02_07_2026_13_55,26987.20,27008.80,26983.90,27007.20,0,
02_07_2026_14_00,27007.10,27022.90,26999.70,27004.90,0,
02_07_2026_14_05,27005.90,27014.70,26993.20,26998.30,0,
02_07_2026_14_10,26998.60,27001.70,26981.20,26984.50,0,
02_07_2026_14_15,26984.10,27011.30,26980.80,27007.10,0,
02_07_2026_14_20,27008.80,27036.40,27003.70,27029.30,0,
02_07_2026_14_25,27028.30,27031.10,27013.70,27027.80,0,
02_07_2026_14_30,27027.00,27056.20,27022.80,27038.40,0,
02_07_2026_14_35,27038.30,27044.70,27032.10,27038.70,0,
02_07_2026_14_40,27038.10,27061.60,27031.70,27056.60,0,
02_07_2026_14_45,27056.20,27072.80,27054.30,27066.90,0,
02_07_2026_14_50,27067.20,27081.10,27062.90,27071.00,0,
02_07_2026_14_55,27070.40,27097.10,27067.80,27089.40,0,
02_07_2026_15_00,27091.40,27097.40,27056.90,27062.20,0,
02_07_2026_15_05,27062.80,27095.50,27058.80,27084.80,0,
02_07_2026_15_10,27087.40,27114.80,27080.80,27112.60,0,
02_07_2026_15_15,27112.30,27121.40,27092.90,27097.30,0,
02_07_2026_15_20,27097.80,27129.80,27086.80,27120.20,0,
02_07_2026_15_25,27119.70,27141.40,27115.90,27122.00,0,
03_07_2026_09_15,27265.50,27308.80,27048.00,27144.20,0,
03_07_2026_09_20,27143.00,27153.20,27095.80,27101.20,0,
03_07_2026_09_25,27100.20,27113.10,27073.80,27073.80,0,
03_07_2026_09_30,27074.30,27115.90,27071.00,27091.80,0,
03_07_2026_09_35,27094.40,27103.80,27070.80,27095.30,0,
03_07_2026_09_40,27098.40,27111.10,27063.30,27092.80,0,
03_07_2026_09_45,27093.20,27103.70,27035.70,27039.90,0,
03_07_2026_09_50,27038.90,27061.60,27036.90,27059.80,0,
03_07_2026_09_55,27056.20,27088.80,27039.50,27056.10,0,
03_07_2026_10_00,27059.40,27090.20,27051.60,27061.80,0,
03_07_2026_10_05,27061.80,27095.30,27053.50,27094.80,0,
03_07_2026_10_10,27094.00,27152.20,27092.90,27129.00,0,
03_07_2026_10_15,27129.20,27135.60,27108.40,27119.00,0,
03_07_2026_10_20,27119.00,27167.80,27114.10,27157.20,0,
03_07_2026_10_25,27156.80,27200.90,27151.40,27184.10,0,
03_07_2026_10_30,27185.20,27191.70,27179.80,27185.20,0,
03_07_2026_10_35,27185.20,27185.40,27154.60,27167.40,0,
03_07_2026_10_40,27168.20,27186.70,27157.10,27180.20,0,
03_07_2026_10_45,27180.70,27200.80,27180.70,27192.60,0,
03_07_2026_10_50,27194.00,27200.10,27169.90,27184.80,0,
03_07_2026_10_55,27183.20,27186.90,27138.30,27143.30,0,
03_07_2026_11_00,27141.80,27155.20,27126.70,27130.90,0,
03_07_2026_11_05,27129.80,27144.20,27120.30,27123.70,0,
03_07_2026_11_10,27122.80,27125.50,27110.20,27118.20,0,
03_07_2026_11_15,27119.90,27135.20,27118.20,27135.20,0,
03_07_2026_11_20,27134.80,27143.20,27127.60,27142.20,0,
03_07_2026_11_25,27142.80,27142.80,27110.80,27115.10,0,
03_07_2026_11_30,27115.50,27124.80,27109.80,27114.70,0,
03_07_2026_11_35,27116.20,27135.80,27106.60,27129.50,0,
03_07_2026_11_40,27128.70,27131.70,27114.80,27119.60,0,
03_07_2026_11_45,27119.20,27124.40,27096.60,27123.90,0,
03_07_2026_11_50,27121.50,27145.80,27118.80,27141.10,0,
03_07_2026_11_55,27139.70,27172.80,27137.80,27167.40,0,
03_07_2026_12_00,27166.40,27168.10,27150.30,27151.40,0,
03_07_2026_12_05,27149.80,27157.20,27131.10,27133.90,0,
03_07_2026_12_10,27133.90,27142.80,27129.30,27135.20,0,
03_07_2026_12_15,27134.50,27138.10,27094.00,27104.70,0,
03_07_2026_12_20,27104.70,27112.30,27095.00,27103.20,0,
03_07_2026_12_25,27104.70,27119.90,27083.60,27110.60,0,
03_07_2026_12_30,27109.60,27121.20,27100.60,27103.80,0,
03_07_2026_12_35,27104.90,27113.60,27097.40,27104.80,0,
03_07_2026_12_40,27104.30,27109.40,27090.20,27100.00,0,
03_07_2026_12_45,27099.60,27104.50,27091.70,27102.30,0,
03_07_2026_12_50,27100.70,27124.30,27098.30,27116.30,0,
03_07_2026_12_55,27115.20,27118.70,27103.60,27113.70,0,
03_07_2026_13_00,27114.00,27114.20,27080.70,27088.20,0,
03_07_2026_13_05,27087.80,27088.70,27043.60,27045.40,0,
03_07_2026_13_10,27046.80,27061.80,27040.60,27061.10,0,
03_07_2026_13_15,27060.70,27068.90,27049.70,27068.70,0,
03_07_2026_13_20,27068.30,27082.50,27065.00,27074.00,0,
03_07_2026_13_25,27074.20,27084.80,27072.20,27083.40,0,
03_07_2026_13_30,27081.40,27094.20,27072.60,27078.30,0,
03_07_2026_13_35,27078.30,27086.10,27058.60,27084.20,0,
03_07_2026_13_40,27084.40,27096.70,27025.20,27030.40,0,
03_07_2026_13_45,27029.80,27042.40,27025.00,27039.40,0,
03_07_2026_13_50,27039.60,27048.50,27028.30,27038.00,0,
03_07_2026_13_55,27038.10,27048.40,27031.00,27033.90,0,
03_07_2026_14_00,27033.20,27040.20,27020.10,27031.20,0,
03_07_2026_14_05,27030.80,27042.80,27029.60,27036.90,0,
03_07_2026_14_10,27037.10,27041.00,27018.60,27021.30,0,
03_07_2026_14_15,27021.10,27023.20,27000.70,27009.80,0,
03_07_2026_14_20,27011.30,27012.10,26987.80,26995.80,0,
03_07_2026_14_25,26995.90,27013.10,26994.60,27009.80,0,
03_07_2026_14_30,27009.90,27030.80,27009.90,27022.30,0,
03_07_2026_14_35,27023.20,27023.20,26975.90,26979.40,0,
03_07_2026_14_40,26978.60,26989.60,26967.80,26977.30,0,
03_07_2026_14_45,26977.30,26992.90,26961.70,26985.80,0,
03_07_2026_14_50,26986.20,26993.40,26956.70,26967.20,0,
03_07_2026_14_55,26968.60,26977.30,26949.30,26958.70,0,
03_07_2026_15_00,26961.70,27009.30,26961.70,26991.80,0,
03_07_2026_15_05,26993.10,27006.00,26985.30,26993.60,0,
03_07_2026_15_10,26995.20,26997.80,26983.30,26993.50,0,
03_07_2026_15_15,26994.40,26995.50,26976.80,26986.30,0,
03_07_2026_15_20,26985.70,26994.60,26969.20,26979.20,0,
03_07_2026_15_25,26979.40,26988.80,26968.70,26981.10,0,
06_07_2026_09_15,27029.30,27054.20,26936.20,27029.40,0,
06_07_2026_09_20,27031.80,27046.60,26975.60,27001.10,0,
06_07_2026_09_25,27001.90,27091.30,26962.20,27091.30,0,
06_07_2026_09_30,27092.20,27108.80,27072.80,27086.80,0,
06_07_2026_09_35,27082.50,27102.60,27066.40,27093.50,0,
06_07_2026_09_40,27094.30,27109.90,27081.40,27092.40,0,
06_07_2026_09_45,27092.90,27113.50,27089.20,27112.30,0,
06_07_2026_09_50,27112.10,27140.70,27101.20,27132.30,0,
06_07_2026_09_55,27133.20,27181.40,27116.30,27181.00,0,
06_07_2026_10_00,27181.20,27203.50,27153.90,27159.80,0,
06_07_2026_10_05,27159.80,27185.60,27156.10,27171.80,0,
06_07_2026_10_10,27171.40,27172.30,27150.40,27168.70,0,
06_07_2026_10_15,27170.80,27245.80,27160.90,27239.80,0,
06_07_2026_10_20,27242.10,27253.10,27227.30,27243.10,0,
06_07_2026_10_25,27245.50,27278.60,27227.50,27245.90,0,
06_07_2026_10_30,27246.30,27254.40,27224.20,27241.10,0,
06_07_2026_10_35,27243.60,27272.60,27227.00,27270.20,0,
06_07_2026_10_40,27270.00,27290.20,27248.00,27290.20,0,
06_07_2026_10_45,27290.30,27302.80,27272.50,27297.80,0,
06_07_2026_10_50,27298.70,27302.20,27263.30,27278.20,0,
06_07_2026_10_55,27277.40,27293.90,27252.20,27269.20,0,
06_07_2026_11_00,27269.80,27346.00,27267.60,27344.10,0,
06_07_2026_11_05,27345.70,27388.50,27344.20,27368.70,0,
06_07_2026_11_10,27367.30,27372.70,27331.40,27338.20,0,
06_07_2026_11_15,27339.80,27361.40,27328.20,27348.10,0,
06_07_2026_11_20,27352.90,27370.20,27334.90,27362.10,0,
06_07_2026_11_25,27364.20,27387.40,27357.00,27375.80,0,
06_07_2026_11_30,27374.90,27376.10,27341.70,27345.80,0,
06_07_2026_11_35,27344.60,27362.60,27335.30,27358.70,0,
06_07_2026_11_40,27358.30,27371.80,27348.40,27356.80,0,
06_07_2026_11_45,27356.30,27360.30,27325.10,27325.60,0,
06_07_2026_11_50,27325.20,27335.20,27283.40,27311.80,0,
06_07_2026_11_55,27315.20,27327.80,27304.80,27323.50,0,
06_07_2026_12_00,27323.80,27332.70,27308.60,27318.80,0,
06_07_2026_12_05,27319.60,27319.60,27300.80,27312.90,0,
06_07_2026_12_10,27314.60,27316.80,27305.10,27316.80,0,
06_07_2026_12_15,27317.60,27327.00,27308.00,27312.90,0,
06_07_2026_12_20,27312.60,27314.10,27294.40,27307.70,0,
06_07_2026_12_25,27307.60,27326.40,27306.20,27325.90,0,
06_07_2026_12_30,27325.20,27333.60,27313.70,27314.80,0,
06_07_2026_12_35,27316.30,27321.80,27305.20,27306.80,0,
06_07_2026_12_40,27303.40,27319.10,27301.20,27312.80,0,
06_07_2026_12_45,27311.60,27315.30,27293.90,27293.90,0,
06_07_2026_12_50,27296.20,27304.20,27277.70,27294.50,0,
06_07_2026_12_55,27294.50,27311.70,27286.20,27310.30,0,
06_07_2026_13_00,27310.20,27313.40,27299.00,27310.80,0,
06_07_2026_13_05,27310.90,27311.90,27300.40,27309.20,0,
06_07_2026_13_10,27308.30,27315.40,27294.20,27304.90,0,
06_07_2026_13_15,27304.60,27307.80,27289.40,27291.80,0,
06_07_2026_13_20,27292.30,27296.40,27286.60,27288.80,0,
06_07_2026_13_25,27288.80,27299.80,27282.80,27293.00,0,
06_07_2026_13_30,27293.10,27296.50,27275.80,27280.10,0,
06_07_2026_13_35,27280.10,27304.10,27273.50,27300.70,0,
06_07_2026_13_40,27299.60,27301.10,27277.80,27281.10,0,
06_07_2026_13_45,27281.30,27290.80,27276.40,27280.30,0,
06_07_2026_13_50,27277.20,27279.80,27263.70,27272.00,0,
06_07_2026_13_55,27272.10,27280.50,27258.40,27259.80,0,
06_07_2026_14_00,27261.50,27277.40,27249.10,27275.70,0,
06_07_2026_14_05,27275.70,27285.80,27273.30,27283.40,0,
06_07_2026_14_10,27284.10,27296.50,27280.80,27289.70,0,
06_07_2026_14_15,27289.20,27292.60,27277.70,27280.70,0,
06_07_2026_14_20,27280.70,27287.10,27273.40,27286.20,0,
06_07_2026_14_25,27286.20,27294.20,27281.10,27287.70,0,
06_07_2026_14_30,27287.70,27299.80,27283.10,27298.60,0,
06_07_2026_14_35,27298.60,27310.80,27296.10,27301.30,0,
06_07_2026_14_40,27299.70,27301.80,27279.90,27284.10,0,
06_07_2026_14_45,27284.60,27295.60,27282.20,27290.30,0,
06_07_2026_14_50,27289.90,27313.20,27285.10,27312.80,0,
06_07_2026_14_55,27312.40,27324.90,27305.70,27321.10,0,
06_07_2026_15_00,27320.20,27347.40,27320.20,27342.60,0,
06_07_2026_15_05,27342.70,27364.70,27342.70,27362.30,0,
06_07_2026_15_10,27363.10,27363.10,27348.10,27355.80,0,
06_07_2026_15_15,27356.80,27364.10,27352.70,27355.40,0,
06_07_2026_15_20,27357.70,27362.20,27346.40,27356.20,0,
06_07_2026_15_25,27356.80,27368.20,27344.10,27351.90,0,
07_07_2026_09_15,27413.80,27437.50,27350.90,27423.30,0,
07_07_2026_09_20,27421.70,27444.10,27370.70,27411.90,0,
07_07_2026_09_25,27411.90,27417.80,27326.40,27391.70,0,
07_07_2026_09_30,27389.40,27390.70,27323.50,27326.20,0,
07_07_2026_09_35,27327.20,27362.00,27309.60,27317.70,0,
07_07_2026_09_40,27318.70,27331.60,27309.20,27316.20,0,
07_07_2026_09_45,27316.70,27325.80,27244.60,27261.80,0,
07_07_2026_09_50,27261.60,27281.50,27250.20,27261.30,0,
07_07_2026_09_55,27261.80,27313.90,27260.30,27289.20,0,
07_07_2026_10_00,27287.70,27322.60,27286.80,27309.00,0,
07_07_2026_10_05,27308.30,27335.10,27292.40,27335.10,0,
07_07_2026_10_10,27335.40,27399.40,27330.50,27356.30,0,
07_07_2026_10_15,27357.30,27372.80,27352.40,27372.60,0,
07_07_2026_10_20,27371.80,27377.70,27343.40,27350.80,0,
07_07_2026_10_25,27349.90,27356.40,27329.10,27335.10,0,
07_07_2026_10_30,27335.60,27358.60,27331.40,27352.20,0,
07_07_2026_10_35,27352.30,27355.70,27310.70,27331.80,0,
07_07_2026_10_40,27332.30,27332.80,27271.50,27277.10,0,
07_07_2026_10_45,27279.70,27310.60,27273.40,27304.80,0,
07_07_2026_10_50,27305.30,27305.30,27265.30,27279.30,0,
07_07_2026_10_55,27278.00,27299.00,27278.00,27296.80,0,
07_07_2026_11_00,27297.10,27319.70,27293.30,27318.60,0,
07_07_2026_11_05,27318.90,27371.20,27314.80,27365.80,0,
07_07_2026_11_10,27365.90,27404.20,27361.20,27397.80,0,
07_07_2026_11_15,27397.20,27432.40,27386.90,27428.00,0,
07_07_2026_11_20,27428.10,27452.80,27420.60,27431.70,0,
07_07_2026_11_25,27430.90,27435.00,27411.00,27418.30,0,
07_07_2026_11_30,27418.20,27421.10,27401.20,27409.30,0,
07_07_2026_11_35,27409.00,27420.40,27404.50,27406.80,0,
07_07_2026_11_40,27406.80,27411.60,27340.20,27350.30,0,
07_07_2026_11_45,27350.80,27364.10,27337.60,27362.00,0,
07_07_2026_11_50,27363.60,27378.60,27349.20,27374.60,0,
07_07_2026_11_55,27376.80,27379.10,27349.80,27378.80,0,
07_07_2026_12_00,27378.70,27390.10,27367.20,27373.80,0,
07_07_2026_12_05,27374.30,27382.40,27367.80,27378.30,0,
07_07_2026_12_10,27378.90,27385.70,27360.30,27367.50,0,
07_07_2026_12_15,27367.80,27367.80,27344.10,27346.80,0,
07_07_2026_12_20,27346.80,27355.70,27323.60,27330.70,0,
07_07_2026_12_25,27330.40,27357.60,27327.60,27347.60,0,
07_07_2026_12_30,27347.30,27348.20,27309.20,27321.50,0,
07_07_2026_12_35,27321.50,27342.40,27304.20,27322.80,0,
07_07_2026_12_40,27322.80,27328.80,27313.20,27324.70,0,
07_07_2026_12_45,27323.20,27329.60,27310.90,27325.20,0,
07_07_2026_12_50,27326.50,27334.10,27314.30,27320.30,0,
07_07_2026_12_55,27319.40,27354.90,27311.90,27351.70,0,
07_07_2026_13_00,27352.10,27352.10,27330.80,27330.90,0,
07_07_2026_13_05,27330.80,27333.50,27323.20,27329.50,0,
07_07_2026_13_10,27328.80,27333.40,27315.40,27327.00,0,
07_07_2026_13_15,27327.00,27327.80,27312.60,27318.50,0,
07_07_2026_13_20,27317.80,27335.10,27315.80,27334.80,0,
07_07_2026_13_25,27334.30,27364.80,27334.30,27362.70,0,
07_07_2026_13_30,27362.50,27367.80,27346.00,27358.10,0,
07_07_2026_13_35,27356.40,27356.40,27341.60,27348.60,0,
07_07_2026_13_40,27349.10,27374.00,27347.90,27374.00,0,
07_07_2026_13_45,27373.50,27381.10,27360.40,27360.80,0,
07_07_2026_13_50,27359.80,27380.80,27352.40,27377.50,0,
07_07_2026_13_55,27376.80,27385.10,27372.30,27373.40,0,
07_07_2026_14_00,27373.40,27390.40,27373.40,27387.70,0,
07_07_2026_14_05,27387.60,27401.20,27386.30,27398.50,0,
07_07_2026_14_10,27398.50,27398.50,27385.40,27394.90,0,
07_07_2026_14_15,27394.80,27396.90,27363.80,27374.60,0,
07_07_2026_14_20,27374.40,27375.70,27355.90,27362.70,0,
07_07_2026_14_25,27362.70,27371.20,27359.90,27362.30,0,
07_07_2026_14_30,27363.70,27378.90,27363.00,27372.80,0,
07_07_2026_14_35,27372.70,27387.20,27367.90,27374.90,0,
07_07_2026_14_40,27374.70,27376.50,27361.70,27373.90,0,
07_07_2026_14_45,27373.90,27382.30,27372.00,27379.60,0,
07_07_2026_14_50,27379.20,27388.30,27374.30,27386.90,0,
07_07_2026_14_55,27388.10,27391.70,27377.50,27381.40,0,
07_07_2026_15_00,27381.30,27397.30,27353.80,27387.70,0,
07_07_2026_15_05,27388.30,27388.30,27358.80,27359.60,0,
07_07_2026_15_10,27358.90,27362.80,27333.50,27343.30,0,
07_07_2026_15_15,27344.30,27353.40,27316.40,27316.40,0,
07_07_2026_15_20,27317.10,27317.10,27301.10,27314.30,0,
07_07_2026_15_25,27313.40,27313.40,27287.70,27304.20,0,
08_07_2026_09_15,27139.10,27206.80,27014.30,27146.70,0,
08_07_2026_09_20,27148.20,27148.20,27063.90,27066.70,0,
08_07_2026_09_25,27069.50,27071.90,26970.60,26981.70,0,
08_07_2026_09_30,26981.40,27016.70,26966.10,26980.80,0,
08_07_2026_09_35,26980.60,26991.10,26952.80,26988.40,0,
08_07_2026_09_40,26987.80,27020.30,26976.30,27004.20,0,
08_07_2026_09_45,27003.80,27078.10,27002.80,27060.20,0,
08_07_2026_09_50,27061.70,27104.60,27053.90,27085.00,0,
08_07_2026_09_55,27086.70,27101.90,27049.10,27059.80,0,
08_07_2026_10_00,27059.80,27076.10,27051.20,27068.60,0,
08_07_2026_10_05,27066.00,27076.00,27050.70,27068.70,0,
08_07_2026_10_10,27067.40,27071.10,27044.70,27057.40,0,
08_07_2026_10_15,27054.90,27092.90,27039.80,27080.90,0,
08_07_2026_10_20,27079.30,27084.30,27036.20,27037.30,0,
08_07_2026_10_25,27034.10,27074.60,27028.70,27060.90,0,
08_07_2026_10_30,27058.70,27130.80,27058.70,27130.60,0,
08_07_2026_10_35,27129.90,27172.90,27126.50,27171.40,0,
08_07_2026_10_40,27171.20,27216.80,27169.30,27195.30,0,
08_07_2026_10_45,27194.20,27196.30,27160.40,27189.60,0,
08_07_2026_10_50,27189.60,27206.80,27180.60,27180.60,0,
08_07_2026_10_55,27183.00,27233.10,27180.40,27232.10,0,
08_07_2026_11_00,27231.10,27237.10,27198.00,27206.60,0,
08_07_2026_11_05,27206.60,27231.80,27203.30,27218.80,0,
08_07_2026_11_10,27218.80,27235.80,27208.60,27212.80,0,
08_07_2026_11_15,27212.60,27215.00,27174.80,27194.30,0,
08_07_2026_11_20,27195.80,27214.10,27183.20,27209.40,0,
08_07_2026_11_25,27210.70,27264.50,27209.30,27264.30,0,
08_07_2026_11_30,27267.70,27270.30,27219.90,27227.30,0,
08_07_2026_11_35,27227.80,27232.10,27201.10,27218.10,0,
08_07_2026_11_40,27217.20,27227.90,27206.40,27219.80,0,
08_07_2026_11_45,27219.80,27228.10,27205.90,27220.60,0,
08_07_2026_11_50,27223.70,27230.30,27198.70,27204.20,0,
08_07_2026_11_55,27203.90,27208.70,27166.80,27174.70,0,
08_07_2026_12_00,27176.70,27188.50,27170.50,27187.70,0,
08_07_2026_12_05,27187.80,27229.20,27182.60,27199.90,0,
08_07_2026_12_10,27203.90,27212.10,27197.30,27203.70,0,
08_07_2026_12_15,27202.80,27227.90,27190.20,27225.90,0,
08_07_2026_12_20,27227.20,27227.50,27185.60,27185.60,0,
08_07_2026_12_25,27186.70,27199.50,27183.60,27191.90,0,
08_07_2026_12_30,27192.80,27204.20,27186.90,27197.00,0,
08_07_2026_12_35,27197.60,27198.20,27184.10,27187.40,0,
08_07_2026_12_40,27187.40,27227.10,27181.80,27227.10,0,
08_07_2026_12_45,27228.70,27264.70,27225.30,27241.80,0,
08_07_2026_12_50,27242.40,27269.00,27239.40,27264.70,0,
08_07_2026_12_55,27264.80,27290.80,27261.20,27287.10,0,
08_07_2026_13_00,27286.70,27317.40,27286.70,27300.20,0,
08_07_2026_13_05,27300.70,27367.20,27299.60,27330.70,0,
08_07_2026_13_10,27329.70,27341.80,27323.60,27329.90,0,
08_07_2026_13_15,27330.10,27340.80,27321.60,27331.60,0,
08_07_2026_13_20,27332.90,27335.10,27311.50,27323.20,0,
08_07_2026_13_25,27324.30,27324.30,27297.30,27301.30,0,
08_07_2026_13_30,27302.20,27304.10,27270.20,27282.70,0,
08_07_2026_13_35,27283.10,27295.10,27268.00,27286.90,0,
08_07_2026_13_40,27286.80,27291.80,27263.10,27268.20,0,
08_07_2026_13_45,27268.70,27278.60,27143.30,27159.90,0,
08_07_2026_13_50,27159.40,27159.40,27030.60,27039.30,0,
08_07_2026_13_55,27045.30,27070.10,26967.20,26973.60,0,
08_07_2026_14_00,26976.00,26988.30,26920.80,26923.60,0,
08_07_2026_14_05,26922.10,26938.20,26822.80,26833.60,0,
08_07_2026_14_10,26832.70,26856.80,26746.20,26770.80,0,
08_07_2026_14_15,26761.70,26879.60,26758.20,26781.40,0,
08_07_2026_14_20,26784.40,26829.30,26767.20,26799.40,0,
08_07_2026_14_25,26804.20,26817.70,26754.60,26762.10,0,
08_07_2026_14_30,26758.20,26828.20,26745.60,26770.40,0,
08_07_2026_14_35,26771.20,26788.60,26717.90,26720.30,0,
08_07_2026_14_40,26725.70,26748.80,26709.80,26724.60,0,
08_07_2026_14_45,26723.70,26723.90,26651.30,26673.20,0,
08_07_2026_14_50,26673.50,26684.30,26620.80,26645.80,0,
08_07_2026_14_55,26645.90,26672.10,26625.60,26652.40,0,
08_07_2026_15_00,26646.20,26718.70,26646.20,26684.80,0,
08_07_2026_15_05,26685.60,26696.70,26658.20,26688.70,0,
08_07_2026_15_10,26687.80,26734.80,26687.20,26710.80,0,
08_07_2026_15_15,26711.60,26785.40,26710.20,26773.20,0,
08_07_2026_15_20,26772.60,26801.60,26772.60,26779.90,0,
08_07_2026_15_25,26779.80,26785.40,26745.10,26775.10,0,
09_07_2026_09_15,26778.00,26946.20,26777.60,26899.30,0,
09_07_2026_09_20,26895.70,26907.20,26849.50,26905.00,0,
09_07_2026_09_25,26905.10,26905.10,26860.30,26863.30,0,
09_07_2026_09_30,26863.30,26899.40,26812.50,26843.80,0,
09_07_2026_09_35,26843.20,26856.50,26810.80,26826.40,0,
09_07_2026_09_40,26831.20,26831.70,26788.10,26788.10,0,
09_07_2026_09_45,26787.20,26836.10,26786.20,26802.30,0,
09_07_2026_09_50,26802.30,26805.30,26790.60,26803.10,0,
09_07_2026_09_55,26802.80,26824.40,26770.70,26798.60,0,
09_07_2026_10_00,26797.80,26824.70,26791.40,26793.80,0,
09_07_2026_10_05,26792.90,26795.70,26773.60,26786.20,0,
09_07_2026_10_10,26783.80,26789.80,26727.80,26728.10,0,
09_07_2026_10_15,26726.90,26776.40,26722.60,26762.90,0,
09_07_2026_10_20,26762.60,26785.80,26748.10,26783.20,0,
09_07_2026_10_25,26783.60,26785.60,26733.40,26744.80,0,
09_07_2026_10_30,26746.10,26754.40,26694.10,26702.20,0,
09_07_2026_10_35,26702.20,26715.30,26681.30,26715.30,0,
09_07_2026_10_40,26715.20,26791.90,26687.70,26736.70,0,
09_07_2026_10_45,26735.10,26742.40,26686.40,26699.50,0,
09_07_2026_10_50,26698.70,26725.40,26687.10,26704.10,0,
09_07_2026_10_55,26703.30,26705.80,26651.50,26661.40,0,
09_07_2026_11_00,26661.00,26665.40,26613.90,26643.10,0,
09_07_2026_11_05,26643.60,26652.90,26638.50,26644.30,0,
09_07_2026_11_10,26644.80,26685.00,26642.00,26683.60,0,
09_07_2026_11_15,26684.20,26766.70,26683.70,26764.30,0,
09_07_2026_11_20,26764.80,26785.40,26753.80,26776.00,0,
09_07_2026_11_25,26775.00,26807.80,26766.80,26794.90,0,
09_07_2026_11_30,26792.80,26795.70,26759.00,26781.40,0,
09_07_2026_11_35,26781.70,26786.50,26762.20,26783.80,0,
09_07_2026_11_40,26781.20,26787.00,26754.90,26762.60,0,
09_07_2026_11_45,26762.10,26792.20,26758.70,26777.60,0,
09_07_2026_11_50,26778.90,26798.20,26772.30,26775.90,0,
09_07_2026_11_55,26775.70,26795.30,26768.20,26782.50,0,
09_07_2026_12_00,26782.80,26805.40,26781.90,26805.40,0,
09_07_2026_12_05,26804.60,26818.00,26803.80,26810.40,0,
09_07_2026_12_10,26810.40,26820.80,26797.60,26811.10,0,
09_07_2026_12_15,26811.60,26824.20,26795.70,26808.70,0,
09_07_2026_12_20,26808.70,26819.80,26795.70,26814.20,0,
09_07_2026_12_25,26814.10,26824.70,26804.40,26815.30,0,
09_07_2026_12_30,26815.20,26819.90,26748.30,26751.90,0,
09_07_2026_12_35,26751.90,26755.10,26728.60,26737.70,0,
09_07_2026_12_40,26738.10,26752.70,26723.20,26751.10,0,
09_07_2026_12_45,26750.80,26755.80,26728.80,26746.80,0,
09_07_2026_12_50,26747.50,26751.30,26731.80,26748.50,0,
09_07_2026_12_55,26748.50,26756.80,26738.60,26748.80,0,
09_07_2026_13_00,26749.20,26762.10,26738.70,26757.90,0,
09_07_2026_13_05,26757.80,26769.20,26746.50,26749.40,0,
09_07_2026_13_10,26749.60,26773.40,26747.10,26772.10,0,
09_07_2026_13_15,26771.20,26777.60,26761.20,26771.40,0,
09_07_2026_13_20,26771.40,26778.20,26761.10,26763.80,0,
09_07_2026_13_25,26763.70,26763.90,26741.60,26749.20,0,
09_07_2026_13_30,26749.10,26788.70,26745.90,26784.70,0,
09_07_2026_13_35,26787.20,26818.60,26780.30,26816.90,0,
09_07_2026_13_40,26816.90,26816.90,26793.20,26797.80,0,
09_07_2026_13_45,26799.40,26799.90,26776.80,26785.00,0,
09_07_2026_13_50,26784.90,26789.60,26760.90,26764.60,0,
09_07_2026_13_55,26766.80,26770.90,26751.60,26760.30,0,
09_07_2026_14_00,26760.90,26778.90,26758.30,26774.10,0,
09_07_2026_14_05,26774.80,26796.00,26770.10,26783.10,0,
09_07_2026_14_10,26783.90,26793.30,26775.30,26787.10,0,
09_07_2026_14_15,26786.70,26794.20,26766.40,26772.10,0,
09_07_2026_14_20,26772.30,26780.80,26760.10,26780.80,0,
09_07_2026_14_25,26780.80,26790.40,26771.90,26784.20,0,
09_07_2026_14_30,26783.80,26807.90,26771.90,26803.10,0,
09_07_2026_14_35,26802.40,26805.80,26775.80,26779.20,0,
09_07_2026_14_40,26779.10,26780.20,26737.10,26760.40,0,
09_07_2026_14_45,26761.50,26762.30,26741.30,26749.00,0,
09_07_2026_14_50,26748.70,26755.20,26738.90,26742.40,0,
09_07_2026_14_55,26742.30,26745.10,26726.80,26730.80,0,
09_07_2026_15_00,26730.00,26730.00,26672.80,26686.90,0,
09_07_2026_15_05,26685.30,26692.40,26647.80,26687.00,0,
09_07_2026_15_10,26683.30,26687.90,26665.40,26670.70,0,
09_07_2026_15_15,26669.70,26670.20,26656.80,26667.20,0,
09_07_2026_15_20,26668.30,26678.90,26663.10,26670.90,0,
09_07_2026_15_25,26670.80,26688.60,26653.60,26685.40,0,
10_07_2026_09_15,26858.80,26894.40,26800.40,26833.90,0,
10_07_2026_09_20,26833.50,26871.10,26813.00,26862.30,0,
10_07_2026_09_25,26862.00,26883.70,26858.30,26871.60,0,
10_07_2026_09_30,26871.10,26962.60,26869.90,26950.80,0,
10_07_2026_09_35,26956.40,26976.40,26925.50,26931.90,0,
10_07_2026_09_40,26931.20,26966.10,26927.30,26930.70,0,
10_07_2026_09_45,26930.90,26935.20,26893.90,26905.20,0,
10_07_2026_09_50,26904.10,26924.90,26887.90,26906.80,0,
10_07_2026_09_55,26907.10,26938.30,26905.10,26923.30,0,
10_07_2026_10_00,26924.20,26931.00,26914.70,26928.90,0,
10_07_2026_10_05,26928.70,26930.50,26912.20,26925.70,0,
10_07_2026_10_10,26927.20,26949.60,26913.60,26923.40,0,
10_07_2026_10_15,26922.80,26929.30,26904.70,26925.70,0,
10_07_2026_10_20,26926.70,26935.30,26899.20,26899.20,0,
10_07_2026_10_25,26901.10,26930.80,26887.90,26890.20,0,
10_07_2026_10_30,26890.20,26892.70,26849.90,26870.40,0,
10_07_2026_10_35,26872.00,26872.90,26831.90,26847.30,0,
10_07_2026_10_40,26846.40,26856.90,26844.20,26851.00,0,
10_07_2026_10_45,26853.30,26853.30,26811.50,26811.80,0,
10_07_2026_10_50,26812.30,26840.70,26782.80,26832.90,0,
10_07_2026_10_55,26833.40,26838.20,26816.50,26824.60,0,
10_07_2026_11_00,26825.50,26833.40,26816.10,26823.90,0,
10_07_2026_11_05,26824.40,26824.80,26809.70,26811.40,0,
10_07_2026_11_10,26809.90,26817.00,26794.00,26810.20,0,
10_07_2026_11_15,26810.60,26811.40,26788.40,26807.90,0,
10_07_2026_11_20,26807.60,26809.20,26792.30,26806.40,0,
10_07_2026_11_25,26806.00,26811.50,26793.50,26802.20,0,
10_07_2026_11_30,26802.80,26833.90,26799.90,26832.40,0,
10_07_2026_11_35,26832.70,26836.30,26816.60,26824.80,0,
10_07_2026_11_40,26824.60,26834.10,26819.60,26825.20,0,
10_07_2026_11_45,26824.20,26853.40,26822.20,26849.80,0,
10_07_2026_11_50,26849.90,26853.90,26834.60,26844.50,0,
10_07_2026_11_55,26844.70,26846.10,26826.40,26842.20,0,
10_07_2026_12_00,26840.80,26880.20,26839.20,26868.20,0,
10_07_2026_12_05,26868.10,26876.90,26859.80,26860.50,0,
10_07_2026_12_10,26860.20,26864.20,26846.60,26854.80,0,
10_07_2026_12_15,26854.80,26862.40,26851.10,26852.30,0,
10_07_2026_12_20,26853.10,26866.10,26850.10,26865.40,0,
10_07_2026_12_25,26865.40,26886.40,26860.20,26880.50,0,
10_07_2026_12_30,26879.70,26883.00,26856.00,26866.80,0,
10_07_2026_12_35,26866.60,26868.90,26845.10,26847.40,0,
10_07_2026_12_40,26845.70,26854.40,26838.20,26853.80,0,
10_07_2026_12_45,26854.20,26864.10,26847.80,26851.20,0,
10_07_2026_12_50,26851.40,26852.40,26835.20,26839.80,0,
10_07_2026_12_55,26840.40,26846.60,26830.40,26830.80,0,
10_07_2026_13_00,26831.60,26839.80,26828.90,26833.50,0,
10_07_2026_13_05,26833.90,26834.60,26804.90,26805.60,0,
10_07_2026_13_10,26804.80,26812.30,26795.70,26807.30,0,
10_07_2026_13_15,26806.80,26809.80,26796.50,26797.90,0,
10_07_2026_13_20,26798.60,26805.20,26774.20,26789.60,0,
10_07_2026_13_25,26790.20,26815.00,26788.60,26812.70,0,
10_07_2026_13_30,26810.70,26836.10,26810.70,26823.30,0,
10_07_2026_13_35,26822.90,26840.30,26821.50,26840.30,0,
10_07_2026_13_40,26841.80,26846.70,26835.80,26843.80,0,
10_07_2026_13_45,26843.10,26848.10,26836.10,26839.10,0,
10_07_2026_13_50,26839.30,26858.20,26839.20,26857.60,0,
10_07_2026_13_55,26856.60,26875.00,26854.60,26874.10,0,
10_07_2026_14_00,26873.80,26906.20,26873.80,26898.00,0,
10_07_2026_14_05,26897.90,26899.80,26856.90,26859.70,0,
10_07_2026_14_10,26859.70,26871.40,26853.00,26867.70,0,
10_07_2026_14_15,26867.50,26875.20,26862.40,26872.70,0,
10_07_2026_14_20,26873.20,26877.10,26864.80,26874.90,0,
10_07_2026_14_25,26874.40,26889.10,26861.20,26888.90,0,
10_07_2026_14_30,26889.90,26901.00,26886.70,26889.10,0,
10_07_2026_14_35,26886.50,26894.20,26865.80,26881.90,0,
10_07_2026_14_40,26880.90,26899.70,26875.60,26883.40,0,
10_07_2026_14_45,26882.80,26891.10,26872.80,26877.20,0,
10_07_2026_14_50,26877.20,26880.70,26848.20,26849.20,0,
10_07_2026_14_55,26849.30,26863.30,26844.20,26849.40,0,
10_07_2026_15_00,26851.70,26869.70,26837.50,26860.20,0,
10_07_2026_15_05,26861.30,26875.10,26853.80,26873.80,0,
10_07_2026_15_10,26874.70,26878.70,26856.60,26861.90,0,
10_07_2026_15_15,26860.90,26866.50,26849.00,26854.80,0,
10_07_2026_15_20,26852.90,26866.20,26849.40,26863.90,0,
10_07_2026_15_25,26863.20,26877.70,26853.50,26867.10,0,
13_07_2026_09_15,26629.70,26647.10,26490.00,26611.90,0,
13_07_2026_09_20,26607.80,26647.20,26593.90,26613.70,0,
13_07_2026_09_25,26614.50,26630.00,26590.10,26607.60,0,
13_07_2026_09_30,26607.20,26609.20,26537.70,26561.80,0,
13_07_2026_09_35,26558.20,26638.30,26522.60,26626.80,0,
13_07_2026_09_40,26626.20,26637.90,26605.60,26628.60,0,
13_07_2026_09_45,26628.70,26645.60,26604.90,26645.20,0,
13_07_2026_09_50,26644.40,26664.30,26633.40,26650.10,0,
13_07_2026_09_55,26648.30,26679.20,26645.00,26677.00,0,
13_07_2026_10_00,26677.10,26705.10,26670.60,26692.30,0,
13_07_2026_10_05,26692.80,26731.20,26680.70,26725.20,0,
13_07_2026_10_10,26725.20,26749.10,26720.90,26735.90,0,
13_07_2026_10_15,26736.70,26742.20,26714.50,26730.60,0,
13_07_2026_10_20,26730.60,26751.30,26709.60,26745.30,0,
13_07_2026_10_25,26745.20,26780.10,26733.60,26775.20,0,
13_07_2026_10_30,26775.10,26845.20,26771.40,26843.90,0,
13_07_2026_10_35,26842.20,26864.20,26819.80,26822.20,0,
13_07_2026_10_40,26821.90,26841.10,26816.50,26834.30,0,
13_07_2026_10_45,26834.40,26837.30,26796.80,26800.10,0,
13_07_2026_10_50,26799.70,26799.80,26774.90,26781.80,0,
13_07_2026_10_55,26780.90,26827.50,26780.70,26822.30,0,
13_07_2026_11_00,26822.30,26827.30,26801.90,26818.20,0,
13_07_2026_11_05,26817.80,26833.30,26810.90,26827.90,0,
13_07_2026_11_10,26828.20,26889.60,26827.30,26848.90,0,
13_07_2026_11_15,26846.90,26883.30,26842.10,26879.50,0,
13_07_2026_11_20,26883.20,26976.30,26881.20,26972.20,0,
13_07_2026_11_25,26973.20,26980.40,26923.80,26933.10,0,
13_07_2026_11_30,26932.90,26942.40,26910.40,26918.40,0,
13_07_2026_11_35,26918.80,26929.10,26909.80,26920.90,0,
13_07_2026_11_40,26920.30,26927.20,26880.90,26891.20,0,
13_07_2026_11_45,26892.00,26896.20,26865.50,26876.30,0,
13_07_2026_11_50,26876.60,26886.80,26864.80,26870.80,0,
13_07_2026_11_55,26870.80,26882.10,26851.80,26877.20,0,
13_07_2026_12_00,26876.60,26908.30,26875.90,26896.80,0,
13_07_2026_12_05,26897.80,26898.80,26879.60,26885.80,0,
13_07_2026_12_10,26887.00,26908.80,26858.10,26888.20,0,
13_07_2026_12_15,26888.00,26904.60,26866.40,26891.60,0,
13_07_2026_12_20,26891.80,26923.60,26884.70,26909.30,0,
13_07_2026_12_25,26909.30,26909.80,26853.30,26864.30,0,
13_07_2026_12_30,26864.20,26867.40,26817.90,26853.40,0,
13_07_2026_12_35,26853.20,26881.80,26851.10,26878.80,0,
13_07_2026_12_40,26879.40,26888.20,26867.10,26878.90,0,
13_07_2026_12_45,26878.10,26900.00,26877.60,26890.30,0,
13_07_2026_12_50,26890.00,26939.90,26881.20,26916.40,0,
13_07_2026_12_55,26916.50,26921.20,26899.10,26909.70,0,
13_07_2026_13_00,26910.50,26910.50,26873.30,26879.90,0,
13_07_2026_13_05,26880.30,26891.20,26873.80,26887.20,0,
13_07_2026_13_10,26886.90,26893.60,26879.20,26893.20,0,
13_07_2026_13_15,26892.60,26895.80,26875.30,26880.60,0,
13_07_2026_13_20,26879.30,26896.20,26870.40,26879.80,0,
13_07_2026_13_25,26879.30,26879.80,26842.20,26847.20,0,
13_07_2026_13_30,26847.00,26873.80,26846.70,26851.80,0,
13_07_2026_13_35,26850.80,26888.20,26849.30,26884.80,0,
13_07_2026_13_40,26884.30,26898.30,26880.20,26880.80,0,
13_07_2026_13_45,26880.80,26902.60,26879.20,26899.90,0,
13_07_2026_13_50,26898.80,26899.80,26883.90,26887.80,0,
13_07_2026_13_55,26887.80,26894.90,26872.70,26888.60,0,
13_07_2026_14_00,26888.40,26909.80,26882.20,26905.80,0,
13_07_2026_14_05,26905.80,26935.80,26902.90,26927.90,0,
13_07_2026_14_10,26927.20,26933.00,26913.20,26924.80,0,
13_07_2026_14_15,26924.80,26959.20,26923.90,26940.80,0,
13_07_2026_14_20,26940.60,26950.20,26926.80,26946.90,0,
13_07_2026_14_25,26947.20,26951.80,26924.80,26941.10,0,
13_07_2026_14_30,26941.30,26991.20,26935.20,26990.90,0,
13_07_2026_14_35,26991.10,26992.30,26969.20,26970.30,0,
13_07_2026_14_40,26970.60,26980.20,26959.80,26976.20,0,
13_07_2026_14_45,26976.20,27022.10,26973.50,27013.50,0,
13_07_2026_14_50,27013.60,27033.80,27011.70,27033.20,0,
13_07_2026_14_55,27031.80,27032.10,26994.50,27011.80,0,
13_07_2026_15_00,27010.60,27011.80,26962.50,26978.40,0,
13_07_2026_15_05,26978.30,26984.40,26969.70,26975.80,0,
13_07_2026_15_10,26976.30,26979.50,26959.00,26974.30,0,
13_07_2026_15_15,26972.80,26983.50,26972.20,26978.20,0,
13_07_2026_15_20,26977.70,26984.40,26964.20,26982.20,0,
13_07_2026_15_25,26983.80,27011.90,26969.90,26995.80,0,
14_07_2026_09_15,26739.80,26817.00,26686.70,26749.30,0,
14_07_2026_09_20,26747.60,26762.20,26690.40,26704.90,0,
14_07_2026_09_25,26705.80,26705.80,26618.00,26623.80,0,
14_07_2026_09_30,26622.10,26655.40,26603.20,26649.60,0,
14_07_2026_09_35,26649.70,26652.10,26600.90,26613.20,0,
14_07_2026_09_40,26610.80,26614.80,26586.80,26607.80,0,
14_07_2026_09_45,26608.30,26609.40,26541.80,26565.20,0,
14_07_2026_09_50,26566.10,26567.30,26513.60,26514.90,0,
14_07_2026_09_55,26515.80,26544.20,26507.20,26530.90,0,
14_07_2026_10_00,26533.50,26601.80,26525.50,26598.30,0,
14_07_2026_10_05,26597.90,26608.60,26577.40,26597.20,0,
14_07_2026_10_10,26597.30,26602.30,26568.60,26574.90,0,
14_07_2026_10_15,26576.20,26576.20,26519.40,26525.70,0,
14_07_2026_10_20,26525.60,26588.90,26524.20,26578.80,0,
14_07_2026_10_25,26580.80,26593.20,26551.70,26560.20,0,
14_07_2026_10_30,26562.50,26596.80,26556.90,26583.30,0,
14_07_2026_10_35,26581.80,26597.20,26554.30,26566.10,0,
14_07_2026_10_40,26566.40,26576.10,26547.60,26564.70,0,
14_07_2026_10_45,26564.40,26602.20,26560.70,26602.20,0,
14_07_2026_10_50,26601.10,26619.20,26593.40,26601.30,0,
14_07_2026_10_55,26601.50,26623.90,26594.00,26608.60,0,
14_07_2026_11_00,26608.80,26631.10,26600.60,26617.40,0,
14_07_2026_11_05,26617.30,26626.90,26591.10,26597.70,0,
14_07_2026_11_10,26598.10,26617.10,26581.60,26616.80,0,
14_07_2026_11_15,26612.40,26617.70,26603.80,26612.30,0,
14_07_2026_11_20,26612.10,26619.90,26599.90,26617.40,0,
14_07_2026_11_25,26617.80,26618.30,26596.10,26603.30,0,
14_07_2026_11_30,26604.40,26616.80,26598.60,26601.90,0,
14_07_2026_11_35,26602.40,26615.70,26593.20,26604.10,0,
14_07_2026_11_40,26604.20,26619.90,26584.40,26614.40,0,
14_07_2026_11_45,26615.90,26618.70,26598.00,26607.10,0,
14_07_2026_11_50,26607.40,26637.40,26605.80,26624.10,0,
14_07_2026_11_55,26625.60,26629.30,26597.40,26607.30,0,
14_07_2026_12_00,26606.70,26628.60,26604.40,26615.70,0,
14_07_2026_12_05,26616.90,26620.20,26599.00,26614.40,0,
14_07_2026_12_10,26614.20,26620.50,26603.30,26608.60,0,
14_07_2026_12_15,26608.80,26617.80,26592.80,26612.80,0,
14_07_2026_12_20,26612.80,26614.90,26596.30,26600.00,0,
14_07_2026_12_25,26600.60,26601.60,26556.10,26557.80,0,
14_07_2026_12_30,26559.00,26583.70,26552.40,26582.70,0,
14_07_2026_12_35,26582.70,26608.60,26579.40,26608.10,0,
14_07_2026_12_40,26607.70,26621.10,26598.30,26619.70,0,
14_07_2026_12_45,26619.30,26621.20,26607.20,26609.60,0,
14_07_2026_12_50,26609.30,26610.70,26589.60,26591.50,0,
14_07_2026_12_55,26591.20,26609.90,26583.70,26585.00,0,
14_07_2026_13_00,26585.80,26603.00,26569.10,26599.10,0,
14_07_2026_13_05,26599.20,26611.20,26596.30,26604.50,0,
14_07_2026_13_10,26602.00,26607.20,26587.40,26589.20,0,
14_07_2026_13_15,26590.90,26599.80,26582.80,26599.30,0,
14_07_2026_13_20,26599.90,26621.00,26598.60,26607.50,0,
14_07_2026_13_25,26609.40,26629.70,26603.20,26629.30,0,
14_07_2026_13_30,26629.70,26633.80,26606.20,26610.50,0,
14_07_2026_13_35,26610.30,26611.60,26546.90,26560.80,0,
14_07_2026_13_40,26562.80,26568.30,26549.50,26559.30,0,
14_07_2026_13_45,26559.60,26568.20,26556.70,26561.20,0,
14_07_2026_13_50,26561.10,26565.60,26544.80,26550.30,0,
14_07_2026_13_55,26549.30,26578.60,26549.30,26560.30,0,
14_07_2026_14_00,26559.80,26559.80,26521.40,26553.20,0,
14_07_2026_14_05,26553.80,26553.80,26519.80,26523.70,0,
14_07_2026_14_10,26525.20,26553.80,26522.50,26553.80,0,
14_07_2026_14_15,26554.00,26556.30,26530.20,26535.20,0,
14_07_2026_14_20,26535.10,26548.50,26525.20,26533.10,0,
14_07_2026_14_25,26534.20,26543.90,26521.80,26527.30,0,
14_07_2026_14_30,26528.70,26532.80,26511.00,26529.20,0,
14_07_2026_14_35,26528.60,26545.30,26523.70,26542.10,0,
14_07_2026_14_40,26542.20,26544.60,26526.80,26531.90,0,
14_07_2026_14_45,26531.90,26538.30,26513.60,26522.80,0,
14_07_2026_14_50,26522.00,26529.40,26504.60,26527.90,0,
14_07_2026_14_55,26527.40,26546.10,26516.10,26522.10,0,
14_07_2026_15_00,26523.60,26555.10,26518.20,26552.80,0,
14_07_2026_15_05,26556.70,26569.40,26549.20,26561.30,0,
14_07_2026_15_10,26564.20,26564.70,26532.90,26546.40,0,
14_07_2026_15_15,26546.20,26553.80,26533.60,26540.40,0,
14_07_2026_15_20,26544.30,26553.90,26538.00,26544.20,0,
14_07_2026_15_25,26544.50,26549.50,26533.10,26539.20,0,
15_07_2026_09_15,26650.20,26754.90,26586.20,26737.30,0,
15_07_2026_09_20,26738.20,26788.40,26736.60,26752.60,0,
15_07_2026_09_25,26751.10,26752.60,26719.70,26724.20,0,
15_07_2026_09_30,26727.60,26780.30,26727.60,26771.90,0,
15_07_2026_09_35,26771.60,26834.10,26755.90,26831.70,0,
15_07_2026_09_40,26835.10,26844.30,26805.30,26808.80,0,
15_07_2026_09_45,26807.60,26831.90,26782.60,26784.60,0,
15_07_2026_09_50,26784.80,26809.30,26784.80,26793.60,0,
15_07_2026_09_55,26793.60,26794.90,26742.70,26746.80,0,
15_07_2026_10_00,26746.20,26747.30,26686.90,26698.30,0,
15_07_2026_10_05,26698.20,26700.10,26675.20,26692.10,0,
15_07_2026_10_10,26692.80,26720.60,26681.50,26719.90,0,
15_07_2026_10_15,26719.20,26736.20,26716.90,26719.90,0,
15_07_2026_10_20,26718.10,26727.30,26702.30,26705.70,0,
15_07_2026_10_25,26705.10,26709.80,26692.80,26702.90,0,
15_07_2026_10_30,26702.70,26770.10,26702.10,26762.30,0,
15_07_2026_10_35,26761.00,26774.10,26730.80,26731.40,0,
15_07_2026_10_40,26730.30,26733.60,26703.50,26707.10,0,
15_07_2026_10_45,26706.20,26709.20,26680.40,26682.60,0,
15_07_2026_10_50,26682.80,26691.80,26675.30,26684.80,0,
15_07_2026_10_55,26683.20,26700.70,26672.30,26692.70,0,
15_07_2026_11_00,26691.60,26693.90,26675.20,26685.70,0,
15_07_2026_11_05,26686.10,26692.10,26666.20,26680.30,0,
15_07_2026_11_10,26679.70,26692.90,26653.50,26654.40,0,
15_07_2026_11_15,26655.10,26664.40,26650.80,26658.20,0,
15_07_2026_11_20,26658.70,26665.70,26644.60,26652.70,0,
15_07_2026_11_25,26651.40,26686.30,26645.70,26672.90,0,
15_07_2026_11_30,26672.30,26721.40,26672.30,26711.80,0,
15_07_2026_11_35,26711.20,26719.10,26695.90,26708.30,0,
15_07_2026_11_40,26708.10,26731.30,26689.00,26716.60,0,
15_07_2026_11_45,26716.60,26724.40,26705.20,26706.40,0,
15_07_2026_11_50,26706.70,26744.80,26701.70,26727.20,0,
15_07_2026_11_55,26727.40,26746.60,26724.00,26731.40,0,
15_07_2026_12_00,26731.30,26738.70,26721.20,26734.80,0,
15_07_2026_12_05,26734.60,26753.10,26730.90,26739.20,0,
15_07_2026_12_10,26739.20,26743.30,26725.80,26740.90,0,
15_07_2026_12_15,26741.40,26741.40,26725.80,26726.30,0,
15_07_2026_12_20,26725.60,26728.60,26706.40,26709.70,0,
15_07_2026_12_25,26709.10,26722.30,26694.20,26694.40,0,
15_07_2026_12_30,26694.40,26710.40,26693.80,26705.20,0,
15_07_2026_12_35,26705.40,26706.20,26680.80,26680.80,0,
15_07_2026_12_40,26681.30,26704.60,26671.80,26700.80,0,
15_07_2026_12_45,26700.80,26706.70,26687.90,26700.10,0,
15_07_2026_12_50,26699.80,26704.70,26678.90,26681.90,0,
15_07_2026_12_55,26681.40,26681.70,26573.20,26608.20,0,
15_07_2026_13_00,26607.10,26632.40,26591.60,26618.80,0,
15_07_2026_13_05,26619.60,26623.20,26590.30,26598.40,0,
15_07_2026_13_10,26598.40,26607.70,26586.20,26607.70,0,
15_07_2026_13_15,26604.80,26645.10,26599.20,26641.50,0,
15_07_2026_13_20,26641.40,26644.50,26621.40,26625.20,0,
15_07_2026_13_25,26625.30,26629.30,26620.10,26626.90,0,
15_07_2026_13_30,26627.40,26628.90,26615.90,26618.50,0,
15_07_2026_13_35,26619.20,26636.20,26616.30,26624.50,0,
15_07_2026_13_40,26624.40,26625.20,26613.80,26616.90,0,
15_07_2026_13_45,26617.70,26636.30,26609.50,26627.30,0,
15_07_2026_13_50,26626.30,26627.20,26606.00,26613.30,0,
15_07_2026_13_55,26613.20,26643.60,26610.70,26639.40,0,
15_07_2026_14_00,26639.40,26649.20,26638.90,26643.50,0,
15_07_2026_14_05,26643.40,26649.80,26633.80,26647.30,0,
15_07_2026_14_10,26647.20,26650.60,26633.50,26641.30,0,
15_07_2026_14_15,26640.90,26652.90,26637.80,26641.30,0,
15_07_2026_14_20,26641.40,26645.60,26635.60,26640.80,0,
15_07_2026_14_25,26640.20,26645.30,26635.40,26643.60,0,
15_07_2026_14_30,26643.60,26649.10,26632.60,26640.60,0,
15_07_2026_14_35,26639.80,26673.40,26638.10,26670.40,0,
15_07_2026_14_40,26670.10,26671.90,26643.80,26651.40,0,
15_07_2026_14_45,26650.20,26653.50,26627.40,26628.20,0,
15_07_2026_14_50,26625.40,26642.30,26619.90,26640.60,0,
15_07_2026_14_55,26638.50,26642.80,26629.70,26638.10,0,
15_07_2026_15_00,26636.80,26644.30,26617.80,26635.20,0,
15_07_2026_15_05,26636.60,26652.70,26632.10,26635.20,0,
15_07_2026_15_10,26635.20,26642.10,26626.70,26641.10,0,
15_07_2026_15_15,26643.20,26647.70,26630.80,26634.20,0,
15_07_2026_15_20,26634.60,26650.70,26630.80,26649.30,0,
15_07_2026_15_25,26650.10,26674.30,26646.40,26646.40,0,
16_07_2026_09_15,26758.10,26811.80,26668.70,26804.70,0,
16_07_2026_09_20,26806.20,26909.20,26806.20,26846.70,0,
16_07_2026_09_25,26847.70,26860.20,26809.70,26842.10,0,
16_07_2026_09_30,26840.80,26847.70,26796.30,26812.20,0,
16_07_2026_09_35,26813.40,26821.80,26775.70,26800.30,0,
16_07_2026_09_40,26799.90,26841.80,26790.20,26810.10,0,
16_07_2026_09_45,26810.40,26846.20,26810.40,26821.70,0,
16_07_2026_09_50,26822.20,26839.10,26809.80,26835.90,0,
16_07_2026_09_55,26836.80,26841.70,26816.10,26826.30,0,
16_07_2026_10_00,26826.20,26847.00,26815.30,26838.30,0,
16_07_2026_10_05,26838.20,26838.20,26800.20,26800.20,0,
16_07_2026_10_10,26802.40,26806.00,26786.90,26804.20,0,
16_07_2026_10_15,26803.40,26819.10,26798.10,26800.20,0,
16_07_2026_10_20,26798.10,26821.30,26795.30,26819.30,0,
16_07_2026_10_25,26818.70,26825.90,26807.80,26818.20,0,
16_07_2026_10_30,26818.30,26830.20,26804.60,26828.30,0,
16_07_2026_10_35,26828.20,26845.00,26808.90,26811.80,0,
16_07_2026_10_40,26812.60,26817.60,26806.70,26811.80,0,
16_07_2026_10_45,26813.70,26853.20,26811.40,26849.30,0,
16_07_2026_10_50,26849.00,26865.80,26843.30,26847.50,0,
16_07_2026_10_55,26847.30,26866.10,26843.70,26864.90,0,
16_07_2026_11_00,26864.10,26910.20,26864.10,26887.20,0,
16_07_2026_11_05,26887.30,26889.90,26875.40,26879.40,0,
16_07_2026_11_10,26881.90,26891.60,26871.70,26874.80,0,
16_07_2026_11_15,26876.60,26888.00,26864.80,26872.70,0,
16_07_2026_11_20,26871.20,26889.60,26871.20,26879.20,0,
16_07_2026_11_25,26880.10,26882.80,26870.70,26871.10,0,
16_07_2026_11_30,26872.30,26872.60,26858.00,26861.20,0,
16_07_2026_11_35,26860.70,26891.20,26855.10,26883.70,0,
16_07_2026_11_40,26886.60,26903.70,26856.80,26858.00,0,
16_07_2026_11_45,26858.10,26867.90,26835.00,26837.30,0,
16_07_2026_11_50,26838.70,26842.80,26825.60,26834.60,0,
16_07_2026_11_55,26834.60,26836.20,26815.80,26834.70,0,
16_07_2026_12_00,26833.50,26835.90,26813.30,26821.80,0,
16_07_2026_12_05,26822.20,26827.10,26816.60,26825.20,0,
16_07_2026_12_10,26824.20,26834.20,26820.40,26823.00,0,
16_07_2026_12_15,26823.20,26831.30,26820.80,26829.20,0,
16_07_2026_12_20,26828.90,26829.30,26802.60,26808.80,0,
16_07_2026_12_25,26809.10,26821.40,26802.80,26803.60,0,
16_07_2026_12_30,26803.70,26803.70,26785.10,26794.90,0,
16_07_2026_12_35,26794.70,26801.50,26767.40,26773.00,0,
16_07_2026_12_40,26771.80,26774.40,26755.10,26757.60,0,
16_07_2026_12_45,26759.20,26775.10,26753.30,26774.60,0,
16_07_2026_12_50,26774.30,26780.70,26753.10,26769.90,0,
16_07_2026_12_55,26770.10,26772.80,26756.60,26762.90,0,
16_07_2026_13_00,26763.20,26772.80,26749.60,26771.20,0,
16_07_2026_13_05,26772.10,26774.80,26754.30,26757.50,0,
16_07_2026_13_10,26757.80,26788.60,26746.30,26783.80,0,
16_07_2026_13_15,26783.80,26786.80,26767.50,26784.10,0,
16_07_2026_13_20,26784.30,26796.90,26778.60,26793.20,0,
16_07_2026_13_25,26794.10,26794.10,26778.40,26791.60,0,
16_07_2026_13_30,26791.80,26793.50,26760.80,26773.80,0,
16_07_2026_13_35,26774.80,26776.20,26741.30,26748.80,0,
16_07_2026_13_40,26749.20,26749.20,26715.90,26718.50,0,
16_07_2026_13_45,26719.40,26742.20,26711.70,26727.80,0,
16_07_2026_13_50,26727.40,26750.60,26722.00,26748.40,0,
16_07_2026_13_55,26747.70,26772.70,26742.90,26772.40,0,
16_07_2026_14_00,26772.40,26785.90,26766.80,26778.50,0,
16_07_2026_14_05,26777.70,26781.70,26767.20,26774.40,0,
16_07_2026_14_10,26774.40,26798.90,26768.40,26797.10,0,
16_07_2026_14_15,26796.90,26806.20,26786.70,26798.30,0,
16_07_2026_14_20,26797.70,26799.10,26778.90,26794.80,0,
16_07_2026_14_25,26794.00,26797.30,26783.20,26789.70,0,
16_07_2026_14_30,26789.80,26809.30,26785.10,26801.00,0,
16_07_2026_14_35,26802.20,26806.40,26791.40,26794.70,0,
16_07_2026_14_40,26796.20,26803.30,26781.40,26796.30,0,
16_07_2026_14_45,26796.70,26803.80,26782.40,26784.00,0,
16_07_2026_14_50,26780.10,26820.30,26778.80,26815.60,0,
16_07_2026_14_55,26816.20,26830.00,26807.20,26814.80,0,
16_07_2026_15_00,26812.90,26812.90,26773.10,26778.20,0,
16_07_2026_15_05,26777.20,26800.50,26769.20,26773.90,0,
16_07_2026_15_10,26770.30,26777.70,26758.10,26759.80,0,
16_07_2026_15_15,26757.70,26766.80,26748.10,26760.40,0,
16_07_2026_15_20,26758.90,26763.70,26742.60,26754.70,0,
16_07_2026_15_25,26754.80,26788.90,26741.80,26779.90,0,
17_07_2026_09_15,26770.50,26952.10,26765.80,26931.60,0,
17_07_2026_09_20,26928.70,27006.90,26924.30,26944.90,0,
17_07_2026_09_25,26945.00,27052.00,26943.70,27000.80,0,
17_07_2026_09_30,27000.60,27040.10,26998.50,27009.70,0,
17_07_2026_09_35,27009.20,27013.90,26955.30,26967.20,0,
17_07_2026_09_40,26968.30,26989.10,26955.30,26970.10,0,
17_07_2026_09_45,26972.40,26989.40,26966.70,26986.90,0,
17_07_2026_09_50,26987.80,26993.30,26955.10,26958.80,0,
17_07_2026_09_55,26961.30,26966.70,26936.50,26959.20,0,
17_07_2026_10_00,26959.20,26959.90,26912.60,26920.90,0,
17_07_2026_10_05,26919.80,26965.80,26913.00,26962.40,0,
17_07_2026_10_10,26962.90,26963.30,26938.40,26960.90,0,
17_07_2026_10_15,26962.80,26994.00,26956.10,26991.70,0,
17_07_2026_10_20,26991.20,26995.80,26971.20,26981.80,0,
17_07_2026_10_25,26981.90,27018.20,26980.30,27018.20,0,
17_07_2026_10_30,27017.80,27057.10,27014.30,27033.20,0,
17_07_2026_10_35,27033.40,27038.70,26975.20,26982.40,0,
17_07_2026_10_40,26982.40,26986.80,26939.30,26957.40,0,
17_07_2026_10_45,26957.20,26977.70,26954.60,26967.90,0,
17_07_2026_10_50,26967.80,26977.30,26946.30,26949.70,0,
17_07_2026_10_55,26948.10,26965.80,26943.80,26952.40,0,
17_07_2026_11_00,26951.60,26975.80,26950.60,26973.40,0,
17_07_2026_11_05,26973.90,26985.40,26952.40,26962.10,0,
17_07_2026_11_10,26961.40,26967.50,26953.10,26964.40,0,
17_07_2026_11_15,26964.60,26968.80,26956.80,26957.30,0,
17_07_2026_11_20,26956.80,26969.30,26945.60,26955.60,0,
17_07_2026_11_25,26954.60,26965.20,26953.10,26956.10,0,
17_07_2026_11_30,26954.30,26969.20,26946.80,26968.80,0,
17_07_2026_11_35,26969.70,26977.90,26945.40,26961.80,0,
17_07_2026_11_40,26962.10,26977.10,26956.20,26974.70,0,
17_07_2026_11_45,26974.20,26988.40,26969.80,26973.70,0,
17_07_2026_11_50,26974.30,26994.10,26973.10,26985.20,0,
17_07_2026_11_55,26985.80,26991.90,26968.50,26970.20,0,
17_07_2026_12_00,26971.20,26994.50,26960.20,26981.30,0,
17_07_2026_12_05,26983.20,26983.40,26952.20,26965.90,0,
17_07_2026_12_10,26966.60,26977.00,26961.20,26975.40,0,
17_07_2026_12_15,26975.40,26982.80,26959.60,26973.60,0,
17_07_2026_12_20,26974.30,26982.40,26963.70,26980.60,0,
17_07_2026_12_25,26980.80,26984.20,26954.20,26960.80,0,
17_07_2026_12_30,26960.20,26968.90,26954.00,26968.80,0,
17_07_2026_12_35,26968.80,26981.80,26960.20,26979.50,0,
17_07_2026_12_40,26979.00,26980.70,26959.40,26970.90,0,
17_07_2026_12_45,26971.20,27003.40,26965.20,27000.40,0,
17_07_2026_12_50,26999.30,27001.20,26985.20,27000.10,0,
17_07_2026_12_55,27000.10,27025.40,26999.20,27025.20,0,
17_07_2026_13_00,27024.70,27066.60,27024.70,27061.30,0,
17_07_2026_13_05,27062.10,27077.60,27060.90,27064.00,0,
17_07_2026_13_10,27064.20,27065.80,27053.20,27058.60,0,
17_07_2026_13_15,27058.60,27062.30,27040.30,27049.00,0,
17_07_2026_13_20,27048.20,27056.70,27043.40,27046.00,0,
17_07_2026_13_25,27044.80,27047.40,27031.60,27034.10,0,
17_07_2026_13_30,27032.70,27054.10,27032.70,27048.00,0,
17_07_2026_13_35,27046.90,27066.10,27046.90,27064.90,0,
17_07_2026_13_40,27064.70,27066.20,27040.80,27050.60,0,
17_07_2026_13_45,27049.20,27052.20,27036.30,27040.90,0,
17_07_2026_13_50,27041.00,27041.00,27001.90,27025.30,0,
17_07_2026_13_55,27025.30,27046.20,27019.00,27044.50,0,
17_07_2026_14_00,27044.10,27054.00,27034.30,27052.20,0,
17_07_2026_14_05,27052.20,27053.30,27032.10,27032.10,0,
17_07_2026_14_10,27033.50,27047.20,27033.50,27034.40,0,
17_07_2026_14_15,27036.00,27117.00,27034.40,27060.20,0,
17_07_2026_14_20,27058.80,27066.40,27044.20,27061.20,0,
17_07_2026_14_25,27060.80,27078.30,27044.30,27048.10,0,
17_07_2026_14_30,27048.10,27062.60,27043.10,27053.50,0,
17_07_2026_14_35,27053.80,27060.40,27045.20,27058.70,0,
17_07_2026_14_40,27058.40,27087.60,27053.90,27082.20,0,
17_07_2026_14_45,27082.80,27097.40,27075.20,27094.70,0,
17_07_2026_14_50,27095.80,27102.70,27089.40,27098.10,0,
17_07_2026_14_55,27098.10,27113.30,27092.60,27095.20,0,
17_07_2026_15_00,27095.50,27115.20,27094.70,27108.30,0,
17_07_2026_15_05,27109.20,27120.80,27097.50,27099.20,0,
17_07_2026_15_10,27100.10,27115.30,27097.10,27112.20,0,
17_07_2026_15_15,27111.20,27112.00,27091.60,27091.70,0,
17_07_2026_15_20,27092.70,27110.20,27089.80,27102.70,0,
17_07_2026_15_25,27104.00,27115.80,27092.10,27099.40,0,
20_07_2026_09_15,27076.20,27076.20,26950.40,26977.20,0,
20_07_2026_09_20,26976.30,27011.20,26923.90,26981.80,0,
20_07_2026_09_25,26981.60,27017.30,26923.00,26942.60,0,
20_07_2026_09_30,26940.90,26949.60,26899.20,26945.10,0,
20_07_2026_09_35,26946.30,26963.40,26930.40,26931.20,0,
20_07_2026_09_40,26929.70,26944.80,26874.30,26942.20,0,
20_07_2026_09_45,26940.20,26990.40,26929.90,26983.70,0,
20_07_2026_09_50,26983.80,26987.70,26947.80,26975.20,0,
20_07_2026_09_55,26975.20,26983.40,26962.40,26968.40,0,
20_07_2026_10_00,26968.40,26975.60,26945.10,26947.20,0,
20_07_2026_10_05,26945.80,26968.40,26929.60,26966.30,0,
20_07_2026_10_10,26966.70,26981.70,26961.50,26973.90,0,
20_07_2026_10_15,26973.90,27029.70,26973.00,27021.40,0,
20_07_2026_10_20,27020.40,27025.20,27006.30,27025.20,0,
20_07_2026_10_25,27023.30,27027.60,27015.60,27024.30,0,
20_07_2026_10_30,27026.40,27035.50,26993.60,26995.10,0,
20_07_2026_10_35,26995.30,26996.60,26960.90,26984.70,0,
20_07_2026_10_40,26984.70,27001.40,26970.30,26990.00,0,
20_07_2026_10_45,26990.20,26998.90,26984.40,26994.70,0,
20_07_2026_10_50,26994.30,26999.40,26987.00,26994.70,0,
20_07_2026_10_55,26994.70,27011.70,26984.80,26996.40,0,
20_07_2026_11_00,26996.80,27001.30,26976.20,26979.20,0,
20_07_2026_11_05,26979.40,26984.70,26961.30,26978.70,0,
20_07_2026_11_10,26978.80,26983.00,26970.90,26980.90,0,
20_07_2026_11_15,26980.90,26984.70,26950.60,26961.20,0,
20_07_2026_11_20,26961.20,26972.30,26939.30,26939.30,0,
20_07_2026_11_25,26940.50,26950.60,26934.30,26938.30,0,
20_07_2026_11_30,26938.20,26957.30,26933.30,26953.10,0,
20_07_2026_11_35,26954.40,26976.10,26948.20,26962.20,0,
20_07_2026_11_40,26962.30,26986.80,26962.30,26976.70,0,
20_07_2026_11_45,26975.20,26976.50,26939.00,26947.60,0,
20_07_2026_11_50,26947.30,26948.30,26904.70,26907.70,0,
20_07_2026_11_55,26907.10,26911.30,26896.90,26907.40,0,
20_07_2026_12_00,26907.20,26910.30,26894.70,26901.40,0,
20_07_2026_12_05,26901.10,26921.80,26893.20,26907.70,0,
20_07_2026_12_10,26905.70,26931.50,26905.40,26929.50,0,
20_07_2026_12_15,26929.50,26945.20,26925.70,26933.80,0,
20_07_2026_12_20,26933.20,26937.90,26915.40,26917.70,0,
20_07_2026_12_25,26917.80,26919.60,26904.80,26917.90,0,
20_07_2026_12_30,26917.90,26921.10,26895.70,26899.60,0,
20_07_2026_12_35,26899.90,26904.10,26887.50,26892.80,0,
20_07_2026_12_40,26891.80,26892.30,26836.90,26837.10,0,
20_07_2026_12_45,26836.80,26836.90,26806.10,26809.90,0,
20_07_2026_12_50,26810.20,26846.20,26809.00,26835.20,0,
20_07_2026_12_55,26834.80,26869.60,26833.10,26860.70,0,
20_07_2026_13_00,26860.70,26876.40,26844.20,26873.50,0,
20_07_2026_13_05,26872.90,26876.80,26831.60,26840.10,0,
20_07_2026_13_10,26841.00,26899.50,26835.40,26899.00,0,
20_07_2026_13_15,26899.40,26914.70,26873.30,26879.90,0,
20_07_2026_13_20,26881.80,26931.20,26868.40,26925.80,0,
20_07_2026_13_25,26926.00,26937.10,26906.20,26932.90,0,
20_07_2026_13_30,26933.30,26942.80,26913.20,26942.60,0,
20_07_2026_13_35,26940.20,26962.90,26938.80,26959.60,0,
20_07_2026_13_40,26959.30,26961.30,26932.80,26933.90,0,
20_07_2026_13_45,26932.30,26952.80,26932.20,26951.80,0,
20_07_2026_13_50,26952.90,26963.60,26947.90,26957.70,0,
20_07_2026_13_55,26958.50,26986.90,26956.30,26971.60,0,
20_07_2026_14_00,26970.60,26994.30,26970.60,26987.10,0,
20_07_2026_14_05,26987.10,27000.60,26983.20,26987.80,0,
20_07_2026_14_10,26987.30,26989.20,26969.30,26972.80,0,
20_07_2026_14_15,26974.10,26984.80,26966.30,26984.80,0,
20_07_2026_14_20,26983.90,26997.80,26981.70,26983.20,0,
20_07_2026_14_25,26983.40,26991.90,26977.30,26983.20,0,
20_07_2026_14_30,26984.60,26985.80,26969.80,26978.30,0,
20_07_2026_14_35,26978.40,26979.80,26932.30,26944.10,0,
20_07_2026_14_40,26943.80,26958.50,26941.80,26949.80,0,
20_07_2026_14_45,26949.40,26982.70,26946.40,26976.30,0,
20_07_2026_14_50,26975.60,27009.80,26973.30,27006.80,0,
20_07_2026_14_55,27006.70,27028.10,26998.00,27000.30,0,
20_07_2026_15_00,27009.20,27026.80,26996.90,27013.90,0,
20_07_2026_15_05,27013.90,27025.10,27008.60,27019.60,0,
20_07_2026_15_10,27020.10,27029.10,27014.40,27028.70,0,
20_07_2026_15_15,27028.40,27038.30,27026.00,27031.00,0,
20_07_2026_15_20,27032.60,27046.70,27020.70,27044.40,0,
20_07_2026_15_25,27045.10,27054.90,27027.90,27041.20,0,
21_07_2026_09_15,27034.60,27104.30,26996.10,27066.50,0,
21_07_2026_09_20,27066.60,27076.90,27012.30,27022.70,0,
21_07_2026_09_25,27022.20,27074.90,27007.80,27057.70,0,
21_07_2026_09_30,27057.10,27070.60,27025.60,27033.80,0,
21_07_2026_09_35,27035.10,27049.90,27022.20,27049.40,0,
21_07_2026_09_40,27049.40,27060.80,27042.40,27056.20,0,
21_07_2026_09_45,27057.20,27072.10,27047.80,27064.70,0,
21_07_2026_09_50,27061.60,27085.10,27050.30,27073.30,0,
21_07_2026_09_55,27074.40,27077.20,27037.60,27040.40,0,
21_07_2026_10_00,27040.90,27049.70,27013.60,27025.60,0,
21_07_2026_10_05,27025.80,27046.60,27022.90,27032.80,0,
21_07_2026_10_10,27032.80,27034.20,26985.40,26988.50,0,
21_07_2026_10_15,26989.20,26989.60,26963.20,26984.00,0,
21_07_2026_10_20,26983.70,26983.70,26946.60,26976.00,0,
21_07_2026_10_25,26975.90,26981.20,26964.90,26980.40,0,
21_07_2026_10_30,26980.90,26981.40,26941.20,26941.60,0,
21_07_2026_10_35,26941.80,26961.30,26932.40,26932.80,0,
21_07_2026_10_40,26933.30,26952.90,26927.80,26951.10,0,
21_07_2026_10_45,26949.00,26958.20,26942.90,26947.70,0,
21_07_2026_10_50,26948.20,26950.30,26912.20,26925.10,0,
21_07_2026_10_55,26925.70,26954.10,26923.40,26952.10,0,
21_07_2026_11_00,26952.30,26952.40,26939.00,26943.40,0,
21_07_2026_11_05,26943.10,26949.20,26927.30,26931.70,0,
21_07_2026_11_10,26932.00,26940.20,26919.80,26937.70,0,
21_07_2026_11_15,26937.70,26970.50,26932.70,26965.70,0,
21_07_2026_11_20,26963.90,26976.20,26956.40,26972.60,0,
21_07_2026_11_25,26972.80,27002.20,26972.70,27000.60,0,
21_07_2026_11_30,26997.60,27028.60,26996.20,27022.30,0,
21_07_2026_11_35,27023.10,27024.40,27004.60,27006.00,0,
21_07_2026_11_40,27007.30,27011.50,26995.30,27000.10,0,
21_07_2026_11_45,27000.90,27028.70,26996.40,27016.80,0,
21_07_2026_11_50,27020.00,27030.80,27013.00,27022.70,0,
21_07_2026_11_55,27020.80,27049.80,27017.40,27048.40,0,
21_07_2026_12_00,27049.20,27090.20,27045.40,27085.80,0,
21_07_2026_12_05,27087.60,27087.60,27064.80,27066.30,0,
21_07_2026_12_10,27068.40,27073.40,27060.70,27065.10,0,
21_07_2026_12_15,27065.60,27070.90,27053.30,27066.20,0,
21_07_2026_12_20,27066.20,27078.90,27064.60,27064.60,0,
21_07_2026_12_25,27063.80,27079.70,27061.10,27064.80,0,
21_07_2026_12_30,27066.70,27079.60,27061.80,27074.10,0,
21_07_2026_12_35,27075.60,27083.40,27061.10,27062.20,0,
21_07_2026_12_40,27062.70,27092.50,27058.80,27073.80,0,
21_07_2026_12_45,27072.90,27088.40,27039.10,27071.10,0,
21_07_2026_12_50,27070.30,27087.90,27040.10,27058.40,0,
21_07_2026_12_55,27058.30,27065.90,26997.90,27000.80,0,
21_07_2026_13_00,27000.40,27007.60,26966.40,27005.50,0,
21_07_2026_13_05,27004.60,27030.60,26990.30,27027.40,0,
21_07_2026_13_10,27028.60,27037.80,27023.20,27026.10,0,
21_07_2026_13_15,27026.10,27043.00,27013.30,27020.80,0,
21_07_2026_13_20,27021.20,27060.50,27014.50,27055.00,0,
21_07_2026_13_25,27055.40,27061.60,27048.30,27060.00,0,
21_07_2026_13_30,27066.10,27091.50,27060.80,27085.10,0,
21_07_2026_13_35,27084.60,27093.80,27068.80,27090.20,0,
21_07_2026_13_40,27090.70,27097.80,27082.30,27087.90,0,
21_07_2026_13_45,27087.30,27092.80,27068.70,27086.70,0,
21_07_2026_13_50,27086.20,27091.30,27069.90,27084.60,0,
21_07_2026_13_55,27085.00,27085.60,27049.70,27064.80,0,
21_07_2026_14_00,27063.60,27079.90,27062.20,27063.90,0,
21_07_2026_14_05,27063.90,27150.00,27059.80,27140.20,0,
21_07_2026_14_10,27143.10,27223.50,27112.30,27136.90,0,
21_07_2026_14_15,27133.90,27207.10,27133.20,27194.70,0,
21_07_2026_14_20,27195.80,27216.40,27193.20,27212.50,0,
21_07_2026_14_25,27211.30,27255.80,27210.10,27255.20,0,
21_07_2026_14_30,27258.40,27265.70,27232.70,27239.50,0,
21_07_2026_14_35,27239.40,27251.70,27218.00,27241.70,0,
21_07_2026_14_40,27241.10,27259.30,27219.80,27243.00,0,
21_07_2026_14_45,27242.10,27258.90,27234.10,27247.30,0,
21_07_2026_14_50,27248.40,27248.40,27223.70,27232.40,0,
21_07_2026_14_55,27233.60,27254.00,27222.60,27225.70,0,
21_07_2026_15_00,27229.60,27254.40,27225.80,27236.50,0,
21_07_2026_15_05,27237.10,27266.80,27234.00,27254.40,0,
21_07_2026_15_10,27254.90,27293.30,27242.70,27288.60,0,
21_07_2026_15_15,27289.60,27307.00,27278.60,27297.70,0,
21_07_2026_15_20,27297.20,27315.50,27291.10,27311.70,0,
21_07_2026_15_25,27309.50,27328.50,27303.20,27320.10,0,
22_07_2026_09_15,27344.00,27525.10,27332.90,27478.60,0,
22_07_2026_09_20,27477.70,27549.30,27449.30,27515.40,0,
22_07_2026_09_25,27514.70,27518.30,27397.10,27404.50,0,
22_07_2026_09_30,27405.80,27424.80,27347.40,27365.10,0,
22_07_2026_09_35,27363.00,27408.80,27346.70,27384.80,0,
22_07_2026_09_40,27384.60,27426.50,27381.20,27413.80,0,
22_07_2026_09_45,27417.90,27436.80,27341.30,27359.40,0,
22_07_2026_09_50,27359.10,27380.20,27345.00,27349.20,0,
22_07_2026_09_55,27350.40,27357.20,27323.90,27332.70,0,
22_07_2026_10_00,27333.50,27364.40,27313.20,27364.40,0,
22_07_2026_10_05,27365.50,27377.00,27352.60,27368.70,0,
22_07_2026_10_10,27369.00,27394.70,27368.90,27387.20,0,
22_07_2026_10_15,27386.50,27397.90,27366.60,27372.20,0,
22_07_2026_10_20,27370.50,27392.40,27344.60,27355.80,0,
22_07_2026_10_25,27355.70,27356.10,27280.80,27337.20,0,
22_07_2026_10_30,27338.40,27374.20,27331.20,27342.30,0,
22_07_2026_10_35,27341.90,27353.00,27320.80,27322.90,0,
22_07_2026_10_40,27324.40,27343.70,27306.50,27342.40,0,
22_07_2026_10_45,27341.60,27376.30,27336.70,27375.30,0,
22_07_2026_10_50,27383.10,27404.90,27366.80,27388.90,0,
22_07_2026_10_55,27390.10,27416.10,27386.80,27409.20,0,
22_07_2026_11_00,27410.10,27410.10,27368.10,27368.10,0,
22_07_2026_11_05,27369.40,27376.80,27351.60,27370.10,0,
22_07_2026_11_10,27370.90,27387.40,27361.60,27380.60,0,
22_07_2026_11_15,27380.60,27402.40,27378.40,27398.80,0,
22_07_2026_11_20,27400.40,27433.80,27397.90,27423.40,0,
22_07_2026_11_25,27423.80,27456.20,27421.80,27447.50,0,
22_07_2026_11_30,27449.90,27475.10,27447.30,27462.20,0,
22_07_2026_11_35,27462.30,27468.40,27449.20,27458.70,0,
22_07_2026_11_40,27455.80,27472.60,27452.90,27458.90,0,
22_07_2026_11_45,27461.10,27469.50,27449.20,27449.30,0,
22_07_2026_11_50,27451.60,27461.00,27440.80,27440.80,0,
22_07_2026_11_55,27440.20,27461.40,27438.40,27449.00,0,
22_07_2026_12_00,27447.90,27451.40,27415.10,27443.20,0,
22_07_2026_12_05,27441.90,27447.60,27429.20,27432.20,0,
22_07_2026_12_10,27432.40,27432.60,27417.80,27423.20,0,
22_07_2026_12_15,27424.50,27424.50,27384.60,27386.90,0,
22_07_2026_12_20,27384.80,27401.60,27374.80,27401.30,0,
22_07_2026_12_25,27400.70,27408.90,27392.30,27393.40,0,
22_07_2026_12_30,27394.70,27394.70,27351.70,27371.70,0,
22_07_2026_12_35,27372.80,27375.10,27326.20,27340.00,0,
22_07_2026_12_40,27338.60,27352.80,27330.30,27347.40,0,
22_07_2026_12_45,27347.90,27374.20,27341.50,27373.80,0,
22_07_2026_12_50,27375.50,27402.40,27367.70,27392.80,0,
22_07_2026_12_55,27394.60,27422.00,27388.90,27420.20,0,
22_07_2026_13_00,27420.20,27424.20,27397.30,27400.20,0,
22_07_2026_13_05,27401.10,27403.30,27387.60,27388.50,0,
22_07_2026_13_10,27390.70,27391.80,27361.20,27367.60,0,
22_07_2026_13_15,27369.60,27372.30,27343.90,27344.30,0,
22_07_2026_13_20,27346.20,27353.50,27336.60,27338.20,0,
22_07_2026_13_25,27340.60,27348.70,27331.80,27344.90,0,
22_07_2026_13_30,27347.50,27376.40,27342.20,27372.10,0,
22_07_2026_13_35,27372.50,27397.40,27368.20,27392.00,0,
22_07_2026_13_40,27391.70,27394.20,27359.50,27374.10,0,
22_07_2026_13_45,27374.20,27375.70,27347.80,27354.00,0,
22_07_2026_13_50,27354.90,27370.30,27345.80,27369.20,0,
22_07_2026_13_55,27370.20,27375.40,27352.20,27352.90,0,
22_07_2026_14_00,27353.80,27365.90,27339.20,27351.50,0,
22_07_2026_14_05,27351.20,27353.70,27329.60,27334.80,0,
22_07_2026_14_10,27334.80,27338.00,27304.10,27307.80,0,
22_07_2026_14_15,27307.30,27322.30,27302.50,27316.80,0,
22_07_2026_14_20,27317.30,27328.20,27296.10,27324.00,0,
22_07_2026_14_25,27324.00,27325.60,27289.80,27291.20,0,
22_07_2026_14_30,27292.70,27306.80,27280.10,27305.10,0,
22_07_2026_14_35,27306.20,27324.00,27303.20,27304.60,0,
22_07_2026_14_40,27304.30,27311.40,27293.30,27304.30,0,
22_07_2026_14_45,27305.60,27313.20,27290.70,27300.30,0,
22_07_2026_14_50,27300.40,27323.80,27297.20,27319.10,0,
22_07_2026_14_55,27319.90,27324.80,27306.40,27321.80,0,
22_07_2026_15_00,27328.60,27343.20,27302.70,27305.10,0,
22_07_2026_15_05,27304.60,27345.80,27303.80,27340.40,0,
22_07_2026_15_10,27341.10,27348.60,27332.20,27342.30,0,
22_07_2026_15_15,27342.40,27354.30,27332.20,27337.20,0,
22_07_2026_15_20,27338.40,27339.10,27321.70,27331.10,0,
22_07_2026_15_25,27330.40,27355.30,27322.30,27328.00,0,
23_07_2026_09_15,27260.00,27365.50,27230.40,27364.90,0,
23_07_2026_09_20,27364.30,27422.10,27358.80,27403.00,0,
23_07_2026_09_25,27401.30,27425.20,27388.60,27390.50,0,
23_07_2026_09_30,27392.10,27398.00,27352.20,27373.70,0,
23_07_2026_09_35,27373.60,27379.20,27334.80,27355.10,0,
23_07_2026_09_40,27353.90,27353.90,27320.60,27321.70,0,
23_07_2026_09_45,27321.70,27327.80,27286.90,27323.20,0,
23_07_2026_09_50,27323.40,27360.40,27322.90,27351.70,0,
23_07_2026_09_55,27351.10,27401.00,27348.50,27394.80,0,
23_07_2026_10_00,27395.10,27436.00,27377.20,27435.00,0,
23_07_2026_10_05,27434.10,27461.30,27427.20,27453.20,0,
23_07_2026_10_10,27454.20,27521.10,27447.80,27510.30,0,
23_07_2026_10_15,27512.80,27640.60,27512.80,27625.40,0,
23_07_2026_10_20,27628.70,27631.20,27584.70,27618.90,0,
23_07_2026_10_25,27620.10,27634.30,27615.30,27624.60,0,
23_07_2026_10_30,27625.10,27644.80,27602.80,27642.20,0,
23_07_2026_10_35,27640.50,27704.80,27640.00,27682.70,0,
23_07_2026_10_40,27680.20,27700.70,27674.40,27685.50,0,
23_07_2026_10_45,27685.10,27688.60,27662.10,27682.60,0,
23_07_2026_10_50,27683.70,27704.90,27676.60,27685.90,0,
23_07_2026_10_55,27686.10,27702.60,27668.70,27684.10,0,
23_07_2026_11_00,27683.90,27720.10,27681.70,27718.20,0,
23_07_2026_11_05,27718.10,27733.40,27711.90,27730.80,0,
23_07_2026_11_10,27730.80,27741.10,27707.30,27708.20,0,
23_07_2026_11_15,27709.60,27749.70,27682.10,27728.40,0,
23_07_2026_11_20,27730.60,27731.30,27685.80,27693.80,0,
23_07_2026_11_25,27694.60,27713.40,27687.40,27709.20,0,
23_07_2026_11_30,27709.70,27755.20,27693.60,27755.20,0,
23_07_2026_11_35,27756.70,27760.70,27733.30,27745.80,0,
23_07_2026_11_40,27746.60,27756.50,27733.40,27747.80,0,
23_07_2026_11_45,27747.80,27749.10,27710.10,27713.20,0,
23_07_2026_11_50,27713.10,27715.20,27690.00,27692.80,0,
23_07_2026_11_55,27695.50,27713.30,27687.80,27713.00,0,
23_07_2026_12_00,27713.10,27725.40,27696.40,27696.40,0,
23_07_2026_12_05,27695.90,27710.30,27694.80,27709.50,0,
23_07_2026_12_10,27709.20,27711.70,27682.60,27682.60,0,
23_07_2026_12_15,27685.20,27688.30,27664.20,27684.30,0,
23_07_2026_12_20,27685.90,27695.30,27658.20,27666.70,0,
23_07_2026_12_25,27664.60,27665.60,27637.50,27641.50,0,
23_07_2026_12_30,27641.30,27644.90,27602.40,27625.10,0,
23_07_2026_12_35,27624.80,27628.10,27605.80,27606.80,0,
23_07_2026_12_40,27607.70,27609.30,27569.90,27580.90,0,
23_07_2026_12_45,27579.70,27603.90,27578.90,27592.20,0,
23_07_2026_12_50,27592.70,27598.50,27560.30,27580.90,0,
23_07_2026_12_55,27581.50,27589.40,27574.40,27583.40,0,
23_07_2026_13_00,27584.30,27585.40,27555.40,27560.10,0,
23_07_2026_13_05,27559.80,27580.20,27549.30,27553.10,0,
23_07_2026_13_10,27552.80,27552.80,27532.80,27540.10,0,
23_07_2026_13_15,27539.80,27546.20,27492.50,27529.80,0,
23_07_2026_13_20,27530.60,27554.00,27517.80,27526.10,0,
23_07_2026_13_25,27525.80,27556.70,27523.80,27548.60,0,
23_07_2026_13_30,27548.00,27548.00,27520.90,27545.70,0,
23_07_2026_13_35,27544.70,27560.30,27526.50,27555.80,0,
23_07_2026_13_40,27556.10,27561.10,27539.00,27542.40,0,
23_07_2026_13_45,27541.80,27551.10,27529.50,27542.30,0,
23_07_2026_13_50,27542.80,27554.10,27535.60,27540.40,0,
23_07_2026_13_55,27541.10,27555.60,27532.80,27537.80,0,
23_07_2026_14_00,27537.30,27539.80,27523.40,27530.10,0,
23_07_2026_14_05,27530.60,27540.90,27522.20,27530.80,0,
23_07_2026_14_10,27530.70,27531.40,27510.60,27512.20,0,
23_07_2026_14_15,27512.60,27518.30,27498.20,27504.80,0,
23_07_2026_14_20,27505.70,27515.20,27500.00,27507.60,0,
23_07_2026_14_25,27507.70,27527.20,27503.10,27523.40,0,
23_07_2026_14_30,27523.20,27552.80,27504.50,27552.60,0,
23_07_2026_14_35,27552.40,27552.40,27491.50,27494.30,0,
23_07_2026_14_40,27493.60,27495.70,27460.00,27469.90,0,
23_07_2026_14_45,27471.30,27477.30,27451.20,27462.40,0,
23_07_2026_14_50,27460.80,27479.80,27446.30,27471.20,0,
23_07_2026_14_55,27471.20,27493.20,27470.60,27481.90,0,
23_07_2026_15_00,27480.30,27525.90,27474.40,27501.10,0,
23_07_2026_15_05,27503.30,27541.90,27500.90,27538.60,0,
23_07_2026_15_10,27538.50,27541.20,27525.50,27538.60,0,
23_07_2026_15_15,27539.80,27542.90,27515.80,27522.60,0,
23_07_2026_15_20,27521.90,27523.80,27507.60,27515.60,0,
23_07_2026_15_25,27516.30,27525.20,27496.40,27516.20,0,
24_07_2026_09_15,27346.50,27353.20,27203.20,27301.40,0,
24_07_2026_09_20,27303.90,27338.90,27254.20,27259.10,0,
24_07_2026_09_25,27261.10,27279.20,27233.80,27254.80,0,
24_07_2026_09_30,27255.00,27277.70,27243.50,27261.40,0,
24_07_2026_09_35,27259.20,27262.70,27190.50,27202.80,0,
24_07_2026_09_40,27205.80,27224.90,27192.00,27205.20,0,
24_07_2026_09_45,27206.20,27214.30,27150.40,27163.40,0,
24_07_2026_09_50,27161.40,27174.40,27134.70,27144.60,0,
24_07_2026_09_55,27143.60,27167.40,27135.70,27146.70,0,
24_07_2026_10_00,27146.80,27146.90,27076.90,27087.70,0,
24_07_2026_10_05,27088.20,27094.40,27050.90,27071.00,0,
24_07_2026_10_10,27071.20,27092.90,27042.40,27046.10,0,
24_07_2026_10_15,27045.80,27081.10,27042.20,27064.80,0,
24_07_2026_10_20,27065.30,27077.80,27032.00,27052.80,0,
24_07_2026_10_25,27052.60,27081.30,27039.20,27078.90,0,
24_07_2026_10_30,27075.30,27098.20,27068.90,27087.80,0,
24_07_2026_10_35,27087.40,27136.90,27082.10,27131.60,0,
24_07_2026_10_40,27131.30,27133.20,27097.20,27121.10,0,
24_07_2026_10_45,27118.70,27131.20,27108.80,27131.20,0,
24_07_2026_10_50,27130.90,27142.10,27101.90,27102.90,0,
24_07_2026_10_55,27102.20,27103.80,27072.60,27082.30,0,
24_07_2026_11_00,27080.30,27085.80,27065.60,27073.20,0,
24_07_2026_11_05,27073.40,27079.60,27041.30,27064.60,0,
24_07_2026_11_10,27065.70,27101.90,27065.70,27100.60,0,
24_07_2026_11_15,27100.60,27175.80,27100.60,27172.80,0,
24_07_2026_11_20,27173.20,27193.20,27170.90,27181.70,0,
24_07_2026_11_25,27183.20,27188.20,27165.60,27172.20,0,
24_07_2026_11_30,27171.50,27196.40,27155.40,27189.40,0,
24_07_2026_11_35,27190.20,27202.90,27172.20,27179.60,0,
24_07_2026_11_40,27180.00,27184.90,27157.80,27180.60,0,
24_07_2026_11_45,27179.80,27213.00,27179.80,27211.40,0,
24_07_2026_11_50,27212.40,27257.40,27212.40,27245.50,0,
24_07_2026_11_55,27242.80,27251.80,27216.70,27227.30,0,
24_07_2026_12_00,27228.30,27228.30,27164.70,27207.30,0,
24_07_2026_12_05,27206.20,27218.40,27181.30,27181.30,0,
24_07_2026_12_10,27181.30,27181.60,27151.80,27158.10,0,
24_07_2026_12_15,27158.40,27172.20,27145.40,27171.00,0,
24_07_2026_12_20,27171.90,27208.20,27167.20,27207.10,0,
24_07_2026_12_25,27208.00,27238.40,27202.10,27234.90,0,
24_07_2026_12_30,27233.80,27245.20,27212.80,27224.80,0,
24_07_2026_12_35,27224.10,27240.30,27217.20,27227.70,0,
24_07_2026_12_40,27228.30,27258.90,27226.40,27253.00,0,
24_07_2026_12_45,27252.90,27273.10,27234.70,27268.80,0,
24_07_2026_12_50,27268.60,27300.70,27264.30,27297.90,0,
24_07_2026_12_55,27298.70,27323.80,27287.50,27293.50,0,
24_07_2026_13_00,27293.90,27305.80,27267.20,27270.90,0,
24_07_2026_13_05,27272.00,27274.20,27242.10,27246.70,0,
24_07_2026_13_10,27247.10,27267.10,27233.70,27262.70,0,
24_07_2026_13_15,27263.20,27274.70,27256.80,27263.50,0,
24_07_2026_13_20,27264.30,27272.60,27255.10,27262.60,0,
24_07_2026_13_25,27262.50,27265.80,27249.30,27250.10,0,
24_07_2026_13_30,27250.90,27254.60,27200.20,27211.10,0,
24_07_2026_13_35,27211.60,27216.30,27192.40,27214.40,0,
24_07_2026_13_40,27215.30,27215.60,27171.10,27194.70,0,
24_07_2026_13_45,27196.20,27214.70,27183.20,27212.30,0,
24_07_2026_13_50,27214.50,27227.10,27211.30,27217.60,0,
24_07_2026_13_55,27218.30,27257.20,27213.20,27254.10,0,
24_07_2026_14_00,27257.30,27281.50,27243.50,27272.70,0,
24_07_2026_14_05,27274.80,27274.80,27251.10,27259.60,0,
24_07_2026_14_10,27259.80,27259.80,27235.70,27245.50,0,
24_07_2026_14_15,27245.50,27251.30,27230.10,27234.80,0,
24_07_2026_14_20,27234.80,27239.20,27214.00,27214.60,0,
24_07_2026_14_25,27216.20,27225.40,27206.40,27214.80,0,
24_07_2026_14_30,27214.90,27232.50,27212.30,27217.30,0,
24_07_2026_14_35,27217.20,27217.20,27199.10,27200.80,0,
24_07_2026_14_40,27201.20,27232.30,27197.90,27231.60,0,
24_07_2026_14_45,27231.10,27231.70,27197.10,27212.40,0,
24_07_2026_14_50,27211.80,27248.90,27207.60,27239.90,0,
24_07_2026_14_55,27240.40,27242.00,27218.60,27220.90,0,
24_07_2026_15_00,27222.90,27237.70,27205.20,27212.40,0,
24_07_2026_15_05,27212.80,27213.40,27188.10,27202.40,0,
24_07_2026_15_10,27202.70,27223.30,27201.60,27221.20,0,
24_07_2026_15_15,27222.30,27229.80,27200.10,27224.70,0,
24_07_2026_15_20,27223.90,27235.70,27222.60,27233.60,0,
24_07_2026_15_25,27233.80,27251.10,27221.80,27237.40,0,
