Date,Open,High,Low,Close,Volume,
27_03_2026_09_15,23169.20,23186.10,23029.40,23041.80,0,
27_03_2026_09_20,23039.90,23101.20,23025.50,23075.10,0,
27_03_2026_09_25,23072.70,23087.90,23054.60,23056.80,0,
27_03_2026_09_30,23056.60,23063.80,23016.80,23018.30,0,
27_03_2026_09_35,23018.10,23024.20,23000.80,23024.20,0,
27_03_2026_09_40,23024.30,23055.80,23022.30,23053.60,0,
27_03_2026_09_45,23053.10,23054.60,23024.80,23039.20,0,
27_03_2026_09_50,23038.70,23040.10,23014.30,23015.30,0,
27_03_2026_09_55,23014.30,23017.30,22978.40,22992.20,0,
27_03_2026_10_00,22991.40,23034.90,22988.80,23024.80,0,
27_03_2026_10_05,23024.30,23024.30,22998.30,23015.60,0,
27_03_2026_10_10,23015.50,23015.50,22977.20,22980.50,0,
27_03_2026_10_15,22980.90,22986.40,22971.80,22973.30,0,
27_03_2026_10_20,22973.30,23011.20,22967.30,23007.90,0,
27_03_2026_10_25,23007.70,23014.10,22991.30,23006.80,0,
27_03_2026_10_30,23006.60,23038.70,23002.90,23009.40,0,
27_03_2026_10_35,23009.60,23020.40,22996.20,23018.70,0,
27_03_2026_10_40,23018.40,23018.40,22987.00,22989.20,0,
27_03_2026_10_45,22988.30,22989.40,22973.00,22977.90,0,
27_03_2026_10_50,22977.70,22979.70,22948.50,22952.10,0,
27_03_2026_10_55,22952.20,22977.80,22948.10,22973.50,0,
27_03_2026_11_00,22973.40,22997.70,22967.10,22979.20,0,
27_03_2026_11_05,22979.20,22992.80,22972.70,22989.30,0,
27_03_2026_11_10,22990.50,23001.20,22976.80,22990.40,0,
27_03_2026_11_15,22990.90,22992.70,22956.20,22960.20,0,
27_03_2026_11_20,22959.70,22964.00,22946.70,22947.30,0,
27_03_2026_11_25,22948.80,22961.80,22927.30,22934.50,0,
27_03_2026_11_30,22935.30,22952.20,22929.30,22938.90,0,
27_03_2026_11_35,22939.70,22957.00,22934.80,22950.40,0,
27_03_2026_11_40,22951.40,22957.30,22933.10,22950.60,0,
27_03_2026_11_45,22950.80,22957.40,22943.40,22949.20,0,
27_03_2026_11_50,22949.10,22961.80,22946.40,22958.30,0,
27_03_2026_11_55,22958.10,22958.50,22938.80,22946.70,0,
27_03_2026_12_00,22946.00,22946.00,22917.20,22936.80,0,
27_03_2026_12_05,22936.40,22954.20,22932.40,22939.30,0,
27_03_2026_12_10,22938.30,22940.00,22924.50,22934.30,0,
27_03_2026_12_15,22932.90,22934.90,22905.90,22909.20,0,
27_03_2026_12_20,22908.90,22933.20,22905.60,22932.30,0,
27_03_2026_12_25,22932.80,22964.20,22924.10,22962.30,0,
27_03_2026_12_30,22962.80,22963.80,22930.70,22958.00,0,
27_03_2026_12_35,22957.80,22967.60,22950.70,22954.80,0,
27_03_2026_12_40,22954.90,22965.60,22938.90,22964.70,0,
27_03_2026_12_45,22965.00,22966.40,22944.40,22956.80,0,
27_03_2026_12_50,22957.90,22973.20,22939.90,22956.30,0,
27_03_2026_12_55,22956.60,22961.30,22942.20,22945.70,0,
27_03_2026_13_00,22945.10,22952.60,22925.80,22926.60,0,
27_03_2026_13_05,22926.20,22935.90,22925.30,22926.40,0,
27_03_2026_13_10,22926.60,22944.80,22920.00,22943.70,0,
27_03_2026_13_15,22943.20,22992.90,22939.70,22972.80,0,
27_03_2026_13_20,22970.90,22971.00,22945.10,22960.30,0,
27_03_2026_13_25,22961.70,22977.20,22935.80,22936.40,0,
27_03_2026_13_30,22935.80,22937.20,22918.30,22922.60,0,
27_03_2026_13_35,22922.90,22934.20,22909.30,22912.30,0,
27_03_2026_13_40,22911.80,22949.20,22909.40,22930.30,0,
27_03_2026_13_45,22931.30,22937.90,22920.80,22922.90,0,
27_03_2026_13_50,22923.20,22945.30,22920.40,22928.60,0,
27_03_2026_13_55,22929.60,22937.20,22912.80,22922.80,0,
27_03_2026_14_00,22922.90,22930.60,22916.20,22919.90,0,
27_03_2026_14_05,22920.20,22925.00,22895.10,22908.60,0,
27_03_2026_14_10,22909.70,22915.10,22884.50,22911.10,0,
27_03_2026_14_15,22911.70,22917.10,22893.80,22895.50,0,
27_03_2026_14_20,22896.20,22905.30,22882.20,22888.60,0,
27_03_2026_14_25,22891.20,22899.40,22872.10,22885.20,0,
27_03_2026_14_30,22886.70,22886.90,22852.70,22856.70,0,
27_03_2026_14_35,22858.70,22868.20,22831.30,22837.00,0,
27_03_2026_14_40,22837.90,22867.40,22832.40,22852.60,0,
27_03_2026_14_45,22854.30,22864.20,22848.10,22855.20,0,
27_03_2026_14_50,22856.80,22869.20,22848.40,22856.40,0,
27_03_2026_14_55,22858.40,22865.20,22840.40,22845.00,0,
27_03_2026_15_00,22843.60,22843.90,22813.70,22831.30,0,
27_03_2026_15_05,22829.90,22830.90,22812.20,22819.80,0,
27_03_2026_15_10,22821.20,22833.20,22811.20,22814.40,0,
27_03_2026_15_15,22814.80,22820.30,22805.30,22820.30,0,
27_03_2026_15_20,22819.60,22821.30,22804.60,22815.80,0,
27_03_2026_15_25,22814.80,22839.50,22807.80,22839.50,0,
30_03_2026_09_15,22574.70,22618.10,22470.20,22522.40,0,
30_03_2026_09_20,22521.20,22551.40,22500.10,22529.30,0,
30_03_2026_09_25,22526.10,22590.40,22516.90,22580.80,0,
30_03_2026_09_30,22581.40,22685.60,22576.80,22683.60,0,
30_03_2026_09_35,22681.60,22714.10,22661.90,22677.40,0,
30_03_2026_09_40,22675.80,22703.70,22652.70,22659.20,0,
30_03_2026_09_45,22659.60,22690.00,22628.80,22630.40,0,
30_03_2026_09_50,22630.20,22665.30,22617.20,22618.50,0,
30_03_2026_09_55,22617.90,22629.80,22596.90,22615.30,0,
30_03_2026_10_00,22614.70,22665.50,22604.70,22651.20,0,
30_03_2026_10_05,22650.10,22650.10,22594.10,22601.60,0,
30_03_2026_10_10,22600.20,22600.20,22556.60,22596.80,0,
30_03_2026_10_15,22595.90,22603.90,22553.50,22556.30,0,
30_03_2026_10_20,22555.30,22564.60,22537.70,22544.30,0,
30_03_2026_10_25,22542.70,22564.00,22534.80,22534.80,0,
30_03_2026_10_30,22535.40,22540.20,22519.20,22529.20,0,
30_03_2026_10_35,22528.50,22549.50,22526.20,22538.30,0,
30_03_2026_10_40,22538.80,22554.60,22512.20,22514.60,0,
30_03_2026_10_45,22513.30,22535.10,22509.40,22527.30,0,
30_03_2026_10_50,22528.00,22538.30,22491.40,22493.30,0,
30_03_2026_10_55,22493.20,22524.20,22478.30,22490.20,0,
30_03_2026_11_00,22489.60,22509.10,22483.70,22504.30,0,
30_03_2026_11_05,22503.40,22509.30,22472.30,22472.30,0,
30_03_2026_11_10,22471.40,22482.10,22454.00,22478.60,0,
30_03_2026_11_15,22479.20,22483.50,22466.90,22481.30,0,
30_03_2026_11_20,22480.30,22486.80,22467.50,22482.30,0,
30_03_2026_11_25,22481.20,22488.20,22465.80,22468.20,0,
30_03_2026_11_30,22468.10,22506.30,22457.30,22503.80,0,
30_03_2026_11_35,22503.30,22535.80,22503.20,22516.20,0,
30_03_2026_11_40,22515.10,22519.20,22484.80,22486.70,0,
30_03_2026_11_45,22485.70,22485.70,22460.40,22464.60,0,
30_03_2026_11_50,22465.10,22480.20,22453.00,22478.60,0,
30_03_2026_11_55,22477.70,22489.80,22468.20,22484.00,0,
30_03_2026_12_00,22483.20,22560.60,22480.30,22549.30,0,
30_03_2026_12_05,22549.10,22594.50,22545.70,22558.30,0,
30_03_2026_12_10,22557.60,22578.10,22553.80,22567.10,0,
30_03_2026_12_15,22566.90,22577.40,22550.80,22555.30,0,
30_03_2026_12_20,22555.30,22594.10,22531.10,22531.30,0,
30_03_2026_12_25,22531.20,22534.60,22502.80,22519.20,0,
30_03_2026_12_30,22519.80,22523.50,22508.00,22517.40,0,
30_03_2026_12_35,22516.70,22569.40,22514.10,22565.60,0,
30_03_2026_12_40,22564.70,22579.30,22555.80,22557.10,0,
30_03_2026_12_45,22557.30,22560.70,22530.60,22530.60,0,
30_03_2026_12_50,22530.10,22533.10,22484.10,22503.90,0,
30_03_2026_12_55,22501.80,22506.70,22491.80,22505.80,0,
30_03_2026_13_00,22506.10,22511.40,22486.20,22491.30,0,
30_03_2026_13_05,22490.80,22504.90,22485.30,22495.80,0,
30_03_2026_13_10,22495.30,22506.90,22481.40,22499.20,0,
30_03_2026_13_15,22498.60,22516.30,22479.10,22484.90,0,
30_03_2026_13_20,22485.30,22495.10,22482.20,22484.30,0,
30_03_2026_13_25,22484.20,22486.40,22456.60,22476.40,0,
30_03_2026_13_30,22476.20,22486.10,22464.10,22485.80,0,
30_03_2026_13_35,22485.60,22502.10,22474.20,22493.70,0,
30_03_2026_13_40,22494.30,22500.50,22454.80,22462.10,0,
30_03_2026_13_45,22461.20,22468.20,22446.60,22448.00,0,
30_03_2026_13_50,22445.60,22452.90,22420.20,22422.10,0,
30_03_2026_13_55,22420.90,22441.60,22420.00,22428.80,0,
30_03_2026_14_00,22428.10,22487.20,22423.80,22462.30,0,
30_03_2026_14_05,22461.20,22475.80,22449.40,22449.40,0,
30_03_2026_14_10,22449.10,22451.90,22417.90,22420.50,0,
30_03_2026_14_15,22420.20,22425.30,22409.30,22411.60,0,
30_03_2026_14_20,22412.30,22431.80,22383.20,22388.00,0,
30_03_2026_14_25,22386.00,22394.40,22375.80,22378.10,0,
30_03_2026_14_30,22376.60,22410.60,22359.60,22362.50,0,
30_03_2026_14_35,22361.40,22378.50,22350.70,22362.90,0,
30_03_2026_14_40,22363.40,22383.90,22358.70,22366.80,0,
30_03_2026_14_45,22365.60,22383.40,22340.10,22362.00,0,
30_03_2026_14_50,22361.30,22376.90,22344.70,22348.50,0,
30_03_2026_14_55,22347.70,22357.80,22337.80,22349.90,0,
30_03_2026_15_00,22348.50,22348.50,22283.80,22291.20,0,
30_03_2026_15_05,22291.20,22307.70,22289.10,22299.40,0,
30_03_2026_15_10,22297.10,22342.00,22295.40,22335.60,0,
30_03_2026_15_15,22335.40,22356.60,22325.20,22341.80,0,
30_03_2026_15_20,22342.30,22381.20,22341.80,22377.40,0,
30_03_2026_15_25,22376.00,22391.00,22359.20,22379.20,0,
01_04_2026_09_15,22878.90,22902.20,22809.00,22887.00,0,
01_04_2026_09_20,22888.60,22903.90,22872.60,22899.60,0,
01_04_2026_09_25,22900.00,22930.40,22898.20,22929.80,0,
01_04_2026_09_30,22928.60,22937.70,22845.40,22854.50,0,
01_04_2026_09_35,22853.20,22854.00,22824.20,22828.10,0,
01_04_2026_09_40,22828.50,22873.70,22827.40,22854.90,0,
01_04_2026_09_45,22851.40,22898.10,22848.50,22897.60,0,
01_04_2026_09_50,22897.80,22932.10,22896.20,22915.20,0,
01_04_2026_09_55,22914.90,22919.10,22885.00,22893.20,0,
01_04_2026_10_00,22892.90,22941.30,22890.40,22927.20,0,
01_04_2026_10_05,22927.60,22932.00,22905.10,22906.80,0,
01_04_2026_10_10,22907.40,22907.40,22862.60,22868.80,0,
01_04_2026_10_15,22867.90,22878.80,22857.40,22871.20,0,
01_04_2026_10_20,22871.70,22879.40,22822.10,22828.30,0,
01_04_2026_10_25,22827.80,22828.20,22771.70,22796.50,0,
01_04_2026_10_30,22797.10,22816.30,22778.30,22796.00,0,
01_04_2026_10_35,22796.40,22816.40,22796.20,22813.80,0,
01_04_2026_10_40,22813.20,22815.00,22787.30,22807.50,0,
01_04_2026_10_45,22808.60,22820.20,22791.90,22797.20,0,
01_04_2026_10_50,22797.60,22802.10,22783.40,22789.80,0,
01_04_2026_10_55,22791.50,22791.50,22769.50,22770.80,0,
01_04_2026_11_00,22771.30,22771.30,22743.60,22749.10,0,
01_04_2026_11_05,22748.70,22786.00,22738.20,22770.60,0,
01_04_2026_11_10,22771.20,22791.70,22758.10,22763.80,0,
01_04_2026_11_15,22763.60,22767.60,22747.70,22767.20,0,
01_04_2026_11_20,22766.80,22782.80,22764.90,22781.70,0,
01_04_2026_11_25,22781.50,22800.70,22781.50,22790.10,0,
01_04_2026_11_30,22788.80,22811.70,22786.40,22798.50,0,
01_04_2026_11_35,22797.90,22814.30,22788.80,22813.40,0,
01_04_2026_11_40,22813.50,22822.70,22798.20,22799.20,0,
01_04_2026_11_45,22797.70,22798.70,22743.70,22754.10,0,
01_04_2026_11_50,22751.90,22765.00,22742.60,22745.60,0,
01_04_2026_11_55,22743.20,22778.20,22736.60,22775.90,0,
01_04_2026_12_00,22774.10,22841.20,22774.10,22838.80,0,
01_04_2026_12_05,22834.60,22842.40,22827.00,22839.20,0,
01_04_2026_12_10,22837.80,22864.60,22828.20,22859.30,0,
01_04_2026_12_15,22857.80,22864.20,22834.70,22837.80,0,
01_04_2026_12_20,22836.30,22841.90,22825.60,22831.40,0,
01_04_2026_12_25,22829.60,22836.90,22817.80,22832.80,0,
01_04_2026_12_30,22831.00,22847.40,22824.20,22829.50,0,
01_04_2026_12_35,22827.90,22842.70,22816.60,22842.50,0,
01_04_2026_12_40,22841.60,22856.30,22829.60,22834.60,0,
01_04_2026_12_45,22834.90,22881.10,22833.80,22868.70,0,
01_04_2026_12_50,22868.40,22875.60,22860.40,22873.60,0,
01_04_2026_12_55,22873.10,22874.30,22855.70,22862.10,0,
01_04_2026_13_00,22862.10,22873.60,22855.50,22864.60,0,
01_04_2026_13_05,22864.90,22878.60,22862.10,22869.20,0,
01_04_2026_13_10,22868.90,22883.40,22842.70,22883.30,0,
01_04_2026_13_15,22883.20,22897.90,22839.80,22843.00,0,
01_04_2026_13_20,22843.00,22843.50,22805.60,22810.60,0,
01_04_2026_13_25,22810.60,22812.40,22795.00,22807.90,0,
01_04_2026_13_30,22808.30,22808.30,22760.10,22776.80,0,
01_04_2026_13_35,22776.20,22776.30,22748.50,22764.80,0,
01_04_2026_13_40,22763.90,22763.90,22648.30,22675.20,0,
01_04_2026_13_45,22674.80,22720.50,22658.70,22703.20,0,
01_04_2026_13_50,22702.40,22708.60,22691.50,22697.90,0,
01_04_2026_13_55,22697.60,22725.90,22690.50,22703.70,0,
01_04_2026_14_00,22703.80,22730.50,22688.20,22720.80,0,
01_04_2026_14_05,22720.70,22739.80,22715.40,22737.20,0,
01_04_2026_14_10,22739.00,22756.60,22727.90,22753.00,0,
01_04_2026_14_15,22754.30,22756.80,22723.80,22742.10,0,
01_04_2026_14_20,22741.30,22743.10,22709.90,22723.40,0,
01_04_2026_14_25,22723.20,22736.00,22717.00,22733.40,0,
01_04_2026_14_30,22734.60,22734.90,22704.40,22709.20,0,
01_04_2026_14_35,22708.20,22709.30,22665.20,22667.80,0,
01_04_2026_14_40,22666.20,22678.60,22641.30,22662.70,0,
01_04_2026_14_45,22660.60,22662.50,22618.60,22641.20,0,
01_04_2026_14_50,22640.90,22666.80,22629.80,22657.20,0,
01_04_2026_14_55,22656.80,22685.30,22644.80,22647.80,0,
01_04_2026_15_00,22651.20,22692.60,22651.20,22676.80,0,
01_04_2026_15_05,22676.90,22684.40,22669.90,22682.10,0,
01_04_2026_15_10,22682.80,22691.30,22670.10,22671.70,0,
01_04_2026_15_15,22671.10,22688.50,22668.60,22681.10,0,
01_04_2026_15_20,22681.20,22683.90,22672.90,22683.50,0,
01_04_2026_15_25,22683.60,22706.30,22674.60,22703.20,0,
02_04_2026_09_15,22370.70,22394.70,22209.20,22228.00,0,
02_04_2026_09_20,22226.30,22255.90,22215.60,22252.20,0,
02_04_2026_09_25,22251.40,22261.60,22236.30,22244.40,0,
02_04_2026_09_30,22244.30,22268.80,22239.40,22255.40,0,
02_04_2026_09_35,22255.40,22290.80,22244.00,22251.40,0,
02_04_2026_09_40,22249.90,22278.10,22244.00,22264.40,0,
02_04_2026_09_45,22264.20,22273.20,22227.30,22235.70,0,
02_04_2026_09_50,22235.70,22241.70,22212.70,22221.20,0,
02_04_2026_09_55,22220.80,22227.60,22205.60,22206.50,0,
02_04_2026_10_00,22206.80,22229.80,22189.20,22216.10,0,
02_04_2026_10_05,22215.50,22215.50,22184.00,22186.30,0,
02_04_2026_10_10,22186.40,22236.70,22182.60,22234.30,0,
02_04_2026_10_15,22234.50,22234.50,22190.70,22206.60,0,
02_04_2026_10_20,22206.80,22226.50,22189.40,22191.30,0,
02_04_2026_10_25,22189.80,22221.40,22188.90,22217.70,0,
02_04_2026_10_30,22216.80,22229.00,22208.50,22214.00,0,
02_04_2026_10_35,22213.40,22224.30,22206.80,22221.30,0,
02_04_2026_10_40,22219.90,22236.20,22215.10,22221.40,0,
02_04_2026_10_45,22221.20,22225.10,22189.40,22206.30,0,
02_04_2026_10_50,22204.80,22237.40,22199.20,22226.60,0,
02_04_2026_10_55,22225.60,22249.50,22220.30,22243.70,0,
02_04_2026_11_00,22242.90,22250.20,22230.30,22234.80,0,
02_04_2026_11_05,22236.30,22243.30,22222.40,22235.70,0,
02_04_2026_11_10,22233.40,22235.10,22217.90,22227.70,0,
02_04_2026_11_15,22225.80,22231.30,22206.10,22217.70,0,
02_04_2026_11_20,22216.60,22220.60,22206.20,22212.00,0,
02_04_2026_11_25,22209.00,22222.80,22202.80,22207.60,0,
02_04_2026_11_30,22206.50,22224.10,22203.70,22219.80,0,
02_04_2026_11_35,22218.90,22239.20,22218.30,22234.40,0,
02_04_2026_11_40,22234.80,22237.20,22221.40,22223.20,0,
02_04_2026_11_45,22224.30,22251.10,22223.10,22242.00,0,
02_04_2026_11_50,22242.70,22256.80,22241.70,22247.40,0,
02_04_2026_11_55,22246.10,22300.60,22243.60,22277.60,0,
02_04_2026_12_00,22277.20,22288.80,22260.40,22271.20,0,
02_04_2026_12_05,22269.50,22270.20,22244.60,22264.30,0,
02_04_2026_12_10,22263.20,22277.40,22259.10,22267.80,0,
02_04_2026_12_15,22266.90,22272.40,22256.90,22261.40,0,
02_04_2026_12_20,22261.30,22266.20,22231.20,22261.70,0,
02_04_2026_12_25,22258.90,22295.00,22255.70,22294.50,0,
02_04_2026_12_30,22293.20,22319.40,22285.20,22316.60,0,
02_04_2026_12_35,22316.40,22360.80,22307.70,22349.30,0,
02_04_2026_12_40,22349.70,22368.10,22334.30,22363.10,0,
02_04_2026_12_45,22363.30,22367.10,22336.70,22350.90,0,
02_04_2026_12_50,22351.20,22362.90,22323.60,22326.20,0,
02_04_2026_12_55,22325.20,22371.70,22325.20,22365.30,0,
02_04_2026_13_00,22364.80,22406.00,22364.80,22373.30,0,
02_04_2026_13_05,22372.90,22378.80,22330.90,22376.80,0,
02_04_2026_13_10,22375.90,22376.90,22355.30,22369.80,0,
02_04_2026_13_15,22368.50,22394.70,22360.30,22388.40,0,
02_04_2026_13_20,22388.60,22439.70,22385.70,22439.70,0,
02_04_2026_13_25,22439.80,22489.10,22421.10,22488.20,0,
02_04_2026_13_30,22488.40,22502.80,22458.00,22491.80,0,
02_04_2026_13_35,22491.00,22523.00,22465.20,22517.80,0,
02_04_2026_13_40,22519.20,22543.50,22513.40,22535.70,0,
02_04_2026_13_45,22537.80,22561.60,22524.50,22533.80,0,
02_04_2026_13_50,22533.60,22560.20,22519.10,22532.10,0,
02_04_2026_13_55,22530.20,22538.40,22493.80,22530.30,0,
02_04_2026_14_00,22529.40,22561.80,22519.80,22560.00,0,
02_04_2026_14_05,22558.90,22573.30,22537.30,22567.90,0,
02_04_2026_14_10,22566.70,22628.80,22566.40,22627.20,0,
02_04_2026_14_15,22625.80,22673.20,22618.40,22651.90,0,
02_04_2026_14_20,22651.60,22675.40,22637.80,22673.80,0,
02_04_2026_14_25,22672.60,22684.70,22645.80,22665.70,0,
02_04_2026_14_30,22665.60,22706.70,22656.60,22690.30,0,
02_04_2026_14_35,22692.90,22694.50,22620.90,22630.80,0,
02_04_2026_14_40,22632.20,22639.60,22572.80,22584.60,0,
02_04_2026_14_45,22584.40,22634.90,22569.20,22615.50,0,
02_04_2026_14_50,22614.90,22663.60,22609.90,22659.10,0,
02_04_2026_14_55,22659.20,22667.20,22641.70,22658.30,0,
02_04_2026_15_00,22659.00,22697.30,22650.80,22689.80,0,
02_04_2026_15_05,22690.30,22747.30,22686.90,22746.70,0,
02_04_2026_15_10,22747.90,22761.90,22733.50,22760.40,0,
02_04_2026_15_15,22761.90,22782.30,22715.60,22717.70,0,
02_04_2026_15_20,22717.90,22724.30,22673.60,22690.40,0,
02_04_2026_15_25,22691.30,22711.50,22678.50,22700.70,0,
06_04_2026_09_15,22785.80,22798.20,22591.70,22666.10,0,
06_04_2026_09_20,22671.30,22714.30,22646.70,22653.60,0,
06_04_2026_09_25,22657.20,22661.90,22602.20,22609.10,0,
06_04_2026_09_30,22604.80,22684.80,22596.50,22681.10,0,
06_04_2026_09_35,22681.70,22746.90,22678.20,22704.30,0,
06_04_2026_09_40,22704.80,22714.30,22602.20,22620.20,0,
06_04_2026_09_45,22620.20,22636.30,22589.90,22589.90,0,
06_04_2026_09_50,22591.10,22603.20,22567.80,22573.00,0,
06_04_2026_09_55,22571.10,22586.60,22566.70,22569.30,0,
06_04_2026_10_00,22569.10,22591.60,22561.90,22589.60,0,
06_04_2026_10_05,22590.40,22632.10,22586.00,22614.90,0,
06_04_2026_10_10,22615.80,22656.80,22597.20,22654.80,0,
06_04_2026_10_15,22659.80,22679.70,22613.30,22638.60,0,
06_04_2026_10_20,22639.50,22662.80,22637.00,22640.60,0,
06_04_2026_10_25,22638.30,22645.00,22591.30,22634.40,0,
06_04_2026_10_30,22634.10,22640.40,22598.80,22636.80,0,
06_04_2026_10_35,22637.70,22661.80,22634.40,22661.00,0,
06_04_2026_10_40,22661.70,22662.70,22627.30,22653.50,0,
06_04_2026_10_45,22653.90,22663.20,22641.20,22657.00,0,
06_04_2026_10_50,22657.30,22669.20,22610.20,22617.40,0,
06_04_2026_10_55,22618.70,22651.30,22609.60,22635.80,0,
06_04_2026_11_00,22635.60,22635.80,22587.80,22590.10,0,
06_04_2026_11_05,22590.30,22603.30,22577.40,22588.60,0,
06_04_2026_11_10,22587.40,22587.40,22542.90,22567.80,0,
06_04_2026_11_15,22567.40,22611.90,22558.70,22611.90,0,
06_04_2026_11_20,22611.30,22635.70,22597.10,22613.90,0,
06_04_2026_11_25,22615.10,22629.60,22596.80,22629.30,0,
06_04_2026_11_30,22629.20,22633.10,22595.90,22610.10,0,
06_04_2026_11_35,22610.20,22647.90,22606.20,22618.80,0,
06_04_2026_11_40,22619.60,22650.60,22604.90,22644.40,0,
06_04_2026_11_45,22644.30,22663.30,22634.60,22645.70,0,
06_04_2026_11_50,22646.20,22675.20,22644.80,22668.20,0,
06_04_2026_11_55,22669.00,22707.80,22665.70,22676.40,0,
06_04_2026_12_00,22678.10,22684.80,22663.80,22667.80,0,
06_04_2026_12_05,22667.90,22691.90,22664.80,22673.60,0,
06_04_2026_12_10,22673.00,22680.80,22659.40,22659.60,0,
06_04_2026_12_15,22660.30,22672.40,22653.10,22660.20,0,
06_04_2026_12_20,22661.70,22731.10,22659.20,22700.80,0,
06_04_2026_12_25,22702.00,22727.90,22699.20,22713.40,0,
06_04_2026_12_30,22713.60,22714.90,22648.30,22650.10,0,
06_04_2026_12_35,22649.40,22682.60,22644.40,22667.70,0,
06_04_2026_12_40,22667.90,22684.80,22652.70,22675.70,0,
06_04_2026_12_45,22676.20,22757.00,22675.40,22757.00,0,
06_04_2026_12_50,22757.00,22785.30,22746.60,22775.20,0,
06_04_2026_12_55,22776.20,22804.00,22774.30,22802.40,0,
06_04_2026_13_00,22804.10,22814.40,22758.40,22767.40,0,
06_04_2026_13_05,22769.10,22806.90,22768.40,22806.00,0,
06_04_2026_13_10,22807.20,22865.20,22806.20,22860.70,0,
06_04_2026_13_15,22861.30,22876.10,22844.80,22864.20,0,
06_04_2026_13_20,22864.40,22898.90,22863.20,22878.40,0,
06_04_2026_13_25,22878.50,22881.20,22843.80,22860.20,0,
06_04_2026_13_30,22863.70,22893.60,22862.90,22884.80,0,
06_04_2026_13_35,22885.70,22900.60,22863.40,22863.40,0,
06_04_2026_13_40,22863.40,22877.80,22843.50,22850.90,0,
06_04_2026_13_45,22852.70,22874.30,22843.80,22843.80,0,
06_04_2026_13_50,22845.80,22886.80,22843.40,22882.70,0,
06_04_2026_13_55,22883.00,22887.40,22859.60,22862.80,0,
06_04_2026_14_00,22862.40,22898.70,22861.80,22890.60,0,
06_04_2026_14_05,22890.70,22898.70,22865.90,22866.10,0,
06_04_2026_14_10,22866.90,22913.40,22865.90,22911.40,0,
06_04_2026_14_15,22911.70,22929.70,22897.70,22914.90,0,
06_04_2026_14_20,22916.20,22928.50,22907.20,22907.20,0,
06_04_2026_14_25,22908.00,22913.30,22881.40,22895.40,0,
06_04_2026_14_30,22896.70,22925.80,22895.90,22922.20,0,
06_04_2026_14_35,22923.10,22940.70,22902.70,22918.00,0,
06_04_2026_14_40,22918.70,22928.50,22904.20,22913.80,0,
06_04_2026_14_45,22914.30,22928.70,22911.60,22922.00,0,
06_04_2026_14_50,22924.20,22929.20,22905.30,22911.20,0,
06_04_2026_14_55,22910.60,22930.30,22886.30,22917.20,0,
06_04_2026_15_00,22917.10,22969.10,22912.40,22959.70,0,
06_04_2026_15_05,22960.20,22977.40,22959.80,22975.30,0,
06_04_2026_15_10,22974.70,22998.30,22965.30,22989.30,0,
06_04_2026_15_15,22990.30,22991.20,22967.10,22970.90,0,
06_04_2026_15_20,22970.80,22972.90,22957.90,22969.80,0,
06_04_2026_15_25,22969.90,22972.20,22954.20,22959.40,0,
07_04_2026_09_15,22834.80,22843.90,22719.30,22773.10,0,
07_04_2026_09_20,22773.80,22825.80,22758.80,22802.20,0,
07_04_2026_09_25,22804.70,22893.40,22801.30,22889.80,0,
07_04_2026_09_30,22891.40,22901.10,22856.80,22858.30,0,
07_04_2026_09_35,22860.20,22880.30,22837.70,22851.20,0,
07_04_2026_09_40,22854.90,22868.50,22793.00,22801.80,0,
07_04_2026_09_45,22803.20,22863.00,22803.20,22818.20,0,
07_04_2026_09_50,22819.70,22853.80,22811.20,22841.40,0,
07_04_2026_09_55,22843.90,22892.70,22842.40,22886.20,0,
07_04_2026_10_00,22889.30,22923.50,22879.30,22913.90,0,
07_04_2026_10_05,22914.40,22928.70,22893.80,22897.50,0,
07_04_2026_10_10,22899.50,22923.60,22887.00,22920.00,0,
07_04_2026_10_15,22921.80,22952.20,22917.40,22943.20,0,
07_04_2026_10_20,22945.80,22966.60,22915.80,22926.40,0,
07_04_2026_10_25,22928.80,22945.70,22922.80,22943.70,0,
07_04_2026_10_30,22944.50,22947.90,22910.40,22913.70,0,
07_04_2026_10_35,22915.90,22929.90,22887.60,22928.80,0,
07_04_2026_10_40,22930.70,22965.20,22928.20,22958.80,0,
07_04_2026_10_45,22960.30,22960.90,22924.00,22931.80,0,
07_04_2026_10_50,22933.20,22933.50,22862.40,22879.20,0,
07_04_2026_10_55,22881.10,22904.10,22834.70,22843.90,0,
07_04_2026_11_00,22845.10,22864.30,22827.80,22850.60,0,
07_04_2026_11_05,22853.80,22886.70,22844.80,22864.90,0,
07_04_2026_11_10,22867.60,22878.90,22848.40,22862.50,0,
07_04_2026_11_15,22866.10,22903.20,22852.20,22893.70,0,
07_04_2026_11_20,22895.00,22928.20,22887.50,22927.50,0,
07_04_2026_11_25,22928.80,22947.00,22920.90,22943.60,0,
07_04_2026_11_30,22943.50,22946.40,22933.10,22943.90,0,
07_04_2026_11_35,22944.50,22960.20,22927.60,22944.20,0,
07_04_2026_11_40,22945.10,22945.10,22911.80,22921.20,0,
07_04_2026_11_45,22922.40,22928.00,22903.80,22917.10,0,
07_04_2026_11_50,22918.70,22943.10,22917.10,22942.90,0,
07_04_2026_11_55,22944.30,22991.70,22943.40,22984.70,0,
07_04_2026_12_00,22986.20,22987.80,22943.20,22944.40,0,
07_04_2026_12_05,22945.80,22950.30,22926.00,22949.10,0,
07_04_2026_12_10,22950.50,22950.50,22906.20,22942.60,0,
07_04_2026_12_15,22939.90,22947.20,22922.50,22929.90,0,
07_04_2026_12_20,22931.80,22932.70,22905.70,22912.80,0,
07_04_2026_12_25,22914.90,22929.30,22909.40,22924.80,0,
07_04_2026_12_30,22926.20,22945.30,22920.30,22934.80,0,
07_04_2026_12_35,22937.60,22946.30,22924.40,22946.30,0,
07_04_2026_12_40,22947.20,22951.90,22933.10,22946.10,0,
07_04_2026_12_45,22947.20,22948.80,22931.50,22942.80,0,
07_04_2026_12_50,22944.80,22952.10,22925.20,22939.80,0,
07_04_2026_12_55,22940.50,22944.60,22912.50,22915.90,0,
07_04_2026_13_00,22917.40,22942.20,22907.80,22937.70,0,
07_04_2026_13_05,22939.70,22939.70,22911.30,22912.80,0,
07_04_2026_13_10,22914.10,22956.10,22906.20,22938.80,0,
07_04_2026_13_15,22941.70,22970.70,22940.50,22967.30,0,
07_04_2026_13_20,22969.30,22969.30,22948.60,22954.20,0,
07_04_2026_13_25,22954.80,22961.10,22933.80,22959.90,0,
07_04_2026_13_30,22961.90,23045.40,22961.80,23012.80,0,
07_04_2026_13_35,23014.20,23033.10,23003.20,23030.20,0,
07_04_2026_13_40,23031.10,23062.40,23016.60,23056.10,0,
07_04_2026_13_45,23057.50,23063.60,23017.80,23020.80,0,
07_04_2026_13_50,23022.20,23044.10,22995.10,23026.90,0,
07_04_2026_13_55,23029.00,23032.70,22960.10,22977.70,0,
07_04_2026_14_00,22979.90,23020.60,22974.10,23013.60,0,
07_04_2026_14_05,23016.40,23022.70,22993.90,23015.60,0,
07_04_2026_14_10,23016.20,23018.30,22986.10,23011.90,0,
07_04_2026_14_15,23014.60,23026.20,22994.80,22996.60,0,
07_04_2026_14_20,22998.90,23011.80,22982.20,23004.80,0,
07_04_2026_14_25,23005.90,23025.40,22999.10,23014.10,0,
07_04_2026_14_30,23015.00,23049.90,23012.90,23034.20,0,
07_04_2026_14_35,23036.10,23036.40,22989.40,23001.30,0,
07_04_2026_14_40,23004.20,23041.20,23003.40,23028.60,0,
07_04_2026_14_45,23031.40,23055.30,23020.70,23044.60,0,
07_04_2026_14_50,23046.40,23068.90,23045.20,23060.10,0,
07_04_2026_14_55,23064.60,23101.40,23064.20,23096.70,0,
07_04_2026_15_00,23096.80,23130.20,23076.50,23118.60,0,
07_04_2026_15_05,23117.90,23134.80,23102.20,23127.00,0,
07_04_2026_15_10,23125.00,23130.00,23099.30,23109.20,0,
07_04_2026_15_15,23109.40,23142.30,23106.10,23123.40,0,
07_04_2026_15_20,23125.30,23145.20,23123.10,23135.30,0,
07_04_2026_15_25,23137.10,23153.80,23124.20,23129.90,0,
08_04_2026_09_15,23836.90,23938.80,23828.50,23899.90,0,
08_04_2026_09_20,23898.00,23928.10,23859.80,23863.30,0,
08_04_2026_09_25,23862.90,23893.70,23855.20,23877.80,0,
08_04_2026_09_30,23878.40,23909.30,23875.90,23879.90,0,
08_04_2026_09_35,23879.90,23916.20,23879.90,23913.30,0,
08_04_2026_09_40,23914.10,23921.30,23899.50,23920.20,0,
08_04_2026_09_45,23922.20,23961.10,23921.70,23940.90,0,
08_04_2026_09_50,23943.80,23961.20,23912.60,23922.10,0,
08_04_2026_09_55,23922.40,23936.60,23891.80,23896.90,0,
08_04_2026_10_00,23898.80,23923.90,23892.80,23900.40,0,
08_04_2026_10_05,23903.20,23935.10,23893.20,23902.00,0,
08_04_2026_10_10,23901.80,23903.40,23878.60,23880.40,0,
08_04_2026_10_15,23881.70,23905.20,23869.10,23905.20,0,
08_04_2026_10_20,23906.60,23913.00,23877.40,23892.80,0,
08_04_2026_10_25,23893.90,23915.20,23880.10,23909.80,0,
08_04_2026_10_30,23910.60,23928.30,23908.10,23922.10,0,
08_04_2026_10_35,23918.60,23930.90,23904.10,23921.70,0,
08_04_2026_10_40,23921.80,23952.90,23906.70,23950.90,0,
08_04_2026_10_45,23951.70,23955.90,23925.20,23940.10,0,
08_04_2026_10_50,23941.40,23972.80,23935.20,23970.20,0,
08_04_2026_10_55,23969.80,23984.50,23965.10,23982.20,0,
08_04_2026_11_00,23984.10,23999.40,23981.30,23992.30,0,
08_04_2026_11_05,23993.30,24001.50,23985.70,23990.50,0,
08_04_2026_11_10,23991.80,24004.70,23983.50,23991.60,0,
08_04_2026_11_15,23992.70,24014.00,23991.10,24001.10,0,
08_04_2026_11_20,24001.70,24013.50,23998.80,24001.80,0,
08_04_2026_11_25,24002.90,24004.20,23975.50,23982.80,0,
08_04_2026_11_30,23982.40,23982.40,23965.70,23968.40,0,
08_04_2026_11_35,23968.90,23981.10,23947.10,23964.10,0,
08_04_2026_11_40,23964.80,23988.30,23954.40,23980.60,0,
08_04_2026_11_45,23981.60,23998.60,23979.90,23985.80,0,
08_04_2026_11_50,23987.40,23987.40,23930.20,23949.30,0,
08_04_2026_11_55,23951.40,23951.40,23923.50,23931.20,0,
08_04_2026_12_00,23932.60,23957.40,23920.20,23951.20,0,
08_04_2026_12_05,23952.40,23971.00,23950.80,23969.60,0,
08_04_2026_12_10,23971.20,23971.20,23957.70,23963.20,0,
08_04_2026_12_15,23963.40,23967.30,23958.10,23963.40,0,
08_04_2026_12_20,23964.00,23973.90,23962.80,23971.10,0,
08_04_2026_12_25,23972.40,23973.40,23949.20,23950.10,0,
08_04_2026_12_30,23950.90,23950.90,23902.20,23916.60,0,
08_04_2026_12_35,23917.80,23934.00,23910.60,23923.40,0,
08_04_2026_12_40,23922.00,23950.60,23916.20,23946.30,0,
08_04_2026_12_45,23946.70,23953.20,23932.30,23952.60,0,
08_04_2026_12_50,23953.50,23958.80,23944.40,23953.40,0,
08_04_2026_12_55,23954.80,23979.80,23953.20,23978.80,0,
08_04_2026_13_00,23978.10,23979.20,23957.00,23967.80,0,
08_04_2026_13_05,23968.80,23969.70,23948.80,23962.30,0,
08_04_2026_13_10,23961.90,23988.60,23961.80,23974.30,0,
08_04_2026_13_15,23975.10,23991.30,23965.20,23973.90,0,
08_04_2026_13_20,23974.70,23984.70,23969.70,23983.20,0,
08_04_2026_13_25,23984.70,24001.60,23983.00,23999.20,0,
08_04_2026_13_30,24000.30,24000.30,23981.20,23994.20,0,
08_04_2026_13_35,23996.60,24025.20,23994.00,24015.50,0,
08_04_2026_13_40,24017.50,24017.50,23975.40,23975.40,0,
08_04_2026_13_45,23974.80,23990.10,23968.80,23977.30,0,
08_04_2026_13_50,23977.60,23985.50,23953.10,23964.10,0,
08_04_2026_13_55,23967.20,23988.40,23965.30,23985.50,0,
08_04_2026_14_00,23986.30,23986.30,23964.60,23967.30,0,
08_04_2026_14_05,23968.70,23971.70,23951.20,23964.30,0,
08_04_2026_14_10,23965.70,23979.90,23944.00,23948.20,0,
08_04_2026_14_15,23950.60,23966.60,23946.80,23965.30,0,
08_04_2026_14_20,23965.60,23985.40,23962.90,23977.30,0,
08_04_2026_14_25,23978.40,23988.80,23973.80,23979.60,0,
08_04_2026_14_30,23980.40,23988.80,23971.90,23977.60,0,
08_04_2026_14_35,23978.70,23990.60,23973.80,23979.20,0,
08_04_2026_14_40,23979.20,24006.20,23977.80,23999.00,0,
08_04_2026_14_45,24001.80,24017.60,23978.80,23982.80,0,
08_04_2026_14_50,23985.30,23990.60,23972.60,23987.70,0,
08_04_2026_14_55,23988.50,24005.00,23984.20,24002.70,0,
08_04_2026_15_00,24002.40,24002.40,23955.80,23992.20,0,
08_04_2026_15_05,23993.80,24011.50,23992.20,23999.00,0,
08_04_2026_15_10,24000.70,24008.10,23989.20,23994.20,0,
08_04_2026_15_15,23998.10,23998.10,23985.30,23993.00,0,
08_04_2026_15_20,23993.80,24004.60,23991.40,24004.20,0,
08_04_2026_15_25,24006.10,24018.20,24000.30,24012.30,0,
09_04_2026_09_15,23908.70,23937.20,23815.20,23935.70,0,
09_04_2026_09_20,23932.00,23974.60,23926.60,23969.40,0,
09_04_2026_09_25,23968.40,23990.80,23961.20,23984.20,0,
09_04_2026_09_30,23983.60,23986.10,23890.90,23890.90,0,
09_04_2026_09_35,23891.80,23929.30,23882.00,23891.10,0,
09_04_2026_09_40,23891.30,23899.30,23856.70,23861.20,0,
09_04_2026_09_45,23863.90,23883.10,23816.90,23817.30,0,
09_04_2026_09_50,23815.90,23826.00,23794.90,23805.10,0,
09_04_2026_09_55,23805.90,23806.60,23771.10,23786.30,0,
09_04_2026_10_00,23785.30,23826.50,23759.40,23817.40,0,
09_04_2026_10_05,23815.30,23831.30,23807.40,23824.10,0,
09_04_2026_10_10,23824.00,23853.20,23824.00,23839.00,0,
09_04_2026_10_15,23839.10,23870.70,23820.80,23870.70,0,
09_04_2026_10_20,23869.90,23871.30,23843.50,23864.80,0,
09_04_2026_10_25,23863.50,23867.60,23820.20,23848.20,0,
09_04_2026_10_30,23848.40,23863.60,23841.80,23858.40,0,
09_04_2026_10_35,23858.10,23872.20,23832.20,23837.60,0,
09_04_2026_10_40,23836.80,23839.50,23803.70,23807.90,0,
09_04_2026_10_45,23807.90,23829.20,23807.90,23824.30,0,
09_04_2026_10_50,23823.80,23830.40,23811.20,23825.40,0,
09_04_2026_10_55,23825.90,23843.60,23820.80,23828.80,0,
09_04_2026_11_00,23828.90,23864.10,23828.60,23849.30,0,
09_04_2026_11_05,23848.70,23866.40,23828.20,23860.70,0,
09_04_2026_11_10,23860.30,23869.50,23852.00,23855.80,0,
09_04_2026_11_15,23855.60,23863.20,23824.20,23829.90,0,
09_04_2026_11_20,23830.30,23850.50,23814.20,23839.50,0,
09_04_2026_11_25,23838.30,23863.80,23838.30,23855.20,0,
09_04_2026_11_30,23855.00,23875.50,23844.40,23855.30,0,
09_04_2026_11_35,23852.90,23862.10,23847.70,23856.20,0,
09_04_2026_11_40,23856.20,23871.30,23845.90,23864.80,0,
09_04_2026_11_45,23864.80,23887.60,23849.40,23887.20,0,
09_04_2026_11_50,23886.90,23898.00,23870.50,23883.70,0,
09_04_2026_11_55,23884.60,23905.40,23871.80,23886.30,0,
09_04_2026_12_00,23887.20,23902.80,23868.90,23876.60,0,
09_04_2026_12_05,23875.80,23902.70,23860.20,23901.00,0,
09_04_2026_12_10,23899.80,23907.30,23877.10,23881.20,0,
09_04_2026_12_15,23881.10,23884.10,23873.70,23875.30,0,
09_04_2026_12_20,23875.30,23883.80,23867.10,23869.50,0,
09_04_2026_12_25,23868.60,23886.90,23854.80,23872.60,0,
09_04_2026_12_30,23871.80,23885.30,23862.60,23864.60,0,
09_04_2026_12_35,23864.70,23871.40,23845.10,23855.30,0,
09_04_2026_12_40,23854.20,23867.60,23848.40,23852.30,0,
09_04_2026_12_45,23853.30,23855.20,23805.20,23807.20,0,
09_04_2026_12_50,23807.10,23839.40,23801.60,23831.30,0,
09_04_2026_12_55,23830.60,23843.60,23828.40,23830.70,0,
09_04_2026_13_00,23830.20,23842.60,23824.30,23830.90,0,
09_04_2026_13_05,23831.20,23836.90,23816.80,23829.60,0,
09_04_2026_13_10,23829.20,23831.10,23804.70,23815.40,0,
09_04_2026_13_15,23815.80,23817.30,23800.90,23803.20,0,
09_04_2026_13_20,23803.10,23804.30,23767.80,23787.20,0,
09_04_2026_13_25,23786.60,23790.30,23767.90,23769.30,0,
09_04_2026_13_30,23769.20,23792.50,23758.80,23788.70,0,
09_04_2026_13_35,23789.10,23798.90,23767.70,23773.20,0,
09_04_2026_13_40,23773.30,23776.70,23755.60,23760.20,0,
09_04_2026_13_45,23759.80,23770.60,23740.20,23762.50,0,
09_04_2026_13_50,23762.90,23785.40,23753.50,23770.50,0,
09_04_2026_13_55,23770.30,23782.30,23764.60,23767.80,0,
09_04_2026_14_00,23767.80,23790.20,23754.90,23781.80,0,
09_04_2026_14_05,23781.80,23800.00,23767.80,23785.60,0,
09_04_2026_14_10,23785.30,23786.90,23751.80,23753.20,0,
09_04_2026_14_15,23753.40,23760.90,23746.20,23746.60,0,
09_04_2026_14_20,23746.30,23758.70,23721.40,23731.70,0,
09_04_2026_14_25,23731.70,23733.80,23709.80,23720.30,0,
09_04_2026_14_30,23720.00,23722.20,23682.80,23697.20,0,
09_04_2026_14_35,23697.20,23708.80,23690.40,23705.80,0,
09_04_2026_14_40,23707.20,23744.90,23702.70,23729.80,0,
09_04_2026_14_45,23728.80,23748.30,23720.50,23737.90,0,
09_04_2026_14_50,23737.80,23751.40,23723.50,23748.40,0,
09_04_2026_14_55,23747.80,23752.20,23733.10,23741.10,0,
09_04_2026_15_00,23742.40,23806.80,23726.90,23741.60,0,
09_04_2026_15_05,23744.20,23800.60,23733.40,23787.80,0,
09_04_2026_15_10,23789.10,23801.20,23778.70,23793.30,0,
09_04_2026_15_15,23792.90,23794.30,23769.10,23771.20,0,
09_04_2026_15_20,23772.80,23784.60,23765.40,23781.40,0,
09_04_2026_15_25,23782.20,23791.20,23758.90,23766.10,0,
10_04_2026_09_15,23874.70,23968.80,23856.30,23966.20,0,
10_04_2026_09_20,23966.80,23978.70,23917.10,23918.80,0,
10_04_2026_09_25,23918.40,23944.20,23902.20,23937.30,0,
10_04_2026_09_30,23938.10,23959.50,23931.20,23943.20,0,
10_04_2026_09_35,23942.30,23944.10,23921.80,23937.20,0,
10_04_2026_09_40,23938.20,23957.90,23934.90,23948.60,0,
10_04_2026_09_45,23949.30,23992.50,23943.70,23973.20,0,
10_04_2026_09_50,23973.50,23987.90,23971.20,23986.70,0,
10_04_2026_09_55,23987.20,23998.20,23980.80,23988.40,0,
10_04_2026_10_00,23988.70,24002.80,23971.70,23971.70,0,
10_04_2026_10_05,23971.80,23973.90,23916.30,23960.70,0,
10_04_2026_10_10,23960.30,23995.90,23960.10,23994.90,0,
10_04_2026_10_15,23996.90,24018.80,23996.90,24014.20,0,
10_04_2026_10_20,24015.30,24024.10,24010.80,24022.60,0,
10_04_2026_10_25,24021.20,24036.20,24002.50,24010.00,0,
10_04_2026_10_30,24008.90,24023.90,24001.00,24019.70,0,
10_04_2026_10_35,24019.80,24026.10,24003.60,24007.40,0,
10_04_2026_10_40,24006.70,24017.60,24003.80,24003.80,0,
10_04_2026_10_45,24003.70,24009.10,23993.70,23994.70,0,
10_04_2026_10_50,23995.40,23997.30,23984.80,23985.30,0,
10_04_2026_10_55,23986.10,24000.00,23972.30,23999.70,0,
10_04_2026_11_00,23999.80,24010.40,23994.90,24001.40,0,
10_04_2026_11_05,24001.70,24011.20,23993.90,24010.10,0,
10_04_2026_11_10,24009.90,24021.30,24007.30,24012.10,0,
10_04_2026_11_15,24011.30,24015.30,23985.20,23992.80,0,
10_04_2026_11_20,23993.30,24001.60,23990.10,23992.60,0,
10_04_2026_11_25,23992.70,24005.20,23971.30,23972.20,0,
10_04_2026_11_30,23972.80,24007.40,23972.20,24004.30,0,
10_04_2026_11_35,24004.70,24006.70,23980.10,23984.30,0,
10_04_2026_11_40,23984.50,23990.10,23970.10,23980.90,0,
10_04_2026_11_45,23979.70,23987.10,23953.80,23964.70,0,
10_04_2026_11_50,23964.10,23988.60,23964.10,23982.40,0,
10_04_2026_11_55,23982.70,23996.00,23979.00,23994.70,0,
10_04_2026_12_00,23994.30,24008.10,23984.90,24007.60,0,
10_04_2026_12_05,24006.70,24019.20,24002.60,24015.10,0,
10_04_2026_12_10,24014.70,24019.60,24008.30,24009.10,0,
10_04_2026_12_15,24007.90,24011.00,23991.20,24003.30,0,
10_04_2026_12_20,24003.50,24020.20,23991.80,24019.20,0,
10_04_2026_12_25,24019.60,24032.60,23994.80,24009.30,0,
10_04_2026_12_30,24010.40,24016.80,23995.30,23996.00,0,
10_04_2026_12_35,23998.70,24020.40,23996.20,24014.30,0,
10_04_2026_12_40,24014.70,24022.00,24003.30,24004.30,0,
10_04_2026_12_45,24003.70,24018.90,24001.10,24011.30,0,
10_04_2026_12_50,24011.80,24012.20,23986.20,24000.60,0,
10_04_2026_12_55,24001.20,24007.70,23993.20,24004.90,0,
10_04_2026_13_00,24005.30,24018.60,24003.70,24013.30,0,
10_04_2026_13_05,24013.30,24021.80,24007.30,24019.60,0,
10_04_2026_13_10,24019.70,24021.40,23999.30,24003.20,0,
10_04_2026_13_15,24003.40,24010.80,23999.30,23999.50,0,
10_04_2026_13_20,23999.80,24004.00,23996.40,23999.20,0,
10_04_2026_13_25,23998.10,24009.90,23996.00,24007.50,0,
10_04_2026_13_30,24007.00,24016.50,24003.60,24004.10,0,
10_04_2026_13_35,24003.90,24012.10,23999.20,24011.50,0,
10_04_2026_13_40,24011.70,24025.70,24011.70,24020.70,0,
10_04_2026_13_45,24020.20,24030.20,24009.60,24012.10,0,
10_04_2026_13_50,24012.50,24021.80,24002.30,24018.60,0,
10_04_2026_13_55,24018.80,24044.90,24016.60,24041.20,0,
10_04_2026_14_00,24041.00,24048.20,24026.70,24029.20,0,
10_04_2026_14_05,24030.20,24037.60,24025.40,24031.80,0,
10_04_2026_14_10,24032.00,24046.50,23998.40,24020.40,0,
10_04_2026_14_15,24020.40,24021.80,23938.60,23995.10,0,
10_04_2026_14_20,23996.60,24010.60,23956.60,23956.60,0,
10_04_2026_14_25,23956.10,23969.70,23947.90,23965.30,0,
10_04_2026_14_30,23964.70,23989.90,23959.80,23962.80,0,
10_04_2026_14_35,23961.80,23981.00,23947.20,23970.40,0,
10_04_2026_14_40,23970.80,23993.40,23969.20,23982.90,0,
10_04_2026_14_45,23981.80,24005.50,23956.80,24000.50,0,
10_04_2026_14_50,24000.80,24006.20,23991.20,23995.00,0,
10_04_2026_14_55,23995.60,24005.70,23993.60,23994.20,0,
10_04_2026_15_00,23994.80,24035.20,23994.80,24035.00,0,
10_04_2026_15_05,24035.20,24064.60,24035.20,24060.40,0,
10_04_2026_15_10,24058.90,24074.10,24057.20,24058.10,0,
10_04_2026_15_15,24057.20,24061.40,24045.90,24053.70,0,
10_04_2026_15_20,24053.80,24061.40,24049.70,24054.60,0,
10_04_2026_15_25,24054.40,24063.40,24046.20,24050.50,0,
13_04_2026_09_15,23619.10,23699.70,23555.60,23578.60,0,
13_04_2026_09_20,23579.60,23595.10,23573.00,23591.50,0,
13_04_2026_09_25,23590.80,23609.80,23583.00,23604.70,0,
13_04_2026_09_30,23604.30,23618.80,23586.90,23615.60,0,
13_04_2026_09_35,23615.70,23615.70,23580.30,23592.80,0,
13_04_2026_09_40,23591.20,23644.00,23588.30,23633.50,0,
13_04_2026_09_45,23634.30,23635.40,23612.40,23631.30,0,
13_04_2026_09_50,23632.20,23657.10,23627.90,23642.80,0,
13_04_2026_09_55,23643.80,23680.40,23642.20,23669.10,0,
13_04_2026_10_00,23668.80,23679.00,23653.20,23671.30,0,
13_04_2026_10_05,23672.40,23679.70,23657.70,23675.40,0,
13_04_2026_10_10,23675.80,23682.70,23653.80,23660.10,0,
13_04_2026_10_15,23655.50,23673.30,23634.10,23673.30,0,
13_04_2026_10_20,23673.10,23721.70,23671.50,23707.80,0,
13_04_2026_10_25,23707.90,23732.30,23702.80,23721.50,0,
13_04_2026_10_30,23721.80,23728.30,23705.80,23715.80,0,
13_04_2026_10_35,23715.20,23734.20,23701.60,23729.70,0,
13_04_2026_10_40,23729.40,23738.60,23696.30,23723.60,0,
13_04_2026_10_45,23723.20,23746.80,23721.80,23732.10,0,
13_04_2026_10_50,23731.90,23753.80,23731.90,23745.70,0,
13_04_2026_10_55,23746.40,23757.90,23730.30,23740.00,0,
13_04_2026_11_00,23737.40,23741.40,23730.40,23736.90,0,
13_04_2026_11_05,23736.60,23752.30,23736.60,23749.70,0,
13_04_2026_11_10,23749.80,23751.20,23732.30,23743.70,0,
13_04_2026_11_15,23743.80,23752.00,23743.10,23746.30,0,
13_04_2026_11_20,23746.90,23762.80,23731.10,23743.40,0,
13_04_2026_11_25,23742.20,23757.70,23740.40,23740.50,0,
13_04_2026_11_30,23740.70,23751.30,23729.40,23738.10,0,
13_04_2026_11_35,23738.20,23772.30,23738.20,23761.10,0,
13_04_2026_11_40,23760.90,23764.00,23750.80,23756.20,0,
13_04_2026_11_45,23756.80,23776.90,23754.60,23776.90,0,
13_04_2026_11_50,23778.50,23800.40,23778.50,23798.30,0,
13_04_2026_11_55,23798.30,23811.30,23785.20,23785.70,0,
13_04_2026_12_00,23785.90,23794.90,23785.40,23788.20,0,
13_04_2026_12_05,23788.90,23806.60,23788.90,23798.70,0,
13_04_2026_12_10,23798.30,23816.20,23795.80,23814.60,0,
13_04_2026_12_15,23814.70,23822.80,23804.30,23821.00,0,
13_04_2026_12_20,23820.00,23822.80,23796.00,23804.70,0,
13_04_2026_12_25,23804.40,23836.60,23804.30,23835.90,0,
13_04_2026_12_30,23837.60,23841.80,23823.00,23825.60,0,
13_04_2026_12_35,23827.10,23847.80,23821.50,23833.50,0,
13_04_2026_12_40,23833.80,23842.90,23825.00,23841.30,0,
13_04_2026_12_45,23842.20,23842.80,23824.30,23839.80,0,
13_04_2026_12_50,23840.70,23845.70,23821.20,23822.20,0,
13_04_2026_12_55,23822.10,23825.20,23780.90,23806.40,0,
13_04_2026_13_00,23806.80,23815.00,23771.80,23784.80,0,
13_04_2026_13_05,23785.60,23817.90,23785.60,23811.50,0,
13_04_2026_13_10,23809.10,23822.40,23803.40,23820.70,0,
13_04_2026_13_15,23821.20,23835.30,23805.20,23835.30,0,
13_04_2026_13_20,23835.30,23839.80,23818.80,23825.70,0,
13_04_2026_13_25,23826.10,23831.20,23815.40,23823.40,0,
13_04_2026_13_30,23824.60,23854.20,23822.90,23846.00,0,
13_04_2026_13_35,23845.90,23856.80,23835.00,23845.40,0,
13_04_2026_13_40,23846.20,23846.80,23829.10,23835.40,0,
13_04_2026_13_45,23835.80,23843.30,23831.90,23839.80,0,
13_04_2026_13_50,23839.50,23883.70,23836.60,23881.80,0,
13_04_2026_13_55,23882.40,23907.40,23878.40,23893.70,0,
13_04_2026_14_00,23893.10,23897.30,23882.60,23887.60,0,
13_04_2026_14_05,23887.80,23888.70,23852.60,23855.30,0,
13_04_2026_14_10,23854.20,23854.50,23835.20,23854.50,0,
13_04_2026_14_15,23854.80,23865.20,23834.60,23855.90,0,
13_04_2026_14_20,23856.00,23870.30,23852.10,23861.20,0,
13_04_2026_14_25,23862.10,23881.70,23860.90,23866.10,0,
13_04_2026_14_30,23865.40,23892.80,23865.40,23881.10,0,
13_04_2026_14_35,23881.90,23897.40,23871.40,23871.40,0,
13_04_2026_14_40,23870.70,23880.90,23855.80,23866.30,0,
13_04_2026_14_45,23866.10,23888.20,23854.60,23883.90,0,
13_04_2026_14_50,23883.70,23891.80,23870.90,23881.80,0,
13_04_2026_14_55,23882.80,23897.40,23880.50,23883.70,0,
13_04_2026_15_00,23884.90,23888.20,23822.20,23838.80,0,
13_04_2026_15_05,23837.70,23868.10,23824.30,23842.30,0,
13_04_2026_15_10,23839.30,23857.20,23826.40,23845.40,0,
13_04_2026_15_15,23843.70,23847.00,23822.40,23825.60,0,
13_04_2026_15_20,23826.60,23832.20,23816.80,23821.80,0,
13_04_2026_15_25,23822.30,23827.80,23814.70,23818.90,0,
15_04_2026_09_15,24166.10,24280.90,24162.70,24230.80,0,
15_04_2026_09_20,24231.60,24234.70,24206.80,24208.80,0,
15_04_2026_09_25,24209.20,24212.90,24184.10,24192.40,0,
15_04_2026_09_30,24193.50,24194.70,24164.20,24168.90,0,
15_04_2026_09_35,24168.10,24179.80,24145.80,24151.30,0,
15_04_2026_09_40,24151.10,24215.90,24149.70,24207.30,0,
15_04_2026_09_45,24207.10,24225.20,24193.10,24193.10,0,
15_04_2026_09_50,24192.40,24219.90,24186.70,24212.70,0,
15_04_2026_09_55,24213.20,24224.60,24205.10,24216.00,0,
15_04_2026_10_00,24216.80,24232.90,24214.10,24231.70,0,
15_04_2026_10_05,24233.20,24247.30,24232.90,24235.70,0,
15_04_2026_10_10,24236.60,24253.30,24234.30,24241.70,0,
15_04_2026_10_15,24241.60,24264.20,24241.60,24260.40,0,
15_04_2026_10_20,24261.10,24272.60,24249.80,24264.90,0,
15_04_2026_10_25,24264.80,24267.10,24255.70,24260.10,0,
15_04_2026_10_30,24260.40,24273.20,24256.20,24259.40,0,
15_04_2026_10_35,24260.20,24263.00,24242.40,24243.60,0,
15_04_2026_10_40,24245.80,24251.40,24235.40,24243.10,0,
15_04_2026_10_45,24242.50,24255.80,24239.80,24248.00,0,
15_04_2026_10_50,24247.60,24248.60,24208.80,24223.40,0,
15_04_2026_10_55,24223.50,24233.80,24216.10,24216.10,0,
15_04_2026_11_00,24216.30,24216.50,24202.80,24209.60,0,
15_04_2026_11_05,24208.90,24210.20,24184.20,24187.50,0,
15_04_2026_11_10,24186.90,24192.90,24177.60,24184.20,0,
15_04_2026_11_15,24184.50,24207.50,24174.50,24186.20,0,
15_04_2026_11_20,24187.20,24206.50,24187.00,24201.70,0,
15_04_2026_11_25,24201.20,24201.90,24178.80,24188.10,0,
15_04_2026_11_30,24188.10,24196.10,24184.70,24189.00,0,
15_04_2026_11_35,24189.10,24202.80,24188.80,24199.60,0,
15_04_2026_11_40,24199.70,24211.10,24194.10,24210.30,0,
15_04_2026_11_45,24210.60,24223.10,24202.20,24221.00,0,
15_04_2026_11_50,24221.40,24226.20,24215.40,24222.60,0,
15_04_2026_11_55,24221.90,24224.30,24214.10,24217.10,0,
15_04_2026_12_00,24217.80,24232.90,24217.40,24229.10,0,
15_04_2026_12_05,24229.20,24231.80,24220.80,24224.10,0,
15_04_2026_12_10,24224.30,24234.90,24224.10,24226.80,0,
15_04_2026_12_15,24227.00,24235.70,24215.80,24217.30,0,
15_04_2026_12_20,24216.10,24225.00,24200.40,24221.60,0,
15_04_2026_12_25,24222.10,24230.80,24219.10,24219.80,0,
15_04_2026_12_30,24219.80,24221.80,24213.10,24217.60,0,
15_04_2026_12_35,24217.40,24236.70,24215.20,24232.70,0,
15_04_2026_12_40,24232.90,24234.20,24216.10,24228.10,0,
15_04_2026_12_45,24228.80,24234.80,24210.00,24216.60,0,
15_04_2026_12_50,24216.70,24234.80,24203.90,24214.30,0,
15_04_2026_12_55,24213.70,24219.10,24206.90,24207.80,0,
15_04_2026_13_00,24207.50,24217.80,24200.20,24210.80,0,
15_04_2026_13_05,24211.20,24213.10,24203.30,24212.90,0,
15_04_2026_13_10,24212.40,24222.80,24212.00,24220.60,0,
15_04_2026_13_15,24220.70,24233.90,24215.90,24233.80,0,
15_04_2026_13_20,24233.90,24238.60,24187.80,24197.80,0,
15_04_2026_13_25,24197.20,24203.90,24195.80,24196.90,0,
15_04_2026_13_30,24196.90,24222.40,24191.50,24213.30,0,
15_04_2026_13_35,24213.20,24223.30,24191.20,24195.20,0,
15_04_2026_13_40,24195.80,24217.30,24192.30,24215.80,0,
15_04_2026_13_45,24215.90,24221.30,24199.10,24207.70,0,
15_04_2026_13_50,24206.80,24211.60,24194.30,24201.10,0,
15_04_2026_13_55,24200.40,24225.20,24199.40,24221.20,0,
15_04_2026_14_00,24221.80,24230.40,24221.40,24225.20,0,
15_04_2026_14_05,24226.00,24230.90,24223.60,24225.70,0,
15_04_2026_14_10,24225.60,24238.10,24219.50,24226.60,0,
15_04_2026_14_15,24227.10,24231.60,24219.20,24226.70,0,
15_04_2026_14_20,24226.80,24242.20,24214.40,24215.10,0,
15_04_2026_14_25,24215.10,24235.90,24214.40,24233.30,0,
15_04_2026_14_30,24232.90,24237.90,24229.20,24234.70,0,
15_04_2026_14_35,24235.10,24236.60,24220.20,24224.40,0,
15_04_2026_14_40,24225.10,24236.20,24223.80,24233.20,0,
15_04_2026_14_45,24233.00,24245.70,24232.30,24244.30,0,
15_04_2026_14_50,24244.20,24262.80,24236.20,24250.40,0,
15_04_2026_14_55,24250.50,24264.20,24240.20,24261.20,0,
15_04_2026_15_00,24262.20,24265.80,24235.70,24245.40,0,
15_04_2026_15_05,24246.60,24249.60,24229.50,24239.00,0,
15_04_2026_15_10,24241.10,24242.50,24223.90,24227.80,0,
15_04_2026_15_15,24228.70,24230.30,24221.40,24223.00,0,
15_04_2026_15_20,24223.70,24229.60,24219.30,24225.60,0,
15_04_2026_15_25,24224.70,24229.20,24206.50,24211.90,0,
16_04_2026_09_15,24380.20,24392.30,24333.90,24390.60,0,
16_04_2026_09_20,24390.80,24397.70,24372.70,24387.50,0,
16_04_2026_09_25,24388.20,24400.90,24376.00,24385.80,0,
16_04_2026_09_30,24385.70,24396.10,24353.70,24358.30,0,
16_04_2026_09_35,24358.20,24364.10,24305.60,24326.80,0,
16_04_2026_09_40,24326.20,24335.30,24299.10,24301.90,0,
16_04_2026_09_45,24302.80,24332.70,24292.30,24327.90,0,
16_04_2026_09_50,24327.20,24337.10,24301.50,24316.60,0,
16_04_2026_09_55,24316.80,24316.80,24270.60,24271.60,0,
16_04_2026_10_00,24271.70,24303.80,24264.40,24303.80,0,
16_04_2026_10_05,24303.20,24310.90,24280.90,24308.60,0,
16_04_2026_10_10,24308.40,24319.80,24295.30,24307.60,0,
16_04_2026_10_15,24306.20,24328.80,24292.80,24309.70,0,
16_04_2026_10_20,24309.20,24313.00,24300.10,24304.00,0,
16_04_2026_10_25,24303.90,24317.20,24292.50,24300.80,0,
16_04_2026_10_30,24301.10,24321.20,24301.10,24312.70,0,
16_04_2026_10_35,24312.80,24325.80,24292.40,24299.70,0,
16_04_2026_10_40,24298.60,24317.10,24298.10,24307.70,0,
16_04_2026_10_45,24307.40,24327.90,24306.90,24316.20,0,
16_04_2026_10_50,24315.10,24319.10,24311.50,24314.70,0,
16_04_2026_10_55,24315.20,24315.90,24302.20,24309.60,0,
16_04_2026_11_00,24309.30,24330.70,24309.30,24324.40,0,
16_04_2026_11_05,24321.30,24333.20,24308.60,24324.40,0,
16_04_2026_11_10,24323.30,24323.40,24303.70,24313.90,0,
16_04_2026_11_15,24313.20,24323.10,24294.10,24319.80,0,
16_04_2026_11_20,24319.90,24328.90,24294.50,24297.90,0,
16_04_2026_11_25,24298.80,24304.20,24282.80,24299.20,0,
16_04_2026_11_30,24300.20,24304.20,24290.10,24299.70,0,
16_04_2026_11_35,24299.80,24301.10,24266.90,24281.20,0,
16_04_2026_11_40,24280.00,24280.00,24252.90,24254.70,0,
16_04_2026_11_45,24254.30,24254.30,24215.60,24243.60,0,
16_04_2026_11_50,24242.70,24242.70,24218.40,24237.20,0,
16_04_2026_11_55,24237.80,24237.80,24194.70,24197.20,0,
16_04_2026_12_00,24196.30,24197.80,24157.60,24159.20,0,
16_04_2026_12_05,24159.50,24176.90,24153.10,24171.10,0,
16_04_2026_12_10,24171.10,24190.80,24170.50,24184.80,0,
16_04_2026_12_15,24182.90,24189.70,24159.40,24181.40,0,
16_04_2026_12_20,24180.80,24184.30,24152.20,24163.20,0,
16_04_2026_12_25,24161.80,24169.40,24152.90,24162.90,0,
16_04_2026_12_30,24162.90,24169.80,24136.90,24137.90,0,
16_04_2026_12_35,24138.10,24158.80,24131.80,24158.80,0,
16_04_2026_12_40,24158.70,24169.20,24138.70,24139.10,0,
16_04_2026_12_45,24140.80,24153.10,24129.10,24135.70,0,
16_04_2026_12_50,24136.10,24157.10,24122.80,24123.90,0,
16_04_2026_12_55,24124.10,24145.20,24116.90,24144.60,0,
16_04_2026_13_00,24144.50,24154.60,24136.80,24150.20,0,
16_04_2026_13_05,24149.80,24160.20,24117.30,24122.90,0,
16_04_2026_13_10,24124.20,24125.80,24107.40,24122.30,0,
16_04_2026_13_15,24122.60,24141.90,24111.80,24137.80,0,
16_04_2026_13_20,24137.80,24142.40,24103.20,24106.80,0,
16_04_2026_13_25,24107.90,24123.20,24102.80,24116.10,0,
16_04_2026_13_30,24116.10,24128.40,24115.30,24124.10,0,
16_04_2026_13_35,24123.80,24125.70,24118.10,24124.80,0,
16_04_2026_13_40,24124.70,24140.10,24122.10,24137.80,0,
16_04_2026_13_45,24137.80,24151.50,24137.40,24151.50,0,
16_04_2026_13_50,24151.50,24184.80,24150.60,24183.40,0,
16_04_2026_13_55,24184.20,24190.50,24165.60,24183.20,0,
16_04_2026_14_00,24181.90,24183.90,24138.30,24145.30,0,
16_04_2026_14_05,24145.40,24158.30,24132.40,24155.90,0,
16_04_2026_14_10,24156.30,24175.30,24153.30,24166.70,0,
16_04_2026_14_15,24166.70,24168.80,24158.90,24165.50,0,
16_04_2026_14_20,24165.20,24171.30,24153.80,24165.10,0,
16_04_2026_14_25,24164.70,24186.90,24164.00,24186.60,0,
16_04_2026_14_30,24186.50,24221.30,24186.50,24221.20,0,
16_04_2026_14_35,24221.30,24228.70,24211.00,24222.70,0,
16_04_2026_14_40,24223.10,24234.60,24212.50,24219.70,0,
16_04_2026_14_45,24219.50,24240.20,24218.90,24234.60,0,
16_04_2026_14_50,24234.50,24245.00,24226.90,24240.80,0,
16_04_2026_14_55,24241.00,24241.20,24214.60,24230.10,0,
16_04_2026_15_00,24229.40,24238.30,24187.90,24202.90,0,
16_04_2026_15_05,24202.70,24208.20,24163.40,24170.20,0,
16_04_2026_15_10,24169.90,24202.50,24169.60,24183.90,0,
16_04_2026_15_15,24184.20,24203.20,24177.80,24180.80,0,
16_04_2026_15_20,24179.80,24199.30,24179.20,24196.00,0,
16_04_2026_15_25,24196.10,24199.90,24178.80,24188.40,0,
17_04_2026_09_15,24173.60,24224.80,24096.10,24207.60,0,
17_04_2026_09_20,24210.60,24233.70,24195.10,24196.90,0,
17_04_2026_09_25,24196.80,24235.60,24196.40,24233.30,0,
17_04_2026_09_30,24232.60,24234.80,24192.50,24196.60,0,
17_04_2026_09_35,24195.10,24222.00,24166.90,24211.80,0,
17_04_2026_09_40,24211.30,24223.40,24178.70,24191.30,0,
17_04_2026_09_45,24192.80,24220.30,24190.00,24219.90,0,
17_04_2026_09_50,24219.90,24231.90,24219.20,24223.00,0,
17_04_2026_09_55,24223.70,24238.60,24214.70,24232.10,0,
17_04_2026_10_00,24231.40,24255.70,24205.40,24255.30,0,
17_04_2026_10_05,24255.70,24279.80,24255.70,24263.30,0,
17_04_2026_10_10,24264.60,24274.10,24255.20,24272.90,0,
17_04_2026_10_15,24273.40,24289.20,24273.40,24280.40,0,
17_04_2026_10_20,24280.00,24291.80,24280.00,24286.60,0,
17_04_2026_10_25,24286.40,24304.60,24285.80,24285.80,0,
17_04_2026_10_30,24285.90,24296.30,24260.10,24265.00,0,
17_04_2026_10_35,24265.40,24278.70,24252.00,24252.80,0,
17_04_2026_10_40,24253.00,24265.50,24244.10,24260.40,0,
17_04_2026_10_45,24260.40,24270.00,24256.80,24263.80,0,
17_04_2026_10_50,24264.10,24265.60,24252.60,24256.30,0,
17_04_2026_10_55,24256.30,24263.80,24253.90,24254.90,0,
17_04_2026_11_00,24255.70,24261.30,24237.80,24246.90,0,
17_04_2026_11_05,24247.10,24259.80,24246.80,24258.70,0,
17_04_2026_11_10,24259.20,24275.20,24257.80,24265.10,0,
17_04_2026_11_15,24264.70,24277.50,24264.70,24277.30,0,
17_04_2026_11_20,24277.40,24282.20,24272.80,24273.80,0,
17_04_2026_11_25,24274.20,24279.50,24266.20,24275.20,0,
17_04_2026_11_30,24275.80,24287.70,24273.50,24287.00,0,
17_04_2026_11_35,24287.20,24293.90,24283.20,24289.20,0,
17_04_2026_11_40,24290.00,24302.60,24287.60,24294.90,0,
17_04_2026_11_45,24295.60,24296.30,24278.40,24282.40,0,
17_04_2026_11_50,24283.30,24319.10,24282.70,24316.40,0,
17_04_2026_11_55,24316.10,24323.10,24269.70,24271.40,0,
17_04_2026_12_00,24271.70,24277.20,24253.20,24261.30,0,
17_04_2026_12_05,24261.10,24292.60,24258.30,24286.30,0,
17_04_2026_12_10,24286.00,24287.90,24277.70,24285.60,0,
17_04_2026_12_15,24286.20,24293.70,24281.60,24286.60,0,
17_04_2026_12_20,24287.20,24290.30,24280.70,24288.40,0,
17_04_2026_12_25,24288.60,24291.70,24282.50,24284.00,0,
17_04_2026_12_30,24283.90,24285.10,24264.80,24265.30,0,
17_04_2026_12_35,24265.10,24272.70,24263.80,24265.10,0,
17_04_2026_12_40,24264.20,24275.80,24260.20,24267.00,0,
17_04_2026_12_45,24267.20,24277.90,24266.20,24272.20,0,
17_04_2026_12_50,24272.70,24275.20,24259.90,24265.30,0,
17_04_2026_12_55,24264.90,24269.20,24259.90,24266.10,0,
17_04_2026_13_00,24267.00,24275.30,24264.80,24269.80,0,
17_04_2026_13_05,24269.00,24286.30,24267.80,24284.80,0,
17_04_2026_13_10,24284.80,24292.90,24283.80,24285.10,0,
17_04_2026_13_15,24284.30,24287.10,24269.50,24271.90,0,
17_04_2026_13_20,24270.80,24284.10,24268.10,24273.80,0,
17_04_2026_13_25,24273.60,24289.30,24265.40,24289.30,0,
17_04_2026_13_30,24289.50,24296.30,24287.40,24296.30,0,
17_04_2026_13_35,24296.30,24302.30,24289.20,24301.10,0,
17_04_2026_13_40,24300.20,24312.80,24299.40,24301.90,0,
17_04_2026_13_45,24301.60,24309.10,24301.50,24306.30,0,
17_04_2026_13_50,24306.20,24308.10,24299.80,24304.00,0,
17_04_2026_13_55,24304.20,24308.30,24294.10,24303.30,0,
17_04_2026_14_00,24303.70,24311.70,24301.80,24302.60,0,
17_04_2026_14_05,24302.50,24316.00,24300.80,24312.20,0,
17_04_2026_14_10,24312.60,24317.80,24305.40,24306.80,0,
17_04_2026_14_15,24307.50,24320.10,24306.70,24316.80,0,
17_04_2026_14_20,24316.90,24327.10,24313.00,24324.70,0,
17_04_2026_14_25,24323.10,24326.20,24305.10,24307.10,0,
17_04_2026_14_30,24307.40,24315.80,24304.80,24314.20,0,
17_04_2026_14_35,24314.30,24329.60,24308.20,24325.10,0,
17_04_2026_14_40,24325.40,24343.40,24323.30,24340.40,0,
17_04_2026_14_45,24339.80,24357.80,24338.00,24348.40,0,
17_04_2026_14_50,24349.00,24356.60,24346.00,24351.10,0,
17_04_2026_14_55,24349.10,24352.80,24342.20,24349.80,0,
17_04_2026_15_00,24349.60,24356.80,24320.10,24350.20,0,
17_04_2026_15_05,24349.30,24358.20,24343.90,24352.20,0,
17_04_2026_15_10,24350.90,24356.20,24349.30,24354.60,0,
17_04_2026_15_15,24353.70,24363.60,24348.10,24361.80,0,
17_04_2026_15_20,24360.80,24368.80,24356.00,24367.20,0,
17_04_2026_15_25,24367.80,24371.90,24358.60,24366.90,0,
20_04_2026_09_15,24391.50,24420.20,24241.20,24339.60,0,
20_04_2026_09_20,24340.20,24396.80,24340.20,24395.80,0,
20_04_2026_09_25,24393.00,24417.30,24378.80,24383.00,0,
20_04_2026_09_30,24383.20,24389.80,24339.10,24357.90,0,
20_04_2026_09_35,24360.20,24371.80,24334.70,24343.30,0,
20_04_2026_09_40,24342.80,24352.70,24295.60,24302.80,0,
20_04_2026_09_45,24301.80,24305.90,24281.20,24296.60,0,
20_04_2026_09_50,24297.10,24338.70,24285.50,24338.20,0,
20_04_2026_09_55,24337.40,24344.10,24320.30,24331.80,0,
20_04_2026_10_00,24331.10,24365.60,24326.30,24355.90,0,
20_04_2026_10_05,24356.50,24388.30,24355.20,24386.80,0,
20_04_2026_10_10,24388.10,24388.10,24365.60,24379.60,0,
20_04_2026_10_15,24379.90,24398.80,24370.50,24389.80,0,
20_04_2026_10_20,24389.40,24404.60,24374.70,24403.00,0,
20_04_2026_10_25,24400.60,24413.50,24388.90,24409.70,0,
20_04_2026_10_30,24409.50,24440.30,24409.50,24427.20,0,
20_04_2026_10_35,24427.80,24441.20,24420.90,24433.20,0,
20_04_2026_10_40,24433.60,24448.50,24433.20,24439.10,0,
20_04_2026_10_45,24439.30,24439.70,24417.60,24430.20,0,
20_04_2026_10_50,24431.10,24432.20,24410.90,24425.10,0,
20_04_2026_10_55,24425.50,24432.50,24415.80,24430.10,0,
20_04_2026_11_00,24431.10,24436.20,24415.80,24433.20,0,
20_04_2026_11_05,24433.60,24440.10,24406.40,24407.20,0,
20_04_2026_11_10,24407.20,24422.60,24395.90,24407.70,0,
20_04_2026_11_15,24408.40,24432.90,24407.20,24425.70,0,
20_04_2026_11_20,24426.20,24456.70,24424.80,24455.20,0,
20_04_2026_11_25,24455.40,24467.60,24448.80,24464.80,0,
20_04_2026_11_30,24463.80,24467.80,24448.70,24451.80,0,
20_04_2026_11_35,24451.80,24458.30,24439.90,24457.80,0,
20_04_2026_11_40,24457.50,24471.20,24452.80,24462.80,0,
20_04_2026_11_45,24462.40,24473.20,24461.10,24467.40,0,
20_04_2026_11_50,24466.90,24467.70,24456.40,24465.30,0,
20_04_2026_11_55,24465.30,24468.20,24459.40,24463.30,0,
20_04_2026_12_00,24463.20,24469.60,24458.40,24459.90,0,
20_04_2026_12_05,24459.60,24463.20,24448.80,24448.90,0,
20_04_2026_12_10,24449.60,24450.60,24421.80,24433.20,0,
20_04_2026_12_15,24433.20,24439.10,24426.00,24430.90,0,
20_04_2026_12_20,24430.70,24446.20,24430.30,24445.70,0,
20_04_2026_12_25,24445.50,24463.40,24444.10,24461.40,0,
20_04_2026_12_30,24461.00,24468.70,24455.80,24466.20,0,
20_04_2026_12_35,24465.80,24468.70,24453.20,24467.30,0,
20_04_2026_12_40,24467.50,24470.50,24458.70,24462.30,0,
20_04_2026_12_45,24462.10,24475.20,24461.10,24472.50,0,
20_04_2026_12_50,24472.70,24480.70,24470.30,24473.70,0,
20_04_2026_12_55,24474.50,24478.60,24460.80,24462.10,0,
20_04_2026_13_00,24461.80,24463.20,24411.90,24439.20,0,
20_04_2026_13_05,24439.30,24447.30,24420.70,24423.50,0,
20_04_2026_13_10,24421.90,24423.70,24394.30,24414.30,0,
20_04_2026_13_15,24414.10,24424.60,24397.20,24414.80,0,
20_04_2026_13_20,24413.80,24416.60,24381.80,24390.80,0,
20_04_2026_13_25,24391.20,24392.00,24359.20,24392.00,0,
20_04_2026_13_30,24392.70,24400.20,24377.90,24396.30,0,
20_04_2026_13_35,24395.40,24396.10,24369.20,24375.30,0,
20_04_2026_13_40,24375.10,24404.80,24372.10,24396.30,0,
20_04_2026_13_45,24395.60,24397.80,24380.40,24380.40,0,
20_04_2026_13_50,24380.70,24391.90,24369.90,24390.70,0,
20_04_2026_13_55,24391.30,24396.40,24378.60,24395.30,0,
20_04_2026_14_00,24395.80,24396.10,24373.50,24393.10,0,
20_04_2026_14_05,24392.60,24393.30,24372.20,24380.00,0,
20_04_2026_14_10,24380.10,24395.60,24380.10,24393.80,0,
20_04_2026_14_15,24393.90,24400.90,24388.10,24393.90,0,
20_04_2026_14_20,24394.10,24418.40,24392.70,24415.30,0,
20_04_2026_14_25,24415.70,24438.00,24411.70,24431.20,0,
20_04_2026_14_30,24431.50,24431.60,24401.20,24423.20,0,
20_04_2026_14_35,24423.70,24430.80,24399.80,24403.80,0,
20_04_2026_14_40,24403.80,24405.10,24390.80,24401.20,0,
20_04_2026_14_45,24402.30,24404.40,24371.90,24402.80,0,
20_04_2026_14_50,24402.60,24407.20,24395.90,24407.20,0,
20_04_2026_14_55,24406.80,24410.40,24398.90,24407.90,0,
20_04_2026_15_00,24407.90,24424.60,24406.30,24408.60,0,
20_04_2026_15_05,24408.50,24408.90,24385.60,24388.20,0,
20_04_2026_15_10,24387.40,24397.10,24381.00,24381.80,0,
20_04_2026_15_15,24382.20,24383.20,24323.80,24325.20,0,
20_04_2026_15_20,24325.40,24338.70,24318.00,24320.60,0,
20_04_2026_15_25,24320.10,24339.90,24320.10,24330.90,0,
21_04_2026_09_15,24369.80,24470.30,24354.90,24468.90,0,
21_04_2026_09_20,24468.20,24486.00,24456.10,24465.10,0,
21_04_2026_09_25,24464.80,24475.20,24449.20,24449.20,0,
21_04_2026_09_30,24449.80,24464.20,24442.40,24461.50,0,
21_04_2026_09_35,24460.80,24477.70,24460.80,24469.70,0,
21_04_2026_09_40,24470.70,24471.30,24450.80,24466.60,0,
21_04_2026_09_45,24465.90,24510.60,24465.90,24501.40,0,
21_04_2026_09_50,24501.80,24512.30,24485.00,24499.10,0,
21_04_2026_09_55,24498.30,24501.90,24491.40,24499.90,0,
21_04_2026_10_00,24500.70,24516.90,24498.30,24516.20,0,
21_04_2026_10_05,24516.70,24524.80,24507.10,24523.20,0,
21_04_2026_10_10,24522.90,24524.00,24510.80,24513.40,0,
21_04_2026_10_15,24513.40,24524.70,24505.60,24506.80,0,
21_04_2026_10_20,24506.80,24507.40,24495.10,24499.60,0,
21_04_2026_10_25,24499.20,24500.50,24487.50,24493.60,0,
21_04_2026_10_30,24494.20,24528.20,24491.20,24527.80,0,
21_04_2026_10_35,24527.40,24535.20,24524.20,24531.80,0,
21_04_2026_10_40,24531.10,24534.70,24515.80,24528.10,0,
21_04_2026_10_45,24527.80,24533.60,24517.70,24525.80,0,
21_04_2026_10_50,24524.90,24544.30,24522.30,24542.30,0,
21_04_2026_10_55,24541.90,24561.50,24541.90,24549.20,0,
21_04_2026_11_00,24549.60,24557.90,24540.00,24552.50,0,
21_04_2026_11_05,24551.90,24565.10,24548.30,24554.10,0,
21_04_2026_11_10,24551.30,24557.60,24543.80,24556.40,0,
21_04_2026_11_15,24555.10,24557.10,24546.20,24551.10,0,
21_04_2026_11_20,24550.90,24552.10,24535.20,24541.80,0,
21_04_2026_11_25,24540.90,24544.10,24529.90,24539.20,0,
21_04_2026_11_30,24537.30,24539.20,24516.40,24517.70,0,
21_04_2026_11_35,24517.60,24533.10,24513.70,24524.80,0,
21_04_2026_11_40,24524.30,24529.20,24516.20,24528.00,0,
21_04_2026_11_45,24527.80,24543.90,24527.80,24530.30,0,
21_04_2026_11_50,24530.40,24532.60,24521.80,24527.20,0,
21_04_2026_11_55,24526.80,24538.30,24524.90,24531.70,0,
21_04_2026_12_00,24531.80,24542.60,24527.20,24540.40,0,
21_04_2026_12_05,24540.70,24548.40,24536.40,24543.70,0,
21_04_2026_12_10,24543.20,24569.20,24543.20,24559.00,0,
21_04_2026_12_15,24558.20,24561.90,24547.20,24561.70,0,
21_04_2026_12_20,24560.50,24570.90,24555.80,24558.90,0,
21_04_2026_12_25,24557.70,24564.80,24545.60,24547.20,0,
21_04_2026_12_30,24547.70,24571.20,24547.10,24547.90,0,
21_04_2026_12_35,24548.10,24564.30,24546.70,24555.00,0,
21_04_2026_12_40,24555.40,24557.10,24545.80,24552.60,0,
21_04_2026_12_45,24552.40,24553.90,24531.70,24539.20,0,
21_04_2026_12_50,24539.10,24545.60,24527.70,24539.90,0,
21_04_2026_12_55,24540.40,24549.10,24531.30,24537.90,0,
21_04_2026_13_00,24538.70,24546.10,24528.30,24529.20,0,
21_04_2026_13_05,24528.80,24539.80,24527.40,24531.90,0,
21_04_2026_13_10,24531.40,24543.40,24525.30,24540.70,0,
21_04_2026_13_15,24540.70,24555.80,24539.90,24541.90,0,
21_04_2026_13_20,24542.10,24549.70,24536.20,24540.00,0,
21_04_2026_13_25,24539.70,24553.70,24538.90,24552.30,0,
21_04_2026_13_30,24552.60,24568.70,24551.90,24568.40,0,
21_04_2026_13_35,24566.90,24569.80,24542.30,24553.40,0,
21_04_2026_13_40,24552.80,24554.30,24523.50,24533.50,0,
21_04_2026_13_45,24532.80,24540.80,24526.60,24538.70,0,
21_04_2026_13_50,24538.50,24552.90,24538.20,24548.50,0,
21_04_2026_13_55,24549.00,24563.80,24549.00,24554.60,0,
21_04_2026_14_00,24554.30,24556.80,24534.50,24541.60,0,
21_04_2026_14_05,24541.30,24542.20,24529.80,24532.20,0,
21_04_2026_14_10,24531.90,24540.80,24522.60,24537.20,0,
21_04_2026_14_15,24537.80,24569.30,24535.70,24553.80,0,
21_04_2026_14_20,24555.00,24584.70,24555.00,24576.40,0,
21_04_2026_14_25,24577.40,24578.20,24559.60,24572.60,0,
21_04_2026_14_30,24573.60,24574.40,24560.10,24560.90,0,
21_04_2026_14_35,24560.90,24563.40,24549.80,24550.60,0,
21_04_2026_14_40,24550.90,24555.60,24526.10,24535.40,0,
21_04_2026_14_45,24538.10,24552.40,24534.90,24549.60,0,
21_04_2026_14_50,24550.30,24563.20,24548.70,24560.90,0,
21_04_2026_14_55,24561.30,24572.80,24559.30,24568.20,0,
21_04_2026_15_00,24567.30,24600.40,24548.90,24558.60,0,
21_04_2026_15_05,24557.60,24591.60,24556.60,24573.40,0,
21_04_2026_15_10,24572.30,24583.00,24565.10,24573.90,0,
21_04_2026_15_15,24573.70,24601.70,24567.40,24580.10,0,
21_04_2026_15_20,24580.20,24589.80,24571.60,24576.20,0,
21_04_2026_15_25,24578.20,24587.80,24567.80,24580.60,0,
22_04_2026_09_15,24463.80,24515.90,24434.40,24479.30,0,
22_04_2026_09_20,24477.40,24496.10,24459.20,24463.40,0,
22_04_2026_09_25,24465.30,24465.30,24437.80,24440.40,0,
22_04_2026_09_30,24439.40,24463.80,24427.70,24452.20,0,
22_04_2026_09_35,24451.90,24466.40,24438.70,24438.70,0,
22_04_2026_09_40,24437.90,24440.80,24420.50,24424.40,0,
22_04_2026_09_45,24424.80,24433.60,24406.30,24416.90,0,
22_04_2026_09_50,24418.20,24432.70,24405.80,24409.40,0,
22_04_2026_09_55,24410.20,24410.20,24381.30,24382.20,0,
22_04_2026_10_00,24382.90,24388.10,24352.90,24383.20,0,
22_04_2026_10_05,24381.90,24384.20,24369.90,24381.70,0,
22_04_2026_10_10,24381.70,24390.50,24371.20,24373.20,0,
22_04_2026_10_15,24372.90,24385.60,24371.90,24375.40,0,
22_04_2026_10_20,24375.80,24376.80,24353.70,24366.40,0,
22_04_2026_10_25,24364.30,24377.30,24364.10,24373.10,0,
22_04_2026_10_30,24372.30,24383.30,24367.20,24380.60,0,
22_04_2026_10_35,24380.50,24402.10,24374.90,24401.20,0,
22_04_2026_10_40,24401.50,24418.20,24398.90,24416.30,0,
22_04_2026_10_45,24416.20,24436.10,24409.10,24424.20,0,
22_04_2026_10_50,24423.70,24447.80,24423.70,24443.70,0,
22_04_2026_10_55,24443.20,24447.60,24436.90,24439.90,0,
22_04_2026_11_00,24440.20,24441.20,24426.40,24439.30,0,
22_04_2026_11_05,24439.10,24441.00,24423.90,24424.80,0,
22_04_2026_11_10,24424.30,24432.20,24412.30,24428.20,0,
22_04_2026_11_15,24427.90,24439.40,24424.20,24438.20,0,
22_04_2026_11_20,24438.20,24446.80,24430.80,24446.30,0,
22_04_2026_11_25,24445.90,24449.70,24434.40,24435.40,0,
22_04_2026_11_30,24435.90,24448.70,24433.90,24441.80,0,
22_04_2026_11_35,24441.70,24443.40,24429.90,24430.70,0,
22_04_2026_11_40,24430.80,24437.30,24417.10,24417.20,0,
22_04_2026_11_45,24416.80,24416.80,24390.60,24405.80,0,
22_04_2026_11_50,24405.70,24416.10,24404.00,24414.70,0,
22_04_2026_11_55,24414.80,24428.20,24413.20,24426.90,0,
22_04_2026_12_00,24426.80,24436.30,24426.30,24434.00,0,
22_04_2026_12_05,24434.20,24435.60,24422.80,24422.80,0,
22_04_2026_12_10,24424.10,24427.40,24409.80,24419.20,0,
22_04_2026_12_15,24418.70,24422.80,24408.80,24409.70,0,
22_04_2026_12_20,24410.30,24415.80,24403.00,24405.80,0,
22_04_2026_12_25,24405.60,24419.30,24400.20,24409.90,0,
22_04_2026_12_30,24410.20,24422.20,24409.80,24418.80,0,
22_04_2026_12_35,24418.70,24420.20,24395.50,24411.10,0,
22_04_2026_12_40,24411.60,24419.80,24407.70,24418.40,0,
22_04_2026_12_45,24419.20,24423.20,24403.60,24407.40,0,
22_04_2026_12_50,24406.90,24424.30,24405.10,24419.70,0,
22_04_2026_12_55,24418.20,24433.40,24418.20,24429.80,0,
22_04_2026_13_00,24431.80,24434.60,24419.80,24430.00,0,
22_04_2026_13_05,24430.10,24437.70,24429.70,24431.40,0,
22_04_2026_13_10,24432.30,24433.40,24417.80,24431.20,0,
22_04_2026_13_15,24429.80,24433.20,24412.40,24412.70,0,
22_04_2026_13_20,24412.80,24416.10,24385.40,24392.60,0,
22_04_2026_13_25,24393.90,24415.60,24390.80,24415.60,0,
22_04_2026_13_30,24415.90,24427.80,24409.00,24422.90,0,
22_04_2026_13_35,24422.30,24430.20,24415.40,24420.80,0,
22_04_2026_13_40,24419.90,24433.60,24419.90,24431.90,0,
22_04_2026_13_45,24431.50,24434.60,24427.90,24432.30,0,
22_04_2026_13_50,24431.80,24434.80,24415.10,24423.20,0,
22_04_2026_13_55,24424.80,24453.10,24421.70,24449.60,0,
22_04_2026_14_00,24449.80,24458.20,24419.50,24420.40,0,
22_04_2026_14_05,24421.20,24433.80,24421.20,24422.60,0,
22_04_2026_14_10,24423.10,24423.60,24405.90,24415.00,0,
22_04_2026_14_15,24416.40,24418.10,24390.70,24403.30,0,
22_04_2026_14_20,24403.30,24415.60,24396.20,24410.10,0,
22_04_2026_14_25,24409.60,24416.90,24402.80,24405.60,0,
22_04_2026_14_30,24405.70,24415.30,24402.80,24412.10,0,
22_04_2026_14_35,24411.80,24430.00,24410.00,24416.10,0,
22_04_2026_14_40,24417.80,24419.80,24411.70,24413.20,0,
22_04_2026_14_45,24412.80,24420.40,24409.40,24414.40,0,
22_04_2026_14_50,24414.10,24422.30,24408.50,24421.30,0,
22_04_2026_14_55,24421.20,24430.20,24420.30,24425.80,0,
22_04_2026_15_00,24423.20,24423.20,24381.30,24385.10,0,
22_04_2026_15_05,24385.40,24385.80,24374.20,24378.90,0,
22_04_2026_15_10,24378.60,24385.10,24374.80,24382.40,0,
22_04_2026_15_15,24382.10,24392.70,24377.00,24378.40,0,
22_04_2026_15_20,24379.10,24381.40,24367.60,24369.50,0,
22_04_2026_15_25,24368.70,24371.90,24356.70,24367.70,0,
23_04_2026_09_15,24208.20,24242.50,24134.80,24201.30,0,
23_04_2026_09_20,24202.40,24228.10,24191.20,24210.70,0,
23_04_2026_09_25,24210.70,24232.20,24193.40,24230.50,0,
23_04_2026_09_30,24230.50,24256.90,24200.40,24213.20,0,
23_04_2026_09_35,24214.80,24222.30,24193.50,24213.40,0,
23_04_2026_09_40,24214.40,24247.10,24203.60,24242.70,0,
23_04_2026_09_45,24244.70,24276.20,24233.60,24271.70,0,
23_04_2026_09_50,24271.20,24298.90,24270.60,24282.90,0,
23_04_2026_09_55,24283.80,24295.30,24282.90,24287.50,0,
23_04_2026_10_00,24288.00,24307.50,24266.10,24306.30,0,
23_04_2026_10_05,24306.60,24310.20,24281.80,24285.90,0,
23_04_2026_10_10,24286.70,24287.60,24266.90,24275.30,0,
23_04_2026_10_15,24276.80,24287.70,24260.60,24287.00,0,
23_04_2026_10_20,24287.90,24291.70,24265.70,24269.80,0,
23_04_2026_10_25,24270.30,24278.30,24260.80,24261.30,0,
23_04_2026_10_30,24263.50,24265.40,24239.60,24244.30,0,
23_04_2026_10_35,24245.40,24250.00,24221.70,24226.80,0,
23_04_2026_10_40,24227.80,24229.20,24217.70,24220.00,0,
23_04_2026_10_45,24221.30,24222.70,24185.20,24205.70,0,
23_04_2026_10_50,24207.70,24217.50,24190.60,24210.70,0,
23_04_2026_10_55,24211.80,24222.10,24197.40,24215.30,0,
23_04_2026_11_00,24216.00,24223.20,24211.60,24223.20,0,
23_04_2026_11_05,24223.80,24225.70,24211.70,24212.70,0,
23_04_2026_11_10,24214.60,24218.20,24191.10,24191.80,0,
23_04_2026_11_15,24193.20,24210.30,24188.00,24191.20,0,
23_04_2026_11_20,24191.80,24204.40,24188.90,24189.80,0,
23_04_2026_11_25,24191.90,24199.40,24186.80,24197.80,0,
23_04_2026_11_30,24198.20,24203.90,24191.40,24192.20,0,
23_04_2026_11_35,24193.80,24196.60,24181.80,24194.60,0,
23_04_2026_11_40,24196.00,24197.10,24177.70,24178.20,0,
23_04_2026_11_45,24179.00,24195.60,24172.80,24192.30,0,
23_04_2026_11_50,24193.20,24218.10,24187.90,24213.20,0,
23_04_2026_11_55,24214.40,24215.80,24202.30,24206.10,0,
23_04_2026_12_00,24208.10,24208.10,24197.10,24199.40,0,
23_04_2026_12_05,24200.30,24215.20,24195.90,24209.40,0,
23_04_2026_12_10,24209.70,24225.90,24206.20,24222.50,0,
23_04_2026_12_15,24222.90,24225.50,24215.60,24215.60,0,
23_04_2026_12_20,24217.40,24231.50,24215.10,24223.20,0,
23_04_2026_12_25,24223.90,24223.90,24179.30,24180.10,0,
23_04_2026_12_30,24182.60,24183.80,24167.20,24178.60,0,
23_04_2026_12_35,24179.80,24194.80,24167.10,24192.40,0,
23_04_2026_12_40,24193.60,24203.00,24190.10,24201.70,0,
23_04_2026_12_45,24202.60,24204.10,24187.20,24195.20,0,
23_04_2026_12_50,24196.50,24205.80,24186.50,24203.60,0,
23_04_2026_12_55,24204.70,24217.10,24202.80,24214.70,0,
23_04_2026_13_00,24215.80,24216.10,24205.30,24210.20,0,
23_04_2026_13_05,24211.10,24217.70,24200.80,24215.90,0,
23_04_2026_13_10,24216.30,24218.50,24208.60,24216.20,0,
23_04_2026_13_15,24217.20,24243.50,24208.20,24243.20,0,
23_04_2026_13_20,24244.00,24276.90,24244.00,24273.30,0,
23_04_2026_13_25,24272.70,24281.10,24255.60,24271.40,0,
23_04_2026_13_30,24271.80,24272.40,24248.50,24248.80,0,
23_04_2026_13_35,24249.20,24249.20,24208.10,24215.80,0,
23_04_2026_13_40,24216.80,24219.60,24204.30,24213.70,0,
23_04_2026_13_45,24214.90,24221.90,24207.80,24216.80,0,
23_04_2026_13_50,24217.80,24234.80,24217.80,24234.10,0,
23_04_2026_13_55,24233.80,24252.80,24229.90,24241.50,0,
23_04_2026_14_00,24242.10,24242.80,24224.60,24234.40,0,
23_04_2026_14_05,24235.50,24235.50,24219.60,24219.90,0,
23_04_2026_14_10,24219.80,24219.80,24207.70,24209.20,0,
23_04_2026_14_15,24209.10,24221.40,24203.40,24203.60,0,
23_04_2026_14_20,24204.00,24217.60,24189.40,24202.20,0,
23_04_2026_14_25,24203.30,24203.90,24189.20,24189.40,0,
23_04_2026_14_30,24190.90,24190.90,24174.10,24175.20,0,
23_04_2026_14_35,24176.20,24182.10,24167.30,24175.30,0,
23_04_2026_14_40,24176.40,24182.50,24160.70,24162.60,0,
23_04_2026_14_45,24163.80,24194.10,24157.90,24179.20,0,
23_04_2026_14_50,24178.60,24190.60,24173.30,24178.70,0,
23_04_2026_14_55,24179.70,24184.80,24173.80,24180.80,0,
23_04_2026_15_00,24181.80,24216.70,24181.80,24192.00,0,
23_04_2026_15_05,24191.90,24202.40,24177.60,24186.70,0,
23_04_2026_15_10,24186.40,24189.10,24159.00,24160.00,0,
23_04_2026_15_15,24161.30,24171.30,24152.20,24159.70,0,
23_04_2026_15_20,24159.50,24175.10,24156.40,24161.90,0,
23_04_2026_15_25,24162.20,24169.20,24149.80,24156.10,0,
24_04_2026_09_15,24109.60,24206.00,24100.20,24124.20,0,
24_04_2026_09_20,24121.20,24121.80,24079.80,24091.10,0,
24_04_2026_09_25,24091.30,24091.30,24056.60,24058.10,0,
24_04_2026_09_30,24058.10,24061.60,24011.90,24017.70,0,
24_04_2026_09_35,24017.30,24027.20,24001.10,24002.40,0,
24_04_2026_09_40,24002.00,24006.40,23983.80,23984.20,0,
24_04_2026_09_45,23985.40,23985.40,23957.00,23984.10,0,
24_04_2026_09_50,23984.20,23987.20,23955.10,23959.10,0,
24_04_2026_09_55,23957.40,23964.10,23944.10,23955.00,0,
24_04_2026_10_00,23954.90,23995.40,23954.50,23990.40,0,
24_04_2026_10_05,23990.40,24003.30,23986.30,23986.90,0,
24_04_2026_10_10,23986.70,24000.90,23977.30,23992.80,0,
24_04_2026_10_15,23992.20,23992.20,23969.10,23971.30,0,
24_04_2026_10_20,23971.90,23974.70,23942.60,23943.90,0,
24_04_2026_10_25,23943.90,23962.20,23937.20,23957.70,0,
24_04_2026_10_30,23956.20,23971.20,23951.90,23965.40,0,
24_04_2026_10_35,23965.20,23967.80,23945.80,23956.60,0,
24_04_2026_10_40,23955.80,23959.70,23932.20,23933.70,0,
24_04_2026_10_45,23933.40,23939.80,23914.90,23920.20,0,
24_04_2026_10_50,23920.80,23944.00,23918.10,23942.10,0,
24_04_2026_10_55,23943.30,23944.80,23923.90,23925.40,0,
24_04_2026_11_00,23925.60,23928.20,23914.30,23924.40,0,
24_04_2026_11_05,23925.10,23943.80,23920.90,23921.70,0,
24_04_2026_11_10,23921.20,23926.20,23909.60,23916.20,0,
24_04_2026_11_15,23915.10,23924.80,23903.20,23920.20,0,
24_04_2026_11_20,23919.00,23938.50,23918.50,23928.70,0,
24_04_2026_11_25,23928.60,23942.80,23926.40,23931.30,0,
24_04_2026_11_30,23930.40,23949.30,23928.90,23939.70,0,
24_04_2026_11_35,23938.80,23942.70,23925.30,23936.00,0,
24_04_2026_11_40,23935.40,23937.60,23922.70,23927.10,0,
24_04_2026_11_45,23926.30,23926.70,23905.70,23906.90,0,
24_04_2026_11_50,23906.60,23907.60,23894.60,23899.20,0,
24_04_2026_11_55,23899.10,23906.10,23893.40,23898.20,0,
24_04_2026_12_00,23897.80,23908.00,23894.20,23906.80,0,
24_04_2026_12_05,23905.90,23920.60,23903.70,23918.20,0,
24_04_2026_12_10,23917.80,23933.10,23915.50,23930.70,0,
24_04_2026_12_15,23930.80,23936.50,23922.80,23931.10,0,
24_04_2026_12_20,23930.50,23932.80,23897.60,23897.60,0,
24_04_2026_12_25,23897.70,23898.80,23878.80,23881.80,0,
24_04_2026_12_30,23881.80,23906.90,23880.30,23906.40,0,
24_04_2026_12_35,23905.80,23910.70,23888.70,23901.80,0,
24_04_2026_12_40,23901.50,23906.30,23880.90,23882.10,0,
24_04_2026_12_45,23881.10,23903.10,23881.10,23897.30,0,
24_04_2026_12_50,23897.00,23910.70,23896.00,23905.60,0,
24_04_2026_12_55,23905.30,23919.10,23900.70,23904.30,0,
24_04_2026_13_00,23904.30,23905.50,23876.80,23876.80,0,
24_04_2026_13_05,23876.20,23885.40,23873.40,23874.80,0,
24_04_2026_13_10,23873.60,23875.50,23851.20,23865.50,0,
24_04_2026_13_15,23865.60,23870.20,23855.90,23869.30,0,
24_04_2026_13_20,23871.20,23877.60,23864.40,23868.20,0,
24_04_2026_13_25,23868.20,23880.10,23865.80,23878.30,0,
24_04_2026_13_30,23878.40,23878.60,23852.10,23855.60,0,
24_04_2026_13_35,23854.70,23868.10,23835.80,23841.30,0,
24_04_2026_13_40,23840.60,23845.80,23826.20,23830.40,0,
24_04_2026_13_45,23829.60,23855.90,23829.60,23848.70,0,
24_04_2026_13_50,23847.80,23858.60,23845.20,23854.60,0,
24_04_2026_13_55,23854.00,23855.40,23838.30,23846.30,0,
24_04_2026_14_00,23847.60,23849.90,23835.90,23838.80,0,
24_04_2026_14_05,23840.20,23845.60,23813.70,23839.10,0,
24_04_2026_14_10,23839.80,23847.60,23837.70,23841.70,0,
24_04_2026_14_15,23841.40,23864.20,23840.20,23861.50,0,
24_04_2026_14_20,23860.70,23878.60,23858.00,23863.10,0,
24_04_2026_14_25,23863.20,23890.30,23858.80,23888.60,0,
24_04_2026_14_30,23887.80,23915.20,23885.90,23906.80,0,
24_04_2026_14_35,23907.30,23925.40,23907.30,23915.60,0,
24_04_2026_14_40,23916.80,23926.90,23908.40,23926.00,0,
24_04_2026_14_45,23925.40,23930.50,23915.10,23920.90,0,
24_04_2026_14_50,23920.60,23930.20,23905.10,23916.00,0,
24_04_2026_14_55,23916.30,23924.90,23911.10,23920.90,0,
24_04_2026_15_00,23920.70,23920.70,23870.40,23871.20,0,
24_04_2026_15_05,23871.30,23896.80,23863.30,23893.50,0,
24_04_2026_15_10,23893.20,23896.70,23882.40,23895.40,0,
24_04_2026_15_15,23895.20,23924.20,23894.50,23916.70,0,
24_04_2026_15_20,23915.20,23917.10,23899.30,23910.90,0,
24_04_2026_15_25,23910.20,23914.30,23900.70,23903.90,0,
27_04_2026_09_15,23965.30,24049.60,23936.20,24020.30,0,
27_04_2026_09_20,24020.40,24067.50,24020.40,24046.60,0,
27_04_2026_09_25,24044.40,24062.80,24025.30,24042.00,0,
27_04_2026_09_30,24045.10,24057.70,24003.60,24008.80,0,
27_04_2026_09_35,24008.90,24033.20,23998.30,24007.20,0,
27_04_2026_09_40,24006.80,24045.40,24006.80,24045.40,0,
27_04_2026_09_45,24043.90,24085.20,24043.40,24082.20,0,
27_04_2026_09_50,24082.20,24101.60,24075.40,24099.80,0,
27_04_2026_09_55,24099.20,24107.60,24092.30,24099.10,0,
27_04_2026_10_00,24098.80,24102.70,24079.60,24080.20,0,
27_04_2026_10_05,24079.10,24091.20,24068.90,24081.10,0,
27_04_2026_10_10,24080.90,24090.00,24061.70,24063.30,0,
27_04_2026_10_15,24063.90,24103.20,24063.90,24097.40,0,
27_04_2026_10_20,24097.40,24098.00,24063.80,24066.30,0,
27_04_2026_10_25,24067.30,24071.30,24045.40,24058.30,0,
27_04_2026_10_30,24058.10,24061.20,24013.00,24023.20,0,
27_04_2026_10_35,24022.50,24032.60,24014.40,24017.20,0,
27_04_2026_10_40,24016.20,24049.70,24014.10,24043.40,0,
27_04_2026_10_45,24041.60,24068.30,24025.80,24067.60,0,
27_04_2026_10_50,24067.70,24088.90,24066.00,24080.10,0,
27_04_2026_10_55,24079.80,24082.40,24071.30,24072.20,0,
27_04_2026_11_00,24071.90,24076.60,24054.80,24063.60,0,
27_04_2026_11_05,24062.80,24066.90,24026.80,24030.60,0,
27_04_2026_11_10,24030.20,24059.30,24029.70,24056.90,0,
27_04_2026_11_15,24055.40,24077.50,24053.30,24071.60,0,
27_04_2026_11_20,24071.20,24073.10,24056.30,24058.00,0,
27_04_2026_11_25,24057.40,24057.60,24029.70,24030.90,0,
27_04_2026_11_30,24031.70,24039.80,24005.80,24014.20,0,
27_04_2026_11_35,24012.90,24012.90,23974.40,23990.30,0,
27_04_2026_11_40,23990.00,24002.10,23987.20,23998.70,0,
27_04_2026_11_45,23998.40,24024.30,23984.30,24022.20,0,
27_04_2026_11_50,24023.40,24023.40,24002.60,24019.20,0,
27_04_2026_11_55,24019.30,24039.90,24018.30,24037.20,0,
27_04_2026_12_00,24036.20,24038.30,24022.80,24030.20,0,
27_04_2026_12_05,24028.60,24045.20,24027.00,24033.30,0,
27_04_2026_12_10,24034.60,24044.80,24032.60,24040.50,0,
27_04_2026_12_15,24039.80,24048.10,24035.70,24044.80,0,
27_04_2026_12_20,24044.20,24046.20,24031.20,24043.80,0,
27_04_2026_12_25,24043.60,24066.10,24042.40,24059.00,0,
27_04_2026_12_30,24057.80,24077.90,24056.90,24076.10,0,
27_04_2026_12_35,24075.20,24092.80,24074.70,24078.70,0,
27_04_2026_12_40,24077.90,24082.50,24071.10,24075.70,0,
27_04_2026_12_45,24074.80,24078.70,24069.70,24072.70,0,
27_04_2026_12_50,24072.80,24084.00,24065.40,24074.30,0,
27_04_2026_12_55,24073.20,24077.70,24067.20,24071.50,0,
27_04_2026_13_00,24071.70,24088.40,24071.70,24082.30,0,
27_04_2026_13_05,24082.50,24091.90,24069.40,24090.90,0,
27_04_2026_13_10,24090.00,24100.00,24079.90,24099.80,0,
27_04_2026_13_15,24100.20,24116.60,24099.20,24104.70,0,
27_04_2026_13_20,24102.00,24112.40,24093.30,24109.90,0,
27_04_2026_13_25,24109.40,24120.60,24106.60,24107.50,0,
27_04_2026_13_30,24107.80,24110.90,24099.40,24109.00,0,
27_04_2026_13_35,24108.90,24118.20,24107.10,24112.10,0,
27_04_2026_13_40,24111.60,24127.20,24110.90,24116.20,0,
27_04_2026_13_45,24114.80,24129.60,24108.40,24109.70,0,
27_04_2026_13_50,24109.30,24117.10,24102.40,24116.30,0,
27_04_2026_13_55,24115.20,24119.60,24106.20,24114.20,0,
27_04_2026_14_00,24113.30,24120.30,24106.40,24114.30,0,
27_04_2026_14_05,24113.10,24119.80,24105.70,24109.80,0,
27_04_2026_14_10,24109.80,24124.60,24109.10,24122.20,0,
27_04_2026_14_15,24122.10,24124.00,24110.60,24119.70,0,
27_04_2026_14_20,24118.70,24119.80,24108.20,24110.00,0,
27_04_2026_14_25,24109.70,24112.80,24102.20,24111.20,0,
27_04_2026_14_30,24109.90,24110.40,24080.40,24083.50,0,
27_04_2026_14_35,24083.00,24107.40,24078.90,24096.70,0,
27_04_2026_14_40,24097.20,24112.50,24091.80,24110.70,0,
27_04_2026_14_45,24110.10,24111.50,24097.80,24107.80,0,
27_04_2026_14_50,24105.60,24126.20,24103.30,24126.20,0,
27_04_2026_14_55,24125.60,24130.70,24113.80,24121.90,0,
27_04_2026_15_00,24118.20,24119.40,24093.30,24099.60,0,
27_04_2026_15_05,24098.90,24100.20,24089.80,24093.70,0,
27_04_2026_15_10,24093.10,24102.70,24088.90,24094.30,0,
27_04_2026_15_15,24095.20,24096.50,24077.80,24079.80,0,
27_04_2026_15_20,24081.50,24099.60,24079.70,24090.30,0,
27_04_2026_15_25,24090.20,24112.80,24082.20,24110.20,0,
28_04_2026_09_15,24044.90,24096.90,23999.20,24093.80,0,
28_04_2026_09_20,24094.80,24109.90,24074.20,24086.70,0,
28_04_2026_09_25,24086.80,24133.70,24086.80,24115.30,0,
28_04_2026_09_30,24116.20,24120.10,24100.20,24105.90,0,
28_04_2026_09_35,24107.00,24112.80,24090.40,24101.90,0,
28_04_2026_09_40,24103.20,24133.80,24101.60,24128.30,0,
28_04_2026_09_45,24130.80,24149.80,24120.60,24120.80,0,
28_04_2026_09_50,24121.70,24128.50,24112.90,24123.30,0,
28_04_2026_09_55,24124.70,24156.60,24124.40,24155.30,0,
28_04_2026_10_00,24154.30,24168.60,24153.80,24155.20,0,
28_04_2026_10_05,24155.50,24166.30,24145.40,24160.60,0,
28_04_2026_10_10,24161.20,24162.20,24145.10,24148.30,0,
28_04_2026_10_15,24148.40,24162.10,24144.50,24157.40,0,
28_04_2026_10_20,24158.50,24175.10,24154.80,24170.60,0,
28_04_2026_10_25,24170.80,24181.80,24164.40,24166.80,0,
28_04_2026_10_30,24168.20,24171.90,24150.30,24152.00,0,
28_04_2026_10_35,24152.80,24153.30,24134.00,24139.80,0,
28_04_2026_10_40,24139.90,24140.40,24124.20,24134.80,0,
28_04_2026_10_45,24135.60,24154.60,24134.30,24150.30,0,
28_04_2026_10_50,24151.90,24165.90,24150.40,24162.20,0,
28_04_2026_10_55,24163.50,24174.70,24162.40,24167.80,0,
28_04_2026_11_00,24169.80,24169.80,24153.20,24161.30,0,
28_04_2026_11_05,24162.20,24163.10,24137.50,24144.90,0,
28_04_2026_11_10,24145.90,24149.10,24132.60,24148.00,0,
28_04_2026_11_15,24148.20,24148.90,24124.30,24127.00,0,
28_04_2026_11_20,24129.00,24137.60,24109.90,24111.70,0,
28_04_2026_11_25,24112.20,24112.20,24057.90,24058.00,0,
28_04_2026_11_30,24057.80,24065.70,24045.30,24059.20,0,
28_04_2026_11_35,24060.60,24083.90,24058.40,24082.00,0,
28_04_2026_11_40,24082.30,24086.80,24073.30,24085.40,0,
28_04_2026_11_45,24086.40,24093.80,24078.10,24085.90,0,
28_04_2026_11_50,24086.60,24088.50,24072.20,24074.60,0,
28_04_2026_11_55,24075.30,24077.30,24055.60,24056.00,0,
28_04_2026_12_00,24058.10,24058.60,24034.30,24039.50,0,
28_04_2026_12_05,24038.90,24041.80,24029.30,24035.30,0,
28_04_2026_12_10,24033.60,24050.90,24033.60,24048.20,0,
28_04_2026_12_15,24046.80,24057.40,24035.00,24036.00,0,
28_04_2026_12_20,24036.00,24040.20,24003.80,24017.40,0,
28_04_2026_12_25,24015.80,24030.10,24008.70,24012.40,0,
28_04_2026_12_30,24011.90,24013.00,23992.30,24004.20,0,
28_04_2026_12_35,24006.10,24020.20,24004.20,24007.80,0,
28_04_2026_12_40,24009.30,24031.00,24007.20,24029.80,0,
28_04_2026_12_45,24030.80,24038.50,24021.40,24031.40,0,
28_04_2026_12_50,24033.10,24040.40,24022.00,24022.60,0,
28_04_2026_12_55,24023.10,24029.60,24006.00,24007.30,0,
28_04_2026_13_00,24007.90,24029.90,23999.70,24018.20,0,
28_04_2026_13_05,24018.40,24033.70,24015.10,24030.60,0,
28_04_2026_13_10,24030.80,24034.00,24017.60,24017.60,0,
28_04_2026_13_15,24018.70,24037.80,24018.10,24033.90,0,
28_04_2026_13_20,24035.30,24043.50,24023.20,24041.50,0,
28_04_2026_13_25,24042.50,24049.00,24019.40,24019.40,0,
28_04_2026_13_30,24021.10,24022.10,23995.70,23998.90,0,
28_04_2026_13_35,23999.70,24001.40,23961.20,23992.60,0,
28_04_2026_13_40,23993.30,24014.90,23990.30,24002.70,0,
28_04_2026_13_45,24003.10,24005.00,23988.80,23988.80,0,
28_04_2026_13_50,23989.60,24016.30,23985.80,24010.40,0,
28_04_2026_13_55,24011.10,24029.80,23995.30,24010.60,0,
28_04_2026_14_00,24011.60,24011.80,23999.80,24004.20,0,
28_04_2026_14_05,24004.70,24008.10,23995.80,24007.30,0,
28_04_2026_14_10,24007.70,24007.70,23981.90,23981.90,0,
28_04_2026_14_15,23983.20,23998.60,23972.90,23993.30,0,
28_04_2026_14_20,23994.20,24013.40,23988.60,24004.80,0,
28_04_2026_14_25,24005.40,24012.10,23990.80,23997.40,0,
28_04_2026_14_30,23998.90,24036.60,23998.40,24008.80,0,
28_04_2026_14_35,24010.30,24031.00,24008.20,24023.60,0,
28_04_2026_14_40,24024.80,24032.90,24012.10,24032.20,0,
28_04_2026_14_45,24032.00,24041.60,24019.10,24037.10,0,
28_04_2026_14_50,24038.80,24045.80,24030.20,24044.30,0,
28_04_2026_14_55,24045.70,24046.40,24028.80,24039.20,0,
28_04_2026_15_00,24039.80,24042.40,23988.40,24002.20,0,
28_04_2026_15_05,24002.70,24014.60,23979.40,23979.60,0,
28_04_2026_15_10,23980.40,23981.30,23968.70,23972.40,0,
28_04_2026_15_15,23972.80,23974.70,23957.10,23968.40,0,
28_04_2026_15_20,23969.20,23981.10,23963.60,23981.10,0,
28_04_2026_15_25,23982.40,24016.50,23980.80,24016.50,0,
29_04_2026_09_15,24103.00,24123.60,24070.30,24090.80,0,
29_04_2026_09_20,24091.00,24120.40,24059.90,24077.90,0,
29_04_2026_09_25,24079.70,24114.20,24066.90,24111.60,0,
29_04_2026_09_30,24110.40,24126.90,24087.30,24092.30,0,
29_04_2026_09_35,24093.20,24111.10,24087.60,24105.10,0,
29_04_2026_09_40,24106.90,24144.40,24102.80,24141.30,0,
29_04_2026_09_45,24142.70,24164.90,24141.80,24164.80,0,
29_04_2026_09_50,24165.90,24177.90,24158.40,24173.90,0,
29_04_2026_09_55,24176.20,24180.50,24165.90,24173.20,0,
29_04_2026_10_00,24174.60,24211.50,24174.60,24201.30,0,
29_04_2026_10_05,24202.70,24217.60,24196.70,24211.80,0,
29_04_2026_10_10,24212.70,24236.80,24210.50,24233.80,0,
29_04_2026_10_15,24235.20,24252.90,24234.70,24243.10,0,
29_04_2026_10_20,24246.10,24273.70,24243.30,24270.40,0,
29_04_2026_10_25,24270.70,24296.30,24264.30,24290.20,0,
29_04_2026_10_30,24290.40,24290.90,24264.10,24283.20,0,
29_04_2026_10_35,24285.00,24291.70,24268.70,24268.70,0,
29_04_2026_10_40,24271.10,24274.60,24263.10,24267.40,0,
29_04_2026_10_45,24268.40,24272.80,24254.80,24271.70,0,
29_04_2026_10_50,24272.60,24290.10,24270.60,24285.10,0,
29_04_2026_10_55,24286.60,24290.70,24280.90,24287.10,0,
29_04_2026_11_00,24288.20,24298.90,24276.40,24277.10,0,
29_04_2026_11_05,24277.40,24294.80,24273.10,24292.60,0,
29_04_2026_11_10,24294.00,24294.60,24282.10,24288.20,0,
29_04_2026_11_15,24289.90,24295.30,24268.30,24276.10,0,
29_04_2026_11_20,24277.50,24294.50,24273.80,24277.30,0,
29_04_2026_11_25,24278.10,24283.70,24260.00,24263.20,0,
29_04_2026_11_30,24266.10,24282.30,24263.50,24278.20,0,
29_04_2026_11_35,24278.80,24281.70,24272.30,24276.60,0,
29_04_2026_11_40,24278.20,24286.40,24270.80,24271.80,0,
29_04_2026_11_45,24273.30,24275.80,24263.70,24267.10,0,
29_04_2026_11_50,24269.60,24277.80,24265.90,24271.10,0,
29_04_2026_11_55,24272.40,24277.80,24267.20,24276.90,0,
29_04_2026_12_00,24278.20,24283.70,24272.70,24273.10,0,
29_04_2026_12_05,24274.40,24284.20,24267.60,24283.00,0,
29_04_2026_12_10,24284.60,24311.90,24283.40,24293.20,0,
29_04_2026_12_15,24295.10,24304.90,24293.20,24301.60,0,
29_04_2026_12_20,24302.80,24311.10,24294.20,24310.40,0,
29_04_2026_12_25,24311.40,24317.10,24304.80,24307.10,0,
29_04_2026_12_30,24309.30,24327.30,24305.50,24324.70,0,
29_04_2026_12_35,24325.90,24331.40,24322.60,24328.60,0,
29_04_2026_12_40,24330.30,24331.80,24314.60,24321.60,0,
29_04_2026_12_45,24323.20,24327.10,24316.70,24321.30,0,
29_04_2026_12_50,24323.60,24329.70,24315.40,24321.30,0,
29_04_2026_12_55,24322.40,24325.70,24314.60,24316.80,0,
29_04_2026_13_00,24318.90,24321.50,24311.50,24317.40,0,
29_04_2026_13_05,24316.60,24334.70,24314.80,24319.20,0,
29_04_2026_13_10,24320.90,24332.50,24313.80,24318.20,0,
29_04_2026_13_15,24319.70,24322.80,24311.70,24320.80,0,
29_04_2026_13_20,24322.80,24325.80,24306.20,24310.20,0,
29_04_2026_13_25,24311.50,24320.40,24304.60,24305.20,0,
29_04_2026_13_30,24307.20,24317.00,24305.80,24313.10,0,
29_04_2026_13_35,24314.30,24316.80,24281.90,24285.00,0,
29_04_2026_13_40,24286.30,24286.30,24267.50,24272.60,0,
29_04_2026_13_45,24273.70,24273.90,24255.60,24266.10,0,
29_04_2026_13_50,24268.80,24283.30,24263.20,24269.80,0,
29_04_2026_13_55,24271.40,24280.00,24254.90,24254.90,0,
29_04_2026_14_00,24256.20,24259.80,24200.80,24202.40,0,
29_04_2026_14_05,24205.50,24225.20,24200.80,24207.20,0,
29_04_2026_14_10,24208.40,24217.30,24197.40,24214.60,0,
29_04_2026_14_15,24215.60,24215.60,24189.30,24189.30,0,
29_04_2026_14_20,24190.70,24217.50,24184.90,24214.40,0,
29_04_2026_14_25,24216.30,24216.30,24185.90,24186.70,0,
29_04_2026_14_30,24188.40,24211.20,24182.10,24207.80,0,
29_04_2026_14_35,24209.20,24209.20,24193.10,24205.10,0,
29_04_2026_14_40,24206.40,24229.20,24204.30,24229.20,0,
29_04_2026_14_45,24230.70,24230.70,24200.80,24206.00,0,
29_04_2026_14_50,24208.00,24211.60,24197.00,24206.10,0,
29_04_2026_14_55,24208.20,24208.30,24183.90,24185.40,0,
29_04_2026_15_00,24187.30,24209.80,24184.30,24189.50,0,
29_04_2026_15_05,24189.70,24199.60,24186.80,24192.40,0,
29_04_2026_15_10,24193.00,24193.00,24168.70,24170.20,0,
29_04_2026_15_15,24170.00,24171.40,24155.70,24158.10,0,
29_04_2026_15_20,24157.30,24164.40,24152.20,24160.80,0,
29_04_2026_15_25,24157.70,24169.40,24142.90,24163.60,0,
30_04_2026_09_15,24005.70,24019.20,23940.90,23945.20,0,
30_04_2026_09_20,23945.80,23951.20,23882.70,23900.80,0,
30_04_2026_09_25,23900.20,23904.70,23872.80,23876.90,0,
30_04_2026_09_30,23874.10,23919.10,23864.60,23918.80,0,
30_04_2026_09_35,23917.60,23923.80,23896.20,23908.90,0,
30_04_2026_09_40,23908.50,23939.60,23891.60,23937.80,0,
30_04_2026_09_45,23938.30,23956.40,23917.00,23920.60,0,
30_04_2026_09_50,23920.20,23924.40,23901.80,23905.20,0,
30_04_2026_09_55,23903.90,23907.70,23875.30,23880.20,0,
30_04_2026_10_00,23880.00,23880.00,23847.60,23849.60,0,
30_04_2026_10_05,23848.80,23865.70,23832.20,23842.20,0,
30_04_2026_10_10,23841.40,23843.20,23824.10,23828.60,0,
30_04_2026_10_15,23828.70,23841.80,23800.70,23838.40,0,
30_04_2026_10_20,23837.90,23845.80,23811.60,23821.10,0,
30_04_2026_10_25,23821.30,23831.70,23814.70,23827.60,0,
30_04_2026_10_30,23827.10,23838.90,23821.30,23834.90,0,
30_04_2026_10_35,23835.50,23854.90,23829.80,23851.80,0,
30_04_2026_10_40,23851.80,23857.30,23827.60,23843.70,0,
30_04_2026_10_45,23842.50,23844.30,23817.50,23818.60,0,
30_04_2026_10_50,23819.10,23824.70,23807.10,23811.70,0,
30_04_2026_10_55,23811.20,23820.40,23799.10,23815.80,0,
30_04_2026_11_00,23816.40,23825.90,23810.30,23815.20,0,
30_04_2026_11_05,23814.90,23833.10,23810.20,23826.20,0,
30_04_2026_11_10,23826.20,23827.80,23798.50,23799.90,0,
30_04_2026_11_15,23800.90,23819.80,23796.80,23808.70,0,
30_04_2026_11_20,23807.20,23811.80,23800.10,23807.70,0,
30_04_2026_11_25,23807.70,23835.20,23806.40,23831.70,0,
30_04_2026_11_30,23831.10,23839.80,23821.70,23838.10,0,
30_04_2026_11_35,23838.40,23853.20,23832.80,23846.40,0,
30_04_2026_11_40,23846.50,23849.20,23834.60,23835.70,0,
30_04_2026_11_45,23835.10,23848.60,23833.30,23846.80,0,
30_04_2026_11_50,23846.00,23848.90,23826.30,23834.40,0,
30_04_2026_11_55,23834.60,23848.70,23831.40,23842.60,0,
30_04_2026_12_00,23842.40,23848.10,23830.30,23843.50,0,
30_04_2026_12_05,23842.40,23877.90,23841.20,23868.30,0,
30_04_2026_12_10,23868.40,23899.80,23861.40,23899.80,0,
30_04_2026_12_15,23899.10,23905.80,23882.20,23882.20,0,
30_04_2026_12_20,23881.10,23914.50,23873.30,23911.60,0,
30_04_2026_12_25,23910.80,23919.60,23902.00,23911.40,0,
30_04_2026_12_30,23912.00,23918.20,23894.00,23915.10,0,
30_04_2026_12_35,23914.60,23918.30,23892.20,23904.90,0,
30_04_2026_12_40,23903.70,23916.30,23901.20,23912.90,0,
30_04_2026_12_45,23912.70,23934.20,23912.60,23926.80,0,
30_04_2026_12_50,23925.80,23932.10,23917.20,23932.10,0,
30_04_2026_12_55,23931.10,23943.40,23926.70,23936.80,0,
30_04_2026_13_00,23935.80,23943.60,23926.20,23927.80,0,
30_04_2026_13_05,23926.70,23941.30,23908.10,23940.40,0,
30_04_2026_13_10,23940.30,23956.30,23933.80,23950.20,0,
30_04_2026_13_15,23948.80,23953.70,23938.30,23940.10,0,
30_04_2026_13_20,23938.90,23978.20,23938.80,23968.00,0,
30_04_2026_13_25,23967.50,23982.40,23955.40,23971.20,0,
30_04_2026_13_30,23970.60,23981.80,23962.60,23973.80,0,
30_04_2026_13_35,23975.40,23998.40,23974.10,23977.80,0,
30_04_2026_13_40,23977.80,24031.70,23977.10,24029.80,0,
30_04_2026_13_45,24029.10,24044.40,24022.80,24039.20,0,
30_04_2026_13_50,24039.10,24040.60,24011.60,24033.90,0,
30_04_2026_13_55,24033.60,24061.10,24033.60,24055.10,0,
30_04_2026_14_00,24054.90,24057.60,24036.00,24038.20,0,
30_04_2026_14_05,24037.80,24044.90,24015.50,24043.90,0,
30_04_2026_14_10,24042.70,24047.70,24019.80,24022.80,0,
30_04_2026_14_15,24021.50,24032.80,23995.30,23997.00,0,
30_04_2026_14_20,23996.20,24018.80,23989.30,24011.90,0,
30_04_2026_14_25,24011.80,24016.30,23984.40,24007.20,0,
30_04_2026_14_30,24006.20,24035.90,24004.80,24034.60,0,
30_04_2026_14_35,24034.20,24063.40,24031.20,24062.20,0,
30_04_2026_14_40,24062.80,24087.40,24054.30,24075.10,0,
30_04_2026_14_45,24074.80,24081.20,24036.80,24036.80,0,
30_04_2026_14_50,24037.30,24040.10,24013.00,24024.80,0,
30_04_2026_14_55,24024.60,24054.60,24021.80,24050.20,0,
30_04_2026_15_00,24051.90,24051.90,23996.40,24001.70,0,
30_04_2026_15_05,24001.90,24003.20,23966.20,23970.90,0,
30_04_2026_15_10,23973.10,23991.30,23962.90,23991.30,0,
30_04_2026_15_15,23992.10,24009.20,23984.70,24004.10,0,
30_04_2026_15_20,24004.10,24010.10,23986.60,24010.00,0,
30_04_2026_15_25,24011.20,24051.80,24005.20,24043.70,0,
04_05_2026_09_15,24096.20,24245.80,24061.80,24177.10,0,
04_05_2026_09_20,24178.90,24214.70,24164.10,24179.70,0,
04_05_2026_09_25,24181.80,24220.40,24181.80,24214.60,0,
04_05_2026_09_30,24215.60,24235.00,24181.10,24229.50,0,
04_05_2026_09_35,24229.20,24269.40,24229.20,24261.00,0,
04_05_2026_09_40,24262.10,24290.20,24259.90,24276.70,0,
04_05_2026_09_45,24279.20,24283.80,24265.90,24269.30,0,
04_05_2026_09_50,24270.20,24272.60,24225.20,24232.20,0,
04_05_2026_09_55,24234.20,24248.10,24229.60,24246.20,0,
04_05_2026_10_00,24247.20,24259.80,24215.10,24223.90,0,
04_05_2026_10_05,24224.00,24246.20,24221.90,24223.60,0,
04_05_2026_10_10,24224.60,24230.10,24172.40,24175.20,0,
04_05_2026_10_15,24175.30,24190.40,24164.70,24174.70,0,
04_05_2026_10_20,24172.60,24180.80,24142.80,24151.40,0,
04_05_2026_10_25,24151.40,24196.80,24150.20,24196.70,0,
04_05_2026_10_30,24197.50,24223.30,24172.20,24186.70,0,
04_05_2026_10_35,24186.80,24217.30,24184.20,24213.50,0,
04_05_2026_10_40,24213.70,24222.20,24206.70,24219.20,0,
04_05_2026_10_45,24219.30,24240.70,24213.40,24232.30,0,
04_05_2026_10_50,24231.90,24237.10,24215.40,24220.30,0,
04_05_2026_10_55,24220.10,24221.70,24186.20,24187.20,0,
04_05_2026_11_00,24188.30,24205.90,24175.70,24202.70,0,
04_05_2026_11_05,24203.20,24216.10,24194.30,24206.60,0,
04_05_2026_11_10,24207.10,24227.80,24204.70,24227.20,0,
04_05_2026_11_15,24227.50,24242.20,24226.40,24229.80,0,
04_05_2026_11_20,24230.20,24238.60,24224.80,24233.20,0,
04_05_2026_11_25,24233.40,24239.10,24224.10,24237.40,0,
04_05_2026_11_30,24237.30,24241.20,24225.10,24231.00,0,
04_05_2026_11_35,24231.00,24242.80,24218.60,24237.70,0,
04_05_2026_11_40,24237.90,24238.40,24221.80,24228.40,0,
04_05_2026_11_45,24229.00,24249.20,24229.00,24239.20,0,
04_05_2026_11_50,24239.30,24244.10,24220.70,24223.30,0,
04_05_2026_11_55,24224.90,24227.40,24212.90,24221.10,0,
04_05_2026_12_00,24222.50,24229.90,24210.30,24213.20,0,
04_05_2026_12_05,24212.40,24219.40,24190.80,24199.60,0,
04_05_2026_12_10,24200.00,24200.90,24115.80,24117.00,0,
04_05_2026_12_15,24117.30,24144.70,24106.50,24144.10,0,
04_05_2026_12_20,24144.30,24154.10,24121.80,24135.80,0,
04_05_2026_12_25,24136.10,24145.70,24127.20,24132.80,0,
04_05_2026_12_30,24132.70,24134.70,24106.90,24107.90,0,
04_05_2026_12_35,24108.70,24127.20,24106.10,24125.40,0,
04_05_2026_12_40,24126.20,24133.60,24098.60,24100.60,0,
04_05_2026_12_45,24100.90,24119.10,24083.60,24092.80,0,
04_05_2026_12_50,24094.10,24118.70,24092.00,24108.20,0,
04_05_2026_12_55,24108.70,24118.80,24101.60,24103.80,0,
04_05_2026_13_00,24104.20,24106.30,24090.60,24101.80,0,
04_05_2026_13_05,24101.60,24114.40,24096.80,24113.90,0,
04_05_2026_13_10,24113.80,24121.30,24107.20,24109.10,0,
04_05_2026_13_15,24109.10,24111.80,24079.40,24101.40,0,
04_05_2026_13_20,24100.80,24102.60,24058.80,24070.80,0,
04_05_2026_13_25,24070.80,24085.80,24024.70,24025.20,0,
04_05_2026_13_30,24023.30,24038.80,24004.80,24019.80,0,
04_05_2026_13_35,24019.00,24039.70,24007.60,24039.20,0,
04_05_2026_13_40,24038.70,24090.70,24038.70,24086.80,0,
04_05_2026_13_45,24087.00,24099.40,24080.40,24094.90,0,
04_05_2026_13_50,24095.00,24108.90,24081.40,24086.00,0,
04_05_2026_13_55,24086.40,24089.80,24050.40,24072.20,0,
04_05_2026_14_00,24072.20,24080.30,24053.80,24068.80,0,
04_05_2026_14_05,24069.20,24077.50,24060.10,24073.40,0,
04_05_2026_14_10,24075.10,24111.60,24075.10,24103.80,0,
04_05_2026_14_15,24105.00,24147.90,24102.70,24139.00,0,
04_05_2026_14_20,24138.80,24149.70,24121.10,24126.60,0,
04_05_2026_14_25,24126.00,24134.30,24113.20,24122.70,0,
04_05_2026_14_30,24123.80,24131.90,24103.80,24112.20,0,
04_05_2026_14_35,24110.90,24119.40,24101.70,24111.60,0,
04_05_2026_14_40,24111.30,24113.60,24072.20,24096.00,0,
04_05_2026_14_45,24096.20,24097.80,24072.20,24077.70,0,
04_05_2026_14_50,24078.30,24099.60,24071.00,24096.70,0,
04_05_2026_14_55,24098.10,24111.50,24078.40,24089.20,0,
04_05_2026_15_00,24091.00,24106.30,24074.90,24098.00,0,
04_05_2026_15_05,24100.60,24124.20,24096.20,24117.20,0,
04_05_2026_15_10,24118.80,24135.10,24108.30,24123.20,0,
04_05_2026_15_15,24125.10,24135.40,24115.00,24125.40,0,
04_05_2026_15_20,24127.40,24134.60,24110.70,24111.70,0,
04_05_2026_15_25,24116.80,24128.70,24110.20,24123.80,0,
05_05_2026_09_15,24049.60,24072.10,23949.40,24064.20,0,
05_05_2026_09_20,24062.10,24067.80,24024.20,24026.60,0,
05_05_2026_09_25,24027.90,24031.60,23977.70,23992.10,0,
05_05_2026_09_30,23990.60,24043.60,23988.10,24042.80,0,
05_05_2026_09_35,24042.10,24060.60,24020.60,24022.20,0,
05_05_2026_09_40,24022.00,24027.80,24000.90,24013.80,0,
05_05_2026_09_45,24013.60,24041.60,24005.80,24036.10,0,
05_05_2026_09_50,24036.60,24055.40,24023.80,24047.90,0,
05_05_2026_09_55,24047.20,24054.80,24032.30,24043.10,0,
05_05_2026_10_00,24042.60,24053.90,24001.80,24012.40,0,
05_05_2026_10_05,24011.40,24015.00,23987.20,23994.60,0,
05_05_2026_10_10,23994.60,24002.90,23978.50,23986.00,0,
05_05_2026_10_15,23986.10,23987.20,23970.10,23986.90,0,
05_05_2026_10_20,23987.30,23994.40,23967.20,23979.10,0,
05_05_2026_10_25,23978.50,23980.30,23944.70,23954.40,0,
05_05_2026_10_30,23952.20,23966.80,23938.10,23941.30,0,
05_05_2026_10_35,23941.40,23947.40,23922.90,23941.30,0,
05_05_2026_10_40,23941.20,23947.20,23932.00,23937.90,0,
05_05_2026_10_45,23937.20,23950.30,23935.50,23947.00,0,
05_05_2026_10_50,23946.00,23949.80,23920.10,23928.70,0,
05_05_2026_10_55,23929.70,23930.80,23914.30,23925.90,0,
05_05_2026_11_00,23925.20,23952.80,23913.60,23951.90,0,
05_05_2026_11_05,23949.20,23950.80,23921.40,23926.80,0,
05_05_2026_11_10,23927.40,23949.60,23926.20,23939.00,0,
05_05_2026_11_15,23937.80,23961.60,23934.20,23935.10,0,
05_05_2026_11_20,23934.20,23938.60,23924.30,23931.90,0,
05_05_2026_11_25,23932.00,23940.20,23929.40,23935.20,0,
05_05_2026_11_30,23935.30,23958.90,23933.80,23950.80,0,
05_05_2026_11_35,23950.20,23966.80,23938.40,23939.90,0,
05_05_2026_11_40,23940.20,23941.00,23916.10,23916.10,0,
05_05_2026_11_45,23915.40,23919.20,23891.20,23904.40,0,
05_05_2026_11_50,23902.70,23916.60,23886.20,23891.60,0,
05_05_2026_11_55,23890.40,23899.20,23882.10,23888.90,0,
05_05_2026_12_00,23888.20,23905.60,23888.20,23899.60,0,
05_05_2026_12_05,23900.30,23926.20,23899.40,23919.60,0,
05_05_2026_12_10,23919.00,23949.30,23919.00,23946.40,0,
05_05_2026_12_15,23945.90,23956.50,23943.60,23954.80,0,
05_05_2026_12_20,23954.60,23977.90,23950.20,23967.20,0,
05_05_2026_12_25,23967.80,23974.20,23940.80,23943.20,0,
05_05_2026_12_30,23943.90,23958.70,23933.80,23955.40,0,
05_05_2026_12_35,23954.50,23973.20,23949.40,23961.90,0,
05_05_2026_12_40,23962.50,23974.40,23951.20,23952.80,0,
05_05_2026_12_45,23952.60,23983.70,23952.60,23978.10,0,
05_05_2026_12_50,23977.60,23996.60,23977.60,23983.20,0,
05_05_2026_12_55,23983.60,24014.20,23978.60,24011.90,0,
05_05_2026_13_00,24012.60,24025.80,24010.70,24019.80,0,
05_05_2026_13_05,24018.90,24075.40,24014.80,24065.80,0,
05_05_2026_13_10,24066.30,24080.80,24052.40,24068.80,0,
05_05_2026_13_15,24067.30,24081.70,24037.00,24040.40,0,
05_05_2026_13_20,24041.70,24059.40,24031.90,24041.40,0,
05_05_2026_13_25,24039.80,24048.40,24030.60,24039.90,0,
05_05_2026_13_30,24041.40,24041.60,24016.70,24024.70,0,
05_05_2026_13_35,24025.90,24047.60,24022.10,24037.80,0,
05_05_2026_13_40,24037.10,24056.70,24033.10,24050.40,0,
05_05_2026_13_45,24051.20,24062.20,24037.80,24045.80,0,
05_05_2026_13_50,24045.60,24050.30,24020.50,24030.20,0,
05_05_2026_13_55,24030.60,24054.50,24029.20,24038.10,0,
05_05_2026_14_00,24035.80,24047.80,24022.30,24029.20,0,
05_05_2026_14_05,24028.70,24033.20,24009.10,24016.30,0,
05_05_2026_14_10,24016.00,24029.50,24002.20,24016.80,0,
05_05_2026_14_15,24017.20,24042.20,24013.10,24037.20,0,
05_05_2026_14_20,24037.20,24048.60,24026.30,24035.30,0,
05_05_2026_14_25,24036.10,24061.00,24031.80,24058.30,0,
05_05_2026_14_30,24059.30,24060.70,24028.30,24036.20,0,
05_05_2026_14_35,24034.80,24045.90,24019.40,24034.70,0,
05_05_2026_14_40,24034.60,24047.20,24023.70,24042.10,0,
05_05_2026_14_45,24041.60,24045.80,24017.10,24024.30,0,
05_05_2026_14_50,24024.20,24033.60,23999.60,24020.70,0,
05_05_2026_14_55,24020.30,24028.90,24008.40,24010.80,0,
05_05_2026_15_00,24011.90,24025.30,23999.80,24013.20,0,
05_05_2026_15_05,24015.70,24036.40,23997.80,24031.60,0,
05_05_2026_15_10,24033.20,24043.80,24019.50,24041.70,0,
05_05_2026_15_15,24044.00,24052.80,24040.80,24050.40,0,
05_05_2026_15_20,24051.60,24055.30,24039.30,24041.80,0,
05_05_2026_15_25,24042.00,24059.70,24037.10,24052.20,0,
06_05_2026_09_15,24179.60,24250.80,24164.60,24175.80,0,
06_05_2026_09_20,24179.20,24201.90,24156.90,24185.20,0,
06_05_2026_09_25,24186.20,24195.30,24164.90,24171.60,0,
06_05_2026_09_30,24174.60,24185.20,24161.60,24162.80,0,
06_05_2026_09_35,24163.80,24167.10,24150.80,24154.00,0,
06_05_2026_09_40,24154.50,24155.40,24131.80,24138.40,0,
06_05_2026_09_45,24139.80,24144.90,24133.40,24136.90,0,
06_05_2026_09_50,24137.60,24152.30,24121.10,24152.10,0,
06_05_2026_09_55,24152.80,24165.80,24138.90,24140.30,0,
06_05_2026_10_00,24140.60,24140.60,24107.30,24110.20,0,
06_05_2026_10_05,24110.40,24112.00,24096.50,24107.00,0,
06_05_2026_10_10,24107.10,24141.60,24103.10,24137.30,0,
06_05_2026_10_15,24137.00,24139.40,24121.80,24137.50,0,
06_05_2026_10_20,24137.10,24155.40,24134.60,24141.80,0,
06_05_2026_10_25,24141.50,24148.70,24136.20,24136.40,0,
06_05_2026_10_30,24135.50,24144.00,24126.70,24128.80,0,
06_05_2026_10_35,24126.70,24126.70,24111.90,24124.40,0,
06_05_2026_10_40,24123.70,24150.20,24122.50,24142.80,0,
06_05_2026_10_45,24142.80,24143.20,24126.20,24129.80,0,
06_05_2026_10_50,24129.30,24130.50,24091.20,24095.80,0,
06_05_2026_10_55,24095.70,24110.20,24092.40,24095.80,0,
06_05_2026_11_00,24095.90,24104.70,24074.40,24074.50,0,
06_05_2026_11_05,24075.60,24099.20,24073.20,24098.30,0,
06_05_2026_11_10,24098.90,24098.90,24081.70,24089.30,0,
06_05_2026_11_15,24089.20,24102.60,24085.10,24087.10,0,
06_05_2026_11_20,24084.80,24101.60,24081.60,24089.20,0,
06_05_2026_11_25,24089.00,24112.50,24086.60,24112.50,0,
06_05_2026_11_30,24111.90,24117.30,24106.30,24107.70,0,
06_05_2026_11_35,24108.20,24108.20,24069.40,24078.50,0,
06_05_2026_11_40,24076.80,24100.30,24076.70,24096.80,0,
06_05_2026_11_45,24097.10,24108.80,24090.60,24108.10,0,
06_05_2026_11_50,24107.80,24109.30,24096.90,24108.80,0,
06_05_2026_11_55,24108.60,24114.20,24095.50,24097.30,0,
06_05_2026_12_00,24097.20,24099.80,24081.40,24090.90,0,
06_05_2026_12_05,24091.10,24091.10,24075.30,24084.40,0,
06_05_2026_12_10,24084.70,24086.90,24075.90,24082.80,0,
06_05_2026_12_15,24081.80,24081.80,24061.00,24074.20,0,
06_05_2026_12_20,24072.60,24073.40,24029.80,24043.90,0,
06_05_2026_12_25,24043.60,24059.90,24039.30,24054.70,0,
06_05_2026_12_30,24054.20,24055.50,24045.20,24049.90,0,
06_05_2026_12_35,24050.20,24050.90,24033.20,24036.70,0,
06_05_2026_12_40,24036.10,24043.40,24019.70,24022.30,0,
06_05_2026_12_45,24022.00,24025.30,24005.90,24018.30,0,
06_05_2026_12_50,24017.60,24023.40,23997.90,24011.60,0,
06_05_2026_12_55,24011.00,24024.10,24009.80,24023.10,0,
06_05_2026_13_00,24022.70,24023.50,23999.90,24002.10,0,
06_05_2026_13_05,24000.90,24039.40,23999.70,24038.90,0,
06_05_2026_13_10,24038.70,24044.20,24031.00,24040.70,0,
06_05_2026_13_15,24039.90,24068.60,24036.30,24063.40,0,
06_05_2026_13_20,24063.80,24085.80,24062.30,24081.10,0,
06_05_2026_13_25,24078.90,24082.70,24070.60,24075.30,0,
06_05_2026_13_30,24076.60,24093.00,24074.70,24086.30,0,
06_05_2026_13_35,24086.90,24109.90,24084.20,24103.60,0,
06_05_2026_13_40,24102.40,24108.10,24094.90,24100.90,0,
06_05_2026_13_45,24099.20,24110.40,24094.20,24102.80,0,
06_05_2026_13_50,24102.40,24115.90,24101.80,24111.20,0,
06_05_2026_13_55,24112.10,24120.20,24101.90,24106.90,0,
06_05_2026_14_00,24106.80,24117.10,24096.40,24109.50,0,
06_05_2026_14_05,24108.30,24115.00,24103.80,24109.30,0,
06_05_2026_14_10,24108.00,24133.30,24107.40,24133.30,0,
06_05_2026_14_15,24134.10,24151.10,24133.40,24141.20,0,
06_05_2026_14_20,24140.40,24255.70,24139.20,24250.50,0,
06_05_2026_14_25,24252.10,24332.10,24252.10,24311.70,0,
06_05_2026_14_30,24314.70,24334.40,24280.10,24306.80,0,
06_05_2026_14_35,24306.80,24308.70,24277.90,24300.40,0,
06_05_2026_14_40,24300.40,24337.80,24299.40,24334.30,0,
06_05_2026_14_45,24334.70,24354.60,24320.80,24349.30,0,
06_05_2026_14_50,24348.80,24356.50,24328.80,24332.10,0,
06_05_2026_14_55,24333.40,24349.70,24324.70,24348.20,0,
06_05_2026_15_00,24349.00,24353.80,24313.80,24342.20,0,
06_05_2026_15_05,24342.70,24344.80,24314.10,24315.50,0,
06_05_2026_15_10,24316.60,24330.90,24314.90,24321.30,0,
06_05_2026_15_15,24321.80,24335.60,24317.10,24330.70,0,
06_05_2026_15_20,24331.20,24331.20,24317.40,24329.10,0,
06_05_2026_15_25,24330.70,24346.60,24325.60,24339.30,0,
07_05_2026_09_15,24398.50,24423.30,24317.70,24318.20,0,
07_05_2026_09_20,24318.20,24337.10,24300.70,24335.30,0,
07_05_2026_09_25,24334.90,24346.80,24312.20,24334.20,0,
07_05_2026_09_30,24334.80,24367.90,24320.20,24356.70,0,
07_05_2026_09_35,24356.20,24372.60,24346.90,24354.20,0,
07_05_2026_09_40,24354.80,24402.20,24354.80,24397.30,0,
07_05_2026_09_45,24396.90,24401.40,24352.20,24352.20,0,
07_05_2026_09_50,24352.70,24363.60,24325.70,24335.20,0,
07_05_2026_09_55,24337.30,24354.20,24331.20,24342.90,0,
07_05_2026_10_00,24343.00,24378.70,24340.20,24370.20,0,
07_05_2026_10_05,24370.80,24374.40,24315.20,24328.30,0,
07_05_2026_10_10,24328.30,24337.40,24310.00,24323.70,0,
07_05_2026_10_15,24324.70,24350.80,24321.60,24349.10,0,
07_05_2026_10_20,24349.40,24355.90,24344.90,24353.20,0,
07_05_2026_10_25,24353.20,24368.90,24348.80,24360.30,0,
07_05_2026_10_30,24360.30,24375.60,24360.30,24367.30,0,
07_05_2026_10_35,24367.20,24368.20,24352.80,24364.60,0,
07_05_2026_10_40,24364.80,24374.80,24358.70,24373.40,0,
07_05_2026_10_45,24372.50,24379.10,24356.30,24360.40,0,
07_05_2026_10_50,24359.90,24360.80,24332.40,24351.60,0,
07_05_2026_10_55,24351.40,24353.10,24334.40,24340.80,0,
07_05_2026_11_00,24341.00,24343.80,24330.10,24332.80,0,
07_05_2026_11_05,24332.30,24336.50,24316.20,24320.00,0,
07_05_2026_11_10,24320.20,24322.20,24310.10,24317.80,0,
07_05_2026_11_15,24318.20,24332.20,24314.00,24318.40,0,
07_05_2026_11_20,24318.30,24319.70,24293.10,24309.20,0,
07_05_2026_11_25,24309.30,24309.90,24289.40,24306.40,0,
07_05_2026_11_30,24306.90,24349.80,24306.30,24323.40,0,
07_05_2026_11_35,24323.60,24324.50,24311.90,24313.80,0,
07_05_2026_11_40,24314.80,24316.10,24288.10,24288.50,0,
07_05_2026_11_45,24287.80,24308.30,24284.00,24305.70,0,
07_05_2026_11_50,24305.80,24331.60,24305.70,24321.30,0,
07_05_2026_11_55,24321.20,24346.80,24320.30,24340.60,0,
07_05_2026_12_00,24339.70,24369.90,24339.70,24355.00,0,
07_05_2026_12_05,24355.30,24367.70,24352.90,24360.20,0,
07_05_2026_12_10,24360.10,24369.20,24350.20,24361.60,0,
07_05_2026_12_15,24362.40,24383.70,24362.40,24365.90,0,
07_05_2026_12_20,24366.30,24381.60,24364.10,24377.20,0,
07_05_2026_12_25,24377.70,24381.40,24355.20,24355.20,0,
07_05_2026_12_30,24355.20,24358.80,24329.70,24344.90,0,
07_05_2026_12_35,24345.10,24438.40,24338.90,24436.70,0,
07_05_2026_12_40,24436.80,24482.10,24436.80,24463.20,0,
07_05_2026_12_45,24462.80,24471.60,24437.60,24442.80,0,
07_05_2026_12_50,24442.10,24446.20,24394.60,24409.20,0,
07_05_2026_12_55,24409.10,24414.80,24377.70,24388.20,0,
07_05_2026_13_00,24387.70,24411.10,24386.40,24402.40,0,
07_05_2026_13_05,24402.00,24420.60,24392.20,24396.30,0,
07_05_2026_13_10,24395.80,24397.20,24376.90,24389.70,0,
07_05_2026_13_15,24388.70,24399.50,24324.60,24350.70,0,
07_05_2026_13_20,24351.10,24373.40,24339.50,24345.30,0,
07_05_2026_13_25,24345.10,24359.90,24341.90,24353.30,0,
07_05_2026_13_30,24353.60,24364.20,24344.00,24357.80,0,
07_05_2026_13_35,24358.60,24364.20,24334.80,24334.80,0,
07_05_2026_13_40,24335.30,24360.90,24331.70,24349.80,0,
07_05_2026_13_45,24348.60,24359.10,24337.90,24356.60,0,
07_05_2026_13_50,24355.80,24365.40,24344.10,24364.70,0,
07_05_2026_13_55,24364.90,24374.80,24354.40,24368.70,0,
07_05_2026_14_00,24368.10,24375.30,24344.60,24353.50,0,
07_05_2026_14_05,24352.90,24374.00,24337.10,24372.70,0,
07_05_2026_14_10,24372.20,24375.70,24360.20,24361.70,0,
07_05_2026_14_15,24361.20,24364.50,24338.80,24342.70,0,
07_05_2026_14_20,24342.70,24365.70,24333.30,24364.30,0,
07_05_2026_14_25,24364.20,24381.10,24357.80,24376.90,0,
07_05_2026_14_30,24376.50,24385.30,24357.80,24367.90,0,
07_05_2026_14_35,24366.10,24371.80,24351.90,24351.90,0,
07_05_2026_14_40,24351.60,24362.10,24334.10,24339.40,0,
07_05_2026_14_45,24339.60,24351.50,24323.10,24330.20,0,
07_05_2026_14_50,24330.00,24353.80,24330.00,24348.20,0,
07_05_2026_14_55,24348.20,24362.70,24340.80,24352.70,0,
07_05_2026_15_00,24353.10,24363.10,24323.10,24337.80,0,
07_05_2026_15_05,24337.90,24345.50,24308.30,24318.60,0,
07_05_2026_15_10,24317.80,24318.40,24293.40,24303.10,0,
07_05_2026_15_15,24303.20,24329.70,24299.40,24328.70,0,
07_05_2026_15_20,24329.00,24329.00,24315.30,24318.80,0,
07_05_2026_15_25,24319.70,24339.10,24318.20,24336.40,0,
08_05_2026_09_15,24237.20,24246.10,24158.20,24219.30,0,
08_05_2026_09_20,24218.40,24253.80,24209.00,24215.00,0,
08_05_2026_09_25,24216.40,24245.80,24210.50,24244.20,0,
08_05_2026_09_30,24244.30,24244.90,24184.60,24207.20,0,
08_05_2026_09_35,24209.10,24209.10,24187.60,24191.20,0,
08_05_2026_09_40,24192.00,24192.30,24167.80,24167.80,0,
08_05_2026_09_45,24169.10,24175.10,24138.40,24168.60,0,
08_05_2026_09_50,24170.10,24183.70,24161.80,24182.20,0,
08_05_2026_09_55,24183.30,24199.70,24181.20,24198.40,0,
08_05_2026_10_00,24199.20,24202.80,24187.60,24194.20,0,
08_05_2026_10_05,24195.80,24199.10,24193.00,24196.10,0,
08_05_2026_10_10,24197.00,24213.70,24175.10,24211.30,0,
08_05_2026_10_15,24213.80,24214.30,24181.20,24206.80,0,
08_05_2026_10_20,24208.80,24232.20,24204.60,24231.50,0,
08_05_2026_10_25,24232.50,24243.90,24226.00,24238.10,0,
08_05_2026_10_30,24238.80,24242.60,24229.80,24232.30,0,
08_05_2026_10_35,24232.70,24237.10,24226.30,24230.80,0,
08_05_2026_10_40,24232.10,24241.30,24226.90,24232.20,0,
08_05_2026_10_45,24233.70,24239.80,24222.40,24222.40,0,
08_05_2026_10_50,24223.80,24223.80,24204.10,24206.30,0,
08_05_2026_10_55,24207.60,24208.60,24195.90,24195.90,0,
08_05_2026_11_00,24197.80,24230.70,24193.80,24225.20,0,
08_05_2026_11_05,24226.60,24237.10,24221.60,24225.20,0,
08_05_2026_11_10,24226.30,24233.50,24221.50,24233.00,0,
08_05_2026_11_15,24234.80,24241.70,24212.40,24212.50,0,
08_05_2026_11_20,24214.30,24224.20,24197.40,24205.00,0,
08_05_2026_11_25,24205.90,24209.20,24195.90,24198.30,0,
08_05_2026_11_30,24199.90,24210.90,24185.60,24207.50,0,
08_05_2026_11_35,24209.20,24209.20,24199.50,24206.10,0,
08_05_2026_11_40,24207.20,24212.90,24199.40,24199.40,0,
08_05_2026_11_45,24200.60,24208.40,24195.80,24199.80,0,
08_05_2026_11_50,24200.80,24209.80,24197.80,24204.30,0,
08_05_2026_11_55,24205.20,24207.30,24190.20,24205.80,0,
08_05_2026_12_00,24206.00,24212.00,24187.40,24200.90,0,
08_05_2026_12_05,24202.00,24203.70,24177.20,24178.90,0,
08_05_2026_12_10,24179.50,24188.20,24172.20,24184.20,0,
08_05_2026_12_15,24185.20,24189.40,24170.10,24188.60,0,
08_05_2026_12_20,24190.10,24198.20,24178.20,24185.80,0,
08_05_2026_12_25,24187.10,24198.40,24185.40,24196.10,0,
08_05_2026_12_30,24195.20,24196.60,24169.40,24177.60,0,
08_05_2026_12_35,24178.70,24181.70,24168.80,24171.60,0,
08_05_2026_12_40,24173.20,24177.70,24164.10,24164.30,0,
08_05_2026_12_45,24166.00,24171.30,24150.90,24170.40,0,
08_05_2026_12_50,24171.30,24175.10,24159.70,24170.90,0,
08_05_2026_12_55,24172.90,24175.70,24160.40,24163.40,0,
08_05_2026_13_00,24165.60,24167.90,24157.40,24158.70,0,
08_05_2026_13_05,24159.40,24177.40,24157.90,24175.40,0,
08_05_2026_13_10,24176.20,24178.10,24164.60,24167.00,0,
08_05_2026_13_15,24169.60,24170.70,24156.90,24162.90,0,
08_05_2026_13_20,24164.20,24170.70,24157.40,24166.70,0,
08_05_2026_13_25,24168.70,24198.40,24165.20,24195.40,0,
08_05_2026_13_30,24196.70,24202.70,24180.30,24184.40,0,
08_05_2026_13_35,24186.10,24188.10,24166.50,24172.20,0,
08_05_2026_13_40,24174.30,24182.20,24169.70,24170.90,0,
08_05_2026_13_45,24173.30,24178.70,24170.10,24173.70,0,
08_05_2026_13_50,24176.10,24176.50,24150.80,24174.70,0,
08_05_2026_13_55,24174.90,24181.20,24128.30,24137.20,0,
08_05_2026_14_00,24139.20,24155.20,24126.70,24145.60,0,
08_05_2026_14_05,24148.40,24178.30,24145.90,24177.90,0,
08_05_2026_14_10,24179.10,24179.50,24145.80,24145.80,0,
08_05_2026_14_15,24147.30,24166.80,24143.50,24147.20,0,
08_05_2026_14_20,24148.10,24164.20,24141.80,24147.80,0,
08_05_2026_14_25,24150.40,24170.80,24149.10,24169.70,0,
08_05_2026_14_30,24171.00,24207.10,24168.60,24195.40,0,
08_05_2026_14_35,24196.30,24223.80,24193.50,24218.70,0,
08_05_2026_14_40,24220.60,24235.80,24219.20,24231.70,0,
08_05_2026_14_45,24233.60,24236.90,24220.10,24232.20,0,
08_05_2026_14_50,24234.10,24240.20,24228.80,24231.00,0,
08_05_2026_14_55,24232.80,24235.30,24206.60,24213.70,0,
08_05_2026_15_00,24215.10,24215.10,24168.30,24170.30,0,
08_05_2026_15_05,24171.10,24185.50,24169.80,24179.70,0,
08_05_2026_15_10,24180.30,24189.00,24172.40,24180.80,0,
08_05_2026_15_15,24180.60,24196.90,24170.50,24175.60,0,
08_05_2026_15_20,24174.10,24174.90,24163.50,24170.70,0,
08_05_2026_15_25,24170.60,24180.70,24169.70,24179.80,0,
11_05_2026_09_15,23971.20,23986.80,23897.20,23918.80,0,
11_05_2026_09_20,23919.10,23942.60,23895.60,23937.40,0,
11_05_2026_09_25,23936.80,23956.30,23918.70,23953.20,0,
11_05_2026_09_30,23952.20,23959.60,23917.10,23930.70,0,
11_05_2026_09_35,23930.60,23931.30,23874.70,23881.80,0,
11_05_2026_09_40,23881.30,23898.20,23864.10,23865.70,0,
11_05_2026_09_45,23866.20,23889.80,23864.20,23885.00,0,
11_05_2026_09_50,23885.30,23893.50,23870.50,23892.80,0,
11_05_2026_09_55,23893.70,23899.90,23868.20,23874.20,0,
11_05_2026_10_00,23874.60,23897.40,23873.20,23893.20,0,
11_05_2026_10_05,23892.90,23903.70,23887.10,23899.20,0,
11_05_2026_10_10,23899.60,23902.80,23887.30,23893.40,0,
11_05_2026_10_15,23894.80,23896.20,23850.20,23851.20,0,
11_05_2026_10_20,23850.80,23877.50,23845.30,23871.70,0,
11_05_2026_10_25,23871.20,23878.30,23864.30,23869.20,0,
11_05_2026_10_30,23868.40,23874.50,23860.20,23870.10,0,
11_05_2026_10_35,23870.30,23874.80,23847.40,23863.20,0,
11_05_2026_10_40,23862.70,23865.20,23851.60,23860.10,0,
11_05_2026_10_45,23859.90,23863.30,23850.80,23860.40,0,
11_05_2026_10_50,23860.20,23890.70,23859.20,23889.80,0,
11_05_2026_10_55,23890.10,23892.50,23882.10,23886.90,0,
11_05_2026_11_00,23887.00,23897.30,23878.60,23896.20,0,
11_05_2026_11_05,23895.80,23907.30,23893.30,23903.20,0,
11_05_2026_11_10,23902.90,23922.60,23902.90,23914.60,0,
11_05_2026_11_15,23914.60,23921.70,23910.40,23918.30,0,
11_05_2026_11_20,23918.70,23942.90,23918.20,23926.20,0,
11_05_2026_11_25,23926.20,23934.90,23913.20,23927.80,0,
11_05_2026_11_30,23928.20,23930.80,23907.20,23924.60,0,
11_05_2026_11_35,23925.10,23936.10,23916.90,23936.10,0,
11_05_2026_11_40,23936.10,23952.70,23932.90,23949.40,0,
11_05_2026_11_45,23949.60,23956.90,23920.30,23921.20,0,
11_05_2026_11_50,23922.10,23941.00,23921.40,23937.80,0,
11_05_2026_11_55,23937.70,23939.00,23923.70,23930.90,0,
11_05_2026_12_00,23931.20,23937.80,23922.50,23923.70,0,
11_05_2026_12_05,23923.70,23943.90,23920.30,23939.30,0,
11_05_2026_12_10,23939.40,23942.40,23930.40,23935.60,0,
11_05_2026_12_15,23935.20,23942.60,23926.70,23938.00,0,
11_05_2026_12_20,23938.20,23943.90,23928.80,23942.50,0,
11_05_2026_12_25,23942.20,23945.10,23928.10,23929.10,0,
11_05_2026_12_30,23928.90,23930.20,23908.40,23924.30,0,
11_05_2026_12_35,23924.70,23933.90,23902.40,23913.10,0,
11_05_2026_12_40,23913.80,23954.90,23913.70,23950.30,0,
11_05_2026_12_45,23949.70,23954.70,23936.60,23940.90,0,
11_05_2026_12_50,23940.90,23951.90,23932.00,23938.30,0,
11_05_2026_12_55,23938.20,23951.80,23937.40,23945.60,0,
11_05_2026_13_00,23945.40,23946.20,23918.30,23918.70,0,
11_05_2026_13_05,23918.60,23939.20,23905.10,23939.20,0,
11_05_2026_13_10,23939.20,23949.80,23932.50,23949.80,0,
11_05_2026_13_15,23949.90,23950.90,23934.50,23934.90,0,
11_05_2026_13_20,23935.30,23950.70,23935.30,23949.50,0,
11_05_2026_13_25,23950.70,23953.30,23940.40,23946.30,0,
11_05_2026_13_30,23946.10,23955.20,23943.30,23950.70,0,
11_05_2026_13_35,23950.60,23988.20,23949.80,23952.10,0,
11_05_2026_13_40,23952.10,23973.80,23946.30,23965.40,0,
11_05_2026_13_45,23966.60,23987.60,23965.70,23979.80,0,
11_05_2026_13_50,23978.80,23997.40,23975.80,23993.90,0,
11_05_2026_13_55,23994.30,23997.00,23966.20,23966.40,0,
11_05_2026_14_00,23966.40,23973.20,23957.90,23963.60,0,
11_05_2026_14_05,23963.30,23973.50,23958.10,23958.90,0,
11_05_2026_14_10,23958.90,23967.20,23943.10,23946.30,0,
11_05_2026_14_15,23945.20,23954.10,23933.90,23939.80,0,
11_05_2026_14_20,23939.60,23949.50,23939.20,23941.70,0,
11_05_2026_14_25,23941.60,23942.90,23922.20,23931.90,0,
11_05_2026_14_30,23931.90,23953.60,23926.20,23953.00,0,
11_05_2026_14_35,23952.90,23957.80,23921.80,23926.10,0,
11_05_2026_14_40,23925.90,23931.30,23904.20,23916.30,0,
11_05_2026_14_45,23916.60,23924.30,23883.10,23889.90,0,
11_05_2026_14_50,23889.90,23914.20,23888.20,23894.20,0,
11_05_2026_14_55,23894.10,23896.80,23875.90,23875.90,0,
11_05_2026_15_00,23878.60,23879.70,23820.90,23830.70,0,
11_05_2026_15_05,23830.40,23832.70,23809.80,23817.40,0,
11_05_2026_15_10,23817.70,23824.10,23801.40,23805.80,0,
11_05_2026_15_15,23806.20,23820.20,23802.80,23803.80,0,
11_05_2026_15_20,23804.60,23813.20,23799.10,23810.20,0,
11_05_2026_15_25,23810.50,23820.30,23802.40,23820.30,0,
12_05_2026_09_15,23722.60,23757.60,23689.10,23736.90,0,
12_05_2026_09_20,23737.80,23737.80,23684.00,23684.20,0,
12_05_2026_09_25,23685.40,23685.40,23633.10,23638.30,0,
12_05_2026_09_30,23638.90,23643.80,23617.70,23634.10,0,
12_05_2026_09_35,23634.70,23649.20,23620.50,23626.20,0,
12_05_2026_09_40,23626.30,23657.80,23624.40,23640.70,0,
12_05_2026_09_45,23640.80,23650.20,23628.80,23638.20,0,
12_05_2026_09_50,23638.40,23646.70,23632.10,23638.20,0,
12_05_2026_09_55,23638.60,23652.20,23624.60,23625.80,0,
12_05_2026_10_00,23627.00,23635.20,23619.80,23630.20,0,
12_05_2026_10_05,23630.40,23642.60,23613.60,23636.10,0,
12_05_2026_10_10,23636.40,23655.40,23629.20,23651.40,0,
12_05_2026_10_15,23652.10,23668.20,23647.80,23668.20,0,
12_05_2026_10_20,23669.20,23675.20,23627.80,23630.30,0,
12_05_2026_10_25,23631.80,23634.20,23605.10,23613.20,0,
12_05_2026_10_30,23613.60,23617.10,23603.70,23607.70,0,
12_05_2026_10_35,23609.20,23620.20,23596.30,23605.30,0,
12_05_2026_10_40,23606.60,23638.70,23602.60,23627.60,0,
12_05_2026_10_45,23628.10,23629.60,23599.30,23603.20,0,
12_05_2026_10_50,23603.80,23611.20,23600.80,23605.20,0,
12_05_2026_10_55,23605.80,23623.40,23602.70,23614.70,0,
12_05_2026_11_00,23615.10,23615.70,23584.30,23590.60,0,
12_05_2026_11_05,23590.60,23597.70,23577.80,23590.40,0,
12_05_2026_11_10,23590.90,23595.10,23585.70,23589.30,0,
12_05_2026_11_15,23589.60,23612.20,23585.80,23608.10,0,
12_05_2026_11_20,23608.60,23613.40,23589.40,23589.60,0,
12_05_2026_11_25,23590.90,23604.60,23588.70,23588.90,0,
12_05_2026_11_30,23589.50,23600.20,23578.70,23597.20,0,
12_05_2026_11_35,23597.40,23601.80,23579.90,23598.00,0,
12_05_2026_11_40,23599.20,23607.70,23591.90,23602.70,0,
12_05_2026_11_45,23603.90,23604.60,23584.30,23594.70,0,
12_05_2026_11_50,23596.20,23605.80,23584.80,23600.10,0,
12_05_2026_11_55,23601.80,23612.80,23595.80,23597.50,0,
12_05_2026_12_00,23598.40,23599.60,23581.90,23586.30,0,
12_05_2026_12_05,23587.20,23589.20,23556.20,23558.10,0,
12_05_2026_12_10,23559.90,23570.00,23551.30,23557.80,0,
12_05_2026_12_15,23559.50,23580.10,23555.10,23572.90,0,
12_05_2026_12_20,23573.80,23575.90,23559.00,23566.50,0,
12_05_2026_12_25,23567.60,23568.80,23554.70,23557.30,0,
12_05_2026_12_30,23557.80,23558.90,23521.80,23522.30,0,
12_05_2026_12_35,23523.40,23526.80,23508.30,23516.20,0,
12_05_2026_12_40,23517.30,23532.70,23513.10,23526.20,0,
12_05_2026_12_45,23527.20,23540.10,23516.40,23526.80,0,
12_05_2026_12_50,23527.30,23535.00,23513.30,23513.30,0,
12_05_2026_12_55,23515.20,23532.80,23514.80,23524.60,0,
12_05_2026_13_00,23525.20,23533.70,23519.60,23530.60,0,
12_05_2026_13_05,23531.70,23532.20,23510.80,23510.80,0,
12_05_2026_13_10,23511.90,23536.80,23506.00,23536.80,0,
12_05_2026_13_15,23538.10,23564.10,23536.20,23542.80,0,
12_05_2026_13_20,23544.00,23545.20,23526.40,23527.60,0,
12_05_2026_13_25,23528.30,23539.50,23524.20,23531.10,0,
12_05_2026_13_30,23532.40,23550.20,23528.80,23529.40,0,
12_05_2026_13_35,23530.40,23535.30,23511.00,23514.00,0,
12_05_2026_13_40,23515.50,23518.40,23496.60,23506.80,0,
12_05_2026_13_45,23510.10,23519.30,23493.40,23513.40,0,
12_05_2026_13_50,23515.10,23530.80,23495.80,23495.80,0,
12_05_2026_13_55,23500.10,23502.40,23489.40,23491.50,0,
12_05_2026_14_00,23492.80,23496.90,23477.50,23481.50,0,
12_05_2026_14_05,23484.10,23490.70,23461.40,23465.00,0,
12_05_2026_14_10,23466.20,23467.90,23447.80,23457.50,0,
12_05_2026_14_15,23458.80,23472.80,23452.10,23460.20,0,
12_05_2026_14_20,23460.50,23492.70,23453.10,23486.20,0,
12_05_2026_14_25,23487.30,23487.30,23459.20,23468.60,0,
12_05_2026_14_30,23469.30,23471.30,23437.30,23438.30,0,
12_05_2026_14_35,23439.20,23470.90,23434.40,23462.90,0,
12_05_2026_14_40,23463.90,23472.20,23456.20,23463.60,0,
12_05_2026_14_45,23464.90,23474.60,23458.40,23463.80,0,
12_05_2026_14_50,23464.90,23466.40,23428.30,23433.80,0,
12_05_2026_14_55,23435.30,23435.70,23413.50,23421.20,0,
12_05_2026_15_00,23422.50,23423.70,23366.40,23390.90,0,
12_05_2026_15_05,23393.20,23393.70,23357.20,23363.60,0,
12_05_2026_15_10,23363.90,23375.70,23348.40,23354.80,0,
12_05_2026_15_15,23356.00,23386.60,23355.60,23386.60,0,
12_05_2026_15_20,23386.80,23391.80,23377.60,23389.80,0,
12_05_2026_15_25,23391.20,23434.80,23383.60,23430.60,0,
13_05_2026_09_15,23365.80,23503.80,23365.80,23405.40,0,
13_05_2026_09_20,23405.40,23441.20,23379.80,23437.90,0,
13_05_2026_09_25,23438.40,23439.90,23367.10,23367.10,0,
13_05_2026_09_30,23367.70,23387.70,23335.70,23337.90,0,
13_05_2026_09_35,23337.30,23339.30,23262.60,23276.50,0,
13_05_2026_09_40,23275.50,23314.20,23264.40,23308.50,0,
13_05_2026_09_45,23308.90,23327.00,23287.10,23298.80,0,
13_05_2026_09_50,23299.10,23372.40,23298.60,23367.60,0,
13_05_2026_09_55,23367.20,23389.70,23344.70,23372.40,0,
13_05_2026_10_00,23371.20,23392.40,23354.20,23392.40,0,
13_05_2026_10_05,23392.60,23426.20,23392.20,23407.40,0,
13_05_2026_10_10,23407.50,23411.40,23381.20,23403.10,0,
13_05_2026_10_15,23403.20,23440.60,23398.40,23436.10,0,
13_05_2026_10_20,23435.80,23463.90,23435.80,23460.80,0,
13_05_2026_10_25,23460.80,23477.80,23452.10,23452.40,0,
13_05_2026_10_30,23452.20,23478.60,23443.30,23475.90,0,
13_05_2026_10_35,23475.50,23476.60,23423.60,23429.10,0,
13_05_2026_10_40,23429.80,23466.10,23429.20,23464.00,0,
13_05_2026_10_45,23464.10,23472.40,23445.40,23445.60,0,
13_05_2026_10_50,23445.70,23459.00,23437.30,23440.80,0,
13_05_2026_10_55,23441.20,23443.20,23374.80,23374.80,0,
13_05_2026_11_00,23374.80,23409.40,23368.10,23402.10,0,
13_05_2026_11_05,23401.40,23404.30,23382.60,23400.40,0,
13_05_2026_11_10,23400.30,23405.20,23382.90,23403.90,0,
13_05_2026_11_15,23403.80,23416.40,23392.80,23409.40,0,
13_05_2026_11_20,23409.20,23416.00,23392.80,23409.60,0,
13_05_2026_11_25,23409.40,23410.70,23393.00,23399.00,0,
13_05_2026_11_30,23399.80,23410.80,23395.70,23406.90,0,
13_05_2026_11_35,23405.80,23468.50,23405.20,23468.50,0,
13_05_2026_11_40,23468.60,23498.80,23466.60,23498.60,0,
13_05_2026_11_45,23499.00,23509.90,23480.60,23482.60,0,
13_05_2026_11_50,23481.90,23500.20,23472.80,23474.50,0,
13_05_2026_11_55,23473.20,23488.90,23466.00,23466.10,0,
13_05_2026_12_00,23465.40,23488.80,23465.40,23486.70,0,
13_05_2026_12_05,23486.30,23499.30,23481.70,23497.70,0,
13_05_2026_12_10,23496.80,23514.20,23492.60,23512.80,0,
13_05_2026_12_15,23511.90,23518.70,23479.10,23497.90,0,
13_05_2026_12_20,23497.20,23497.70,23483.70,23488.50,0,
13_05_2026_12_25,23488.20,23495.90,23481.80,23491.00,0,
13_05_2026_12_30,23489.50,23497.10,23474.40,23478.90,0,
13_05_2026_12_35,23478.90,23484.20,23449.50,23465.20,0,
13_05_2026_12_40,23465.00,23466.00,23423.30,23453.90,0,
13_05_2026_12_45,23453.60,23469.80,23449.70,23468.40,0,
13_05_2026_12_50,23468.20,23526.80,23467.70,23525.80,0,
13_05_2026_12_55,23525.80,23579.60,23525.80,23577.90,0,
13_05_2026_13_00,23578.10,23582.90,23549.30,23559.30,0,
13_05_2026_13_05,23558.70,23561.90,23528.30,23532.40,0,
13_05_2026_13_10,23531.50,23553.60,23530.10,23538.50,0,
13_05_2026_13_15,23538.00,23538.90,23494.40,23505.10,0,
13_05_2026_13_20,23505.20,23514.60,23495.10,23508.30,0,
13_05_2026_13_25,23508.50,23512.70,23490.60,23496.80,0,
13_05_2026_13_30,23492.10,23540.50,23492.10,23533.60,0,
13_05_2026_13_35,23532.80,23539.20,23516.90,23535.60,0,
13_05_2026_13_40,23535.90,23538.80,23520.80,23523.30,0,
13_05_2026_13_45,23522.10,23535.00,23504.60,23511.80,0,
13_05_2026_13_50,23510.80,23522.00,23507.10,23508.00,0,
13_05_2026_13_55,23508.00,23509.60,23480.20,23499.80,0,
13_05_2026_14_00,23499.80,23512.30,23481.80,23490.20,0,
13_05_2026_14_05,23489.80,23513.40,23489.80,23513.00,0,
13_05_2026_14_10,23512.90,23525.00,23507.70,23516.80,0,
13_05_2026_14_15,23516.50,23522.40,23483.20,23483.40,0,
13_05_2026_14_20,23482.30,23514.30,23469.80,23510.60,0,
13_05_2026_14_25,23509.50,23516.30,23481.40,23491.30,0,
13_05_2026_14_30,23491.10,23502.90,23490.20,23498.20,0,
13_05_2026_14_35,23497.40,23504.40,23487.70,23500.20,0,
13_05_2026_14_40,23499.70,23501.50,23465.20,23467.50,0,
13_05_2026_14_45,23468.20,23484.30,23446.70,23482.80,0,
13_05_2026_14_50,23482.70,23490.80,23469.60,23485.10,0,
13_05_2026_14_55,23483.90,23486.70,23474.20,23479.20,0,
13_05_2026_15_00,23476.80,23478.70,23416.20,23418.30,0,
13_05_2026_15_05,23418.80,23425.70,23402.80,23423.90,0,
13_05_2026_15_10,23423.30,23426.20,23405.00,23425.70,0,
13_05_2026_15_15,23425.40,23428.20,23411.80,23412.70,0,
13_05_2026_15_20,23412.60,23414.80,23394.30,23398.20,0,
13_05_2026_15_25,23397.30,23436.90,23397.30,23428.70,0,
14_05_2026_09_15,23531.40,23581.50,23515.60,23550.10,0,
14_05_2026_09_20,23549.90,23575.70,23548.90,23569.40,0,
14_05_2026_09_25,23569.70,23589.20,23564.30,23581.30,0,
14_05_2026_09_30,23581.30,23586.20,23562.80,23564.30,0,
14_05_2026_09_35,23565.50,23569.90,23523.80,23524.50,0,
14_05_2026_09_40,23525.80,23526.30,23493.80,23496.80,0,
14_05_2026_09_45,23499.00,23532.90,23490.20,23492.70,0,
14_05_2026_09_50,23494.10,23502.80,23468.70,23471.40,0,
14_05_2026_09_55,23473.20,23479.30,23446.70,23464.40,0,
14_05_2026_10_00,23466.10,23492.60,23455.40,23482.60,0,
14_05_2026_10_05,23483.80,23490.30,23459.70,23484.90,0,
14_05_2026_10_10,23483.80,23496.30,23472.20,23495.80,0,
14_05_2026_10_15,23496.80,23513.70,23481.30,23513.70,0,
14_05_2026_10_20,23515.30,23516.20,23473.20,23494.60,0,
14_05_2026_10_25,23495.90,23517.50,23491.90,23506.40,0,
14_05_2026_10_30,23507.70,23519.40,23504.10,23519.10,0,
14_05_2026_10_35,23520.20,23537.50,23519.40,23529.40,0,
14_05_2026_10_40,23530.60,23533.20,23496.80,23497.20,0,
14_05_2026_10_45,23495.60,23495.60,23436.10,23437.20,0,
14_05_2026_10_50,23439.00,23480.60,23426.60,23473.00,0,
14_05_2026_10_55,23473.30,23473.80,23430.40,23430.40,0,
14_05_2026_11_00,23432.90,23444.20,23431.70,23435.20,0,
14_05_2026_11_05,23435.90,23446.40,23427.80,23432.10,0,
14_05_2026_11_10,23433.40,23461.30,23429.70,23459.20,0,
14_05_2026_11_15,23459.80,23502.90,23459.00,23502.90,0,
14_05_2026_11_20,23503.80,23549.20,23500.70,23543.20,0,
14_05_2026_11_25,23545.70,23577.80,23514.10,23567.40,0,
14_05_2026_11_30,23568.50,23610.30,23566.60,23604.70,0,
14_05_2026_11_35,23605.30,23634.20,23600.90,23628.10,0,
14_05_2026_11_40,23629.20,23669.40,23612.20,23668.60,0,
14_05_2026_11_45,23670.70,23683.60,23645.10,23681.20,0,
14_05_2026_11_50,23683.30,23702.50,23669.40,23673.80,0,
14_05_2026_11_55,23675.40,23689.30,23666.90,23684.60,0,
14_05_2026_12_00,23685.60,23685.60,23645.90,23650.60,0,
14_05_2026_12_05,23653.40,23669.30,23645.80,23650.70,0,
14_05_2026_12_10,23651.90,23668.20,23636.40,23667.40,0,
14_05_2026_12_15,23667.90,23708.10,23667.20,23681.70,0,
14_05_2026_12_20,23682.60,23699.10,23680.20,23696.20,0,
14_05_2026_12_25,23697.90,23708.30,23688.20,23692.70,0,
14_05_2026_12_30,23695.20,23701.20,23679.20,23682.70,0,
14_05_2026_12_35,23682.40,23690.20,23667.40,23677.30,0,
14_05_2026_12_40,23679.40,23702.90,23673.10,23701.70,0,
14_05_2026_12_45,23703.30,23713.00,23684.20,23710.60,0,
14_05_2026_12_50,23711.80,23711.80,23675.80,23684.90,0,
14_05_2026_12_55,23686.20,23697.10,23676.70,23689.00,0,
14_05_2026_13_00,23690.20,23739.70,23689.30,23738.40,0,
14_05_2026_13_05,23739.40,23747.80,23721.60,23722.80,0,
14_05_2026_13_10,23723.40,23726.70,23695.90,23713.60,0,
14_05_2026_13_15,23715.20,23732.80,23709.70,23721.20,0,
14_05_2026_13_20,23722.20,23727.30,23710.70,23710.80,0,
14_05_2026_13_25,23711.90,23729.50,23709.90,23715.20,0,
14_05_2026_13_30,23718.10,23739.60,23709.30,23737.80,0,
14_05_2026_13_35,23741.30,23760.40,23735.80,23739.20,0,
14_05_2026_13_40,23740.60,23758.60,23738.10,23752.60,0,
14_05_2026_13_45,23753.80,23763.70,23735.40,23740.90,0,
14_05_2026_13_50,23742.50,23753.50,23725.90,23747.80,0,
14_05_2026_13_55,23749.90,23756.20,23738.20,23751.30,0,
14_05_2026_14_00,23751.80,23758.50,23740.00,23751.10,0,
14_05_2026_14_05,23753.70,23768.80,23745.30,23758.10,0,
14_05_2026_14_10,23759.60,23765.20,23741.40,23744.60,0,
14_05_2026_14_15,23746.40,23757.60,23724.40,23724.90,0,
14_05_2026_14_20,23727.30,23743.40,23719.80,23740.20,0,
14_05_2026_14_25,23741.50,23757.80,23740.90,23755.30,0,
14_05_2026_14_30,23756.10,23777.20,23750.20,23758.80,0,
14_05_2026_14_35,23760.70,23761.10,23725.90,23737.80,0,
14_05_2026_14_40,23739.80,23742.60,23722.30,23730.10,0,
14_05_2026_14_45,23729.80,23733.00,23693.20,23694.70,0,
14_05_2026_14_50,23695.50,23716.80,23692.30,23702.40,0,
14_05_2026_14_55,23702.80,23722.90,23688.20,23710.20,0,
14_05_2026_15_00,23711.70,23713.20,23690.20,23706.20,0,
14_05_2026_15_05,23707.70,23707.70,23670.20,23672.90,0,
14_05_2026_15_10,23673.80,23691.90,23670.90,23683.80,0,
14_05_2026_15_15,23683.30,23691.00,23668.20,23687.30,0,
14_05_2026_15_20,23687.20,23697.20,23679.30,23696.60,0,
14_05_2026_15_25,23695.80,23719.60,23688.10,23713.80,0,
15_05_2026_09_15,23744.10,23774.90,23663.30,23719.10,0,
15_05_2026_09_20,23719.10,23765.70,23707.30,23764.90,0,
15_05_2026_09_25,23764.90,23796.90,23751.80,23787.90,0,
15_05_2026_09_30,23787.30,23790.20,23748.50,23749.60,0,
15_05_2026_09_35,23748.80,23772.90,23734.10,23770.80,0,
15_05_2026_09_40,23770.70,23803.20,23769.60,23802.10,0,
15_05_2026_09_45,23802.50,23818.00,23792.60,23795.60,0,
15_05_2026_09_50,23795.20,23824.80,23791.00,23823.20,0,
15_05_2026_09_55,23823.00,23837.00,23817.90,23817.90,0,
15_05_2026_10_00,23819.10,23821.30,23787.70,23818.30,0,
15_05_2026_10_05,23818.60,23819.20,23785.20,23787.60,0,
15_05_2026_10_10,23787.50,23801.40,23781.20,23800.20,0,
15_05_2026_10_15,23800.30,23815.50,23792.50,23796.40,0,
15_05_2026_10_20,23796.50,23821.00,23788.80,23820.50,0,
15_05_2026_10_25,23820.60,23834.20,23820.20,23828.20,0,
15_05_2026_10_30,23827.80,23829.20,23805.20,23815.20,0,
15_05_2026_10_35,23815.20,23822.10,23802.80,23805.80,0,
15_05_2026_10_40,23806.10,23823.20,23800.90,23817.10,0,
15_05_2026_10_45,23816.90,23832.10,23816.90,23827.00,0,
15_05_2026_10_50,23827.40,23839.30,23822.10,23830.40,0,
15_05_2026_10_55,23830.50,23834.80,23820.20,23829.60,0,
15_05_2026_11_00,23829.20,23830.80,23780.80,23782.30,0,
15_05_2026_11_05,23782.00,23784.40,23741.80,23742.80,0,
15_05_2026_11_10,23743.10,23757.20,23732.20,23743.60,0,
15_05_2026_11_15,23743.60,23751.70,23713.60,23742.70,0,
15_05_2026_11_20,23742.80,23747.70,23725.20,23726.30,0,
15_05_2026_11_25,23727.30,23732.80,23712.40,23712.70,0,
15_05_2026_11_30,23711.40,23720.10,23677.70,23716.80,0,
15_05_2026_11_35,23717.60,23728.30,23704.90,23727.00,0,
15_05_2026_11_40,23727.20,23730.40,23711.80,23721.80,0,
15_05_2026_11_45,23721.60,23734.40,23717.20,23726.20,0,
15_05_2026_11_50,23725.80,23735.30,23718.80,23720.90,0,
15_05_2026_11_55,23720.90,23727.40,23713.40,23725.60,0,
15_05_2026_12_00,23725.90,23755.80,23718.80,23754.10,0,
15_05_2026_12_05,23754.20,23769.60,23752.20,23755.20,0,
15_05_2026_12_10,23755.20,23765.60,23747.30,23751.20,0,
15_05_2026_12_15,23751.00,23755.30,23731.20,23740.10,0,
15_05_2026_12_20,23740.20,23741.70,23720.70,23725.50,0,
15_05_2026_12_25,23725.40,23743.20,23718.70,23720.50,0,
15_05_2026_12_30,23720.70,23736.40,23715.60,23736.30,0,
15_05_2026_12_35,23736.40,23747.80,23734.10,23744.30,0,
15_05_2026_12_40,23743.80,23769.70,23743.80,23767.50,0,
15_05_2026_12_45,23768.70,23786.90,23766.10,23783.60,0,
15_05_2026_12_50,23783.80,23797.50,23777.60,23782.30,0,
15_05_2026_12_55,23782.30,23790.10,23774.70,23784.70,0,
15_05_2026_13_00,23784.60,23787.30,23773.20,23775.40,0,
15_05_2026_13_05,23775.70,23784.40,23766.70,23775.40,0,
15_05_2026_13_10,23775.20,23786.20,23775.10,23780.70,0,
15_05_2026_13_15,23780.90,23785.80,23770.40,23785.80,0,
15_05_2026_13_20,23785.90,23787.80,23774.10,23776.10,0,
15_05_2026_13_25,23777.00,23785.20,23765.70,23776.10,0,
15_05_2026_13_30,23776.10,23779.60,23758.50,23761.60,0,
15_05_2026_13_35,23761.70,23770.80,23737.00,23739.70,0,
15_05_2026_13_40,23740.00,23742.70,23728.00,23739.20,0,
15_05_2026_13_45,23738.80,23750.70,23702.30,23711.00,0,
15_05_2026_13_50,23711.50,23733.80,23699.60,23728.70,0,
15_05_2026_13_55,23728.40,23734.80,23705.20,23713.60,0,
15_05_2026_14_00,23712.90,23714.70,23694.40,23694.90,0,
15_05_2026_14_05,23694.40,23715.00,23693.70,23713.80,0,
15_05_2026_14_10,23713.60,23722.30,23704.40,23722.30,0,
15_05_2026_14_15,23722.30,23726.70,23704.70,23718.10,0,
15_05_2026_14_20,23717.20,23720.20,23701.60,23706.80,0,
15_05_2026_14_25,23707.10,23708.50,23685.30,23695.70,0,
15_05_2026_14_30,23696.90,23702.90,23676.60,23695.10,0,
15_05_2026_14_35,23695.60,23703.20,23685.10,23692.60,0,
15_05_2026_14_40,23693.10,23705.30,23689.70,23690.80,0,
15_05_2026_14_45,23690.60,23692.20,23625.50,23625.90,0,
15_05_2026_14_50,23626.10,23633.30,23610.30,23618.70,0,
15_05_2026_14_55,23618.80,23658.20,23611.50,23646.10,0,
15_05_2026_15_00,23643.80,23674.80,23633.80,23674.20,0,
15_05_2026_15_05,23675.20,23678.30,23644.00,23647.80,0,
15_05_2026_15_10,23647.20,23653.20,23640.10,23644.10,0,
15_05_2026_15_15,23643.60,23645.80,23616.50,23637.20,0,
15_05_2026_15_20,23638.70,23646.80,23626.00,23632.80,0,
15_05_2026_15_25,23633.40,23660.80,23625.30,23659.30,0,
18_05_2026_09_15,23482.20,23494.60,23371.80,23400.50,0,
18_05_2026_09_20,23399.50,23413.30,23383.30,23401.50,0,
18_05_2026_09_25,23402.40,23405.40,23363.10,23373.10,0,
18_05_2026_09_30,23373.20,23394.90,23359.70,23388.20,0,
18_05_2026_09_35,23387.90,23394.80,23347.30,23358.40,0,
18_05_2026_09_40,23358.50,23383.50,23349.70,23371.10,0,
18_05_2026_09_45,23370.80,23372.20,23341.20,23342.40,0,
18_05_2026_09_50,23342.60,23345.10,23322.30,23325.10,0,
18_05_2026_09_55,23325.30,23342.10,23317.10,23341.20,0,
18_05_2026_10_00,23340.80,23364.10,23339.50,23361.10,0,
18_05_2026_10_05,23361.10,23366.50,23340.30,23350.90,0,
18_05_2026_10_10,23350.80,23366.40,23348.70,23362.40,0,
18_05_2026_10_15,23362.30,23389.40,23353.90,23384.90,0,
18_05_2026_10_20,23385.00,23389.10,23373.50,23381.90,0,
18_05_2026_10_25,23382.20,23385.90,23375.50,23379.80,0,
18_05_2026_10_30,23379.80,23414.40,23355.60,23413.70,0,
18_05_2026_10_35,23414.10,23439.70,23412.60,23429.00,0,
18_05_2026_10_40,23429.00,23433.50,23403.90,23417.20,0,
18_05_2026_10_45,23417.80,23418.10,23389.60,23408.70,0,
18_05_2026_10_50,23408.20,23445.30,23408.20,23443.70,0,
18_05_2026_10_55,23443.60,23465.90,23442.70,23465.10,0,
18_05_2026_11_00,23464.90,23471.40,23452.60,23455.20,0,
18_05_2026_11_05,23455.20,23477.80,23454.80,23476.40,0,
18_05_2026_11_10,23477.10,23477.80,23460.60,23470.10,0,
18_05_2026_11_15,23470.20,23495.20,23465.80,23494.10,0,
18_05_2026_11_20,23494.30,23518.60,23476.10,23516.20,0,
18_05_2026_11_25,23516.40,23519.90,23494.20,23495.80,0,
18_05_2026_11_30,23495.80,23532.80,23494.40,23528.60,0,
18_05_2026_11_35,23529.20,23562.80,23524.60,23560.70,0,
18_05_2026_11_40,23560.70,23561.10,23525.20,23534.20,0,
18_05_2026_11_45,23534.60,23538.20,23502.80,23512.70,0,
18_05_2026_11_50,23512.60,23512.90,23499.30,23499.70,0,
18_05_2026_11_55,23500.10,23509.70,23473.70,23474.70,0,
18_05_2026_12_00,23474.80,23485.50,23468.30,23477.90,0,
18_05_2026_12_05,23477.70,23500.20,23477.70,23492.50,0,
18_05_2026_12_10,23492.40,23525.70,23492.00,23524.80,0,
18_05_2026_12_15,23524.20,23535.20,23513.20,23520.70,0,
18_05_2026_12_20,23521.20,23537.20,23518.40,23535.90,0,
18_05_2026_12_25,23536.00,23558.20,23536.00,23553.40,0,
18_05_2026_12_30,23553.50,23601.20,23553.50,23593.90,0,
18_05_2026_12_35,23593.10,23610.00,23591.70,23604.40,0,
18_05_2026_12_40,23604.20,23608.10,23578.80,23584.80,0,
18_05_2026_12_45,23585.00,23588.80,23572.70,23578.80,0,
18_05_2026_12_50,23579.20,23592.10,23577.00,23589.20,0,
18_05_2026_12_55,23589.50,23637.90,23589.10,23636.90,0,
18_05_2026_13_00,23637.20,23661.70,23634.50,23646.30,0,
18_05_2026_13_05,23645.90,23647.20,23605.20,23610.30,0,
18_05_2026_13_10,23610.70,23616.40,23592.20,23615.90,0,
18_05_2026_13_15,23615.50,23628.80,23613.90,23620.30,0,
18_05_2026_13_20,23620.50,23627.80,23596.40,23627.70,0,
18_05_2026_13_25,23628.00,23634.20,23610.10,23618.90,0,
18_05_2026_13_30,23618.30,23633.50,23611.80,23621.50,0,
18_05_2026_13_35,23622.20,23628.40,23606.20,23607.10,0,
18_05_2026_13_40,23607.00,23630.80,23599.20,23622.40,0,
18_05_2026_13_45,23622.10,23625.50,23604.10,23624.40,0,
18_05_2026_13_50,23625.10,23646.30,23623.10,23642.80,0,
18_05_2026_13_55,23642.50,23659.40,23634.10,23640.90,0,
18_05_2026_14_00,23641.20,23652.00,23627.40,23641.30,0,
18_05_2026_14_05,23642.20,23644.20,23612.70,23615.20,0,
18_05_2026_14_10,23615.20,23638.10,23606.70,23624.80,0,
18_05_2026_14_15,23624.90,23624.90,23599.00,23612.20,0,
18_05_2026_14_20,23612.40,23619.40,23591.10,23591.10,0,
18_05_2026_14_25,23590.80,23620.70,23583.80,23614.30,0,
18_05_2026_14_30,23613.50,23624.20,23595.90,23597.40,0,
18_05_2026_14_35,23597.80,23603.80,23586.10,23587.10,0,
18_05_2026_14_40,23586.60,23611.30,23582.00,23602.90,0,
18_05_2026_14_45,23603.30,23607.90,23585.80,23585.80,0,
18_05_2026_14_50,23586.10,23595.50,23583.50,23592.10,0,
18_05_2026_14_55,23592.70,23598.00,23581.90,23591.50,0,
18_05_2026_15_00,23591.00,23695.70,23590.20,23662.70,0,
18_05_2026_15_05,23662.40,23674.20,23629.10,23637.70,0,
18_05_2026_15_10,23638.10,23649.80,23631.70,23634.60,0,
18_05_2026_15_15,23634.20,23635.60,23619.30,23626.90,0,
18_05_2026_15_20,23626.90,23658.30,23626.20,23657.30,0,
18_05_2026_15_25,23657.00,23658.40,23640.10,23644.40,0,
19_05_2026_09_15,23692.20,23741.00,23675.20,23734.80,0,
19_05_2026_09_20,23736.40,23758.40,23719.80,23748.90,0,
19_05_2026_09_25,23749.10,23765.70,23746.20,23756.90,0,
19_05_2026_09_30,23759.60,23768.90,23683.60,23684.00,0,
19_05_2026_09_35,23685.30,23707.70,23647.40,23706.80,0,
19_05_2026_09_40,23707.30,23757.90,23707.30,23749.20,0,
19_05_2026_09_45,23751.20,23751.70,23706.10,23714.20,0,
19_05_2026_09_50,23716.10,23722.20,23689.30,23695.10,0,
19_05_2026_09_55,23696.80,23703.80,23677.60,23678.20,0,
19_05_2026_10_00,23679.00,23721.00,23678.20,23699.20,0,
19_05_2026_10_05,23699.80,23730.20,23696.50,23722.80,0,
19_05_2026_10_10,23723.90,23762.90,23720.90,23753.40,0,
19_05_2026_10_15,23753.80,23762.60,23724.90,23725.70,0,
19_05_2026_10_20,23726.50,23743.30,23724.00,23739.20,0,
19_05_2026_10_25,23740.80,23756.80,23739.10,23751.10,0,
19_05_2026_10_30,23752.90,23757.80,23735.80,23744.80,0,
19_05_2026_10_35,23745.90,23754.10,23734.20,23753.20,0,
19_05_2026_10_40,23754.00,23765.20,23743.20,23764.80,0,
19_05_2026_10_45,23765.30,23774.80,23750.40,23757.40,0,
19_05_2026_10_50,23758.30,23767.60,23724.90,23742.10,0,
19_05_2026_10_55,23742.30,23782.30,23741.20,23771.90,0,
19_05_2026_11_00,23772.10,23774.90,23744.10,23751.60,0,
19_05_2026_11_05,23752.70,23752.70,23738.40,23743.80,0,
19_05_2026_11_10,23745.20,23754.00,23718.10,23719.80,0,
19_05_2026_11_15,23720.60,23721.60,23695.30,23708.00,0,
19_05_2026_11_20,23709.20,23721.40,23698.40,23713.80,0,
19_05_2026_11_25,23714.30,23728.30,23707.10,23727.80,0,
19_05_2026_11_30,23728.20,23728.20,23705.10,23718.20,0,
19_05_2026_11_35,23720.70,23728.50,23704.80,23724.20,0,
19_05_2026_11_40,23725.20,23754.80,23721.70,23750.10,0,
19_05_2026_11_45,23752.20,23763.80,23745.70,23754.40,0,
19_05_2026_11_50,23755.80,23763.80,23754.20,23760.20,0,
19_05_2026_11_55,23760.90,23772.80,23752.90,23754.70,0,
19_05_2026_12_00,23755.60,23755.60,23733.80,23741.40,0,
19_05_2026_12_05,23742.80,23747.90,23734.70,23741.40,0,
19_05_2026_12_10,23742.20,23749.70,23739.80,23743.10,0,
19_05_2026_12_15,23744.60,23747.60,23730.70,23744.60,0,
19_05_2026_12_20,23746.30,23753.80,23727.40,23733.60,0,
19_05_2026_12_25,23734.80,23755.50,23724.20,23752.40,0,
19_05_2026_12_30,23753.80,23753.80,23729.60,23736.00,0,
19_05_2026_12_35,23737.10,23743.20,23722.20,23740.70,0,
19_05_2026_12_40,23741.70,23741.80,23726.90,23738.10,0,
19_05_2026_12_45,23738.70,23743.20,23721.00,23727.60,0,
19_05_2026_12_50,23729.70,23731.70,23719.30,23728.40,0,
19_05_2026_12_55,23729.40,23732.20,23721.80,23723.90,0,
19_05_2026_13_00,23725.20,23735.80,23711.70,23713.30,0,
19_05_2026_13_05,23714.40,23729.40,23707.10,23724.80,0,
19_05_2026_13_10,23724.80,23724.90,23706.10,23708.30,0,
19_05_2026_13_15,23709.60,23738.80,23701.40,23728.90,0,
19_05_2026_13_20,23730.10,23732.80,23721.50,23732.80,0,
19_05_2026_13_25,23733.80,23733.80,23720.80,23724.80,0,
19_05_2026_13_30,23726.70,23743.30,23723.70,23730.90,0,
19_05_2026_13_35,23731.80,23731.80,23685.80,23709.20,0,
19_05_2026_13_40,23710.30,23710.30,23694.30,23696.80,0,
19_05_2026_13_45,23697.30,23716.00,23695.90,23704.50,0,
19_05_2026_13_50,23705.70,23711.40,23697.30,23699.60,0,
19_05_2026_13_55,23700.60,23700.60,23674.00,23689.10,0,
19_05_2026_14_00,23691.30,23719.40,23684.60,23714.90,0,
19_05_2026_14_05,23716.70,23719.50,23704.60,23705.30,0,
19_05_2026_14_10,23706.50,23725.30,23700.70,23717.30,0,
19_05_2026_14_15,23718.10,23736.60,23715.40,23716.20,0,
19_05_2026_14_20,23717.20,23726.90,23699.70,23710.20,0,
19_05_2026_14_25,23711.30,23718.40,23701.30,23703.20,0,
19_05_2026_14_30,23704.40,23705.30,23690.20,23701.20,0,
19_05_2026_14_35,23701.10,23701.70,23672.20,23682.00,0,
19_05_2026_14_40,23682.10,23691.30,23649.00,23657.20,0,
19_05_2026_14_45,23657.40,23657.80,23632.30,23653.00,0,
19_05_2026_14_50,23653.40,23666.90,23644.60,23647.20,0,
19_05_2026_14_55,23648.50,23665.40,23646.20,23655.20,0,
19_05_2026_15_00,23655.40,23659.30,23623.10,23632.30,0,
19_05_2026_15_05,23630.60,23642.70,23624.50,23625.60,0,
19_05_2026_15_10,23625.90,23628.20,23608.00,23624.40,0,
19_05_2026_15_15,23624.60,23629.20,23600.90,23609.10,0,
19_05_2026_15_20,23608.20,23612.50,23592.40,23597.00,0,
19_05_2026_15_25,23596.80,23607.20,23587.20,23606.20,0,
20_05_2026_09_15,23459.60,23469.90,23397.30,23459.90,0,
20_05_2026_09_20,23461.40,23464.80,23442.40,23458.70,0,
20_05_2026_09_25,23458.40,23481.90,23453.80,23476.90,0,
20_05_2026_09_30,23477.80,23524.90,23473.50,23520.20,0,
20_05_2026_09_35,23521.70,23535.80,23506.10,23533.20,0,
20_05_2026_09_40,23534.80,23536.90,23498.60,23524.20,0,
20_05_2026_09_45,23523.20,23536.40,23511.90,23522.20,0,
20_05_2026_09_50,23521.20,23541.40,23520.90,23526.60,0,
20_05_2026_09_55,23526.50,23548.60,23516.50,23541.90,0,
20_05_2026_10_00,23541.80,23546.70,23495.80,23503.90,0,
20_05_2026_10_05,23504.60,23505.20,23486.10,23500.40,0,
20_05_2026_10_10,23500.40,23512.00,23491.70,23500.60,0,
20_05_2026_10_15,23500.30,23512.10,23494.60,23500.00,0,
20_05_2026_10_20,23498.90,23505.10,23476.80,23478.10,0,
20_05_2026_10_25,23477.90,23519.90,23475.70,23519.90,0,
20_05_2026_10_30,23519.90,23567.40,23519.90,23562.10,0,
20_05_2026_10_35,23562.60,23576.20,23561.70,23562.70,0,
20_05_2026_10_40,23562.10,23564.80,23530.70,23532.70,0,
20_05_2026_10_45,23532.90,23535.20,23503.70,23506.40,0,
20_05_2026_10_50,23506.80,23546.90,23506.80,23546.30,0,
20_05_2026_10_55,23546.10,23549.30,23538.60,23546.40,0,
20_05_2026_11_00,23546.80,23573.20,23546.80,23564.40,0,
20_05_2026_11_05,23564.20,23580.80,23562.40,23575.60,0,
20_05_2026_11_10,23574.90,23582.60,23562.20,23562.20,0,
20_05_2026_11_15,23561.80,23573.30,23558.30,23564.90,0,
20_05_2026_11_20,23565.40,23598.20,23564.00,23582.10,0,
20_05_2026_11_25,23582.40,23602.80,23582.40,23599.80,0,
20_05_2026_11_30,23599.90,23608.30,23588.60,23594.50,0,
20_05_2026_11_35,23594.50,23618.20,23588.50,23609.30,0,
20_05_2026_11_40,23609.60,23610.80,23594.80,23605.10,0,
20_05_2026_11_45,23605.30,23639.40,23604.90,23635.60,0,
20_05_2026_11_50,23635.30,23640.20,23615.20,23626.90,0,
20_05_2026_11_55,23626.80,23629.80,23608.20,23608.20,0,
20_05_2026_12_00,23609.10,23613.70,23591.20,23592.30,0,
20_05_2026_12_05,23592.70,23594.10,23577.00,23580.10,0,
20_05_2026_12_10,23579.90,23587.40,23577.30,23579.90,0,
20_05_2026_12_15,23580.00,23598.30,23579.50,23583.60,0,
20_05_2026_12_20,23583.20,23608.40,23582.80,23601.90,0,
20_05_2026_12_25,23602.60,23603.80,23581.70,23588.00,0,
20_05_2026_12_30,23588.60,23596.80,23583.10,23590.60,0,
20_05_2026_12_35,23590.70,23602.00,23586.90,23600.20,0,
20_05_2026_12_40,23600.40,23606.40,23591.80,23602.80,0,
20_05_2026_12_45,23603.40,23613.20,23598.70,23601.90,0,
20_05_2026_12_50,23602.10,23611.40,23601.20,23605.90,0,
20_05_2026_12_55,23606.20,23615.40,23604.70,23612.80,0,
20_05_2026_13_00,23612.40,23617.10,23599.90,23602.20,0,
20_05_2026_13_05,23603.20,23606.90,23588.80,23601.90,0,
20_05_2026_13_10,23602.40,23612.90,23599.10,23601.40,0,
20_05_2026_13_15,23601.50,23603.90,23579.80,23585.30,0,
20_05_2026_13_20,23585.30,23596.80,23576.30,23583.20,0,
20_05_2026_13_25,23583.50,23597.40,23561.80,23567.10,0,
20_05_2026_13_30,23567.50,23598.70,23565.80,23597.10,0,
20_05_2026_13_35,23597.20,23620.90,23592.10,23604.10,0,
20_05_2026_13_40,23604.40,23605.90,23590.20,23595.80,0,
20_05_2026_13_45,23596.40,23601.60,23590.80,23597.30,0,
20_05_2026_13_50,23597.30,23605.10,23588.60,23605.10,0,
20_05_2026_13_55,23604.90,23628.20,23603.00,23628.20,0,
20_05_2026_14_00,23628.10,23644.70,23623.20,23630.20,0,
20_05_2026_14_05,23630.10,23662.70,23626.80,23661.10,0,
20_05_2026_14_10,23661.10,23664.40,23651.30,23651.90,0,
20_05_2026_14_15,23652.20,23659.00,23643.10,23647.40,0,
20_05_2026_14_20,23646.70,23678.90,23641.90,23674.10,0,
20_05_2026_14_25,23674.20,23675.40,23655.30,23665.30,0,
20_05_2026_14_30,23665.40,23675.70,23655.90,23660.90,0,
20_05_2026_14_35,23660.80,23669.90,23652.60,23668.40,0,
20_05_2026_14_40,23668.60,23681.60,23668.60,23677.60,0,
20_05_2026_14_45,23677.80,23684.80,23673.70,23684.10,0,
20_05_2026_14_50,23684.20,23688.30,23674.80,23685.10,0,
20_05_2026_14_55,23684.90,23690.90,23679.10,23679.20,0,
20_05_2026_15_00,23680.10,23680.80,23639.60,23643.50,0,
20_05_2026_15_05,23643.80,23673.40,23641.70,23672.30,0,
20_05_2026_15_10,23672.30,23675.30,23664.80,23667.90,0,
20_05_2026_15_15,23668.10,23671.10,23658.60,23659.50,0,
20_05_2026_15_20,23659.90,23663.10,23651.40,23658.30,0,
20_05_2026_15_25,23660.70,23672.30,23654.80,23664.20,0,
21_05_2026_09_15,23826.90,23859.90,23765.10,23768.40,0,
21_05_2026_09_20,23768.00,23787.30,23752.10,23775.10,0,
21_05_2026_09_25,23776.80,23780.80,23750.80,23758.10,0,
21_05_2026_09_30,23760.20,23774.70,23728.10,23738.30,0,
21_05_2026_09_35,23740.40,23773.20,23731.30,23768.90,0,
21_05_2026_09_40,23769.50,23794.20,23755.80,23793.20,0,
21_05_2026_09_45,23793.90,23796.80,23777.20,23785.60,0,
21_05_2026_09_50,23787.40,23812.00,23781.80,23807.10,0,
21_05_2026_09_55,23808.20,23810.30,23767.90,23768.30,0,
21_05_2026_10_00,23769.60,23790.10,23768.30,23781.80,0,
21_05_2026_10_05,23782.90,23785.70,23752.90,23763.60,0,
21_05_2026_10_10,23766.60,23774.10,23759.70,23767.40,0,
21_05_2026_10_15,23768.20,23784.80,23767.40,23776.50,0,
21_05_2026_10_20,23777.70,23783.20,23766.80,23770.60,0,
21_05_2026_10_25,23771.80,23790.60,23765.30,23780.00,0,
21_05_2026_10_30,23781.80,23790.00,23761.20,23762.20,0,
21_05_2026_10_35,23762.40,23767.40,23729.40,23736.30,0,
21_05_2026_10_40,23738.00,23764.80,23734.20,23764.80,0,
21_05_2026_10_45,23765.80,23774.20,23746.60,23748.90,0,
21_05_2026_10_50,23750.60,23753.10,23733.30,23748.80,0,
21_05_2026_10_55,23750.90,23750.90,23717.80,23723.80,0,
21_05_2026_11_00,23726.20,23726.20,23706.90,23713.40,0,
21_05_2026_11_05,23715.20,23717.70,23704.80,23717.40,0,
21_05_2026_11_10,23718.90,23718.90,23695.30,23697.10,0,
21_05_2026_11_15,23698.20,23698.20,23639.90,23678.70,0,
21_05_2026_11_20,23679.30,23714.90,23675.60,23713.60,0,
21_05_2026_11_25,23715.40,23746.40,23706.80,23742.60,0,
21_05_2026_11_30,23744.20,23744.40,23725.80,23735.10,0,
21_05_2026_11_35,23736.20,23740.20,23729.20,23729.90,0,
21_05_2026_11_40,23732.40,23733.90,23721.70,23731.20,0,
21_05_2026_11_45,23731.70,23734.70,23716.40,23723.60,0,
21_05_2026_11_50,23724.10,23744.80,23721.20,23726.70,0,
21_05_2026_11_55,23727.40,23732.20,23711.70,23716.80,0,
21_05_2026_12_00,23717.70,23742.20,23717.30,23732.10,0,
21_05_2026_12_05,23731.80,23741.20,23725.80,23734.00,0,
21_05_2026_12_10,23735.80,23740.90,23704.80,23705.10,0,
21_05_2026_12_15,23706.10,23718.90,23692.90,23708.50,0,
21_05_2026_12_20,23710.30,23716.00,23691.00,23692.20,0,
21_05_2026_12_25,23692.60,23697.60,23649.50,23663.80,0,
21_05_2026_12_30,23663.40,23673.90,23652.00,23669.60,0,
21_05_2026_12_35,23669.30,23669.80,23624.10,23632.30,0,
21_05_2026_12_40,23632.10,23648.90,23607.30,23640.10,0,
21_05_2026_12_45,23641.20,23641.20,23613.80,23630.90,0,
21_05_2026_12_50,23631.20,23646.80,23630.30,23641.70,0,
21_05_2026_12_55,23641.30,23643.30,23619.30,23624.20,0,
21_05_2026_13_00,23625.20,23627.50,23596.60,23620.00,0,
21_05_2026_13_05,23619.80,23641.80,23614.80,23637.80,0,
21_05_2026_13_10,23637.80,23653.90,23632.40,23640.70,0,
21_05_2026_13_15,23641.20,23647.90,23635.90,23643.40,0,
21_05_2026_13_20,23643.40,23651.10,23635.60,23636.70,0,
21_05_2026_13_25,23637.80,23643.40,23630.70,23631.60,0,
21_05_2026_13_30,23632.40,23649.20,23622.80,23647.30,0,
21_05_2026_13_35,23648.30,23674.60,23645.20,23663.30,0,
21_05_2026_13_40,23663.50,23687.50,23662.20,23681.30,0,
21_05_2026_13_45,23681.80,23691.80,23664.40,23665.20,0,
21_05_2026_13_50,23665.00,23666.40,23645.80,23650.60,0,
21_05_2026_13_55,23651.60,23675.80,23640.30,23673.30,0,
21_05_2026_14_00,23673.90,23674.10,23644.90,23648.60,0,
21_05_2026_14_05,23648.70,23651.10,23639.90,23642.70,0,
21_05_2026_14_10,23642.60,23663.30,23638.10,23652.20,0,
21_05_2026_14_15,23652.10,23656.70,23638.40,23651.60,0,
21_05_2026_14_20,23651.80,23673.20,23651.60,23672.70,0,
21_05_2026_14_25,23671.20,23678.30,23645.30,23652.40,0,
21_05_2026_14_30,23653.60,23682.90,23650.40,23663.60,0,
21_05_2026_14_35,23661.10,23678.10,23659.00,23663.10,0,
21_05_2026_14_40,23663.70,23705.40,23660.50,23671.80,0,
21_05_2026_14_45,23671.10,23691.30,23669.50,23678.30,0,
21_05_2026_14_50,23679.10,23696.60,23673.60,23686.60,0,
21_05_2026_14_55,23686.80,23693.50,23673.10,23679.60,0,
21_05_2026_15_00,23678.80,23691.30,23649.20,23669.40,0,
21_05_2026_15_05,23670.70,23678.20,23649.40,23655.20,0,
21_05_2026_15_10,23654.80,23668.00,23637.10,23639.10,0,
21_05_2026_15_15,23639.60,23649.80,23631.10,23636.60,0,
21_05_2026_15_20,23635.90,23650.70,23633.70,23644.50,0,
21_05_2026_15_25,23644.40,23652.40,23636.10,23648.60,0,
22_05_2026_09_15,23676.50,23710.80,23671.00,23693.50,0,
22_05_2026_09_20,23692.80,23756.70,23692.80,23752.80,0,
22_05_2026_09_25,23753.20,23756.20,23731.20,23738.60,0,
22_05_2026_09_30,23738.60,23764.80,23733.10,23762.80,0,
22_05_2026_09_35,23763.70,23778.60,23749.60,23755.80,0,
22_05_2026_09_40,23755.50,23765.40,23729.60,23752.90,0,
22_05_2026_09_45,23753.30,23761.20,23739.20,23740.80,0,
22_05_2026_09_50,23740.90,23784.80,23740.60,23774.10,0,
22_05_2026_09_55,23774.30,23788.80,23763.80,23779.70,0,
22_05_2026_10_00,23778.60,23781.30,23767.10,23767.30,0,
22_05_2026_10_05,23766.50,23787.50,23759.40,23785.50,0,
22_05_2026_10_10,23785.20,23800.20,23785.20,23791.70,0,
22_05_2026_10_15,23791.70,23795.40,23759.90,23764.10,0,
22_05_2026_10_20,23763.50,23785.40,23762.90,23765.70,0,
22_05_2026_10_25,23765.40,23776.10,23759.70,23761.40,0,
22_05_2026_10_30,23761.30,23786.60,23761.30,23778.20,0,
22_05_2026_10_35,23778.30,23782.60,23765.40,23773.10,0,
22_05_2026_10_40,23773.80,23795.20,23773.80,23792.70,0,
22_05_2026_10_45,23793.00,23797.80,23775.10,23783.90,0,
22_05_2026_10_50,23784.30,23789.60,23775.40,23785.60,0,
22_05_2026_10_55,23785.60,23786.40,23776.40,23780.80,0,
22_05_2026_11_00,23781.20,23782.60,23771.40,23777.60,0,
22_05_2026_11_05,23777.60,23782.50,23769.50,23775.10,0,
22_05_2026_11_10,23774.70,23779.20,23765.90,23771.60,0,
22_05_2026_11_15,23772.40,23774.70,23765.40,23766.60,0,
22_05_2026_11_20,23767.00,23789.30,23756.10,23785.00,0,
22_05_2026_11_25,23785.10,23786.70,23750.70,23758.90,0,
22_05_2026_11_30,23758.20,23767.80,23750.10,23757.50,0,
22_05_2026_11_35,23757.20,23775.20,23756.10,23774.10,0,
22_05_2026_11_40,23774.20,23808.90,23771.90,23808.20,0,
22_05_2026_11_45,23807.70,23828.50,23804.10,23809.20,0,
22_05_2026_11_50,23809.20,23811.20,23801.40,23804.60,0,
22_05_2026_11_55,23804.80,23809.80,23800.70,23804.80,0,
22_05_2026_12_00,23804.90,23808.30,23793.30,23794.90,0,
22_05_2026_12_05,23795.10,23801.10,23789.80,23791.30,0,
22_05_2026_12_10,23790.70,23808.30,23790.40,23798.60,0,
22_05_2026_12_15,23798.40,23802.40,23792.20,23794.30,0,
22_05_2026_12_20,23794.80,23796.80,23775.60,23775.70,0,
22_05_2026_12_25,23776.10,23784.40,23771.40,23774.80,0,
22_05_2026_12_30,23774.80,23776.90,23758.80,23775.10,0,
22_05_2026_12_35,23775.30,23780.20,23769.20,23778.90,0,
22_05_2026_12_40,23779.50,23798.50,23777.30,23792.60,0,
22_05_2026_12_45,23792.90,23816.80,23789.20,23813.00,0,
22_05_2026_12_50,23813.00,23833.70,23813.00,23831.60,0,
22_05_2026_12_55,23831.40,23835.70,23825.00,23827.40,0,
22_05_2026_13_00,23828.20,23833.20,23819.30,23827.90,0,
22_05_2026_13_05,23828.50,23829.00,23812.90,23819.40,0,
22_05_2026_13_10,23819.60,23826.40,23816.90,23819.10,0,
22_05_2026_13_15,23819.30,23822.70,23807.60,23812.10,0,
22_05_2026_13_20,23812.50,23820.70,23804.80,23809.20,0,
22_05_2026_13_25,23808.10,23816.60,23803.60,23809.40,0,
22_05_2026_13_30,23809.10,23818.20,23805.20,23816.20,0,
22_05_2026_13_35,23816.20,23817.10,23805.40,23809.10,0,
22_05_2026_13_40,23809.20,23813.70,23800.80,23801.20,0,
22_05_2026_13_45,23801.20,23822.70,23800.50,23803.90,0,
22_05_2026_13_50,23803.90,23811.30,23796.70,23798.00,0,
22_05_2026_13_55,23796.80,23799.20,23782.50,23792.20,0,
22_05_2026_14_00,23792.20,23795.60,23758.60,23761.80,0,
22_05_2026_14_05,23761.80,23781.50,23744.80,23778.30,0,
22_05_2026_14_10,23778.20,23781.60,23767.20,23778.20,0,
22_05_2026_14_15,23778.20,23781.70,23761.30,23761.40,0,
22_05_2026_14_20,23761.40,23766.50,23748.60,23760.00,0,
22_05_2026_14_25,23759.80,23765.40,23739.10,23739.30,0,
22_05_2026_14_30,23739.40,23752.50,23721.20,23745.20,0,
22_05_2026_14_35,23745.10,23748.20,23720.70,23723.90,0,
22_05_2026_14_40,23723.30,23731.40,23707.40,23709.10,0,
22_05_2026_14_45,23709.40,23733.70,23706.90,23726.00,0,
22_05_2026_14_50,23725.80,23728.70,23717.80,23720.30,0,
22_05_2026_14_55,23720.20,23726.70,23714.60,23724.40,0,
22_05_2026_15_00,23724.70,23727.60,23698.90,23710.90,0,
22_05_2026_15_05,23710.90,23717.30,23704.70,23708.70,0,
22_05_2026_15_10,23708.30,23719.90,23703.20,23718.20,0,
22_05_2026_15_15,23717.70,23730.20,23717.70,23725.30,0,
22_05_2026_15_20,23725.30,23742.10,23721.60,23740.70,0,
22_05_2026_15_25,23741.80,23751.90,23732.20,23748.80,0,
25_05_2026_09_15,23928.20,23984.30,23922.80,23967.60,0,
25_05_2026_09_20,23968.80,23987.30,23958.40,23978.30,0,
25_05_2026_09_25,23979.50,23989.10,23971.20,23981.60,0,
25_05_2026_09_30,23981.90,23984.30,23953.70,23959.20,0,
25_05_2026_09_35,23961.60,23961.70,23938.60,23940.00,0,
25_05_2026_09_40,23943.20,23948.10,23927.80,23947.50,0,
25_05_2026_09_45,23951.40,23951.40,23924.40,23937.80,0,
25_05_2026_09_50,23938.20,23945.20,23928.20,23936.80,0,
25_05_2026_09_55,23938.30,23940.50,23927.90,23937.20,0,
25_05_2026_10_00,23938.80,23946.90,23933.40,23943.20,0,
25_05_2026_10_05,23944.90,23952.80,23940.80,23952.30,0,
25_05_2026_10_10,23954.30,23959.80,23945.20,23952.10,0,
25_05_2026_10_15,23953.80,23977.90,23952.60,23970.60,0,
25_05_2026_10_20,23972.60,23980.90,23965.60,23966.80,0,
25_05_2026_10_25,23967.30,23967.90,23954.40,23958.60,0,
25_05_2026_10_30,23960.90,23973.80,23959.20,23973.30,0,
25_05_2026_10_35,23975.10,23989.20,23972.80,23985.60,0,
25_05_2026_10_40,23986.80,23992.40,23980.90,23987.40,0,
25_05_2026_10_45,23989.00,23995.90,23984.40,23987.20,0,
25_05_2026_10_50,23988.50,23990.20,23976.90,23988.80,0,
25_05_2026_10_55,23989.70,23990.60,23972.70,23978.20,0,
25_05_2026_11_00,23979.60,23982.80,23970.70,23982.80,0,
25_05_2026_11_05,23983.80,23985.90,23975.30,23979.80,0,
25_05_2026_11_10,23980.40,23989.90,23975.10,23987.60,0,
25_05_2026_11_15,23989.00,23989.00,23977.10,23979.30,0,
25_05_2026_11_20,23980.60,23980.60,23971.10,23979.50,0,
25_05_2026_11_25,23980.90,23981.90,23972.70,23977.20,0,
25_05_2026_11_30,23978.40,23978.70,23959.90,23962.40,0,
25_05_2026_11_35,23961.40,23981.40,23960.60,23981.10,0,
25_05_2026_11_40,23981.70,23990.40,23976.70,23980.90,0,
25_05_2026_11_45,23982.20,23987.10,23978.20,23980.70,0,
25_05_2026_11_50,23982.80,23990.10,23979.60,23987.70,0,
25_05_2026_11_55,23989.90,23992.70,23984.80,23986.60,0,
25_05_2026_12_00,23988.20,23988.20,23964.50,23969.80,0,
25_05_2026_12_05,23971.80,23976.40,23960.10,23963.10,0,
25_05_2026_12_10,23964.50,23971.20,23961.70,23963.90,0,
25_05_2026_12_15,23965.80,23968.70,23957.70,23967.90,0,
25_05_2026_12_20,23968.70,23968.70,23958.30,23961.60,0,
25_05_2026_12_25,23963.40,23968.20,23955.90,23956.50,0,
25_05_2026_12_30,23957.80,23962.30,23952.60,23960.40,0,
25_05_2026_12_35,23961.30,23967.10,23959.40,23960.30,0,
25_05_2026_12_40,23960.80,23967.70,23955.40,23958.60,0,
25_05_2026_12_45,23960.10,23960.60,23936.80,23941.80,0,
25_05_2026_12_50,23943.90,23953.90,23935.60,23952.60,0,
25_05_2026_12_55,23952.70,23954.80,23943.10,23954.40,0,
25_05_2026_13_00,23955.60,23977.80,23947.30,23971.80,0,
25_05_2026_13_05,23972.70,23982.30,23969.80,23978.20,0,
25_05_2026_13_10,23979.80,23983.60,23976.40,23977.20,0,
25_05_2026_13_15,23979.10,23983.20,23975.20,23982.60,0,
25_05_2026_13_20,23983.30,23983.90,23977.20,23981.60,0,
25_05_2026_13_25,23983.00,23986.20,23979.90,23984.10,0,
25_05_2026_13_30,23986.60,23991.00,23980.50,23988.10,0,
25_05_2026_13_35,23990.10,23990.10,23977.00,23980.60,0,
25_05_2026_13_40,23981.60,23981.60,23963.80,23963.90,0,
25_05_2026_13_45,23965.70,23975.20,23962.20,23971.30,0,
25_05_2026_13_50,23973.20,23977.40,23970.60,23972.10,0,
25_05_2026_13_55,23973.70,23974.60,23963.70,23965.30,0,
25_05_2026_14_00,23966.90,23978.60,23962.50,23976.70,0,
25_05_2026_14_05,23977.80,23977.80,23960.90,23962.70,0,
25_05_2026_14_10,23964.70,23972.30,23956.70,23958.60,0,
25_05_2026_14_15,23959.90,23965.60,23955.20,23958.00,0,
25_05_2026_14_20,23960.70,23967.80,23959.00,23965.40,0,
25_05_2026_14_25,23967.30,23982.80,23964.30,23978.20,0,
25_05_2026_14_30,23979.00,23988.20,23976.40,23987.20,0,
25_05_2026_14_35,23989.30,24001.60,23983.90,23996.00,0,
25_05_2026_14_40,23997.30,24009.30,23992.10,24007.80,0,
25_05_2026_14_45,24009.60,24029.70,24007.40,24019.20,0,
25_05_2026_14_50,24020.80,24030.40,24018.70,24029.50,0,
25_05_2026_14_55,24030.20,24036.80,24027.10,24035.00,0,
25_05_2026_15_00,24035.80,24038.10,24025.20,24032.60,0,
25_05_2026_15_05,24033.20,24034.20,24021.50,24026.00,0,
25_05_2026_15_10,24026.00,24037.40,24024.20,24035.20,0,
25_05_2026_15_15,24035.80,24037.20,24023.40,24025.60,0,
25_05_2026_15_20,24025.20,24035.20,24021.10,24032.40,0,
25_05_2026_15_25,24031.80,24054.40,24026.10,24049.90,0,
26_05_2026_09_15,23999.40,24020.80,23965.70,24012.60,0,
26_05_2026_09_20,24011.60,24026.40,24011.40,24020.60,0,
26_05_2026_09_25,24020.90,24041.20,24013.80,24034.10,0,
26_05_2026_09_30,24034.40,24041.60,24029.80,24030.20,0,
26_05_2026_09_35,24030.30,24072.70,24018.90,24069.40,0,
26_05_2026_09_40,24069.20,24077.20,24052.90,24062.30,0,
26_05_2026_09_45,24062.40,24065.70,24050.60,24051.80,0,
26_05_2026_09_50,24051.80,24057.50,24035.90,24035.90,0,
26_05_2026_09_55,24034.20,24037.60,24014.60,24028.80,0,
26_05_2026_10_00,24029.80,24054.40,24021.20,24048.80,0,
26_05_2026_10_05,24049.20,24051.70,24032.90,24048.30,0,
26_05_2026_10_10,24048.10,24064.10,24048.10,24063.00,0,
26_05_2026_10_15,24063.10,24065.70,24050.40,24052.90,0,
26_05_2026_10_20,24052.90,24072.70,24045.20,24071.80,0,
26_05_2026_10_25,24072.00,24076.20,24069.40,24071.40,0,
26_05_2026_10_30,24070.00,24079.20,24066.80,24078.30,0,
26_05_2026_10_35,24078.70,24089.80,24077.20,24085.00,0,
26_05_2026_10_40,24084.80,24086.10,24071.60,24073.20,0,
26_05_2026_10_45,24073.90,24076.70,24067.70,24070.20,0,
26_05_2026_10_50,24070.00,24082.70,24065.30,24078.10,0,
26_05_2026_10_55,24077.40,24081.40,24071.30,24071.80,0,
26_05_2026_11_00,24070.70,24082.70,24070.70,24075.80,0,
26_05_2026_11_05,24075.30,24077.70,24065.40,24074.90,0,
26_05_2026_11_10,24074.80,24078.80,24067.40,24069.30,0,
26_05_2026_11_15,24068.80,24070.30,24055.10,24067.80,0,
26_05_2026_11_20,24068.00,24070.80,24048.90,24050.60,0,
26_05_2026_11_25,24050.70,24061.20,24044.80,24044.80,0,
26_05_2026_11_30,24044.90,24049.30,24026.20,24047.30,0,
26_05_2026_11_35,24047.40,24070.80,24047.40,24069.90,0,
26_05_2026_11_40,24070.20,24071.90,24060.40,24063.20,0,
26_05_2026_11_45,24062.30,24066.90,24052.20,24057.90,0,
26_05_2026_11_50,24058.10,24060.90,24051.90,24055.40,0,
26_05_2026_11_55,24055.90,24061.60,24032.60,24039.90,0,
26_05_2026_12_00,24040.20,24043.10,24018.50,24037.00,0,
26_05_2026_12_05,24037.20,24043.70,24028.10,24029.00,0,
26_05_2026_12_10,24028.90,24033.80,24019.80,24022.10,0,
26_05_2026_12_15,24022.30,24037.40,24019.00,24033.90,0,
26_05_2026_12_20,24033.90,24040.80,24028.10,24029.10,0,
26_05_2026_12_25,24029.10,24032.10,24017.40,24021.90,0,
26_05_2026_12_30,24021.80,24036.40,24020.10,24022.80,0,
26_05_2026_12_35,24021.90,24026.30,24013.60,24021.80,0,
26_05_2026_12_40,24022.70,24025.30,24006.10,24010.20,0,
26_05_2026_12_45,24010.00,24012.30,23985.30,23997.60,0,
26_05_2026_12_50,23997.70,23999.90,23971.60,23997.50,0,
26_05_2026_12_55,23997.00,24002.00,23987.70,23998.60,0,
26_05_2026_13_00,23998.70,24001.90,23966.20,23971.20,0,
26_05_2026_13_05,23971.30,23981.10,23968.20,23972.40,0,
26_05_2026_13_10,23973.20,23984.80,23970.10,23974.30,0,
26_05_2026_13_15,23974.90,23982.70,23958.60,23982.10,0,
26_05_2026_13_20,23981.40,23988.20,23974.40,23976.10,0,
26_05_2026_13_25,23974.80,23991.20,23971.60,23987.50,0,
26_05_2026_13_30,23987.40,23999.20,23978.10,23982.40,0,
26_05_2026_13_35,23982.10,23985.70,23972.20,23974.60,0,
26_05_2026_13_40,23974.60,23980.80,23957.40,23958.50,0,
26_05_2026_13_45,23957.20,23970.10,23954.90,23961.40,0,
26_05_2026_13_50,23961.40,23963.00,23939.20,23949.60,0,
26_05_2026_13_55,23949.80,23953.20,23934.10,23937.20,0,
26_05_2026_14_00,23937.30,23938.80,23911.20,23917.10,0,
26_05_2026_14_05,23916.50,23940.10,23911.40,23925.90,0,
26_05_2026_14_10,23926.40,23927.60,23909.80,23924.20,0,
26_05_2026_14_15,23924.20,23927.70,23914.40,23924.40,0,
26_05_2026_14_20,23925.20,23937.30,23921.20,23934.70,0,
26_05_2026_14_25,23934.40,23940.70,23907.10,23922.60,0,
26_05_2026_14_30,23923.00,23934.00,23918.30,23924.20,0,
26_05_2026_14_35,23924.00,23927.70,23898.30,23904.80,0,
26_05_2026_14_40,23904.70,23907.20,23895.30,23898.20,0,
26_05_2026_14_45,23898.10,23903.00,23893.20,23896.20,0,
26_05_2026_14_50,23895.90,23899.10,23885.40,23889.40,0,
26_05_2026_14_55,23888.90,23918.80,23887.80,23913.10,0,
26_05_2026_15_00,23913.50,23923.20,23896.40,23909.80,0,
26_05_2026_15_05,23907.60,23931.10,23897.10,23928.70,0,
26_05_2026_15_10,23925.80,23929.70,23903.60,23908.80,0,
26_05_2026_15_15,23907.70,23917.20,23907.20,23911.10,0,
26_05_2026_15_20,23911.70,23920.10,23910.40,23918.00,0,
26_05_2026_15_25,23917.30,23940.10,23913.60,23933.80,0,
27_05_2026_09_15,23896.30,23937.80,23869.70,23926.00,0,
27_05_2026_09_20,23928.60,23950.20,23920.50,23933.70,0,
27_05_2026_09_25,23933.90,23934.40,23896.40,23903.90,0,
27_05_2026_09_30,23899.90,23901.60,23869.80,23883.10,0,
27_05_2026_09_35,23883.90,23896.80,23874.90,23885.20,0,
27_05_2026_09_40,23886.20,23919.10,23884.80,23908.60,0,
27_05_2026_09_45,23909.70,23909.70,23871.30,23890.40,0,
27_05_2026_09_50,23891.80,23895.70,23878.80,23883.90,0,
27_05_2026_09_55,23885.80,23894.40,23873.90,23874.80,0,
27_05_2026_10_00,23875.40,23912.90,23868.50,23912.90,0,
27_05_2026_10_05,23912.10,23941.10,23908.10,23933.80,0,
27_05_2026_10_10,23933.60,23946.40,23927.30,23942.80,0,
27_05_2026_10_15,23943.30,23955.60,23934.70,23951.90,0,
27_05_2026_10_20,23953.10,23959.10,23942.40,23953.70,0,
27_05_2026_10_25,23954.30,23971.00,23952.90,23963.40,0,
27_05_2026_10_30,23964.80,23965.10,23947.40,23958.10,0,
27_05_2026_10_35,23959.10,23971.10,23952.20,23953.80,0,
27_05_2026_10_40,23956.00,23959.50,23934.40,23936.20,0,
27_05_2026_10_45,23937.20,23942.40,23918.90,23941.80,0,
27_05_2026_10_50,23943.20,23967.70,23937.70,23966.90,0,
27_05_2026_10_55,23968.00,23976.40,23958.90,23966.90,0,
27_05_2026_11_00,23968.20,23968.20,23950.70,23954.40,0,
27_05_2026_11_05,23954.80,23973.20,23952.30,23965.60,0,
27_05_2026_11_10,23966.50,23968.60,23955.10,23961.90,0,
27_05_2026_11_15,23962.20,23976.40,23959.00,23972.50,0,
27_05_2026_11_20,23972.40,23981.20,23970.20,23973.50,0,
27_05_2026_11_25,23973.20,23977.30,23967.00,23974.70,0,
27_05_2026_11_30,23974.80,23983.20,23969.30,23970.60,0,
27_05_2026_11_35,23971.10,23972.30,23947.00,23949.80,0,
27_05_2026_11_40,23950.20,23967.70,23950.20,23953.50,0,
27_05_2026_11_45,23954.30,23963.60,23945.90,23947.30,0,
27_05_2026_11_50,23948.10,23951.10,23937.10,23939.20,0,
27_05_2026_11_55,23939.40,23950.20,23928.80,23933.50,0,
27_05_2026_12_00,23933.50,23941.80,23918.30,23928.10,0,
27_05_2026_12_05,23928.50,23933.30,23919.80,23929.60,0,
27_05_2026_12_10,23929.30,23934.20,23920.20,23922.60,0,
27_05_2026_12_15,23921.90,23939.00,23921.80,23936.80,0,
27_05_2026_12_20,23936.70,23940.80,23928.90,23931.70,0,
27_05_2026_12_25,23931.20,23935.00,23905.20,23906.30,0,
27_05_2026_12_30,23905.10,23918.10,23902.40,23914.40,0,
27_05_2026_12_35,23914.30,23938.00,23911.70,23929.20,0,
27_05_2026_12_40,23929.80,23938.30,23925.90,23936.10,0,
27_05_2026_12_45,23935.80,23936.30,23925.20,23930.50,0,
27_05_2026_12_50,23930.20,23931.80,23911.80,23911.80,0,
27_05_2026_12_55,23912.50,23920.30,23904.10,23905.60,0,
27_05_2026_13_00,23905.40,23916.30,23895.00,23914.30,0,
27_05_2026_13_05,23913.90,23923.40,23902.70,23902.80,0,
27_05_2026_13_10,23902.20,23918.60,23895.60,23897.20,0,
27_05_2026_13_15,23898.30,23898.70,23888.40,23888.40,0,
27_05_2026_13_20,23888.40,23900.50,23884.20,23899.80,0,
27_05_2026_13_25,23898.30,23905.30,23888.30,23892.10,0,
27_05_2026_13_30,23891.40,23902.30,23890.90,23900.40,0,
27_05_2026_13_35,23900.40,23913.30,23899.60,23910.40,0,
27_05_2026_13_40,23910.60,23915.20,23890.20,23891.20,0,
27_05_2026_13_45,23889.90,23901.20,23882.10,23893.20,0,
27_05_2026_13_50,23893.20,23913.30,23890.10,23911.30,0,
27_05_2026_13_55,23911.30,23916.30,23906.90,23912.30,0,
27_05_2026_14_00,23911.90,23924.10,23911.80,23917.90,0,
27_05_2026_14_05,23917.70,23922.30,23912.90,23914.30,0,
27_05_2026_14_10,23913.80,23915.50,23894.40,23895.90,0,
27_05_2026_14_15,23895.60,23908.10,23891.80,23902.20,0,
27_05_2026_14_20,23901.20,23922.20,23899.00,23920.20,0,
27_05_2026_14_25,23920.40,23921.20,23884.50,23890.20,0,
27_05_2026_14_30,23887.60,23890.20,23870.70,23873.90,0,
27_05_2026_14_35,23873.70,23886.50,23858.20,23881.40,0,
27_05_2026_14_40,23881.30,23887.30,23868.80,23875.40,0,
27_05_2026_14_45,23874.50,23879.60,23866.90,23878.90,0,
27_05_2026_14_50,23879.10,23886.00,23870.40,23881.30,0,
27_05_2026_14_55,23882.20,23901.10,23881.20,23896.80,0,
27_05_2026_15_00,23896.90,23897.40,23879.20,23888.20,0,
27_05_2026_15_05,23888.40,23901.80,23880.70,23900.40,0,
27_05_2026_15_10,23900.60,23906.40,23892.10,23903.80,0,
27_05_2026_15_15,23903.60,23926.80,23902.50,23919.80,0,
27_05_2026_15_20,23920.20,23926.60,23914.30,23916.40,0,
27_05_2026_15_25,23916.20,23926.70,23914.60,23920.70,0,
29_05_2026_09_15,23903.40,24002.80,23902.00,23963.30,0,
29_05_2026_09_20,23962.10,23976.20,23932.40,23933.10,0,
29_05_2026_09_25,23932.30,23938.30,23889.20,23893.40,0,
29_05_2026_09_30,23892.20,23915.60,23885.40,23898.10,0,
29_05_2026_09_35,23898.70,23933.80,23898.30,23922.70,0,
29_05_2026_09_40,23923.40,23933.00,23872.60,23875.80,0,
29_05_2026_09_45,23875.80,23913.60,23871.10,23912.00,0,
29_05_2026_09_50,23911.20,23922.80,23903.10,23904.10,0,
29_05_2026_09_55,23903.80,23907.70,23887.40,23907.40,0,
29_05_2026_10_00,23907.40,23931.30,23894.80,23928.40,0,
29_05_2026_10_05,23928.20,23954.50,23928.10,23943.20,0,
29_05_2026_10_10,23942.50,23950.20,23933.40,23945.70,0,
29_05_2026_10_15,23946.10,23951.90,23931.40,23933.90,0,
29_05_2026_10_20,23934.40,23947.30,23929.60,23936.90,0,
29_05_2026_10_25,23936.90,23941.60,23908.90,23911.70,0,
29_05_2026_10_30,23911.20,23920.70,23902.40,23918.90,0,
29_05_2026_10_35,23918.70,23929.70,23916.40,23916.60,0,
29_05_2026_10_40,23915.20,23921.00,23900.40,23900.70,0,
29_05_2026_10_45,23900.90,23901.20,23889.30,23896.20,0,
29_05_2026_10_50,23896.00,23896.30,23877.70,23883.40,0,
29_05_2026_10_55,23884.40,23907.80,23879.70,23903.10,0,
29_05_2026_11_00,23902.80,23911.20,23898.70,23908.80,0,
29_05_2026_11_05,23908.80,23911.60,23904.80,23908.30,0,
29_05_2026_11_10,23907.90,23912.70,23892.80,23896.80,0,
29_05_2026_11_15,23897.20,23910.20,23895.20,23903.90,0,
29_05_2026_11_20,23903.60,23905.20,23895.20,23902.90,0,
29_05_2026_11_25,23902.90,23903.60,23888.90,23889.60,0,
29_05_2026_11_30,23889.20,23893.60,23875.40,23876.80,0,
29_05_2026_11_35,23877.30,23894.50,23875.30,23886.80,0,
29_05_2026_11_40,23886.10,23888.90,23876.20,23885.90,0,
29_05_2026_11_45,23885.60,23897.00,23883.30,23892.90,0,
29_05_2026_11_50,23892.60,23914.00,23891.80,23907.80,0,
29_05_2026_11_55,23908.00,23908.20,23888.10,23890.80,0,
29_05_2026_12_00,23890.30,23891.70,23865.20,23870.50,0,
29_05_2026_12_05,23870.30,23874.60,23865.80,23867.40,0,
29_05_2026_12_10,23866.80,23867.10,23825.30,23835.70,0,
29_05_2026_12_15,23835.90,23841.20,23815.10,23839.00,0,
29_05_2026_12_20,23838.60,23850.50,23833.20,23849.10,0,
29_05_2026_12_25,23849.10,23857.80,23848.10,23855.80,0,
29_05_2026_12_30,23856.20,23858.20,23844.90,23845.60,0,
29_05_2026_12_35,23846.20,23859.10,23840.90,23856.80,0,
29_05_2026_12_40,23856.20,23857.50,23846.30,23849.90,0,
29_05_2026_12_45,23849.80,23855.20,23844.50,23851.20,0,
29_05_2026_12_50,23850.70,23851.90,23837.50,23838.60,0,
29_05_2026_12_55,23837.30,23839.40,23821.90,23837.60,0,
29_05_2026_13_00,23837.10,23838.30,23817.40,23818.20,0,
29_05_2026_13_05,23818.30,23818.40,23798.40,23798.40,0,
29_05_2026_13_10,23798.40,23802.80,23769.20,23769.20,0,
29_05_2026_13_15,23769.70,23789.50,23759.60,23780.70,0,
29_05_2026_13_20,23780.40,23782.70,23760.80,23772.50,0,
29_05_2026_13_25,23772.60,23781.10,23765.50,23775.60,0,
29_05_2026_13_30,23775.30,23786.10,23771.90,23772.80,0,
29_05_2026_13_35,23773.10,23779.40,23765.90,23769.40,0,
29_05_2026_13_40,23769.30,23780.30,23767.20,23773.40,0,
29_05_2026_13_45,23773.20,23775.10,23751.70,23754.10,0,
29_05_2026_13_50,23753.90,23762.90,23739.70,23746.10,0,
29_05_2026_13_55,23746.30,23765.30,23743.60,23757.70,0,
29_05_2026_14_00,23758.10,23759.50,23742.50,23747.20,0,
29_05_2026_14_05,23747.50,23751.90,23731.20,23744.20,0,
29_05_2026_14_10,23744.60,23751.40,23742.00,23744.40,0,
29_05_2026_14_15,23743.80,23747.80,23734.60,23736.80,0,
29_05_2026_14_20,23736.00,23753.20,23731.60,23749.30,0,
29_05_2026_14_25,23749.20,23762.20,23742.80,23760.10,0,
29_05_2026_14_30,23759.60,23802.10,23759.60,23792.60,0,
29_05_2026_14_35,23792.70,23800.10,23782.30,23789.60,0,
29_05_2026_14_40,23789.20,23795.10,23781.20,23786.10,0,
29_05_2026_14_45,23786.80,23795.30,23778.10,23785.40,0,
29_05_2026_14_50,23785.80,23787.90,23768.30,23776.60,0,
29_05_2026_14_55,23775.70,23787.20,23752.20,23773.30,0,
29_05_2026_15_00,23773.30,23773.30,23566.10,23569.40,0,
29_05_2026_15_05,23570.60,23571.20,23511.10,23512.80,0,
29_05_2026_15_10,23512.80,23529.30,23505.60,23528.70,0,
29_05_2026_15_15,23527.20,23560.80,23525.40,23538.30,0,
29_05_2026_15_20,23539.70,23540.80,23486.80,23490.50,0,
29_05_2026_15_25,23490.80,23618.00,23484.80,23609.30,0,
01_06_2026_09_15,23664.20,23733.70,23614.50,23633.00,0,
01_06_2026_09_20,23633.40,23646.10,23588.60,23598.90,0,
01_06_2026_09_25,23597.90,23612.40,23587.80,23592.90,0,
01_06_2026_09_30,23591.90,23618.70,23587.70,23609.60,0,
01_06_2026_09_35,23609.70,23611.10,23565.80,23608.80,0,
01_06_2026_09_40,23608.40,23623.80,23572.30,23576.70,0,
01_06_2026_09_45,23575.30,23594.50,23567.40,23580.20,0,
01_06_2026_09_50,23579.10,23595.40,23572.10,23585.60,0,
01_06_2026_09_55,23584.90,23588.80,23556.80,23561.80,0,
01_06_2026_10_00,23561.10,23567.60,23537.00,23538.70,0,
01_06_2026_10_05,23539.30,23569.90,23537.90,23569.80,0,
01_06_2026_10_10,23569.20,23572.30,23553.20,23553.20,0,
01_06_2026_10_15,23552.70,23564.10,23539.10,23558.70,0,
01_06_2026_10_20,23558.20,23566.40,23548.90,23549.60,0,
01_06_2026_10_25,23549.20,23561.20,23536.80,23539.80,0,
01_06_2026_10_30,23539.30,23550.20,23517.70,23530.00,0,
01_06_2026_10_35,23529.20,23553.90,23518.80,23543.10,0,
01_06_2026_10_40,23542.30,23555.20,23535.80,23538.20,0,
01_06_2026_10_45,23538.20,23578.60,23537.00,23570.70,0,
01_06_2026_10_50,23570.20,23593.80,23564.80,23593.70,0,
01_06_2026_10_55,23592.40,23597.20,23567.70,23569.80,0,
01_06_2026_11_00,23569.90,23596.20,23569.90,23593.20,0,
01_06_2026_11_05,23592.20,23613.40,23586.20,23610.10,0,
01_06_2026_11_10,23609.40,23615.50,23601.20,23606.20,0,
01_06_2026_11_15,23605.40,23619.20,23597.40,23607.90,0,
01_06_2026_11_20,23607.10,23607.60,23580.80,23581.10,0,
01_06_2026_11_25,23580.30,23584.00,23558.40,23559.20,0,
01_06_2026_11_30,23558.60,23561.80,23539.00,23545.00,0,
01_06_2026_11_35,23544.80,23570.10,23542.80,23567.50,0,
01_06_2026_11_40,23567.30,23568.80,23548.90,23550.00,0,
01_06_2026_11_45,23549.80,23555.80,23534.70,23554.30,0,
01_06_2026_11_50,23553.40,23562.20,23548.70,23554.80,0,
01_06_2026_11_55,23554.80,23555.20,23491.80,23493.80,0,
01_06_2026_12_00,23493.70,23504.90,23486.00,23499.20,0,
01_06_2026_12_05,23498.30,23520.20,23498.30,23506.10,0,
01_06_2026_12_10,23506.90,23533.30,23499.80,23530.00,0,
01_06_2026_12_15,23529.30,23533.20,23514.70,23528.80,0,
01_06_2026_12_20,23527.80,23530.80,23510.70,23518.80,0,
01_06_2026_12_25,23518.10,23525.40,23514.40,23516.90,0,
01_06_2026_12_30,23516.40,23522.70,23509.10,23513.40,0,
01_06_2026_12_35,23512.90,23526.00,23511.10,23514.70,0,
01_06_2026_12_40,23514.30,23515.90,23502.90,23515.80,0,
01_06_2026_12_45,23515.10,23536.90,23514.10,23532.80,0,
01_06_2026_12_50,23532.30,23535.80,23522.10,23528.20,0,
01_06_2026_12_55,23528.00,23531.40,23499.20,23513.40,0,
01_06_2026_13_00,23513.10,23520.80,23491.80,23496.50,0,
01_06_2026_13_05,23495.70,23501.40,23473.50,23478.70,0,
01_06_2026_13_10,23477.30,23479.10,23453.20,23460.70,0,
01_06_2026_13_15,23459.90,23478.30,23458.20,23474.20,0,
01_06_2026_13_20,23473.10,23479.10,23467.60,23469.00,0,
01_06_2026_13_25,23469.00,23486.40,23464.20,23483.50,0,
01_06_2026_13_30,23482.30,23500.40,23476.00,23485.70,0,
01_06_2026_13_35,23484.90,23492.30,23475.20,23488.20,0,
01_06_2026_13_40,23487.30,23491.10,23477.20,23482.90,0,
01_06_2026_13_45,23481.80,23483.60,23457.60,23462.10,0,
01_06_2026_13_50,23461.90,23465.40,23447.70,23452.90,0,
01_06_2026_13_55,23452.70,23464.20,23450.50,23456.10,0,
01_06_2026_14_00,23456.30,23459.60,23429.10,23442.70,0,
01_06_2026_14_05,23442.90,23445.20,23423.50,23425.10,0,
01_06_2026_14_10,23425.60,23434.20,23413.00,23416.90,0,
01_06_2026_14_15,23417.10,23428.30,23401.60,23425.10,0,
01_06_2026_14_20,23422.60,23422.80,23390.80,23393.10,0,
01_06_2026_14_25,23392.40,23407.20,23389.60,23395.00,0,
01_06_2026_14_30,23394.10,23406.10,23379.90,23394.60,0,
01_06_2026_14_35,23394.80,23421.80,23394.80,23419.90,0,
01_06_2026_14_40,23419.80,23422.70,23411.60,23417.30,0,
01_06_2026_14_45,23416.80,23427.30,23392.90,23403.40,0,
01_06_2026_14_50,23403.90,23405.30,23371.60,23381.30,0,
01_06_2026_14_55,23381.30,23383.40,23360.20,23373.70,0,
01_06_2026_15_00,23373.90,23393.20,23357.90,23391.70,0,
01_06_2026_15_05,23392.50,23410.90,23376.40,23404.30,0,
01_06_2026_15_10,23406.10,23412.10,23388.10,23389.20,0,
01_06_2026_15_15,23389.40,23402.80,23375.60,23376.80,0,
01_06_2026_15_20,23378.20,23382.20,23362.80,23370.90,0,
01_06_2026_15_25,23371.30,23389.20,23365.80,23379.20,0,
02_06_2026_09_15,23263.40,23287.40,23233.40,23286.50,0,
02_06_2026_09_20,23286.50,23290.90,23261.70,23281.60,0,
02_06_2026_09_25,23281.50,23297.80,23270.80,23282.10,0,
02_06_2026_09_30,23281.30,23288.20,23261.20,23283.70,0,
02_06_2026_09_35,23282.80,23304.50,23281.30,23295.70,0,
02_06_2026_09_40,23295.10,23307.20,23268.30,23301.90,0,
02_06_2026_09_45,23301.70,23304.90,23270.90,23283.30,0,
02_06_2026_09_50,23283.00,23313.60,23277.70,23309.80,0,
02_06_2026_09_55,23309.60,23322.80,23298.90,23316.20,0,
02_06_2026_10_00,23317.00,23320.90,23306.30,23318.60,0,
02_06_2026_10_05,23318.40,23325.20,23291.10,23295.40,0,
02_06_2026_10_10,23295.90,23298.00,23280.90,23281.40,0,
02_06_2026_10_15,23281.90,23309.50,23265.70,23308.40,0,
02_06_2026_10_20,23308.70,23361.40,23305.70,23349.80,0,
02_06_2026_10_25,23349.20,23375.90,23344.80,23371.00,0,
02_06_2026_10_30,23371.20,23373.20,23334.80,23343.80,0,
02_06_2026_10_35,23343.60,23353.80,23327.80,23351.20,0,
02_06_2026_10_40,23350.30,23358.80,23344.90,23352.30,0,
02_06_2026_10_45,23350.40,23352.20,23327.80,23330.70,0,
02_06_2026_10_50,23330.80,23337.60,23298.20,23302.60,0,
02_06_2026_10_55,23301.70,23308.90,23281.60,23301.20,0,
02_06_2026_11_00,23300.60,23310.80,23293.90,23298.80,0,
02_06_2026_11_05,23299.40,23308.80,23293.10,23293.30,0,
02_06_2026_11_10,23293.40,23314.70,23293.00,23309.70,0,
02_06_2026_11_15,23309.40,23313.20,23295.80,23309.40,0,
02_06_2026_11_20,23309.40,23363.90,23309.40,23361.30,0,
02_06_2026_11_25,23361.20,23362.80,23328.20,23340.40,0,
02_06_2026_11_30,23340.20,23344.50,23329.80,23334.60,0,
02_06_2026_11_35,23333.40,23335.60,23290.70,23292.30,0,
02_06_2026_11_40,23292.00,23315.70,23290.50,23298.30,0,
02_06_2026_11_45,23298.30,23307.10,23291.20,23302.80,0,
02_06_2026_11_50,23302.80,23310.70,23299.80,23300.30,0,
02_06_2026_11_55,23300.30,23304.90,23280.80,23284.10,0,
02_06_2026_12_00,23283.40,23300.70,23276.60,23287.70,0,
02_06_2026_12_05,23287.40,23304.40,23278.20,23302.60,0,
02_06_2026_12_10,23301.80,23302.70,23276.60,23279.30,0,
02_06_2026_12_15,23279.70,23296.60,23278.60,23287.80,0,
02_06_2026_12_20,23287.90,23294.40,23283.70,23286.70,0,
02_06_2026_12_25,23286.80,23297.30,23270.90,23274.80,0,
02_06_2026_12_30,23274.80,23350.00,23271.40,23332.00,0,
02_06_2026_12_35,23331.20,23343.30,23319.40,23337.80,0,
02_06_2026_12_40,23338.00,23374.60,23335.90,23371.30,0,
02_06_2026_12_45,23371.40,23434.50,23370.60,23426.20,0,
02_06_2026_12_50,23425.10,23449.80,23419.20,23434.30,0,
02_06_2026_12_55,23432.90,23470.80,23429.60,23456.90,0,
02_06_2026_13_00,23458.80,23459.80,23438.40,23452.60,0,
02_06_2026_13_05,23452.40,23470.40,23448.10,23457.40,0,
02_06_2026_13_10,23457.20,23499.20,23451.80,23474.20,0,
02_06_2026_13_15,23474.20,23483.60,23466.10,23467.10,0,
02_06_2026_13_20,23466.90,23486.90,23456.80,23486.90,0,
02_06_2026_13_25,23487.20,23503.70,23479.80,23502.90,0,
02_06_2026_13_30,23502.70,23535.10,23502.70,23529.80,0,
02_06_2026_13_35,23529.60,23531.10,23502.30,23507.50,0,
02_06_2026_13_40,23507.80,23510.90,23492.60,23500.50,0,
02_06_2026_13_45,23500.70,23523.80,23500.20,23520.60,0,
02_06_2026_13_50,23520.80,23530.10,23506.40,23517.80,0,
02_06_2026_13_55,23517.80,23522.60,23504.90,23515.20,0,
02_06_2026_14_00,23514.30,23528.20,23512.40,23527.80,0,
02_06_2026_14_05,23527.80,23546.20,23523.10,23544.70,0,
02_06_2026_14_10,23544.50,23546.80,23534.00,23539.70,0,
02_06_2026_14_15,23540.10,23545.20,23512.20,23514.60,0,
02_06_2026_14_20,23514.20,23556.90,23510.40,23541.10,0,
02_06_2026_14_25,23541.70,23543.80,23514.80,23516.80,0,
02_06_2026_14_30,23517.00,23535.30,23508.30,23527.70,0,
02_06_2026_14_35,23527.30,23529.60,23478.40,23478.40,0,
02_06_2026_14_40,23478.30,23480.30,23443.90,23452.30,0,
02_06_2026_14_45,23452.60,23466.10,23432.80,23464.60,0,
02_06_2026_14_50,23465.30,23480.30,23458.20,23469.10,0,
02_06_2026_14_55,23469.30,23470.30,23440.70,23441.60,0,
02_06_2026_15_00,23443.60,23468.20,23422.70,23464.20,0,
02_06_2026_15_05,23464.10,23492.20,23463.80,23486.90,0,
02_06_2026_15_10,23487.30,23500.20,23483.10,23489.80,0,
02_06_2026_15_15,23490.40,23520.30,23488.60,23510.80,0,
02_06_2026_15_20,23511.40,23514.40,23499.60,23511.80,0,
02_06_2026_15_25,23512.10,23525.70,23500.80,23523.30,0,
03_06_2026_09_15,23415.90,23447.70,23288.20,23299.30,0,
03_06_2026_09_20,23299.90,23311.80,23285.90,23304.20,0,
03_06_2026_09_25,23305.80,23307.80,23265.20,23292.70,0,
03_06_2026_09_30,23293.50,23299.80,23247.00,23248.40,0,
03_06_2026_09_35,23248.80,23279.80,23244.40,23270.90,0,
03_06_2026_09_40,23272.40,23277.60,23255.20,23268.90,0,
03_06_2026_09_45,23269.10,23280.90,23259.30,23274.60,0,
03_06_2026_09_50,23275.20,23299.60,23242.20,23244.00,0,
03_06_2026_09_55,23245.00,23268.80,23225.50,23252.70,0,
03_06_2026_10_00,23253.20,23281.20,23246.70,23281.20,0,
03_06_2026_10_05,23281.60,23287.40,23257.40,23258.00,0,
03_06_2026_10_10,23256.30,23257.50,23232.80,23240.50,0,
03_06_2026_10_15,23240.40,23269.80,23228.90,23265.20,0,
03_06_2026_10_20,23265.90,23283.20,23260.90,23261.40,0,
03_06_2026_10_25,23261.80,23272.20,23240.20,23246.30,0,
03_06_2026_10_30,23247.00,23255.30,23212.10,23215.00,0,
03_06_2026_10_35,23216.10,23240.70,23213.70,23232.80,0,
03_06_2026_10_40,23233.30,23245.00,23225.20,23227.20,0,
03_06_2026_10_45,23227.60,23241.60,23217.10,23241.20,0,
03_06_2026_10_50,23242.20,23243.30,23228.60,23242.90,0,
03_06_2026_10_55,23243.70,23244.20,23218.20,23226.10,0,
03_06_2026_11_00,23227.20,23233.00,23211.50,23219.20,0,
03_06_2026_11_05,23219.50,23220.20,23194.80,23195.40,0,
03_06_2026_11_10,23195.90,23211.20,23195.90,23202.80,0,
03_06_2026_11_15,23203.60,23227.20,23198.80,23220.10,0,
03_06_2026_11_20,23220.40,23244.80,23214.40,23224.80,0,
03_06_2026_11_25,23225.70,23236.20,23208.20,23215.80,0,
03_06_2026_11_30,23216.90,23234.80,23211.10,23221.70,0,
03_06_2026_11_35,23222.80,23223.90,23202.80,23211.50,0,
03_06_2026_11_40,23212.60,23222.10,23202.60,23214.20,0,
03_06_2026_11_45,23215.10,23224.20,23213.70,23217.60,0,
03_06_2026_11_50,23217.50,23225.90,23206.70,23219.40,0,
03_06_2026_11_55,23220.10,23220.10,23191.40,23192.20,0,
03_06_2026_12_00,23193.20,23202.80,23151.50,23170.40,0,
03_06_2026_12_05,23172.00,23186.80,23168.60,23184.30,0,
03_06_2026_12_10,23185.00,23188.80,23171.80,23180.70,0,
03_06_2026_12_15,23181.20,23187.60,23176.60,23184.90,0,
03_06_2026_12_20,23185.20,23201.30,23181.90,23187.90,0,
03_06_2026_12_25,23188.10,23241.70,23185.20,23235.40,0,
03_06_2026_12_30,23236.30,23290.80,23236.20,23289.90,0,
03_06_2026_12_35,23290.60,23335.90,23283.80,23324.50,0,
03_06_2026_12_40,23325.80,23347.60,23320.70,23323.00,0,
03_06_2026_12_45,23325.20,23331.60,23291.80,23300.40,0,
03_06_2026_12_50,23301.20,23315.20,23274.60,23275.20,0,
03_06_2026_12_55,23275.70,23298.80,23271.90,23283.30,0,
03_06_2026_13_00,23284.20,23305.90,23279.90,23292.20,0,
03_06_2026_13_05,23293.30,23296.80,23275.10,23286.90,0,
03_06_2026_13_10,23287.00,23298.30,23275.70,23298.30,0,
03_06_2026_13_15,23302.90,23326.30,23300.30,23307.80,0,
03_06_2026_13_20,23309.90,23345.20,23308.70,23338.10,0,
03_06_2026_13_25,23339.10,23349.80,23335.00,23345.00,0,
03_06_2026_13_30,23345.90,23351.50,23323.10,23344.60,0,
03_06_2026_13_35,23344.70,23348.50,23333.70,23336.10,0,
03_06_2026_13_40,23336.80,23352.80,23316.40,23320.60,0,
03_06_2026_13_45,23322.20,23427.10,23321.30,23392.60,0,
03_06_2026_13_50,23393.00,23397.80,23360.30,23375.80,0,
03_06_2026_13_55,23376.80,23377.10,23346.80,23361.10,0,
03_06_2026_14_00,23363.60,23395.30,23363.10,23394.90,0,
03_06_2026_14_05,23394.90,23404.10,23375.30,23383.30,0,
03_06_2026_14_10,23384.60,23391.60,23371.20,23388.20,0,
03_06_2026_14_15,23388.30,23415.70,23387.50,23406.10,0,
03_06_2026_14_20,23407.70,23439.50,23397.30,23433.70,0,
03_06_2026_14_25,23434.70,23435.60,23400.80,23406.80,0,
03_06_2026_14_30,23408.40,23433.40,23405.20,23424.50,0,
03_06_2026_14_35,23426.50,23429.10,23400.60,23424.40,0,
03_06_2026_14_40,23425.70,23445.20,23423.70,23439.80,0,
03_06_2026_14_45,23440.10,23444.70,23425.80,23435.10,0,
03_06_2026_14_50,23435.90,23459.60,23428.90,23450.30,0,
03_06_2026_14_55,23452.20,23452.90,23427.10,23442.90,0,
03_06_2026_15_00,23443.80,23459.70,23392.40,23431.20,0,
03_06_2026_15_05,23431.60,23447.10,23382.60,23389.40,0,
03_06_2026_15_10,23391.10,23396.60,23373.90,23395.80,0,
03_06_2026_15_15,23396.10,23411.30,23394.10,23402.30,0,
03_06_2026_15_20,23402.50,23408.90,23398.70,23400.20,0,
03_06_2026_15_25,23400.90,23409.30,23389.00,23396.90,0,
04_06_2026_09_15,23287.70,23362.80,23247.30,23345.90,0,
04_06_2026_09_20,23344.50,23357.80,23318.20,23340.40,0,
04_06_2026_09_25,23339.60,23356.80,23329.80,23334.80,0,
04_06_2026_09_30,23334.80,23339.30,23304.30,23330.90,0,
04_06_2026_09_35,23331.50,23366.70,23320.80,23321.40,0,
04_06_2026_09_40,23321.80,23356.90,23307.80,23355.30,0,
04_06_2026_09_45,23355.50,23395.00,23355.50,23388.30,0,
04_06_2026_09_50,23386.90,23394.50,23375.30,23394.30,0,
04_06_2026_09_55,23393.80,23443.30,23388.30,23407.80,0,
04_06_2026_10_00,23407.30,23430.70,23398.90,23420.80,0,
04_06_2026_10_05,23421.20,23442.30,23420.70,23433.80,0,
04_06_2026_10_10,23432.20,23443.70,23426.80,23431.30,0,
04_06_2026_10_15,23431.90,23449.50,23417.10,23442.80,0,
04_06_2026_10_20,23443.20,23449.70,23434.20,23447.60,0,
04_06_2026_10_25,23447.20,23450.10,23422.60,23423.50,0,
04_06_2026_10_30,23423.00,23426.60,23387.40,23388.00,0,
04_06_2026_10_35,23388.40,23401.70,23375.60,23385.90,0,
04_06_2026_10_40,23385.70,23411.70,23385.40,23410.70,0,
04_06_2026_10_45,23411.10,23446.40,23409.70,23420.10,0,
04_06_2026_10_50,23420.30,23428.20,23409.80,23421.60,0,
04_06_2026_10_55,23421.40,23434.70,23421.40,23424.90,0,
04_06_2026_11_00,23424.10,23430.30,23385.30,23398.40,0,
04_06_2026_11_05,23398.10,23400.40,23374.80,23385.40,0,
04_06_2026_11_10,23385.70,23405.60,23382.90,23401.80,0,
04_06_2026_11_15,23402.10,23403.80,23385.10,23385.10,0,
04_06_2026_11_20,23385.10,23394.10,23383.90,23389.10,0,
04_06_2026_11_25,23389.30,23403.80,23379.50,23392.70,0,
04_06_2026_11_30,23392.70,23401.80,23359.40,23401.60,0,
04_06_2026_11_35,23401.40,23446.40,23397.60,23445.70,0,
04_06_2026_11_40,23445.70,23462.30,23442.60,23443.70,0,
04_06_2026_11_45,23443.80,23451.70,23435.40,23439.90,0,
04_06_2026_11_50,23439.30,23442.50,23398.80,23402.30,0,
04_06_2026_11_55,23403.10,23431.10,23397.00,23419.10,0,
04_06_2026_12_00,23419.20,23441.80,23416.20,23431.20,0,
04_06_2026_12_05,23431.40,23447.80,23429.40,23445.20,0,
04_06_2026_12_10,23445.80,23450.40,23428.80,23439.70,0,
04_06_2026_12_15,23439.20,23450.00,23428.10,23430.60,0,
04_06_2026_12_20,23430.00,23437.30,23423.30,23428.80,0,
04_06_2026_12_25,23428.50,23435.30,23422.20,23430.70,0,
04_06_2026_12_30,23430.40,23432.00,23395.90,23397.10,0,
04_06_2026_12_35,23396.60,23402.10,23381.30,23402.10,0,
04_06_2026_12_40,23402.30,23406.00,23383.50,23385.30,0,
04_06_2026_12_45,23384.40,23405.20,23382.90,23399.00,0,
04_06_2026_12_50,23398.40,23405.00,23390.10,23405.00,0,
04_06_2026_12_55,23405.10,23416.10,23401.20,23415.90,0,
04_06_2026_13_00,23415.80,23422.00,23401.50,23411.80,0,
04_06_2026_13_05,23411.90,23412.10,23383.10,23405.80,0,
04_06_2026_13_10,23405.20,23409.80,23332.80,23334.20,0,
04_06_2026_13_15,23333.70,23356.70,23313.20,23353.30,0,
04_06_2026_13_20,23352.70,23363.70,23336.10,23356.20,0,
04_06_2026_13_25,23354.80,23368.70,23349.40,23362.20,0,
04_06_2026_13_30,23362.60,23366.30,23348.70,23365.10,0,
04_06_2026_13_35,23364.70,23375.20,23362.30,23372.20,0,
04_06_2026_13_40,23372.10,23374.80,23346.20,23361.50,0,
04_06_2026_13_45,23360.90,23375.30,23355.30,23369.90,0,
04_06_2026_13_50,23370.10,23374.10,23351.80,23365.80,0,
04_06_2026_13_55,23365.60,23377.80,23350.20,23367.90,0,
04_06_2026_14_00,23368.90,23418.40,23367.80,23410.10,0,
04_06_2026_14_05,23410.60,23425.30,23400.20,23424.60,0,
04_06_2026_14_10,23424.30,23433.80,23412.80,23413.90,0,
04_06_2026_14_15,23414.30,23429.20,23413.90,23417.30,0,
04_06_2026_14_20,23417.60,23424.90,23405.90,23413.30,0,
04_06_2026_14_25,23413.50,23429.20,23413.30,23419.80,0,
04_06_2026_14_30,23420.10,23448.30,23415.30,23429.00,0,
04_06_2026_14_35,23430.00,23452.80,23429.90,23448.50,0,
04_06_2026_14_40,23449.30,23450.20,23431.80,23433.20,0,
04_06_2026_14_45,23433.30,23465.30,23427.80,23437.60,0,
04_06_2026_14_50,23438.10,23441.40,23406.80,23407.70,0,
04_06_2026_14_55,23406.60,23417.30,23402.70,23415.20,0,
04_06_2026_15_00,23414.80,23418.30,23385.30,23390.70,0,
04_06_2026_15_05,23390.70,23416.80,23388.40,23412.70,0,
04_06_2026_15_10,23413.10,23420.30,23409.80,23418.10,0,
04_06_2026_15_15,23417.10,23428.40,23413.00,23419.70,0,
04_06_2026_15_20,23419.60,23434.30,23411.70,23430.20,0,
04_06_2026_15_25,23429.70,23446.80,23428.20,23438.00,0,
05_06_2026_09_15,23483.30,23516.30,23446.10,23456.20,0,
05_06_2026_09_20,23456.10,23468.30,23439.30,23451.20,0,
05_06_2026_09_25,23451.00,23465.40,23442.20,23461.90,0,
05_06_2026_09_30,23462.20,23480.60,23452.60,23461.10,0,
05_06_2026_09_35,23461.10,23486.90,23445.90,23463.80,0,
05_06_2026_09_40,23461.60,23480.60,23447.20,23476.30,0,
05_06_2026_09_45,23476.10,23477.90,23445.90,23445.90,0,
05_06_2026_09_50,23446.10,23466.60,23439.20,23457.90,0,
05_06_2026_09_55,23457.50,23463.10,23443.20,23443.90,0,
05_06_2026_10_00,23443.70,23484.20,23423.80,23469.20,0,
05_06_2026_10_05,23468.80,23497.80,23436.60,23491.20,0,
05_06_2026_10_10,23491.50,23512.70,23467.60,23468.50,0,
05_06_2026_10_15,23467.70,23486.20,23452.90,23478.50,0,
05_06_2026_10_20,23478.20,23492.80,23465.70,23490.00,0,
05_06_2026_10_25,23489.80,23497.50,23461.30,23470.60,0,
05_06_2026_10_30,23470.90,23474.20,23431.10,23431.10,0,
05_06_2026_10_35,23432.00,23434.90,23360.70,23364.20,0,
05_06_2026_10_40,23364.80,23371.10,23342.20,23359.80,0,
05_06_2026_10_45,23360.20,23375.20,23331.80,23373.90,0,
05_06_2026_10_50,23374.10,23392.50,23373.40,23382.80,0,
05_06_2026_10_55,23382.80,23404.70,23378.70,23402.30,0,
05_06_2026_11_00,23403.60,23454.40,23403.60,23453.90,0,
05_06_2026_11_05,23453.90,23494.80,23449.30,23469.60,0,
05_06_2026_11_10,23470.20,23478.80,23444.30,23444.40,0,
05_06_2026_11_15,23443.90,23452.20,23418.90,23429.30,0,
05_06_2026_11_20,23428.60,23431.80,23393.10,23412.10,0,
05_06_2026_11_25,23411.20,23420.60,23404.00,23418.30,0,
05_06_2026_11_30,23418.30,23436.80,23416.20,23422.90,0,
05_06_2026_11_35,23422.90,23426.40,23403.30,23413.70,0,
05_06_2026_11_40,23414.30,23442.90,23410.70,23422.80,0,
05_06_2026_11_45,23424.30,23440.90,23421.60,23433.20,0,
05_06_2026_11_50,23433.70,23435.00,23413.40,23413.70,0,
05_06_2026_11_55,23413.80,23417.20,23396.90,23397.50,0,
05_06_2026_12_00,23397.90,23430.30,23397.10,23429.30,0,
05_06_2026_12_05,23429.60,23438.20,23424.80,23425.80,0,
05_06_2026_12_10,23426.50,23441.40,23410.00,23439.50,0,
05_06_2026_12_15,23439.80,23448.20,23431.60,23436.00,0,
05_06_2026_12_20,23436.00,23449.10,23433.90,23444.80,0,
05_06_2026_12_25,23445.10,23455.20,23436.50,23437.00,0,
05_06_2026_12_30,23436.80,23439.70,23405.40,23413.20,0,
05_06_2026_12_35,23413.20,23419.70,23381.20,23400.70,0,
05_06_2026_12_40,23400.90,23403.20,23367.30,23374.70,0,
05_06_2026_12_45,23374.90,23388.20,23369.30,23373.60,0,
05_06_2026_12_50,23373.60,23378.20,23351.20,23366.10,0,
05_06_2026_12_55,23365.80,23372.50,23362.20,23367.70,0,
05_06_2026_13_00,23367.60,23374.30,23358.50,23374.10,0,
05_06_2026_13_05,23374.00,23376.20,23343.60,23347.40,0,
05_06_2026_13_10,23348.40,23353.20,23333.80,23337.50,0,
05_06_2026_13_15,23337.90,23360.80,23330.70,23355.10,0,
05_06_2026_13_20,23355.50,23356.90,23315.20,23325.80,0,
05_06_2026_13_25,23325.60,23344.80,23310.60,23310.60,0,
05_06_2026_13_30,23310.50,23328.60,23292.20,23310.20,0,
05_06_2026_13_35,23310.90,23321.80,23304.80,23318.40,0,
05_06_2026_13_40,23318.60,23321.30,23282.70,23300.10,0,
05_06_2026_13_45,23300.40,23321.30,23296.80,23317.00,0,
05_06_2026_13_50,23317.60,23322.50,23306.80,23312.60,0,
05_06_2026_13_55,23311.60,23330.80,23308.20,23330.80,0,
05_06_2026_14_00,23330.20,23339.50,23320.40,23328.30,0,
05_06_2026_14_05,23329.40,23341.90,23326.80,23330.40,0,
05_06_2026_14_10,23333.20,23334.10,23313.50,23320.20,0,
05_06_2026_14_15,23320.90,23321.60,23303.20,23311.70,0,
05_06_2026_14_20,23311.40,23327.20,23301.00,23324.20,0,
05_06_2026_14_25,23324.80,23354.10,23323.80,23351.60,0,
05_06_2026_14_30,23351.80,23365.70,23343.20,23345.80,0,
05_06_2026_14_35,23344.70,23350.20,23318.80,23335.30,0,
05_06_2026_14_40,23334.50,23405.10,23332.60,23398.80,0,
05_06_2026_14_45,23398.10,23418.20,23364.70,23373.00,0,
05_06_2026_14_50,23373.30,23388.80,23372.30,23383.40,0,
05_06_2026_14_55,23382.10,23387.20,23353.30,23361.80,0,
05_06_2026_15_00,23363.20,23368.90,23326.90,23360.50,0,
05_06_2026_15_05,23360.60,23368.40,23353.30,23362.40,0,
05_06_2026_15_10,23363.30,23369.80,23355.80,23365.80,0,
05_06_2026_15_15,23366.60,23386.50,23365.80,23372.80,0,
05_06_2026_15_20,23373.00,23377.90,23361.10,23371.00,0,
05_06_2026_15_25,23370.20,23379.20,23364.10,23368.80,0,
08_06_2026_09_15,23088.80,23139.60,23070.20,23130.60,0,
08_06_2026_09_20,23133.30,23145.30,23103.70,23136.00,0,
08_06_2026_09_25,23136.70,23157.10,23125.20,23155.50,0,
08_06_2026_09_30,23156.10,23184.90,23147.30,23184.30,0,
08_06_2026_09_35,23184.90,23185.20,23132.80,23155.60,0,
08_06_2026_09_40,23155.80,23171.50,23144.90,23159.20,0,
08_06_2026_09_45,23159.80,23178.80,23134.50,23134.50,0,
08_06_2026_09_50,23135.60,23173.40,23125.20,23173.10,0,
08_06_2026_09_55,23174.20,23202.00,23171.80,23199.50,0,
08_06_2026_10_00,23199.80,23200.40,23166.70,23169.80,0,
08_06_2026_10_05,23163.30,23193.80,23154.30,23187.80,0,
08_06_2026_10_10,23188.60,23192.70,23173.90,23174.20,0,
08_06_2026_10_15,23174.60,23187.70,23166.40,23186.10,0,
08_06_2026_10_20,23186.40,23188.00,23176.10,23182.80,0,
08_06_2026_10_25,23183.20,23184.80,23163.20,23172.40,0,
08_06_2026_10_30,23173.20,23215.60,23172.30,23213.40,0,
08_06_2026_10_35,23214.00,23216.00,23200.10,23207.90,0,
08_06_2026_10_40,23207.80,23223.40,23190.60,23191.70,0,
08_06_2026_10_45,23192.20,23202.90,23181.10,23202.60,0,
08_06_2026_10_50,23203.20,23211.90,23192.20,23195.90,0,
08_06_2026_10_55,23196.20,23218.70,23191.30,23217.40,0,
08_06_2026_11_00,23217.90,23218.60,23207.10,23210.20,0,
08_06_2026_11_05,23209.90,23211.20,23192.80,23206.20,0,
08_06_2026_11_10,23206.20,23210.60,23194.20,23198.80,0,
08_06_2026_11_15,23199.80,23204.70,23179.00,23182.60,0,
08_06_2026_11_20,23183.20,23192.60,23179.90,23183.80,0,
08_06_2026_11_25,23184.60,23190.00,23179.10,23186.20,0,
08_06_2026_11_30,23186.60,23199.80,23182.70,23199.10,0,
08_06_2026_11_35,23199.20,23209.10,23193.50,23206.30,0,
08_06_2026_11_40,23207.20,23211.60,23201.90,23205.40,0,
08_06_2026_11_45,23206.10,23215.30,23200.40,23213.90,0,
08_06_2026_11_50,23214.40,23214.40,23198.30,23205.60,0,
08_06_2026_11_55,23207.20,23212.70,23198.40,23205.40,0,
08_06_2026_12_00,23205.80,23209.70,23197.60,23207.20,0,
08_06_2026_12_05,23207.90,23212.90,23193.80,23204.40,0,
08_06_2026_12_10,23205.00,23224.40,23205.00,23212.40,0,
08_06_2026_12_15,23212.40,23215.70,23208.00,23212.70,0,
08_06_2026_12_20,23212.70,23226.00,23212.40,23225.40,0,
08_06_2026_12_25,23225.60,23226.40,23216.80,23218.80,0,
08_06_2026_12_30,23219.20,23227.70,23215.20,23220.60,0,
08_06_2026_12_35,23221.90,23224.00,23216.80,23222.30,0,
08_06_2026_12_40,23223.00,23245.60,23221.30,23237.80,0,
08_06_2026_12_45,23238.70,23247.30,23229.60,23245.30,0,
08_06_2026_12_50,23245.90,23267.30,23244.10,23248.30,0,
08_06_2026_12_55,23250.60,23256.20,23245.50,23246.20,0,
08_06_2026_13_00,23247.10,23247.80,23226.10,23226.60,0,
08_06_2026_13_05,23227.30,23229.30,23212.60,23219.50,0,
08_06_2026_13_10,23220.50,23221.00,23213.30,23216.30,0,
08_06_2026_13_15,23216.50,23225.70,23212.50,23215.20,0,
08_06_2026_13_20,23215.20,23216.20,23208.90,23210.40,0,
08_06_2026_13_25,23210.60,23212.00,23194.70,23209.10,0,
08_06_2026_13_30,23208.70,23215.30,23188.30,23195.60,0,
08_06_2026_13_35,23196.20,23199.50,23184.20,23195.70,0,
08_06_2026_13_40,23197.20,23197.80,23169.80,23171.00,0,
08_06_2026_13_45,23171.90,23177.00,23150.40,23170.30,0,
08_06_2026_13_50,23171.60,23175.70,23157.30,23165.90,0,
08_06_2026_13_55,23166.30,23174.10,23156.20,23172.40,0,
08_06_2026_14_00,23173.40,23184.70,23171.50,23180.30,0,
08_06_2026_14_05,23180.40,23183.20,23160.60,23163.10,0,
08_06_2026_14_10,23163.80,23167.70,23156.20,23156.80,0,
08_06_2026_14_15,23157.30,23173.20,23145.70,23168.80,0,
08_06_2026_14_20,23168.80,23168.80,23151.10,23155.40,0,
08_06_2026_14_25,23155.20,23158.40,23147.30,23149.10,0,
08_06_2026_14_30,23148.60,23163.20,23147.30,23159.10,0,
08_06_2026_14_35,23160.30,23167.60,23153.90,23158.20,0,
08_06_2026_14_40,23158.80,23181.00,23151.90,23179.90,0,
08_06_2026_14_45,23181.40,23189.80,23160.60,23174.80,0,
08_06_2026_14_50,23175.50,23181.40,23167.30,23177.40,0,
08_06_2026_14_55,23178.20,23196.70,23161.70,23179.00,0,
08_06_2026_15_00,23182.40,23182.40,23109.30,23116.80,0,
08_06_2026_15_05,23117.80,23135.80,23107.10,23131.90,0,
08_06_2026_15_10,23133.20,23137.20,23123.80,23134.40,0,
08_06_2026_15_15,23134.10,23135.80,23122.30,23124.20,0,
08_06_2026_15_20,23124.90,23125.20,23093.60,23104.00,0,
08_06_2026_15_25,23104.60,23105.10,23089.90,23103.70,0,
09_06_2026_09_15,23241.50,23259.40,23194.90,23235.20,0,
09_06_2026_09_20,23233.30,23244.30,23223.00,23237.90,0,
09_06_2026_09_25,23237.30,23241.60,23222.50,23225.10,0,
09_06_2026_09_30,23224.90,23252.10,23224.90,23239.50,0,
09_06_2026_09_35,23239.30,23243.90,23209.00,23213.10,0,
09_06_2026_09_40,23212.30,23221.00,23196.40,23196.80,0,
09_06_2026_09_45,23196.60,23218.20,23180.60,23184.90,0,
09_06_2026_09_50,23184.80,23216.70,23182.40,23212.90,0,
09_06_2026_09_55,23212.10,23212.50,23183.10,23188.30,0,
09_06_2026_10_00,23188.80,23192.90,23165.80,23168.20,0,
09_06_2026_10_05,23167.80,23176.50,23160.60,23171.10,0,
09_06_2026_10_10,23171.50,23173.20,23160.50,23167.80,0,
09_06_2026_10_15,23167.80,23177.30,23162.20,23170.00,0,
09_06_2026_10_20,23169.70,23170.80,23148.70,23158.20,0,
09_06_2026_10_25,23158.10,23168.10,23154.10,23162.30,0,
09_06_2026_10_30,23162.50,23166.40,23153.20,23158.30,0,
09_06_2026_10_35,23157.70,23158.70,23147.70,23151.60,0,
09_06_2026_10_40,23151.70,23165.30,23146.90,23164.60,0,
09_06_2026_10_45,23163.90,23168.10,23131.40,23132.20,0,
09_06_2026_10_50,23132.20,23157.10,23129.10,23155.20,0,
09_06_2026_10_55,23155.10,23160.20,23146.30,23154.60,0,
09_06_2026_11_00,23153.80,23156.80,23149.60,23154.80,0,
09_06_2026_11_05,23154.20,23161.90,23148.90,23151.40,0,
09_06_2026_11_10,23150.90,23152.60,23142.50,23146.00,0,
09_06_2026_11_15,23144.80,23158.60,23139.90,23154.80,0,
09_06_2026_11_20,23154.90,23155.30,23109.40,23113.10,0,
09_06_2026_11_25,23112.80,23139.60,23104.40,23132.20,0,
09_06_2026_11_30,23131.20,23139.80,23126.10,23137.40,0,
09_06_2026_11_35,23138.50,23159.20,23137.80,23157.70,0,
09_06_2026_11_40,23157.10,23160.70,23133.20,23150.80,0,
09_06_2026_11_45,23150.60,23196.20,23145.40,23174.70,0,
09_06_2026_11_50,23174.40,23187.60,23166.80,23174.60,0,
09_06_2026_11_55,23174.20,23184.90,23171.60,23181.20,0,
09_06_2026_12_00,23181.30,23204.50,23179.40,23185.10,0,
09_06_2026_12_05,23185.80,23187.30,23176.90,23178.10,0,
09_06_2026_12_10,23176.90,23189.90,23176.50,23187.70,0,
09_06_2026_12_15,23186.90,23198.80,23184.70,23198.60,0,
09_06_2026_12_20,23197.90,23209.40,23193.70,23198.50,0,
09_06_2026_12_25,23197.80,23207.20,23195.20,23205.30,0,
09_06_2026_12_30,23205.90,23224.70,23201.40,23219.30,0,
09_06_2026_12_35,23218.70,23226.70,23212.30,23217.60,0,
09_06_2026_12_40,23216.80,23222.40,23196.80,23207.40,0,
09_06_2026_12_45,23207.70,23219.30,23201.90,23203.20,0,
09_06_2026_12_50,23203.20,23208.60,23190.40,23199.20,0,
09_06_2026_12_55,23197.40,23199.70,23177.50,23181.40,0,
09_06_2026_13_00,23181.20,23203.40,23181.20,23193.70,0,
09_06_2026_13_05,23192.60,23201.60,23185.10,23187.30,0,
09_06_2026_13_10,23186.60,23212.10,23185.70,23208.80,0,
09_06_2026_13_15,23208.10,23223.20,23198.90,23203.80,0,
09_06_2026_13_20,23202.80,23207.50,23193.90,23200.00,0,
09_06_2026_13_25,23199.90,23205.80,23194.20,23204.70,0,
09_06_2026_13_30,23203.80,23206.50,23186.80,23200.70,0,
09_06_2026_13_35,23200.80,23216.90,23195.10,23215.40,0,
09_06_2026_13_40,23216.00,23222.20,23202.10,23218.70,0,
09_06_2026_13_45,23218.40,23220.40,23202.10,23206.70,0,
09_06_2026_13_50,23206.20,23210.10,23192.10,23192.90,0,
09_06_2026_13_55,23192.30,23197.10,23175.30,23189.70,0,
09_06_2026_14_00,23188.70,23191.00,23178.40,23187.00,0,
09_06_2026_14_05,23186.60,23208.80,23185.90,23208.00,0,
09_06_2026_14_10,23207.20,23218.70,23204.30,23206.10,0,
09_06_2026_14_15,23207.30,23212.10,23199.70,23206.10,0,
09_06_2026_14_20,23205.40,23206.80,23187.30,23195.20,0,
09_06_2026_14_25,23195.40,23217.10,23194.90,23216.80,0,
09_06_2026_14_30,23214.90,23217.40,23203.00,23216.50,0,
09_06_2026_14_35,23216.70,23242.90,23207.60,23241.40,0,
09_06_2026_14_40,23241.60,23261.20,23238.20,23251.20,0,
09_06_2026_14_45,23251.10,23253.20,23239.40,23241.30,0,
09_06_2026_14_50,23240.90,23269.10,23239.70,23267.20,0,
09_06_2026_14_55,23266.40,23279.40,23265.90,23274.70,0,
09_06_2026_15_00,23272.90,23272.90,23230.50,23237.90,0,
09_06_2026_15_05,23239.70,23265.40,23239.70,23263.70,0,
09_06_2026_15_10,23262.50,23265.70,23241.30,23244.20,0,
09_06_2026_15_15,23242.70,23244.20,23225.10,23231.10,0,
09_06_2026_15_20,23230.60,23243.50,23228.80,23239.70,0,
09_06_2026_15_25,23240.70,23261.10,23236.70,23257.80,0,
10_06_2026_09_15,23235.30,23350.20,23217.30,23326.40,0,
10_06_2026_09_20,23326.80,23331.90,23299.00,23326.80,0,
10_06_2026_09_25,23326.30,23340.80,23315.90,23339.80,0,
10_06_2026_09_30,23339.40,23351.30,23329.70,23349.90,0,
10_06_2026_09_35,23350.30,23350.90,23334.20,23337.80,0,
10_06_2026_09_40,23338.40,23356.90,23335.00,23355.10,0,
10_06_2026_09_45,23353.70,23381.40,23353.20,23379.20,0,
10_06_2026_09_50,23380.00,23380.80,23368.70,23372.50,0,
10_06_2026_09_55,23374.20,23384.40,23364.80,23366.60,0,
10_06_2026_10_00,23366.60,23370.60,23345.40,23350.80,0,
10_06_2026_10_05,23350.50,23360.10,23343.10,23350.80,0,
10_06_2026_10_10,23351.80,23357.10,23317.00,23317.00,0,
10_06_2026_10_15,23317.30,23336.60,23305.80,23334.70,0,
10_06_2026_10_20,23334.70,23338.30,23315.90,23322.70,0,
10_06_2026_10_25,23322.50,23323.20,23313.00,23319.40,0,
10_06_2026_10_30,23319.40,23338.10,23317.70,23337.30,0,
10_06_2026_10_35,23337.10,23351.60,23332.90,23333.20,0,
10_06_2026_10_40,23333.60,23347.90,23329.60,23345.90,0,
10_06_2026_10_45,23345.80,23353.50,23341.40,23352.30,0,
10_06_2026_10_50,23352.20,23363.20,23346.10,23361.70,0,
10_06_2026_10_55,23361.20,23378.60,23350.50,23378.60,0,
10_06_2026_11_00,23378.60,23384.30,23362.80,23378.50,0,
10_06_2026_11_05,23378.10,23379.20,23363.10,23377.40,0,
10_06_2026_11_10,23377.30,23388.90,23372.90,23373.70,0,
10_06_2026_11_15,23373.70,23383.10,23360.40,23360.40,0,
10_06_2026_11_20,23360.80,23379.50,23359.90,23378.30,0,
10_06_2026_11_25,23378.30,23398.10,23375.60,23396.80,0,
10_06_2026_11_30,23396.90,23400.20,23385.80,23388.60,0,
10_06_2026_11_35,23388.40,23408.40,23386.70,23406.20,0,
10_06_2026_11_40,23406.50,23409.80,23397.40,23406.00,0,
10_06_2026_11_45,23405.90,23406.30,23389.50,23400.10,0,
10_06_2026_11_50,23399.90,23402.80,23389.70,23396.30,0,
10_06_2026_11_55,23396.20,23403.70,23393.80,23402.80,0,
10_06_2026_12_00,23403.30,23404.70,23376.40,23381.80,0,
10_06_2026_12_05,23382.10,23395.70,23378.10,23390.30,0,
10_06_2026_12_10,23390.20,23396.60,23383.30,23395.40,0,
10_06_2026_12_15,23395.20,23397.20,23384.60,23390.30,0,
10_06_2026_12_20,23390.60,23392.40,23376.10,23377.70,0,
10_06_2026_12_25,23377.60,23381.20,23374.30,23375.20,0,
10_06_2026_12_30,23375.90,23381.30,23372.60,23374.20,0,
10_06_2026_12_35,23374.20,23380.50,23370.80,23373.20,0,
10_06_2026_12_40,23373.10,23373.20,23346.60,23347.80,0,
10_06_2026_12_45,23347.80,23364.30,23333.20,23361.70,0,
10_06_2026_12_50,23362.30,23385.40,23362.30,23380.30,0,
10_06_2026_12_55,23380.70,23381.80,23363.80,23380.10,0,
10_06_2026_13_00,23380.10,23418.20,23380.00,23416.40,0,
10_06_2026_13_05,23417.30,23425.30,23403.60,23412.80,0,
10_06_2026_13_10,23412.40,23420.10,23400.80,23405.20,0,
10_06_2026_13_15,23405.70,23410.30,23395.90,23396.80,0,
10_06_2026_13_20,23397.00,23398.20,23372.50,23373.20,0,
10_06_2026_13_25,23373.30,23401.40,23371.80,23398.30,0,
10_06_2026_13_30,23397.90,23407.30,23377.20,23381.70,0,
10_06_2026_13_35,23381.60,23388.60,23375.30,23378.20,0,
10_06_2026_13_40,23378.30,23387.80,23351.90,23358.80,0,
10_06_2026_13_45,23358.30,23377.40,23358.00,23362.50,0,
10_06_2026_13_50,23362.20,23366.30,23347.80,23349.80,0,
10_06_2026_13_55,23349.50,23355.30,23347.10,23352.90,0,
10_06_2026_14_00,23352.40,23364.80,23339.90,23359.10,0,
10_06_2026_14_05,23358.90,23361.70,23338.60,23339.80,0,
10_06_2026_14_10,23339.10,23345.20,23315.00,23317.20,0,
10_06_2026_14_15,23317.20,23332.80,23307.40,23327.80,0,
10_06_2026_14_20,23326.90,23339.80,23325.10,23330.20,0,
10_06_2026_14_25,23330.20,23333.30,23313.30,23315.50,0,
10_06_2026_14_30,23316.30,23318.20,23289.80,23309.90,0,
10_06_2026_14_35,23309.50,23320.80,23280.90,23281.80,0,
10_06_2026_14_40,23281.70,23296.60,23260.30,23261.60,0,
10_06_2026_14_45,23262.80,23271.90,23244.90,23249.20,0,
10_06_2026_14_50,23248.90,23258.20,23243.80,23251.20,0,
10_06_2026_14_55,23251.20,23264.10,23250.90,23256.80,0,
10_06_2026_15_00,23256.80,23259.10,23234.20,23236.20,0,
10_06_2026_15_05,23236.40,23238.90,23222.70,23235.30,0,
10_06_2026_15_10,23235.10,23236.30,23198.30,23199.70,0,
10_06_2026_15_15,23200.80,23212.10,23184.60,23208.20,0,
10_06_2026_15_20,23208.30,23215.20,23187.80,23202.30,0,
10_06_2026_15_25,23203.60,23216.80,23199.80,23216.10,0,
11_06_2026_09_15,23101.30,23124.10,23072.10,23112.70,0,
11_06_2026_09_20,23115.80,23148.10,23107.10,23114.90,0,
11_06_2026_09_25,23116.80,23126.40,23092.80,23119.30,0,
11_06_2026_09_30,23121.90,23124.50,23098.70,23108.40,0,
11_06_2026_09_35,23109.70,23136.70,23093.20,23132.30,0,
11_06_2026_09_40,23134.80,23148.60,23113.40,23143.60,0,
11_06_2026_09_45,23144.20,23155.20,23136.60,23151.80,0,
11_06_2026_09_50,23153.30,23172.80,23142.20,23150.70,0,
11_06_2026_09_55,23152.30,23153.30,23112.60,23115.70,0,
11_06_2026_10_00,23117.60,23136.00,23108.40,23108.60,0,
11_06_2026_10_05,23111.20,23159.40,23102.80,23155.00,0,
11_06_2026_10_10,23156.90,23164.50,23144.20,23145.50,0,
11_06_2026_10_15,23147.50,23181.60,23144.70,23180.70,0,
11_06_2026_10_20,23183.20,23191.80,23174.70,23176.90,0,
11_06_2026_10_25,23179.80,23207.80,23175.00,23199.50,0,
11_06_2026_10_30,23201.10,23205.00,23185.20,23198.40,0,
11_06_2026_10_35,23200.80,23207.30,23189.20,23204.30,0,
11_06_2026_10_40,23207.40,23214.10,23195.20,23203.20,0,
11_06_2026_10_45,23204.80,23211.80,23192.20,23192.60,0,
11_06_2026_10_50,23193.80,23193.80,23168.20,23172.50,0,
11_06_2026_10_55,23174.70,23181.10,23167.20,23174.60,0,
11_06_2026_11_00,23176.60,23184.40,23162.50,23179.20,0,
11_06_2026_11_05,23181.60,23205.00,23180.10,23191.90,0,
11_06_2026_11_10,23193.60,23193.80,23181.00,23181.70,0,
11_06_2026_11_15,23183.20,23208.60,23181.60,23201.30,0,
11_06_2026_11_20,23203.40,23220.30,23199.30,23217.20,0,
11_06_2026_11_25,23218.50,23236.80,23214.20,23235.40,0,
11_06_2026_11_30,23237.40,23245.00,23220.30,23225.40,0,
11_06_2026_11_35,23226.30,23234.30,23210.70,23222.90,0,
11_06_2026_11_40,23224.60,23251.80,23220.10,23251.70,0,
11_06_2026_11_45,23253.70,23270.80,23251.10,23263.30,0,
11_06_2026_11_50,23265.20,23276.30,23261.60,23271.30,0,
11_06_2026_11_55,23272.90,23291.70,23269.00,23281.20,0,
11_06_2026_12_00,23283.20,23290.40,23281.60,23285.60,0,
11_06_2026_12_05,23286.70,23292.70,23274.60,23281.20,0,
11_06_2026_12_10,23283.20,23286.90,23272.60,23285.20,0,
11_06_2026_12_15,23287.60,23307.10,23285.30,23287.20,0,
11_06_2026_12_20,23289.50,23293.50,23278.30,23288.70,0,
11_06_2026_12_25,23291.80,23301.60,23281.80,23295.60,0,
11_06_2026_12_30,23297.60,23320.90,23296.60,23319.90,0,
11_06_2026_12_35,23322.10,23324.20,23290.80,23297.70,0,
11_06_2026_12_40,23299.80,23300.50,23288.10,23294.40,0,
11_06_2026_12_45,23296.10,23301.80,23273.10,23273.30,0,
11_06_2026_12_50,23275.40,23287.60,23272.70,23280.60,0,
11_06_2026_12_55,23282.20,23307.30,23274.80,23306.80,0,
11_06_2026_13_00,23308.20,23327.40,23299.10,23300.30,0,
11_06_2026_13_05,23301.60,23303.20,23279.20,23279.40,0,
11_06_2026_13_10,23280.70,23282.50,23256.30,23257.70,0,
11_06_2026_13_15,23259.40,23264.70,23249.40,23252.20,0,
11_06_2026_13_20,23254.10,23258.20,23225.60,23239.30,0,
11_06_2026_13_25,23241.30,23241.80,23220.40,23241.00,0,
11_06_2026_13_30,23242.90,23267.80,23240.10,23243.70,0,
11_06_2026_13_35,23245.80,23256.30,23228.40,23230.00,0,
11_06_2026_13_40,23232.70,23238.20,23213.40,23220.10,0,
11_06_2026_13_45,23223.90,23240.70,23214.60,23227.80,0,
11_06_2026_13_50,23230.30,23236.80,23221.20,23231.80,0,
11_06_2026_13_55,23234.50,23248.10,23227.20,23231.30,0,
11_06_2026_14_00,23233.00,23240.20,23228.20,23235.10,0,
11_06_2026_14_05,23236.30,23236.30,23201.60,23211.20,0,
11_06_2026_14_10,23212.60,23226.20,23205.70,23218.80,0,
11_06_2026_14_15,23219.80,23220.80,23204.10,23215.80,0,
11_06_2026_14_20,23216.80,23224.90,23204.90,23206.40,0,
11_06_2026_14_25,23208.10,23252.10,23206.20,23240.10,0,
11_06_2026_14_30,23241.20,23245.40,23224.00,23231.70,0,
11_06_2026_14_35,23233.60,23242.30,23197.60,23217.10,0,
11_06_2026_14_40,23218.60,23221.10,23193.60,23198.20,0,
11_06_2026_14_45,23200.20,23209.60,23165.80,23191.70,0,
11_06_2026_14_50,23193.10,23193.10,23166.80,23170.30,0,
11_06_2026_14_55,23171.70,23178.20,23162.50,23175.50,0,
11_06_2026_15_00,23177.10,23192.40,23138.80,23145.00,0,
11_06_2026_15_05,23146.20,23152.40,23131.90,23143.30,0,
11_06_2026_15_10,23143.80,23169.60,23137.90,23165.80,0,
11_06_2026_15_15,23165.30,23188.20,23156.40,23173.80,0,
11_06_2026_15_20,23172.00,23183.80,23164.80,23173.60,0,
11_06_2026_15_25,23173.60,23194.90,23170.90,23186.60,0,
12_06_2026_09_15,23420.70,23455.90,23405.00,23444.70,0,
12_06_2026_09_20,23447.10,23451.90,23423.00,23423.30,0,
12_06_2026_09_25,23423.80,23431.60,23400.60,23401.20,0,
12_06_2026_09_30,23402.80,23410.20,23385.70,23407.90,0,
12_06_2026_09_35,23409.30,23410.70,23388.30,23396.10,0,
12_06_2026_09_40,23396.90,23397.70,23364.20,23370.10,0,
12_06_2026_09_45,23370.60,23379.80,23357.10,23379.30,0,
12_06_2026_09_50,23380.80,23380.80,23355.20,23358.20,0,
12_06_2026_09_55,23361.40,23361.40,23345.90,23346.60,0,
12_06_2026_10_00,23348.70,23349.80,23327.70,23342.60,0,
12_06_2026_10_05,23343.40,23359.20,23341.10,23347.60,0,
12_06_2026_10_10,23349.10,23353.60,23339.40,23342.70,0,
12_06_2026_10_15,23345.20,23349.10,23323.90,23326.80,0,
12_06_2026_10_20,23328.20,23355.20,23322.70,23355.20,0,
12_06_2026_10_25,23356.30,23362.90,23342.40,23345.80,0,
12_06_2026_10_30,23346.80,23356.80,23342.80,23349.80,0,
12_06_2026_10_35,23351.10,23355.10,23341.60,23354.20,0,
12_06_2026_10_40,23355.60,23357.50,23347.20,23349.70,0,
12_06_2026_10_45,23350.90,23354.80,23329.90,23345.50,0,
12_06_2026_10_50,23346.50,23354.60,23336.80,23354.10,0,
12_06_2026_10_55,23355.40,23359.80,23352.30,23358.20,0,
12_06_2026_11_00,23359.20,23359.20,23345.70,23353.30,0,
12_06_2026_11_05,23355.10,23357.40,23344.40,23355.30,0,
12_06_2026_11_10,23356.20,23378.30,23352.40,23378.10,0,
12_06_2026_11_15,23379.10,23380.70,23360.10,23361.40,0,
12_06_2026_11_20,23363.10,23365.80,23349.70,23365.40,0,
12_06_2026_11_25,23366.50,23366.90,23353.00,23357.40,0,
12_06_2026_11_30,23358.90,23372.60,23357.50,23366.70,0,
12_06_2026_11_35,23367.20,23371.80,23361.10,23368.90,0,
12_06_2026_11_40,23371.00,23377.90,23368.40,23374.80,0,
12_06_2026_11_45,23375.50,23388.70,23368.30,23385.40,0,
12_06_2026_11_50,23386.70,23386.80,23372.00,23381.80,0,
12_06_2026_11_55,23382.80,23389.30,23376.80,23378.20,0,
12_06_2026_12_00,23380.10,23383.60,23371.80,23379.20,0,
12_06_2026_12_05,23380.50,23381.20,23362.90,23363.40,0,
12_06_2026_12_10,23365.30,23365.50,23343.30,23347.40,0,
12_06_2026_12_15,23349.40,23353.80,23343.50,23346.20,0,
12_06_2026_12_20,23346.90,23365.80,23345.80,23365.30,0,
12_06_2026_12_25,23366.80,23369.90,23363.50,23365.30,0,
12_06_2026_12_30,23365.90,23365.90,23343.40,23350.70,0,
12_06_2026_12_35,23351.90,23351.90,23338.10,23342.70,0,
12_06_2026_12_40,23343.80,23345.60,23320.30,23321.60,0,
12_06_2026_12_45,23323.00,23325.80,23313.90,23317.20,0,
12_06_2026_12_50,23318.10,23327.80,23314.60,23327.60,0,
12_06_2026_12_55,23328.10,23329.90,23319.80,23325.30,0,
12_06_2026_13_00,23326.80,23334.10,23322.20,23331.30,0,
12_06_2026_13_05,23331.70,23340.70,23328.80,23334.20,0,
12_06_2026_13_10,23335.00,23344.10,23329.10,23336.20,0,
12_06_2026_13_15,23336.90,23348.00,23334.60,23343.20,0,
12_06_2026_13_20,23344.40,23347.10,23330.00,23331.10,0,
12_06_2026_13_25,23332.10,23392.50,23321.60,23388.90,0,
12_06_2026_13_30,23390.40,23429.80,23389.10,23426.60,0,
12_06_2026_13_35,23426.70,23463.80,23424.30,23461.70,0,
12_06_2026_13_40,23463.40,23480.20,23459.10,23474.60,0,
12_06_2026_13_45,23476.20,23498.40,23468.40,23492.00,0,
12_06_2026_13_50,23494.60,23496.90,23475.30,23489.10,0,
12_06_2026_13_55,23489.80,23511.20,23486.10,23507.40,0,
12_06_2026_14_00,23509.70,23519.30,23496.60,23519.20,0,
12_06_2026_14_05,23520.20,23523.40,23506.30,23509.30,0,
12_06_2026_14_10,23510.20,23531.60,23496.60,23527.50,0,
12_06_2026_14_15,23528.20,23537.90,23524.60,23535.80,0,
12_06_2026_14_20,23536.70,23539.80,23526.90,23534.10,0,
12_06_2026_14_25,23535.20,23550.30,23525.30,23547.80,0,
12_06_2026_14_30,23549.30,23557.60,23542.50,23548.70,0,
12_06_2026_14_35,23550.10,23568.60,23532.90,23568.10,0,
12_06_2026_14_40,23569.40,23577.30,23554.10,23569.80,0,
12_06_2026_14_45,23571.80,23589.70,23568.30,23588.80,0,
12_06_2026_14_50,23589.80,23607.60,23588.00,23605.50,0,
12_06_2026_14_55,23605.40,23616.90,23599.90,23608.20,0,
12_06_2026_15_00,23607.90,23639.40,23581.70,23635.90,0,
12_06_2026_15_05,23636.10,23645.30,23619.10,23620.10,0,
12_06_2026_15_10,23621.20,23624.10,23607.40,23621.80,0,
12_06_2026_15_15,23620.90,23636.70,23612.20,23629.10,0,
12_06_2026_15_20,23630.20,23630.20,23614.60,23622.60,0,
12_06_2026_15_25,23623.30,23639.30,23620.20,23631.80,0,
15_06_2026_09_15,23987.60,24011.40,23934.10,23946.20,0,
15_06_2026_09_20,23948.20,23962.30,23943.90,23956.80,0,
15_06_2026_09_25,23960.10,23962.30,23938.40,23946.20,0,
15_06_2026_09_30,23947.10,23952.10,23927.30,23946.70,0,
15_06_2026_09_35,23948.70,23950.40,23931.80,23937.90,0,
15_06_2026_09_40,23938.80,23965.90,23938.60,23965.70,0,
15_06_2026_09_45,23966.60,23980.40,23963.20,23972.20,0,
15_06_2026_09_50,23971.30,23975.20,23955.20,23958.10,0,
15_06_2026_09_55,23959.20,23960.80,23939.80,23945.90,0,
15_06_2026_10_00,23946.90,23968.20,23945.90,23958.20,0,
15_06_2026_10_05,23959.00,23960.50,23940.70,23946.30,0,
15_06_2026_10_10,23947.20,23952.60,23933.60,23945.10,0,
15_06_2026_10_15,23946.00,23948.40,23936.60,23941.70,0,
15_06_2026_10_20,23943.20,23955.00,23935.60,23948.80,0,
15_06_2026_10_25,23950.70,23968.70,23943.80,23962.60,0,
15_06_2026_10_30,23964.90,23973.50,23961.90,23972.60,0,
15_06_2026_10_35,23973.10,23977.10,23966.80,23973.60,0,
15_06_2026_10_40,23974.70,23982.20,23969.70,23978.40,0,
15_06_2026_10_45,23979.70,23991.20,23974.80,23989.20,0,
15_06_2026_10_50,23989.60,24008.90,23989.60,23995.50,0,
15_06_2026_10_55,23997.30,24009.10,23995.20,24002.10,0,
15_06_2026_11_00,24001.40,24003.60,23971.60,23982.10,0,
15_06_2026_11_05,23983.20,23984.10,23970.90,23979.30,0,
15_06_2026_11_10,23980.70,23984.40,23966.30,23967.80,0,
15_06_2026_11_15,23968.20,23973.50,23962.50,23971.30,0,
15_06_2026_11_20,23972.30,23974.70,23962.20,23964.80,0,
15_06_2026_11_25,23965.10,23982.90,23964.80,23978.40,0,
15_06_2026_11_30,23977.90,23979.80,23961.20,23965.30,0,
15_06_2026_11_35,23963.20,23969.60,23961.40,23966.80,0,
15_06_2026_11_40,23967.60,23971.20,23957.20,23957.20,0,
15_06_2026_11_45,23958.10,23963.10,23950.00,23961.20,0,
15_06_2026_11_50,23961.40,23970.60,23955.70,23966.80,0,
15_06_2026_11_55,23967.60,23970.10,23956.70,23961.30,0,
15_06_2026_12_00,23961.70,23965.80,23949.10,23949.90,0,
15_06_2026_12_05,23951.60,23951.70,23933.20,23935.40,0,
15_06_2026_12_10,23935.80,23940.80,23930.10,23931.80,0,
15_06_2026_12_15,23930.70,23932.90,23905.80,23907.40,0,
15_06_2026_12_20,23908.70,23919.70,23903.10,23913.20,0,
15_06_2026_12_25,23914.20,23915.20,23893.80,23894.80,0,
15_06_2026_12_30,23896.00,23907.10,23892.30,23906.30,0,
15_06_2026_12_35,23906.70,23917.80,23905.10,23906.80,0,
15_06_2026_12_40,23907.00,23913.30,23897.30,23912.80,0,
15_06_2026_12_45,23913.60,23913.90,23898.10,23899.60,0,
15_06_2026_12_50,23900.10,23907.90,23896.70,23903.40,0,
15_06_2026_12_55,23903.70,23912.50,23903.20,23906.90,0,
15_06_2026_13_00,23907.80,23908.20,23892.80,23897.60,0,
15_06_2026_13_05,23897.20,23912.70,23893.90,23912.50,0,
15_06_2026_13_10,23913.70,23935.00,23912.00,23916.10,0,
15_06_2026_13_15,23916.60,23917.90,23897.20,23899.10,0,
15_06_2026_13_20,23899.80,23916.30,23897.90,23913.30,0,
15_06_2026_13_25,23912.90,23916.30,23903.20,23906.70,0,
15_06_2026_13_30,23907.50,23913.10,23900.40,23907.80,0,
15_06_2026_13_35,23908.40,23912.10,23895.30,23902.60,0,
15_06_2026_13_40,23902.80,23906.70,23883.80,23893.90,0,
15_06_2026_13_45,23895.10,23906.20,23892.70,23896.30,0,
15_06_2026_13_50,23897.30,23900.20,23865.80,23886.80,0,
15_06_2026_13_55,23887.20,23910.70,23882.70,23905.70,0,
15_06_2026_14_00,23907.80,23913.90,23895.70,23895.80,0,
15_06_2026_14_05,23896.70,23898.20,23882.60,23887.60,0,
15_06_2026_14_10,23889.90,23900.30,23887.20,23889.30,0,
15_06_2026_14_15,23891.10,23908.30,23887.40,23900.50,0,
15_06_2026_14_20,23900.80,23915.30,23896.80,23909.80,0,
15_06_2026_14_25,23911.20,23916.80,23902.40,23906.80,0,
15_06_2026_14_30,23908.20,23929.90,23907.40,23924.00,0,
15_06_2026_14_35,23925.80,23942.60,23925.40,23932.40,0,
15_06_2026_14_40,23934.30,23935.80,23916.50,23924.20,0,
15_06_2026_14_45,23923.90,23931.60,23911.10,23919.20,0,
15_06_2026_14_50,23920.80,23925.40,23890.40,23896.90,0,
15_06_2026_14_55,23898.30,23902.30,23888.10,23894.60,0,
15_06_2026_15_00,23897.70,23904.10,23850.30,23866.50,0,
15_06_2026_15_05,23867.90,23867.90,23844.40,23847.40,0,
15_06_2026_15_10,23848.70,23849.90,23817.80,23843.60,0,
15_06_2026_15_15,23845.10,23867.60,23843.50,23860.40,0,
15_06_2026_15_20,23862.40,23867.80,23853.40,23856.80,0,
15_06_2026_15_25,23857.10,23858.30,23842.80,23856.60,0,
16_06_2026_09_15,23925.60,23941.10,23888.20,23933.10,0,
16_06_2026_09_20,23932.80,23937.40,23910.10,23914.40,0,
16_06_2026_09_25,23914.90,23939.50,23914.90,23938.10,0,
16_06_2026_09_30,23938.20,23954.80,23932.70,23943.10,0,
16_06_2026_09_35,23943.50,23949.20,23931.80,23934.40,0,
16_06_2026_09_40,23934.40,23936.80,23917.10,23917.80,0,
16_06_2026_09_45,23917.90,23942.70,23916.20,23935.10,0,
16_06_2026_09_50,23934.70,23940.80,23916.30,23936.60,0,
16_06_2026_09_55,23937.00,23941.90,23931.20,23939.70,0,
16_06_2026_10_00,23941.00,23947.30,23904.70,23905.70,0,
16_06_2026_10_05,23906.20,23918.10,23895.70,23900.70,0,
16_06_2026_10_10,23900.70,23911.40,23897.10,23910.10,0,
16_06_2026_10_15,23910.40,23931.10,23909.70,23927.90,0,
16_06_2026_10_20,23928.20,23953.80,23926.80,23940.80,0,
16_06_2026_10_25,23940.90,23946.60,23932.80,23943.30,0,
16_06_2026_10_30,23943.50,23954.60,23941.70,23952.70,0,
16_06_2026_10_35,23952.20,23972.80,23950.20,23964.20,0,
16_06_2026_10_40,23964.30,23971.30,23954.90,23962.10,0,
16_06_2026_10_45,23962.20,23977.30,23959.60,23976.30,0,
16_06_2026_10_50,23976.40,23977.80,23965.10,23969.60,0,
16_06_2026_10_55,23969.40,23977.30,23964.10,23966.70,0,
16_06_2026_11_00,23967.60,23970.20,23946.70,23946.70,0,
16_06_2026_11_05,23946.70,23959.70,23941.90,23943.20,0,
16_06_2026_11_10,23942.80,23945.80,23931.80,23940.60,0,
16_06_2026_11_15,23940.40,23951.40,23929.70,23930.10,0,
16_06_2026_11_20,23930.30,23945.40,23923.90,23944.80,0,
16_06_2026_11_25,23944.80,23947.60,23926.90,23929.40,0,
16_06_2026_11_30,23929.70,23934.30,23921.20,23929.70,0,
16_06_2026_11_35,23932.40,23934.20,23911.40,23922.60,0,
16_06_2026_11_40,23922.40,23929.40,23914.80,23927.60,0,
16_06_2026_11_45,23924.70,23937.90,23920.40,23933.40,0,
16_06_2026_11_50,23932.70,23949.80,23931.80,23936.70,0,
16_06_2026_11_55,23938.20,23941.80,23920.60,23938.50,0,
16_06_2026_12_00,23938.40,23943.70,23919.10,23929.30,0,
16_06_2026_12_05,23929.90,23937.30,23925.10,23932.80,0,
16_06_2026_12_10,23932.10,23938.80,23927.00,23928.10,0,
16_06_2026_12_15,23928.00,23928.80,23913.30,23915.40,0,
16_06_2026_12_20,23914.10,23926.60,23903.30,23918.70,0,
16_06_2026_12_25,23917.20,23943.20,23914.90,23940.20,0,
16_06_2026_12_30,23940.80,23947.10,23922.20,23923.60,0,
16_06_2026_12_35,23924.20,23939.80,23922.50,23936.10,0,
16_06_2026_12_40,23935.80,23936.70,23919.00,23927.20,0,
16_06_2026_12_45,23928.00,23935.40,23922.00,23934.30,0,
16_06_2026_12_50,23934.70,23935.90,23915.50,23924.90,0,
16_06_2026_12_55,23924.80,23938.80,23917.40,23935.70,0,
16_06_2026_13_00,23935.80,23940.20,23923.40,23929.10,0,
16_06_2026_13_05,23928.90,23939.20,23925.70,23938.20,0,
16_06_2026_13_10,23938.80,23950.70,23936.60,23946.80,0,
16_06_2026_13_15,23946.70,23950.60,23935.50,23939.70,0,
16_06_2026_13_20,23941.60,23961.90,23937.20,23956.30,0,
16_06_2026_13_25,23956.80,23969.80,23954.90,23966.80,0,
16_06_2026_13_30,23967.20,23969.20,23959.70,23967.30,0,
16_06_2026_13_35,23967.80,23976.90,23963.40,23968.90,0,
16_06_2026_13_40,23968.80,23974.00,23961.80,23964.80,0,
16_06_2026_13_45,23964.70,23974.10,23964.10,23971.90,0,
16_06_2026_13_50,23972.70,23973.60,23955.80,23961.70,0,
16_06_2026_13_55,23962.40,23976.90,23961.40,23967.10,0,
16_06_2026_14_00,23967.10,23978.70,23963.40,23973.70,0,
16_06_2026_14_05,23974.30,23984.20,23971.70,23982.10,0,
16_06_2026_14_10,23982.10,23997.80,23982.10,23994.30,0,
16_06_2026_14_15,23994.00,24000.30,23990.10,23992.30,0,
16_06_2026_14_20,23991.20,23993.70,23978.10,23989.80,0,
16_06_2026_14_25,23991.10,23992.00,23982.10,23984.20,0,
16_06_2026_14_30,23985.20,23999.80,23985.20,23995.10,0,
16_06_2026_14_35,23995.30,24001.60,23985.30,24001.00,0,
16_06_2026_14_40,24000.80,24002.40,23963.40,23963.40,0,
16_06_2026_14_45,23962.90,23987.20,23962.70,23980.80,0,
16_06_2026_14_50,23980.70,23997.20,23970.30,23993.70,0,
16_06_2026_14_55,23994.20,23998.80,23980.20,23986.40,0,
16_06_2026_15_00,23988.40,24002.60,23978.60,23981.80,0,
16_06_2026_15_05,23982.20,23996.20,23976.60,23989.60,0,
16_06_2026_15_10,23989.90,23992.50,23983.60,23986.80,0,
16_06_2026_15_15,23987.80,23991.60,23980.10,23983.40,0,
16_06_2026_15_20,23982.60,23991.20,23981.70,23985.20,0,
16_06_2026_15_25,23986.10,23997.40,23982.70,23995.00,0,
17_06_2026_09_15,24045.40,24048.10,23969.70,23979.30,0,
17_06_2026_09_20,23982.30,23996.90,23973.90,23987.60,0,
17_06_2026_09_25,23989.70,24021.90,23985.60,24020.70,0,
17_06_2026_09_30,24022.80,24043.30,24017.70,24032.10,0,
17_06_2026_09_35,24033.20,24052.80,24026.60,24050.90,0,
17_06_2026_09_40,24051.60,24063.80,24045.20,24061.60,0,
17_06_2026_09_45,24063.80,24067.60,24053.80,24064.10,0,
17_06_2026_09_50,24064.90,24066.30,24054.70,24063.80,0,
17_06_2026_09_55,24065.80,24071.70,24056.70,24065.80,0,
17_06_2026_10_00,24067.90,24069.20,24045.50,24046.10,0,
17_06_2026_10_05,24047.70,24064.60,24043.20,24061.20,0,
17_06_2026_10_10,24062.20,24066.80,24046.60,24047.70,0,
17_06_2026_10_15,24048.20,24067.30,24046.40,24066.90,0,
17_06_2026_10_20,24067.60,24080.70,24065.60,24078.70,0,
17_06_2026_10_25,24080.60,24082.80,24065.60,24066.90,0,
17_06_2026_10_30,24067.80,24075.80,24062.50,24075.70,0,
17_06_2026_10_35,24077.10,24087.90,24075.20,24078.80,0,
17_06_2026_10_40,24080.20,24088.60,24077.00,24085.80,0,
17_06_2026_10_45,24086.30,24088.70,24073.90,24076.60,0,
17_06_2026_10_50,24078.70,24085.60,24074.80,24083.40,0,
17_06_2026_10_55,24084.20,24097.40,24077.70,24080.00,0,
17_06_2026_11_00,24081.70,24082.50,24071.40,24073.20,0,
17_06_2026_11_05,24074.90,24078.60,24068.70,24069.10,0,
17_06_2026_11_10,24070.40,24083.10,24062.10,24081.70,0,
17_06_2026_11_15,24082.00,24088.20,24073.10,24087.50,0,
17_06_2026_11_20,24088.60,24091.40,24083.90,24084.60,0,
17_06_2026_11_25,24085.80,24090.40,24080.70,24088.90,0,
17_06_2026_11_30,24089.90,24108.20,24087.30,24098.70,0,
17_06_2026_11_35,24099.40,24099.40,24073.60,24074.20,0,
17_06_2026_11_40,24075.60,24089.30,24066.90,24083.30,0,
17_06_2026_11_45,24084.20,24085.60,24071.70,24074.30,0,
17_06_2026_11_50,24075.20,24075.60,24066.90,24068.60,0,
17_06_2026_11_55,24068.80,24076.90,24054.70,24055.10,0,
17_06_2026_12_00,24056.70,24065.30,24047.70,24063.30,0,
17_06_2026_12_05,24062.80,24065.10,24053.40,24058.20,0,
17_06_2026_12_10,24059.00,24061.80,24050.30,24050.30,0,
17_06_2026_12_15,24051.80,24056.80,24042.10,24055.40,0,
17_06_2026_12_20,24056.30,24056.90,24042.40,24044.10,0,
17_06_2026_12_25,24044.80,24050.10,24033.00,24045.50,0,
17_06_2026_12_30,24045.80,24046.80,24034.60,24040.20,0,
17_06_2026_12_35,24041.30,24043.70,24032.30,24035.80,0,
17_06_2026_12_40,24036.70,24051.20,24033.20,24044.20,0,
17_06_2026_12_45,24044.90,24053.90,24041.70,24045.60,0,
17_06_2026_12_50,24046.20,24047.40,24028.60,24028.60,0,
17_06_2026_12_55,24030.10,24036.20,24027.30,24029.50,0,
17_06_2026_13_00,24030.00,24038.60,24023.60,24037.70,0,
17_06_2026_13_05,24038.60,24040.40,24016.00,24017.10,0,
17_06_2026_13_10,24017.60,24022.20,24009.80,24009.80,0,
17_06_2026_13_15,24010.60,24031.80,24005.80,24024.20,0,
17_06_2026_13_20,24026.00,24037.60,24024.40,24033.60,0,
17_06_2026_13_25,24034.40,24039.30,24032.10,24034.20,0,
17_06_2026_13_30,24035.10,24044.70,24032.10,24044.10,0,
17_06_2026_13_35,24045.60,24061.80,24041.00,24053.30,0,
17_06_2026_13_40,24054.30,24059.30,24047.80,24055.70,0,
17_06_2026_13_45,24057.20,24058.60,24044.80,24052.80,0,
17_06_2026_13_50,24052.90,24053.20,24029.40,24045.40,0,
17_06_2026_13_55,24046.60,24051.10,24040.20,24048.80,0,
17_06_2026_14_00,24049.80,24053.40,24043.20,24049.20,0,
17_06_2026_14_05,24049.90,24051.20,24040.10,24041.10,0,
17_06_2026_14_10,24042.50,24052.30,24036.30,24047.80,0,
17_06_2026_14_15,24049.10,24052.30,24035.50,24050.60,0,
17_06_2026_14_20,24050.70,24050.70,24037.60,24040.60,0,
17_06_2026_14_25,24041.80,24041.80,24021.40,24024.30,0,
17_06_2026_14_30,24025.80,24032.90,24015.80,24028.20,0,
17_06_2026_14_35,24029.70,24048.20,24025.90,24043.30,0,
17_06_2026_14_40,24044.70,24045.40,24036.00,24041.20,0,
17_06_2026_14_45,24043.20,24047.60,24038.20,24038.90,0,
17_06_2026_14_50,24042.90,24050.90,24026.90,24050.60,0,
17_06_2026_14_55,24052.00,24077.30,24044.10,24076.90,0,
17_06_2026_15_00,24076.80,24098.80,24070.40,24087.70,0,
17_06_2026_15_05,24088.10,24095.40,24082.70,24091.30,0,
17_06_2026_15_10,24091.10,24092.90,24082.10,24083.60,0,
17_06_2026_15_15,24083.60,24088.80,24078.20,24088.10,0,
17_06_2026_15_20,24087.70,24090.00,24079.90,24081.40,0,
17_06_2026_15_25,24081.20,24087.20,24073.10,24081.90,0,
18_06_2026_09_15,24073.20,24133.30,24058.80,24082.70,0,
18_06_2026_09_20,24085.10,24099.80,24079.10,24092.70,0,
18_06_2026_09_25,24094.70,24096.00,24083.60,24090.20,0,
18_06_2026_09_30,24092.20,24100.90,24080.20,24085.10,0,
18_06_2026_09_35,24088.10,24088.10,24066.80,24085.70,0,
18_06_2026_09_40,24088.40,24121.10,24085.80,24108.90,0,
18_06_2026_09_45,24112.00,24136.80,24107.40,24126.70,0,
18_06_2026_09_50,24128.60,24139.10,24121.80,24135.20,0,
18_06_2026_09_55,24137.40,24139.70,24121.80,24123.20,0,
18_06_2026_10_00,24126.80,24131.20,24113.70,24116.10,0,
18_06_2026_10_05,24117.70,24127.80,24113.20,24126.90,0,
18_06_2026_10_10,24129.60,24138.40,24120.50,24125.60,0,
18_06_2026_10_15,24127.40,24130.80,24108.10,24114.60,0,
18_06_2026_10_20,24116.10,24116.80,24106.80,24115.40,0,
18_06_2026_10_25,24116.90,24116.90,24103.70,24109.20,0,
18_06_2026_10_30,24111.40,24113.90,24100.10,24111.60,0,
18_06_2026_10_35,24112.90,24114.20,24077.80,24078.80,0,
18_06_2026_10_40,24079.90,24083.10,24059.60,24076.30,0,
18_06_2026_10_45,24078.30,24091.90,24072.80,24075.10,0,
18_06_2026_10_50,24076.60,24085.60,24067.10,24083.20,0,
18_06_2026_10_55,24085.10,24093.90,24081.70,24092.60,0,
18_06_2026_11_00,24093.80,24093.80,24080.20,24082.90,0,
18_06_2026_11_05,24085.10,24085.30,24073.10,24077.90,0,
18_06_2026_11_10,24079.70,24081.30,24059.90,24064.70,0,
18_06_2026_11_15,24066.20,24066.30,24047.80,24048.30,0,
18_06_2026_11_20,24049.80,24056.60,24036.90,24050.50,0,
18_06_2026_11_25,24052.60,24057.70,24044.40,24054.90,0,
18_06_2026_11_30,24057.50,24063.80,24049.70,24061.40,0,
18_06_2026_11_35,24062.10,24065.50,24047.30,24053.10,0,
18_06_2026_11_40,24054.70,24065.10,24049.10,24062.80,0,
18_06_2026_11_45,24064.60,24075.30,24057.60,24063.70,0,
18_06_2026_11_50,24065.60,24071.50,24050.10,24062.90,0,
18_06_2026_11_55,24064.40,24073.30,24062.20,24071.90,0,
18_06_2026_12_00,24072.70,24090.90,24071.10,24088.20,0,
18_06_2026_12_05,24089.00,24099.70,24085.90,24094.10,0,
18_06_2026_12_10,24095.70,24096.60,24082.10,24088.20,0,
18_06_2026_12_15,24089.80,24098.20,24078.40,24095.60,0,
18_06_2026_12_20,24097.70,24103.30,24087.90,24099.40,0,
18_06_2026_12_25,24100.90,24119.90,24095.80,24118.70,0,
18_06_2026_12_30,24120.80,24132.10,24109.20,24128.80,0,
18_06_2026_12_35,24131.30,24133.80,24113.50,24118.80,0,
18_06_2026_12_40,24119.70,24128.90,24116.40,24117.20,0,
18_06_2026_12_45,24118.80,24120.60,24111.40,24117.40,0,
18_06_2026_12_50,24118.70,24132.20,24116.40,24126.70,0,
18_06_2026_12_55,24127.30,24131.40,24124.10,24125.70,0,
18_06_2026_13_00,24127.70,24129.40,24118.20,24123.30,0,
18_06_2026_13_05,24125.30,24130.80,24116.60,24126.30,0,
18_06_2026_13_10,24128.00,24128.20,24122.60,24127.80,0,
18_06_2026_13_15,24129.90,24136.30,24115.30,24116.90,0,
18_06_2026_13_20,24117.70,24125.80,24112.70,24112.80,0,
18_06_2026_13_25,24114.30,24123.10,24100.70,24120.40,0,
18_06_2026_13_30,24121.90,24135.00,24112.20,24123.30,0,
18_06_2026_13_35,24125.10,24128.00,24116.70,24120.90,0,
18_06_2026_13_40,24122.30,24128.30,24111.80,24120.70,0,
18_06_2026_13_45,24122.00,24127.70,24112.60,24116.20,0,
18_06_2026_13_50,24117.40,24119.70,24112.90,24117.20,0,
18_06_2026_13_55,24118.10,24119.90,24103.80,24108.30,0,
18_06_2026_14_00,24109.90,24112.00,24101.30,24106.40,0,
18_06_2026_14_05,24107.20,24112.00,24094.60,24096.10,0,
18_06_2026_14_10,24097.90,24109.80,24096.30,24099.80,0,
18_06_2026_14_15,24100.80,24102.30,24086.30,24088.20,0,
18_06_2026_14_20,24089.60,24107.30,24083.80,24107.30,0,
18_06_2026_14_25,24109.20,24110.10,24086.20,24088.30,0,
18_06_2026_14_30,24090.70,24096.70,24074.70,24095.10,0,
18_06_2026_14_35,24098.30,24113.10,24092.20,24096.40,0,
18_06_2026_14_40,24097.80,24103.30,24090.80,24097.20,0,
18_06_2026_14_45,24098.70,24104.60,24082.20,24084.20,0,
18_06_2026_14_50,24084.90,24103.50,24081.30,24100.10,0,
18_06_2026_14_55,24101.10,24121.40,24095.50,24121.40,0,
18_06_2026_15_00,24121.90,24155.90,24108.30,24150.80,0,
18_06_2026_15_05,24150.80,24177.30,24145.10,24175.60,0,
18_06_2026_15_10,24176.20,24183.60,24158.10,24177.40,0,
18_06_2026_15_15,24177.80,24186.70,24175.70,24182.90,0,
18_06_2026_15_20,24183.80,24189.20,24173.40,24182.20,0,
18_06_2026_15_25,24181.70,24184.80,24171.20,24179.40,0,
19_06_2026_09_15,23990.80,23998.80,23939.80,23980.80,0,
19_06_2026_09_20,23978.90,23981.20,23961.20,23963.10,0,
19_06_2026_09_25,23963.80,23964.70,23945.10,23955.60,0,
19_06_2026_09_30,23955.40,23958.40,23938.80,23950.10,0,
19_06_2026_09_35,23950.00,23970.70,23946.10,23970.40,0,
19_06_2026_09_40,23970.80,23981.90,23966.40,23975.20,0,
19_06_2026_09_45,23975.10,23979.60,23961.80,23977.40,0,
19_06_2026_09_50,23977.50,23986.70,23961.80,23985.10,0,
19_06_2026_09_55,23986.30,23990.10,23982.40,23987.70,0,
19_06_2026_10_00,23987.20,23989.10,23963.60,23973.60,0,
19_06_2026_10_05,23973.40,23993.80,23970.20,23991.60,0,
19_06_2026_10_10,23991.80,24011.20,23987.90,24010.30,0,
19_06_2026_10_15,24009.80,24011.50,23991.70,23993.30,0,
19_06_2026_10_20,23992.70,23997.00,23978.30,23981.90,0,
19_06_2026_10_25,23982.30,23984.50,23965.20,23966.80,0,
19_06_2026_10_30,23967.30,23972.10,23953.90,23960.80,0,
19_06_2026_10_35,23961.10,23969.00,23958.40,23968.90,0,
19_06_2026_10_40,23969.30,23972.60,23955.10,23970.20,0,
19_06_2026_10_45,23971.20,23972.30,23955.80,23957.40,0,
19_06_2026_10_50,23958.50,23960.00,23941.90,23946.60,0,
19_06_2026_10_55,23947.20,23952.90,23940.50,23944.80,0,
19_06_2026_11_00,23944.90,23956.10,23941.10,23945.60,0,
19_06_2026_11_05,23946.00,23953.80,23936.20,23953.20,0,
19_06_2026_11_10,23953.40,23965.50,23952.30,23964.50,0,
19_06_2026_11_15,23964.70,23967.40,23951.40,23961.20,0,
19_06_2026_11_20,23960.90,23962.10,23947.10,23947.90,0,
19_06_2026_11_25,23949.00,23954.80,23941.80,23953.80,0,
19_06_2026_11_30,23954.10,23964.80,23947.10,23960.70,0,
19_06_2026_11_35,23960.60,23968.30,23952.80,23954.90,0,
19_06_2026_11_40,23955.20,23960.10,23951.70,23954.40,0,
19_06_2026_11_45,23954.60,23956.10,23940.20,23944.70,0,
19_06_2026_11_50,23945.00,23951.60,23943.80,23944.50,0,
19_06_2026_11_55,23945.20,23956.20,23940.80,23954.40,0,
19_06_2026_12_00,23955.20,23967.70,23950.80,23952.90,0,
19_06_2026_12_05,23953.10,23955.40,23948.30,23950.90,0,
19_06_2026_12_10,23951.00,23960.30,23950.70,23959.40,0,
19_06_2026_12_15,23959.70,23962.90,23953.30,23954.30,0,
19_06_2026_12_20,23955.10,23970.70,23954.40,23964.20,0,
19_06_2026_12_25,23963.80,23974.50,23963.10,23968.90,0,
19_06_2026_12_30,23969.20,23972.20,23961.10,23965.50,0,
19_06_2026_12_35,23965.60,23967.20,23958.30,23965.70,0,
19_06_2026_12_40,23965.90,23966.80,23924.90,23951.90,0,
19_06_2026_12_45,23952.10,23962.30,23949.80,23954.50,0,
19_06_2026_12_50,23954.30,23960.20,23948.40,23949.90,0,
19_06_2026_12_55,23949.90,23950.90,23931.00,23938.00,0,
19_06_2026_13_00,23937.80,23938.60,23916.20,23917.30,0,
19_06_2026_13_05,23916.70,23932.60,23913.20,23926.70,0,
19_06_2026_13_10,23927.00,23932.40,23919.30,23930.30,0,
19_06_2026_13_15,23931.10,23933.40,23920.70,23921.80,0,
19_06_2026_13_20,23921.20,23928.40,23914.80,23916.40,0,
19_06_2026_13_25,23916.80,23929.20,23916.20,23928.20,0,
19_06_2026_13_30,23928.80,23941.20,23925.80,23941.10,0,
19_06_2026_13_35,23942.40,23943.30,23929.90,23938.50,0,
19_06_2026_13_40,23938.70,23950.00,23937.80,23946.80,0,
19_06_2026_13_45,23947.20,23961.20,23945.80,23960.80,0,
19_06_2026_13_50,23961.20,23962.70,23945.60,23945.70,0,
19_06_2026_13_55,23946.40,23967.10,23945.90,23966.90,0,
19_06_2026_14_00,23966.70,23977.20,23955.30,23977.20,0,
19_06_2026_14_05,23977.80,23987.90,23968.10,23971.90,0,
19_06_2026_14_10,23971.80,23992.30,23968.50,23992.30,0,
19_06_2026_14_15,23992.50,24000.60,23985.20,23997.70,0,
19_06_2026_14_20,23997.60,23998.50,23954.90,23960.10,0,
19_06_2026_14_25,23961.10,23971.90,23955.20,23958.10,0,
19_06_2026_14_30,23958.60,23973.10,23957.80,23972.00,0,
19_06_2026_14_35,23972.20,23995.50,23970.20,23979.60,0,
19_06_2026_14_40,23980.40,23983.10,23965.90,23973.20,0,
19_06_2026_14_45,23973.90,23981.70,23969.30,23978.30,0,
19_06_2026_14_50,23977.40,23979.10,23927.20,23929.70,0,
19_06_2026_14_55,23929.80,23931.40,23901.90,23911.60,0,
19_06_2026_15_00,23910.50,24009.10,23904.40,24007.30,0,
19_06_2026_15_05,24005.70,24027.10,24005.00,24022.60,0,
19_06_2026_15_10,24021.50,24042.70,24020.90,24026.90,0,
19_06_2026_15_15,24025.80,24029.30,24010.40,24028.40,0,
19_06_2026_15_20,24028.30,24035.00,24023.80,24033.90,0,
19_06_2026_15_25,24032.60,24047.20,24023.10,24042.70,0,
22_06_2026_09_15,24110.20,24137.40,24073.20,24122.20,0,
22_06_2026_09_20,24121.30,24142.50,24117.60,24136.80,0,
22_06_2026_09_25,24137.70,24141.20,24124.10,24131.20,0,
22_06_2026_09_30,24130.20,24138.50,24127.40,24132.80,0,
22_06_2026_09_35,24132.40,24136.60,24111.70,24124.80,0,
22_06_2026_09_40,24124.20,24127.70,24108.80,24108.80,0,
22_06_2026_09_45,24109.50,24114.00,24103.80,24108.90,0,
22_06_2026_09_50,24109.20,24130.50,24108.50,24127.30,0,
22_06_2026_09_55,24127.60,24144.10,24124.80,24141.20,0,
22_06_2026_10_00,24141.50,24148.70,24133.80,24133.80,0,
22_06_2026_10_05,24133.30,24155.20,24129.50,24154.90,0,
22_06_2026_10_10,24154.70,24159.70,24142.30,24149.70,0,
22_06_2026_10_15,24149.60,24155.10,24146.40,24149.90,0,
22_06_2026_10_20,24150.30,24156.10,24146.60,24146.80,0,
22_06_2026_10_25,24147.40,24156.20,24144.20,24152.80,0,
22_06_2026_10_30,24153.80,24159.10,24137.80,24138.40,0,
22_06_2026_10_35,24138.60,24157.30,24136.60,24153.20,0,
22_06_2026_10_40,24153.40,24156.20,24149.40,24152.90,0,
22_06_2026_10_45,24152.80,24159.50,24147.80,24151.10,0,
22_06_2026_10_50,24150.40,24162.40,24148.90,24155.60,0,
22_06_2026_10_55,24154.80,24168.10,24154.00,24162.80,0,
22_06_2026_11_00,24162.80,24165.10,24153.30,24158.90,0,
22_06_2026_11_05,24159.00,24165.30,24156.30,24161.90,0,
22_06_2026_11_10,24160.90,24164.20,24154.10,24157.30,0,
22_06_2026_11_15,24156.70,24162.80,24150.20,24152.10,0,
22_06_2026_11_20,24152.00,24155.00,24141.40,24152.20,0,
22_06_2026_11_25,24151.40,24163.10,24149.40,24160.70,0,
22_06_2026_11_30,24160.70,24166.10,24158.40,24161.80,0,
22_06_2026_11_35,24161.90,24165.10,24155.60,24158.40,0,
22_06_2026_11_40,24158.20,24159.30,24145.70,24148.30,0,
22_06_2026_11_45,24148.20,24152.60,24145.10,24147.60,0,
22_06_2026_11_50,24146.20,24148.90,24133.40,24134.10,0,
22_06_2026_11_55,24134.40,24141.60,24129.70,24140.40,0,
22_06_2026_12_00,24140.40,24142.20,24123.10,24124.20,0,
22_06_2026_12_05,24125.10,24128.20,24121.00,24123.70,0,
22_06_2026_12_10,24124.10,24125.60,24117.80,24118.20,0,
22_06_2026_12_15,24117.70,24127.20,24116.20,24122.70,0,
22_06_2026_12_20,24123.10,24129.20,24118.40,24125.60,0,
22_06_2026_12_25,24125.60,24127.40,24112.30,24119.80,0,
22_06_2026_12_30,24119.70,24126.20,24109.80,24122.80,0,
22_06_2026_12_35,24123.20,24125.20,24115.90,24119.60,0,
22_06_2026_12_40,24119.50,24120.70,24115.30,24118.80,0,
22_06_2026_12_45,24118.60,24120.90,24112.20,24119.40,0,
22_06_2026_12_50,24119.20,24127.10,24117.10,24120.30,0,
22_06_2026_12_55,24120.20,24124.60,24119.20,24123.50,0,
22_06_2026_13_00,24123.30,24123.80,24113.80,24116.70,0,
22_06_2026_13_05,24116.30,24120.70,24110.70,24112.50,0,
22_06_2026_13_10,24112.60,24113.00,24105.10,24112.80,0,
22_06_2026_13_15,24112.80,24127.20,24111.60,24123.20,0,
22_06_2026_13_20,24123.30,24125.20,24114.90,24122.50,0,
22_06_2026_13_25,24122.20,24125.10,24115.80,24118.70,0,
22_06_2026_13_30,24118.30,24124.40,24116.70,24119.70,0,
22_06_2026_13_35,24119.60,24125.40,24113.40,24115.50,0,
22_06_2026_13_40,24115.80,24127.70,24097.20,24119.40,0,
22_06_2026_13_45,24119.70,24124.10,24115.80,24119.10,0,
22_06_2026_13_50,24118.80,24126.80,24118.20,24124.90,0,
22_06_2026_13_55,24125.30,24136.50,24120.40,24126.00,0,
22_06_2026_14_00,24126.20,24132.20,24121.80,24127.00,0,
22_06_2026_14_05,24127.40,24133.20,24119.00,24119.00,0,
22_06_2026_14_10,24119.20,24131.20,24117.20,24118.40,0,
22_06_2026_14_15,24118.00,24125.70,24112.90,24122.70,0,
22_06_2026_14_20,24122.70,24127.40,24120.20,24124.80,0,
22_06_2026_14_25,24124.20,24141.60,24122.60,24138.80,0,
22_06_2026_14_30,24138.70,24145.40,24125.70,24132.80,0,
22_06_2026_14_35,24132.50,24143.70,24130.80,24136.30,0,
22_06_2026_14_40,24136.70,24139.20,24130.60,24134.70,0,
22_06_2026_14_45,24136.30,24144.80,24133.60,24141.30,0,
22_06_2026_14_50,24142.00,24145.20,24133.80,24136.10,0,
22_06_2026_14_55,24136.20,24141.50,24129.20,24132.60,0,
22_06_2026_15_00,24133.60,24143.00,24114.00,24117.20,0,
22_06_2026_15_05,24117.80,24119.70,24103.10,24103.30,0,
22_06_2026_15_10,24104.90,24113.80,24099.80,24105.70,0,
22_06_2026_15_15,24105.50,24111.20,24091.80,24093.80,0,
22_06_2026_15_20,24094.80,24097.80,24084.10,24085.60,0,
22_06_2026_15_25,24085.30,24092.20,24080.10,24086.80,0,
23_06_2026_09_15,24073.30,24081.70,24040.10,24076.30,0,
23_06_2026_09_20,24077.10,24095.60,24075.80,24087.00,0,
23_06_2026_09_25,24087.70,24093.10,24080.60,24088.90,0,
23_06_2026_09_30,24090.10,24103.40,24088.20,24101.90,0,
23_06_2026_09_35,24103.40,24125.60,24100.60,24124.90,0,
23_06_2026_09_40,24126.40,24133.10,24109.40,24115.50,0,
23_06_2026_09_45,24115.20,24122.80,24107.30,24120.30,0,
23_06_2026_09_50,24121.60,24129.80,24116.50,24125.70,0,
23_06_2026_09_55,24126.30,24133.20,24121.80,24131.30,0,
23_06_2026_10_00,24131.20,24135.50,24118.60,24124.90,0,
23_06_2026_10_05,24125.10,24128.30,24113.80,24125.70,0,
23_06_2026_10_10,24127.10,24131.40,24121.80,24123.40,0,
23_06_2026_10_15,24124.40,24127.30,24113.20,24125.90,0,
23_06_2026_10_20,24127.00,24130.10,24117.50,24120.10,0,
23_06_2026_10_25,24120.30,24120.40,24106.10,24112.40,0,
23_06_2026_10_30,24112.80,24114.10,24104.00,24110.20,0,
23_06_2026_10_35,24111.80,24119.30,24106.20,24113.40,0,
23_06_2026_10_40,24114.30,24117.60,24105.70,24105.70,0,
23_06_2026_10_45,24106.90,24107.10,24093.30,24099.80,0,
23_06_2026_10_50,24100.90,24106.10,24094.30,24098.60,0,
23_06_2026_10_55,24098.90,24099.80,24090.90,24093.80,0,
23_06_2026_11_00,24093.60,24099.90,24083.60,24096.60,0,
23_06_2026_11_05,24097.20,24109.00,24095.90,24101.80,0,
23_06_2026_11_10,24102.80,24115.40,24100.60,24114.40,0,
23_06_2026_11_15,24112.90,24130.40,24112.40,24126.00,0,
23_06_2026_11_20,24126.30,24128.70,24113.80,24122.10,0,
23_06_2026_11_25,24122.40,24123.00,24112.40,24112.90,0,
23_06_2026_11_30,24114.20,24114.80,24099.80,24101.80,0,
23_06_2026_11_35,24102.80,24104.10,24095.20,24098.30,0,
23_06_2026_11_40,24099.40,24099.40,24079.10,24083.10,0,
23_06_2026_11_45,24082.50,24083.40,24018.10,24021.80,0,
23_06_2026_11_50,24022.60,24025.10,24009.70,24014.80,0,
23_06_2026_11_55,24016.10,24017.20,23972.20,23982.70,0,
23_06_2026_12_00,23982.60,23990.90,23967.50,23970.30,0,
23_06_2026_12_05,23970.90,23973.00,23957.40,23966.20,0,
23_06_2026_12_10,23967.30,23967.40,23953.60,23965.00,0,
23_06_2026_12_15,23965.90,23973.20,23957.30,23965.20,0,
23_06_2026_12_20,23965.90,23967.30,23917.30,23921.90,0,
23_06_2026_12_25,23923.60,23954.50,23922.60,23948.80,0,
23_06_2026_12_30,23949.70,23949.70,23932.90,23936.90,0,
23_06_2026_12_35,23937.30,23958.90,23931.90,23953.70,0,
23_06_2026_12_40,23954.20,23957.80,23943.20,23948.40,0,
23_06_2026_12_45,23949.20,23950.70,23924.80,23927.60,0,
23_06_2026_12_50,23929.60,23935.40,23926.80,23930.90,0,
23_06_2026_12_55,23931.20,23935.00,23923.60,23930.70,0,
23_06_2026_13_00,23931.20,23933.10,23908.80,23919.00,0,
23_06_2026_13_05,23920.70,23937.80,23917.90,23936.00,0,
23_06_2026_13_10,23936.20,23937.20,23922.60,23922.60,0,
23_06_2026_13_15,23923.80,23925.80,23906.60,23923.20,0,
23_06_2026_13_20,23924.40,23931.30,23919.40,23923.00,0,
23_06_2026_13_25,23923.50,23924.10,23902.20,23907.40,0,
23_06_2026_13_30,23908.30,23910.30,23867.90,23869.90,0,
23_06_2026_13_35,23870.90,23881.10,23862.70,23877.80,0,
23_06_2026_13_40,23879.70,23895.90,23877.40,23893.20,0,
23_06_2026_13_45,23893.80,23898.30,23883.20,23892.60,0,
23_06_2026_13_50,23893.50,23893.80,23865.20,23875.80,0,
23_06_2026_13_55,23876.60,23876.60,23864.20,23869.20,0,
23_06_2026_14_00,23870.20,23894.20,23864.30,23894.20,0,
23_06_2026_14_05,23894.90,23899.90,23875.90,23889.30,0,
23_06_2026_14_10,23890.20,23916.90,23887.80,23910.80,0,
23_06_2026_14_15,23912.60,23919.20,23896.70,23897.40,0,
23_06_2026_14_20,23897.80,23918.30,23893.60,23917.90,0,
23_06_2026_14_25,23919.10,23921.20,23909.30,23915.80,0,
23_06_2026_14_30,23916.90,23920.70,23910.70,23914.50,0,
23_06_2026_14_35,23914.90,23917.40,23904.90,23911.00,0,
23_06_2026_14_40,23911.80,23934.10,23897.20,23927.20,0,
23_06_2026_14_45,23927.80,23935.20,23908.40,23921.20,0,
23_06_2026_14_50,23921.80,23928.10,23909.20,23921.20,0,
23_06_2026_14_55,23922.70,23933.80,23907.50,23914.30,0,
23_06_2026_15_00,23916.30,23919.10,23815.60,23833.40,0,
23_06_2026_15_05,23832.80,23855.70,23831.90,23843.80,0,
23_06_2026_15_10,23844.10,23857.70,23827.50,23827.70,0,
23_06_2026_15_15,23828.70,23829.50,23798.90,23808.20,0,
23_06_2026_15_20,23808.60,23813.10,23791.70,23796.20,0,
23_06_2026_15_25,23796.20,23797.50,23784.90,23795.20,0,
24_06_2026_09_15,23798.30,23870.30,23789.20,23848.40,0,
24_06_2026_09_20,23848.70,23875.30,23840.70,23863.20,0,
24_06_2026_09_25,23865.20,23885.30,23861.30,23879.40,0,
24_06_2026_09_30,23879.70,23888.90,23867.20,23870.10,0,
24_06_2026_09_35,23870.30,23885.50,23861.50,23879.40,0,
24_06_2026_09_40,23878.80,23895.30,23862.10,23867.40,0,
24_06_2026_09_45,23866.80,23873.80,23818.60,23819.30,0,
24_06_2026_09_50,23818.30,23830.30,23810.70,23826.40,0,
24_06_2026_09_55,23826.10,23854.90,23826.10,23841.70,0,
24_06_2026_10_00,23841.80,23904.30,23841.80,23894.00,0,
24_06_2026_10_05,23893.60,23909.20,23885.20,23909.20,0,
24_06_2026_10_10,23909.90,23919.20,23904.80,23917.80,0,
24_06_2026_10_15,23917.80,23930.90,23910.90,23915.80,0,
24_06_2026_10_20,23915.80,23948.20,23915.80,23945.80,0,
24_06_2026_10_25,23945.50,23970.30,23941.70,23947.80,0,
24_06_2026_10_30,23950.10,23961.90,23943.70,23952.30,0,
24_06_2026_10_35,23952.70,23954.00,23937.90,23946.30,0,
24_06_2026_10_40,23946.70,23956.80,23932.20,23934.30,0,
24_06_2026_10_45,23933.80,23960.40,23932.80,23947.90,0,
24_06_2026_10_50,23947.80,23956.10,23941.20,23944.10,0,
24_06_2026_10_55,23943.80,23959.70,23936.80,23952.40,0,
24_06_2026_11_00,23952.00,23972.20,23952.00,23963.70,0,
24_06_2026_11_05,23963.20,23988.80,23960.70,23987.60,0,
24_06_2026_11_10,23987.20,23991.60,23974.40,23985.80,0,
24_06_2026_11_15,23986.10,23988.90,23967.10,23970.00,0,
24_06_2026_11_20,23970.70,23983.20,23969.70,23976.20,0,
24_06_2026_11_25,23975.90,23981.70,23968.30,23974.90,0,
24_06_2026_11_30,23976.10,23977.30,23958.00,23976.30,0,
24_06_2026_11_35,23977.20,23989.20,23971.60,23983.30,0,
24_06_2026_11_40,23983.60,24007.90,23983.20,24006.90,0,
24_06_2026_11_45,24006.40,24013.80,23998.30,24006.40,0,
24_06_2026_11_50,24006.70,24013.10,24000.60,24001.70,0,
24_06_2026_11_55,24001.80,24009.80,23994.90,23996.90,0,
24_06_2026_12_00,23996.60,24008.10,23993.00,24006.10,0,
24_06_2026_12_05,24006.10,24007.50,23987.80,23987.80,0,
24_06_2026_12_10,23988.70,23990.30,23979.00,23980.90,0,
24_06_2026_12_15,23982.20,24001.80,23981.00,23997.80,0,
24_06_2026_12_20,23997.60,24007.20,23994.60,24005.40,0,
24_06_2026_12_25,24005.80,24007.10,23988.50,23995.70,0,
24_06_2026_12_30,23995.70,23997.30,23967.00,23977.70,0,
24_06_2026_12_35,23977.70,23979.80,23968.70,23979.10,0,
24_06_2026_12_40,23980.60,23991.90,23975.50,23991.30,0,
24_06_2026_12_45,23991.30,23993.10,23984.10,23985.10,0,
24_06_2026_12_50,23984.90,23999.80,23979.20,23995.00,0,
24_06_2026_12_55,23995.70,24012.60,23994.60,24004.30,0,
24_06_2026_13_00,24004.30,24009.40,23994.10,23996.40,0,
24_06_2026_13_05,23996.40,24020.80,23994.70,24020.00,0,
24_06_2026_13_10,24020.10,24032.80,24014.20,24031.10,0,
24_06_2026_13_15,24030.50,24048.90,24028.20,24046.80,0,
24_06_2026_13_20,24046.50,24056.10,24038.20,24039.70,0,
24_06_2026_13_25,24039.80,24053.90,24038.30,24052.40,0,
24_06_2026_13_30,24052.80,24073.70,24051.60,24072.30,0,
24_06_2026_13_35,24072.80,24090.10,24069.70,24070.40,0,
24_06_2026_13_40,24070.60,24077.70,24065.80,24071.50,0,
24_06_2026_13_45,24071.80,24085.80,24070.70,24070.90,0,
24_06_2026_13_50,24071.70,24074.80,24060.10,24066.50,0,
24_06_2026_13_55,24066.60,24067.50,24047.40,24055.80,0,
24_06_2026_14_00,24055.70,24057.00,24036.70,24042.20,0,
24_06_2026_14_05,24042.70,24045.90,24026.50,24043.00,0,
24_06_2026_14_10,24043.00,24059.40,24039.70,24056.70,0,
24_06_2026_14_15,24056.80,24062.70,24051.10,24058.10,0,
24_06_2026_14_20,24058.10,24063.80,24043.90,24054.30,0,
24_06_2026_14_25,24054.80,24062.70,24046.20,24054.80,0,
24_06_2026_14_30,24054.80,24058.10,24039.40,24049.30,0,
24_06_2026_14_35,24049.20,24052.30,24034.90,24039.90,0,
24_06_2026_14_40,24040.20,24061.20,24038.40,24053.10,0,
24_06_2026_14_45,24053.70,24058.90,24037.80,24046.90,0,
24_06_2026_14_50,24047.20,24067.00,24047.20,24060.90,0,
24_06_2026_14_55,24060.60,24068.80,24044.20,24050.80,0,
24_06_2026_15_00,24050.80,24050.80,24017.80,24035.20,0,
24_06_2026_15_05,24035.30,24036.60,24016.60,24027.60,0,
24_06_2026_15_10,24026.70,24027.80,24003.20,24006.40,0,
24_06_2026_15_15,24006.00,24031.40,24003.60,24010.50,0,
24_06_2026_15_20,24010.60,24018.90,24006.90,24018.90,0,
24_06_2026_15_25,24018.00,24022.50,24006.70,24013.20,0,
25_06_2026_09_15,24130.60,24154.50,24107.80,24129.80,0,
25_06_2026_09_20,24132.70,24157.50,24128.30,24157.10,0,
25_06_2026_09_25,24154.90,24169.70,24144.20,24147.20,0,
25_06_2026_09_30,24149.20,24152.20,24130.50,24142.80,0,
25_06_2026_09_35,24144.10,24148.80,24134.20,24145.50,0,
25_06_2026_09_40,24146.30,24147.60,24131.40,24141.70,0,
25_06_2026_09_45,24141.70,24167.70,24140.20,24165.40,0,
25_06_2026_09_50,24167.10,24185.30,24162.70,24172.30,0,
25_06_2026_09_55,24172.90,24183.80,24169.40,24176.70,0,
25_06_2026_10_00,24178.70,24179.40,24165.40,24177.30,0,
25_06_2026_10_05,24178.70,24182.20,24161.90,24166.60,0,
25_06_2026_10_10,24167.90,24186.10,24160.30,24184.50,0,
25_06_2026_10_15,24185.30,24190.20,24169.90,24178.90,0,
25_06_2026_10_20,24180.20,24180.20,24166.80,24168.80,0,
25_06_2026_10_25,24171.20,24179.70,24165.80,24172.10,0,
25_06_2026_10_30,24173.30,24181.80,24167.80,24172.60,0,
25_06_2026_10_35,24175.10,24182.70,24169.40,24169.40,0,
25_06_2026_10_40,24172.40,24185.00,24166.90,24182.80,0,
25_06_2026_10_45,24184.10,24200.60,24181.70,24199.20,0,
25_06_2026_10_50,24200.10,24200.10,24180.50,24180.80,0,
25_06_2026_10_55,24181.60,24198.80,24177.00,24197.60,0,
25_06_2026_11_00,24198.60,24200.30,24180.40,24180.70,0,
25_06_2026_11_05,24183.60,24189.90,24175.30,24189.90,0,
25_06_2026_11_10,24189.50,24197.70,24184.10,24196.10,0,
25_06_2026_11_15,24197.80,24205.70,24192.80,24196.20,0,
25_06_2026_11_20,24197.80,24201.70,24189.90,24192.40,0,
25_06_2026_11_25,24191.70,24195.30,24186.50,24190.60,0,
25_06_2026_11_30,24191.10,24193.90,24181.60,24190.80,0,
25_06_2026_11_35,24191.00,24197.10,24181.10,24195.20,0,
25_06_2026_11_40,24195.40,24200.20,24187.50,24195.60,0,
25_06_2026_11_45,24197.10,24206.80,24193.30,24204.20,0,
25_06_2026_11_50,24205.30,24210.70,24197.20,24208.40,0,
25_06_2026_11_55,24209.20,24238.80,24205.90,24236.60,0,
25_06_2026_12_00,24238.80,24251.30,24236.20,24247.20,0,
25_06_2026_12_05,24247.80,24253.50,24242.80,24249.50,0,
25_06_2026_12_10,24250.90,24261.60,24242.80,24243.50,0,
25_06_2026_12_15,24244.20,24251.50,24239.70,24243.90,0,
25_06_2026_12_20,24245.60,24248.10,24223.20,24226.10,0,
25_06_2026_12_25,24227.70,24227.70,24199.30,24201.90,0,
25_06_2026_12_30,24203.60,24210.60,24176.80,24189.80,0,
25_06_2026_12_35,24190.60,24209.30,24186.70,24207.30,0,
25_06_2026_12_40,24209.70,24209.70,24189.50,24192.80,0,
25_06_2026_12_45,24193.30,24195.40,24181.70,24193.40,0,
25_06_2026_12_50,24193.70,24201.70,24187.50,24198.90,0,
25_06_2026_12_55,24199.30,24202.60,24187.80,24196.80,0,
25_06_2026_13_00,24197.40,24214.50,24188.30,24203.10,0,
25_06_2026_13_05,24205.10,24210.20,24190.40,24195.80,0,
25_06_2026_13_10,24194.70,24200.60,24169.30,24172.80,0,
25_06_2026_13_15,24172.40,24198.40,24170.60,24196.80,0,
25_06_2026_13_20,24197.20,24198.70,24184.70,24189.10,0,
25_06_2026_13_25,24190.70,24190.70,24176.40,24181.50,0,
25_06_2026_13_30,24181.80,24192.60,24173.80,24191.90,0,
25_06_2026_13_35,24193.20,24201.70,24188.20,24199.90,0,
25_06_2026_13_40,24201.90,24211.20,24197.80,24200.30,0,
25_06_2026_13_45,24202.30,24209.40,24195.60,24202.50,0,
25_06_2026_13_50,24203.70,24207.70,24188.40,24190.30,0,
25_06_2026_13_55,24189.40,24197.10,24173.10,24178.40,0,
25_06_2026_14_00,24180.20,24187.80,24170.30,24183.30,0,
25_06_2026_14_05,24185.10,24185.20,24171.70,24171.90,0,
25_06_2026_14_10,24173.00,24173.60,24130.70,24139.20,0,
25_06_2026_14_15,24139.30,24139.30,24111.90,24119.80,0,
25_06_2026_14_20,24118.80,24125.90,24094.30,24110.50,0,
25_06_2026_14_25,24111.90,24111.90,24088.90,24108.20,0,
25_06_2026_14_30,24110.10,24118.30,24102.70,24105.90,0,
25_06_2026_14_35,24107.30,24128.90,24100.80,24101.20,0,
25_06_2026_14_40,24102.40,24112.40,24068.80,24071.10,0,
25_06_2026_14_45,24072.80,24095.50,24066.60,24071.80,0,
25_06_2026_14_50,24073.50,24117.50,24072.70,24103.10,0,
25_06_2026_14_55,24103.90,24111.20,24079.70,24090.40,0,
25_06_2026_15_00,24091.00,24091.30,24041.70,24060.90,0,
25_06_2026_15_05,24060.20,24077.80,24041.40,24059.70,0,
25_06_2026_15_10,24061.80,24074.00,24052.50,24056.00,0,
25_06_2026_15_15,24056.90,24065.50,24043.40,24058.30,0,
25_06_2026_15_20,24058.80,24059.20,24040.00,24046.20,0,
25_06_2026_15_25,24049.70,24058.30,24039.00,24052.90,0,
29_06_2026_09_15,24061.10,24110.80,24032.30,24084.10,0,
29_06_2026_09_20,24086.20,24109.60,24078.30,24080.10,0,
29_06_2026_09_25,24081.40,24081.40,24051.60,24064.80,0,
29_06_2026_09_30,24065.70,24065.70,24016.80,24017.10,0,
29_06_2026_09_35,24018.70,24063.10,24005.40,24060.10,0,
29_06_2026_09_40,24060.60,24094.70,24056.60,24094.00,0,
29_06_2026_09_45,24092.70,24095.20,24078.30,24082.70,0,
29_06_2026_09_50,24083.80,24086.20,24069.40,24072.20,0,
29_06_2026_09_55,24073.70,24082.80,24063.20,24075.60,0,
29_06_2026_10_00,24076.60,24088.00,24053.20,24053.40,0,
29_06_2026_10_05,24054.70,24079.80,24051.80,24069.20,0,
29_06_2026_10_10,24070.30,24077.10,24057.60,24061.80,0,
29_06_2026_10_15,24061.90,24065.10,24052.60,24063.90,0,
29_06_2026_10_20,24063.80,24103.10,24057.50,24103.10,0,
29_06_2026_10_25,24105.20,24120.00,24101.00,24112.20,0,
29_06_2026_10_30,24112.80,24117.20,24096.60,24105.30,0,
29_06_2026_10_35,24107.10,24109.80,24091.30,24100.20,0,
29_06_2026_10_40,24101.30,24116.40,24094.70,24112.30,0,
29_06_2026_10_45,24115.50,24115.50,24081.70,24082.70,0,
29_06_2026_10_50,24083.80,24084.10,24047.40,24056.80,0,
29_06_2026_10_55,24057.70,24073.20,24051.20,24066.30,0,
29_06_2026_11_00,24066.90,24088.80,24058.20,24084.80,0,
29_06_2026_11_05,24085.50,24090.90,24068.80,24078.00,0,
29_06_2026_11_10,24078.70,24086.20,24070.30,24073.00,0,
29_06_2026_11_15,24072.40,24084.20,24070.80,24078.60,0,
29_06_2026_11_20,24079.60,24079.60,24062.80,24063.30,0,
29_06_2026_11_25,24065.70,24068.90,24056.50,24061.20,0,
29_06_2026_11_30,24062.30,24065.20,24018.70,24027.90,0,
29_06_2026_11_35,24030.80,24046.70,24027.80,24042.20,0,
29_06_2026_11_40,24042.40,24045.10,24031.60,24031.60,0,
29_06_2026_11_45,24032.40,24036.90,24026.20,24026.70,0,
29_06_2026_11_50,24027.70,24027.70,24002.90,24003.20,0,
29_06_2026_11_55,24004.40,24020.50,24002.10,24011.20,0,
29_06_2026_12_00,24012.90,24019.20,24007.80,24009.20,0,
29_06_2026_12_05,24009.80,24016.20,24006.20,24012.90,0,
29_06_2026_12_10,24015.20,24016.60,23989.80,23993.70,0,
29_06_2026_12_15,23995.90,23999.10,23973.60,23974.20,0,
29_06_2026_12_20,23974.90,23984.20,23972.80,23979.20,0,
29_06_2026_12_25,23981.90,23984.60,23964.80,23968.40,0,
29_06_2026_12_30,23968.40,23975.10,23934.20,23943.40,0,
29_06_2026_12_35,23944.50,23949.80,23933.30,23933.60,0,
29_06_2026_12_40,23934.10,23945.30,23925.40,23944.40,0,
29_06_2026_12_45,23945.00,23963.00,23944.30,23945.60,0,
29_06_2026_12_50,23946.40,23956.60,23941.00,23951.90,0,
29_06_2026_12_55,23951.90,23968.60,23950.80,23963.30,0,
29_06_2026_13_00,23964.20,23970.40,23946.00,23961.50,0,
29_06_2026_13_05,23961.30,23979.60,23951.80,23979.10,0,
29_06_2026_13_10,23979.10,23979.70,23961.60,23962.70,0,
29_06_2026_13_15,23962.20,23962.20,23944.80,23950.40,0,
29_06_2026_13_20,23951.00,23956.70,23946.40,23950.60,0,
29_06_2026_13_25,23951.80,23967.30,23948.30,23965.20,0,
29_06_2026_13_30,23965.70,23981.20,23954.20,23954.40,0,
29_06_2026_13_35,23955.10,23970.20,23948.60,23958.80,0,
29_06_2026_13_40,23959.70,23965.90,23935.80,23940.40,0,
29_06_2026_13_45,23940.70,23953.90,23937.20,23938.80,0,
29_06_2026_13_50,23938.90,23949.80,23926.30,23949.00,0,
29_06_2026_13_55,23949.30,23959.20,23942.40,23947.70,0,
29_06_2026_14_00,23947.10,23967.60,23945.10,23952.10,0,
29_06_2026_14_05,23952.40,23964.70,23950.50,23953.10,0,
29_06_2026_14_10,23954.20,23962.80,23947.50,23958.30,0,
29_06_2026_14_15,23960.20,23966.50,23952.20,23963.70,0,
29_06_2026_14_20,23965.20,23972.60,23947.20,23948.20,0,
29_06_2026_14_25,23948.50,23958.60,23944.10,23950.80,0,
29_06_2026_14_30,23951.40,23970.00,23934.20,23964.40,0,
29_06_2026_14_35,23965.20,23968.10,23942.50,23949.20,0,
29_06_2026_14_40,23950.10,23970.60,23948.80,23964.20,0,
29_06_2026_14_45,23965.20,23970.30,23958.50,23965.80,0,
29_06_2026_14_50,23965.60,23966.60,23941.50,23945.00,0,
29_06_2026_14_55,23944.90,23951.10,23927.10,23930.60,0,
29_06_2026_15_00,23931.10,23987.20,23924.60,23942.00,0,
29_06_2026_15_05,23940.70,23957.80,23930.90,23949.80,0,
29_06_2026_15_10,23949.50,23949.50,23925.20,23943.20,0,
29_06_2026_15_15,23943.70,23953.10,23932.90,23949.20,0,
29_06_2026_15_20,23949.20,23955.90,23937.20,23950.60,0,
29_06_2026_15_25,23951.50,23985.20,23942.70,23978.50,0,
30_06_2026_09_15,24031.60,24035.60,23934.10,23942.20,0,
30_06_2026_09_20,23941.30,23941.40,23894.90,23901.50,0,
30_06_2026_09_25,23901.20,23912.80,23890.80,23896.90,0,
30_06_2026_09_30,23896.70,23899.50,23867.40,23873.30,0,
30_06_2026_09_35,23872.70,23889.60,23866.80,23875.10,0,
30_06_2026_09_40,23874.60,23881.70,23861.50,23870.30,0,
30_06_2026_09_45,23870.50,23873.10,23852.20,23856.70,0,
30_06_2026_09_50,23857.10,23872.30,23851.90,23865.90,0,
30_06_2026_09_55,23864.60,23890.10,23863.90,23881.70,0,
30_06_2026_10_00,23881.10,23914.90,23878.70,23914.90,0,
30_06_2026_10_05,23915.60,23916.10,23872.70,23874.20,0,
30_06_2026_10_10,23874.10,23897.20,23872.80,23889.80,0,
30_06_2026_10_15,23889.60,23896.30,23881.90,23890.90,0,
30_06_2026_10_20,23889.90,23893.70,23871.30,23892.80,0,
30_06_2026_10_25,23892.20,23905.10,23889.10,23891.40,0,
30_06_2026_10_30,23891.30,23901.00,23882.10,23899.10,0,
30_06_2026_10_35,23899.60,23907.60,23892.40,23894.60,0,
30_06_2026_10_40,23894.80,23896.30,23874.70,23890.50,0,
30_06_2026_10_45,23890.30,23915.50,23887.20,23915.10,0,
30_06_2026_10_50,23915.00,23923.60,23906.00,23907.00,0,
30_06_2026_10_55,23906.80,23914.20,23878.70,23878.70,0,
30_06_2026_11_00,23879.00,23895.10,23872.60,23883.00,0,
30_06_2026_11_05,23882.30,23892.60,23876.80,23892.20,0,
30_06_2026_11_10,23892.60,23944.90,23890.40,23938.10,0,
30_06_2026_11_15,23938.30,23943.20,23924.90,23934.40,0,
30_06_2026_11_20,23933.60,23998.60,23931.40,23997.00,0,
30_06_2026_11_25,23996.70,23998.20,23972.10,23976.60,0,
30_06_2026_11_30,23976.70,23979.20,23940.70,23946.30,0,
30_06_2026_11_35,23945.70,23947.10,23919.80,23945.40,0,
30_06_2026_11_40,23944.90,23957.60,23930.60,23932.60,0,
30_06_2026_11_45,23932.20,23937.70,23923.80,23930.00,0,
30_06_2026_11_50,23930.00,23941.60,23928.30,23940.80,0,
30_06_2026_11_55,23940.50,23951.00,23938.20,23946.20,0,
30_06_2026_12_00,23946.20,23948.60,23930.30,23935.10,0,
30_06_2026_12_05,23934.10,23936.10,23927.10,23927.90,0,
30_06_2026_12_10,23927.70,23936.10,23922.90,23925.90,0,
30_06_2026_12_15,23924.90,23932.80,23918.40,23925.20,0,
30_06_2026_12_20,23925.30,23937.40,23920.30,23937.40,0,
30_06_2026_12_25,23937.20,23938.60,23928.80,23933.20,0,
30_06_2026_12_30,23933.20,23937.90,23911.60,23921.50,0,
30_06_2026_12_35,23921.20,23946.20,23917.60,23944.70,0,
30_06_2026_12_40,23945.10,23956.20,23941.70,23951.10,0,
30_06_2026_12_45,23950.60,23962.60,23946.30,23948.10,0,
30_06_2026_12_50,23947.60,23951.40,23934.20,23946.30,0,
30_06_2026_12_55,23946.40,23964.30,23940.40,23952.40,0,
30_06_2026_13_00,23951.90,23954.30,23938.10,23945.20,0,
30_06_2026_13_05,23945.90,23947.80,23931.30,23933.70,0,
30_06_2026_13_10,23932.90,23941.90,23929.20,23934.00,0,
30_06_2026_13_15,23933.20,23944.80,23923.90,23927.80,0,
30_06_2026_13_20,23927.40,23931.60,23913.10,23919.50,0,
30_06_2026_13_25,23918.90,23941.60,23917.20,23935.20,0,
30_06_2026_13_30,23934.20,23945.00,23929.90,23937.30,0,
30_06_2026_13_35,23936.80,23942.10,23932.80,23937.60,0,
30_06_2026_13_40,23938.10,23954.90,23934.20,23946.80,0,
30_06_2026_13_45,23946.70,23947.60,23935.40,23940.50,0,
30_06_2026_13_50,23940.10,23947.80,23930.00,23931.10,0,
30_06_2026_13_55,23930.90,23932.80,23916.40,23929.40,0,
30_06_2026_14_00,23928.60,23931.90,23880.90,23887.80,0,
30_06_2026_14_05,23887.90,23902.80,23881.90,23895.90,0,
30_06_2026_14_10,23896.20,23898.90,23882.40,23885.20,0,
30_06_2026_14_15,23885.10,23901.80,23863.90,23879.80,0,
30_06_2026_14_20,23880.10,23947.80,23872.10,23947.80,0,
30_06_2026_14_25,23949.30,23972.40,23936.60,23944.40,0,
30_06_2026_14_30,23945.20,23949.50,23920.80,23942.80,0,
30_06_2026_14_35,23942.60,23949.30,23931.20,23940.80,0,
30_06_2026_14_40,23941.40,23955.80,23936.50,23945.70,0,
30_06_2026_14_45,23945.70,23948.40,23932.10,23940.80,0,
30_06_2026_14_50,23940.40,23941.90,23923.90,23936.00,0,
30_06_2026_14_55,23936.40,23944.30,23895.30,23905.30,0,
30_06_2026_15_00,23902.30,23906.20,23829.20,23841.20,0,
30_06_2026_15_05,23841.10,23866.10,23833.60,23850.20,0,
30_06_2026_15_10,23850.90,23870.20,23845.60,23864.80,0,
30_06_2026_15_15,23864.20,23881.20,23864.20,23880.60,0,
30_06_2026_15_20,23879.90,23888.70,23877.10,23884.50,0,
30_06_2026_15_25,23884.20,23922.10,23881.50,23917.80,0,
01_07_2026_09_15,23908.60,23934.90,23895.10,23918.00,0,
01_07_2026_09_20,23917.70,23923.20,23909.00,23912.80,0,
01_07_2026_09_25,23912.40,23923.90,23904.90,23922.90,0,
01_07_2026_09_30,23919.90,23937.00,23912.70,23919.60,0,
01_07_2026_09_35,23919.10,23945.90,23917.40,23940.10,0,
01_07_2026_09_40,23938.80,23949.90,23923.80,23944.20,0,
01_07_2026_09_45,23943.50,23962.20,23943.40,23949.70,0,
01_07_2026_09_50,23949.40,23964.30,23944.60,23963.20,0,
01_07_2026_09_55,23962.50,23985.50,23962.00,23981.70,0,
01_07_2026_10_00,23981.20,23996.40,23964.30,23968.10,0,
01_07_2026_10_05,23968.10,23984.20,23962.80,23982.90,0,
01_07_2026_10_10,23982.20,23989.30,23977.30,23987.10,0,
01_07_2026_10_15,23986.90,24005.90,23986.40,24005.80,0,
01_07_2026_10_20,24005.50,24020.70,23999.80,24009.30,0,
01_07_2026_10_25,24009.00,24012.60,23992.50,23997.20,0,
01_07_2026_10_30,23996.20,24004.30,23981.70,23986.40,0,
01_07_2026_10_35,23984.20,23993.60,23970.30,23975.10,0,
01_07_2026_10_40,23975.50,23978.50,23947.30,23954.10,0,
01_07_2026_10_45,23952.80,23977.90,23951.70,23973.80,0,
01_07_2026_10_50,23973.40,23983.70,23960.40,23979.70,0,
01_07_2026_10_55,23979.90,23983.00,23968.90,23976.40,0,
01_07_2026_11_00,23975.80,23987.30,23975.20,23982.70,0,
01_07_2026_11_05,23982.70,23994.30,23982.00,23994.10,0,
01_07_2026_11_10,23992.90,24020.90,23991.80,24019.50,0,
01_07_2026_11_15,24018.80,24026.80,24014.60,24020.80,0,
01_07_2026_11_20,24020.80,24024.10,24007.10,24007.80,0,
01_07_2026_11_25,24007.30,24011.80,23998.60,24008.80,0,
01_07_2026_11_30,24008.30,24013.70,23993.20,23993.40,0,
01_07_2026_11_35,23992.30,23998.40,23986.00,23997.40,0,
01_07_2026_11_40,23997.10,24013.30,23994.40,24011.70,0,
01_07_2026_11_45,24011.80,24021.40,24009.20,24019.30,0,
01_07_2026_11_50,24018.80,24022.50,24001.70,24004.10,0,
01_07_2026_11_55,24003.10,24028.60,23998.20,24026.50,0,
01_07_2026_12_00,24026.10,24032.40,24021.40,24023.30,0,
01_07_2026_12_05,24022.90,24049.90,24022.60,24045.10,0,
01_07_2026_12_10,24043.80,24045.20,24020.20,24023.50,0,
01_07_2026_12_15,24023.50,24033.70,24018.20,24028.60,0,
01_07_2026_12_20,24027.90,24036.90,24013.50,24034.30,0,
01_07_2026_12_25,24033.50,24036.20,23994.30,23997.60,0,
01_07_2026_12_30,23997.50,24033.90,23997.50,24029.30,0,
01_07_2026_12_35,24028.50,24043.20,24028.50,24037.90,0,
01_07_2026_12_40,24037.70,24038.70,24016.30,24024.10,0,
01_07_2026_12_45,24023.70,24029.60,24019.60,24024.80,0,
01_07_2026_12_50,24024.20,24030.60,24019.60,24020.20,0,
01_07_2026_12_55,24020.20,24027.10,24016.30,24022.90,0,
01_07_2026_13_00,24022.40,24029.40,24007.20,24010.80,0,
01_07_2026_13_05,24010.20,24019.30,24010.20,24015.20,0,
01_07_2026_13_10,24014.80,24028.10,24014.10,24028.10,0,
01_07_2026_13_15,24026.60,24033.30,24024.20,24030.10,0,
01_07_2026_13_20,24029.40,24030.80,24014.90,24017.90,0,
01_07_2026_13_25,24017.60,24024.80,24011.30,24012.80,0,
01_07_2026_13_30,24012.90,24019.30,24002.10,24017.40,0,
01_07_2026_13_35,24016.60,24047.70,24016.60,24040.50,0,
01_07_2026_13_40,24039.80,24041.90,24021.10,24029.60,0,
01_07_2026_13_45,24028.10,24032.70,24014.60,24024.90,0,
01_07_2026_13_50,24024.20,24025.60,24018.40,24020.30,0,
01_07_2026_13_55,24019.80,24025.40,24016.00,24018.30,0,
01_07_2026_14_00,24018.10,24027.90,24011.20,24025.30,0,
01_07_2026_14_05,24024.30,24035.80,24020.70,24034.40,0,
01_07_2026_14_10,24034.30,24044.20,24032.10,24035.30,0,
01_07_2026_14_15,24036.10,24040.70,24029.20,24030.60,0,
01_07_2026_14_20,24030.10,24038.90,24029.30,24038.00,0,
01_07_2026_14_25,24037.60,24041.70,24023.40,24028.60,0,
01_07_2026_14_30,24027.20,24031.30,24016.30,24016.30,0,
01_07_2026_14_35,24016.90,24022.70,23999.20,23999.40,0,
01_07_2026_14_40,23999.00,24022.20,23991.80,24020.80,0,
01_07_2026_14_45,24020.50,24024.40,24009.80,24011.20,0,
01_07_2026_14_50,24011.40,24025.60,24009.70,24023.40,0,
01_07_2026_14_55,24023.90,24038.30,24017.90,24035.70,0,
01_07_2026_15_00,24036.80,24048.20,24013.20,24018.70,0,
01_07_2026_15_05,24017.30,24018.60,23999.20,24002.30,0,
01_07_2026_15_10,24001.30,24018.70,24001.30,24006.20,0,
01_07_2026_15_15,24005.60,24010.40,23996.30,23998.60,0,
01_07_2026_15_20,23999.20,24002.80,23991.80,23999.90,0,
01_07_2026_15_25,24000.00,24000.80,23980.70,23987.90,0,
02_07_2026_09_15,24072.80,24097.70,24058.80,24094.20,0,
02_07_2026_09_20,24093.30,24127.60,24092.80,24122.80,0,
02_07_2026_09_25,24123.50,24127.60,24109.30,24111.70,0,
02_07_2026_09_30,24110.10,24132.60,24108.10,24124.90,0,
02_07_2026_09_35,24124.40,24150.30,24123.80,24148.20,0,
02_07_2026_09_40,24147.90,24159.40,24140.60,24148.10,0,
02_07_2026_09_45,24147.80,24155.40,24141.20,24146.90,0,
02_07_2026_09_50,24147.40,24149.90,24134.80,24136.20,0,
02_07_2026_09_55,24135.60,24138.70,24124.20,24129.40,0,
02_07_2026_10_00,24129.60,24130.80,24106.20,24117.30,0,
02_07_2026_10_05,24117.00,24121.10,24080.60,24099.80,0,
02_07_2026_10_10,24099.20,24112.40,24075.60,24075.80,0,
02_07_2026_10_15,24075.30,24089.60,24070.30,24088.90,0,
02_07_2026_10_20,24088.30,24101.50,24087.20,24099.40,0,
02_07_2026_10_25,24099.50,24115.90,24093.30,24107.10,0,
02_07_2026_10_30,24106.10,24110.80,24088.90,24094.20,0,
02_07_2026_10_35,24092.40,24113.90,24090.90,24113.80,0,
02_07_2026_10_40,24113.00,24116.00,24104.40,24110.60,0,
02_07_2026_10_45,24110.60,24116.80,24102.60,24108.80,0,
02_07_2026_10_50,24107.30,24113.80,24101.80,24106.70,0,
02_07_2026_10_55,24105.60,24113.40,24101.90,24111.10,0,
02_07_2026_11_00,24111.10,24115.80,24101.20,24108.10,0,
02_07_2026_11_05,24107.90,24110.30,24097.70,24098.70,0,
02_07_2026_11_10,24099.20,24103.90,24090.10,24103.80,0,
02_07_2026_11_15,24103.60,24104.60,24095.90,24101.40,0,
02_07_2026_11_20,24101.40,24103.20,24088.90,24101.60,0,
02_07_2026_11_25,24101.80,24106.10,24085.70,24087.30,0,
02_07_2026_11_30,24087.60,24089.90,24078.70,24085.20,0,
02_07_2026_11_35,24084.80,24086.20,24072.80,24074.20,0,
02_07_2026_11_40,24073.90,24083.80,24067.50,24083.80,0,
02_07_2026_11_45,24083.60,24095.10,24080.80,24086.00,0,
02_07_2026_11_50,24086.90,24103.50,24086.20,24095.80,0,
02_07_2026_11_55,24094.60,24106.70,24094.00,24099.60,0,
02_07_2026_12_00,24099.10,24111.30,24094.80,24101.80,0,
02_07_2026_12_05,24102.90,24110.80,24101.40,24107.50,0,
02_07_2026_12_10,24107.00,24114.10,24101.70,24112.80,0,
02_07_2026_12_15,24113.10,24127.80,24106.60,24124.10,0,
02_07_2026_12_20,24123.70,24130.40,24118.60,24124.00,0,
02_07_2026_12_25,24124.20,24133.20,24119.70,24131.80,0,
02_07_2026_12_30,24132.10,24133.80,24118.60,24122.40,0,
02_07_2026_12_35,24123.00,24137.70,24120.20,24132.70,0,
02_07_2026_12_40,24133.10,24135.40,24116.80,24121.80,0,
02_07_2026_12_45,24122.20,24133.40,24114.70,24129.60,0,
02_07_2026_12_50,24129.00,24129.60,24121.30,24124.30,0,
02_07_2026_12_55,24124.00,24126.00,24113.60,24119.40,0,
02_07_2026_13_00,24119.40,24135.30,24115.80,24133.60,0,
02_07_2026_13_05,24133.30,24145.10,24131.10,24141.60,0,
02_07_2026_13_10,24141.80,24145.80,24136.70,24143.20,0,
02_07_2026_13_15,24142.80,24153.40,24141.80,24151.60,0,
02_07_2026_13_20,24151.90,24152.70,24137.80,24149.20,0,
02_07_2026_13_25,24149.90,24155.30,24139.20,24141.80,0,
02_07_2026_13_30,24141.80,24150.60,24137.10,24146.60,0,
02_07_2026_13_35,24145.20,24152.40,24128.60,24139.30,0,
02_07_2026_13_40,24139.20,24141.20,24131.30,24134.20,0,
02_07_2026_13_45,24133.80,24138.60,24127.80,24130.90,0,
02_07_2026_13_50,24130.70,24140.80,24130.60,24133.40,0,
02_07_2026_13_55,24133.40,24137.60,24126.00,24131.20,0,
02_07_2026_14_00,24131.70,24141.70,24128.80,24137.40,0,
02_07_2026_14_05,24137.40,24142.80,24129.20,24132.90,0,
02_07_2026_14_10,24132.90,24139.40,24128.80,24132.30,0,
02_07_2026_14_15,24132.20,24138.90,24127.40,24132.70,0,
02_07_2026_14_20,24133.40,24155.30,24130.40,24147.10,0,
02_07_2026_14_25,24146.90,24147.90,24131.10,24140.20,0,
02_07_2026_14_30,24140.50,24157.90,24138.90,24149.70,0,
02_07_2026_14_35,24151.00,24176.30,24148.20,24173.40,0,
02_07_2026_14_40,24173.70,24183.90,24170.80,24176.80,0,
02_07_2026_14_45,24176.20,24194.60,24175.20,24182.70,0,
02_07_2026_14_50,24183.60,24192.30,24178.80,24182.80,0,
02_07_2026_14_55,24183.10,24192.90,24172.60,24190.80,0,
02_07_2026_15_00,24191.10,24193.40,24169.40,24171.90,0,
02_07_2026_15_05,24173.30,24189.30,24171.80,24178.90,0,
02_07_2026_15_10,24180.50,24183.60,24169.70,24176.50,0,
02_07_2026_15_15,24176.90,24179.50,24153.40,24156.00,0,
02_07_2026_15_20,24155.90,24169.70,24153.60,24167.20,0,
02_07_2026_15_25,24167.60,24172.60,24158.00,24167.20,0,
03_07_2026_09_15,24368.00,24378.20,24295.20,24302.60,0,
03_07_2026_09_20,24302.90,24339.60,24299.40,24335.10,0,
03_07_2026_09_25,24335.90,24350.90,24334.20,24347.80,0,
03_07_2026_09_30,24349.00,24366.80,24348.40,24355.70,0,
03_07_2026_09_35,24357.80,24365.20,24346.50,24359.50,0,
03_07_2026_09_40,24361.80,24361.80,24334.50,24336.80,0,
03_07_2026_09_45,24338.50,24344.80,24324.80,24329.90,0,
03_07_2026_09_50,24331.40,24344.30,24330.00,24337.00,0,
03_07_2026_09_55,24337.00,24341.90,24323.00,24333.20,0,
03_07_2026_10_00,24335.30,24341.90,24313.10,24315.20,0,
03_07_2026_10_05,24315.20,24341.80,24311.80,24337.50,0,
03_07_2026_10_10,24338.50,24342.20,24328.40,24330.60,0,
03_07_2026_10_15,24332.00,24335.60,24317.80,24326.70,0,
03_07_2026_10_20,24325.80,24344.40,24315.40,24339.40,0,
03_07_2026_10_25,24340.70,24352.70,24339.30,24345.10,0,
03_07_2026_10_30,24347.10,24350.60,24340.70,24344.70,0,
03_07_2026_10_35,24346.40,24351.50,24339.30,24340.20,0,
03_07_2026_10_40,24341.90,24342.70,24335.60,24340.30,0,
03_07_2026_10_45,24342.10,24349.50,24336.80,24347.10,0,
03_07_2026_10_50,24348.40,24349.40,24341.90,24346.80,0,
03_07_2026_10_55,24347.20,24348.60,24339.60,24340.80,0,
03_07_2026_11_00,24342.10,24354.00,24337.60,24346.50,0,
03_07_2026_11_05,24348.80,24351.80,24331.10,24332.40,0,
03_07_2026_11_10,24334.10,24334.20,24320.70,24322.70,0,
03_07_2026_11_15,24324.70,24332.00,24323.40,24330.20,0,
03_07_2026_11_20,24331.60,24333.50,24319.10,24324.60,0,
03_07_2026_11_25,24326.90,24331.70,24321.20,24328.30,0,
03_07_2026_11_30,24329.80,24333.20,24322.90,24327.80,0,
03_07_2026_11_35,24329.20,24335.80,24323.50,24335.70,0,
03_07_2026_11_40,24337.60,24345.80,24333.50,24338.20,0,
03_07_2026_11_45,24338.40,24344.80,24334.70,24337.60,0,
03_07_2026_11_50,24339.30,24350.00,24336.90,24347.20,0,
03_07_2026_11_55,24348.90,24356.80,24344.20,24353.40,0,
03_07_2026_12_00,24357.20,24360.40,24350.80,24357.80,0,
03_07_2026_12_05,24357.80,24370.70,24354.40,24364.40,0,
03_07_2026_12_10,24364.30,24373.20,24359.20,24369.70,0,
03_07_2026_12_15,24370.00,24373.30,24361.60,24366.90,0,
03_07_2026_12_20,24368.80,24369.00,24354.80,24360.80,0,
03_07_2026_12_25,24361.50,24365.60,24352.90,24362.20,0,
03_07_2026_12_30,24362.40,24365.00,24350.30,24351.90,0,
03_07_2026_12_35,24352.50,24357.00,24344.20,24349.70,0,
03_07_2026_12_40,24350.60,24351.90,24339.40,24345.60,0,
03_07_2026_12_45,24346.90,24354.80,24341.70,24354.20,0,
03_07_2026_12_50,24354.50,24361.20,24350.10,24354.80,0,
03_07_2026_12_55,24355.80,24359.40,24349.40,24353.40,0,
03_07_2026_13_00,24355.10,24355.40,24336.80,24336.90,0,
03_07_2026_13_05,24338.40,24338.40,24315.30,24319.20,0,
03_07_2026_13_10,24320.20,24328.20,24309.90,24324.30,0,
03_07_2026_13_15,24325.80,24325.80,24310.70,24315.70,0,
03_07_2026_13_20,24317.20,24321.90,24310.30,24311.20,0,
03_07_2026_13_25,24312.30,24313.00,24302.80,24305.90,0,
03_07_2026_13_30,24306.30,24308.70,24286.90,24291.80,0,
03_07_2026_13_35,24293.20,24293.20,24272.70,24289.80,0,
03_07_2026_13_40,24290.80,24298.90,24286.90,24288.90,0,
03_07_2026_13_45,24289.10,24292.70,24278.90,24292.30,0,
03_07_2026_13_50,24292.20,24298.10,24289.90,24295.10,0,
03_07_2026_13_55,24296.80,24296.90,24283.70,24285.40,0,
03_07_2026_14_00,24285.90,24292.90,24278.60,24279.70,0,
03_07_2026_14_05,24281.00,24297.20,24280.80,24291.20,0,
03_07_2026_14_10,24292.90,24295.80,24285.30,24287.40,0,
03_07_2026_14_15,24288.40,24288.50,24275.90,24276.90,0,
03_07_2026_14_20,24277.90,24277.90,24266.80,24271.50,0,
03_07_2026_14_25,24273.60,24274.00,24264.80,24267.80,0,
03_07_2026_14_30,24268.50,24286.80,24265.30,24279.80,0,
03_07_2026_14_35,24281.20,24287.60,24275.20,24279.10,0,
03_07_2026_14_40,24279.80,24280.70,24268.30,24271.70,0,
03_07_2026_14_45,24272.70,24278.90,24261.10,24278.90,0,
03_07_2026_14_50,24280.10,24280.10,24256.30,24261.70,0,
03_07_2026_14_55,24262.90,24264.50,24252.30,24256.20,0,
03_07_2026_15_00,24257.80,24282.80,24257.80,24273.70,0,
03_07_2026_15_05,24274.80,24282.80,24267.60,24279.30,0,
03_07_2026_15_10,24280.20,24282.20,24270.20,24272.10,0,
03_07_2026_15_15,24273.40,24274.20,24264.70,24268.10,0,
03_07_2026_15_20,24269.80,24275.90,24263.00,24264.20,0,
03_07_2026_15_25,24267.10,24272.10,24258.80,24271.20,0,
06_07_2026_09_15,24306.80,24359.40,24287.10,24354.30,0,
06_07_2026_09_20,24355.80,24360.20,24340.80,24344.20,0,
06_07_2026_09_25,24346.80,24353.60,24337.20,24352.50,0,
06_07_2026_09_30,24353.20,24369.90,24351.40,24369.30,0,
06_07_2026_09_35,24370.10,24379.90,24362.90,24372.30,0,
06_07_2026_09_40,24373.90,24376.90,24366.40,24368.90,0,
06_07_2026_09_45,24369.30,24394.40,24366.00,24382.00,0,
06_07_2026_09_50,24383.40,24392.90,24380.20,24382.00,0,
06_07_2026_09_55,24383.70,24387.20,24376.60,24384.70,0,
06_07_2026_10_00,24385.20,24395.80,24378.20,24382.80,0,
06_07_2026_10_05,24383.20,24384.40,24373.10,24382.70,0,
06_07_2026_10_10,24383.70,24387.50,24366.30,24370.20,0,
06_07_2026_10_15,24370.60,24391.60,24368.40,24390.40,0,
06_07_2026_10_20,24389.30,24403.10,24387.20,24397.20,0,
06_07_2026_10_25,24398.70,24414.70,24395.20,24405.90,0,
06_07_2026_10_30,24406.30,24414.20,24401.50,24402.20,0,
06_07_2026_10_35,24404.20,24406.00,24390.50,24393.70,0,
06_07_2026_10_40,24395.00,24404.80,24390.20,24403.10,0,
06_07_2026_10_45,24404.20,24418.60,24400.90,24416.20,0,
06_07_2026_10_50,24417.40,24424.90,24409.40,24413.50,0,
06_07_2026_10_55,24414.20,24426.90,24406.20,24424.00,0,
06_07_2026_11_00,24424.90,24428.10,24412.40,24417.90,0,
06_07_2026_11_05,24418.90,24422.80,24412.30,24414.50,0,
06_07_2026_11_10,24414.40,24419.80,24411.40,24415.80,0,
06_07_2026_11_15,24416.10,24416.50,24403.60,24405.60,0,
06_07_2026_11_20,24407.30,24426.20,24403.10,24423.20,0,
06_07_2026_11_25,24425.10,24427.10,24414.10,24419.20,0,
06_07_2026_11_30,24419.80,24422.60,24415.30,24418.80,0,
06_07_2026_11_35,24419.00,24422.70,24412.30,24418.30,0,
06_07_2026_11_40,24418.50,24420.80,24410.70,24417.30,0,
06_07_2026_11_45,24416.80,24425.60,24415.20,24420.50,0,
06_07_2026_11_50,24419.60,24422.20,24407.80,24415.30,0,
06_07_2026_11_55,24414.90,24425.70,24414.80,24425.20,0,
06_07_2026_12_00,24424.80,24431.60,24420.10,24427.70,0,
06_07_2026_12_05,24427.10,24431.20,24421.40,24430.30,0,
06_07_2026_12_10,24430.50,24443.80,24425.20,24443.20,0,
06_07_2026_12_15,24443.10,24446.60,24438.40,24442.40,0,
06_07_2026_12_20,24441.20,24444.20,24436.40,24441.10,0,
06_07_2026_12_25,24440.20,24443.20,24434.50,24441.20,0,
06_07_2026_12_30,24440.90,24451.70,24437.40,24450.80,0,
06_07_2026_12_35,24450.80,24453.50,24439.40,24440.50,0,
06_07_2026_12_40,24439.80,24447.00,24437.00,24444.30,0,
06_07_2026_12_45,24443.90,24445.90,24430.20,24436.80,0,
06_07_2026_12_50,24437.20,24446.00,24426.00,24430.50,0,
06_07_2026_12_55,24430.20,24440.30,24425.60,24439.20,0,
06_07_2026_13_00,24439.00,24443.50,24431.20,24442.60,0,
06_07_2026_13_05,24442.40,24450.10,24439.30,24448.90,0,
06_07_2026_13_10,24448.40,24455.40,24444.60,24449.20,0,
06_07_2026_13_15,24449.20,24451.20,24440.40,24440.40,0,
06_07_2026_13_20,24440.60,24446.90,24435.80,24442.60,0,
06_07_2026_13_25,24442.80,24443.80,24434.90,24442.80,0,
06_07_2026_13_30,24442.40,24448.50,24434.00,24438.50,0,
06_07_2026_13_35,24440.10,24458.70,24437.30,24451.90,0,
06_07_2026_13_40,24452.20,24454.80,24436.00,24437.60,0,
06_07_2026_13_45,24437.70,24439.80,24427.90,24430.90,0,
06_07_2026_13_50,24431.20,24434.20,24414.80,24416.50,0,
06_07_2026_13_55,24416.50,24417.30,24406.10,24409.20,0,
06_07_2026_14_00,24410.10,24417.80,24407.10,24417.20,0,
06_07_2026_14_05,24417.20,24423.60,24403.10,24408.20,0,
06_07_2026_14_10,24408.20,24415.20,24399.20,24400.80,0,
06_07_2026_14_15,24401.10,24407.60,24398.00,24401.40,0,
06_07_2026_14_20,24401.90,24411.00,24396.30,24410.40,0,
06_07_2026_14_25,24410.20,24416.20,24400.90,24405.60,0,
06_07_2026_14_30,24405.80,24410.80,24402.40,24409.40,0,
06_07_2026_14_35,24409.50,24420.40,24407.20,24410.30,0,
06_07_2026_14_40,24410.70,24412.40,24395.10,24397.10,0,
06_07_2026_14_45,24397.30,24403.20,24382.40,24384.30,0,
06_07_2026_14_50,24384.40,24410.90,24382.80,24409.90,0,
06_07_2026_14_55,24410.20,24417.10,24401.40,24404.60,0,
06_07_2026_15_00,24405.80,24429.60,24405.80,24428.30,0,
06_07_2026_15_05,24428.40,24447.70,24426.90,24440.60,0,
06_07_2026_15_10,24440.40,24442.90,24435.60,24437.20,0,
06_07_2026_15_15,24438.20,24438.20,24429.80,24433.10,0,
06_07_2026_15_20,24432.80,24438.30,24430.60,24437.50,0,
06_07_2026_15_25,24436.90,24441.40,24417.90,24423.90,0,
07_07_2026_09_15,24464.40,24488.40,24430.70,24460.70,0,
07_07_2026_09_20,24460.20,24474.90,24446.00,24458.10,0,
07_07_2026_09_25,24458.00,24460.90,24427.00,24455.80,0,
07_07_2026_09_30,24456.80,24458.20,24426.20,24427.10,0,
07_07_2026_09_35,24427.60,24459.90,24423.50,24439.20,0,
07_07_2026_09_40,24439.80,24462.70,24439.80,24459.20,0,
07_07_2026_09_45,24458.90,24471.60,24450.40,24465.60,0,
07_07_2026_09_50,24465.60,24473.80,24458.90,24464.00,0,
07_07_2026_09_55,24463.90,24476.80,24463.90,24475.60,0,
07_07_2026_10_00,24474.90,24487.20,24471.80,24479.00,0,
07_07_2026_10_05,24478.60,24489.80,24467.80,24489.20,0,
07_07_2026_10_10,24488.90,24495.70,24482.30,24483.20,0,
07_07_2026_10_15,24483.30,24497.20,24481.40,24494.80,0,
07_07_2026_10_20,24494.20,24505.10,24490.20,24493.40,0,
07_07_2026_10_25,24493.80,24501.80,24485.80,24490.40,0,
07_07_2026_10_30,24490.70,24497.60,24484.40,24490.80,0,
07_07_2026_10_35,24490.30,24497.10,24482.90,24484.80,0,
07_07_2026_10_40,24485.10,24492.40,24469.10,24470.20,0,
07_07_2026_10_45,24470.70,24491.10,24465.30,24488.90,0,
07_07_2026_10_50,24488.20,24489.50,24469.80,24479.80,0,
07_07_2026_10_55,24479.50,24482.80,24470.90,24480.80,0,
07_07_2026_11_00,24480.80,24499.20,24480.10,24493.80,0,
07_07_2026_11_05,24494.40,24509.10,24493.20,24504.60,0,
07_07_2026_11_10,24504.40,24518.10,24501.70,24512.60,0,
07_07_2026_11_15,24512.60,24513.50,24502.20,24506.50,0,
07_07_2026_11_20,24506.50,24519.90,24503.80,24510.10,0,
07_07_2026_11_25,24509.70,24525.80,24509.70,24519.60,0,
07_07_2026_11_30,24519.40,24524.30,24514.20,24515.10,0,
07_07_2026_11_35,24514.70,24518.60,24510.20,24516.00,0,
07_07_2026_11_40,24516.20,24518.30,24507.80,24510.40,0,
07_07_2026_11_45,24510.40,24516.20,24503.10,24506.10,0,
07_07_2026_11_50,24505.90,24521.80,24503.70,24520.60,0,
07_07_2026_11_55,24520.90,24528.00,24518.90,24524.60,0,
07_07_2026_12_00,24525.20,24530.90,24518.20,24521.20,0,
07_07_2026_12_05,24521.20,24526.70,24514.00,24518.90,0,
07_07_2026_12_10,24519.20,24522.10,24499.30,24504.80,0,
07_07_2026_12_15,24504.70,24511.80,24485.90,24486.70,0,
07_07_2026_12_20,24486.70,24503.10,24486.70,24493.70,0,
07_07_2026_12_25,24494.40,24500.40,24491.10,24493.10,0,
07_07_2026_12_30,24492.90,24495.00,24461.70,24474.00,0,
07_07_2026_12_35,24473.70,24474.10,24446.10,24464.60,0,
07_07_2026_12_40,24464.20,24475.70,24458.60,24472.40,0,
07_07_2026_12_45,24473.20,24479.20,24460.20,24468.60,0,
07_07_2026_12_50,24469.20,24479.70,24457.20,24463.70,0,
07_07_2026_12_55,24462.90,24469.70,24448.50,24468.60,0,
07_07_2026_13_00,24467.70,24468.40,24455.20,24460.70,0,
07_07_2026_13_05,24460.50,24462.10,24446.30,24449.20,0,
07_07_2026_13_10,24448.90,24452.90,24425.40,24436.40,0,
07_07_2026_13_15,24436.20,24438.90,24419.60,24424.80,0,
07_07_2026_13_20,24424.80,24429.60,24420.20,24426.10,0,
07_07_2026_13_25,24426.20,24445.20,24426.20,24443.10,0,
07_07_2026_13_30,24442.70,24445.60,24430.30,24431.20,0,
07_07_2026_13_35,24431.00,24437.20,24418.40,24426.40,0,
07_07_2026_13_40,24426.50,24446.10,24424.60,24438.20,0,
07_07_2026_13_45,24439.00,24453.70,24435.10,24435.60,0,
07_07_2026_13_50,24434.30,24445.40,24433.40,24435.40,0,
07_07_2026_13_55,24434.70,24457.10,24433.80,24452.20,0,
07_07_2026_14_00,24451.80,24456.20,24443.10,24453.40,0,
07_07_2026_14_05,24452.90,24464.90,24449.20,24463.70,0,
07_07_2026_14_10,24463.70,24467.70,24457.90,24461.40,0,
07_07_2026_14_15,24461.50,24465.40,24451.80,24456.40,0,
07_07_2026_14_20,24456.60,24458.60,24448.10,24448.30,0,
07_07_2026_14_25,24448.80,24458.20,24446.90,24453.60,0,
07_07_2026_14_30,24453.90,24463.60,24453.90,24459.00,0,
07_07_2026_14_35,24459.00,24473.10,24458.60,24465.80,0,
07_07_2026_14_40,24465.90,24468.30,24454.90,24465.60,0,
07_07_2026_14_45,24465.60,24470.90,24455.60,24466.00,0,
07_07_2026_14_50,24466.20,24469.40,24462.00,24464.40,0,
07_07_2026_14_55,24464.60,24471.40,24453.80,24456.10,0,
07_07_2026_15_00,24456.40,24459.30,24412.30,24426.90,0,
07_07_2026_15_05,24426.50,24426.90,24404.80,24405.10,0,
07_07_2026_15_10,24405.70,24406.10,24390.20,24397.80,0,
07_07_2026_15_15,24398.50,24401.80,24382.70,24389.00,0,
07_07_2026_15_20,24389.10,24389.30,24366.80,24368.70,0,
07_07_2026_15_25,24368.60,24371.80,24348.90,24355.10,0,
08_07_2026_09_15,24247.20,24288.80,24229.90,24284.40,0,
08_07_2026_09_20,24285.50,24295.20,24246.00,24246.00,0,
08_07_2026_09_25,24246.50,24248.20,24232.10,24239.20,0,
08_07_2026_09_30,24239.60,24240.90,24215.30,24220.10,0,
08_07_2026_09_35,24221.40,24224.80,24207.20,24217.20,0,
08_07_2026_09_40,24217.70,24235.40,24213.20,24226.20,0,
08_07_2026_09_45,24227.40,24250.40,24223.30,24248.90,0,
08_07_2026_09_50,24250.50,24267.20,24242.60,24251.10,0,
08_07_2026_09_55,24252.40,24263.80,24244.20,24251.80,0,
08_07_2026_10_00,24250.80,24254.20,24238.20,24241.30,0,
08_07_2026_10_05,24240.80,24247.30,24233.00,24240.70,0,
08_07_2026_10_10,24240.70,24258.10,24234.90,24238.20,0,
08_07_2026_10_15,24236.20,24250.80,24228.30,24250.80,0,
08_07_2026_10_20,24249.80,24251.50,24223.20,24224.20,0,
08_07_2026_10_25,24224.50,24247.70,24219.20,24245.20,0,
08_07_2026_10_30,24246.10,24265.30,24245.80,24254.20,0,
08_07_2026_10_35,24254.90,24283.70,24253.00,24283.30,0,
08_07_2026_10_40,24283.70,24294.20,24277.90,24279.20,0,
08_07_2026_10_45,24281.40,24283.20,24268.80,24277.40,0,
08_07_2026_10_50,24278.10,24283.20,24270.60,24273.20,0,
08_07_2026_10_55,24273.80,24294.30,24269.20,24293.50,0,
08_07_2026_11_00,24294.60,24298.30,24284.60,24288.80,0,
08_07_2026_11_05,24289.60,24295.70,24280.90,24290.20,0,
08_07_2026_11_10,24290.90,24300.00,24281.20,24290.60,0,
08_07_2026_11_15,24290.80,24291.00,24277.80,24282.70,0,
08_07_2026_11_20,24283.80,24289.10,24274.80,24286.50,0,
08_07_2026_11_25,24287.90,24294.40,24278.40,24285.20,0,
08_07_2026_11_30,24286.20,24286.20,24263.70,24269.50,0,
08_07_2026_11_35,24270.20,24270.40,24257.60,24267.20,0,
08_07_2026_11_40,24267.20,24270.20,24252.60,24259.00,0,
08_07_2026_11_45,24259.60,24261.60,24248.80,24251.20,0,
08_07_2026_11_50,24252.30,24255.80,24244.00,24252.80,0,
08_07_2026_11_55,24254.80,24259.40,24233.60,24248.90,0,
08_07_2026_12_00,24249.70,24252.30,24233.80,24234.90,0,
08_07_2026_12_05,24235.40,24243.90,24225.60,24226.90,0,
08_07_2026_12_10,24229.00,24233.80,24218.40,24222.40,0,
08_07_2026_12_15,24224.10,24233.90,24208.40,24230.50,0,
08_07_2026_12_20,24231.70,24234.20,24205.00,24206.00,0,
08_07_2026_12_25,24207.70,24216.20,24202.60,24206.60,0,
08_07_2026_12_30,24207.60,24208.40,24189.20,24195.40,0,
08_07_2026_12_35,24196.20,24199.40,24184.00,24191.80,0,
08_07_2026_12_40,24191.90,24206.30,24186.90,24204.70,0,
08_07_2026_12_45,24206.10,24210.30,24197.80,24204.60,0,
08_07_2026_12_50,24205.90,24221.30,24203.90,24219.30,0,
08_07_2026_12_55,24220.80,24225.30,24210.60,24215.90,0,
08_07_2026_13_00,24217.20,24233.30,24214.80,24225.20,0,
08_07_2026_13_05,24226.60,24235.80,24216.20,24218.80,0,
08_07_2026_13_10,24219.90,24223.90,24214.90,24216.90,0,
08_07_2026_13_15,24217.90,24225.70,24209.50,24224.40,0,
08_07_2026_13_20,24225.40,24230.10,24214.40,24225.70,0,
08_07_2026_13_25,24228.20,24228.20,24214.00,24216.30,0,
08_07_2026_13_30,24217.60,24220.40,24205.70,24208.80,0,
08_07_2026_13_35,24209.70,24220.50,24205.10,24214.20,0,
08_07_2026_13_40,24215.10,24216.60,24200.10,24205.20,0,
08_07_2026_13_45,24206.10,24209.10,24106.90,24120.20,0,
08_07_2026_13_50,24120.80,24121.80,24057.30,24064.20,0,
08_07_2026_13_55,24064.50,24081.60,24007.90,24009.60,0,
08_07_2026_14_00,24012.10,24026.90,23969.20,23976.40,0,
08_07_2026_14_05,23975.90,23982.60,23915.70,23923.80,0,
08_07_2026_14_10,23926.50,23934.50,23877.50,23897.60,0,
08_07_2026_14_15,23898.90,23956.60,23888.00,23912.40,0,
08_07_2026_14_20,23912.60,23926.90,23889.80,23905.30,0,
08_07_2026_14_25,23906.40,23916.90,23872.20,23874.40,0,
08_07_2026_14_30,23875.70,23918.00,23868.70,23882.70,0,
08_07_2026_14_35,23884.20,23894.40,23845.00,23859.30,0,
08_07_2026_14_40,23860.30,23870.40,23844.50,23863.20,0,
08_07_2026_14_45,23864.50,23864.50,23829.80,23840.60,0,
08_07_2026_14_50,23842.40,23848.80,23805.20,23820.70,0,
08_07_2026_14_55,23821.90,23845.10,23811.40,23828.70,0,
08_07_2026_15_00,23826.60,23883.30,23826.60,23854.20,0,
08_07_2026_15_05,23855.60,23866.10,23843.00,23861.50,0,
08_07_2026_15_10,23862.80,23885.10,23857.20,23883.30,0,
08_07_2026_15_15,23882.20,23913.50,23882.20,23903.00,0,
08_07_2026_15_20,23902.60,23919.60,23899.60,23900.90,0,
08_07_2026_15_25,23900.30,23903.10,23882.80,23895.70,0,
09_07_2026_09_15,23930.10,24003.20,23927.70,23993.40,0,
09_07_2026_09_20,23992.80,24025.80,23984.20,24024.30,0,
09_07_2026_09_25,24024.60,24038.50,24009.30,24024.20,0,
09_07_2026_09_30,24022.70,24040.80,24004.20,24037.80,0,
09_07_2026_09_35,24037.70,24051.10,24016.70,24050.70,0,
09_07_2026_09_40,24051.00,24061.80,24034.10,24047.20,0,
09_07_2026_09_45,24048.20,24067.40,24037.60,24044.30,0,
09_07_2026_09_50,24045.10,24057.10,24043.90,24049.30,0,
09_07_2026_09_55,24050.40,24063.50,24031.20,24044.70,0,
09_07_2026_10_00,24044.70,24076.80,24042.10,24052.30,0,
09_07_2026_10_05,24051.70,24070.90,24047.90,24065.60,0,
09_07_2026_10_10,24065.30,24069.90,24041.80,24044.20,0,
09_07_2026_10_15,24045.10,24053.70,24033.30,24034.10,0,
09_07_2026_10_20,24034.20,24055.70,24029.70,24055.30,0,
09_07_2026_10_25,24055.20,24058.30,24033.80,24042.80,0,
09_07_2026_10_30,24042.90,24049.10,24031.70,24040.20,0,
09_07_2026_10_35,24040.30,24042.20,23998.90,24039.40,0,
09_07_2026_10_40,24037.80,24134.70,24032.50,24077.40,0,
09_07_2026_10_45,24078.10,24082.80,24011.20,24015.60,0,
09_07_2026_10_50,24015.80,24033.90,24001.20,24033.10,0,
09_07_2026_10_55,24032.20,24032.20,24012.00,24013.90,0,
09_07_2026_11_00,24014.80,24019.70,23988.30,24019.30,0,
09_07_2026_11_05,24019.50,24023.30,24004.90,24010.80,0,
09_07_2026_11_10,24011.30,24021.20,24004.80,24015.20,0,
09_07_2026_11_15,24014.80,24029.80,24008.80,24027.70,0,
09_07_2026_11_20,24028.70,24043.80,24015.80,24039.70,0,
09_07_2026_11_25,24037.90,24090.50,24034.60,24079.80,0,
09_07_2026_11_30,24079.80,24081.60,24054.90,24061.40,0,
09_07_2026_11_35,24062.10,24062.10,24045.90,24053.30,0,
09_07_2026_11_40,24052.90,24064.90,24039.70,24056.40,0,
09_07_2026_11_45,24057.90,24059.30,24037.60,24048.60,0,
09_07_2026_11_50,24049.50,24054.30,24041.20,24047.10,0,
09_07_2026_11_55,24047.60,24054.00,24044.50,24047.70,0,
09_07_2026_12_00,24047.70,24073.90,24042.20,24073.90,0,
09_07_2026_12_05,24073.60,24076.60,24059.40,24065.70,0,
09_07_2026_12_10,24066.20,24072.20,24056.80,24060.40,0,
09_07_2026_12_15,24062.70,24071.00,24056.60,24057.20,0,
09_07_2026_12_20,24057.30,24067.30,24050.30,24065.20,0,
09_07_2026_12_25,24065.90,24071.60,24057.30,24063.30,0,
09_07_2026_12_30,24063.90,24068.40,24043.60,24044.10,0,
09_07_2026_12_35,24045.20,24047.00,24034.90,24038.10,0,
09_07_2026_12_40,24038.40,24040.00,24015.80,24023.30,0,
09_07_2026_12_45,24023.60,24038.90,24019.10,24035.60,0,
09_07_2026_12_50,24035.70,24052.40,24027.60,24049.50,0,
09_07_2026_12_55,24050.70,24054.40,24038.10,24038.40,0,
09_07_2026_13_00,24038.90,24050.60,24027.80,24046.00,0,
09_07_2026_13_05,24046.70,24050.50,24029.80,24047.30,0,
09_07_2026_13_10,24048.30,24055.60,24039.30,24051.70,0,
09_07_2026_13_15,24051.80,24058.40,24046.80,24052.30,0,
09_07_2026_13_20,24053.50,24057.20,24034.30,24037.40,0,
09_07_2026_13_25,24036.80,24041.80,24025.10,24035.60,0,
09_07_2026_13_30,24035.30,24065.80,24034.20,24060.80,0,
09_07_2026_13_35,24059.90,24082.30,24056.20,24074.10,0,
09_07_2026_13_40,24073.60,24077.00,24062.20,24069.30,0,
09_07_2026_13_45,24068.80,24076.80,24056.60,24065.30,0,
09_07_2026_13_50,24065.60,24066.10,24052.90,24054.10,0,
09_07_2026_13_55,24054.70,24058.70,24048.10,24050.10,0,
09_07_2026_14_00,24050.80,24058.50,24040.80,24046.70,0,
09_07_2026_14_05,24047.30,24053.40,24038.70,24038.70,0,
09_07_2026_14_10,24039.20,24053.20,24024.30,24049.00,0,
09_07_2026_14_15,24049.20,24062.60,24032.50,24041.20,0,
09_07_2026_14_20,24040.40,24053.60,24027.50,24051.30,0,
09_07_2026_14_25,24051.90,24062.60,24039.40,24058.80,0,
09_07_2026_14_30,24057.90,24078.60,24050.80,24067.80,0,
09_07_2026_14_35,24067.70,24070.60,24035.80,24043.10,0,
09_07_2026_14_40,24043.70,24047.40,24001.90,24026.20,0,
09_07_2026_14_45,24026.50,24033.70,24015.20,24018.30,0,
09_07_2026_14_50,24018.90,24039.50,24016.00,24033.20,0,
09_07_2026_14_55,24033.10,24044.30,24023.60,24039.70,0,
09_07_2026_15_00,24037.80,24037.80,23967.20,23968.70,0,
09_07_2026_15_05,23967.50,23975.60,23925.70,23956.00,0,
09_07_2026_15_10,23953.70,23956.10,23937.70,23940.50,0,
09_07_2026_15_15,23940.30,23958.10,23938.80,23958.10,0,
09_07_2026_15_20,23956.10,23980.40,23953.80,23969.70,0,
09_07_2026_15_25,23968.60,23983.40,23967.30,23981.90,0,
10_07_2026_09_15,24125.10,24187.90,24120.30,24162.70,0,
10_07_2026_09_20,24165.80,24178.20,24154.30,24174.80,0,
10_07_2026_09_25,24176.20,24177.60,24153.10,24168.40,0,
10_07_2026_09_30,24168.60,24188.40,24166.20,24186.00,0,
10_07_2026_09_35,24188.20,24196.80,24180.40,24192.20,0,
10_07_2026_09_40,24193.10,24208.00,24191.40,24195.10,0,
10_07_2026_09_45,24196.50,24211.60,24195.20,24208.30,0,
10_07_2026_09_50,24209.40,24210.40,24198.40,24201.70,0,
10_07_2026_09_55,24202.20,24216.80,24200.80,24216.80,0,
10_07_2026_10_00,24217.90,24226.10,24207.20,24208.40,0,
10_07_2026_10_05,24209.50,24217.80,24202.20,24210.80,0,
10_07_2026_10_10,24211.80,24223.80,24209.10,24211.20,0,
10_07_2026_10_15,24212.80,24216.10,24209.30,24211.70,0,
10_07_2026_10_20,24213.90,24215.60,24203.30,24207.60,0,
10_07_2026_10_25,24209.50,24218.80,24202.30,24203.30,0,
10_07_2026_10_30,24205.30,24206.60,24187.90,24194.20,0,
10_07_2026_10_35,24195.00,24202.30,24191.60,24195.40,0,
10_07_2026_10_40,24197.10,24211.50,24194.20,24210.80,0,
10_07_2026_10_45,24213.30,24213.30,24203.60,24205.20,0,
10_07_2026_10_50,24206.50,24213.40,24203.80,24205.90,0,
10_07_2026_10_55,24206.30,24208.80,24195.70,24199.10,0,
10_07_2026_11_00,24201.30,24206.20,24196.90,24197.10,0,
10_07_2026_11_05,24198.80,24199.10,24182.00,24183.80,0,
10_07_2026_11_10,24184.70,24185.10,24174.90,24180.00,0,
10_07_2026_11_15,24181.70,24182.20,24166.50,24173.30,0,
10_07_2026_11_20,24174.30,24178.20,24167.80,24175.60,0,
10_07_2026_11_25,24176.50,24176.50,24156.80,24157.80,0,
10_07_2026_11_30,24161.10,24170.80,24157.20,24167.20,0,
10_07_2026_11_35,24169.10,24172.30,24155.90,24162.30,0,
10_07_2026_11_40,24163.30,24167.20,24158.20,24163.10,0,
10_07_2026_11_45,24165.20,24177.30,24163.50,24175.70,0,
10_07_2026_11_50,24176.40,24176.40,24152.10,24157.30,0,
10_07_2026_11_55,24159.10,24173.10,24155.80,24170.40,0,
10_07_2026_12_00,24171.30,24185.70,24170.20,24178.80,0,
10_07_2026_12_05,24181.20,24182.50,24174.60,24176.10,0,
10_07_2026_12_10,24176.70,24177.20,24157.80,24164.80,0,
10_07_2026_12_15,24165.80,24169.50,24161.20,24164.20,0,
10_07_2026_12_20,24165.20,24173.10,24160.90,24172.80,0,
10_07_2026_12_25,24173.80,24193.50,24172.10,24189.20,0,
10_07_2026_12_30,24190.30,24190.80,24178.00,24183.80,0,
10_07_2026_12_35,24184.80,24188.00,24180.80,24183.20,0,
10_07_2026_12_40,24184.00,24194.20,24180.20,24188.20,0,
10_07_2026_12_45,24190.70,24196.20,24187.60,24188.10,0,
10_07_2026_12_50,24189.30,24199.80,24186.00,24189.00,0,
10_07_2026_12_55,24189.90,24193.60,24178.40,24181.30,0,
10_07_2026_13_00,24184.40,24201.80,24178.60,24197.20,0,
10_07_2026_13_05,24198.10,24198.80,24180.60,24181.60,0,
10_07_2026_13_10,24182.80,24187.90,24177.90,24185.80,0,
10_07_2026_13_15,24186.80,24188.40,24172.30,24172.60,0,
10_07_2026_13_20,24173.80,24174.10,24160.80,24164.00,0,
10_07_2026_13_25,24165.70,24176.90,24164.30,24176.60,0,
10_07_2026_13_30,24177.40,24186.20,24171.90,24185.40,0,
10_07_2026_13_35,24186.40,24196.60,24181.30,24196.10,0,
10_07_2026_13_40,24197.00,24203.30,24196.20,24196.80,0,
10_07_2026_13_45,24198.20,24207.30,24190.20,24192.70,0,
10_07_2026_13_50,24193.30,24198.00,24186.20,24194.50,0,
10_07_2026_13_55,24196.60,24199.30,24190.70,24193.30,0,
10_07_2026_14_00,24194.80,24199.90,24185.30,24192.80,0,
10_07_2026_14_05,24193.10,24193.10,24176.20,24177.40,0,
10_07_2026_14_10,24178.80,24188.70,24173.60,24186.40,0,
10_07_2026_14_15,24187.00,24189.90,24184.10,24189.10,0,
10_07_2026_14_20,24189.90,24206.90,24187.90,24202.10,0,
10_07_2026_14_25,24201.90,24214.50,24200.30,24212.30,0,
10_07_2026_14_30,24213.40,24214.80,24198.80,24204.80,0,
10_07_2026_14_35,24206.50,24213.80,24202.10,24212.30,0,
10_07_2026_14_40,24213.20,24216.70,24207.60,24208.50,0,
10_07_2026_14_45,24210.40,24228.40,24205.80,24220.10,0,
10_07_2026_14_50,24221.70,24221.90,24201.20,24201.70,0,
10_07_2026_14_55,24203.10,24211.00,24188.60,24198.40,0,
10_07_2026_15_00,24199.60,24219.40,24187.30,24198.60,0,
10_07_2026_15_05,24199.80,24211.90,24195.60,24211.20,0,
10_07_2026_15_10,24211.90,24218.90,24206.60,24208.70,0,
10_07_2026_15_15,24208.30,24208.70,24197.20,24203.90,0,
10_07_2026_15_20,24203.80,24215.80,24198.70,24209.10,0,
10_07_2026_15_25,24209.10,24220.90,24203.30,24211.70,0,
13_07_2026_09_15,24032.20,24044.40,24000.20,24027.40,0,
13_07_2026_09_20,24026.70,24037.30,24017.40,24023.50,0,
13_07_2026_09_25,24024.70,24033.90,24014.70,24027.40,0,
13_07_2026_09_30,24027.20,24038.70,24019.30,24028.10,0,
13_07_2026_09_35,24028.30,24070.80,24021.60,24067.90,0,
13_07_2026_09_40,24068.70,24090.10,24065.30,24075.00,0,
13_07_2026_09_45,24076.20,24108.80,24070.30,24107.40,0,
13_07_2026_09_50,24107.90,24119.90,24094.80,24116.00,0,
13_07_2026_09_55,24116.50,24122.40,24104.80,24121.20,0,
13_07_2026_10_00,24121.10,24128.80,24105.20,24110.10,0,
13_07_2026_10_05,24112.70,24122.80,24092.80,24109.30,0,
13_07_2026_10_10,24109.10,24120.30,24102.70,24114.20,0,
13_07_2026_10_15,24113.60,24120.80,24104.60,24113.80,0,
13_07_2026_10_20,24114.00,24126.70,24109.50,24119.10,0,
13_07_2026_10_25,24119.30,24157.40,24114.30,24145.80,0,
13_07_2026_10_30,24146.20,24156.20,24132.00,24154.80,0,
13_07_2026_10_35,24155.40,24156.80,24134.30,24134.50,0,
13_07_2026_10_40,24134.10,24149.10,24132.70,24141.70,0,
13_07_2026_10_45,24142.80,24147.30,24136.70,24137.30,0,
13_07_2026_10_50,24138.10,24146.20,24118.20,24123.20,0,
13_07_2026_10_55,24123.30,24140.60,24117.00,24132.60,0,
13_07_2026_11_00,24132.20,24141.20,24116.20,24139.90,0,
13_07_2026_11_05,24139.90,24150.20,24135.10,24144.40,0,
13_07_2026_11_10,24143.70,24162.10,24141.40,24146.70,0,
13_07_2026_11_15,24147.20,24149.10,24133.70,24137.60,0,
13_07_2026_11_20,24138.60,24158.80,24136.80,24146.70,0,
13_07_2026_11_25,24146.30,24149.40,24133.00,24138.20,0,
13_07_2026_11_30,24137.40,24148.80,24135.80,24148.30,0,
13_07_2026_11_35,24148.20,24152.10,24131.80,24136.00,0,
13_07_2026_11_40,24135.80,24140.30,24123.20,24130.70,0,
13_07_2026_11_45,24130.60,24149.80,24130.60,24144.80,0,
13_07_2026_11_50,24145.10,24156.70,24141.00,24142.10,0,
13_07_2026_11_55,24143.60,24147.60,24132.20,24140.50,0,
13_07_2026_12_00,24140.50,24156.20,24139.70,24154.20,0,
13_07_2026_12_05,24153.80,24160.20,24151.90,24156.70,0,
13_07_2026_12_10,24156.50,24195.60,24151.60,24182.00,0,
13_07_2026_12_15,24181.70,24198.60,24168.90,24190.70,0,
13_07_2026_12_20,24191.30,24197.50,24178.20,24183.90,0,
13_07_2026_12_25,24183.90,24187.80,24175.40,24181.80,0,
13_07_2026_12_30,24183.20,24202.80,24172.70,24200.80,0,
13_07_2026_12_35,24201.60,24213.10,24193.90,24212.10,0,
13_07_2026_12_40,24210.60,24216.70,24203.20,24214.80,0,
13_07_2026_12_45,24214.20,24221.50,24209.60,24216.70,0,
13_07_2026_12_50,24216.60,24259.80,24212.00,24238.60,0,
13_07_2026_12_55,24238.80,24239.30,24216.60,24223.80,0,
13_07_2026_13_00,24223.40,24223.50,24206.30,24211.20,0,
13_07_2026_13_05,24210.20,24220.60,24208.50,24218.70,0,
13_07_2026_13_10,24218.20,24225.20,24212.60,24222.00,0,
13_07_2026_13_15,24222.40,24222.70,24209.00,24215.50,0,
13_07_2026_13_20,24215.40,24215.90,24195.70,24201.80,0,
13_07_2026_13_25,24201.20,24203.60,24161.80,24171.40,0,
13_07_2026_13_30,24169.80,24192.90,24169.30,24185.10,0,
13_07_2026_13_35,24184.30,24203.80,24180.90,24199.20,0,
13_07_2026_13_40,24198.20,24201.50,24185.20,24191.00,0,
13_07_2026_13_45,24190.40,24200.90,24189.60,24200.60,0,
13_07_2026_13_50,24199.80,24200.20,24187.40,24192.00,0,
13_07_2026_13_55,24191.60,24200.10,24186.10,24197.30,0,
13_07_2026_14_00,24196.90,24204.20,24190.20,24200.80,0,
13_07_2026_14_05,24201.10,24209.90,24194.30,24203.20,0,
13_07_2026_14_10,24203.40,24216.60,24201.20,24215.30,0,
13_07_2026_14_15,24214.90,24224.70,24209.80,24223.20,0,
13_07_2026_14_20,24223.20,24238.20,24220.60,24229.30,0,
13_07_2026_14_25,24228.80,24231.50,24220.60,24229.40,0,
13_07_2026_14_30,24228.70,24235.00,24222.80,24233.70,0,
13_07_2026_14_35,24233.30,24233.60,24214.10,24217.80,0,
13_07_2026_14_40,24217.00,24231.30,24214.30,24227.90,0,
13_07_2026_14_45,24227.30,24239.10,24226.90,24237.30,0,
13_07_2026_14_50,24237.20,24250.80,24236.00,24250.30,0,
13_07_2026_14_55,24250.70,24250.70,24227.80,24229.70,0,
13_07_2026_15_00,24227.20,24233.60,24215.30,24227.40,0,
13_07_2026_15_05,24226.50,24229.20,24213.10,24214.80,0,
13_07_2026_15_10,24214.90,24215.80,24201.30,24205.70,0,
13_07_2026_15_15,24204.80,24208.10,24195.20,24195.80,0,
13_07_2026_15_20,24196.10,24204.00,24191.90,24202.40,0,
13_07_2026_15_25,24203.20,24211.20,24198.90,24211.20,0,
14_07_2026_09_15,24092.80,24118.80,24050.60,24109.80,0,
14_07_2026_09_20,24109.60,24151.60,24104.60,24144.80,0,
14_07_2026_09_25,24145.80,24157.10,24136.60,24140.90,0,
14_07_2026_09_30,24140.60,24147.30,24121.00,24134.40,0,
14_07_2026_09_35,24135.60,24135.70,24095.30,24104.90,0,
14_07_2026_09_40,24106.20,24106.20,24079.70,24100.20,0,
14_07_2026_09_45,24101.80,24101.80,24062.40,24079.10,0,
14_07_2026_09_50,24081.20,24081.70,24064.70,24064.70,0,
14_07_2026_09_55,24067.40,24082.30,24062.50,24077.60,0,
14_07_2026_10_00,24079.60,24089.00,24068.40,24086.80,0,
14_07_2026_10_05,24088.20,24096.80,24074.40,24094.50,0,
14_07_2026_10_10,24096.20,24097.30,24082.40,24085.20,0,
14_07_2026_10_15,24086.70,24086.70,24038.10,24047.70,0,
14_07_2026_10_20,24049.20,24075.20,24048.40,24063.40,0,
14_07_2026_10_25,24065.20,24089.00,24063.40,24086.60,0,
14_07_2026_10_30,24087.60,24109.90,24082.70,24101.10,0,
14_07_2026_10_35,24102.40,24102.70,24081.10,24094.30,0,
14_07_2026_10_40,24094.90,24103.10,24077.30,24100.50,0,
14_07_2026_10_45,24102.10,24119.80,24091.80,24119.80,0,
14_07_2026_10_50,24120.10,24121.30,24107.80,24114.10,0,
14_07_2026_10_55,24115.30,24131.30,24112.50,24121.30,0,
14_07_2026_11_00,24122.40,24134.70,24122.10,24123.50,0,
14_07_2026_11_05,24124.40,24134.50,24119.20,24128.40,0,
14_07_2026_11_10,24130.70,24146.30,24122.10,24139.20,0,
14_07_2026_11_15,24141.20,24144.00,24125.30,24133.10,0,
14_07_2026_11_20,24134.80,24141.60,24120.30,24138.80,0,
14_07_2026_11_25,24140.70,24145.40,24130.30,24141.20,0,
14_07_2026_11_30,24142.20,24142.20,24127.80,24128.80,0,
14_07_2026_11_35,24130.50,24135.20,24108.80,24117.00,0,
14_07_2026_11_40,24118.30,24119.80,24096.10,24105.00,0,
14_07_2026_11_45,24106.20,24115.40,24101.90,24108.50,0,
14_07_2026_11_50,24109.80,24126.90,24107.10,24109.70,0,
14_07_2026_11_55,24111.00,24111.00,24092.60,24102.20,0,
14_07_2026_12_00,24103.00,24116.20,24098.90,24107.20,0,
14_07_2026_12_05,24109.20,24109.20,24085.40,24096.20,0,
14_07_2026_12_10,24097.00,24101.60,24087.70,24091.90,0,
14_07_2026_12_15,24093.30,24093.30,24072.00,24086.30,0,
14_07_2026_12_20,24087.80,24087.80,24073.40,24080.70,0,
14_07_2026_12_25,24081.80,24081.90,24054.80,24059.60,0,
14_07_2026_12_30,24061.80,24070.50,24057.50,24066.50,0,
14_07_2026_12_35,24069.30,24079.20,24064.30,24071.90,0,
14_07_2026_12_40,24073.30,24083.20,24068.70,24079.20,0,
14_07_2026_12_45,24080.10,24087.90,24070.20,24082.60,0,
14_07_2026_12_50,24083.60,24088.70,24076.70,24082.40,0,
14_07_2026_12_55,24083.80,24097.00,24077.70,24078.00,0,
14_07_2026_13_00,24080.20,24088.20,24063.70,24083.80,0,
14_07_2026_13_05,24086.00,24092.80,24081.80,24087.40,0,
14_07_2026_13_10,24089.90,24090.60,24076.20,24081.40,0,
14_07_2026_13_15,24082.90,24089.20,24070.40,24086.40,0,
14_07_2026_13_20,24087.60,24097.30,24086.30,24089.30,0,
14_07_2026_13_25,24090.10,24096.20,24070.50,24093.30,0,
14_07_2026_13_30,24093.30,24093.90,24068.80,24075.20,0,
14_07_2026_13_35,24076.60,24076.90,24038.60,24047.70,0,
14_07_2026_13_40,24049.30,24055.40,24039.20,24052.20,0,
14_07_2026_13_45,24053.20,24069.20,24051.80,24067.30,0,
14_07_2026_13_50,24066.80,24067.60,24053.00,24060.30,0,
14_07_2026_13_55,24061.40,24073.20,24060.70,24065.10,0,
14_07_2026_14_00,24065.40,24070.90,24055.50,24065.20,0,
14_07_2026_14_05,24066.80,24067.50,24048.60,24052.40,0,
14_07_2026_14_10,24054.30,24071.60,24052.50,24064.40,0,
14_07_2026_14_15,24066.30,24068.90,24054.20,24058.40,0,
14_07_2026_14_20,24059.20,24063.50,24045.00,24056.30,0,
14_07_2026_14_25,24057.60,24059.30,24040.30,24046.40,0,
14_07_2026_14_30,24048.20,24057.40,24042.00,24057.30,0,
14_07_2026_14_35,24057.90,24066.30,24043.20,24055.50,0,
14_07_2026_14_40,24057.90,24059.20,24047.20,24051.20,0,
14_07_2026_14_45,24053.00,24053.00,24024.40,24029.80,0,
14_07_2026_14_50,24032.60,24040.30,24025.30,24030.30,0,
14_07_2026_14_55,24032.60,24052.90,24023.70,24040.60,0,
14_07_2026_15_00,24041.60,24065.80,24041.60,24060.20,0,
14_07_2026_15_05,24061.90,24075.00,24056.20,24064.30,0,
14_07_2026_15_10,24067.50,24071.40,24047.30,24052.10,0,
14_07_2026_15_15,24052.50,24057.10,24035.10,24041.70,0,
14_07_2026_15_20,24043.40,24049.20,24038.90,24043.30,0,
14_07_2026_15_25,24043.10,24045.80,24027.40,24035.20,0,
15_07_2026_09_15,24082.40,24148.30,24069.10,24147.30,0,
15_07_2026_09_20,24147.70,24193.40,24147.70,24190.60,0,
15_07_2026_09_25,24190.90,24211.80,24189.50,24195.70,0,
15_07_2026_09_30,24196.50,24218.20,24196.10,24199.80,0,
15_07_2026_09_35,24200.20,24207.70,24192.90,24195.50,0,
15_07_2026_09_40,24196.80,24201.20,24187.70,24195.10,0,
15_07_2026_09_45,24195.60,24207.40,24191.80,24191.80,0,
15_07_2026_09_50,24192.10,24205.90,24191.60,24199.20,0,
15_07_2026_09_55,24199.10,24205.10,24184.10,24184.90,0,
15_07_2026_10_00,24185.00,24193.20,24173.50,24187.30,0,
15_07_2026_10_05,24187.80,24200.90,24185.40,24195.10,0,
15_07_2026_10_10,24195.10,24203.60,24188.30,24202.30,0,
15_07_2026_10_15,24202.20,24220.30,24200.40,24213.10,0,
15_07_2026_10_20,24210.60,24218.60,24208.10,24213.40,0,
15_07_2026_10_25,24213.80,24217.70,24204.30,24204.90,0,
15_07_2026_10_30,24205.80,24208.70,24200.30,24203.50,0,
15_07_2026_10_35,24203.30,24206.30,24190.60,24197.90,0,
15_07_2026_10_40,24198.00,24212.70,24197.10,24207.80,0,
15_07_2026_10_45,24207.40,24210.10,24199.10,24202.50,0,
15_07_2026_10_50,24202.70,24206.70,24192.40,24194.70,0,
15_07_2026_10_55,24195.70,24197.50,24184.10,24185.00,0,
15_07_2026_11_00,24184.60,24195.90,24181.20,24192.30,0,
15_07_2026_11_05,24192.10,24194.90,24185.70,24194.80,0,
15_07_2026_11_10,24194.80,24198.30,24171.00,24172.80,0,
15_07_2026_11_15,24173.60,24192.50,24172.20,24187.60,0,
15_07_2026_11_20,24187.00,24189.20,24174.10,24182.20,0,
15_07_2026_11_25,24182.60,24206.20,24181.50,24202.70,0,
15_07_2026_11_30,24202.40,24214.70,24194.80,24210.90,0,
15_07_2026_11_35,24211.30,24212.80,24191.10,24191.90,0,
15_07_2026_11_40,24192.10,24194.50,24173.30,24174.40,0,
15_07_2026_11_45,24174.20,24185.40,24172.30,24174.80,0,
15_07_2026_11_50,24174.60,24184.10,24166.80,24177.50,0,
15_07_2026_11_55,24176.20,24189.40,24176.20,24180.80,0,
15_07_2026_12_00,24181.90,24187.30,24175.00,24181.90,0,
15_07_2026_12_05,24181.70,24189.20,24180.10,24184.30,0,
15_07_2026_12_10,24184.70,24191.80,24175.20,24191.10,0,
15_07_2026_12_15,24193.40,24194.30,24185.10,24191.20,0,
15_07_2026_12_20,24191.40,24193.70,24180.90,24186.20,0,
15_07_2026_12_25,24186.20,24190.90,24168.40,24168.40,0,
15_07_2026_12_30,24168.40,24174.20,24162.70,24166.70,0,
15_07_2026_12_35,24166.40,24168.70,24143.80,24145.80,0,
15_07_2026_12_40,24145.70,24162.50,24143.20,24160.10,0,
15_07_2026_12_45,24160.20,24162.70,24147.10,24148.00,0,
15_07_2026_12_50,24147.40,24154.20,24123.10,24125.90,0,
15_07_2026_12_55,24126.10,24127.40,24010.60,24054.00,0,
15_07_2026_13_00,24053.40,24077.70,24039.30,24069.20,0,
15_07_2026_13_05,24069.70,24076.30,24044.90,24045.80,0,
15_07_2026_13_10,24045.70,24056.70,24041.40,24054.40,0,
15_07_2026_13_15,24053.70,24087.40,24046.80,24085.30,0,
15_07_2026_13_20,24084.40,24084.90,24068.30,24072.40,0,
15_07_2026_13_25,24072.80,24078.50,24064.00,24074.90,0,
15_07_2026_13_30,24075.00,24076.70,24058.50,24063.00,0,
15_07_2026_13_35,24061.80,24072.50,24057.70,24064.30,0,
15_07_2026_13_40,24064.20,24064.90,24048.50,24061.60,0,
15_07_2026_13_45,24061.30,24073.30,24051.70,24067.80,0,
15_07_2026_13_50,24068.60,24071.20,24044.80,24053.10,0,
15_07_2026_13_55,24053.30,24080.30,24049.10,24078.30,0,
15_07_2026_14_00,24077.90,24083.60,24069.40,24077.40,0,
15_07_2026_14_05,24076.90,24098.80,24070.30,24089.10,0,
15_07_2026_14_10,24088.70,24092.20,24079.40,24086.40,0,
15_07_2026_14_15,24086.30,24100.80,24075.90,24082.70,0,
15_07_2026_14_20,24082.40,24086.20,24068.30,24072.20,0,
15_07_2026_14_25,24072.10,24079.60,24066.70,24077.70,0,
15_07_2026_14_30,24077.90,24085.90,24072.10,24075.20,0,
15_07_2026_14_35,24075.60,24106.00,24074.80,24105.10,0,
15_07_2026_14_40,24105.30,24107.10,24093.50,24101.50,0,
15_07_2026_14_45,24099.80,24105.80,24080.80,24082.60,0,
15_07_2026_14_50,24082.90,24086.80,24075.20,24082.60,0,
15_07_2026_14_55,24083.20,24084.80,24066.20,24067.80,0,
15_07_2026_15_00,24067.20,24091.60,24061.10,24073.70,0,
15_07_2026_15_05,24072.90,24080.40,24068.20,24072.70,0,
15_07_2026_15_10,24072.50,24080.10,24071.90,24077.80,0,
15_07_2026_15_15,24076.10,24080.40,24069.80,24079.10,0,
15_07_2026_15_20,24077.90,24087.40,24074.40,24086.30,0,
15_07_2026_15_25,24085.60,24091.30,24070.80,24073.40,0,
16_07_2026_09_15,24140.70,24167.40,24117.60,24157.10,0,
16_07_2026_09_20,24157.10,24165.80,24132.90,24140.40,0,
16_07_2026_09_25,24143.10,24146.40,24118.70,24127.50,0,
16_07_2026_09_30,24129.20,24141.70,24110.20,24110.40,0,
16_07_2026_09_35,24112.00,24119.80,24097.10,24108.10,0,
16_07_2026_09_40,24110.40,24141.10,24106.30,24140.80,0,
16_07_2026_09_45,24141.60,24145.80,24120.90,24122.60,0,
16_07_2026_09_50,24124.20,24125.90,24111.70,24125.60,0,
16_07_2026_09_55,24126.80,24140.80,24125.20,24128.10,0,
16_07_2026_10_00,24128.20,24141.00,24122.60,24130.30,0,
16_07_2026_10_05,24131.20,24133.00,24117.60,24125.60,0,
16_07_2026_10_10,24127.20,24129.60,24114.80,24126.40,0,
16_07_2026_10_15,24128.40,24140.40,24123.10,24125.80,0,
16_07_2026_10_20,24127.30,24131.00,24120.80,24130.20,0,
16_07_2026_10_25,24130.70,24130.70,24107.40,24123.50,0,
16_07_2026_10_30,24124.40,24125.00,24114.80,24116.40,0,
16_07_2026_10_35,24118.10,24120.80,24109.60,24113.80,0,
16_07_2026_10_40,24115.60,24126.80,24113.20,24126.60,0,
16_07_2026_10_45,24127.40,24148.10,24123.90,24146.30,0,
16_07_2026_10_50,24147.50,24157.40,24144.80,24150.90,0,
16_07_2026_10_55,24153.10,24169.30,24152.10,24168.60,0,
16_07_2026_11_00,24170.70,24186.50,24170.20,24173.60,0,
16_07_2026_11_05,24175.40,24175.60,24161.90,24169.60,0,
16_07_2026_11_10,24170.90,24171.60,24156.40,24157.90,0,
16_07_2026_11_15,24159.10,24163.50,24147.30,24148.20,0,
16_07_2026_11_20,24149.80,24162.50,24147.90,24151.80,0,
16_07_2026_11_25,24152.10,24155.90,24142.10,24146.30,0,
16_07_2026_11_30,24148.90,24158.00,24143.60,24150.60,0,
16_07_2026_11_35,24152.30,24165.60,24144.00,24160.00,0,
16_07_2026_11_40,24162.60,24166.80,24147.00,24149.50,0,
16_07_2026_11_45,24151.60,24155.40,24145.90,24148.60,0,
16_07_2026_11_50,24150.90,24152.80,24139.00,24152.80,0,
16_07_2026_11_55,24153.60,24154.90,24146.20,24151.00,0,
16_07_2026_12_00,24153.10,24154.10,24134.10,24138.70,0,
16_07_2026_12_05,24141.00,24144.80,24134.80,24139.60,0,
16_07_2026_12_10,24140.50,24144.90,24132.40,24133.90,0,
16_07_2026_12_15,24136.30,24139.20,24131.90,24138.50,0,
16_07_2026_12_20,24139.80,24140.80,24132.10,24138.20,0,
16_07_2026_12_25,24139.10,24163.40,24137.70,24159.60,0,
16_07_2026_12_30,24160.70,24160.70,24140.70,24146.50,0,
16_07_2026_12_35,24147.30,24149.80,24137.60,24141.40,0,
16_07_2026_12_40,24142.80,24144.70,24126.30,24130.40,0,
16_07_2026_12_45,24133.10,24136.20,24128.80,24131.90,0,
16_07_2026_12_50,24133.80,24133.90,24120.20,24125.60,0,
16_07_2026_12_55,24127.20,24128.30,24120.80,24124.60,0,
16_07_2026_13_00,24124.80,24125.10,24110.50,24125.10,0,
16_07_2026_13_05,24126.60,24130.80,24120.10,24125.50,0,
16_07_2026_13_10,24128.20,24128.20,24116.80,24120.60,0,
16_07_2026_13_15,24120.90,24121.80,24108.60,24115.40,0,
16_07_2026_13_20,24117.50,24122.20,24110.90,24114.30,0,
16_07_2026_13_25,24115.20,24115.20,24102.70,24105.80,0,
16_07_2026_13_30,24107.40,24107.40,24079.70,24090.60,0,
16_07_2026_13_35,24092.90,24092.90,24066.20,24070.40,0,
16_07_2026_13_40,24072.10,24072.10,24053.10,24053.50,0,
16_07_2026_13_45,24055.50,24066.60,24051.70,24060.40,0,
16_07_2026_13_50,24062.50,24082.60,24060.90,24075.20,0,
16_07_2026_13_55,24076.20,24097.20,24075.00,24096.40,0,
16_07_2026_14_00,24098.40,24100.80,24086.80,24091.80,0,
16_07_2026_14_05,24093.70,24101.60,24085.80,24091.10,0,
16_07_2026_14_10,24092.60,24100.90,24085.30,24094.20,0,
16_07_2026_14_15,24094.60,24111.90,24091.00,24102.90,0,
16_07_2026_14_20,24104.30,24104.50,24082.60,24090.60,0,
16_07_2026_14_25,24091.80,24097.30,24079.70,24085.80,0,
16_07_2026_14_30,24089.10,24100.20,24086.80,24095.20,0,
16_07_2026_14_35,24096.90,24098.80,24085.20,24097.30,0,
16_07_2026_14_40,24097.70,24101.90,24083.20,24096.00,0,
16_07_2026_14_45,24099.60,24101.10,24092.00,24092.20,0,
16_07_2026_14_50,24094.10,24100.10,24091.70,24096.30,0,
16_07_2026_14_55,24098.80,24124.10,24096.60,24111.70,0,
16_07_2026_15_00,24114.40,24126.60,24065.90,24067.70,0,
16_07_2026_15_05,24067.20,24084.20,24065.90,24075.60,0,
16_07_2026_15_10,24074.80,24078.20,24070.30,24071.10,0,
16_07_2026_15_15,24071.20,24073.60,24061.20,24065.70,0,
16_07_2026_15_20,24064.80,24066.20,24056.70,24058.90,0,
16_07_2026_15_25,24059.10,24090.20,24050.00,24081.10,0,
17_07_2026_09_15,24128.10,24194.90,24099.10,24187.80,0,
17_07_2026_09_20,24188.90,24196.20,24182.70,24191.90,0,
17_07_2026_09_25,24193.30,24211.70,24192.80,24210.00,0,
17_07_2026_09_30,24211.70,24220.20,24193.20,24206.60,0,
17_07_2026_09_35,24207.00,24225.30,24203.10,24219.20,0,
17_07_2026_09_40,24218.40,24231.80,24216.60,24231.30,0,
17_07_2026_09_45,24231.80,24245.30,24231.10,24236.80,0,
17_07_2026_09_50,24236.80,24246.90,24227.30,24240.00,0,
17_07_2026_09_55,24241.30,24242.10,24217.30,24228.80,0,
17_07_2026_10_00,24230.30,24235.30,24210.20,24214.50,0,
17_07_2026_10_05,24215.40,24236.00,24211.10,24231.90,0,
17_07_2026_10_10,24232.40,24249.20,24229.80,24239.80,0,
17_07_2026_10_15,24240.90,24279.00,24238.20,24273.90,0,
17_07_2026_10_20,24273.80,24275.90,24253.80,24255.60,0,
17_07_2026_10_25,24256.90,24282.60,24254.90,24281.60,0,
17_07_2026_10_30,24282.60,24288.90,24276.10,24284.30,0,
17_07_2026_10_35,24284.80,24286.70,24262.80,24267.20,0,
17_07_2026_10_40,24267.70,24274.30,24244.20,24259.10,0,
17_07_2026_10_45,24259.10,24262.70,24245.10,24249.90,0,
17_07_2026_10_50,24249.90,24260.80,24246.20,24255.60,0,
17_07_2026_10_55,24252.10,24262.80,24249.10,24257.00,0,
17_07_2026_11_00,24257.10,24262.60,24247.50,24258.20,0,
17_07_2026_11_05,24258.80,24264.20,24235.30,24241.90,0,
17_07_2026_11_10,24243.50,24244.80,24230.90,24235.70,0,
17_07_2026_11_15,24237.30,24243.30,24232.70,24241.70,0,
17_07_2026_11_20,24242.80,24250.60,24235.80,24246.20,0,
17_07_2026_11_25,24246.70,24250.90,24238.00,24243.00,0,
17_07_2026_11_30,24243.90,24256.80,24241.00,24252.60,0,
17_07_2026_11_35,24253.00,24259.40,24244.60,24257.10,0,
17_07_2026_11_40,24257.20,24269.00,24253.90,24267.20,0,
17_07_2026_11_45,24268.70,24272.20,24265.10,24267.70,0,
17_07_2026_11_50,24268.10,24282.50,24264.90,24279.00,0,
17_07_2026_11_55,24279.70,24283.20,24271.30,24277.80,0,
17_07_2026_12_00,24277.20,24279.90,24264.80,24274.80,0,
17_07_2026_12_05,24275.20,24276.90,24260.70,24274.20,0,
17_07_2026_12_10,24274.60,24279.90,24269.00,24276.60,0,
17_07_2026_12_15,24277.30,24284.40,24267.30,24275.40,0,
17_07_2026_12_20,24276.30,24283.60,24268.60,24281.80,0,
17_07_2026_12_25,24282.50,24286.30,24273.20,24277.70,0,
17_07_2026_12_30,24278.30,24284.60,24271.70,24281.20,0,
17_07_2026_12_35,24282.40,24284.00,24273.90,24277.80,0,
17_07_2026_12_40,24278.20,24281.20,24259.80,24277.10,0,
17_07_2026_12_45,24277.50,24297.50,24277.00,24294.00,0,
17_07_2026_12_50,24294.40,24295.00,24270.80,24273.90,0,
17_07_2026_12_55,24274.20,24285.20,24270.70,24283.30,0,
17_07_2026_13_00,24283.50,24286.80,24276.30,24279.80,0,
17_07_2026_13_05,24281.60,24287.40,24275.90,24278.00,0,
17_07_2026_13_10,24277.80,24286.80,24276.20,24282.60,0,
17_07_2026_13_15,24282.00,24283.60,24267.80,24273.60,0,
17_07_2026_13_20,24274.30,24280.90,24263.70,24266.40,0,
17_07_2026_13_25,24266.10,24272.20,24257.40,24267.30,0,
17_07_2026_13_30,24267.30,24276.40,24262.70,24265.70,0,
17_07_2026_13_35,24266.00,24274.30,24262.20,24269.50,0,
17_07_2026_13_40,24269.50,24270.10,24245.90,24254.20,0,
17_07_2026_13_45,24253.90,24255.20,24235.80,24239.90,0,
17_07_2026_13_50,24239.40,24240.00,24213.40,24232.00,0,
17_07_2026_13_55,24232.20,24252.40,24229.70,24250.10,0,
17_07_2026_14_00,24247.40,24254.10,24241.80,24250.30,0,
17_07_2026_14_05,24250.60,24257.40,24246.30,24252.90,0,
17_07_2026_14_10,24253.20,24284.40,24252.80,24280.60,0,
17_07_2026_14_15,24281.70,24367.30,24281.70,24308.40,0,
17_07_2026_14_20,24308.60,24320.70,24290.80,24297.40,0,
17_07_2026_14_25,24298.30,24317.10,24284.70,24287.40,0,
17_07_2026_14_30,24287.20,24307.40,24286.80,24298.00,0,
17_07_2026_14_35,24299.00,24301.40,24290.00,24297.90,0,
17_07_2026_14_40,24298.00,24321.10,24298.00,24317.70,0,
17_07_2026_14_45,24318.80,24327.70,24315.90,24324.00,0,
17_07_2026_14_50,24323.90,24325.50,24313.90,24320.90,0,
17_07_2026_14_55,24321.10,24334.80,24311.70,24311.80,0,
17_07_2026_15_00,24311.80,24332.80,24311.20,24322.10,0,
17_07_2026_15_05,24321.80,24335.10,24321.80,24333.60,0,
17_07_2026_15_10,24332.90,24338.20,24327.90,24328.80,0,
17_07_2026_15_15,24328.90,24330.40,24320.30,24329.00,0,
17_07_2026_15_20,24327.20,24343.50,24326.30,24342.80,0,
17_07_2026_15_25,24341.60,24352.70,24339.20,24346.70,0,
20_07_2026_09_15,24190.10,24262.30,24149.90,24209.70,0,
20_07_2026_09_20,24205.80,24217.20,24178.30,24212.70,0,
20_07_2026_09_25,24213.50,24214.40,24181.70,24191.70,0,
20_07_2026_09_30,24191.90,24193.10,24170.20,24180.40,0,
20_07_2026_09_35,24182.00,24191.80,24162.80,24162.80,0,
20_07_2026_09_40,24162.60,24178.90,24159.60,24171.40,0,
20_07_2026_09_45,24170.60,24175.60,24157.50,24163.30,0,
20_07_2026_09_50,24162.70,24179.20,24162.10,24178.20,0,
20_07_2026_09_55,24176.20,24198.50,24174.80,24190.20,0,
20_07_2026_10_00,24191.20,24207.10,24179.80,24194.60,0,
20_07_2026_10_05,24194.60,24209.50,24190.50,24201.60,0,
20_07_2026_10_10,24201.70,24219.40,24199.80,24209.90,0,
20_07_2026_10_15,24210.40,24232.30,24207.30,24228.10,0,
20_07_2026_10_20,24228.30,24230.20,24208.00,24213.80,0,
20_07_2026_10_25,24213.80,24230.20,24209.90,24230.20,0,
20_07_2026_10_30,24229.90,24239.20,24224.20,24224.20,0,
20_07_2026_10_35,24225.60,24226.90,24213.90,24224.20,0,
20_07_2026_10_40,24224.00,24229.90,24213.60,24218.40,0,
20_07_2026_10_45,24218.40,24228.20,24216.60,24225.80,0,
20_07_2026_10_50,24225.90,24232.40,24216.80,24223.20,0,
20_07_2026_10_55,24223.80,24231.60,24216.60,24228.70,0,
20_07_2026_11_00,24228.60,24231.00,24219.20,24222.80,0,
20_07_2026_11_05,24222.80,24234.90,24211.10,24229.20,0,
20_07_2026_11_10,24229.70,24231.70,24213.90,24214.60,0,
20_07_2026_11_15,24215.40,24221.10,24203.10,24216.70,0,
20_07_2026_11_20,24217.30,24224.80,24208.80,24211.50,0,
20_07_2026_11_25,24211.20,24222.20,24205.80,24209.90,0,
20_07_2026_11_30,24210.10,24212.60,24200.30,24207.20,0,
20_07_2026_11_35,24206.80,24215.40,24194.90,24209.80,0,
20_07_2026_11_40,24209.70,24211.80,24195.40,24196.20,0,
20_07_2026_11_45,24196.40,24197.20,24188.20,24191.90,0,
20_07_2026_11_50,24192.60,24194.80,24179.30,24179.50,0,
20_07_2026_11_55,24179.80,24192.90,24177.00,24189.50,0,
20_07_2026_12_00,24189.60,24191.30,24174.20,24177.10,0,
20_07_2026_12_05,24177.20,24185.40,24175.10,24179.50,0,
20_07_2026_12_10,24179.30,24192.40,24178.60,24187.70,0,
20_07_2026_12_15,24187.70,24199.90,24186.90,24196.00,0,
20_07_2026_12_20,24195.60,24198.30,24179.50,24179.80,0,
20_07_2026_12_25,24180.00,24185.10,24168.20,24171.70,0,
20_07_2026_12_30,24172.00,24182.30,24172.00,24175.20,0,
20_07_2026_12_35,24175.80,24179.20,24163.40,24166.20,0,
20_07_2026_12_40,24166.60,24173.30,24156.10,24157.20,0,
20_07_2026_12_45,24157.40,24159.30,24135.80,24143.50,0,
20_07_2026_12_50,24142.60,24166.40,24142.60,24164.80,0,
20_07_2026_12_55,24164.80,24190.30,24163.30,24186.80,0,
20_07_2026_13_00,24186.70,24189.30,24179.90,24185.20,0,
20_07_2026_13_05,24185.60,24186.60,24175.80,24179.80,0,
20_07_2026_13_10,24180.20,24226.00,24178.10,24225.00,0,
20_07_2026_13_15,24224.80,24236.50,24212.40,24219.90,0,
20_07_2026_13_20,24220.90,24237.50,24218.90,24234.70,0,
20_07_2026_13_25,24234.60,24246.30,24224.80,24243.30,0,
20_07_2026_13_30,24243.20,24246.50,24235.40,24236.40,0,
20_07_2026_13_35,24237.40,24250.10,24234.40,24241.20,0,
20_07_2026_13_40,24240.80,24241.10,24227.50,24228.80,0,
20_07_2026_13_45,24228.20,24256.60,24227.20,24252.40,0,
20_07_2026_13_50,24252.40,24253.80,24232.80,24240.50,0,
20_07_2026_13_55,24240.70,24257.90,24240.00,24254.70,0,
20_07_2026_14_00,24254.50,24263.20,24248.20,24262.20,0,
20_07_2026_14_05,24261.80,24266.10,24253.90,24254.10,0,
20_07_2026_14_10,24253.80,24261.80,24250.20,24250.90,0,
20_07_2026_14_15,24250.60,24255.40,24241.10,24254.20,0,
20_07_2026_14_20,24254.80,24259.10,24249.40,24253.90,0,
20_07_2026_14_25,24253.80,24258.30,24249.70,24254.80,0,
20_07_2026_14_30,24254.80,24256.60,24239.70,24242.90,0,
20_07_2026_14_35,24242.60,24245.70,24224.80,24230.20,0,
20_07_2026_14_40,24230.40,24242.80,24225.60,24237.10,0,
20_07_2026_14_45,24237.10,24243.10,24233.10,24237.30,0,
20_07_2026_14_50,24237.30,24251.00,24237.00,24243.90,0,
20_07_2026_14_55,24243.70,24247.40,24230.10,24230.70,0,
20_07_2026_15_00,24233.60,24246.50,24228.40,24233.40,0,
20_07_2026_15_05,24234.90,24239.90,24229.60,24235.40,0,
20_07_2026_15_10,24236.70,24243.60,24234.50,24238.20,0,
20_07_2026_15_15,24240.20,24243.60,24233.30,24239.20,0,
20_07_2026_15_20,24241.20,24247.10,24234.60,24245.20,0,
20_07_2026_15_25,24246.90,24248.40,24237.80,24239.50,0,
21_07_2026_09_15,24215.90,24262.20,24203.60,24255.60,0,
21_07_2026_09_20,24256.20,24257.80,24228.40,24236.60,0,
21_07_2026_09_25,24237.90,24255.90,24224.90,24247.80,0,
21_07_2026_09_30,24248.60,24255.80,24224.20,24225.80,0,
21_07_2026_09_35,24228.80,24237.20,24217.30,24226.10,0,
21_07_2026_09_40,24226.70,24238.00,24221.00,24236.90,0,
21_07_2026_09_45,24237.10,24237.90,24216.90,24222.20,0,
21_07_2026_09_50,24224.20,24240.90,24219.70,24230.60,0,
21_07_2026_09_55,24232.60,24235.90,24225.30,24229.40,0,
21_07_2026_10_00,24232.00,24233.60,24217.70,24220.20,0,
21_07_2026_10_05,24221.60,24229.80,24217.60,24226.60,0,
21_07_2026_10_10,24226.90,24227.50,24211.80,24212.30,0,
21_07_2026_10_15,24214.70,24214.70,24201.90,24207.30,0,
21_07_2026_10_20,24208.90,24208.90,24188.10,24192.40,0,
21_07_2026_10_25,24194.50,24201.10,24186.20,24199.60,0,
21_07_2026_10_30,24202.40,24202.40,24185.60,24187.30,0,
21_07_2026_10_35,24188.80,24192.70,24174.20,24176.90,0,
21_07_2026_10_40,24178.10,24192.20,24175.10,24187.80,0,
21_07_2026_10_45,24189.10,24189.10,24173.60,24176.90,0,
21_07_2026_10_50,24178.40,24178.40,24163.80,24169.00,0,
21_07_2026_10_55,24170.90,24186.80,24166.80,24185.20,0,
21_07_2026_11_00,24186.10,24194.70,24181.60,24190.80,0,
21_07_2026_11_05,24192.40,24196.60,24180.80,24181.50,0,
21_07_2026_11_10,24183.20,24192.20,24180.90,24186.50,0,
21_07_2026_11_15,24186.40,24188.70,24177.10,24184.10,0,
21_07_2026_11_20,24185.40,24185.70,24166.70,24175.20,0,
21_07_2026_11_25,24177.30,24182.00,24170.50,24173.10,0,
21_07_2026_11_30,24174.20,24187.10,24170.30,24184.20,0,
21_07_2026_11_35,24185.00,24188.10,24168.80,24172.30,0,
21_07_2026_11_40,24173.70,24173.70,24159.60,24161.70,0,
21_07_2026_11_45,24162.70,24169.50,24158.10,24164.40,0,
21_07_2026_11_50,24165.90,24169.20,24162.10,24164.40,0,
21_07_2026_11_55,24165.70,24175.20,24162.40,24169.30,0,
21_07_2026_12_00,24172.60,24181.90,24168.40,24181.50,0,
21_07_2026_12_05,24182.30,24183.70,24173.90,24174.80,0,
21_07_2026_12_10,24176.20,24180.60,24172.20,24173.70,0,
21_07_2026_12_15,24174.90,24177.80,24170.80,24171.90,0,
21_07_2026_12_20,24173.40,24182.70,24169.80,24173.30,0,
21_07_2026_12_25,24174.50,24179.20,24170.40,24171.90,0,
21_07_2026_12_30,24173.20,24186.40,24169.60,24180.80,0,
21_07_2026_12_35,24182.90,24190.50,24178.50,24179.00,0,
21_07_2026_12_40,24180.90,24181.20,24167.70,24172.80,0,
21_07_2026_12_45,24175.90,24177.30,24168.70,24174.20,0,
21_07_2026_12_50,24174.40,24174.70,24163.70,24169.10,0,
21_07_2026_12_55,24170.80,24172.80,24148.80,24151.10,0,
21_07_2026_13_00,24153.10,24153.20,24135.70,24142.00,0,
21_07_2026_13_05,24144.10,24153.40,24139.30,24152.40,0,
21_07_2026_13_10,24153.80,24159.10,24149.60,24151.60,0,
21_07_2026_13_15,24152.20,24156.40,24148.40,24153.50,0,
21_07_2026_13_20,24156.00,24169.40,24152.80,24165.50,0,
21_07_2026_13_25,24166.90,24174.10,24163.90,24171.80,0,
21_07_2026_13_30,24173.90,24181.40,24170.40,24180.70,0,
21_07_2026_13_35,24182.40,24191.40,24180.80,24190.10,0,
21_07_2026_13_40,24192.00,24195.30,24183.70,24190.40,0,
21_07_2026_13_45,24192.50,24192.50,24176.20,24188.20,0,
21_07_2026_13_50,24187.90,24192.10,24177.80,24179.80,0,
21_07_2026_13_55,24181.30,24181.30,24158.40,24163.20,0,
21_07_2026_14_00,24164.60,24178.10,24163.10,24175.00,0,
21_07_2026_14_05,24176.20,24182.10,24163.80,24166.80,0,
21_07_2026_14_10,24168.40,24170.60,24161.10,24163.20,0,
21_07_2026_14_15,24164.70,24179.20,24154.30,24178.20,0,
21_07_2026_14_20,24176.80,24179.30,24167.20,24174.60,0,
21_07_2026_14_25,24176.40,24180.50,24167.90,24167.90,0,
21_07_2026_14_30,24169.60,24175.60,24161.80,24167.20,0,
21_07_2026_14_35,24168.10,24176.30,24156.10,24159.60,0,
21_07_2026_14_40,24161.10,24173.00,24160.20,24173.00,0,
21_07_2026_14_45,24173.40,24185.10,24165.80,24184.80,0,
21_07_2026_14_50,24186.20,24186.50,24164.80,24180.50,0,
21_07_2026_14_55,24181.80,24192.80,24174.60,24182.10,0,
21_07_2026_15_00,24183.80,24197.20,24180.80,24181.70,0,
21_07_2026_15_05,24183.30,24195.50,24181.50,24185.80,0,
21_07_2026_15_10,24184.20,24188.20,24180.10,24184.10,0,
21_07_2026_15_15,24183.40,24192.70,24182.10,24185.80,0,
21_07_2026_15_20,24184.40,24191.10,24183.20,24188.60,0,
21_07_2026_15_25,24187.60,24196.20,24183.60,24193.10,0,
22_07_2026_09_15,24146.90,24166.30,24076.20,24094.10,0,
22_07_2026_09_20,24096.60,24111.30,24087.60,24095.30,0,
22_07_2026_09_25,24097.20,24097.20,24046.90,24048.90,0,
22_07_2026_09_30,24051.00,24058.10,24021.90,24024.20,0,
22_07_2026_09_35,24026.20,24032.50,24016.20,24024.10,0,
22_07_2026_09_40,24025.80,24031.20,24022.00,24027.00,0,
22_07_2026_09_45,24028.30,24031.30,24011.90,24014.40,0,
22_07_2026_09_50,24015.60,24027.30,24012.20,24020.40,0,
22_07_2026_09_55,24021.10,24022.80,24008.70,24020.20,0,
22_07_2026_10_00,24021.80,24029.70,24012.80,24025.10,0,
22_07_2026_10_05,24027.60,24052.80,24020.60,24050.90,0,
22_07_2026_10_10,24052.10,24052.10,24030.80,24033.40,0,
22_07_2026_10_15,24033.80,24033.80,24016.50,24021.40,0,
22_07_2026_10_20,24022.70,24022.70,24000.00,24001.80,0,
22_07_2026_10_25,24003.90,24008.40,23973.70,24007.60,0,
22_07_2026_10_30,24009.20,24013.50,23997.80,24002.10,0,
22_07_2026_10_35,24003.50,24007.40,23993.40,23994.10,0,
22_07_2026_10_40,23996.40,23997.60,23989.20,23989.20,0,
22_07_2026_10_45,23991.60,24015.40,23988.20,24010.90,0,
22_07_2026_10_50,24013.00,24021.30,24008.20,24017.70,0,
22_07_2026_10_55,24019.80,24030.80,24017.60,24025.90,0,
22_07_2026_11_00,24027.30,24028.10,24013.60,24018.30,0,
22_07_2026_11_05,24019.40,24022.70,24011.30,24022.30,0,
22_07_2026_11_10,24024.00,24027.10,24012.20,24013.70,0,
22_07_2026_11_15,24015.20,24030.50,24012.90,24024.90,0,
22_07_2026_11_20,24027.90,24040.30,24023.20,24037.70,0,
22_07_2026_11_25,24039.60,24042.00,24034.40,24041.60,0,
22_07_2026_11_30,24042.80,24048.90,24038.20,24047.70,0,
22_07_2026_11_35,24048.70,24050.70,24036.50,24041.80,0,
22_07_2026_11_40,24043.00,24047.90,24037.90,24045.70,0,
22_07_2026_11_45,24046.80,24049.00,24038.20,24039.20,0,
22_07_2026_11_50,24041.40,24042.30,24030.10,24030.10,0,
22_07_2026_11_55,24031.80,24034.20,24022.00,24022.00,0,
22_07_2026_12_00,24023.40,24024.50,23998.30,24009.20,0,
22_07_2026_12_05,24011.00,24016.20,23999.00,23999.40,0,
22_07_2026_12_10,24001.20,24005.10,23995.20,23996.20,0,
22_07_2026_12_15,23997.80,23999.80,23978.60,23978.80,0,
22_07_2026_12_20,23979.20,23990.40,23968.60,23988.80,0,
22_07_2026_12_25,23990.20,23992.90,23979.30,23980.90,0,
22_07_2026_12_30,23982.40,23982.40,23969.40,23974.90,0,
22_07_2026_12_35,23976.30,23976.50,23962.50,23965.20,0,
22_07_2026_12_40,23965.90,23983.40,23961.40,23983.20,0,
22_07_2026_12_45,23985.10,24003.70,23978.00,24003.10,0,
22_07_2026_12_50,24004.50,24017.10,24001.50,24006.70,0,
22_07_2026_12_55,24008.10,24013.20,24002.80,24003.60,0,
22_07_2026_13_00,24003.30,24003.80,23985.10,23985.10,0,
22_07_2026_13_05,23986.80,23993.40,23981.80,23988.80,0,
22_07_2026_13_10,23990.30,23991.70,23968.30,23978.80,0,
22_07_2026_13_15,23980.40,23986.30,23976.20,23979.90,0,
22_07_2026_13_20,23982.40,23986.10,23973.80,23978.70,0,
22_07_2026_13_25,23980.70,23983.70,23973.20,23979.30,0,
22_07_2026_13_30,23981.40,23995.20,23979.30,23994.20,0,
22_07_2026_13_35,23996.40,24014.40,23990.80,23997.80,0,
22_07_2026_13_40,23999.40,24002.00,23983.20,23995.30,0,
22_07_2026_13_45,23996.40,23996.60,23980.80,23981.60,0,
22_07_2026_13_50,23983.30,23984.70,23977.20,23977.80,0,
22_07_2026_13_55,23980.70,23986.10,23974.40,23976.50,0,
22_07_2026_14_00,23978.20,23984.60,23971.70,23976.00,0,
22_07_2026_14_05,23978.20,23981.80,23973.30,23977.40,0,
22_07_2026_14_10,23979.20,23979.80,23964.60,23973.30,0,
22_07_2026_14_15,23975.20,23988.80,23970.60,23984.30,0,
22_07_2026_14_20,23986.40,23987.30,23975.20,23981.20,0,
22_07_2026_14_25,23983.90,23983.90,23970.90,23972.30,0,
22_07_2026_14_30,23974.30,23980.10,23968.50,23977.80,0,
22_07_2026_14_35,23980.40,23992.10,23979.40,23983.30,0,
22_07_2026_14_40,23985.40,23988.20,23972.70,23976.30,0,
22_07_2026_14_45,23978.40,23983.00,23974.90,23981.60,0,
22_07_2026_14_50,23982.60,23991.80,23978.80,23987.40,0,
22_07_2026_14_55,23990.10,23990.80,23975.00,23979.90,0,
22_07_2026_15_00,23979.90,23993.50,23973.30,23981.70,0,
22_07_2026_15_05,23981.20,24005.40,23980.50,23997.90,0,
22_07_2026_15_10,23998.30,24023.90,23996.10,24021.20,0,
22_07_2026_15_15,24021.60,24024.80,24010.10,24016.20,0,
22_07_2026_15_20,24017.80,24018.20,23991.40,23999.20,0,
22_07_2026_15_25,24000.10,24002.20,23990.80,23991.10,0,
23_07_2026_09_15,23907.40,23916.10,23876.20,23915.30,0,
23_07_2026_09_20,23913.60,23952.00,23913.60,23950.20,0,
23_07_2026_09_25,23950.20,23950.20,23920.30,23921.60,0,
23_07_2026_09_30,23922.60,23929.80,23906.30,23917.70,0,
23_07_2026_09_35,23918.30,23919.80,23892.60,23916.40,0,
23_07_2026_09_40,23916.20,23917.20,23904.10,23907.80,0,
23_07_2026_09_45,23907.60,23923.60,23901.40,23917.20,0,
23_07_2026_09_50,23917.20,23930.90,23911.90,23922.80,0,
23_07_2026_09_55,23923.60,23944.00,23923.60,23942.90,0,
23_07_2026_10_00,23943.60,23964.90,23940.20,23962.40,0,
23_07_2026_10_05,23962.50,23969.90,23946.60,23965.60,0,
23_07_2026_10_10,23966.60,23968.00,23955.80,23957.30,0,
23_07_2026_10_15,23957.30,23968.20,23951.30,23955.80,0,
23_07_2026_10_20,23957.60,23958.20,23943.80,23954.80,0,
23_07_2026_10_25,23952.00,23973.70,23949.90,23969.70,0,
23_07_2026_10_30,23970.30,23973.20,23958.20,23962.80,0,
23_07_2026_10_35,23962.60,23974.80,23962.40,23969.80,0,
23_07_2026_10_40,23969.40,23978.80,23969.40,23974.90,0,
23_07_2026_10_45,23974.80,23982.20,23969.90,23979.60,0,
23_07_2026_10_50,23980.70,23984.70,23966.20,23967.00,0,
23_07_2026_10_55,23967.90,23981.10,23966.20,23977.30,0,
23_07_2026_11_00,23978.40,23988.70,23977.30,23986.70,0,
23_07_2026_11_05,23987.40,23990.80,23979.30,23986.30,0,
23_07_2026_11_10,23986.80,23989.10,23971.40,23972.10,0,
23_07_2026_11_15,23973.80,23973.80,23960.20,23962.10,0,
23_07_2026_11_20,23963.40,23963.40,23952.60,23954.60,0,
23_07_2026_11_25,23954.80,23956.60,23944.20,23945.10,0,
23_07_2026_11_30,23946.90,23956.30,23941.90,23953.20,0,
23_07_2026_11_35,23953.80,23955.60,23939.90,23944.00,0,
23_07_2026_11_40,23944.70,23950.10,23941.20,23947.60,0,
23_07_2026_11_45,23948.60,23950.10,23943.40,23945.40,0,
23_07_2026_11_50,23945.20,23946.80,23930.70,23938.20,0,
23_07_2026_11_55,23938.90,23956.40,23933.90,23953.50,0,
23_07_2026_12_00,23954.30,23964.30,23944.70,23945.60,0,
23_07_2026_12_05,23947.00,23959.60,23942.10,23959.30,0,
23_07_2026_12_10,23958.80,23962.00,23933.20,23934.80,0,
23_07_2026_12_15,23936.40,23939.30,23930.50,23935.80,0,
23_07_2026_12_20,23937.00,23937.90,23922.40,23925.10,0,
23_07_2026_12_25,23926.10,23926.40,23911.80,23911.80,0,
23_07_2026_12_30,23912.50,23915.00,23883.30,23899.70,0,
23_07_2026_12_35,23899.70,23900.20,23880.20,23886.80,0,
23_07_2026_12_40,23888.10,23888.10,23854.90,23856.90,0,
23_07_2026_12_45,23857.20,23864.40,23849.90,23852.20,0,
23_07_2026_12_50,23852.40,23855.90,23843.10,23854.60,0,
23_07_2026_12_55,23855.20,23860.80,23843.80,23852.60,0,
23_07_2026_13_00,23853.20,23854.30,23840.10,23842.60,0,
23_07_2026_13_05,23843.80,23843.80,23830.80,23833.10,0,
23_07_2026_13_10,23833.50,23839.20,23826.30,23831.90,0,
23_07_2026_13_15,23832.40,23840.00,23811.80,23831.00,0,
23_07_2026_13_20,23832.30,23844.10,23830.30,23839.80,0,
23_07_2026_13_25,23839.90,23846.20,23832.90,23838.10,0,
23_07_2026_13_30,23838.80,23840.40,23825.90,23829.80,0,
23_07_2026_13_35,23831.20,23858.70,23827.30,23855.00,0,
23_07_2026_13_40,23855.20,23864.30,23840.40,23850.80,0,
23_07_2026_13_45,23851.80,23871.20,23850.90,23863.50,0,
23_07_2026_13_50,23864.60,23871.90,23856.80,23857.60,0,
23_07_2026_13_55,23858.50,23866.80,23852.00,23861.90,0,
23_07_2026_14_00,23862.10,23867.40,23855.20,23864.20,0,
23_07_2026_14_05,23862.90,23868.10,23852.30,23852.70,0,
23_07_2026_14_10,23854.20,23860.80,23849.90,23850.60,0,
23_07_2026_14_15,23851.90,23863.50,23846.80,23852.20,0,
23_07_2026_14_20,23853.40,23869.30,23851.80,23864.20,0,
23_07_2026_14_25,23866.10,23867.60,23857.50,23859.70,0,
23_07_2026_14_30,23860.40,23889.00,23852.30,23888.80,0,
23_07_2026_14_35,23889.30,23891.20,23850.80,23851.50,0,
23_07_2026_14_40,23852.50,23853.30,23829.50,23835.80,0,
23_07_2026_14_45,23836.70,23838.60,23816.90,23817.90,0,
23_07_2026_14_50,23817.40,23827.80,23807.20,23823.80,0,
23_07_2026_14_55,23824.80,23843.30,23823.60,23840.30,0,
23_07_2026_15_00,23841.30,23871.90,23830.40,23847.10,0,
23_07_2026_15_05,23849.20,23880.00,23846.80,23868.90,0,
23_07_2026_15_10,23870.60,23875.20,23860.60,23873.10,0,
23_07_2026_15_15,23873.60,23878.10,23858.60,23866.70,0,
23_07_2026_15_20,23868.40,23883.70,23859.90,23881.90,0,
23_07_2026_15_25,23883.60,23889.90,23863.90,23871.70,0,
24_07_2026_09_15,23674.40,23752.80,23646.90,23751.70,0,
24_07_2026_09_20,23751.70,23763.60,23731.10,23731.40,0,
24_07_2026_09_25,23732.70,23732.70,23693.20,23703.60,0,
24_07_2026_09_30,23703.40,23713.00,23686.80,23688.60,0,
24_07_2026_09_35,23688.80,23696.20,23668.30,23669.40,0,
24_07_2026_09_40,23669.80,23677.10,23652.60,23656.70,0,
24_07_2026_09_45,23657.40,23664.60,23641.50,23649.00,0,
24_07_2026_09_50,23648.70,23657.10,23631.30,23653.70,0,
24_07_2026_09_55,23654.80,23664.80,23645.80,23646.10,0,
24_07_2026_10_00,23647.10,23648.10,23619.30,23624.70,0,
24_07_2026_10_05,23625.20,23629.20,23612.80,23619.10,0,
24_07_2026_10_10,23619.00,23624.90,23607.40,23608.70,0,
24_07_2026_10_15,23608.30,23627.70,23607.20,23611.90,0,
24_07_2026_10_20,23611.30,23622.90,23606.30,23620.00,0,
24_07_2026_10_25,23619.80,23623.60,23613.40,23622.20,0,
24_07_2026_10_30,23622.20,23626.20,23610.90,23614.90,0,
24_07_2026_10_35,23614.20,23641.70,23612.00,23637.20,0,
24_07_2026_10_40,23637.30,23646.10,23629.60,23640.90,0,
24_07_2026_10_45,23640.40,23651.20,23639.90,23649.10,0,
24_07_2026_10_50,23649.20,23652.20,23634.80,23637.10,0,
24_07_2026_10_55,23637.00,23638.70,23626.30,23627.70,0,
24_07_2026_11_00,23627.30,23634.50,23624.10,23633.70,0,
24_07_2026_11_05,23633.40,23637.40,23623.60,23628.80,0,
24_07_2026_11_10,23629.40,23634.50,23617.10,23624.20,0,
24_07_2026_11_15,23624.20,23655.10,23622.60,23651.80,0,
24_07_2026_11_20,23651.80,23678.20,23650.80,23670.20,0,
24_07_2026_11_25,23670.30,23673.60,23655.20,23655.70,0,
24_07_2026_11_30,23655.70,23658.30,23649.20,23653.30,0,
24_07_2026_11_35,23654.10,23665.10,23651.20,23663.20,0,
24_07_2026_11_40,23663.40,23687.50,23662.40,23682.20,0,
24_07_2026_11_45,23682.20,23699.80,23682.20,23698.20,0,
24_07_2026_11_50,23698.40,23710.70,23698.30,23704.10,0,
24_07_2026_11_55,23702.40,23704.80,23693.60,23696.70,0,
24_07_2026_12_00,23697.20,23713.90,23689.20,23713.90,0,
24_07_2026_12_05,23713.80,23717.90,23709.00,23713.10,0,
24_07_2026_12_10,23713.20,23715.20,23701.80,23702.80,0,
24_07_2026_12_15,23702.40,23719.50,23701.30,23717.20,0,
24_07_2026_12_20,23717.10,23739.80,23713.80,23737.40,0,
24_07_2026_12_25,23737.40,23792.30,23736.90,23784.20,0,
24_07_2026_12_30,23783.80,23794.70,23760.60,23766.50,0,
24_07_2026_12_35,23766.80,23775.20,23756.00,23771.20,0,
24_07_2026_12_40,23771.90,23796.60,23769.60,23793.70,0,
24_07_2026_12_45,23793.80,23805.20,23784.70,23799.90,0,
24_07_2026_12_50,23798.90,23806.00,23793.20,23795.40,0,
24_07_2026_12_55,23795.60,23808.70,23790.70,23797.50,0,
24_07_2026_13_00,23797.30,23800.20,23771.40,23774.70,0,
24_07_2026_13_05,23774.50,23775.20,23763.30,23767.50,0,
24_07_2026_13_10,23767.80,23784.40,23767.50,23783.80,0,
24_07_2026_13_15,23783.80,23792.90,23775.20,23790.90,0,
24_07_2026_13_20,23792.20,23797.40,23784.40,23791.10,0,
24_07_2026_13_25,23790.80,23800.10,23786.80,23790.70,0,
24_07_2026_13_30,23790.60,23791.70,23764.40,23765.70,0,
24_07_2026_13_35,23765.20,23768.30,23752.20,23766.30,0,
24_07_2026_13_40,23767.20,23768.20,23736.00,23747.80,0,
24_07_2026_13_45,23747.90,23765.10,23742.20,23762.30,0,
24_07_2026_13_50,23762.90,23786.80,23762.90,23784.10,0,
24_07_2026_13_55,23784.50,23803.10,23780.10,23802.90,0,
24_07_2026_14_00,23803.10,23823.60,23788.80,23817.20,0,
24_07_2026_14_05,23816.80,23817.80,23800.30,23800.30,0,
24_07_2026_14_10,23799.70,23801.70,23790.00,23797.40,0,
24_07_2026_14_15,23797.50,23805.80,23787.10,23789.90,0,
24_07_2026_14_20,23789.80,23791.00,23772.60,23776.00,0,
24_07_2026_14_25,23776.10,23788.00,23770.40,23777.70,0,
24_07_2026_14_30,23777.30,23783.30,23765.70,23767.20,0,
24_07_2026_14_35,23766.70,23776.70,23761.10,23772.30,0,
24_07_2026_14_40,23772.50,23778.20,23760.20,23768.40,0,
24_07_2026_14_45,23768.10,23774.20,23761.80,23773.70,0,
24_07_2026_14_50,23773.20,23794.20,23770.80,23790.40,0,
24_07_2026_14_55,23791.30,23792.70,23773.30,23776.80,0,
24_07_2026_15_00,23777.90,23782.40,23747.70,23756.40,0,
24_07_2026_15_05,23756.40,23764.20,23751.30,23757.20,0,
24_07_2026_15_10,23757.30,23772.30,23751.90,23771.90,0,
24_07_2026_15_15,23771.40,23789.80,23767.40,23772.70,0,
24_07_2026_15_20,23774.20,23782.20,23772.20,23779.40,0,
24_07_2026_15_25,23779.30,23792.90,23772.10,23787.00,0,
