Date,Open,High,Low,Close,Volume,
04_05_2026_09_15,15372.20,15485.00,15365.20,15459.60,0,
04_05_2026_09_20,15460.80,15486.90,15455.70,15465.80,0,
04_05_2026_09_25,15464.70,15505.20,15464.70,15498.70,0,
04_05_2026_09_30,15498.00,15508.20,15478.80,15507.30,0,
04_05_2026_09_35,15507.00,15523.30,15500.00,15518.30,0,
04_05_2026_09_40,15518.50,15532.10,15518.50,15528.40,0,
04_05_2026_09_45,15529.70,15540.80,15527.80,15534.50,0,
04_05_2026_09_50,15535.20,15536.20,15508.40,15513.80,0,
04_05_2026_09_55,15514.20,15530.90,15512.20,15525.50,0,
04_05_2026_10_00,15525.60,15534.30,15502.50,15505.80,0,
04_05_2026_10_05,15505.80,15516.80,15496.40,15499.10,0,
04_05_2026_10_10,15499.20,15504.90,15472.60,15473.90,0,
04_05_2026_10_15,15472.90,15479.40,15456.30,15462.20,0,
04_05_2026_10_20,15461.50,15464.80,15434.30,15435.20,0,
04_05_2026_10_25,15434.80,15463.00,15432.80,15462.60,0,
04_05_2026_10_30,15462.80,15479.40,15453.80,15459.70,0,
04_05_2026_10_35,15459.90,15475.50,15453.70,15473.30,0,
04_05_2026_10_40,15473.90,15477.50,15464.90,15475.20,0,
04_05_2026_10_45,15475.80,15493.00,15471.50,15488.00,0,
04_05_2026_10_50,15488.30,15497.20,15484.80,15487.10,0,
04_05_2026_10_55,15487.00,15487.50,15458.70,15458.80,0,
04_05_2026_11_00,15459.60,15468.50,15452.50,15466.50,0,
04_05_2026_11_05,15466.50,15479.80,15459.70,15473.80,0,
04_05_2026_11_10,15474.20,15484.50,15468.00,15484.20,0,
04_05_2026_11_15,15483.90,15495.60,15483.00,15488.00,0,
04_05_2026_11_20,15488.10,15493.30,15482.40,15487.50,0,
04_05_2026_11_25,15487.50,15491.50,15480.70,15488.70,0,
04_05_2026_11_30,15488.30,15495.20,15484.20,15486.00,0,
04_05_2026_11_35,15485.80,15498.60,15483.50,15497.60,0,
04_05_2026_11_40,15497.90,15497.90,15485.00,15489.40,0,
04_05_2026_11_45,15489.40,15498.50,15485.60,15489.80,0,
04_05_2026_11_50,15489.80,15495.30,15482.70,15484.00,0,
04_05_2026_11_55,15485.00,15488.70,15476.00,15480.00,0,
04_05_2026_12_00,15480.40,15484.20,15469.40,15471.80,0,
04_05_2026_12_05,15472.00,15476.20,15451.30,15456.50,0,
04_05_2026_12_10,15456.50,15457.20,15399.20,15400.30,0,
04_05_2026_12_15,15399.80,15416.40,15392.50,15416.20,0,
04_05_2026_12_20,15415.80,15422.50,15404.50,15412.20,0,
04_05_2026_12_25,15412.30,15419.00,15405.50,15409.30,0,
04_05_2026_12_30,15409.00,15411.00,15390.10,15390.80,0,
04_05_2026_12_35,15390.90,15403.50,15388.70,15402.70,0,
04_05_2026_12_40,15402.40,15408.50,15379.70,15379.70,0,
04_05_2026_12_45,15380.30,15385.00,15356.30,15363.00,0,
04_05_2026_12_50,15363.10,15379.20,15362.60,15368.70,0,
04_05_2026_12_55,15369.40,15375.50,15362.30,15365.20,0,
04_05_2026_13_00,15365.20,15366.50,15358.70,15363.50,0,
04_05_2026_13_05,15363.20,15370.00,15360.50,15368.50,0,
04_05_2026_13_10,15368.20,15376.80,15366.80,15368.90,0,
04_05_2026_13_15,15368.80,15370.20,15347.00,15359.00,0,
04_05_2026_13_20,15358.70,15359.60,15333.80,15338.90,0,
04_05_2026_13_25,15339.20,15343.30,15305.20,15305.70,0,
04_05_2026_13_30,15304.30,15312.90,15292.00,15297.80,0,
04_05_2026_13_35,15296.60,15312.80,15286.30,15311.70,0,
04_05_2026_13_40,15312.50,15353.50,15312.20,15349.80,0,
04_05_2026_13_45,15350.00,15355.30,15344.30,15353.70,0,
04_05_2026_13_50,15353.90,15365.00,15345.20,15348.80,0,
04_05_2026_13_55,15348.60,15350.80,15324.70,15337.40,0,
04_05_2026_14_00,15336.80,15340.80,15324.30,15334.50,0,
04_05_2026_14_05,15335.10,15343.70,15331.20,15341.90,0,
04_05_2026_14_10,15342.40,15373.90,15342.40,15369.50,0,
04_05_2026_14_15,15369.50,15404.50,15369.00,15397.00,0,
04_05_2026_14_20,15396.60,15404.20,15380.90,15385.20,0,
04_05_2026_14_25,15385.50,15390.00,15371.10,15375.80,0,
04_05_2026_14_30,15376.00,15381.00,15364.00,15369.90,0,
04_05_2026_14_35,15369.30,15371.60,15360.30,15361.50,0,
04_05_2026_14_40,15362.70,15367.00,15343.20,15362.50,0,
04_05_2026_14_45,15362.40,15362.80,15345.20,15346.70,0,
04_05_2026_14_50,15347.00,15363.80,15344.90,15361.70,0,
04_05_2026_14_55,15363.00,15371.70,15355.00,15363.80,0,
04_05_2026_15_00,15364.80,15372.60,15352.70,15368.70,0,
04_05_2026_15_05,15369.80,15384.00,15366.00,15380.20,0,
04_05_2026_15_10,15380.30,15384.00,15370.70,15373.00,0,
04_05_2026_15_15,15373.50,15376.70,15359.40,15365.50,0,
04_05_2026_15_20,15366.60,15373.20,15360.50,15363.20,0,
04_05_2026_15_25,15364.80,15377.50,15361.50,15372.50,0,
05_05_2026_09_15,15345.80,15350.30,15267.70,15337.90,0,
05_05_2026_09_20,15337.10,15359.20,15312.80,15340.00,0,
05_05_2026_09_25,15341.00,15343.00,15300.50,15313.50,0,
05_05_2026_09_30,15313.30,15353.40,15312.00,15350.50,0,
05_05_2026_09_35,15350.40,15368.80,15337.50,15340.50,0,
05_05_2026_09_40,15340.90,15359.10,15330.60,15349.50,0,
05_05_2026_09_45,15347.40,15361.90,15341.70,15357.90,0,
05_05_2026_09_50,15358.20,15371.10,15350.40,15367.60,0,
05_05_2026_09_55,15367.70,15376.80,15352.90,15359.30,0,
05_05_2026_10_00,15359.20,15363.90,15334.00,15342.30,0,
05_05_2026_10_05,15342.80,15344.00,15325.90,15333.30,0,
05_05_2026_10_10,15332.80,15334.50,15318.30,15323.20,0,
05_05_2026_10_15,15323.80,15328.50,15315.20,15326.80,0,
05_05_2026_10_20,15327.00,15333.60,15316.50,15324.20,0,
05_05_2026_10_25,15323.80,15325.50,15306.20,15311.10,0,
05_05_2026_10_30,15310.50,15319.50,15297.50,15300.10,0,
05_05_2026_10_35,15299.50,15302.10,15289.90,15298.80,0,
05_05_2026_10_40,15297.80,15297.80,15289.20,15290.30,0,
05_05_2026_10_45,15290.40,15294.60,15287.40,15291.20,0,
05_05_2026_10_50,15291.30,15291.80,15277.00,15283.80,0,
05_05_2026_10_55,15284.30,15287.30,15276.80,15285.50,0,
05_05_2026_11_00,15286.20,15302.20,15281.80,15301.30,0,
05_05_2026_11_05,15301.50,15302.00,15288.00,15292.30,0,
05_05_2026_11_10,15292.50,15307.80,15291.80,15302.00,0,
05_05_2026_11_15,15301.20,15315.90,15299.70,15300.00,0,
05_05_2026_11_20,15300.10,15304.50,15292.20,15301.50,0,
05_05_2026_11_25,15301.50,15310.50,15301.50,15304.90,0,
05_05_2026_11_30,15304.90,15317.20,15304.40,15313.50,0,
05_05_2026_11_35,15313.60,15320.70,15307.30,15308.20,0,
05_05_2026_11_40,15308.20,15308.90,15292.10,15292.10,0,
05_05_2026_11_45,15291.80,15296.50,15279.00,15284.30,0,
05_05_2026_11_50,15284.40,15290.90,15272.20,15273.70,0,
05_05_2026_11_55,15273.40,15274.30,15264.10,15266.00,0,
05_05_2026_12_00,15265.40,15286.50,15265.40,15284.50,0,
05_05_2026_12_05,15284.50,15293.10,15282.60,15290.60,0,
05_05_2026_12_10,15290.50,15308.80,15290.10,15307.30,0,
05_05_2026_12_15,15307.50,15317.60,15307.20,15315.10,0,
05_05_2026_12_20,15315.50,15332.50,15314.60,15325.00,0,
05_05_2026_12_25,15325.00,15334.50,15311.60,15313.20,0,
05_05_2026_12_30,15313.80,15326.10,15306.90,15323.80,0,
05_05_2026_12_35,15323.90,15344.30,15317.50,15344.00,0,
05_05_2026_12_40,15343.20,15349.80,15332.50,15334.30,0,
05_05_2026_12_45,15334.00,15345.30,15334.00,15343.20,0,
05_05_2026_12_50,15343.00,15356.50,15338.00,15339.50,0,
05_05_2026_12_55,15339.90,15357.30,15335.50,15355.80,0,
05_05_2026_13_00,15355.80,15366.80,15353.00,15364.20,0,
05_05_2026_13_05,15364.20,15406.20,15363.50,15401.40,0,
05_05_2026_13_10,15401.80,15409.30,15391.70,15401.50,0,
05_05_2026_13_15,15401.00,15408.40,15387.50,15394.50,0,
05_05_2026_13_20,15394.30,15399.00,15388.00,15389.60,0,
05_05_2026_13_25,15390.20,15391.60,15380.30,15384.00,0,
05_05_2026_13_30,15384.50,15384.70,15369.70,15373.50,0,
05_05_2026_13_35,15374.40,15383.90,15374.00,15378.60,0,
05_05_2026_13_40,15379.00,15390.60,15378.20,15385.80,0,
05_05_2026_13_45,15385.00,15392.20,15380.10,15384.80,0,
05_05_2026_13_50,15384.80,15386.80,15366.50,15369.50,0,
05_05_2026_13_55,15370.20,15385.50,15368.20,15374.40,0,
05_05_2026_14_00,15373.10,15380.90,15371.20,15373.70,0,
05_05_2026_14_05,15373.80,15374.30,15355.80,15362.00,0,
05_05_2026_14_10,15361.50,15368.50,15358.20,15363.40,0,
05_05_2026_14_15,15363.30,15379.20,15363.20,15375.20,0,
05_05_2026_14_20,15375.20,15388.80,15375.00,15381.40,0,
05_05_2026_14_25,15381.30,15386.70,15378.50,15385.50,0,
05_05_2026_14_30,15385.50,15386.80,15372.80,15376.20,0,
05_05_2026_14_35,15376.00,15381.30,15368.80,15377.20,0,
05_05_2026_14_40,15377.50,15389.80,15373.20,15385.00,0,
05_05_2026_14_45,15384.50,15385.40,15372.80,15381.50,0,
05_05_2026_14_50,15380.90,15388.50,15371.00,15383.70,0,
05_05_2026_14_55,15383.50,15391.20,15377.30,15380.30,0,
05_05_2026_15_00,15382.50,15388.80,15374.80,15383.10,0,
05_05_2026_15_05,15384.00,15391.50,15375.80,15390.20,0,
05_05_2026_15_10,15391.20,15396.60,15384.60,15396.10,0,
05_05_2026_15_15,15396.20,15408.00,15394.70,15407.20,0,
05_05_2026_15_20,15409.00,15409.50,15397.20,15399.20,0,
05_05_2026_15_25,15399.80,15410.30,15398.00,15401.70,0,
06_05_2026_09_15,15533.50,15585.80,15528.60,15546.00,0,
06_05_2026_09_20,15548.10,15561.20,15519.80,15541.90,0,
06_05_2026_09_25,15542.50,15549.90,15521.00,15525.70,0,
06_05_2026_09_30,15527.00,15532.90,15516.70,15523.00,0,
06_05_2026_09_35,15523.30,15533.60,15516.20,15529.30,0,
06_05_2026_09_40,15529.20,15534.80,15523.00,15532.10,0,
06_05_2026_09_45,15532.20,15543.30,15529.00,15534.90,0,
06_05_2026_09_50,15535.80,15545.50,15525.80,15543.80,0,
06_05_2026_09_55,15543.80,15549.80,15531.80,15532.50,0,
06_05_2026_10_00,15532.80,15533.50,15522.20,15522.90,0,
06_05_2026_10_05,15523.30,15523.50,15515.50,15519.10,0,
06_05_2026_10_10,15518.50,15538.30,15515.80,15535.80,0,
06_05_2026_10_15,15536.00,15536.20,15522.10,15531.70,0,
06_05_2026_10_20,15531.50,15537.50,15523.20,15523.20,0,
06_05_2026_10_25,15523.80,15529.90,15521.30,15522.50,0,
06_05_2026_10_30,15522.10,15531.80,15515.50,15523.60,0,
06_05_2026_10_35,15523.20,15527.20,15515.20,15525.70,0,
06_05_2026_10_40,15525.40,15542.40,15524.80,15537.10,0,
06_05_2026_10_45,15535.80,15536.10,15523.30,15526.00,0,
06_05_2026_10_50,15526.00,15526.20,15482.50,15489.50,0,
06_05_2026_10_55,15490.00,15499.70,15485.70,15495.40,0,
06_05_2026_11_00,15495.50,15497.50,15462.00,15462.80,0,
06_05_2026_11_05,15462.80,15485.50,15461.00,15481.80,0,
06_05_2026_11_10,15481.80,15483.20,15475.30,15480.80,0,
06_05_2026_11_15,15480.50,15488.30,15478.30,15478.80,0,
06_05_2026_11_20,15478.30,15490.20,15475.70,15484.50,0,
06_05_2026_11_25,15484.50,15496.80,15481.80,15496.00,0,
06_05_2026_11_30,15496.20,15503.70,15495.80,15500.90,0,
06_05_2026_11_35,15501.50,15501.50,15476.70,15485.80,0,
06_05_2026_11_40,15485.30,15499.60,15483.20,15499.20,0,
06_05_2026_11_45,15499.40,15510.20,15495.00,15509.10,0,
06_05_2026_11_50,15509.80,15510.80,15503.20,15508.40,0,
06_05_2026_11_55,15508.30,15514.70,15506.70,15508.10,0,
06_05_2026_12_00,15508.20,15511.40,15500.20,15506.80,0,
06_05_2026_12_05,15506.80,15507.30,15494.30,15502.40,0,
06_05_2026_12_10,15502.80,15504.40,15498.50,15500.30,0,
06_05_2026_12_15,15499.80,15499.80,15491.30,15498.50,0,
06_05_2026_12_20,15498.50,15498.80,15470.20,15477.60,0,
06_05_2026_12_25,15477.00,15490.90,15476.70,15490.50,0,
06_05_2026_12_30,15490.80,15491.30,15482.00,15484.10,0,
06_05_2026_12_35,15484.20,15486.40,15475.50,15476.50,0,
06_05_2026_12_40,15476.20,15480.80,15469.70,15471.00,0,
06_05_2026_12_45,15471.30,15473.30,15458.70,15466.50,0,
06_05_2026_12_50,15466.10,15473.00,15461.00,15468.60,0,
06_05_2026_12_55,15468.00,15473.70,15465.30,15470.20,0,
06_05_2026_13_00,15470.30,15470.50,15454.70,15455.50,0,
06_05_2026_13_05,15455.20,15479.50,15453.20,15478.10,0,
06_05_2026_13_10,15478.50,15484.20,15476.50,15481.80,0,
06_05_2026_13_15,15482.00,15497.00,15479.70,15495.00,0,
06_05_2026_13_20,15495.40,15505.90,15494.20,15505.00,0,
06_05_2026_13_25,15504.30,15507.00,15500.00,15504.20,0,
06_05_2026_13_30,15504.70,15521.80,15504.20,15517.80,0,
06_05_2026_13_35,15517.80,15523.00,15515.30,15520.00,0,
06_05_2026_13_40,15519.80,15522.30,15514.80,15519.30,0,
06_05_2026_13_45,15519.60,15522.00,15514.30,15517.00,0,
06_05_2026_13_50,15517.00,15525.80,15515.10,15523.50,0,
06_05_2026_13_55,15524.10,15527.00,15516.00,15519.30,0,
06_05_2026_14_00,15519.00,15521.90,15512.60,15517.10,0,
06_05_2026_14_05,15517.30,15520.70,15511.80,15515.50,0,
06_05_2026_14_10,15515.90,15530.90,15515.50,15530.20,0,
06_05_2026_14_15,15531.00,15541.00,15530.90,15536.50,0,
06_05_2026_14_20,15536.00,15595.00,15535.40,15594.00,0,
06_05_2026_14_25,15594.50,15623.40,15594.50,15610.50,0,
06_05_2026_14_30,15611.20,15622.40,15594.60,15608.40,0,
06_05_2026_14_35,15609.20,15629.80,15601.80,15626.20,0,
06_05_2026_14_40,15626.60,15650.00,15626.10,15648.50,0,
06_05_2026_14_45,15649.80,15652.00,15634.30,15651.90,0,
06_05_2026_14_50,15651.80,15654.50,15641.20,15643.80,0,
06_05_2026_14_55,15644.50,15656.30,15639.20,15651.30,0,
06_05_2026_15_00,15651.00,15662.00,15633.30,15660.60,0,
06_05_2026_15_05,15661.00,15661.20,15646.20,15647.10,0,
06_05_2026_15_10,15648.30,15656.00,15647.80,15650.50,0,
06_05_2026_15_15,15650.30,15660.50,15649.00,15659.80,0,
06_05_2026_15_20,15659.80,15665.00,15653.00,15663.30,0,
06_05_2026_15_25,15664.00,15671.80,15659.30,15665.00,0,
07_05_2026_09_15,15721.50,15745.80,15681.60,15682.20,0,
07_05_2026_09_20,15680.10,15694.30,15667.80,15690.70,0,
07_05_2026_09_25,15691.50,15711.20,15681.30,15708.80,0,
07_05_2026_09_30,15708.90,15728.30,15699.00,15711.80,0,
07_05_2026_09_35,15713.80,15730.50,15713.20,15716.80,0,
07_05_2026_09_40,15716.50,15744.60,15716.50,15738.50,0,
07_05_2026_09_45,15737.70,15737.80,15709.10,15709.10,0,
07_05_2026_09_50,15709.10,15709.50,15676.40,15677.80,0,
07_05_2026_09_55,15677.70,15684.20,15672.90,15674.10,0,
07_05_2026_10_00,15673.50,15695.50,15671.80,15687.80,0,
07_05_2026_10_05,15687.80,15691.00,15666.50,15674.80,0,
07_05_2026_10_10,15675.00,15684.30,15669.00,15676.80,0,
07_05_2026_10_15,15676.80,15693.80,15675.80,15693.60,0,
07_05_2026_10_20,15693.90,15696.10,15690.00,15695.80,0,
07_05_2026_10_25,15696.00,15706.80,15693.00,15701.80,0,
07_05_2026_10_30,15701.50,15708.20,15698.60,15705.80,0,
07_05_2026_10_35,15705.90,15714.50,15702.70,15713.20,0,
07_05_2026_10_40,15713.00,15721.80,15708.60,15721.80,0,
07_05_2026_10_45,15721.70,15722.80,15707.50,15712.00,0,
07_05_2026_10_50,15711.70,15714.30,15699.80,15706.00,0,
07_05_2026_10_55,15705.50,15709.40,15701.50,15704.00,0,
07_05_2026_11_00,15704.00,15710.10,15704.00,15705.40,0,
07_05_2026_11_05,15705.10,15708.80,15695.80,15697.80,0,
07_05_2026_11_10,15697.40,15698.60,15689.50,15697.80,0,
07_05_2026_11_15,15697.60,15705.90,15692.20,15694.40,0,
07_05_2026_11_20,15694.00,15694.70,15683.80,15692.60,0,
07_05_2026_11_25,15692.20,15692.40,15680.60,15688.20,0,
07_05_2026_11_30,15688.00,15708.30,15688.00,15695.20,0,
07_05_2026_11_35,15695.50,15695.70,15683.80,15684.80,0,
07_05_2026_11_40,15684.50,15688.50,15671.80,15672.60,0,
07_05_2026_11_45,15672.50,15683.60,15670.30,15682.40,0,
07_05_2026_11_50,15682.20,15700.70,15681.50,15693.50,0,
07_05_2026_11_55,15693.30,15708.20,15693.00,15706.30,0,
07_05_2026_12_00,15706.50,15715.70,15704.00,15710.00,0,
07_05_2026_12_05,15710.60,15717.20,15709.00,15710.30,0,
07_05_2026_12_10,15710.50,15717.50,15709.00,15715.70,0,
07_05_2026_12_15,15715.30,15729.00,15714.50,15723.00,0,
07_05_2026_12_20,15722.90,15729.70,15721.50,15728.70,0,
07_05_2026_12_25,15728.40,15731.20,15722.10,15722.10,0,
07_05_2026_12_30,15722.30,15724.00,15708.00,15713.20,0,
07_05_2026_12_35,15713.50,15753.00,15709.60,15751.80,0,
07_05_2026_12_40,15751.70,15779.20,15751.70,15770.50,0,
07_05_2026_12_45,15770.70,15775.20,15757.00,15760.10,0,
07_05_2026_12_50,15760.10,15763.00,15739.90,15755.20,0,
07_05_2026_12_55,15755.70,15759.30,15741.70,15744.30,0,
07_05_2026_13_00,15744.50,15755.00,15744.20,15750.80,0,
07_05_2026_13_05,15751.00,15763.80,15749.10,15757.80,0,
07_05_2026_13_10,15757.80,15759.50,15750.70,15756.80,0,
07_05_2026_13_15,15757.20,15759.30,15717.50,15734.10,0,
07_05_2026_13_20,15734.10,15745.30,15724.80,15726.90,0,
07_05_2026_13_25,15728.00,15736.80,15725.20,15731.40,0,
07_05_2026_13_30,15731.70,15738.00,15728.50,15735.70,0,
07_05_2026_13_35,15736.00,15738.80,15722.00,15722.40,0,
07_05_2026_13_40,15721.90,15736.80,15719.10,15731.80,0,
07_05_2026_13_45,15731.40,15732.60,15723.30,15731.00,0,
07_05_2026_13_50,15730.90,15734.60,15726.80,15733.80,0,
07_05_2026_13_55,15734.20,15736.80,15726.60,15730.50,0,
07_05_2026_14_00,15730.30,15733.00,15717.80,15721.00,0,
07_05_2026_14_05,15720.70,15728.10,15712.80,15725.30,0,
07_05_2026_14_10,15725.30,15728.90,15720.10,15721.80,0,
07_05_2026_14_15,15721.70,15723.50,15710.70,15711.50,0,
07_05_2026_14_20,15711.80,15717.80,15705.80,15716.50,0,
07_05_2026_14_25,15717.30,15728.10,15716.70,15726.00,0,
07_05_2026_14_30,15725.80,15731.50,15721.00,15723.50,0,
07_05_2026_14_35,15723.20,15725.70,15716.10,15716.50,0,
07_05_2026_14_40,15715.30,15719.90,15702.20,15703.70,0,
07_05_2026_14_45,15703.80,15711.50,15696.50,15697.80,0,
07_05_2026_14_50,15698.80,15714.50,15698.80,15712.10,0,
07_05_2026_14_55,15712.00,15720.80,15707.00,15710.80,0,
07_05_2026_15_00,15711.50,15715.50,15697.70,15698.00,0,
07_05_2026_15_05,15697.90,15701.00,15683.10,15684.20,0,
07_05_2026_15_10,15683.80,15687.80,15677.90,15682.60,0,
07_05_2026_15_15,15682.70,15698.70,15681.60,15698.40,0,
07_05_2026_15_20,15697.30,15698.20,15690.20,15694.20,0,
07_05_2026_15_25,15693.50,15708.90,15693.50,15701.20,0,
08_05_2026_09_15,15666.80,15667.50,15614.30,15639.30,0,
08_05_2026_09_20,15639.40,15648.60,15620.00,15620.80,0,
08_05_2026_09_25,15621.20,15655.10,15618.40,15655.00,0,
08_05_2026_09_30,15654.20,15655.50,15623.70,15639.00,0,
08_05_2026_09_35,15639.50,15640.10,15617.80,15620.30,0,
08_05_2026_09_40,15620.70,15623.50,15605.00,15605.80,0,
08_05_2026_09_45,15605.60,15614.10,15584.00,15608.80,0,
08_05_2026_09_50,15608.00,15626.90,15603.00,15625.50,0,
08_05_2026_09_55,15625.80,15633.50,15624.70,15631.20,0,
08_05_2026_10_00,15632.30,15634.50,15626.70,15631.50,0,
08_05_2026_10_05,15632.00,15634.00,15625.50,15630.30,0,
08_05_2026_10_10,15631.00,15651.20,15619.80,15651.00,0,
08_05_2026_10_15,15652.20,15652.60,15634.20,15648.30,0,
08_05_2026_10_20,15649.20,15666.90,15647.20,15666.00,0,
08_05_2026_10_25,15666.70,15669.70,15659.50,15664.80,0,
08_05_2026_10_30,15665.20,15671.20,15662.80,15667.20,0,
08_05_2026_10_35,15667.20,15671.00,15662.90,15666.80,0,
08_05_2026_10_40,15667.20,15678.00,15666.50,15672.50,0,
08_05_2026_10_45,15672.20,15679.00,15668.60,15668.80,0,
08_05_2026_10_50,15668.90,15669.50,15659.80,15661.00,0,
08_05_2026_10_55,15660.60,15666.20,15658.10,15658.30,0,
08_05_2026_11_00,15658.00,15674.20,15655.50,15671.70,0,
08_05_2026_11_05,15672.30,15679.00,15669.00,15670.80,0,
08_05_2026_11_10,15670.80,15673.00,15667.50,15672.20,0,
08_05_2026_11_15,15672.20,15680.00,15657.80,15657.80,0,
08_05_2026_11_20,15657.80,15668.00,15651.20,15656.40,0,
08_05_2026_11_25,15656.00,15658.00,15649.90,15653.00,0,
08_05_2026_11_30,15653.00,15657.80,15643.30,15657.00,0,
08_05_2026_11_35,15656.30,15658.90,15651.90,15656.00,0,
08_05_2026_11_40,15655.80,15667.80,15654.00,15658.80,0,
08_05_2026_11_45,15659.10,15665.30,15656.50,15660.90,0,
08_05_2026_11_50,15661.00,15671.70,15659.30,15667.70,0,
08_05_2026_11_55,15668.20,15671.20,15659.80,15670.80,0,
08_05_2026_12_00,15671.10,15676.80,15659.20,15671.30,0,
08_05_2026_12_05,15672.00,15672.30,15651.70,15652.20,0,
08_05_2026_12_10,15649.80,15662.80,15645.50,15659.50,0,
08_05_2026_12_15,15659.80,15661.00,15649.30,15660.30,0,
08_05_2026_12_20,15660.70,15667.80,15657.10,15662.20,0,
08_05_2026_12_25,15662.20,15671.60,15662.20,15669.00,0,
08_05_2026_12_30,15670.20,15670.70,15652.80,15659.40,0,
08_05_2026_12_35,15659.50,15661.70,15649.00,15651.30,0,
08_05_2026_12_40,15651.30,15658.00,15649.90,15649.90,0,
08_05_2026_12_45,15649.80,15657.20,15640.00,15657.20,0,
08_05_2026_12_50,15657.30,15663.00,15650.80,15659.80,0,
08_05_2026_12_55,15659.60,15662.80,15651.80,15653.90,0,
08_05_2026_13_00,15653.70,15655.60,15645.30,15645.80,0,
08_05_2026_13_05,15645.60,15652.50,15640.90,15649.50,0,
08_05_2026_13_10,15649.00,15650.70,15640.80,15643.20,0,
08_05_2026_13_15,15643.40,15645.80,15634.50,15639.30,0,
08_05_2026_13_20,15639.70,15643.80,15634.10,15642.00,0,
08_05_2026_13_25,15642.30,15660.70,15641.30,15658.70,0,
08_05_2026_13_30,15659.40,15660.50,15647.20,15655.00,0,
08_05_2026_13_35,15655.60,15655.60,15641.60,15645.00,0,
08_05_2026_13_40,15645.70,15651.00,15640.90,15643.30,0,
08_05_2026_13_45,15643.80,15646.80,15642.20,15643.50,0,
08_05_2026_13_50,15644.10,15644.80,15631.50,15643.50,0,
08_05_2026_13_55,15644.30,15648.00,15596.80,15604.10,0,
08_05_2026_14_00,15603.70,15610.50,15585.50,15597.80,0,
08_05_2026_14_05,15598.00,15616.30,15594.60,15615.50,0,
08_05_2026_14_10,15615.80,15619.90,15588.70,15589.00,0,
08_05_2026_14_15,15588.00,15603.30,15584.70,15585.00,0,
08_05_2026_14_20,15585.20,15591.40,15574.50,15577.50,0,
08_05_2026_14_25,15576.80,15598.60,15576.80,15597.50,0,
08_05_2026_14_30,15597.80,15621.80,15597.20,15610.80,0,
08_05_2026_14_35,15610.20,15630.50,15609.00,15625.50,0,
08_05_2026_14_40,15626.50,15637.20,15621.00,15626.50,0,
08_05_2026_14_45,15626.50,15628.10,15619.90,15625.80,0,
08_05_2026_14_50,15626.20,15631.20,15624.30,15626.10,0,
08_05_2026_14_55,15627.00,15627.20,15604.90,15609.70,0,
08_05_2026_15_00,15610.50,15610.50,15580.70,15581.60,0,
08_05_2026_15_05,15581.70,15592.80,15581.50,15583.30,0,
08_05_2026_15_10,15583.80,15584.90,15572.60,15575.50,0,
08_05_2026_15_15,15575.30,15584.50,15566.00,15567.70,0,
08_05_2026_15_20,15567.40,15567.40,15552.90,15557.00,0,
08_05_2026_15_25,15556.20,15566.00,15555.80,15562.20,0,
11_05_2026_09_15,15444.20,15448.70,15355.00,15367.20,0,
11_05_2026_09_20,15367.80,15413.60,15351.40,15402.40,0,
11_05_2026_09_25,15402.80,15414.30,15389.50,15412.80,0,
11_05_2026_09_30,15413.20,15415.20,15384.20,15389.80,0,
11_05_2026_09_35,15389.70,15389.70,15337.50,15344.00,0,
11_05_2026_09_40,15341.80,15349.80,15338.00,15343.40,0,
11_05_2026_09_45,15343.70,15359.10,15338.20,15355.30,0,
11_05_2026_09_50,15355.50,15363.50,15344.40,15361.00,0,
11_05_2026_09_55,15361.50,15362.80,15336.80,15341.00,0,
11_05_2026_10_00,15341.30,15368.90,15340.80,15364.80,0,
11_05_2026_10_05,15364.60,15372.70,15359.70,15371.00,0,
11_05_2026_10_10,15370.40,15381.40,15368.00,15373.50,0,
11_05_2026_10_15,15374.70,15375.70,15343.50,15344.00,0,
11_05_2026_10_20,15343.00,15354.10,15338.60,15351.10,0,
11_05_2026_10_25,15351.20,15352.70,15343.20,15347.70,0,
11_05_2026_10_30,15348.70,15349.80,15331.90,15334.90,0,
11_05_2026_10_35,15335.20,15337.80,15311.20,15321.70,0,
11_05_2026_10_40,15321.40,15324.40,15313.60,15316.40,0,
11_05_2026_10_45,15316.70,15320.10,15306.80,15316.90,0,
11_05_2026_10_50,15316.90,15331.90,15314.80,15331.20,0,
11_05_2026_10_55,15331.30,15333.50,15324.00,15324.80,0,
11_05_2026_11_00,15324.80,15331.80,15318.00,15331.50,0,
11_05_2026_11_05,15331.70,15339.80,15327.00,15336.50,0,
11_05_2026_11_10,15336.60,15349.70,15336.20,15342.80,0,
11_05_2026_11_15,15342.90,15349.00,15342.50,15347.80,0,
11_05_2026_11_20,15347.30,15361.80,15347.30,15353.50,0,
11_05_2026_11_25,15353.50,15363.90,15345.70,15353.70,0,
11_05_2026_11_30,15354.40,15357.00,15343.00,15356.50,0,
11_05_2026_11_35,15356.50,15366.20,15355.50,15366.20,0,
11_05_2026_11_40,15366.20,15378.80,15365.20,15374.40,0,
11_05_2026_11_45,15374.80,15379.80,15360.80,15361.60,0,
11_05_2026_11_50,15362.00,15371.30,15361.20,15369.40,0,
11_05_2026_11_55,15369.60,15370.00,15359.00,15361.00,0,
11_05_2026_12_00,15361.80,15371.30,15358.80,15362.60,0,
11_05_2026_12_05,15363.00,15374.50,15359.80,15372.80,0,
11_05_2026_12_10,15373.00,15379.80,15370.20,15376.60,0,
11_05_2026_12_15,15376.50,15382.20,15368.30,15380.00,0,
11_05_2026_12_20,15379.80,15383.50,15375.20,15383.20,0,
11_05_2026_12_25,15382.50,15383.20,15371.30,15371.50,0,
11_05_2026_12_30,15371.50,15374.00,15361.70,15373.90,0,
11_05_2026_12_35,15373.80,15382.90,15360.80,15368.30,0,
11_05_2026_12_40,15369.00,15392.30,15369.00,15388.00,0,
11_05_2026_12_45,15387.30,15389.30,15381.80,15384.20,0,
11_05_2026_12_50,15384.70,15391.00,15383.60,15385.20,0,
11_05_2026_12_55,15385.00,15392.30,15384.40,15388.20,0,
11_05_2026_13_00,15388.50,15389.70,15372.70,15375.30,0,
11_05_2026_13_05,15374.50,15383.50,15364.00,15383.50,0,
11_05_2026_13_10,15383.50,15391.40,15380.50,15391.00,0,
11_05_2026_13_15,15390.80,15392.50,15378.20,15379.50,0,
11_05_2026_13_20,15379.80,15398.00,15379.80,15397.90,0,
11_05_2026_13_25,15398.50,15400.80,15386.80,15391.50,0,
11_05_2026_13_30,15392.00,15402.70,15391.80,15401.20,0,
11_05_2026_13_35,15402.50,15426.30,15401.80,15405.30,0,
11_05_2026_13_40,15404.80,15421.00,15399.30,15416.70,0,
11_05_2026_13_45,15416.30,15431.20,15416.00,15421.50,0,
11_05_2026_13_50,15420.50,15431.60,15418.00,15429.20,0,
11_05_2026_13_55,15429.50,15431.00,15409.80,15409.80,0,
11_05_2026_14_00,15409.80,15416.20,15404.70,15410.50,0,
11_05_2026_14_05,15410.80,15413.30,15402.00,15402.90,0,
11_05_2026_14_10,15403.00,15408.20,15390.60,15391.70,0,
11_05_2026_14_15,15391.30,15396.80,15382.40,15390.50,0,
11_05_2026_14_20,15390.80,15396.40,15389.00,15391.20,0,
11_05_2026_14_25,15391.20,15393.20,15382.40,15387.80,0,
11_05_2026_14_30,15387.50,15401.30,15385.30,15401.00,0,
11_05_2026_14_35,15401.00,15404.50,15385.00,15386.00,0,
11_05_2026_14_40,15385.80,15390.70,15375.00,15380.60,0,
11_05_2026_14_45,15379.70,15382.00,15356.40,15362.40,0,
11_05_2026_14_50,15362.50,15376.50,15360.80,15361.50,0,
11_05_2026_14_55,15361.90,15362.70,15352.30,15352.30,0,
11_05_2026_15_00,15353.60,15353.80,15312.70,15319.70,0,
11_05_2026_15_05,15319.30,15320.70,15306.80,15311.50,0,
11_05_2026_15_10,15311.30,15313.30,15304.50,15304.90,0,
11_05_2026_15_15,15304.90,15318.20,15304.90,15312.60,0,
11_05_2026_15_20,15311.70,15316.50,15307.40,15315.50,0,
11_05_2026_15_25,15314.50,15325.50,15309.20,15322.70,0,
12_05_2026_09_15,15273.70,15301.20,15253.80,15277.60,0,
12_05_2026_09_20,15278.80,15278.80,15243.70,15244.30,0,
12_05_2026_09_25,15244.90,15244.90,15213.00,15213.50,0,
12_05_2026_09_30,15212.50,15214.80,15194.60,15203.20,0,
12_05_2026_09_35,15203.80,15223.20,15191.70,15194.80,0,
12_05_2026_09_40,15195.70,15234.80,15194.00,15227.40,0,
12_05_2026_09_45,15226.80,15237.20,15222.90,15231.10,0,
12_05_2026_09_50,15230.80,15239.40,15230.80,15232.50,0,
12_05_2026_09_55,15232.60,15234.20,15223.70,15224.30,0,
12_05_2026_10_00,15224.80,15227.60,15215.70,15221.50,0,
12_05_2026_10_05,15221.70,15231.50,15211.60,15225.50,0,
12_05_2026_10_10,15225.50,15239.90,15222.00,15239.70,0,
12_05_2026_10_15,15239.00,15250.60,15234.20,15245.00,0,
12_05_2026_10_20,15245.20,15248.50,15225.00,15226.20,0,
12_05_2026_10_25,15227.20,15227.70,15206.70,15209.50,0,
12_05_2026_10_30,15209.80,15210.80,15202.30,15203.00,0,
12_05_2026_10_35,15203.50,15210.20,15193.20,15203.00,0,
12_05_2026_10_40,15203.20,15228.80,15202.50,15218.50,0,
12_05_2026_10_45,15218.50,15219.50,15194.60,15196.00,0,
12_05_2026_10_50,15196.20,15198.90,15189.50,15191.10,0,
12_05_2026_10_55,15191.30,15205.00,15189.50,15199.50,0,
12_05_2026_11_00,15199.40,15199.40,15174.90,15177.10,0,
12_05_2026_11_05,15177.30,15181.20,15166.30,15172.50,0,
12_05_2026_11_10,15173.20,15176.30,15163.20,15165.10,0,
12_05_2026_11_15,15165.30,15170.10,15162.80,15168.90,0,
12_05_2026_11_20,15168.90,15173.70,15163.10,15167.40,0,
12_05_2026_11_25,15168.10,15179.50,15166.80,15171.50,0,
12_05_2026_11_30,15171.80,15174.50,15159.20,15171.80,0,
12_05_2026_11_35,15172.50,15175.80,15160.30,15172.80,0,
12_05_2026_11_40,15173.80,15186.20,15171.00,15179.70,0,
12_05_2026_11_45,15180.40,15180.40,15165.80,15175.30,0,
12_05_2026_11_50,15176.20,15185.80,15172.90,15181.70,0,
12_05_2026_11_55,15182.70,15186.50,15173.80,15174.80,0,
12_05_2026_12_00,15175.30,15176.00,15167.20,15174.90,0,
12_05_2026_12_05,15174.60,15174.70,15156.00,15156.50,0,
12_05_2026_12_10,15157.90,15164.90,15153.80,15157.70,0,
12_05_2026_12_15,15158.20,15172.70,15157.20,15163.10,0,
12_05_2026_12_20,15163.40,15172.80,15159.00,15172.60,0,
12_05_2026_12_25,15173.20,15174.00,15158.80,15159.60,0,
12_05_2026_12_30,15159.30,15160.50,15129.30,15129.80,0,
12_05_2026_12_35,15130.20,15131.70,15122.60,15124.80,0,
12_05_2026_12_40,15125.70,15139.00,15122.90,15136.70,0,
12_05_2026_12_45,15137.60,15146.80,15130.80,15135.80,0,
12_05_2026_12_50,15136.30,15144.00,15129.20,15129.70,0,
12_05_2026_12_55,15131.00,15137.20,15125.80,15131.40,0,
12_05_2026_13_00,15131.80,15132.30,15123.40,15127.60,0,
12_05_2026_13_05,15128.30,15129.20,15110.80,15111.00,0,
12_05_2026_13_10,15111.80,15122.80,15108.00,15122.80,0,
12_05_2026_13_15,15123.50,15138.70,15123.00,15129.50,0,
12_05_2026_13_20,15129.70,15131.30,15119.50,15121.70,0,
12_05_2026_13_25,15122.90,15129.40,15118.30,15126.40,0,
12_05_2026_13_30,15127.10,15130.70,15119.30,15119.30,0,
12_05_2026_13_35,15120.00,15121.60,15102.20,15103.00,0,
12_05_2026_13_40,15103.80,15105.20,15088.70,15093.10,0,
12_05_2026_13_45,15094.20,15105.60,15090.10,15098.40,0,
12_05_2026_13_50,15099.50,15111.80,15094.30,15094.70,0,
12_05_2026_13_55,15095.70,15096.00,15085.70,15088.20,0,
12_05_2026_14_00,15089.10,15089.10,15075.20,15078.20,0,
12_05_2026_14_05,15078.70,15078.80,15061.20,15062.50,0,
12_05_2026_14_10,15063.00,15065.20,15051.80,15054.10,0,
12_05_2026_14_15,15054.00,15063.60,15050.50,15053.80,0,
12_05_2026_14_20,15054.00,15081.20,15047.30,15078.50,0,
12_05_2026_14_25,15079.20,15079.20,15056.50,15067.80,0,
12_05_2026_14_30,15068.50,15070.10,15045.90,15046.60,0,
12_05_2026_14_35,15046.80,15065.60,15043.10,15059.50,0,
12_05_2026_14_40,15060.30,15070.20,15055.70,15065.50,0,
12_05_2026_14_45,15066.20,15072.00,15062.30,15063.70,0,
12_05_2026_14_50,15064.70,15064.70,15034.70,15037.80,0,
12_05_2026_14_55,15038.90,15039.80,15028.50,15034.30,0,
12_05_2026_15_00,15035.20,15035.50,14987.20,14996.90,0,
12_05_2026_15_05,14996.80,15000.20,14976.90,14979.00,0,
12_05_2026_15_10,14979.00,14986.30,14975.40,14979.50,0,
12_05_2026_15_15,14979.50,14998.30,14979.50,14998.00,0,
12_05_2026_15_20,14997.30,15007.20,14989.30,15006.50,0,
12_05_2026_15_25,15006.20,15031.90,15000.60,15027.70,0,
13_05_2026_09_15,15017.50,15072.90,14981.40,15008.00,0,
13_05_2026_09_20,15007.20,15037.20,14998.00,15037.20,0,
13_05_2026_09_25,15037.50,15039.00,14990.20,14990.20,0,
13_05_2026_09_30,14990.70,15003.80,14953.70,14956.80,0,
13_05_2026_09_35,14956.50,14957.80,14903.80,14914.10,0,
13_05_2026_09_40,14914.00,14948.80,14905.30,14943.40,0,
13_05_2026_09_45,14943.90,14954.00,14911.20,14918.50,0,
13_05_2026_09_50,14918.90,14989.20,14918.40,14987.50,0,
13_05_2026_09_55,14988.20,15007.00,14968.90,14990.10,0,
13_05_2026_10_00,14989.00,15008.30,14979.70,15008.30,0,
13_05_2026_10_05,15008.80,15027.20,15008.80,15011.00,0,
13_05_2026_10_10,15011.20,15013.70,14991.00,15005.70,0,
13_05_2026_10_15,15006.20,15036.30,15004.80,15032.80,0,
13_05_2026_10_20,15032.90,15051.30,15032.50,15049.50,0,
13_05_2026_10_25,15049.50,15056.80,15044.50,15045.00,0,
13_05_2026_10_30,15044.60,15056.70,15040.30,15056.30,0,
13_05_2026_10_35,15056.20,15058.20,15027.70,15031.70,0,
13_05_2026_10_40,15032.00,15049.00,15031.10,15041.50,0,
13_05_2026_10_45,15041.10,15046.90,15034.50,15034.50,0,
13_05_2026_10_50,15034.30,15038.20,15019.20,15022.10,0,
13_05_2026_10_55,15022.00,15023.80,14975.00,14975.00,0,
13_05_2026_11_00,14975.10,14991.50,14967.10,14988.80,0,
13_05_2026_11_05,14988.70,14992.00,14977.40,14988.80,0,
13_05_2026_11_10,14988.20,14998.10,14981.00,14997.40,0,
13_05_2026_11_15,14997.00,15009.70,14992.50,15009.00,0,
13_05_2026_11_20,15008.80,15015.50,14999.70,15011.80,0,
13_05_2026_11_25,15011.70,15015.80,15005.80,15013.80,0,
13_05_2026_11_30,15014.10,15022.40,15013.80,15020.20,0,
13_05_2026_11_35,15020.50,15061.40,15019.80,15061.10,0,
13_05_2026_11_40,15061.50,15080.60,15059.90,15080.50,0,
13_05_2026_11_45,15081.40,15087.80,15067.50,15068.40,0,
13_05_2026_11_50,15068.50,15078.50,15060.90,15065.70,0,
13_05_2026_11_55,15065.70,15077.20,15061.20,15061.60,0,
13_05_2026_12_00,15061.60,15074.40,15061.60,15069.40,0,
13_05_2026_12_05,15069.30,15078.20,15067.90,15077.20,0,
13_05_2026_12_10,15076.70,15092.00,15074.20,15090.50,0,
13_05_2026_12_15,15090.30,15093.60,15063.30,15073.30,0,
13_05_2026_12_20,15072.50,15073.20,15064.90,15068.00,0,
13_05_2026_12_25,15067.70,15074.50,15064.50,15069.50,0,
13_05_2026_12_30,15069.50,15075.60,15063.60,15065.50,0,
13_05_2026_12_35,15065.80,15069.20,15047.70,15051.50,0,
13_05_2026_12_40,15051.70,15052.20,15028.60,15039.00,0,
13_05_2026_12_45,15038.50,15049.50,15036.50,15049.30,0,
13_05_2026_12_50,15049.20,15081.20,15048.30,15081.00,0,
13_05_2026_12_55,15081.20,15113.20,15081.20,15111.60,0,
13_05_2026_13_00,15112.50,15114.50,15096.00,15097.40,0,
13_05_2026_13_05,15097.50,15104.50,15086.50,15090.20,0,
13_05_2026_13_10,15090.20,15113.10,15090.20,15105.70,0,
13_05_2026_13_15,15105.50,15105.50,15075.10,15080.80,0,
13_05_2026_13_20,15079.90,15087.00,15070.50,15078.60,0,
13_05_2026_13_25,15078.80,15085.20,15069.20,15073.70,0,
13_05_2026_13_30,15071.60,15099.70,15069.80,15098.20,0,
13_05_2026_13_35,15097.50,15098.50,15084.00,15096.00,0,
13_05_2026_13_40,15095.80,15098.70,15085.30,15086.80,0,
13_05_2026_13_45,15086.20,15094.00,15074.10,15078.50,0,
13_05_2026_13_50,15078.00,15084.20,15073.00,15076.70,0,
13_05_2026_13_55,15077.20,15077.30,15053.70,15070.30,0,
13_05_2026_14_00,15070.50,15080.70,15059.00,15064.80,0,
13_05_2026_14_05,15064.80,15082.80,15064.80,15082.00,0,
13_05_2026_14_10,15082.80,15093.60,15081.20,15089.50,0,
13_05_2026_14_15,15090.00,15092.80,15072.30,15072.40,0,
13_05_2026_14_20,15071.80,15087.30,15063.30,15085.80,0,
13_05_2026_14_25,15085.40,15090.50,15073.90,15079.50,0,
13_05_2026_14_30,15080.20,15086.50,15079.00,15085.80,0,
13_05_2026_14_35,15085.80,15096.90,15080.20,15093.70,0,
13_05_2026_14_40,15094.00,15095.40,15073.20,15074.20,0,
13_05_2026_14_45,15074.20,15080.30,15062.00,15075.10,0,
13_05_2026_14_50,15075.40,15082.00,15070.50,15079.30,0,
13_05_2026_14_55,15079.50,15080.20,15070.80,15073.00,0,
13_05_2026_15_00,15073.20,15073.20,15028.00,15032.10,0,
13_05_2026_15_05,15031.50,15034.70,15018.40,15033.00,0,
13_05_2026_15_10,15033.00,15034.00,15015.20,15029.00,0,
13_05_2026_15_15,15029.20,15035.70,15019.30,15019.60,0,
13_05_2026_15_20,15019.50,15020.50,15009.30,15012.00,0,
13_05_2026_15_25,15011.50,15042.00,15011.50,15035.90,0,
14_05_2026_09_15,15119.50,15158.60,15113.50,15117.40,0,
14_05_2026_09_20,15117.80,15137.00,15116.10,15116.80,0,
14_05_2026_09_25,15118.40,15133.70,15113.00,15130.80,0,
14_05_2026_09_30,15131.10,15145.50,15124.50,15134.70,0,
14_05_2026_09_35,15134.80,15134.80,15088.80,15089.60,0,
14_05_2026_09_40,15090.00,15090.50,15052.70,15054.20,0,
14_05_2026_09_45,15054.80,15085.30,15053.80,15057.00,0,
14_05_2026_09_50,15056.80,15060.80,15025.60,15027.00,0,
14_05_2026_09_55,15026.50,15028.10,15007.20,15020.30,0,
14_05_2026_10_00,15019.90,15042.80,15010.10,15031.00,0,
14_05_2026_10_05,15031.50,15039.30,15016.70,15036.30,0,
14_05_2026_10_10,15035.70,15055.50,15027.50,15053.40,0,
14_05_2026_10_15,15053.40,15067.50,15043.80,15067.20,0,
14_05_2026_10_20,15068.10,15070.20,15042.80,15060.80,0,
14_05_2026_10_25,15060.80,15081.60,15058.80,15072.30,0,
14_05_2026_10_30,15072.50,15086.50,15070.60,15086.50,0,
14_05_2026_10_35,15086.30,15092.50,15085.30,15087.80,0,
14_05_2026_10_40,15087.90,15090.30,15069.80,15071.00,0,
14_05_2026_10_45,15071.10,15071.10,15041.70,15042.00,0,
14_05_2026_10_50,15042.80,15066.80,15036.50,15062.10,0,
14_05_2026_10_55,15062.80,15062.80,15036.80,15037.20,0,
14_05_2026_11_00,15038.00,15043.00,15027.00,15027.10,0,
14_05_2026_11_05,15027.80,15033.00,15019.40,15019.70,0,
14_05_2026_11_10,15020.50,15043.40,15018.20,15042.30,0,
14_05_2026_11_15,15042.80,15066.70,15042.30,15066.50,0,
14_05_2026_11_20,15067.10,15083.80,15064.20,15080.80,0,
14_05_2026_11_25,15081.30,15095.50,15065.80,15093.20,0,
14_05_2026_11_30,15093.30,15113.30,15091.80,15111.70,0,
14_05_2026_11_35,15111.90,15132.20,15111.30,15130.00,0,
14_05_2026_11_40,15130.00,15142.10,15119.40,15141.70,0,
14_05_2026_11_45,15142.00,15163.50,15139.00,15163.50,0,
14_05_2026_11_50,15163.80,15178.30,15161.40,15163.50,0,
14_05_2026_11_55,15163.10,15173.60,15156.80,15170.80,0,
14_05_2026_12_00,15171.10,15173.90,15154.70,15156.70,0,
14_05_2026_12_05,15157.10,15165.70,15150.20,15152.80,0,
14_05_2026_12_10,15152.80,15169.50,15149.20,15169.50,0,
14_05_2026_12_15,15169.50,15202.50,15169.40,15182.60,0,
14_05_2026_12_20,15182.90,15197.40,15181.80,15196.50,0,
14_05_2026_12_25,15196.50,15198.20,15189.00,15192.10,0,
14_05_2026_12_30,15192.30,15196.00,15185.80,15188.50,0,
14_05_2026_12_35,15188.80,15192.80,15182.20,15188.50,0,
14_05_2026_12_40,15189.20,15211.30,15189.00,15208.80,0,
14_05_2026_12_45,15210.00,15213.20,15195.70,15209.60,0,
14_05_2026_12_50,15210.20,15210.20,15193.00,15199.00,0,
14_05_2026_12_55,15199.00,15204.20,15191.00,15200.80,0,
14_05_2026_13_00,15201.20,15235.10,15201.20,15234.80,0,
14_05_2026_13_05,15234.70,15239.30,15226.80,15229.10,0,
14_05_2026_13_10,15229.20,15230.20,15207.20,15218.80,0,
14_05_2026_13_15,15218.20,15230.00,15218.20,15224.70,0,
14_05_2026_13_20,15224.50,15224.80,15204.00,15204.50,0,
14_05_2026_13_25,15204.80,15221.00,15204.50,15206.50,0,
14_05_2026_13_30,15207.10,15224.80,15206.20,15222.80,0,
14_05_2026_13_35,15222.70,15234.10,15220.30,15222.30,0,
14_05_2026_13_40,15222.90,15229.00,15220.80,15225.00,0,
14_05_2026_13_45,15224.50,15232.10,15214.20,15214.70,0,
14_05_2026_13_50,15215.00,15222.20,15208.80,15220.00,0,
14_05_2026_13_55,15220.00,15225.80,15217.90,15222.10,0,
14_05_2026_14_00,15221.90,15226.20,15218.00,15224.20,0,
14_05_2026_14_05,15225.20,15235.00,15222.50,15227.10,0,
14_05_2026_14_10,15227.40,15230.20,15221.40,15222.20,0,
14_05_2026_14_15,15223.00,15231.90,15207.20,15208.00,0,
14_05_2026_14_20,15208.80,15223.50,15205.70,15221.80,0,
14_05_2026_14_25,15221.80,15236.70,15221.80,15236.00,0,
14_05_2026_14_30,15236.30,15252.20,15234.20,15244.30,0,
14_05_2026_14_35,15245.00,15246.20,15226.60,15233.50,0,
14_05_2026_14_40,15233.40,15235.80,15222.60,15232.50,0,
14_05_2026_14_45,15232.00,15233.10,15211.10,15215.50,0,
14_05_2026_14_50,15215.90,15223.10,15210.50,15215.60,0,
14_05_2026_14_55,15215.60,15234.10,15209.20,15227.40,0,
14_05_2026_15_00,15226.80,15230.50,15214.70,15224.80,0,
14_05_2026_15_05,15225.20,15228.00,15207.20,15214.40,0,
14_05_2026_15_10,15214.90,15221.50,15211.20,15217.90,0,
14_05_2026_15_15,15217.90,15227.70,15214.30,15225.40,0,
14_05_2026_15_20,15226.00,15231.30,15219.80,15230.50,0,
14_05_2026_15_25,15230.70,15239.70,15225.50,15235.90,0,
15_05_2026_09_15,15230.70,15260.80,15204.90,15216.80,0,
15_05_2026_09_20,15216.30,15217.80,15188.60,15208.30,0,
15_05_2026_09_25,15207.00,15239.80,15201.70,15230.40,0,
15_05_2026_09_30,15231.50,15235.80,15205.00,15213.00,0,
15_05_2026_09_35,15212.20,15229.80,15203.50,15228.30,0,
15_05_2026_09_40,15228.60,15265.00,15227.70,15264.80,0,
15_05_2026_09_45,15265.50,15294.70,15265.50,15280.10,0,
15_05_2026_09_50,15279.80,15298.30,15276.50,15298.00,0,
15_05_2026_09_55,15297.80,15311.50,15296.20,15303.10,0,
15_05_2026_10_00,15302.00,15303.70,15273.00,15289.50,0,
15_05_2026_10_05,15289.30,15290.20,15258.80,15259.30,0,
15_05_2026_10_10,15258.70,15266.50,15255.40,15265.10,0,
15_05_2026_10_15,15265.20,15277.40,15262.50,15269.80,0,
15_05_2026_10_20,15269.90,15280.50,15265.50,15280.40,0,
15_05_2026_10_25,15279.80,15296.20,15279.80,15293.80,0,
15_05_2026_10_30,15293.50,15295.80,15283.80,15290.20,0,
15_05_2026_10_35,15290.20,15292.00,15281.50,15283.60,0,
15_05_2026_10_40,15283.30,15298.40,15278.30,15292.60,0,
15_05_2026_10_45,15292.20,15299.80,15290.00,15293.90,0,
15_05_2026_10_50,15293.00,15306.00,15293.00,15300.40,0,
15_05_2026_10_55,15300.10,15304.10,15294.00,15300.70,0,
15_05_2026_11_00,15300.00,15300.80,15270.30,15270.30,0,
15_05_2026_11_05,15270.00,15272.90,15240.70,15247.70,0,
15_05_2026_11_10,15248.00,15256.40,15238.80,15242.70,0,
15_05_2026_11_15,15242.70,15246.30,15220.30,15241.70,0,
15_05_2026_11_20,15241.80,15243.00,15226.30,15227.40,0,
15_05_2026_11_25,15228.30,15233.50,15216.80,15216.80,0,
15_05_2026_11_30,15216.80,15221.80,15201.60,15215.90,0,
15_05_2026_11_35,15216.20,15222.40,15206.20,15221.90,0,
15_05_2026_11_40,15223.00,15226.30,15216.20,15223.30,0,
15_05_2026_11_45,15223.20,15235.50,15219.90,15232.30,0,
15_05_2026_11_50,15232.00,15241.30,15228.20,15230.70,0,
15_05_2026_11_55,15230.50,15231.50,15222.80,15231.30,0,
15_05_2026_12_00,15231.30,15245.50,15227.50,15245.00,0,
15_05_2026_12_05,15245.20,15257.10,15245.20,15248.00,0,
15_05_2026_12_10,15248.10,15252.20,15239.20,15240.80,0,
15_05_2026_12_15,15241.20,15243.50,15230.40,15236.80,0,
15_05_2026_12_20,15236.30,15237.70,15217.60,15222.10,0,
15_05_2026_12_25,15221.80,15234.60,15217.90,15218.10,0,
15_05_2026_12_30,15218.20,15229.50,15214.80,15229.50,0,
15_05_2026_12_35,15229.70,15241.30,15228.80,15240.20,0,
15_05_2026_12_40,15239.90,15253.50,15239.90,15253.20,0,
15_05_2026_12_45,15253.20,15269.30,15253.20,15266.00,0,
15_05_2026_12_50,15266.30,15278.20,15265.70,15273.80,0,
15_05_2026_12_55,15274.30,15278.60,15269.00,15273.30,0,
15_05_2026_13_00,15273.00,15274.80,15263.30,15265.00,0,
15_05_2026_13_05,15265.10,15272.50,15256.90,15258.50,0,
15_05_2026_13_10,15258.50,15266.60,15257.80,15262.30,0,
15_05_2026_13_15,15263.00,15263.60,15255.30,15263.20,0,
15_05_2026_13_20,15263.00,15265.20,15258.30,15259.90,0,
15_05_2026_13_25,15259.80,15264.00,15251.00,15258.20,0,
15_05_2026_13_30,15258.50,15260.30,15247.10,15247.50,0,
15_05_2026_13_35,15248.70,15253.70,15229.80,15233.00,0,
15_05_2026_13_40,15233.00,15239.20,15230.20,15238.80,0,
15_05_2026_13_45,15239.20,15247.30,15215.80,15221.20,0,
15_05_2026_13_50,15221.20,15238.30,15214.30,15235.10,0,
15_05_2026_13_55,15234.90,15239.80,15219.70,15227.10,0,
15_05_2026_14_00,15226.60,15228.30,15210.20,15210.60,0,
15_05_2026_14_05,15210.50,15224.70,15209.30,15224.30,0,
15_05_2026_14_10,15224.40,15231.20,15221.50,15230.80,0,
15_05_2026_14_15,15230.80,15232.20,15216.20,15223.70,0,
15_05_2026_14_20,15222.70,15223.50,15214.20,15218.70,0,
15_05_2026_14_25,15218.80,15219.20,15204.50,15213.40,0,
15_05_2026_14_30,15215.30,15219.10,15202.80,15217.10,0,
15_05_2026_14_35,15217.20,15225.50,15208.50,15213.80,0,
15_05_2026_14_40,15214.50,15225.50,15211.80,15212.30,0,
15_05_2026_14_45,15212.00,15212.50,15172.20,15172.70,0,
15_05_2026_14_50,15172.50,15179.50,15163.50,15172.70,0,
15_05_2026_14_55,15172.80,15199.50,15164.50,15190.00,0,
15_05_2026_15_00,15189.50,15205.20,15180.30,15204.40,0,
15_05_2026_15_05,15204.50,15208.80,15184.80,15187.20,0,
15_05_2026_15_10,15186.90,15190.20,15177.80,15182.90,0,
15_05_2026_15_15,15183.00,15184.20,15165.70,15183.00,0,
15_05_2026_15_20,15183.00,15188.00,15171.40,15173.50,0,
15_05_2026_15_25,15173.80,15182.70,15169.00,15179.90,0,
18_05_2026_09_15,15085.20,15089.00,14972.90,14989.70,0,
18_05_2026_09_20,14989.00,14999.40,14969.60,14986.80,0,
18_05_2026_09_25,14988.50,14989.00,14961.80,14971.30,0,
18_05_2026_09_30,14972.10,14992.50,14960.80,14986.10,0,
18_05_2026_09_35,14986.50,14991.30,14956.00,14962.00,0,
18_05_2026_09_40,14962.30,14975.00,14949.50,14963.70,0,
18_05_2026_09_45,14963.00,14967.00,14943.00,14945.40,0,
18_05_2026_09_50,14946.10,14948.70,14922.80,14924.30,0,
18_05_2026_09_55,14924.00,14938.70,14919.50,14938.50,0,
18_05_2026_10_00,14938.30,14955.00,14933.70,14951.00,0,
18_05_2026_10_05,14951.00,14954.20,14931.70,14939.80,0,
18_05_2026_10_10,14940.40,14949.00,14938.80,14947.00,0,
18_05_2026_10_15,14947.80,14964.90,14941.80,14963.00,0,
18_05_2026_10_20,14962.80,14965.50,14947.30,14954.20,0,
18_05_2026_10_25,14954.80,14955.00,14945.50,14948.90,0,
18_05_2026_10_30,14949.30,14970.60,14926.20,14970.40,0,
18_05_2026_10_35,14970.50,14981.40,14964.00,14969.30,0,
18_05_2026_10_40,14970.00,14972.80,14954.50,14966.20,0,
18_05_2026_10_45,14965.20,14965.20,14941.40,14948.90,0,
18_05_2026_10_50,14949.30,14977.30,14949.30,14976.50,0,
18_05_2026_10_55,14976.00,14994.10,14976.00,14994.10,0,
18_05_2026_11_00,14993.50,14999.50,14985.50,14989.50,0,
18_05_2026_11_05,14989.30,15008.20,14988.30,15006.40,0,
18_05_2026_11_10,15006.30,15006.80,14997.50,15003.10,0,
18_05_2026_11_15,15003.70,15021.90,15001.00,15021.60,0,
18_05_2026_11_20,15021.70,15034.30,15008.80,15033.70,0,
18_05_2026_11_25,15034.00,15034.80,15015.70,15016.70,0,
18_05_2026_11_30,15017.50,15042.20,15015.30,15034.00,0,
18_05_2026_11_35,15034.50,15055.30,15032.00,15053.10,0,
18_05_2026_11_40,15053.20,15053.30,15031.80,15038.20,0,
18_05_2026_11_45,15039.00,15040.10,15017.80,15022.00,0,
18_05_2026_11_50,15022.30,15022.30,15012.70,15013.50,0,
18_05_2026_11_55,15013.70,15019.00,15001.30,15001.70,0,
18_05_2026_12_00,15001.50,15007.90,14997.00,15003.20,0,
18_05_2026_12_05,15003.80,15016.80,15002.50,15009.00,0,
18_05_2026_12_10,15009.30,15028.80,15009.00,15028.20,0,
18_05_2026_12_15,15028.40,15032.40,15016.70,15020.40,0,
18_05_2026_12_20,15020.90,15032.20,15017.80,15031.50,0,
18_05_2026_12_25,15031.50,15048.20,15031.50,15045.80,0,
18_05_2026_12_30,15047.00,15068.20,15047.00,15065.70,0,
18_05_2026_12_35,15066.10,15072.70,15065.80,15067.80,0,
18_05_2026_12_40,15068.20,15068.70,15052.00,15054.60,0,
18_05_2026_12_45,15055.00,15055.80,15046.50,15049.80,0,
18_05_2026_12_50,15050.00,15059.50,15048.90,15057.90,0,
18_05_2026_12_55,15057.80,15090.40,15057.50,15090.00,0,
18_05_2026_13_00,15090.10,15101.80,15086.80,15092.20,0,
18_05_2026_13_05,15092.70,15093.30,15066.50,15071.20,0,
18_05_2026_13_10,15071.80,15073.80,15058.20,15068.80,0,
18_05_2026_13_15,15068.70,15075.80,15064.00,15065.50,0,
18_05_2026_13_20,15065.00,15071.60,15050.90,15071.60,0,
18_05_2026_13_25,15071.30,15075.70,15060.60,15066.70,0,
18_05_2026_13_30,15067.20,15074.70,15062.90,15070.20,0,
18_05_2026_13_35,15070.80,15072.80,15060.20,15063.00,0,
18_05_2026_13_40,15062.80,15077.50,15059.90,15070.10,0,
18_05_2026_13_45,15070.50,15073.50,15059.90,15072.90,0,
18_05_2026_13_50,15074.40,15080.90,15073.20,15077.00,0,
18_05_2026_13_55,15077.50,15084.60,15067.00,15073.90,0,
18_05_2026_14_00,15074.30,15084.80,15068.10,15081.80,0,
18_05_2026_14_05,15081.50,15082.80,15063.10,15066.80,0,
18_05_2026_14_10,15066.70,15081.00,15062.20,15076.80,0,
18_05_2026_14_15,15077.10,15077.10,15060.20,15069.80,0,
18_05_2026_14_20,15069.60,15073.70,15054.20,15054.20,0,
18_05_2026_14_25,15053.70,15068.00,15049.00,15063.90,0,
18_05_2026_14_30,15064.00,15070.80,15055.70,15056.70,0,
18_05_2026_14_35,15057.50,15062.50,15052.50,15053.40,0,
18_05_2026_14_40,15053.40,15070.70,15051.20,15066.50,0,
18_05_2026_14_45,15066.70,15067.90,15050.20,15050.50,0,
18_05_2026_14_50,15050.50,15054.80,15048.80,15053.50,0,
18_05_2026_14_55,15053.00,15053.00,15041.50,15047.50,0,
18_05_2026_15_00,15047.50,15114.00,15047.50,15102.50,0,
18_05_2026_15_05,15102.80,15110.50,15079.60,15083.30,0,
18_05_2026_15_10,15084.50,15095.20,15083.20,15088.50,0,
18_05_2026_15_15,15088.00,15088.50,15080.20,15087.80,0,
18_05_2026_15_20,15087.60,15106.00,15086.80,15105.90,0,
18_05_2026_15_25,15105.40,15106.00,15089.80,15094.00,0,
19_05_2026_09_15,15120.40,15144.30,15101.50,15118.00,0,
19_05_2026_09_20,15117.50,15145.10,15106.20,15141.40,0,
19_05_2026_09_25,15140.50,15169.60,15139.90,15165.50,0,
19_05_2026_09_30,15166.40,15167.20,15092.80,15093.60,0,
19_05_2026_09_35,15093.50,15114.30,15069.70,15114.20,0,
19_05_2026_09_40,15116.20,15159.30,15116.20,15149.80,0,
19_05_2026_09_45,15150.20,15152.00,15133.90,15139.00,0,
19_05_2026_09_50,15140.20,15145.70,15129.30,15135.00,0,
19_05_2026_09_55,15135.30,15136.70,15116.80,15116.80,0,
19_05_2026_10_00,15117.20,15137.00,15115.70,15128.80,0,
19_05_2026_10_05,15128.90,15145.20,15128.00,15138.00,0,
19_05_2026_10_10,15138.70,15160.00,15134.90,15155.00,0,
19_05_2026_10_15,15154.80,15159.80,15141.80,15141.90,0,
19_05_2026_10_20,15142.30,15150.50,15140.80,15149.80,0,
19_05_2026_10_25,15150.20,15161.80,15149.90,15156.10,0,
19_05_2026_10_30,15157.00,15160.10,15145.70,15149.20,0,
19_05_2026_10_35,15150.70,15153.70,15145.50,15153.60,0,
19_05_2026_10_40,15154.20,15156.00,15148.00,15155.30,0,
19_05_2026_10_45,15155.80,15163.90,15152.90,15156.60,0,
19_05_2026_10_50,15157.10,15165.40,15139.30,15148.90,0,
19_05_2026_10_55,15149.10,15171.40,15148.80,15166.70,0,
19_05_2026_11_00,15167.40,15167.70,15148.70,15152.30,0,
19_05_2026_11_05,15152.80,15153.20,15140.20,15141.70,0,
19_05_2026_11_10,15141.50,15146.70,15121.30,15122.20,0,
19_05_2026_11_15,15123.00,15123.20,15109.30,15115.70,0,
19_05_2026_11_20,15116.00,15128.80,15111.10,15124.80,0,
19_05_2026_11_25,15125.50,15137.80,15124.20,15137.50,0,
19_05_2026_11_30,15137.60,15137.80,15127.70,15135.20,0,
19_05_2026_11_35,15135.80,15140.80,15127.80,15138.50,0,
19_05_2026_11_40,15138.50,15159.00,15136.50,15158.20,0,
19_05_2026_11_45,15159.20,15170.80,15155.00,15166.30,0,
19_05_2026_11_50,15167.00,15175.00,15166.40,15171.20,0,
19_05_2026_11_55,15171.20,15177.80,15166.30,15168.70,0,
19_05_2026_12_00,15169.50,15172.30,15159.70,15167.60,0,
19_05_2026_12_05,15168.30,15171.70,15161.90,15164.40,0,
19_05_2026_12_10,15165.80,15174.80,15165.00,15171.90,0,
19_05_2026_12_15,15172.00,15172.00,15159.90,15168.50,0,
19_05_2026_12_20,15168.80,15175.80,15164.80,15166.50,0,
19_05_2026_12_25,15167.50,15168.40,15157.20,15167.10,0,
19_05_2026_12_30,15167.80,15170.50,15160.20,15164.80,0,
19_05_2026_12_35,15165.80,15174.90,15159.20,15173.70,0,
19_05_2026_12_40,15174.20,15174.20,15164.30,15171.70,0,
19_05_2026_12_45,15172.00,15174.20,15162.60,15162.60,0,
19_05_2026_12_50,15162.80,15165.50,15158.50,15164.00,0,
19_05_2026_12_55,15164.50,15168.30,15161.80,15164.00,0,
19_05_2026_13_00,15164.80,15169.70,15154.30,15155.80,0,
19_05_2026_13_05,15156.80,15159.80,15151.20,15157.00,0,
19_05_2026_13_10,15157.30,15157.30,15146.70,15148.00,0,
19_05_2026_13_15,15148.30,15167.00,15144.20,15160.00,0,
19_05_2026_13_20,15161.00,15164.10,15157.00,15164.00,0,
19_05_2026_13_25,15164.20,15165.20,15151.50,15153.60,0,
19_05_2026_13_30,15155.00,15161.00,15153.80,15156.30,0,
19_05_2026_13_35,15157.00,15157.40,15130.30,15140.50,0,
19_05_2026_13_40,15141.50,15146.20,15136.30,15139.30,0,
19_05_2026_13_45,15140.00,15154.10,15139.50,15147.20,0,
19_05_2026_13_50,15148.20,15148.20,15139.00,15140.10,0,
19_05_2026_13_55,15140.30,15140.30,15127.00,15135.50,0,
19_05_2026_14_00,15136.00,15156.50,15134.70,15154.00,0,
19_05_2026_14_05,15154.80,15156.70,15148.50,15148.90,0,
19_05_2026_14_10,15149.50,15156.50,15144.30,15151.50,0,
19_05_2026_14_15,15151.80,15160.60,15151.40,15154.70,0,
19_05_2026_14_20,15154.80,15158.90,15148.50,15150.00,0,
19_05_2026_14_25,15150.40,15150.60,15144.20,15147.50,0,
19_05_2026_14_30,15148.70,15150.90,15142.00,15146.00,0,
19_05_2026_14_35,15145.10,15147.00,15131.60,15131.80,0,
19_05_2026_14_40,15132.30,15135.40,15111.00,15115.00,0,
19_05_2026_14_45,15115.20,15115.70,15102.20,15114.80,0,
19_05_2026_14_50,15115.50,15124.20,15114.90,15118.40,0,
19_05_2026_14_55,15119.30,15124.50,15115.20,15119.80,0,
19_05_2026_15_00,15121.20,15121.30,15106.80,15113.50,0,
19_05_2026_15_05,15114.00,15114.60,15104.60,15107.80,0,
19_05_2026_15_10,15108.50,15108.50,15098.30,15102.30,0,
19_05_2026_15_15,15102.20,15103.80,15084.40,15085.60,0,
19_05_2026_15_20,15085.40,15089.80,15077.60,15082.00,0,
19_05_2026_15_25,15081.40,15085.70,15075.30,15080.10,0,
20_05_2026_09_15,14992.00,14993.80,14931.30,14944.70,0,
20_05_2026_09_20,14945.90,14951.80,14934.50,14944.20,0,
20_05_2026_09_25,14943.60,14958.20,14936.00,14952.00,0,
20_05_2026_09_30,14951.90,14979.40,14947.40,14975.00,0,
20_05_2026_09_35,14974.50,14985.00,14967.20,14984.00,0,
20_05_2026_09_40,14984.00,14989.50,14970.90,14988.80,0,
20_05_2026_09_45,14989.10,14997.50,14983.30,14997.00,0,
20_05_2026_09_50,14996.50,15013.00,14992.50,15004.80,0,
20_05_2026_09_55,15004.50,15020.80,15000.50,15018.70,0,
20_05_2026_10_00,15018.70,15020.10,14988.00,14993.20,0,
20_05_2026_10_05,14993.20,14993.20,14977.20,14984.30,0,
20_05_2026_10_10,14984.00,14996.70,14982.10,14989.50,0,
20_05_2026_10_15,14989.20,14997.70,14984.50,14992.50,0,
20_05_2026_10_20,14991.80,14996.80,14983.00,14984.20,0,
20_05_2026_10_25,14983.80,15003.50,14982.70,15003.50,0,
20_05_2026_10_30,15003.20,15028.30,15003.20,15016.90,0,
20_05_2026_10_35,15018.30,15027.60,15017.60,15020.70,0,
20_05_2026_10_40,15021.10,15021.20,15000.50,15002.90,0,
20_05_2026_10_45,15003.90,15003.90,14987.30,14987.50,0,
20_05_2026_10_50,14987.70,15014.70,14987.70,15013.70,0,
20_05_2026_10_55,15014.00,15018.30,15008.90,15017.80,0,
20_05_2026_11_00,15017.50,15033.20,15017.50,15029.90,0,
20_05_2026_11_05,15030.00,15038.20,15029.20,15036.50,0,
20_05_2026_11_10,15036.00,15039.70,15030.20,15030.80,0,
20_05_2026_11_15,15030.80,15035.00,15028.20,15030.00,0,
20_05_2026_11_20,15029.60,15053.20,15029.50,15047.50,0,
20_05_2026_11_25,15047.20,15064.30,15047.20,15063.90,0,
20_05_2026_11_30,15064.10,15067.90,15053.00,15058.00,0,
20_05_2026_11_35,15058.10,15062.80,15053.80,15058.30,0,
20_05_2026_11_40,15058.20,15059.00,15050.70,15053.00,0,
20_05_2026_11_45,15053.10,15072.20,15053.00,15070.50,0,
20_05_2026_11_50,15070.20,15076.00,15064.00,15069.00,0,
20_05_2026_11_55,15069.30,15076.20,15066.00,15066.80,0,
20_05_2026_12_00,15066.80,15070.20,15059.20,15060.20,0,
20_05_2026_12_05,15060.70,15060.80,15048.80,15050.50,0,
20_05_2026_12_10,15050.70,15053.40,15046.50,15048.70,0,
20_05_2026_12_15,15049.00,15058.60,15048.40,15051.80,0,
20_05_2026_12_20,15052.10,15069.00,15050.80,15065.00,0,
20_05_2026_12_25,15065.70,15068.30,15058.00,15060.50,0,
20_05_2026_12_30,15060.50,15065.80,15059.20,15063.30,0,
20_05_2026_12_35,15063.20,15071.40,15063.20,15070.60,0,
20_05_2026_12_40,15070.70,15071.30,15064.00,15067.70,0,
20_05_2026_12_45,15067.40,15073.90,15067.20,15071.20,0,
20_05_2026_12_50,15071.20,15079.00,15070.70,15076.50,0,
20_05_2026_12_55,15076.50,15079.90,15073.60,15077.50,0,
20_05_2026_13_00,15077.80,15079.50,15068.20,15068.90,0,
20_05_2026_13_05,15069.00,15071.50,15062.50,15069.50,0,
20_05_2026_13_10,15069.50,15074.30,15064.50,15065.50,0,
20_05_2026_13_15,15065.60,15066.60,15052.00,15057.00,0,
20_05_2026_13_20,15055.80,15060.80,15051.70,15056.10,0,
20_05_2026_13_25,15056.30,15065.80,15046.10,15047.70,0,
20_05_2026_13_30,15047.50,15063.90,15047.00,15063.90,0,
20_05_2026_13_35,15063.60,15077.50,15062.20,15069.60,0,
20_05_2026_13_40,15069.80,15070.30,15058.80,15062.50,0,
20_05_2026_13_45,15062.40,15065.20,15056.50,15064.00,0,
20_05_2026_13_50,15064.20,15065.00,15057.90,15064.00,0,
20_05_2026_13_55,15064.50,15079.50,15063.20,15079.50,0,
20_05_2026_14_00,15081.00,15085.90,15074.80,15078.00,0,
20_05_2026_14_05,15078.30,15099.00,15078.10,15097.80,0,
20_05_2026_14_10,15098.00,15099.20,15089.80,15090.80,0,
20_05_2026_14_15,15090.50,15094.70,15085.80,15088.30,0,
20_05_2026_14_20,15088.50,15107.50,15085.90,15105.00,0,
20_05_2026_14_25,15105.20,15106.30,15094.80,15103.00,0,
20_05_2026_14_30,15103.10,15108.30,15096.00,15098.50,0,
20_05_2026_14_35,15098.50,15104.20,15095.50,15104.20,0,
20_05_2026_14_40,15103.80,15116.80,15103.80,15112.20,0,
20_05_2026_14_45,15112.80,15114.20,15107.90,15112.80,0,
20_05_2026_14_50,15112.50,15117.30,15108.40,15114.90,0,
20_05_2026_14_55,15115.20,15119.50,15109.60,15109.70,0,
20_05_2026_15_00,15109.30,15109.30,15084.00,15088.90,0,
20_05_2026_15_05,15089.00,15109.20,15088.30,15109.20,0,
20_05_2026_15_10,15109.20,15109.20,15102.30,15104.00,0,
20_05_2026_15_15,15104.80,15108.00,15101.80,15103.30,0,
20_05_2026_15_20,15103.00,15108.50,15098.40,15107.30,0,
20_05_2026_15_25,15106.60,15113.80,15105.00,15112.80,0,
21_05_2026_09_15,15217.50,15242.50,15181.90,15183.50,0,
21_05_2026_09_20,15185.80,15204.00,15177.60,15196.00,0,
21_05_2026_09_25,15198.50,15203.20,15174.50,15174.60,0,
21_05_2026_09_30,15175.20,15181.50,15144.70,15151.80,0,
21_05_2026_09_35,15153.50,15175.20,15150.70,15172.60,0,
21_05_2026_09_40,15173.20,15176.40,15164.20,15174.80,0,
21_05_2026_09_45,15175.30,15176.20,15164.00,15166.80,0,
21_05_2026_09_50,15167.70,15182.10,15164.80,15181.00,0,
21_05_2026_09_55,15182.00,15182.00,15162.00,15162.20,0,
21_05_2026_10_00,15162.50,15173.30,15161.70,15170.10,0,
21_05_2026_10_05,15170.50,15173.00,15154.20,15161.20,0,
21_05_2026_10_10,15162.20,15166.30,15158.00,15163.20,0,
21_05_2026_10_15,15163.50,15171.90,15161.80,15162.30,0,
21_05_2026_10_20,15162.70,15166.90,15157.60,15165.50,0,
21_05_2026_10_25,15165.20,15182.50,15164.50,15176.50,0,
21_05_2026_10_30,15178.20,15181.50,15166.80,15166.90,0,
21_05_2026_10_35,15165.50,15172.90,15149.20,15150.80,0,
21_05_2026_10_40,15152.00,15166.60,15149.60,15166.50,0,
21_05_2026_10_45,15167.00,15171.20,15156.30,15157.00,0,
21_05_2026_10_50,15158.10,15161.00,15145.00,15152.20,0,
21_05_2026_10_55,15153.50,15153.50,15133.70,15134.60,0,
21_05_2026_11_00,15135.50,15137.20,15126.00,15132.00,0,
21_05_2026_11_05,15132.50,15134.40,15128.30,15134.20,0,
21_05_2026_11_10,15134.90,15134.90,15121.20,15121.70,0,
21_05_2026_11_15,15122.20,15122.20,15087.10,15108.20,0,
21_05_2026_11_20,15108.50,15131.20,15106.80,15129.40,0,
21_05_2026_11_25,15130.70,15154.10,15127.50,15150.10,0,
21_05_2026_11_30,15150.30,15150.30,15137.00,15140.70,0,
21_05_2026_11_35,15140.80,15142.30,15132.30,15133.20,0,
21_05_2026_11_40,15134.00,15137.80,15128.40,15133.70,0,
21_05_2026_11_45,15134.40,15137.40,15128.50,15131.80,0,
21_05_2026_11_50,15132.30,15141.70,15130.60,15131.20,0,
21_05_2026_11_55,15131.70,15134.60,15124.90,15126.30,0,
21_05_2026_12_00,15127.00,15138.90,15126.70,15134.20,0,
21_05_2026_12_05,15134.20,15143.00,15133.00,15139.20,0,
21_05_2026_12_10,15140.20,15142.00,15126.30,15126.30,0,
21_05_2026_12_15,15126.70,15133.30,15121.30,15126.10,0,
21_05_2026_12_20,15126.70,15129.20,15120.00,15120.80,0,
21_05_2026_12_25,15121.20,15123.70,15096.10,15102.60,0,
21_05_2026_12_30,15102.50,15110.80,15095.00,15108.80,0,
21_05_2026_12_35,15109.20,15109.20,15083.30,15087.20,0,
21_05_2026_12_40,15088.50,15092.70,15073.50,15088.30,0,
21_05_2026_12_45,15089.10,15090.80,15074.80,15087.00,0,
21_05_2026_12_50,15086.60,15095.80,15086.60,15093.20,0,
21_05_2026_12_55,15094.20,15094.20,15080.80,15084.90,0,
21_05_2026_13_00,15085.00,15085.60,15068.40,15082.20,0,
21_05_2026_13_05,15081.70,15091.50,15081.00,15090.20,0,
21_05_2026_13_10,15090.80,15100.60,15090.80,15094.70,0,
21_05_2026_13_15,15094.80,15096.20,15086.50,15090.50,0,
21_05_2026_13_20,15090.70,15095.20,15087.00,15087.70,0,
21_05_2026_13_25,15088.20,15092.80,15085.50,15086.20,0,
21_05_2026_13_30,15086.20,15095.10,15080.20,15095.00,0,
21_05_2026_13_35,15095.50,15109.00,15093.70,15104.60,0,
21_05_2026_13_40,15104.80,15113.90,15103.20,15111.00,0,
21_05_2026_13_45,15111.30,15114.30,15099.20,15099.30,0,
21_05_2026_13_50,15098.30,15100.20,15092.30,15093.90,0,
21_05_2026_13_55,15094.60,15109.10,15088.80,15109.00,0,
21_05_2026_14_00,15108.20,15108.80,15091.70,15093.80,0,
21_05_2026_14_05,15094.20,15095.50,15087.20,15088.50,0,
21_05_2026_14_10,15088.50,15096.60,15085.00,15089.30,0,
21_05_2026_14_15,15089.70,15093.60,15081.80,15091.70,0,
21_05_2026_14_20,15092.00,15098.90,15090.90,15097.90,0,
21_05_2026_14_25,15098.10,15101.20,15081.30,15083.80,0,
21_05_2026_14_30,15083.30,15095.30,15080.20,15084.60,0,
21_05_2026_14_35,15085.30,15094.70,15084.20,15086.30,0,
21_05_2026_14_40,15086.40,15106.20,15084.70,15087.20,0,
21_05_2026_14_45,15087.00,15099.70,15086.80,15093.50,0,
21_05_2026_14_50,15093.30,15102.80,15090.80,15096.80,0,
21_05_2026_14_55,15096.50,15100.50,15088.80,15091.80,0,
21_05_2026_15_00,15091.70,15101.70,15076.50,15083.80,0,
21_05_2026_15_05,15084.20,15090.20,15073.20,15076.30,0,
21_05_2026_15_10,15076.40,15086.50,15076.40,15077.10,0,
21_05_2026_15_15,15077.50,15080.50,15071.60,15073.80,0,
21_05_2026_15_20,15073.70,15088.30,15073.00,15077.40,0,
21_05_2026_15_25,15077.50,15089.50,15069.50,15083.70,0,
22_05_2026_09_15,15131.10,15131.50,15097.50,15108.50,0,
22_05_2026_09_20,15109.80,15136.50,15109.80,15134.50,0,
22_05_2026_09_25,15135.50,15135.80,15111.80,15119.80,0,
22_05_2026_09_30,15120.20,15127.90,15109.70,15125.00,0,
22_05_2026_09_35,15126.30,15136.60,15119.00,15121.30,0,
22_05_2026_09_40,15121.20,15122.00,15100.70,15114.70,0,
22_05_2026_09_45,15114.50,15123.80,15110.80,15111.50,0,
22_05_2026_09_50,15111.50,15132.50,15111.30,15130.70,0,
22_05_2026_09_55,15130.70,15135.20,15121.70,15128.70,0,
22_05_2026_10_00,15128.30,15130.70,15123.20,15123.70,0,
22_05_2026_10_05,15123.30,15124.80,15115.20,15124.80,0,
22_05_2026_10_10,15124.50,15134.00,15124.50,15130.20,0,
22_05_2026_10_15,15130.20,15131.20,15118.40,15120.30,0,
22_05_2026_10_20,15119.80,15126.80,15115.20,15118.80,0,
22_05_2026_10_25,15119.00,15123.30,15111.50,15113.00,0,
22_05_2026_10_30,15112.70,15133.40,15112.70,15130.80,0,
22_05_2026_10_35,15130.50,15133.70,15115.40,15120.20,0,
22_05_2026_10_40,15120.50,15129.40,15119.90,15128.30,0,
22_05_2026_10_45,15129.50,15132.80,15123.30,15127.00,0,
22_05_2026_10_50,15127.30,15133.40,15121.40,15131.80,0,
22_05_2026_10_55,15131.90,15134.70,15127.80,15132.70,0,
22_05_2026_11_00,15133.50,15136.90,15130.90,15134.70,0,
22_05_2026_11_05,15134.50,15136.30,15131.00,15135.50,0,
22_05_2026_11_10,15135.30,15139.70,15134.50,15137.00,0,
22_05_2026_11_15,15137.00,15142.00,15134.10,15136.50,0,
22_05_2026_11_20,15136.70,15148.10,15131.50,15143.90,0,
22_05_2026_11_25,15144.30,15145.00,15128.30,15133.60,0,
22_05_2026_11_30,15133.50,15135.90,15127.40,15133.40,0,
22_05_2026_11_35,15133.10,15145.80,15133.10,15145.80,0,
22_05_2026_11_40,15146.00,15165.20,15145.30,15164.30,0,
22_05_2026_11_45,15164.50,15172.60,15160.50,15162.70,0,
22_05_2026_11_50,15163.00,15164.70,15158.30,15160.00,0,
22_05_2026_11_55,15160.50,15166.30,15159.10,15162.50,0,
22_05_2026_12_00,15162.20,15165.50,15161.20,15164.20,0,
22_05_2026_12_05,15165.00,15165.50,15155.10,15155.20,0,
22_05_2026_12_10,15155.40,15165.40,15154.80,15156.90,0,
22_05_2026_12_15,15156.90,15159.40,15154.30,15155.00,0,
22_05_2026_12_20,15155.70,15156.30,15141.50,15141.80,0,
22_05_2026_12_25,15141.20,15147.00,15136.80,15141.20,0,
22_05_2026_12_30,15141.70,15145.50,15135.00,15144.70,0,
22_05_2026_12_35,15145.00,15154.00,15142.40,15153.60,0,
22_05_2026_12_40,15154.00,15164.30,15152.50,15162.40,0,
22_05_2026_12_45,15162.30,15172.20,15159.90,15170.50,0,
22_05_2026_12_50,15170.50,15181.00,15170.20,15180.00,0,
22_05_2026_12_55,15179.80,15182.30,15175.70,15178.70,0,
22_05_2026_13_00,15179.20,15181.50,15173.60,15176.80,0,
22_05_2026_13_05,15176.60,15177.20,15170.00,15173.20,0,
22_05_2026_13_10,15173.70,15178.00,15172.70,15176.20,0,
22_05_2026_13_15,15176.30,15180.70,15174.70,15176.00,0,
22_05_2026_13_20,15175.70,15179.50,15167.40,15170.20,0,
22_05_2026_13_25,15169.40,15173.10,15167.20,15168.30,0,
22_05_2026_13_30,15168.00,15172.20,15166.50,15171.10,0,
22_05_2026_13_35,15171.40,15172.00,15166.50,15169.00,0,
22_05_2026_13_40,15169.80,15170.00,15160.80,15161.30,0,
22_05_2026_13_45,15162.00,15172.00,15160.50,15162.30,0,
22_05_2026_13_50,15163.20,15167.70,15157.90,15159.00,0,
22_05_2026_13_55,15159.50,15159.50,15151.70,15158.80,0,
22_05_2026_14_00,15159.80,15160.70,15139.20,15140.00,0,
22_05_2026_14_05,15140.50,15151.80,15129.70,15151.00,0,
22_05_2026_14_10,15151.00,15155.60,15146.10,15154.50,0,
22_05_2026_14_15,15155.00,15156.00,15145.60,15145.70,0,
22_05_2026_14_20,15146.00,15147.30,15138.80,15144.70,0,
22_05_2026_14_25,15143.80,15145.40,15132.50,15132.50,0,
22_05_2026_14_30,15132.40,15140.80,15120.90,15137.20,0,
22_05_2026_14_35,15137.20,15140.80,15130.40,15133.30,0,
22_05_2026_14_40,15133.00,15137.00,15120.50,15121.30,0,
22_05_2026_14_45,15121.10,15136.20,15121.00,15134.70,0,
22_05_2026_14_50,15134.50,15139.50,15133.30,15135.00,0,
22_05_2026_14_55,15134.40,15135.20,15126.00,15130.30,0,
22_05_2026_15_00,15130.30,15132.00,15109.80,15116.40,0,
22_05_2026_15_05,15116.30,15121.60,15113.20,15114.80,0,
22_05_2026_15_10,15114.70,15120.80,15112.80,15119.90,0,
22_05_2026_15_15,15119.70,15123.60,15118.70,15120.60,0,
22_05_2026_15_20,15120.50,15124.80,15118.00,15123.00,0,
22_05_2026_15_25,15123.50,15130.10,15118.20,15127.50,0,
25_05_2026_09_15,15260.50,15305.70,15257.30,15300.90,0,
25_05_2026_09_20,15302.00,15318.50,15293.60,15314.70,0,
25_05_2026_09_25,15315.70,15320.70,15305.50,15316.20,0,
25_05_2026_09_30,15317.60,15318.60,15292.30,15294.30,0,
25_05_2026_09_35,15295.00,15295.10,15272.00,15273.20,0,
25_05_2026_09_40,15274.50,15277.40,15263.80,15277.30,0,
25_05_2026_09_45,15278.80,15279.90,15267.20,15271.70,0,
25_05_2026_09_50,15272.40,15279.80,15263.50,15272.60,0,
25_05_2026_09_55,15273.00,15282.80,15269.50,15277.40,0,
25_05_2026_10_00,15277.80,15283.40,15271.80,15280.00,0,
25_05_2026_10_05,15280.40,15286.10,15277.60,15282.20,0,
25_05_2026_10_10,15283.70,15288.00,15278.50,15279.50,0,
25_05_2026_10_15,15280.00,15291.50,15279.70,15286.00,0,
25_05_2026_10_20,15286.80,15290.10,15283.80,15285.50,0,
25_05_2026_10_25,15286.30,15286.30,15277.00,15277.90,0,
25_05_2026_10_30,15278.90,15287.70,15278.00,15287.30,0,
25_05_2026_10_35,15288.30,15295.00,15285.50,15293.60,0,
25_05_2026_10_40,15294.50,15300.00,15293.80,15297.90,0,
25_05_2026_10_45,15299.00,15301.20,15296.20,15298.30,0,
25_05_2026_10_50,15299.10,15300.30,15293.30,15297.00,0,
25_05_2026_10_55,15297.80,15299.20,15289.30,15292.20,0,
25_05_2026_11_00,15292.90,15294.30,15287.50,15294.00,0,
25_05_2026_11_05,15294.10,15296.60,15288.40,15290.10,0,
25_05_2026_11_10,15290.60,15294.40,15287.20,15293.10,0,
25_05_2026_11_15,15293.70,15293.70,15288.20,15291.00,0,
25_05_2026_11_20,15291.80,15293.80,15289.00,15292.50,0,
25_05_2026_11_25,15292.70,15294.60,15286.20,15287.00,0,
25_05_2026_11_30,15288.10,15288.10,15275.90,15277.50,0,
25_05_2026_11_35,15277.80,15290.80,15277.20,15290.40,0,
25_05_2026_11_40,15290.40,15295.80,15288.10,15289.90,0,
25_05_2026_11_45,15289.90,15293.20,15287.20,15289.00,0,
25_05_2026_11_50,15289.90,15294.30,15284.90,15292.80,0,
25_05_2026_11_55,15293.70,15294.70,15289.90,15291.00,0,
25_05_2026_12_00,15291.90,15293.00,15282.10,15284.10,0,
25_05_2026_12_05,15284.70,15286.20,15276.80,15278.70,0,
25_05_2026_12_10,15279.00,15282.80,15277.00,15278.00,0,
25_05_2026_12_15,15278.80,15283.50,15276.50,15283.50,0,
25_05_2026_12_20,15283.50,15283.50,15277.00,15279.40,0,
25_05_2026_12_25,15280.40,15284.10,15279.80,15281.30,0,
25_05_2026_12_30,15281.80,15288.00,15279.60,15287.90,0,
25_05_2026_12_35,15287.70,15290.40,15286.30,15286.70,0,
25_05_2026_12_40,15287.00,15293.00,15285.00,15289.50,0,
25_05_2026_12_45,15289.80,15292.00,15275.80,15278.50,0,
25_05_2026_12_50,15279.20,15280.30,15272.80,15279.20,0,
25_05_2026_12_55,15279.50,15280.70,15274.40,15280.50,0,
25_05_2026_13_00,15280.70,15292.00,15277.30,15286.70,0,
25_05_2026_13_05,15287.30,15288.50,15284.00,15285.40,0,
25_05_2026_13_10,15285.30,15288.20,15281.70,15283.80,0,
25_05_2026_13_15,15284.20,15289.00,15281.20,15288.20,0,
25_05_2026_13_20,15289.00,15289.20,15281.60,15283.00,0,
25_05_2026_13_25,15284.10,15286.00,15281.80,15283.50,0,
25_05_2026_13_30,15285.20,15285.20,15278.20,15282.20,0,
25_05_2026_13_35,15283.20,15283.20,15277.20,15280.20,0,
25_05_2026_13_40,15281.00,15281.00,15269.00,15271.00,0,
25_05_2026_13_45,15271.60,15277.20,15269.20,15273.80,0,
25_05_2026_13_50,15274.50,15278.70,15272.90,15274.70,0,
25_05_2026_13_55,15275.20,15275.90,15267.60,15268.30,0,
25_05_2026_14_00,15269.10,15274.60,15266.40,15273.20,0,
25_05_2026_14_05,15273.00,15273.00,15263.50,15264.20,0,
25_05_2026_14_10,15265.00,15268.30,15259.60,15261.00,0,
25_05_2026_14_15,15261.80,15265.70,15258.50,15261.30,0,
25_05_2026_14_20,15262.40,15269.70,15261.30,15266.50,0,
25_05_2026_14_25,15266.80,15276.70,15264.80,15271.30,0,
25_05_2026_14_30,15272.10,15277.00,15269.20,15276.50,0,
25_05_2026_14_35,15277.50,15284.00,15271.80,15282.20,0,
25_05_2026_14_40,15282.50,15291.30,15278.00,15290.70,0,
25_05_2026_14_45,15290.70,15299.20,15289.40,15298.40,0,
25_05_2026_14_50,15299.10,15307.00,15297.80,15306.20,0,
25_05_2026_14_55,15307.20,15313.40,15305.80,15310.50,0,
25_05_2026_15_00,15311.50,15313.80,15304.50,15310.90,0,
25_05_2026_15_05,15311.00,15311.00,15303.90,15305.00,0,
25_05_2026_15_10,15305.30,15309.90,15304.50,15309.10,0,
25_05_2026_15_15,15309.20,15313.10,15306.80,15307.90,0,
25_05_2026_15_20,15307.50,15322.20,15305.50,15320.30,0,
25_05_2026_15_25,15321.30,15333.00,15318.20,15331.90,0,
26_05_2026_09_15,15318.20,15322.50,15275.70,15300.60,0,
26_05_2026_09_20,15300.20,15307.10,15296.80,15302.70,0,
26_05_2026_09_25,15303.00,15308.80,15297.20,15306.30,0,
26_05_2026_09_30,15306.20,15308.70,15296.40,15296.40,0,
26_05_2026_09_35,15295.80,15322.00,15289.00,15321.50,0,
26_05_2026_09_40,15321.20,15325.60,15314.90,15321.40,0,
26_05_2026_09_45,15321.50,15324.00,15316.30,15318.80,0,
26_05_2026_09_50,15318.80,15322.00,15313.00,15313.00,0,
26_05_2026_09_55,15312.50,15314.50,15304.20,15313.20,0,
26_05_2026_10_00,15313.50,15335.80,15312.10,15334.30,0,
26_05_2026_10_05,15334.50,15341.90,15330.80,15339.20,0,
26_05_2026_10_10,15339.00,15349.50,15339.00,15348.50,0,
26_05_2026_10_15,15349.00,15351.20,15343.20,15344.20,0,
26_05_2026_10_20,15344.30,15348.30,15338.70,15348.20,0,
26_05_2026_10_25,15347.60,15352.80,15347.20,15351.80,0,
26_05_2026_10_30,15352.00,15358.40,15351.40,15355.80,0,
26_05_2026_10_35,15356.00,15361.70,15353.30,15357.80,0,
26_05_2026_10_40,15357.60,15358.30,15349.00,15349.30,0,
26_05_2026_10_45,15349.00,15352.00,15347.40,15349.30,0,
26_05_2026_10_50,15349.00,15361.80,15347.30,15358.80,0,
26_05_2026_10_55,15358.60,15360.30,15354.20,15356.00,0,
26_05_2026_11_00,15356.70,15360.10,15355.70,15355.80,0,
26_05_2026_11_05,15355.80,15358.20,15353.20,15356.50,0,
26_05_2026_11_10,15355.90,15358.00,15344.50,15344.50,0,
26_05_2026_11_15,15345.10,15345.10,15336.50,15342.60,0,
26_05_2026_11_20,15342.50,15343.30,15332.50,15333.70,0,
26_05_2026_11_25,15333.70,15340.70,15333.70,15337.80,0,
26_05_2026_11_30,15338.10,15340.50,15329.50,15339.50,0,
26_05_2026_11_35,15339.50,15349.00,15339.10,15349.00,0,
26_05_2026_11_40,15348.80,15349.80,15344.60,15348.60,0,
26_05_2026_11_45,15347.70,15349.70,15341.90,15344.50,0,
26_05_2026_11_50,15344.90,15345.80,15337.50,15338.20,0,
26_05_2026_11_55,15338.20,15343.40,15325.80,15330.20,0,
26_05_2026_12_00,15330.30,15332.00,15321.00,15330.00,0,
26_05_2026_12_05,15330.00,15338.10,15326.80,15333.50,0,
26_05_2026_12_10,15333.70,15334.90,15329.20,15332.70,0,
26_05_2026_12_15,15332.70,15341.30,15329.90,15338.60,0,
26_05_2026_12_20,15338.50,15340.80,15330.20,15330.70,0,
26_05_2026_12_25,15330.80,15331.80,15325.30,15327.70,0,
26_05_2026_12_30,15328.00,15336.80,15328.00,15331.90,0,
26_05_2026_12_35,15331.70,15333.00,15327.60,15329.80,0,
26_05_2026_12_40,15329.70,15331.80,15323.20,15324.50,0,
26_05_2026_12_45,15324.70,15324.80,15306.60,15312.10,0,
26_05_2026_12_50,15312.20,15316.00,15302.50,15314.10,0,
26_05_2026_12_55,15314.30,15316.80,15304.80,15311.00,0,
26_05_2026_13_00,15311.10,15311.80,15295.30,15297.00,0,
26_05_2026_13_05,15296.70,15301.00,15294.00,15296.80,0,
26_05_2026_13_10,15297.20,15302.00,15293.50,15293.80,0,
26_05_2026_13_15,15294.10,15296.20,15285.00,15296.20,0,
26_05_2026_13_20,15295.80,15305.20,15294.00,15300.90,0,
26_05_2026_13_25,15300.90,15301.80,15295.70,15300.80,0,
26_05_2026_13_30,15301.40,15306.70,15300.70,15301.80,0,
26_05_2026_13_35,15301.80,15303.50,15296.80,15299.00,0,
26_05_2026_13_40,15299.40,15301.90,15292.80,15292.80,0,
26_05_2026_13_45,15292.90,15296.80,15291.80,15293.70,0,
26_05_2026_13_50,15293.80,15294.50,15283.80,15291.20,0,
26_05_2026_13_55,15291.70,15293.20,15282.60,15285.10,0,
26_05_2026_14_00,15285.50,15285.90,15269.90,15271.80,0,
26_05_2026_14_05,15271.90,15285.70,15268.00,15282.70,0,
26_05_2026_14_10,15282.20,15284.20,15276.00,15283.90,0,
26_05_2026_14_15,15283.90,15285.90,15276.30,15282.90,0,
26_05_2026_14_20,15283.20,15293.50,15283.00,15289.40,0,
26_05_2026_14_25,15289.50,15291.50,15276.00,15282.90,0,
26_05_2026_14_30,15283.80,15291.90,15282.20,15291.00,0,
26_05_2026_14_35,15291.00,15292.00,15275.20,15277.50,0,
26_05_2026_14_40,15277.50,15278.00,15270.20,15271.20,0,
26_05_2026_14_45,15271.10,15276.50,15268.70,15273.10,0,
26_05_2026_14_50,15273.60,15274.20,15262.20,15264.30,0,
26_05_2026_14_55,15264.50,15284.40,15264.20,15282.10,0,
26_05_2026_15_00,15282.90,15284.70,15270.40,15275.80,0,
26_05_2026_15_05,15274.50,15287.30,15273.00,15283.60,0,
26_05_2026_15_10,15283.80,15286.30,15278.60,15280.50,0,
26_05_2026_15_15,15280.70,15288.20,15279.80,15285.50,0,
26_05_2026_15_20,15286.50,15287.00,15282.40,15285.00,0,
26_05_2026_15_25,15285.80,15299.00,15284.80,15294.20,0,
27_05_2026_09_15,15303.80,15351.50,15294.20,15347.00,0,
27_05_2026_09_20,15348.20,15362.60,15347.70,15361.00,0,
27_05_2026_09_25,15361.00,15367.50,15340.80,15344.00,0,
27_05_2026_09_30,15342.00,15343.20,15322.00,15338.40,0,
27_05_2026_09_35,15337.80,15344.00,15322.40,15323.30,0,
27_05_2026_09_40,15322.50,15330.90,15314.30,15323.40,0,
27_05_2026_09_45,15324.00,15325.70,15300.80,15322.20,0,
27_05_2026_09_50,15321.80,15324.80,15311.60,15315.80,0,
27_05_2026_09_55,15315.30,15323.30,15313.00,15313.80,0,
27_05_2026_10_00,15313.70,15341.90,15310.50,15341.90,0,
27_05_2026_10_05,15343.80,15354.80,15338.20,15351.30,0,
27_05_2026_10_10,15351.10,15359.70,15348.70,15357.20,0,
27_05_2026_10_15,15356.70,15361.70,15351.80,15359.90,0,
27_05_2026_10_20,15359.80,15362.00,15349.50,15354.00,0,
27_05_2026_10_25,15354.20,15358.00,15352.00,15355.00,0,
27_05_2026_10_30,15355.30,15356.70,15346.20,15351.50,0,
27_05_2026_10_35,15351.50,15355.40,15345.50,15346.20,0,
27_05_2026_10_40,15347.50,15350.60,15336.50,15338.20,0,
27_05_2026_10_45,15338.60,15341.70,15328.50,15341.70,0,
27_05_2026_10_50,15341.30,15351.20,15339.30,15350.40,0,
27_05_2026_10_55,15350.80,15361.20,15350.80,15355.70,0,
27_05_2026_11_00,15356.30,15356.30,15345.90,15346.00,0,
27_05_2026_11_05,15346.30,15353.00,15342.50,15352.80,0,
27_05_2026_11_10,15353.00,15353.90,15347.20,15349.50,0,
27_05_2026_11_15,15350.10,15358.30,15349.70,15358.20,0,
27_05_2026_11_20,15357.50,15361.80,15355.00,15357.80,0,
27_05_2026_11_25,15357.90,15370.20,15354.90,15367.60,0,
27_05_2026_11_30,15367.70,15377.80,15367.40,15370.80,0,
27_05_2026_11_35,15371.80,15371.80,15356.80,15358.30,0,
27_05_2026_11_40,15358.70,15371.00,15358.70,15361.80,0,
27_05_2026_11_45,15361.60,15365.30,15355.50,15356.50,0,
27_05_2026_11_50,15356.50,15358.20,15348.00,15349.50,0,
27_05_2026_11_55,15350.20,15354.10,15337.80,15342.60,0,
27_05_2026_12_00,15343.20,15350.10,15333.20,15341.20,0,
27_05_2026_12_05,15341.50,15346.70,15338.50,15342.20,0,
27_05_2026_12_10,15341.90,15345.30,15335.10,15335.80,0,
27_05_2026_12_15,15335.80,15344.20,15335.20,15344.10,0,
27_05_2026_12_20,15343.70,15345.60,15339.50,15342.50,0,
27_05_2026_12_25,15342.00,15344.50,15328.30,15329.40,0,
27_05_2026_12_30,15329.50,15336.70,15327.90,15336.70,0,
27_05_2026_12_35,15336.80,15353.50,15335.80,15349.00,0,
27_05_2026_12_40,15349.00,15354.40,15346.20,15353.20,0,
27_05_2026_12_45,15353.30,15354.50,15348.30,15353.00,0,
27_05_2026_12_50,15352.50,15354.00,15343.80,15344.50,0,
27_05_2026_12_55,15345.00,15351.80,15344.00,15344.80,0,
27_05_2026_13_00,15345.00,15349.20,15338.20,15348.40,0,
27_05_2026_13_05,15348.50,15356.30,15345.70,15345.70,0,
27_05_2026_13_10,15345.50,15353.30,15342.40,15343.40,0,
27_05_2026_13_15,15343.60,15343.80,15337.00,15338.00,0,
27_05_2026_13_20,15338.10,15343.80,15336.80,15343.00,0,
27_05_2026_13_25,15343.30,15348.20,15340.00,15343.80,0,
27_05_2026_13_30,15344.00,15352.20,15343.00,15349.00,0,
27_05_2026_13_35,15348.80,15354.00,15348.20,15352.20,0,
27_05_2026_13_40,15352.20,15357.20,15343.70,15346.70,0,
27_05_2026_13_45,15346.20,15350.00,15342.60,15345.60,0,
27_05_2026_13_50,15345.70,15353.50,15344.20,15352.50,0,
27_05_2026_13_55,15352.50,15355.10,15349.80,15353.10,0,
27_05_2026_14_00,15353.00,15361.30,15352.60,15357.20,0,
27_05_2026_14_05,15357.20,15358.10,15351.00,15351.50,0,
27_05_2026_14_10,15351.30,15351.80,15340.80,15343.50,0,
27_05_2026_14_15,15343.20,15347.50,15341.80,15345.40,0,
27_05_2026_14_20,15344.80,15358.10,15343.80,15355.80,0,
27_05_2026_14_25,15355.90,15356.20,15344.70,15351.40,0,
27_05_2026_14_30,15349.70,15352.40,15339.00,15340.90,0,
27_05_2026_14_35,15340.50,15345.00,15331.80,15341.90,0,
27_05_2026_14_40,15341.60,15359.40,15339.50,15357.00,0,
27_05_2026_14_45,15357.00,15358.30,15350.60,15357.30,0,
27_05_2026_14_50,15357.70,15363.10,15355.00,15361.50,0,
27_05_2026_14_55,15361.30,15373.20,15360.30,15370.50,0,
27_05_2026_15_00,15370.80,15370.80,15358.50,15365.30,0,
27_05_2026_15_05,15365.00,15376.20,15361.80,15374.70,0,
27_05_2026_15_10,15375.10,15375.50,15366.00,15370.30,0,
27_05_2026_15_15,15369.30,15385.40,15369.30,15384.00,0,
27_05_2026_15_20,15383.50,15393.90,15382.50,15390.90,0,
27_05_2026_15_25,15390.20,15397.80,15389.50,15396.60,0,
29_05_2026_09_15,15411.10,15430.20,15364.00,15378.00,0,
29_05_2026_09_20,15376.90,15397.90,15376.00,15376.20,0,
29_05_2026_09_25,15375.00,15377.20,15353.30,15355.80,0,
29_05_2026_09_30,15352.50,15374.50,15347.80,15361.90,0,
29_05_2026_09_35,15361.80,15385.00,15361.80,15370.30,0,
29_05_2026_09_40,15370.20,15373.90,15313.90,15318.50,0,
29_05_2026_09_45,15318.50,15346.00,15312.80,15338.80,0,
29_05_2026_09_50,15338.50,15347.50,15333.70,15334.80,0,
29_05_2026_09_55,15334.80,15334.80,15315.90,15326.20,0,
29_05_2026_10_00,15326.00,15340.50,15320.00,15339.60,0,
29_05_2026_10_05,15339.60,15355.30,15339.60,15345.20,0,
29_05_2026_10_10,15345.00,15352.20,15341.50,15346.00,0,
29_05_2026_10_15,15346.30,15347.80,15332.20,15333.70,0,
29_05_2026_10_20,15333.60,15338.30,15324.60,15334.60,0,
29_05_2026_10_25,15335.00,15335.00,15312.70,15314.20,0,
29_05_2026_10_30,15314.70,15320.50,15308.10,15317.20,0,
29_05_2026_10_35,15317.70,15325.00,15316.50,15322.20,0,
29_05_2026_10_40,15322.10,15325.70,15308.30,15308.30,0,
29_05_2026_10_45,15308.30,15308.90,15301.20,15306.80,0,
29_05_2026_10_50,15306.40,15306.50,15296.70,15297.60,0,
29_05_2026_10_55,15297.50,15314.30,15295.00,15310.30,0,
29_05_2026_11_00,15310.00,15316.70,15309.80,15314.90,0,
29_05_2026_11_05,15314.60,15315.00,15311.00,15312.70,0,
29_05_2026_11_10,15312.30,15312.90,15294.80,15296.40,0,
29_05_2026_11_15,15296.20,15306.30,15296.20,15300.60,0,
29_05_2026_11_20,15300.20,15304.20,15298.00,15303.60,0,
29_05_2026_11_25,15303.90,15304.80,15298.80,15298.80,0,
29_05_2026_11_30,15298.70,15301.00,15287.90,15287.90,0,
29_05_2026_11_35,15288.00,15290.30,15282.70,15287.80,0,
29_05_2026_11_40,15287.20,15288.70,15277.60,15283.50,0,
29_05_2026_11_45,15283.20,15288.60,15280.70,15287.30,0,
29_05_2026_11_50,15287.20,15301.50,15286.80,15297.70,0,
29_05_2026_11_55,15297.80,15297.90,15284.30,15284.80,0,
29_05_2026_12_00,15285.00,15285.80,15272.30,15274.30,0,
29_05_2026_12_05,15274.30,15277.80,15272.50,15274.20,0,
29_05_2026_12_10,15273.50,15273.60,15241.30,15249.20,0,
29_05_2026_12_15,15249.50,15255.50,15236.30,15253.70,0,
29_05_2026_12_20,15253.80,15264.10,15249.80,15262.50,0,
29_05_2026_12_25,15262.30,15270.50,15262.00,15267.80,0,
29_05_2026_12_30,15268.00,15273.70,15263.30,15263.90,0,
29_05_2026_12_35,15264.00,15266.10,15256.30,15263.20,0,
29_05_2026_12_40,15262.50,15268.50,15261.00,15266.50,0,
29_05_2026_12_45,15267.00,15269.90,15262.10,15265.60,0,
29_05_2026_12_50,15265.70,15266.00,15254.00,15254.10,0,
29_05_2026_12_55,15253.80,15255.50,15241.50,15250.70,0,
29_05_2026_13_00,15251.20,15251.20,15236.00,15236.20,0,
29_05_2026_13_05,15236.20,15236.80,15223.60,15223.60,0,
29_05_2026_13_10,15224.10,15225.50,15203.00,15203.20,0,
29_05_2026_13_15,15202.10,15218.20,15193.50,15212.40,0,
29_05_2026_13_20,15212.00,15214.00,15203.10,15211.20,0,
29_05_2026_13_25,15210.60,15216.90,15206.40,15211.00,0,
29_05_2026_13_30,15211.60,15220.70,15211.00,15214.80,0,
29_05_2026_13_35,15215.30,15221.50,15211.50,15217.00,0,
29_05_2026_13_40,15217.30,15222.80,15214.70,15220.50,0,
29_05_2026_13_45,15220.20,15223.40,15210.70,15211.80,0,
29_05_2026_13_50,15211.80,15221.00,15207.80,15208.50,0,
29_05_2026_13_55,15208.70,15226.20,15208.50,15221.20,0,
29_05_2026_14_00,15221.30,15221.90,15208.80,15214.70,0,
29_05_2026_14_05,15215.20,15220.00,15197.00,15210.90,0,
29_05_2026_14_10,15211.20,15212.20,15205.40,15208.80,0,
29_05_2026_14_15,15208.80,15219.30,15204.70,15211.50,0,
29_05_2026_14_20,15212.30,15220.10,15210.90,15219.30,0,
29_05_2026_14_25,15219.50,15224.80,15214.00,15223.80,0,
29_05_2026_14_30,15224.20,15247.00,15224.20,15241.10,0,
29_05_2026_14_35,15241.80,15244.00,15231.30,15236.00,0,
29_05_2026_14_40,15236.90,15245.60,15233.50,15241.20,0,
29_05_2026_14_45,15242.00,15248.00,15239.70,15246.00,0,
29_05_2026_14_50,15246.30,15247.80,15231.50,15234.30,0,
29_05_2026_14_55,15235.20,15245.00,15222.20,15237.80,0,
29_05_2026_15_00,15237.70,15237.70,15133.80,15137.70,0,
29_05_2026_15_05,15136.50,15137.50,15089.50,15092.00,0,
29_05_2026_15_10,15092.00,15096.40,15084.00,15094.00,0,
29_05_2026_15_15,15093.30,15113.40,15091.80,15106.50,0,
29_05_2026_15_20,15106.20,15107.10,15069.20,15073.40,0,
29_05_2026_15_25,15073.10,15178.00,15059.80,15162.80,0,
01_06_2026_09_15,15169.90,15208.30,15124.70,15138.30,0,
01_06_2026_09_20,15139.40,15147.00,15085.80,15095.50,0,
01_06_2026_09_25,15095.00,15101.00,15078.70,15082.00,0,
01_06_2026_09_30,15081.00,15092.80,15070.20,15074.90,0,
01_06_2026_09_35,15075.00,15075.00,15035.50,15066.20,0,
01_06_2026_09_40,15066.00,15078.80,15047.20,15048.30,0,
01_06_2026_09_45,15047.10,15065.00,15040.50,15046.80,0,
01_06_2026_09_50,15046.10,15060.70,15031.80,15045.90,0,
01_06_2026_09_55,15046.00,15050.00,15031.20,15036.00,0,
01_06_2026_10_00,15035.50,15041.10,15010.00,15011.40,0,
01_06_2026_10_05,15011.00,15029.20,15003.70,15028.60,0,
01_06_2026_10_10,15028.50,15034.30,15016.80,15016.80,0,
01_06_2026_10_15,15017.20,15018.00,15005.00,15010.20,0,
01_06_2026_10_20,15010.30,15012.70,15003.20,15006.80,0,
01_06_2026_10_25,15006.50,15017.20,14998.70,15000.60,0,
01_06_2026_10_30,15000.80,15010.20,14989.50,14996.70,0,
01_06_2026_10_35,14996.50,15012.80,14992.00,15007.80,0,
01_06_2026_10_40,15007.70,15016.80,15002.80,15007.50,0,
01_06_2026_10_45,15007.20,15034.80,15007.20,15028.30,0,
01_06_2026_10_50,15027.80,15043.50,15024.20,15043.50,0,
01_06_2026_10_55,15042.90,15050.50,15026.60,15027.20,0,
01_06_2026_11_00,15027.00,15042.80,15027.00,15041.40,0,
01_06_2026_11_05,15041.60,15057.10,15039.20,15056.20,0,
01_06_2026_11_10,15055.80,15059.30,15049.50,15051.20,0,
01_06_2026_11_15,15051.50,15062.50,15051.50,15054.70,0,
01_06_2026_11_20,15054.30,15054.30,15026.70,15027.50,0,
01_06_2026_11_25,15027.00,15028.80,15004.00,15004.50,0,
01_06_2026_11_30,15004.60,15005.20,14983.80,14990.30,0,
01_06_2026_11_35,14989.90,15013.50,14989.30,15011.30,0,
01_06_2026_11_40,15010.50,15012.30,14998.00,14998.70,0,
01_06_2026_11_45,14999.20,15000.30,14986.70,14999.20,0,
01_06_2026_11_50,14998.80,14999.30,14986.90,14989.70,0,
01_06_2026_11_55,14989.20,14990.10,14955.30,14956.20,0,
01_06_2026_12_00,14956.40,14962.70,14952.20,14955.10,0,
01_06_2026_12_05,14955.00,14965.80,14953.00,14960.80,0,
01_06_2026_12_10,14960.80,14979.60,14958.40,14978.00,0,
01_06_2026_12_15,14977.60,14977.60,14965.00,14971.20,0,
01_06_2026_12_20,14970.80,14972.70,14957.00,14969.00,0,
01_06_2026_12_25,14969.00,14972.20,14960.90,14962.30,0,
01_06_2026_12_30,14962.20,14965.80,14955.40,14958.20,0,
01_06_2026_12_35,14957.90,14967.30,14957.30,14958.80,0,
01_06_2026_12_40,14958.70,14964.00,14952.00,14964.00,0,
01_06_2026_12_45,14963.60,14976.70,14962.20,14968.30,0,
01_06_2026_12_50,14968.30,14970.20,14959.20,14964.70,0,
01_06_2026_12_55,14964.40,14966.00,14946.50,14956.50,0,
01_06_2026_13_00,14955.50,14960.90,14944.80,14946.60,0,
01_06_2026_13_05,14946.20,14952.20,14933.00,14934.10,0,
01_06_2026_13_10,14933.30,14934.00,14913.20,14915.40,0,
01_06_2026_13_15,14914.80,14924.70,14914.60,14921.80,0,
01_06_2026_13_20,14921.50,14926.40,14916.20,14919.30,0,
01_06_2026_13_25,14919.20,14935.70,14917.70,14935.40,0,
01_06_2026_13_30,14934.90,14937.30,14926.80,14927.00,0,
01_06_2026_13_35,14926.60,14929.80,14917.70,14923.60,0,
01_06_2026_13_40,14923.60,14924.50,14916.20,14919.20,0,
01_06_2026_13_45,14919.30,14919.80,14906.70,14908.60,0,
01_06_2026_13_50,14909.00,14911.30,14902.70,14904.50,0,
01_06_2026_13_55,14904.10,14911.10,14895.50,14900.30,0,
01_06_2026_14_00,14900.80,14903.00,14884.10,14894.70,0,
01_06_2026_14_05,14894.70,14895.20,14885.20,14885.60,0,
01_06_2026_14_10,14885.70,14892.40,14878.20,14879.00,0,
01_06_2026_14_15,14879.20,14885.50,14867.30,14884.00,0,
01_06_2026_14_20,14882.00,14882.00,14859.40,14860.00,0,
01_06_2026_14_25,14859.50,14868.70,14859.20,14862.70,0,
01_06_2026_14_30,14862.80,14874.80,14853.70,14866.50,0,
01_06_2026_14_35,14866.60,14883.00,14865.70,14882.30,0,
01_06_2026_14_40,14882.10,14884.70,14875.40,14878.50,0,
01_06_2026_14_45,14878.20,14887.80,14858.30,14865.70,0,
01_06_2026_14_50,14865.20,14866.80,14849.00,14854.70,0,
01_06_2026_14_55,14854.70,14855.70,14836.80,14844.50,0,
01_06_2026_15_00,14844.30,14846.50,14826.40,14846.20,0,
01_06_2026_15_05,14846.80,14858.00,14835.30,14852.50,0,
01_06_2026_15_10,14853.80,14862.30,14848.10,14848.10,0,
01_06_2026_15_15,14848.20,14857.60,14835.20,14835.40,0,
01_06_2026_15_20,14835.40,14836.50,14819.80,14823.00,0,
01_06_2026_15_25,14821.80,14846.00,14821.30,14842.30,0,
02_06_2026_09_15,14732.00,14738.00,14679.00,14734.40,0,
02_06_2026_09_20,14734.30,14755.20,14727.40,14746.20,0,
02_06_2026_09_25,14746.00,14750.80,14727.60,14729.00,0,
02_06_2026_09_30,14730.20,14730.20,14699.00,14702.80,0,
02_06_2026_09_35,14703.70,14743.90,14702.30,14733.80,0,
02_06_2026_09_40,14733.90,14742.30,14705.50,14720.30,0,
02_06_2026_09_45,14721.00,14721.50,14697.70,14711.20,0,
02_06_2026_09_50,14711.70,14736.00,14708.80,14729.20,0,
02_06_2026_09_55,14730.60,14735.00,14714.80,14733.20,0,
02_06_2026_10_00,14733.80,14747.80,14728.80,14747.30,0,
02_06_2026_10_05,14747.20,14750.50,14715.80,14724.00,0,
02_06_2026_10_10,14724.30,14726.70,14714.70,14715.70,0,
02_06_2026_10_15,14716.00,14722.80,14697.50,14721.30,0,
02_06_2026_10_20,14721.40,14753.40,14718.10,14747.80,0,
02_06_2026_10_25,14747.80,14764.50,14744.70,14756.70,0,
02_06_2026_10_30,14756.40,14757.80,14729.50,14734.80,0,
02_06_2026_10_35,14734.30,14734.80,14722.90,14726.00,0,
02_06_2026_10_40,14725.80,14735.00,14724.20,14727.50,0,
02_06_2026_10_45,14727.10,14727.90,14710.80,14711.80,0,
02_06_2026_10_50,14711.80,14716.00,14685.50,14688.20,0,
02_06_2026_10_55,14688.50,14688.50,14668.80,14679.70,0,
02_06_2026_11_00,14680.20,14687.70,14678.70,14680.10,0,
02_06_2026_11_05,14680.60,14687.00,14676.20,14676.80,0,
02_06_2026_11_10,14676.80,14693.30,14676.80,14691.00,0,
02_06_2026_11_15,14691.20,14697.60,14684.80,14696.90,0,
02_06_2026_11_20,14697.40,14726.50,14697.20,14725.30,0,
02_06_2026_11_25,14725.80,14726.60,14703.30,14710.50,0,
02_06_2026_11_30,14711.00,14713.50,14704.70,14705.50,0,
02_06_2026_11_35,14704.90,14705.80,14679.70,14680.50,0,
02_06_2026_11_40,14680.50,14695.50,14680.50,14686.50,0,
02_06_2026_11_45,14686.60,14696.20,14684.40,14688.50,0,
02_06_2026_11_50,14688.70,14692.40,14684.70,14689.20,0,
02_06_2026_11_55,14689.00,14692.20,14675.20,14675.50,0,
02_06_2026_12_00,14675.50,14686.50,14671.20,14679.30,0,
02_06_2026_12_05,14679.20,14685.00,14669.80,14683.00,0,
02_06_2026_12_10,14683.60,14684.40,14670.80,14672.00,0,
02_06_2026_12_15,14672.20,14681.20,14672.20,14677.20,0,
02_06_2026_12_20,14677.30,14679.70,14672.50,14673.00,0,
02_06_2026_12_25,14673.00,14679.50,14669.60,14670.40,0,
02_06_2026_12_30,14670.40,14710.10,14668.00,14702.80,0,
02_06_2026_12_35,14703.10,14710.50,14701.80,14708.80,0,
02_06_2026_12_40,14708.80,14742.40,14707.50,14740.10,0,
02_06_2026_12_45,14740.20,14774.00,14740.20,14768.80,0,
02_06_2026_12_50,14769.00,14786.50,14768.80,14780.80,0,
02_06_2026_12_55,14781.60,14806.50,14779.80,14802.80,0,
02_06_2026_13_00,14802.70,14806.70,14793.40,14805.20,0,
02_06_2026_13_05,14804.80,14809.30,14800.50,14802.60,0,
02_06_2026_13_10,14802.80,14825.70,14800.70,14810.50,0,
02_06_2026_13_15,14810.50,14815.20,14806.00,14807.50,0,
02_06_2026_13_20,14806.80,14819.30,14801.50,14819.30,0,
02_06_2026_13_25,14820.80,14837.90,14819.80,14837.70,0,
02_06_2026_13_30,14837.80,14857.20,14837.80,14855.00,0,
02_06_2026_13_35,14855.00,14855.30,14840.20,14842.80,0,
02_06_2026_13_40,14843.20,14844.80,14830.30,14837.90,0,
02_06_2026_13_45,14838.10,14858.10,14838.10,14857.20,0,
02_06_2026_13_50,14856.60,14865.50,14851.20,14856.30,0,
02_06_2026_13_55,14856.50,14858.80,14848.80,14856.20,0,
02_06_2026_14_00,14855.70,14861.30,14849.50,14861.00,0,
02_06_2026_14_05,14861.00,14872.00,14859.60,14871.60,0,
02_06_2026_14_10,14871.70,14876.50,14867.00,14873.00,0,
02_06_2026_14_15,14872.50,14876.00,14856.50,14857.80,0,
02_06_2026_14_20,14857.30,14881.80,14856.00,14876.00,0,
02_06_2026_14_25,14876.20,14878.10,14862.00,14864.20,0,
02_06_2026_14_30,14864.80,14876.20,14863.70,14872.90,0,
02_06_2026_14_35,14872.30,14873.00,14841.50,14841.50,0,
02_06_2026_14_40,14841.30,14842.00,14816.50,14824.00,0,
02_06_2026_14_45,14824.50,14836.00,14809.60,14835.60,0,
02_06_2026_14_50,14835.70,14850.30,14835.10,14845.30,0,
02_06_2026_14_55,14845.50,14846.50,14828.80,14829.10,0,
02_06_2026_15_00,14830.00,14846.30,14809.50,14843.00,0,
02_06_2026_15_05,14842.70,14858.20,14842.70,14856.70,0,
02_06_2026_15_10,14856.80,14859.00,14849.70,14852.20,0,
02_06_2026_15_15,14852.70,14866.00,14852.20,14859.80,0,
02_06_2026_15_20,14860.00,14863.00,14854.50,14856.20,0,
02_06_2026_15_25,14855.80,14866.20,14849.50,14864.80,0,
03_06_2026_09_15,14864.50,14871.20,14743.20,14752.30,0,
03_06_2026_09_20,14753.10,14769.30,14747.00,14769.30,0,
03_06_2026_09_25,14770.80,14770.80,14741.80,14754.80,0,
03_06_2026_09_30,14756.60,14759.80,14729.80,14730.70,0,
03_06_2026_09_35,14730.80,14767.00,14729.30,14764.90,0,
03_06_2026_09_40,14765.30,14768.50,14748.60,14759.70,0,
03_06_2026_09_45,14760.60,14779.50,14757.70,14767.70,0,
03_06_2026_09_50,14768.50,14774.50,14736.80,14737.40,0,
03_06_2026_09_55,14737.90,14752.20,14718.30,14741.30,0,
03_06_2026_10_00,14742.80,14765.00,14735.10,14765.00,0,
03_06_2026_10_05,14766.30,14772.30,14757.00,14757.80,0,
03_06_2026_10_10,14757.20,14757.20,14732.10,14736.50,0,
03_06_2026_10_15,14737.20,14760.80,14732.80,14759.50,0,
03_06_2026_10_20,14760.30,14770.30,14754.40,14754.80,0,
03_06_2026_10_25,14754.80,14760.30,14736.60,14740.20,0,
03_06_2026_10_30,14741.50,14747.50,14713.20,14716.20,0,
03_06_2026_10_35,14717.00,14731.80,14714.90,14727.90,0,
03_06_2026_10_40,14728.80,14735.00,14725.00,14725.70,0,
03_06_2026_10_45,14726.00,14728.80,14718.30,14726.30,0,
03_06_2026_10_50,14727.00,14727.30,14716.90,14723.20,0,
03_06_2026_10_55,14724.20,14725.40,14708.70,14715.00,0,
03_06_2026_11_00,14715.50,14722.60,14708.40,14712.20,0,
03_06_2026_11_05,14712.30,14712.50,14699.80,14701.00,0,
03_06_2026_11_10,14701.50,14708.70,14700.40,14704.50,0,
03_06_2026_11_15,14704.60,14715.70,14701.70,14714.20,0,
03_06_2026_11_20,14714.80,14728.20,14710.10,14716.50,0,
03_06_2026_11_25,14717.60,14721.00,14702.50,14707.10,0,
03_06_2026_11_30,14707.60,14717.70,14704.90,14710.00,0,
03_06_2026_11_35,14710.30,14711.40,14699.20,14704.70,0,
03_06_2026_11_40,14705.50,14719.50,14705.00,14711.70,0,
03_06_2026_11_45,14712.30,14718.80,14712.10,14714.90,0,
03_06_2026_11_50,14715.50,14721.50,14710.50,14716.40,0,
03_06_2026_11_55,14716.80,14716.80,14702.80,14703.30,0,
03_06_2026_12_00,14704.00,14706.80,14679.70,14687.20,0,
03_06_2026_12_05,14689.00,14696.80,14687.00,14696.80,0,
03_06_2026_12_10,14696.20,14699.40,14690.20,14697.30,0,
03_06_2026_12_15,14697.20,14704.20,14692.80,14701.70,0,
03_06_2026_12_20,14702.50,14712.50,14701.20,14703.50,0,
03_06_2026_12_25,14703.70,14732.50,14701.50,14727.30,0,
03_06_2026_12_30,14728.30,14750.30,14728.20,14749.00,0,
03_06_2026_12_35,14749.00,14783.90,14748.00,14773.70,0,
03_06_2026_12_40,14774.20,14790.50,14774.00,14779.00,0,
03_06_2026_12_45,14780.20,14785.30,14756.10,14761.80,0,
03_06_2026_12_50,14762.50,14766.00,14740.80,14742.70,0,
03_06_2026_12_55,14742.90,14754.30,14738.60,14746.30,0,
03_06_2026_13_00,14746.80,14757.70,14744.30,14749.80,0,
03_06_2026_13_05,14750.60,14752.50,14739.20,14744.00,0,
03_06_2026_13_10,14744.40,14750.80,14739.50,14750.80,0,
03_06_2026_13_15,14757.10,14766.00,14752.20,14755.70,0,
03_06_2026_13_20,14757.70,14781.00,14756.50,14778.10,0,
03_06_2026_13_25,14778.10,14789.00,14777.20,14782.70,0,
03_06_2026_13_30,14783.50,14789.20,14773.00,14789.00,0,
03_06_2026_13_35,14789.30,14792.90,14783.70,14787.50,0,
03_06_2026_13_40,14787.80,14797.80,14780.60,14781.80,0,
03_06_2026_13_45,14783.00,14831.60,14782.20,14815.10,0,
03_06_2026_13_50,14815.80,14817.50,14794.80,14803.20,0,
03_06_2026_13_55,14803.40,14803.60,14782.50,14791.80,0,
03_06_2026_14_00,14793.00,14810.70,14793.00,14809.90,0,
03_06_2026_14_05,14810.40,14816.20,14800.20,14805.30,0,
03_06_2026_14_10,14806.30,14808.50,14794.20,14805.70,0,
03_06_2026_14_15,14805.80,14823.30,14804.40,14822.60,0,
03_06_2026_14_20,14823.20,14834.70,14816.30,14831.20,0,
03_06_2026_14_25,14830.80,14831.50,14817.00,14824.20,0,
03_06_2026_14_30,14824.80,14839.70,14823.00,14836.80,0,
03_06_2026_14_35,14838.30,14838.30,14821.20,14834.00,0,
03_06_2026_14_40,14834.20,14855.30,14833.60,14851.60,0,
03_06_2026_14_45,14852.20,14854.30,14842.50,14853.90,0,
03_06_2026_14_50,14853.50,14863.00,14849.20,14854.60,0,
03_06_2026_14_55,14855.30,14858.00,14842.30,14851.40,0,
03_06_2026_15_00,14853.30,14864.20,14815.20,14841.70,0,
03_06_2026_15_05,14842.50,14855.80,14816.70,14818.10,0,
03_06_2026_15_10,14819.30,14822.20,14801.10,14815.20,0,
03_06_2026_15_15,14815.10,14822.70,14813.70,14819.00,0,
03_06_2026_15_20,14819.70,14822.50,14816.90,14818.80,0,
03_06_2026_15_25,14819.50,14821.80,14811.20,14817.90,0,
04_06_2026_09_15,14783.50,14838.30,14743.30,14836.20,0,
04_06_2026_09_20,14836.20,14845.50,14820.80,14831.80,0,
04_06_2026_09_25,14831.20,14845.90,14826.20,14828.80,0,
04_06_2026_09_30,14828.80,14831.30,14805.80,14827.70,0,
04_06_2026_09_35,14826.80,14855.40,14820.10,14821.00,0,
04_06_2026_09_40,14820.20,14845.00,14806.80,14844.00,0,
04_06_2026_09_45,14843.50,14866.80,14843.50,14865.70,0,
04_06_2026_09_50,14865.40,14872.00,14859.20,14870.80,0,
04_06_2026_09_55,14870.70,14895.20,14867.00,14884.10,0,
04_06_2026_10_00,14884.00,14910.80,14877.20,14900.20,0,
04_06_2026_10_05,14900.00,14919.60,14900.00,14913.70,0,
04_06_2026_10_10,14912.40,14925.20,14912.20,14918.20,0,
04_06_2026_10_15,14918.70,14926.70,14908.50,14918.80,0,
04_06_2026_10_20,14918.70,14923.90,14912.00,14922.30,0,
04_06_2026_10_25,14922.80,14923.80,14907.00,14907.10,0,
04_06_2026_10_30,14907.30,14907.70,14874.50,14876.60,0,
04_06_2026_10_35,14877.20,14884.00,14865.20,14873.60,0,
04_06_2026_10_40,14874.30,14892.70,14873.40,14892.70,0,
04_06_2026_10_45,14893.00,14906.50,14890.50,14893.30,0,
04_06_2026_10_50,14893.80,14897.00,14886.60,14889.30,0,
04_06_2026_10_55,14889.10,14902.90,14889.10,14897.70,0,
04_06_2026_11_00,14897.50,14902.50,14872.20,14878.50,0,
04_06_2026_11_05,14878.50,14882.30,14866.70,14876.00,0,
04_06_2026_11_10,14876.00,14886.00,14875.20,14884.70,0,
04_06_2026_11_15,14885.00,14885.50,14876.50,14876.50,0,
04_06_2026_11_20,14877.20,14883.60,14876.20,14881.00,0,
04_06_2026_11_25,14881.20,14888.20,14874.00,14880.50,0,
04_06_2026_11_30,14880.50,14881.30,14854.80,14876.80,0,
04_06_2026_11_35,14876.80,14899.50,14874.10,14898.70,0,
04_06_2026_11_40,14898.30,14904.50,14894.80,14896.70,0,
04_06_2026_11_45,14896.50,14902.50,14893.00,14897.00,0,
04_06_2026_11_50,14897.00,14898.30,14871.80,14873.00,0,
04_06_2026_11_55,14873.20,14885.40,14872.10,14883.70,0,
04_06_2026_12_00,14883.50,14896.90,14880.90,14893.30,0,
04_06_2026_12_05,14893.40,14895.90,14887.00,14889.20,0,
04_06_2026_12_10,14888.50,14894.80,14886.70,14893.80,0,
04_06_2026_12_15,14893.60,14896.30,14883.60,14884.50,0,
04_06_2026_12_20,14884.50,14891.80,14881.90,14888.80,0,
04_06_2026_12_25,14888.50,14893.30,14885.20,14890.30,0,
04_06_2026_12_30,14889.20,14890.70,14867.30,14868.30,0,
04_06_2026_12_35,14867.80,14870.50,14862.70,14869.70,0,
04_06_2026_12_40,14869.80,14872.80,14865.40,14866.00,0,
04_06_2026_12_45,14865.80,14874.80,14862.30,14873.30,0,
04_06_2026_12_50,14873.00,14878.80,14871.80,14878.50,0,
04_06_2026_12_55,14878.60,14884.20,14875.20,14882.70,0,
04_06_2026_13_00,14882.40,14883.30,14873.40,14879.90,0,
04_06_2026_13_05,14880.00,14880.00,14862.80,14870.70,0,
04_06_2026_13_10,14870.50,14870.80,14828.80,14829.30,0,
04_06_2026_13_15,14828.60,14842.70,14819.50,14840.80,0,
04_06_2026_13_20,14840.50,14847.00,14836.50,14843.30,0,
04_06_2026_13_25,14842.90,14847.00,14834.20,14842.00,0,
04_06_2026_13_30,14842.20,14844.70,14834.30,14843.70,0,
04_06_2026_13_35,14843.80,14857.50,14843.20,14856.70,0,
04_06_2026_13_40,14856.30,14858.20,14840.50,14855.30,0,
04_06_2026_13_45,14855.70,14856.30,14850.40,14854.30,0,
04_06_2026_13_50,14854.70,14858.00,14843.60,14854.50,0,
04_06_2026_13_55,14854.20,14858.50,14845.30,14857.20,0,
04_06_2026_14_00,14856.90,14880.20,14856.90,14869.40,0,
04_06_2026_14_05,14870.10,14875.00,14865.10,14873.20,0,
04_06_2026_14_10,14872.20,14878.10,14866.30,14867.30,0,
04_06_2026_14_15,14867.20,14875.50,14863.40,14863.80,0,
04_06_2026_14_20,14863.20,14867.80,14857.70,14862.60,0,
04_06_2026_14_25,14863.10,14868.50,14861.50,14862.50,0,
04_06_2026_14_30,14862.10,14880.10,14861.50,14867.90,0,
04_06_2026_14_35,14868.50,14884.20,14868.30,14881.50,0,
04_06_2026_14_40,14880.70,14884.30,14870.60,14871.80,0,
04_06_2026_14_45,14871.50,14890.70,14871.50,14874.20,0,
04_06_2026_14_50,14874.00,14878.40,14860.50,14860.70,0,
04_06_2026_14_55,14860.70,14868.20,14860.30,14864.50,0,
04_06_2026_15_00,14865.20,14866.50,14842.30,14852.20,0,
04_06_2026_15_05,14852.80,14860.30,14850.30,14855.80,0,
04_06_2026_15_10,14856.20,14859.70,14853.10,14857.30,0,
04_06_2026_15_15,14857.50,14860.70,14854.20,14856.90,0,
04_06_2026_15_20,14857.40,14863.80,14849.40,14862.20,0,
04_06_2026_15_25,14862.10,14871.90,14860.80,14866.30,0,
05_06_2026_09_15,14912.80,14934.30,14895.50,14917.50,0,
05_06_2026_09_20,14917.70,14929.50,14909.20,14915.20,0,
05_06_2026_09_25,14914.70,14921.00,14903.50,14911.70,0,
05_06_2026_09_30,14912.00,14926.30,14905.00,14911.00,0,
05_06_2026_09_35,14911.20,14925.30,14896.20,14915.50,0,
05_06_2026_09_40,14915.20,14936.00,14906.30,14934.10,0,
05_06_2026_09_45,14934.80,14936.10,14910.60,14914.80,0,
05_06_2026_09_50,14914.50,14929.20,14907.00,14922.70,0,
05_06_2026_09_55,14922.30,14928.80,14915.00,14916.20,0,
05_06_2026_10_00,14916.20,14940.30,14899.30,14937.80,0,
05_06_2026_10_05,14937.70,14971.40,14920.50,14966.80,0,
05_06_2026_10_10,14966.50,14973.90,14940.70,14941.80,0,
05_06_2026_10_15,14941.80,14950.00,14930.50,14945.10,0,
05_06_2026_10_20,14945.60,14954.40,14939.30,14954.20,0,
05_06_2026_10_25,14954.00,14958.20,14931.00,14939.50,0,
05_06_2026_10_30,14939.50,14943.50,14920.00,14920.00,0,
05_06_2026_10_35,14920.00,14920.40,14871.20,14874.60,0,
05_06_2026_10_40,14874.80,14876.70,14851.80,14860.70,0,
05_06_2026_10_45,14860.50,14873.20,14839.70,14872.20,0,
05_06_2026_10_50,14871.70,14893.20,14871.70,14888.20,0,
05_06_2026_10_55,14887.80,14903.80,14885.00,14903.80,0,
05_06_2026_11_00,14903.70,14938.00,14903.70,14937.70,0,
05_06_2026_11_05,14937.20,14957.40,14935.40,14951.30,0,
05_06_2026_11_10,14951.70,14957.20,14937.00,14937.80,0,
05_06_2026_11_15,14937.30,14946.10,14924.30,14930.00,0,
05_06_2026_11_20,14929.70,14930.30,14900.00,14914.80,0,
05_06_2026_11_25,14913.20,14919.50,14906.00,14918.00,0,
05_06_2026_11_30,14918.40,14930.50,14917.70,14922.60,0,
05_06_2026_11_35,14921.50,14922.80,14910.30,14917.80,0,
05_06_2026_11_40,14917.70,14926.00,14913.20,14915.00,0,
05_06_2026_11_45,14915.20,14929.20,14913.00,14925.30,0,
05_06_2026_11_50,14925.40,14926.00,14917.00,14917.20,0,
05_06_2026_11_55,14917.20,14918.40,14902.50,14903.00,0,
05_06_2026_12_00,14903.10,14921.00,14903.10,14920.60,0,
05_06_2026_12_05,14920.70,14924.70,14915.50,14916.40,0,
05_06_2026_12_10,14916.50,14926.80,14904.50,14925.40,0,
05_06_2026_12_15,14925.10,14929.30,14919.60,14921.50,0,
05_06_2026_12_20,14920.40,14926.10,14918.50,14924.00,0,
05_06_2026_12_25,14923.80,14927.30,14914.70,14914.70,0,
05_06_2026_12_30,14914.50,14918.30,14896.20,14901.70,0,
05_06_2026_12_35,14901.50,14905.80,14884.80,14893.20,0,
05_06_2026_12_40,14893.30,14895.00,14876.00,14882.30,0,
05_06_2026_12_45,14882.10,14890.20,14877.30,14879.20,0,
05_06_2026_12_50,14878.40,14879.70,14861.80,14868.70,0,
05_06_2026_12_55,14868.00,14869.70,14864.50,14865.50,0,
05_06_2026_13_00,14865.90,14867.30,14858.70,14867.30,0,
05_06_2026_13_05,14867.10,14868.50,14848.70,14853.70,0,
05_06_2026_13_10,14853.70,14856.00,14844.70,14847.80,0,
05_06_2026_13_15,14847.60,14872.00,14844.00,14860.20,0,
05_06_2026_13_20,14860.50,14861.80,14832.00,14837.20,0,
05_06_2026_13_25,14836.80,14847.30,14829.80,14830.00,0,
05_06_2026_13_30,14829.00,14840.20,14816.70,14830.50,0,
05_06_2026_13_35,14831.00,14834.50,14825.00,14830.10,0,
05_06_2026_13_40,14829.40,14831.00,14805.50,14816.20,0,
05_06_2026_13_45,14816.10,14828.80,14813.90,14825.20,0,
05_06_2026_13_50,14824.50,14828.20,14819.00,14819.60,0,
05_06_2026_13_55,14818.50,14834.60,14817.40,14834.60,0,
05_06_2026_14_00,14834.30,14840.50,14829.40,14832.80,0,
05_06_2026_14_05,14832.30,14843.90,14832.00,14837.00,0,
05_06_2026_14_10,14836.20,14841.20,14830.00,14832.10,0,
05_06_2026_14_15,14832.20,14833.70,14822.70,14828.00,0,
05_06_2026_14_20,14827.50,14836.50,14821.50,14833.50,0,
05_06_2026_14_25,14833.00,14856.20,14833.00,14855.70,0,
05_06_2026_14_30,14854.80,14866.80,14852.90,14855.80,0,
05_06_2026_14_35,14855.30,14858.00,14837.80,14850.70,0,
05_06_2026_14_40,14851.20,14896.80,14849.00,14892.10,0,
05_06_2026_14_45,14892.10,14899.70,14866.30,14873.00,0,
05_06_2026_14_50,14872.70,14882.80,14872.50,14881.10,0,
05_06_2026_14_55,14881.70,14881.80,14863.80,14867.50,0,
05_06_2026_15_00,14867.90,14871.20,14844.30,14864.90,0,
05_06_2026_15_05,14864.60,14870.50,14859.80,14866.30,0,
05_06_2026_15_10,14866.20,14868.20,14859.70,14864.10,0,
05_06_2026_15_15,14864.30,14875.60,14864.20,14867.80,0,
05_06_2026_15_20,14868.10,14868.70,14859.60,14865.00,0,
05_06_2026_15_25,14864.10,14867.20,14855.70,14858.40,0,
08_06_2026_09_15,14705.80,14713.20,14640.50,14708.80,0,
08_06_2026_09_20,14709.70,14723.50,14691.00,14717.50,0,
08_06_2026_09_25,14717.70,14756.10,14710.50,14755.80,0,
08_06_2026_09_30,14756.00,14781.50,14748.00,14780.70,0,
08_06_2026_09_35,14780.20,14780.20,14741.30,14751.80,0,
08_06_2026_09_40,14752.50,14765.90,14749.20,14758.60,0,
08_06_2026_09_45,14759.90,14774.20,14738.10,14739.20,0,
08_06_2026_09_50,14739.10,14760.50,14731.80,14760.50,0,
08_06_2026_09_55,14759.70,14781.50,14758.10,14778.10,0,
08_06_2026_10_00,14778.50,14779.50,14756.50,14758.00,0,
08_06_2026_10_05,14755.00,14770.80,14745.40,14765.30,0,
08_06_2026_10_10,14766.20,14768.00,14755.90,14755.90,0,
08_06_2026_10_15,14756.20,14763.80,14751.80,14763.50,0,
08_06_2026_10_20,14763.70,14764.20,14755.10,14757.70,0,
08_06_2026_10_25,14757.50,14757.50,14742.50,14750.40,0,
08_06_2026_10_30,14750.00,14785.30,14749.50,14784.00,0,
08_06_2026_10_35,14784.20,14784.80,14777.80,14782.20,0,
08_06_2026_10_40,14782.00,14788.00,14767.20,14767.30,0,
08_06_2026_10_45,14768.00,14775.80,14760.90,14771.50,0,
08_06_2026_10_50,14771.50,14780.70,14770.00,14773.50,0,
08_06_2026_10_55,14774.00,14787.20,14772.30,14786.00,0,
08_06_2026_11_00,14787.20,14788.50,14781.70,14787.00,0,
08_06_2026_11_05,14787.70,14787.70,14777.70,14783.60,0,
08_06_2026_11_10,14783.50,14785.80,14776.50,14785.00,0,
08_06_2026_11_15,14784.80,14788.80,14778.10,14778.50,0,
08_06_2026_11_20,14778.50,14782.10,14774.30,14775.50,0,
08_06_2026_11_25,14775.40,14781.50,14772.70,14777.20,0,
08_06_2026_11_30,14777.10,14782.20,14774.50,14782.20,0,
08_06_2026_11_35,14782.00,14788.70,14779.50,14785.80,0,
08_06_2026_11_40,14786.50,14793.00,14783.80,14789.70,0,
08_06_2026_11_45,14790.00,14792.20,14785.20,14791.90,0,
08_06_2026_11_50,14791.80,14793.80,14787.80,14792.10,0,
08_06_2026_11_55,14792.30,14797.50,14787.80,14791.50,0,
08_06_2026_12_00,14791.30,14792.00,14784.50,14786.80,0,
08_06_2026_12_05,14787.40,14787.60,14776.00,14780.50,0,
08_06_2026_12_10,14780.50,14794.10,14780.00,14785.50,0,
08_06_2026_12_15,14785.50,14787.70,14782.20,14783.50,0,
08_06_2026_12_20,14783.80,14794.20,14783.70,14793.00,0,
08_06_2026_12_25,14792.90,14793.20,14787.70,14790.70,0,
08_06_2026_12_30,14791.50,14795.70,14787.50,14791.80,0,
08_06_2026_12_35,14792.30,14796.90,14789.70,14791.60,0,
08_06_2026_12_40,14792.00,14799.40,14789.20,14796.00,0,
08_06_2026_12_45,14796.30,14798.40,14790.80,14797.80,0,
08_06_2026_12_50,14798.20,14808.50,14797.10,14799.80,0,
08_06_2026_12_55,14800.50,14803.50,14799.80,14800.80,0,
08_06_2026_13_00,14799.90,14805.00,14793.20,14794.60,0,
08_06_2026_13_05,14794.30,14797.30,14788.20,14792.50,0,
08_06_2026_13_10,14793.00,14793.50,14786.00,14787.20,0,
08_06_2026_13_15,14787.90,14796.70,14785.70,14792.20,0,
08_06_2026_13_20,14792.70,14793.00,14789.10,14791.40,0,
08_06_2026_13_25,14791.80,14792.50,14782.00,14788.80,0,
08_06_2026_13_30,14788.30,14793.00,14778.70,14781.00,0,
08_06_2026_13_35,14781.00,14781.80,14770.20,14776.20,0,
08_06_2026_13_40,14776.50,14777.30,14757.20,14758.30,0,
08_06_2026_13_45,14757.60,14762.20,14744.30,14759.00,0,
08_06_2026_13_50,14759.80,14762.50,14750.00,14751.30,0,
08_06_2026_13_55,14751.00,14756.30,14745.70,14756.20,0,
08_06_2026_14_00,14756.10,14765.80,14755.50,14764.50,0,
08_06_2026_14_05,14764.90,14764.90,14750.50,14753.50,0,
08_06_2026_14_10,14753.90,14756.80,14748.00,14748.60,0,
08_06_2026_14_15,14748.90,14757.80,14742.50,14754.80,0,
08_06_2026_14_20,14754.70,14754.80,14742.00,14743.10,0,
08_06_2026_14_25,14742.80,14744.90,14738.00,14738.30,0,
08_06_2026_14_30,14738.70,14746.80,14738.00,14742.40,0,
08_06_2026_14_35,14742.30,14748.80,14739.40,14742.20,0,
08_06_2026_14_40,14741.80,14756.50,14737.40,14756.50,0,
08_06_2026_14_45,14756.50,14765.00,14748.80,14755.40,0,
08_06_2026_14_50,14755.70,14757.90,14741.50,14745.70,0,
08_06_2026_14_55,14746.20,14757.80,14736.70,14747.80,0,
08_06_2026_15_00,14748.80,14748.80,14694.50,14697.40,0,
08_06_2026_15_05,14698.00,14717.50,14692.00,14713.20,0,
08_06_2026_15_10,14712.80,14715.60,14706.50,14713.30,0,
08_06_2026_15_15,14712.70,14716.40,14705.50,14712.20,0,
08_06_2026_15_20,14712.10,14712.20,14673.50,14677.00,0,
08_06_2026_15_25,14677.50,14689.00,14668.70,14687.50,0,
09_06_2026_09_15,14785.20,14800.00,14777.00,14795.80,0,
09_06_2026_09_20,14795.20,14801.70,14787.00,14799.70,0,
09_06_2026_09_25,14799.00,14801.10,14780.60,14783.60,0,
09_06_2026_09_30,14783.50,14796.80,14783.50,14790.20,0,
09_06_2026_09_35,14790.20,14792.00,14771.90,14777.20,0,
09_06_2026_09_40,14777.00,14787.30,14773.50,14774.80,0,
09_06_2026_09_45,14774.50,14794.30,14771.30,14774.20,0,
09_06_2026_09_50,14774.50,14799.50,14773.50,14796.30,0,
09_06_2026_09_55,14795.70,14795.70,14776.80,14782.10,0,
09_06_2026_10_00,14782.00,14783.80,14759.60,14761.50,0,
09_06_2026_10_05,14761.20,14765.90,14757.80,14765.50,0,
09_06_2026_10_10,14766.00,14773.00,14764.00,14770.70,0,
09_06_2026_10_15,14770.00,14777.00,14767.20,14768.00,0,
09_06_2026_10_20,14767.90,14768.30,14750.80,14755.80,0,
09_06_2026_10_25,14755.70,14761.50,14752.90,14759.80,0,
09_06_2026_10_30,14760.30,14764.00,14755.80,14756.00,0,
09_06_2026_10_35,14756.20,14756.80,14747.00,14753.80,0,
09_06_2026_10_40,14753.80,14763.80,14748.20,14763.10,0,
09_06_2026_10_45,14763.20,14766.40,14746.00,14746.50,0,
09_06_2026_10_50,14746.50,14764.80,14743.20,14764.00,0,
09_06_2026_10_55,14763.90,14775.00,14761.70,14774.20,0,
09_06_2026_11_00,14774.20,14776.80,14772.30,14774.30,0,
09_06_2026_11_05,14774.20,14775.50,14769.70,14771.10,0,
09_06_2026_11_10,14771.50,14772.70,14765.20,14765.60,0,
09_06_2026_11_15,14766.00,14769.80,14760.70,14767.60,0,
09_06_2026_11_20,14767.70,14767.70,14741.30,14744.00,0,
09_06_2026_11_25,14743.70,14758.20,14737.50,14754.90,0,
09_06_2026_11_30,14754.50,14759.00,14751.90,14757.30,0,
09_06_2026_11_35,14757.30,14765.50,14757.30,14764.60,0,
09_06_2026_11_40,14764.80,14768.30,14756.20,14767.10,0,
09_06_2026_11_45,14767.00,14792.50,14765.00,14781.60,0,
09_06_2026_11_50,14781.80,14788.30,14780.00,14786.80,0,
09_06_2026_11_55,14786.70,14798.20,14785.20,14796.10,0,
09_06_2026_12_00,14796.20,14804.20,14794.30,14796.70,0,
09_06_2026_12_05,14797.20,14800.10,14793.50,14794.30,0,
09_06_2026_12_10,14794.80,14800.80,14792.70,14798.30,0,
09_06_2026_12_15,14798.30,14805.30,14797.70,14802.70,0,
09_06_2026_12_20,14802.50,14810.80,14800.70,14804.00,0,
09_06_2026_12_25,14803.80,14811.00,14803.80,14809.00,0,
09_06_2026_12_30,14809.20,14818.60,14808.50,14817.70,0,
09_06_2026_12_35,14817.70,14824.00,14817.00,14820.30,0,
09_06_2026_12_40,14820.70,14822.00,14808.00,14817.60,0,
09_06_2026_12_45,14818.00,14822.50,14814.20,14814.60,0,
09_06_2026_12_50,14814.80,14814.80,14802.30,14802.90,0,
09_06_2026_12_55,14803.00,14803.00,14784.50,14785.50,0,
09_06_2026_13_00,14785.80,14794.20,14785.80,14792.90,0,
09_06_2026_13_05,14792.30,14800.50,14792.00,14792.60,0,
09_06_2026_13_10,14792.50,14804.30,14791.70,14803.30,0,
09_06_2026_13_15,14803.50,14809.50,14803.10,14805.40,0,
09_06_2026_13_20,14805.20,14805.30,14799.50,14801.20,0,
09_06_2026_13_25,14801.00,14803.70,14797.20,14799.20,0,
09_06_2026_13_30,14799.50,14800.80,14790.10,14798.80,0,
09_06_2026_13_35,14798.60,14811.50,14797.70,14810.70,0,
09_06_2026_13_40,14811.50,14816.50,14806.40,14814.80,0,
09_06_2026_13_45,14815.20,14816.00,14809.00,14812.90,0,
09_06_2026_13_50,14812.60,14813.10,14804.40,14805.00,0,
09_06_2026_13_55,14805.30,14806.90,14795.70,14802.20,0,
09_06_2026_14_00,14802.20,14804.00,14797.10,14798.80,0,
09_06_2026_14_05,14798.90,14809.50,14797.30,14809.20,0,
09_06_2026_14_10,14809.20,14818.50,14807.40,14816.20,0,
09_06_2026_14_15,14816.20,14818.90,14812.00,14815.60,0,
09_06_2026_14_20,14815.40,14816.20,14807.60,14811.00,0,
09_06_2026_14_25,14811.70,14821.70,14810.40,14821.70,0,
09_06_2026_14_30,14821.00,14825.10,14814.20,14821.00,0,
09_06_2026_14_35,14821.50,14839.50,14818.00,14838.80,0,
09_06_2026_14_40,14838.70,14848.70,14837.40,14842.00,0,
09_06_2026_14_45,14842.20,14843.30,14834.10,14834.70,0,
09_06_2026_14_50,14834.00,14845.80,14832.70,14845.50,0,
09_06_2026_14_55,14845.80,14855.30,14845.00,14853.00,0,
09_06_2026_15_00,14851.80,14851.80,14819.40,14830.40,0,
09_06_2026_15_05,14831.00,14839.20,14831.00,14837.50,0,
09_06_2026_15_10,14837.40,14838.20,14824.30,14827.70,0,
09_06_2026_15_15,14827.20,14828.30,14820.70,14820.70,0,
09_06_2026_15_20,14820.00,14827.00,14816.60,14821.00,0,
09_06_2026_15_25,14821.20,14837.20,14819.30,14835.50,0,
10_06_2026_09_15,14836.80,14874.80,14812.80,14865.50,0,
10_06_2026_09_20,14866.00,14874.30,14848.20,14872.20,0,
10_06_2026_09_25,14871.00,14881.70,14860.00,14879.80,0,
10_06_2026_09_30,14880.50,14884.50,14866.90,14881.20,0,
10_06_2026_09_35,14881.20,14882.00,14869.50,14879.20,0,
10_06_2026_09_40,14879.20,14894.50,14878.30,14887.20,0,
10_06_2026_09_45,14887.30,14901.40,14884.80,14901.40,0,
10_06_2026_09_50,14901.80,14903.10,14888.90,14890.40,0,
10_06_2026_09_55,14891.00,14892.00,14882.70,14883.00,0,
10_06_2026_10_00,14883.20,14886.50,14875.40,14877.80,0,
10_06_2026_10_05,14877.20,14889.50,14873.90,14883.50,0,
10_06_2026_10_10,14884.30,14890.50,14862.20,14862.20,0,
10_06_2026_10_15,14862.80,14876.20,14854.30,14873.00,0,
10_06_2026_10_20,14872.80,14876.00,14866.60,14869.50,0,
10_06_2026_10_25,14869.70,14871.00,14863.60,14870.00,0,
10_06_2026_10_30,14870.80,14884.90,14870.80,14884.40,0,
10_06_2026_10_35,14884.80,14891.80,14879.60,14880.80,0,
10_06_2026_10_40,14881.30,14890.90,14880.00,14887.30,0,
10_06_2026_10_45,14886.80,14888.20,14877.30,14878.20,0,
10_06_2026_10_50,14878.20,14879.40,14870.50,14875.80,0,
10_06_2026_10_55,14875.50,14879.80,14867.70,14879.80,0,
10_06_2026_11_00,14880.20,14885.20,14872.80,14883.60,0,
10_06_2026_11_05,14883.50,14891.20,14876.80,14889.70,0,
10_06_2026_11_10,14889.30,14900.00,14889.20,14893.20,0,
10_06_2026_11_15,14893.70,14897.80,14882.70,14882.80,0,
10_06_2026_11_20,14882.60,14888.00,14878.70,14887.20,0,
10_06_2026_11_25,14887.30,14896.70,14885.50,14892.00,0,
10_06_2026_11_30,14892.00,14892.80,14882.80,14889.20,0,
10_06_2026_11_35,14889.00,14893.00,14886.80,14892.40,0,
10_06_2026_11_40,14892.20,14893.50,14888.00,14893.10,0,
10_06_2026_11_45,14893.50,14893.90,14886.00,14893.20,0,
10_06_2026_11_50,14893.00,14895.30,14887.20,14890.00,0,
10_06_2026_11_55,14890.00,14894.50,14888.20,14890.50,0,
10_06_2026_12_00,14891.20,14892.70,14878.50,14880.30,0,
10_06_2026_12_05,14880.30,14888.30,14877.00,14885.60,0,
10_06_2026_12_10,14885.80,14892.90,14881.00,14889.80,0,
10_06_2026_12_15,14889.30,14891.20,14883.30,14886.20,0,
10_06_2026_12_20,14885.30,14886.50,14878.80,14880.00,0,
10_06_2026_12_25,14879.80,14883.80,14877.70,14878.10,0,
10_06_2026_12_30,14878.20,14880.90,14875.10,14876.00,0,
10_06_2026_12_35,14877.00,14879.10,14872.70,14873.60,0,
10_06_2026_12_40,14873.30,14873.80,14860.50,14861.30,0,
10_06_2026_12_45,14861.70,14868.50,14855.30,14865.00,0,
10_06_2026_12_50,14865.00,14878.20,14864.00,14878.00,0,
10_06_2026_12_55,14877.70,14878.20,14870.70,14878.10,0,
10_06_2026_13_00,14878.30,14896.70,14878.30,14896.60,0,
10_06_2026_13_05,14897.20,14899.40,14888.20,14890.90,0,
10_06_2026_13_10,14890.30,14892.60,14879.80,14884.50,0,
10_06_2026_13_15,14884.50,14886.50,14878.50,14878.80,0,
10_06_2026_13_20,14879.00,14879.00,14867.70,14867.80,0,
10_06_2026_13_25,14867.80,14878.50,14866.80,14877.30,0,
10_06_2026_13_30,14877.70,14880.30,14865.90,14869.20,0,
10_06_2026_13_35,14868.30,14869.20,14860.00,14861.30,0,
10_06_2026_13_40,14861.30,14868.70,14848.70,14853.00,0,
10_06_2026_13_45,14853.20,14859.50,14852.50,14855.80,0,
10_06_2026_13_50,14855.80,14856.70,14843.50,14844.60,0,
10_06_2026_13_55,14844.60,14848.50,14843.30,14848.30,0,
10_06_2026_14_00,14848.30,14859.60,14843.90,14856.10,0,
10_06_2026_14_05,14856.50,14856.70,14846.90,14847.20,0,
10_06_2026_14_10,14847.20,14848.50,14831.30,14832.40,0,
10_06_2026_14_15,14832.40,14841.70,14826.20,14838.70,0,
10_06_2026_14_20,14838.50,14844.30,14837.10,14840.80,0,
10_06_2026_14_25,14841.20,14842.20,14830.50,14832.20,0,
10_06_2026_14_30,14832.50,14833.20,14814.80,14820.80,0,
10_06_2026_14_35,14821.00,14825.90,14797.10,14799.30,0,
10_06_2026_14_40,14799.30,14805.90,14784.30,14784.80,0,
10_06_2026_14_45,14784.80,14788.40,14771.70,14771.80,0,
10_06_2026_14_50,14772.20,14781.50,14769.60,14779.70,0,
10_06_2026_14_55,14779.80,14784.30,14776.00,14783.10,0,
10_06_2026_15_00,14783.70,14784.40,14767.20,14768.30,0,
10_06_2026_15_05,14768.70,14769.50,14753.00,14761.20,0,
10_06_2026_15_10,14762.50,14763.50,14736.30,14737.80,0,
10_06_2026_15_15,14737.30,14747.90,14731.00,14747.00,0,
10_06_2026_15_20,14747.30,14753.00,14735.80,14742.30,0,
10_06_2026_15_25,14742.40,14752.70,14741.60,14749.50,0,
11_06_2026_09_15,14692.20,14695.50,14637.00,14680.20,0,
11_06_2026_09_20,14682.70,14715.60,14679.90,14690.50,0,
11_06_2026_09_25,14689.60,14697.40,14673.30,14691.30,0,
11_06_2026_09_30,14692.60,14702.50,14680.80,14686.20,0,
11_06_2026_09_35,14687.00,14705.70,14679.20,14703.50,0,
11_06_2026_09_40,14703.30,14712.60,14691.10,14709.70,0,
11_06_2026_09_45,14710.00,14716.00,14701.00,14706.50,0,
11_06_2026_09_50,14706.40,14717.70,14701.10,14707.00,0,
11_06_2026_09_55,14706.60,14707.00,14681.40,14683.00,0,
11_06_2026_10_00,14683.90,14692.60,14680.70,14681.00,0,
11_06_2026_10_05,14681.50,14709.30,14677.00,14704.30,0,
11_06_2026_10_10,14705.40,14709.20,14697.50,14697.70,0,
11_06_2026_10_15,14699.30,14718.80,14696.80,14718.30,0,
11_06_2026_10_20,14719.50,14724.70,14714.70,14716.20,0,
11_06_2026_10_25,14717.00,14723.20,14711.90,14719.70,0,
11_06_2026_10_30,14719.50,14721.30,14705.00,14716.00,0,
11_06_2026_10_35,14716.20,14718.70,14707.30,14715.70,0,
11_06_2026_10_40,14716.80,14723.00,14713.00,14714.70,0,
11_06_2026_10_45,14715.20,14721.20,14706.30,14706.60,0,
11_06_2026_10_50,14707.20,14707.20,14688.30,14692.40,0,
11_06_2026_10_55,14693.00,14695.60,14685.50,14689.20,0,
11_06_2026_11_00,14689.00,14690.10,14675.50,14683.70,0,
11_06_2026_11_05,14684.00,14697.80,14684.00,14693.20,0,
11_06_2026_11_10,14693.60,14695.20,14685.00,14687.70,0,
11_06_2026_11_15,14688.80,14701.50,14685.40,14697.20,0,
11_06_2026_11_20,14697.70,14714.00,14697.50,14710.80,0,
11_06_2026_11_25,14711.00,14725.00,14709.20,14723.40,0,
11_06_2026_11_30,14724.50,14731.60,14708.80,14711.00,0,
11_06_2026_11_35,14711.50,14714.50,14697.50,14704.70,0,
11_06_2026_11_40,14705.80,14716.80,14704.50,14716.50,0,
11_06_2026_11_45,14717.50,14725.30,14714.50,14718.30,0,
11_06_2026_11_50,14719.00,14726.20,14718.00,14724.20,0,
11_06_2026_11_55,14725.00,14737.80,14720.80,14731.60,0,
11_06_2026_12_00,14732.50,14737.20,14725.20,14726.60,0,
11_06_2026_12_05,14726.70,14727.90,14716.00,14716.50,0,
11_06_2026_12_10,14718.00,14720.20,14711.80,14720.20,0,
11_06_2026_12_15,14720.80,14734.80,14720.80,14724.70,0,
11_06_2026_12_20,14725.40,14725.70,14717.50,14720.40,0,
11_06_2026_12_25,14721.20,14727.70,14718.00,14726.70,0,
11_06_2026_12_30,14727.50,14746.50,14727.50,14742.50,0,
11_06_2026_12_35,14743.20,14746.50,14728.20,14733.20,0,
11_06_2026_12_40,14733.30,14733.80,14725.50,14729.00,0,
11_06_2026_12_45,14730.00,14730.50,14712.20,14712.60,0,
11_06_2026_12_50,14713.50,14721.30,14712.10,14715.30,0,
11_06_2026_12_55,14715.70,14732.50,14712.00,14732.50,0,
11_06_2026_13_00,14733.20,14743.10,14726.50,14728.80,0,
11_06_2026_13_05,14729.50,14730.20,14713.00,14713.20,0,
11_06_2026_13_10,14713.50,14715.30,14701.50,14701.60,0,
11_06_2026_13_15,14702.70,14708.20,14701.70,14703.10,0,
11_06_2026_13_20,14703.70,14705.20,14687.90,14696.20,0,
11_06_2026_13_25,14696.70,14697.80,14686.20,14693.20,0,
11_06_2026_13_30,14693.90,14711.50,14693.00,14698.00,0,
11_06_2026_13_35,14699.20,14704.40,14688.70,14689.30,0,
11_06_2026_13_40,14689.80,14693.20,14682.20,14687.00,0,
11_06_2026_13_45,14688.60,14700.80,14686.20,14692.50,0,
11_06_2026_13_50,14693.80,14701.00,14691.30,14699.20,0,
11_06_2026_13_55,14700.20,14707.70,14695.80,14699.30,0,
11_06_2026_14_00,14700.30,14703.80,14698.00,14702.20,0,
11_06_2026_14_05,14702.20,14702.30,14681.20,14685.70,0,
11_06_2026_14_10,14686.60,14694.20,14681.60,14689.30,0,
11_06_2026_14_15,14689.70,14690.00,14679.30,14687.50,0,
11_06_2026_14_20,14686.70,14693.70,14683.30,14685.30,0,
11_06_2026_14_25,14685.50,14716.60,14685.00,14710.40,0,
11_06_2026_14_30,14710.80,14712.60,14699.00,14703.50,0,
11_06_2026_14_35,14704.30,14707.80,14684.00,14692.70,0,
11_06_2026_14_40,14692.90,14695.00,14684.00,14684.20,0,
11_06_2026_14_45,14685.30,14687.70,14662.40,14676.70,0,
11_06_2026_14_50,14676.40,14676.40,14666.00,14669.70,0,
11_06_2026_14_55,14670.00,14675.00,14664.80,14674.30,0,
11_06_2026_15_00,14675.10,14686.20,14651.30,14655.00,0,
11_06_2026_15_05,14654.70,14660.00,14648.00,14656.50,0,
11_06_2026_15_10,14656.20,14670.90,14651.90,14668.80,0,
11_06_2026_15_15,14668.30,14681.20,14663.10,14675.10,0,
11_06_2026_15_20,14674.20,14681.50,14669.30,14679.00,0,
11_06_2026_15_25,14678.60,14695.20,14675.90,14693.40,0,
12_06_2026_09_15,14847.00,14880.50,14832.20,14868.80,0,
12_06_2026_09_20,14869.20,14881.20,14868.00,14868.60,0,
12_06_2026_09_25,14869.00,14870.70,14850.40,14852.30,0,
12_06_2026_09_30,14853.30,14857.50,14837.00,14847.40,0,
12_06_2026_09_35,14847.20,14852.00,14838.90,14845.80,0,
12_06_2026_09_40,14845.30,14847.50,14821.90,14824.70,0,
12_06_2026_09_45,14824.50,14836.30,14815.40,14835.70,0,
12_06_2026_09_50,14836.00,14845.30,14820.80,14821.90,0,
12_06_2026_09_55,14822.70,14823.70,14806.80,14807.70,0,
12_06_2026_10_00,14808.20,14813.70,14801.60,14813.60,0,
12_06_2026_10_05,14814.00,14828.00,14813.40,14820.30,0,
12_06_2026_10_10,14820.00,14821.60,14814.00,14814.50,0,
12_06_2026_10_15,14815.30,14818.80,14803.00,14803.30,0,
12_06_2026_10_20,14804.20,14821.80,14799.30,14821.70,0,
12_06_2026_10_25,14821.80,14831.90,14816.20,14819.00,0,
12_06_2026_10_30,14818.50,14822.20,14811.10,14815.00,0,
12_06_2026_10_35,14814.80,14816.60,14810.30,14816.60,0,
12_06_2026_10_40,14817.00,14817.00,14806.20,14811.50,0,
12_06_2026_10_45,14811.30,14812.30,14793.70,14804.00,0,
12_06_2026_10_50,14804.30,14815.70,14800.20,14815.30,0,
12_06_2026_10_55,14815.70,14818.30,14813.00,14813.20,0,
12_06_2026_11_00,14813.40,14814.80,14808.30,14814.00,0,
12_06_2026_11_05,14814.20,14814.80,14807.70,14813.80,0,
12_06_2026_11_10,14813.80,14831.70,14810.50,14831.70,0,
12_06_2026_11_15,14831.80,14834.20,14817.50,14820.20,0,
12_06_2026_11_20,14820.20,14823.80,14813.80,14819.80,0,
12_06_2026_11_25,14820.00,14820.40,14804.90,14806.50,0,
12_06_2026_11_30,14807.10,14822.80,14806.40,14817.20,0,
12_06_2026_11_35,14817.20,14823.30,14813.80,14822.00,0,
12_06_2026_11_40,14822.50,14826.80,14819.00,14825.50,0,
12_06_2026_11_45,14825.80,14835.70,14821.80,14834.80,0,
12_06_2026_11_50,14835.00,14835.50,14825.60,14830.80,0,
12_06_2026_11_55,14830.90,14834.00,14824.80,14825.50,0,
12_06_2026_12_00,14825.20,14828.70,14822.10,14825.50,0,
12_06_2026_12_05,14826.00,14826.40,14816.00,14816.80,0,
12_06_2026_12_10,14817.20,14818.80,14803.00,14807.30,0,
12_06_2026_12_15,14807.50,14810.00,14800.10,14802.30,0,
12_06_2026_12_20,14802.50,14816.40,14801.70,14815.50,0,
12_06_2026_12_25,14815.90,14818.80,14814.00,14818.50,0,
12_06_2026_12_30,14818.60,14818.70,14805.50,14808.20,0,
12_06_2026_12_35,14809.00,14809.50,14795.70,14798.20,0,
12_06_2026_12_40,14798.50,14799.70,14782.20,14782.70,0,
12_06_2026_12_45,14783.00,14788.50,14779.00,14782.20,0,
12_06_2026_12_50,14782.80,14788.50,14780.80,14785.30,0,
12_06_2026_12_55,14786.20,14786.20,14777.30,14781.50,0,
12_06_2026_13_00,14782.00,14787.40,14779.90,14786.70,0,
12_06_2026_13_05,14787.00,14795.70,14786.60,14795.50,0,
12_06_2026_13_10,14795.30,14803.50,14789.50,14794.10,0,
12_06_2026_13_15,14793.80,14797.80,14791.50,14796.00,0,
12_06_2026_13_20,14796.00,14797.20,14784.20,14784.80,0,
12_06_2026_13_25,14785.00,14829.40,14781.60,14824.00,0,
12_06_2026_13_30,14823.80,14843.90,14822.60,14843.40,0,
12_06_2026_13_35,14843.20,14863.30,14841.50,14862.00,0,
12_06_2026_13_40,14862.80,14876.10,14862.20,14874.00,0,
12_06_2026_13_45,14874.00,14889.00,14869.30,14886.80,0,
12_06_2026_13_50,14887.20,14891.00,14873.50,14886.60,0,
12_06_2026_13_55,14887.00,14905.50,14886.20,14903.80,0,
12_06_2026_14_00,14904.30,14907.00,14895.50,14901.80,0,
12_06_2026_14_05,14901.70,14905.60,14896.30,14905.00,0,
12_06_2026_14_10,14905.20,14911.90,14896.60,14907.50,0,
12_06_2026_14_15,14907.00,14916.20,14907.00,14913.50,0,
12_06_2026_14_20,14913.50,14920.00,14907.70,14917.30,0,
12_06_2026_14_25,14917.50,14932.60,14916.30,14931.50,0,
12_06_2026_14_30,14931.80,14942.70,14931.00,14937.20,0,
12_06_2026_14_35,14938.20,14946.60,14927.10,14946.00,0,
12_06_2026_14_40,14946.30,14954.90,14942.50,14949.40,0,
12_06_2026_14_45,14950.00,14957.10,14947.40,14956.10,0,
12_06_2026_14_50,14956.50,14960.50,14952.00,14958.60,0,
12_06_2026_14_55,14959.00,14969.00,14957.00,14961.60,0,
12_06_2026_15_00,14961.70,14986.20,14950.80,14985.30,0,
12_06_2026_15_05,14984.80,14994.50,14982.40,14985.00,0,
12_06_2026_15_10,14985.20,14988.20,14977.60,14985.90,0,
12_06_2026_15_15,14985.70,14995.20,14979.70,14989.00,0,
12_06_2026_15_20,14989.20,14991.70,14981.30,14986.40,0,
12_06_2026_15_25,14987.20,14996.70,14986.40,14988.30,0,
15_06_2026_09_15,15229.30,15263.40,15224.70,15246.80,0,
15_06_2026_09_20,15247.00,15249.90,15231.50,15240.60,0,
15_06_2026_09_25,15240.30,15240.90,15225.80,15238.50,0,
15_06_2026_09_30,15238.20,15242.00,15226.90,15229.70,0,
15_06_2026_09_35,15230.80,15230.80,15219.80,15225.40,0,
15_06_2026_09_40,15225.50,15246.10,15225.50,15245.80,0,
15_06_2026_09_45,15246.20,15255.20,15244.70,15246.60,0,
15_06_2026_09_50,15245.80,15250.50,15239.50,15246.60,0,
15_06_2026_09_55,15247.70,15250.20,15241.00,15243.10,0,
15_06_2026_10_00,15243.80,15254.70,15241.40,15246.80,0,
15_06_2026_10_05,15247.00,15247.90,15236.20,15243.20,0,
15_06_2026_10_10,15243.70,15245.90,15234.00,15240.90,0,
15_06_2026_10_15,15240.90,15245.80,15236.10,15245.20,0,
15_06_2026_10_20,15246.00,15255.80,15243.00,15253.30,0,
15_06_2026_10_25,15255.00,15256.20,15248.90,15254.80,0,
15_06_2026_10_30,15255.70,15264.20,15255.50,15262.50,0,
15_06_2026_10_35,15262.50,15264.20,15256.50,15262.80,0,
15_06_2026_10_40,15263.60,15272.10,15262.10,15268.50,0,
15_06_2026_10_45,15269.70,15279.70,15266.20,15278.70,0,
15_06_2026_10_50,15279.00,15289.10,15278.40,15279.10,0,
15_06_2026_10_55,15280.70,15281.00,15274.50,15277.90,0,
15_06_2026_11_00,15278.40,15279.00,15265.30,15270.50,0,
15_06_2026_11_05,15270.80,15271.80,15264.20,15268.50,0,
15_06_2026_11_10,15269.20,15271.10,15261.30,15263.00,0,
15_06_2026_11_15,15263.60,15269.50,15261.80,15267.80,0,
15_06_2026_11_20,15268.60,15269.70,15264.30,15267.50,0,
15_06_2026_11_25,15267.40,15278.10,15267.20,15275.30,0,
15_06_2026_11_30,15275.50,15276.20,15266.50,15270.10,0,
15_06_2026_11_35,15269.30,15273.40,15267.70,15270.80,0,
15_06_2026_11_40,15271.20,15280.00,15270.50,15277.70,0,
15_06_2026_11_45,15278.00,15278.00,15271.30,15276.00,0,
15_06_2026_11_50,15276.30,15287.50,15274.90,15285.80,0,
15_06_2026_11_55,15286.50,15287.20,15279.20,15284.30,0,
15_06_2026_12_00,15284.20,15287.70,15279.20,15279.80,0,
15_06_2026_12_05,15280.80,15280.90,15266.50,15268.00,0,
15_06_2026_12_10,15268.50,15272.80,15265.00,15265.60,0,
15_06_2026_12_15,15265.50,15265.90,15249.00,15252.20,0,
15_06_2026_12_20,15252.30,15260.20,15248.00,15256.30,0,
15_06_2026_12_25,15257.00,15257.00,15245.20,15246.00,0,
15_06_2026_12_30,15245.80,15253.20,15245.80,15253.20,0,
15_06_2026_12_35,15254.10,15257.30,15248.20,15248.80,0,
15_06_2026_12_40,15249.00,15249.80,15242.20,15248.60,0,
15_06_2026_12_45,15248.90,15248.90,15241.80,15243.70,0,
15_06_2026_12_50,15244.00,15248.70,15240.50,15247.80,0,
15_06_2026_12_55,15248.00,15254.00,15247.00,15253.30,0,
15_06_2026_13_00,15254.30,15254.50,15249.60,15251.80,0,
15_06_2026_13_05,15251.70,15256.80,15247.30,15256.80,0,
15_06_2026_13_10,15257.70,15265.70,15257.00,15258.10,0,
15_06_2026_13_15,15258.20,15258.30,15248.50,15251.50,0,
15_06_2026_13_20,15251.30,15258.80,15250.00,15256.00,0,
15_06_2026_13_25,15256.30,15259.70,15253.20,15258.20,0,
15_06_2026_13_30,15258.50,15258.50,15252.70,15257.30,0,
15_06_2026_13_35,15257.00,15258.90,15249.50,15254.70,0,
15_06_2026_13_40,15255.00,15258.50,15246.80,15253.70,0,
15_06_2026_13_45,15253.90,15264.20,15252.40,15264.20,0,
15_06_2026_13_50,15264.40,15266.70,15247.80,15257.90,0,
15_06_2026_13_55,15257.60,15271.90,15255.00,15270.80,0,
15_06_2026_14_00,15270.90,15275.60,15267.60,15267.60,0,
15_06_2026_14_05,15267.90,15270.00,15263.80,15265.50,0,
15_06_2026_14_10,15265.70,15271.10,15263.40,15264.70,0,
15_06_2026_14_15,15265.20,15272.20,15259.70,15268.60,0,
15_06_2026_14_20,15269.00,15274.30,15263.50,15272.20,0,
15_06_2026_14_25,15273.20,15276.50,15270.50,15275.00,0,
15_06_2026_14_30,15275.00,15284.10,15274.00,15280.50,0,
15_06_2026_14_35,15280.50,15289.20,15280.50,15285.60,0,
15_06_2026_14_40,15285.70,15285.80,15270.20,15272.10,0,
15_06_2026_14_45,15272.70,15274.50,15266.00,15266.20,0,
15_06_2026_14_50,15266.20,15271.20,15253.70,15259.20,0,
15_06_2026_14_55,15259.70,15260.90,15253.30,15256.30,0,
15_06_2026_15_00,15256.20,15262.30,15226.50,15235.50,0,
15_06_2026_15_05,15235.00,15236.80,15217.50,15220.70,0,
15_06_2026_15_10,15222.00,15222.20,15198.40,15212.50,0,
15_06_2026_15_15,15213.40,15226.30,15212.70,15218.90,0,
15_06_2026_15_20,15219.90,15221.20,15212.70,15214.30,0,
15_06_2026_15_25,15213.90,15217.50,15203.90,15217.40,0,
16_06_2026_09_15,15268.30,15294.00,15248.40,15289.00,0,
16_06_2026_09_20,15289.40,15290.50,15267.50,15273.10,0,
16_06_2026_09_25,15273.80,15291.30,15273.30,15286.70,0,
16_06_2026_09_30,15287.00,15290.10,15273.80,15277.70,0,
16_06_2026_09_35,15277.20,15281.30,15267.50,15269.50,0,
16_06_2026_09_40,15269.20,15271.50,15256.10,15257.80,0,
16_06_2026_09_45,15258.20,15266.80,15253.90,15256.80,0,
16_06_2026_09_50,15257.10,15267.20,15245.70,15263.30,0,
16_06_2026_09_55,15264.30,15266.00,15258.30,15261.10,0,
16_06_2026_10_00,15262.20,15265.40,15244.40,15246.80,0,
16_06_2026_10_05,15247.30,15251.00,15237.80,15238.20,0,
16_06_2026_10_10,15237.80,15245.50,15235.20,15242.30,0,
16_06_2026_10_15,15242.30,15253.50,15242.30,15250.60,0,
16_06_2026_10_20,15250.00,15261.80,15249.80,15251.70,0,
16_06_2026_10_25,15251.30,15260.20,15247.30,15258.80,0,
16_06_2026_10_30,15258.20,15270.90,15256.90,15270.70,0,
16_06_2026_10_35,15270.80,15288.20,15270.20,15283.70,0,
16_06_2026_10_40,15284.00,15284.80,15274.30,15277.50,0,
16_06_2026_10_45,15277.10,15280.50,15275.00,15278.00,0,
16_06_2026_10_50,15278.10,15278.50,15269.50,15274.00,0,
16_06_2026_10_55,15274.00,15276.80,15264.50,15265.30,0,
16_06_2026_11_00,15265.50,15266.30,15251.50,15251.80,0,
16_06_2026_11_05,15252.00,15256.50,15243.90,15245.50,0,
16_06_2026_11_10,15245.00,15247.00,15239.30,15245.10,0,
16_06_2026_11_15,15244.80,15254.00,15242.90,15242.90,0,
16_06_2026_11_20,15242.80,15249.40,15240.80,15249.00,0,
16_06_2026_11_25,15248.70,15251.70,15239.60,15242.20,0,
16_06_2026_11_30,15242.10,15245.00,15235.00,15242.10,0,
16_06_2026_11_35,15242.80,15243.80,15231.80,15236.20,0,
16_06_2026_11_40,15236.20,15236.50,15228.00,15230.20,0,
16_06_2026_11_45,15230.20,15236.00,15229.40,15235.20,0,
16_06_2026_11_50,15235.00,15242.00,15234.80,15238.20,0,
16_06_2026_11_55,15237.50,15237.80,15226.30,15236.50,0,
16_06_2026_12_00,15236.00,15237.20,15221.80,15229.70,0,
16_06_2026_12_05,15229.80,15235.10,15228.70,15233.50,0,
16_06_2026_12_10,15232.60,15235.50,15229.40,15232.10,0,
16_06_2026_12_15,15231.70,15232.00,15219.60,15221.50,0,
16_06_2026_12_20,15221.10,15228.70,15214.50,15227.70,0,
16_06_2026_12_25,15226.80,15236.00,15226.20,15235.20,0,
16_06_2026_12_30,15235.50,15238.90,15230.30,15231.00,0,
16_06_2026_12_35,15230.70,15236.20,15229.10,15235.50,0,
16_06_2026_12_40,15235.20,15235.20,15221.00,15224.80,0,
16_06_2026_12_45,15225.60,15227.70,15222.80,15226.70,0,
16_06_2026_12_50,15227.40,15227.70,15217.30,15221.10,0,
16_06_2026_12_55,15221.60,15230.90,15219.40,15228.80,0,
16_06_2026_13_00,15228.70,15231.00,15223.20,15228.40,0,
16_06_2026_13_05,15228.20,15234.80,15227.50,15234.50,0,
16_06_2026_13_10,15234.50,15241.10,15234.30,15237.20,0,
16_06_2026_13_15,15237.50,15241.70,15234.30,15236.80,0,
16_06_2026_13_20,15237.10,15245.30,15234.00,15242.50,0,
16_06_2026_13_25,15242.30,15249.70,15241.30,15248.30,0,
16_06_2026_13_30,15248.50,15250.70,15244.70,15250.00,0,
16_06_2026_13_35,15249.80,15262.20,15249.50,15256.90,0,
16_06_2026_13_40,15256.20,15260.80,15254.00,15259.50,0,
16_06_2026_13_45,15259.30,15264.00,15256.80,15263.50,0,
16_06_2026_13_50,15263.90,15264.20,15254.70,15258.20,0,
16_06_2026_13_55,15258.20,15270.00,15258.00,15263.00,0,
16_06_2026_14_00,15263.20,15269.50,15262.80,15267.50,0,
16_06_2026_14_05,15267.60,15273.30,15267.00,15272.90,0,
16_06_2026_14_10,15273.00,15283.30,15272.70,15282.80,0,
16_06_2026_14_15,15282.80,15285.80,15281.50,15284.60,0,
16_06_2026_14_20,15284.30,15284.90,15271.50,15276.70,0,
16_06_2026_14_25,15277.00,15280.20,15272.70,15274.30,0,
16_06_2026_14_30,15274.20,15284.20,15273.70,15281.30,0,
16_06_2026_14_35,15281.00,15285.60,15276.80,15285.50,0,
16_06_2026_14_40,15285.60,15285.60,15266.80,15266.80,0,
16_06_2026_14_45,15267.00,15276.50,15265.30,15276.20,0,
16_06_2026_14_50,15276.80,15289.20,15274.20,15288.70,0,
16_06_2026_14_55,15288.50,15289.80,15278.90,15283.20,0,
16_06_2026_15_00,15282.50,15286.60,15278.60,15278.60,0,
16_06_2026_15_05,15278.50,15279.90,15275.30,15278.00,0,
16_06_2026_15_10,15278.00,15280.00,15274.80,15277.00,0,
16_06_2026_15_15,15277.30,15280.70,15274.20,15274.20,0,
16_06_2026_15_20,15273.80,15282.00,15273.40,15277.80,0,
16_06_2026_15_25,15278.50,15284.10,15275.10,15281.90,0,
17_06_2026_09_15,15300.70,15305.80,15249.20,15258.90,0,
17_06_2026_09_20,15260.40,15264.80,15250.50,15257.60,0,
17_06_2026_09_25,15257.40,15288.00,15256.20,15286.70,0,
17_06_2026_09_30,15287.50,15299.00,15286.80,15291.20,0,
17_06_2026_09_35,15290.80,15300.40,15284.20,15296.90,0,
17_06_2026_09_40,15296.70,15305.90,15289.50,15304.20,0,
17_06_2026_09_45,15304.00,15311.30,15299.70,15309.20,0,
17_06_2026_09_50,15309.30,15314.80,15304.90,15311.70,0,
17_06_2026_09_55,15312.80,15316.70,15307.50,15312.60,0,
17_06_2026_10_00,15313.30,15313.70,15299.60,15299.90,0,
17_06_2026_10_05,15300.80,15309.20,15294.30,15308.80,0,
17_06_2026_10_10,15309.80,15314.00,15306.00,15306.50,0,
17_06_2026_10_15,15307.80,15324.80,15306.40,15324.20,0,
17_06_2026_10_20,15324.30,15329.80,15323.10,15328.00,0,
17_06_2026_10_25,15328.80,15329.50,15312.50,15312.80,0,
17_06_2026_10_30,15312.80,15317.00,15307.80,15311.30,0,
17_06_2026_10_35,15311.20,15316.30,15309.60,15310.20,0,
17_06_2026_10_40,15310.30,15314.00,15307.20,15312.20,0,
17_06_2026_10_45,15312.90,15313.60,15305.70,15309.20,0,
17_06_2026_10_50,15310.00,15314.50,15308.00,15311.70,0,
17_06_2026_10_55,15311.90,15319.00,15307.20,15309.70,0,
17_06_2026_11_00,15311.00,15312.60,15305.20,15308.10,0,
17_06_2026_11_05,15309.00,15309.40,15303.50,15304.20,0,
17_06_2026_11_10,15305.00,15317.50,15302.20,15317.00,0,
17_06_2026_11_15,15317.30,15322.90,15315.50,15317.80,0,
17_06_2026_11_20,15317.80,15320.10,15313.00,15313.30,0,
17_06_2026_11_25,15313.50,15314.80,15308.70,15311.50,0,
17_06_2026_11_30,15312.00,15321.00,15308.50,15319.50,0,
17_06_2026_11_35,15320.00,15320.00,15304.80,15304.80,0,
17_06_2026_11_40,15305.50,15309.00,15298.80,15302.20,0,
17_06_2026_11_45,15303.30,15305.10,15295.40,15296.50,0,
17_06_2026_11_50,15296.80,15298.50,15293.70,15296.00,0,
17_06_2026_11_55,15296.30,15301.00,15288.90,15288.90,0,
17_06_2026_12_00,15289.70,15290.30,15280.50,15288.60,0,
17_06_2026_12_05,15289.10,15297.00,15287.70,15293.80,0,
17_06_2026_12_10,15294.20,15297.00,15293.20,15294.40,0,
17_06_2026_12_15,15294.50,15295.60,15285.90,15294.80,0,
17_06_2026_12_20,15295.30,15295.90,15289.80,15290.30,0,
17_06_2026_12_25,15290.30,15292.70,15284.20,15290.00,0,
17_06_2026_12_30,15290.80,15290.80,15283.00,15284.20,0,
17_06_2026_12_35,15284.80,15286.30,15278.00,15278.50,0,
17_06_2026_12_40,15278.70,15284.50,15277.00,15280.70,0,
17_06_2026_12_45,15280.90,15283.00,15279.50,15281.70,0,
17_06_2026_12_50,15281.90,15282.70,15272.20,15272.30,0,
17_06_2026_12_55,15272.10,15274.20,15267.20,15268.10,0,
17_06_2026_13_00,15267.80,15269.30,15262.90,15264.90,0,
17_06_2026_13_05,15264.70,15265.20,15247.70,15247.70,0,
17_06_2026_13_10,15248.70,15252.80,15246.00,15246.10,0,
17_06_2026_13_15,15246.60,15259.40,15243.20,15255.70,0,
17_06_2026_13_20,15256.50,15267.40,15255.70,15262.50,0,
17_06_2026_13_25,15262.80,15267.70,15261.90,15264.20,0,
17_06_2026_13_30,15264.80,15272.10,15263.50,15271.80,0,
17_06_2026_13_35,15272.20,15280.70,15268.80,15277.10,0,
17_06_2026_13_40,15277.80,15277.80,15271.30,15275.80,0,
17_06_2026_13_45,15275.60,15277.20,15263.70,15270.20,0,
17_06_2026_13_50,15270.00,15270.10,15248.70,15263.30,0,
17_06_2026_13_55,15264.00,15268.40,15258.00,15262.00,0,
17_06_2026_14_00,15262.90,15266.00,15251.80,15256.40,0,
17_06_2026_14_05,15257.00,15263.20,15251.80,15259.40,0,
17_06_2026_14_10,15259.90,15272.50,15258.20,15271.80,0,
17_06_2026_14_15,15272.60,15273.80,15267.80,15273.00,0,
17_06_2026_14_20,15272.90,15272.90,15266.10,15267.40,0,
17_06_2026_14_25,15267.90,15267.90,15258.70,15258.80,0,
17_06_2026_14_30,15258.50,15265.70,15255.50,15259.40,0,
17_06_2026_14_35,15259.50,15271.80,15258.80,15271.80,0,
17_06_2026_14_40,15271.80,15273.20,15270.30,15273.00,0,
17_06_2026_14_45,15273.30,15277.00,15271.20,15274.70,0,
17_06_2026_14_50,15275.80,15277.20,15268.00,15276.50,0,
17_06_2026_14_55,15277.10,15298.00,15275.00,15297.70,0,
17_06_2026_15_00,15297.50,15316.00,15295.00,15310.90,0,
17_06_2026_15_05,15311.50,15316.20,15308.50,15312.50,0,
17_06_2026_15_10,15313.30,15313.30,15305.80,15306.00,0,
17_06_2026_15_15,15306.20,15310.80,15303.00,15309.60,0,
17_06_2026_15_20,15309.50,15311.50,15305.30,15308.00,0,
17_06_2026_15_25,15307.70,15310.60,15302.80,15308.20,0,
18_06_2026_09_15,15340.80,15364.80,15311.50,15320.70,0,
18_06_2026_09_20,15320.80,15329.40,15316.20,15323.70,0,
18_06_2026_09_25,15324.80,15332.80,15322.00,15329.90,0,
18_06_2026_09_30,15330.10,15339.60,15321.20,15330.60,0,
18_06_2026_09_35,15331.00,15332.40,15319.20,15332.20,0,
18_06_2026_09_40,15332.00,15349.50,15332.00,15337.20,0,
18_06_2026_09_45,15338.20,15343.50,15331.70,15335.80,0,
18_06_2026_09_50,15336.70,15347.70,15335.50,15347.00,0,
18_06_2026_09_55,15347.50,15353.50,15342.00,15344.00,0,
18_06_2026_10_00,15344.90,15345.50,15335.50,15338.70,0,
18_06_2026_10_05,15340.00,15342.50,15337.80,15342.00,0,
18_06_2026_10_10,15343.00,15344.20,15331.90,15333.00,0,
18_06_2026_10_15,15333.50,15337.20,15326.00,15334.80,0,
18_06_2026_10_20,15334.50,15339.80,15331.80,15332.80,0,
18_06_2026_10_25,15332.30,15333.30,15320.10,15320.70,0,
18_06_2026_10_30,15321.90,15323.20,15315.70,15322.80,0,
18_06_2026_10_35,15323.20,15327.00,15304.00,15304.20,0,
18_06_2026_10_40,15304.80,15310.80,15291.80,15307.50,0,
18_06_2026_10_45,15307.30,15319.30,15306.10,15311.00,0,
18_06_2026_10_50,15311.50,15318.20,15307.60,15317.70,0,
18_06_2026_10_55,15318.20,15321.60,15311.80,15320.20,0,
18_06_2026_11_00,15320.30,15320.30,15309.80,15312.80,0,
18_06_2026_11_05,15313.20,15315.50,15307.30,15312.70,0,
18_06_2026_11_10,15312.80,15314.50,15302.30,15306.60,0,
18_06_2026_11_15,15307.30,15307.30,15295.60,15298.50,0,
18_06_2026_11_20,15299.40,15300.50,15289.80,15299.00,0,
18_06_2026_11_25,15298.70,15304.00,15296.70,15302.00,0,
18_06_2026_11_30,15302.60,15312.80,15299.50,15312.20,0,
18_06_2026_11_35,15312.50,15314.20,15303.80,15308.90,0,
18_06_2026_11_40,15309.60,15314.20,15305.30,15312.00,0,
18_06_2026_11_45,15313.00,15319.10,15309.70,15311.80,0,
18_06_2026_11_50,15312.80,15312.80,15302.80,15310.50,0,
18_06_2026_11_55,15309.80,15317.00,15309.80,15315.20,0,
18_06_2026_12_00,15315.70,15320.70,15314.00,15315.80,0,
18_06_2026_12_05,15315.20,15321.30,15314.30,15318.80,0,
18_06_2026_12_10,15319.30,15319.30,15313.00,15314.30,0,
18_06_2026_12_15,15314.40,15325.40,15312.40,15323.50,0,
18_06_2026_12_20,15324.50,15326.00,15319.20,15324.00,0,
18_06_2026_12_25,15324.30,15339.80,15322.20,15339.80,0,
18_06_2026_12_30,15340.30,15351.20,15337.40,15348.50,0,
18_06_2026_12_35,15348.70,15350.70,15338.50,15344.20,0,
18_06_2026_12_40,15344.50,15349.60,15343.00,15343.70,0,
18_06_2026_12_45,15344.20,15345.20,15338.60,15341.40,0,
18_06_2026_12_50,15341.50,15344.60,15339.10,15342.30,0,
18_06_2026_12_55,15342.50,15349.80,15342.20,15348.70,0,
18_06_2026_13_00,15348.80,15351.50,15344.00,15349.60,0,
18_06_2026_13_05,15349.80,15352.80,15344.50,15349.50,0,
18_06_2026_13_10,15349.30,15350.80,15345.20,15347.80,0,
18_06_2026_13_15,15349.00,15353.60,15338.50,15339.00,0,
18_06_2026_13_20,15339.60,15340.30,15336.50,15337.20,0,
18_06_2026_13_25,15338.10,15342.30,15328.90,15341.50,0,
18_06_2026_13_30,15341.80,15348.50,15337.70,15345.00,0,
18_06_2026_13_35,15345.10,15346.00,15342.00,15344.00,0,
18_06_2026_13_40,15344.50,15344.70,15337.70,15340.50,0,
18_06_2026_13_45,15340.80,15342.70,15336.30,15338.80,0,
18_06_2026_13_50,15338.50,15340.80,15337.10,15339.50,0,
18_06_2026_13_55,15339.50,15341.50,15337.20,15337.80,0,
18_06_2026_14_00,15337.80,15341.20,15336.40,15338.40,0,
18_06_2026_14_05,15338.70,15339.80,15328.10,15329.30,0,
18_06_2026_14_10,15329.70,15334.80,15329.00,15334.00,0,
18_06_2026_14_15,15334.40,15335.50,15327.80,15329.10,0,
18_06_2026_14_20,15330.00,15339.80,15327.40,15339.30,0,
18_06_2026_14_25,15340.20,15343.80,15331.80,15334.50,0,
18_06_2026_14_30,15334.70,15339.20,15325.50,15339.00,0,
18_06_2026_14_35,15338.90,15347.50,15334.70,15337.80,0,
18_06_2026_14_40,15337.90,15340.50,15332.70,15337.20,0,
18_06_2026_14_45,15337.40,15339.80,15328.50,15330.10,0,
18_06_2026_14_50,15330.20,15341.10,15327.20,15337.90,0,
18_06_2026_14_55,15338.20,15357.30,15335.80,15357.00,0,
18_06_2026_15_00,15357.80,15377.90,15352.00,15375.20,0,
18_06_2026_15_05,15375.20,15393.10,15373.80,15392.20,0,
18_06_2026_15_10,15392.10,15395.80,15383.70,15392.20,0,
18_06_2026_15_15,15392.30,15394.70,15390.50,15391.50,0,
18_06_2026_15_20,15391.60,15394.50,15387.50,15392.00,0,
18_06_2026_15_25,15391.50,15392.70,15379.20,15381.80,0,
19_06_2026_09_15,15347.30,15352.10,15321.70,15342.00,0,
19_06_2026_09_20,15341.90,15349.80,15337.20,15343.30,0,
19_06_2026_09_25,15344.50,15352.50,15336.20,15349.40,0,
19_06_2026_09_30,15349.70,15349.70,15334.80,15336.50,0,
19_06_2026_09_35,15336.40,15349.00,15332.20,15344.80,0,
19_06_2026_09_40,15345.30,15357.20,15345.30,15350.20,0,
19_06_2026_09_45,15350.80,15355.20,15345.00,15353.20,0,
19_06_2026_09_50,15354.10,15363.10,15347.50,15362.30,0,
19_06_2026_09_55,15362.20,15365.50,15358.60,15362.80,0,
19_06_2026_10_00,15363.00,15363.50,15344.80,15352.60,0,
19_06_2026_10_05,15352.70,15370.80,15351.10,15370.00,0,
19_06_2026_10_10,15370.20,15386.00,15367.00,15384.60,0,
19_06_2026_10_15,15384.50,15384.80,15371.80,15373.50,0,
19_06_2026_10_20,15373.50,15376.00,15363.00,15365.70,0,
19_06_2026_10_25,15365.30,15369.60,15353.90,15354.60,0,
19_06_2026_10_30,15354.00,15358.20,15341.80,15347.00,0,
19_06_2026_10_35,15346.80,15353.80,15344.20,15353.00,0,
19_06_2026_10_40,15353.80,15361.00,15350.20,15359.80,0,
19_06_2026_10_45,15360.20,15360.80,15348.70,15349.40,0,
19_06_2026_10_50,15349.50,15350.80,15335.80,15339.80,0,
19_06_2026_10_55,15340.70,15344.20,15337.80,15342.70,0,
19_06_2026_11_00,15342.60,15353.10,15339.60,15348.50,0,
19_06_2026_11_05,15347.80,15350.20,15342.20,15350.00,0,
19_06_2026_11_10,15349.80,15359.30,15349.80,15356.00,0,
19_06_2026_11_15,15356.10,15358.00,15348.40,15356.40,0,
19_06_2026_11_20,15356.30,15356.80,15350.70,15351.70,0,
19_06_2026_11_25,15351.70,15351.70,15342.90,15347.50,0,
19_06_2026_11_30,15347.30,15357.70,15343.40,15356.60,0,
19_06_2026_11_35,15356.50,15359.50,15344.50,15344.80,0,
19_06_2026_11_40,15345.30,15348.30,15341.50,15343.50,0,
19_06_2026_11_45,15343.70,15343.70,15335.70,15337.50,0,
19_06_2026_11_50,15337.70,15341.00,15333.70,15334.20,0,
19_06_2026_11_55,15334.30,15339.50,15331.40,15339.30,0,
19_06_2026_12_00,15339.50,15348.00,15339.00,15339.80,0,
19_06_2026_12_05,15340.40,15341.00,15334.00,15334.90,0,
19_06_2026_12_10,15334.80,15338.50,15333.20,15337.50,0,
19_06_2026_12_15,15337.00,15338.80,15332.00,15334.70,0,
19_06_2026_12_20,15334.80,15341.50,15334.60,15334.60,0,
19_06_2026_12_25,15334.80,15339.00,15333.20,15336.60,0,
19_06_2026_12_30,15336.70,15337.00,15330.80,15333.20,0,
19_06_2026_12_35,15332.70,15334.00,15329.30,15332.70,0,
19_06_2026_12_40,15332.60,15332.80,15306.20,15320.20,0,
19_06_2026_12_45,15320.70,15328.20,15319.00,15323.50,0,
19_06_2026_12_50,15323.60,15325.30,15318.70,15320.10,0,
19_06_2026_12_55,15320.20,15320.90,15308.00,15313.50,0,
19_06_2026_13_00,15312.80,15313.50,15291.50,15292.10,0,
19_06_2026_13_05,15291.80,15300.60,15288.70,15299.50,0,
19_06_2026_13_10,15299.40,15305.30,15296.30,15304.50,0,
19_06_2026_13_15,15304.20,15306.50,15299.80,15301.00,0,
19_06_2026_13_20,15300.50,15302.40,15293.30,15294.30,0,
19_06_2026_13_25,15294.20,15299.90,15291.50,15298.50,0,
19_06_2026_13_30,15298.70,15301.70,15295.20,15301.70,0,
19_06_2026_13_35,15301.70,15304.60,15298.40,15304.60,0,
19_06_2026_13_40,15304.00,15313.30,15303.80,15312.70,0,
19_06_2026_13_45,15312.70,15317.50,15309.80,15317.20,0,
19_06_2026_13_50,15317.70,15318.80,15307.00,15308.80,0,
19_06_2026_13_55,15308.30,15315.00,15307.50,15315.00,0,
19_06_2026_14_00,15314.30,15321.40,15310.30,15321.30,0,
19_06_2026_14_05,15320.80,15328.70,15319.00,15324.70,0,
19_06_2026_14_10,15324.50,15333.00,15322.80,15332.70,0,
19_06_2026_14_15,15332.20,15343.00,15331.20,15341.50,0,
19_06_2026_14_20,15340.70,15342.80,15329.50,15330.70,0,
19_06_2026_14_25,15330.80,15335.50,15323.70,15330.90,0,
19_06_2026_14_30,15331.50,15338.80,15330.80,15338.00,0,
19_06_2026_14_35,15338.00,15345.30,15335.90,15337.50,0,
19_06_2026_14_40,15337.80,15339.10,15331.00,15335.10,0,
19_06_2026_14_45,15335.20,15335.80,15328.50,15333.00,0,
19_06_2026_14_50,15331.70,15332.70,15294.00,15298.20,0,
19_06_2026_14_55,15299.00,15299.20,15282.00,15287.50,0,
19_06_2026_15_00,15284.50,15350.50,15279.40,15349.20,0,
19_06_2026_15_05,15349.20,15364.10,15349.20,15361.70,0,
19_06_2026_15_10,15362.10,15373.20,15362.00,15367.70,0,
19_06_2026_15_15,15367.20,15372.90,15357.50,15372.50,0,
19_06_2026_15_20,15372.90,15379.00,15371.00,15378.50,0,
19_06_2026_15_25,15378.50,15385.70,15375.80,15385.00,0,
22_06_2026_09_15,15415.80,15427.30,15386.70,15409.80,0,
22_06_2026_09_20,15410.00,15415.00,15390.60,15391.10,0,
22_06_2026_09_25,15391.80,15393.50,15382.20,15387.30,0,
22_06_2026_09_30,15389.10,15392.00,15380.00,15386.80,0,
22_06_2026_09_35,15386.90,15388.20,15374.30,15382.50,0,
22_06_2026_09_40,15383.10,15389.30,15379.70,15380.70,0,
22_06_2026_09_45,15380.30,15384.50,15376.70,15380.70,0,
22_06_2026_09_50,15380.80,15389.00,15378.80,15384.60,0,
22_06_2026_09_55,15384.60,15398.30,15382.70,15397.70,0,
22_06_2026_10_00,15397.80,15408.90,15397.80,15400.60,0,
22_06_2026_10_05,15399.80,15409.80,15396.00,15409.80,0,
22_06_2026_10_10,15410.20,15414.00,15405.20,15408.80,0,
22_06_2026_10_15,15409.40,15411.80,15402.90,15406.70,0,
22_06_2026_10_20,15407.70,15409.10,15404.00,15404.00,0,
22_06_2026_10_25,15405.50,15410.00,15402.20,15407.50,0,
22_06_2026_10_30,15407.50,15410.00,15401.50,15401.80,0,
22_06_2026_10_35,15402.00,15414.30,15401.00,15414.00,0,
22_06_2026_10_40,15413.60,15421.70,15413.50,15420.10,0,
22_06_2026_10_45,15420.00,15425.20,15411.90,15412.80,0,
22_06_2026_10_50,15413.30,15419.40,15412.30,15417.00,0,
22_06_2026_10_55,15416.50,15418.90,15414.00,15416.00,0,
22_06_2026_11_00,15417.00,15419.00,15413.80,15414.70,0,
22_06_2026_11_05,15416.00,15418.00,15412.30,15416.80,0,
22_06_2026_11_10,15418.10,15419.00,15411.10,15414.90,0,
22_06_2026_11_15,15415.50,15419.60,15414.50,15417.90,0,
22_06_2026_11_20,15417.70,15419.10,15411.90,15416.20,0,
22_06_2026_11_25,15416.20,15419.50,15414.80,15415.80,0,
22_06_2026_11_30,15415.90,15420.20,15415.60,15419.40,0,
22_06_2026_11_35,15419.60,15423.20,15417.50,15419.20,0,
22_06_2026_11_40,15418.70,15419.30,15409.50,15410.00,0,
22_06_2026_11_45,15410.40,15413.50,15409.70,15411.50,0,
22_06_2026_11_50,15412.00,15414.50,15405.50,15406.20,0,
22_06_2026_11_55,15406.70,15411.50,15403.30,15410.90,0,
22_06_2026_12_00,15411.90,15412.60,15402.50,15404.10,0,
22_06_2026_12_05,15404.20,15404.50,15399.00,15401.00,0,
22_06_2026_12_10,15401.00,15402.50,15396.80,15398.00,0,
22_06_2026_12_15,15397.50,15407.00,15397.50,15405.20,0,
22_06_2026_12_20,15405.00,15409.20,15403.50,15406.00,0,
22_06_2026_12_25,15406.10,15406.50,15397.50,15401.50,0,
22_06_2026_12_30,15401.50,15406.90,15398.50,15405.70,0,
22_06_2026_12_35,15406.50,15407.00,15399.00,15400.40,0,
22_06_2026_12_40,15400.30,15401.50,15397.00,15398.90,0,
22_06_2026_12_45,15398.80,15399.30,15392.90,15395.30,0,
22_06_2026_12_50,15396.40,15399.20,15395.00,15398.70,0,
22_06_2026_12_55,15398.70,15401.20,15397.00,15400.50,0,
22_06_2026_13_00,15400.30,15402.40,15397.60,15399.30,0,
22_06_2026_13_05,15399.00,15403.20,15397.20,15400.10,0,
22_06_2026_13_10,15399.90,15400.50,15391.00,15394.00,0,
22_06_2026_13_15,15394.60,15399.20,15393.00,15397.20,0,
22_06_2026_13_20,15397.20,15398.60,15393.20,15398.50,0,
22_06_2026_13_25,15399.00,15399.20,15392.80,15394.60,0,
22_06_2026_13_30,15395.30,15399.30,15393.50,15396.10,0,
22_06_2026_13_35,15396.20,15397.40,15390.70,15391.80,0,
22_06_2026_13_40,15391.80,15395.00,15381.50,15392.70,0,
22_06_2026_13_45,15392.60,15396.20,15390.90,15394.30,0,
22_06_2026_13_50,15393.80,15397.40,15392.70,15396.80,0,
22_06_2026_13_55,15397.30,15400.40,15392.30,15394.50,0,
22_06_2026_14_00,15395.40,15397.10,15392.00,15393.20,0,
22_06_2026_14_05,15393.40,15395.50,15390.50,15391.40,0,
22_06_2026_14_10,15392.50,15397.00,15390.50,15390.80,0,
22_06_2026_14_15,15391.60,15394.40,15387.80,15393.20,0,
22_06_2026_14_20,15393.40,15395.80,15391.80,15393.70,0,
22_06_2026_14_25,15393.70,15400.80,15392.70,15399.90,0,
22_06_2026_14_30,15400.20,15403.00,15392.00,15397.50,0,
22_06_2026_14_35,15397.30,15405.20,15396.70,15400.90,0,
22_06_2026_14_40,15401.20,15406.80,15400.30,15403.60,0,
22_06_2026_14_45,15404.80,15412.70,15403.30,15412.20,0,
22_06_2026_14_50,15413.20,15415.00,15406.70,15409.30,0,
22_06_2026_14_55,15410.30,15411.10,15404.10,15405.30,0,
22_06_2026_15_00,15408.40,15414.70,15403.80,15411.10,0,
22_06_2026_15_05,15411.30,15413.50,15407.80,15409.50,0,
22_06_2026_15_10,15409.50,15411.00,15406.00,15406.30,0,
22_06_2026_15_15,15406.20,15408.80,15401.60,15403.10,0,
22_06_2026_15_20,15403.80,15404.50,15390.80,15391.70,0,
22_06_2026_15_25,15391.80,15398.30,15386.80,15393.60,0,
23_06_2026_09_15,15396.10,15404.00,15374.20,15399.70,0,
23_06_2026_09_20,15398.50,15410.00,15398.20,15406.80,0,
23_06_2026_09_25,15406.00,15414.40,15406.00,15410.80,0,
23_06_2026_09_30,15410.80,15418.20,15409.00,15413.20,0,
23_06_2026_09_35,15413.30,15420.50,15410.10,15415.30,0,
23_06_2026_09_40,15415.80,15422.10,15411.00,15413.20,0,
23_06_2026_09_45,15412.90,15423.50,15411.80,15423.00,0,
23_06_2026_09_50,15423.50,15430.80,15414.60,15416.80,0,
23_06_2026_09_55,15417.20,15418.10,15413.10,15415.20,0,
23_06_2026_10_00,15415.50,15419.20,15405.20,15407.90,0,
23_06_2026_10_05,15408.10,15408.50,15399.50,15404.50,0,
23_06_2026_10_10,15405.10,15409.30,15400.70,15401.50,0,
23_06_2026_10_15,15401.30,15403.00,15397.20,15400.00,0,
23_06_2026_10_20,15400.00,15400.50,15387.50,15388.60,0,
23_06_2026_10_25,15389.00,15389.00,15380.60,15382.50,0,
23_06_2026_10_30,15383.10,15384.30,15377.50,15383.80,0,
23_06_2026_10_35,15384.50,15394.00,15383.20,15387.90,0,
23_06_2026_10_40,15388.70,15392.10,15380.40,15380.80,0,
23_06_2026_10_45,15381.20,15381.20,15371.20,15374.80,0,
23_06_2026_10_50,15375.50,15378.70,15371.10,15373.00,0,
23_06_2026_10_55,15373.50,15374.80,15370.80,15374.40,0,
23_06_2026_11_00,15374.30,15374.60,15366.70,15371.80,0,
23_06_2026_11_05,15371.80,15380.30,15370.40,15379.30,0,
23_06_2026_11_10,15380.00,15384.50,15377.80,15384.20,0,
23_06_2026_11_15,15384.40,15400.20,15383.30,15398.20,0,
23_06_2026_11_20,15398.20,15398.90,15391.80,15396.50,0,
23_06_2026_11_25,15396.90,15399.80,15393.90,15395.30,0,
23_06_2026_11_30,15396.10,15396.80,15387.80,15389.00,0,
23_06_2026_11_35,15389.50,15390.20,15382.80,15384.00,0,
23_06_2026_11_40,15384.20,15384.30,15373.70,15375.60,0,
23_06_2026_11_45,15375.50,15375.60,15334.90,15336.10,0,
23_06_2026_11_50,15336.00,15343.00,15331.40,15332.30,0,
23_06_2026_11_55,15333.50,15334.80,15304.30,15310.80,0,
23_06_2026_12_00,15311.30,15322.20,15305.00,15310.50,0,
23_06_2026_12_05,15310.80,15312.70,15300.50,15307.80,0,
23_06_2026_12_10,15307.80,15307.80,15296.30,15302.10,0,
23_06_2026_12_15,15302.50,15309.20,15300.00,15303.20,0,
23_06_2026_12_20,15303.80,15304.10,15277.40,15283.70,0,
23_06_2026_12_25,15284.30,15304.80,15284.20,15300.00,0,
23_06_2026_12_30,15299.90,15301.20,15289.50,15292.00,0,
23_06_2026_12_35,15292.00,15305.50,15290.70,15302.50,0,
23_06_2026_12_40,15302.50,15303.50,15297.80,15298.00,0,
23_06_2026_12_45,15298.20,15301.30,15283.30,15284.80,0,
23_06_2026_12_50,15285.40,15286.70,15274.50,15276.30,0,
23_06_2026_12_55,15276.20,15278.30,15270.60,15275.90,0,
23_06_2026_13_00,15275.80,15276.00,15261.70,15269.20,0,
23_06_2026_13_05,15269.10,15283.80,15268.50,15282.80,0,
23_06_2026_13_10,15282.80,15285.20,15278.10,15278.10,0,
23_06_2026_13_15,15278.00,15279.20,15266.90,15276.80,0,
23_06_2026_13_20,15277.40,15282.80,15276.70,15278.20,0,
23_06_2026_13_25,15278.30,15278.50,15265.60,15268.80,0,
23_06_2026_13_30,15268.80,15269.80,15250.00,15250.40,0,
23_06_2026_13_35,15251.00,15258.80,15248.20,15255.60,0,
23_06_2026_13_40,15255.60,15268.10,15255.40,15267.20,0,
23_06_2026_13_45,15267.30,15277.50,15264.60,15275.60,0,
23_06_2026_13_50,15275.50,15275.70,15257.80,15262.50,0,
23_06_2026_13_55,15262.80,15264.70,15256.40,15258.60,0,
23_06_2026_14_00,15259.20,15273.80,15254.20,15273.80,0,
23_06_2026_14_05,15274.20,15277.80,15262.20,15269.00,0,
23_06_2026_14_10,15269.30,15289.80,15268.40,15286.20,0,
23_06_2026_14_15,15286.30,15288.90,15278.00,15278.40,0,
23_06_2026_14_20,15278.10,15294.70,15275.00,15294.00,0,
23_06_2026_14_25,15294.70,15300.80,15291.90,15296.40,0,
23_06_2026_14_30,15297.20,15299.10,15289.80,15295.20,0,
23_06_2026_14_35,15295.20,15296.20,15289.20,15291.20,0,
23_06_2026_14_40,15291.50,15314.80,15283.50,15313.20,0,
23_06_2026_14_45,15313.00,15317.20,15303.30,15311.80,0,
23_06_2026_14_50,15312.10,15318.00,15307.20,15316.30,0,
23_06_2026_14_55,15317.00,15327.70,15309.70,15314.20,0,
23_06_2026_15_00,15315.60,15320.00,15249.40,15260.20,0,
23_06_2026_15_05,15260.10,15278.80,15260.00,15268.40,0,
23_06_2026_15_10,15268.30,15273.50,15262.70,15263.50,0,
23_06_2026_15_15,15263.20,15264.70,15248.20,15252.90,0,
23_06_2026_15_20,15253.80,15255.70,15247.90,15249.80,0,
23_06_2026_15_25,15249.90,15252.60,15241.50,15249.30,0,
24_06_2026_09_15,15243.70,15260.30,15223.50,15233.00,0,
24_06_2026_09_20,15234.10,15259.20,15230.00,15244.80,0,
24_06_2026_09_25,15245.50,15251.90,15240.30,15249.40,0,
24_06_2026_09_30,15250.30,15252.50,15232.60,15234.40,0,
24_06_2026_09_35,15235.00,15244.50,15215.00,15225.50,0,
24_06_2026_09_40,15226.60,15231.70,15204.40,15205.80,0,
24_06_2026_09_45,15205.80,15208.00,15168.70,15168.80,0,
24_06_2026_09_50,15168.70,15181.40,15166.00,15180.80,0,
24_06_2026_09_55,15180.80,15197.40,15180.80,15185.00,0,
24_06_2026_10_00,15184.50,15227.40,15184.50,15221.80,0,
24_06_2026_10_05,15221.70,15233.00,15216.40,15232.10,0,
24_06_2026_10_10,15232.50,15236.70,15228.80,15233.20,0,
24_06_2026_10_15,15233.20,15240.60,15231.00,15231.00,0,
24_06_2026_10_20,15231.80,15245.50,15231.20,15244.80,0,
24_06_2026_10_25,15245.00,15254.00,15241.90,15243.50,0,
24_06_2026_10_30,15243.90,15249.50,15233.60,15240.60,0,
24_06_2026_10_35,15240.80,15241.70,15228.70,15230.00,0,
24_06_2026_10_40,15230.20,15239.00,15229.50,15230.20,0,
24_06_2026_10_45,15230.50,15249.60,15229.90,15242.80,0,
24_06_2026_10_50,15242.80,15248.00,15237.80,15238.00,0,
24_06_2026_10_55,15238.80,15249.90,15237.50,15245.20,0,
24_06_2026_11_00,15245.70,15253.50,15245.10,15247.70,0,
24_06_2026_11_05,15248.40,15261.80,15245.80,15261.70,0,
24_06_2026_11_10,15262.00,15265.90,15259.20,15263.50,0,
24_06_2026_11_15,15263.70,15263.70,15249.50,15252.10,0,
24_06_2026_11_20,15252.80,15261.20,15250.40,15258.80,0,
24_06_2026_11_25,15258.70,15261.10,15256.10,15257.80,0,
24_06_2026_11_30,15257.80,15260.00,15247.10,15259.10,0,
24_06_2026_11_35,15259.80,15265.00,15254.50,15264.50,0,
24_06_2026_11_40,15264.00,15273.20,15262.00,15273.00,0,
24_06_2026_11_45,15272.90,15276.70,15269.30,15273.80,0,
24_06_2026_11_50,15274.30,15274.70,15267.80,15268.50,0,
24_06_2026_11_55,15269.60,15274.60,15265.50,15266.10,0,
24_06_2026_12_00,15267.20,15271.20,15264.20,15268.30,0,
24_06_2026_12_05,15268.80,15273.80,15263.30,15263.50,0,
24_06_2026_12_10,15263.00,15266.00,15259.70,15260.30,0,
24_06_2026_12_15,15260.50,15270.20,15259.40,15268.50,0,
24_06_2026_12_20,15268.20,15275.00,15267.50,15274.90,0,
24_06_2026_12_25,15274.60,15279.30,15272.20,15276.20,0,
24_06_2026_12_30,15276.60,15278.70,15264.00,15271.30,0,
24_06_2026_12_35,15271.60,15273.70,15265.50,15270.50,0,
24_06_2026_12_40,15271.20,15273.80,15267.00,15273.70,0,
24_06_2026_12_45,15274.30,15274.80,15269.70,15271.20,0,
24_06_2026_12_50,15272.00,15286.80,15271.70,15284.80,0,
24_06_2026_12_55,15285.00,15289.00,15280.70,15285.70,0,
24_06_2026_13_00,15285.80,15290.80,15283.50,15287.00,0,
24_06_2026_13_05,15286.80,15292.80,15280.70,15292.40,0,
24_06_2026_13_10,15292.50,15299.00,15291.60,15298.20,0,
24_06_2026_13_15,15298.50,15309.50,15297.50,15307.20,0,
24_06_2026_13_20,15308.00,15315.30,15306.20,15306.70,0,
24_06_2026_13_25,15307.50,15315.10,15306.50,15314.00,0,
24_06_2026_13_30,15314.60,15326.30,15310.90,15325.50,0,
24_06_2026_13_35,15326.00,15340.30,15325.70,15330.20,0,
24_06_2026_13_40,15330.80,15332.50,15325.70,15330.50,0,
24_06_2026_13_45,15330.70,15336.50,15327.40,15327.90,0,
24_06_2026_13_50,15328.50,15330.00,15324.00,15324.70,0,
24_06_2026_13_55,15324.60,15326.00,15318.00,15322.80,0,
24_06_2026_14_00,15322.40,15323.50,15310.80,15314.20,0,
24_06_2026_14_05,15314.80,15317.20,15306.80,15313.30,0,
24_06_2026_14_10,15313.40,15323.00,15312.20,15316.80,0,
24_06_2026_14_15,15316.80,15318.10,15311.10,15316.00,0,
24_06_2026_14_20,15316.20,15316.50,15303.30,15308.50,0,
24_06_2026_14_25,15309.10,15310.90,15305.20,15306.50,0,
24_06_2026_14_30,15307.50,15308.40,15298.90,15307.20,0,
24_06_2026_14_35,15307.00,15308.80,15295.50,15295.80,0,
24_06_2026_14_40,15296.50,15309.20,15295.20,15300.90,0,
24_06_2026_14_45,15301.00,15302.20,15285.40,15288.30,0,
24_06_2026_14_50,15288.50,15302.70,15288.50,15298.70,0,
24_06_2026_14_55,15298.80,15305.80,15290.00,15296.90,0,
24_06_2026_15_00,15298.30,15298.70,15274.50,15288.00,0,
24_06_2026_15_05,15289.00,15289.40,15278.80,15284.60,0,
24_06_2026_15_10,15284.80,15284.80,15267.20,15269.00,0,
24_06_2026_15_15,15268.80,15281.50,15263.90,15265.00,0,
24_06_2026_15_20,15264.80,15268.60,15262.00,15266.70,0,
24_06_2026_15_25,15266.10,15275.90,15262.80,15270.50,0,
25_06_2026_09_15,15345.70,15386.80,15342.60,15384.50,0,
25_06_2026_09_20,15385.70,15402.70,15383.30,15394.50,0,
25_06_2026_09_25,15395.70,15405.30,15393.20,15404.00,0,
25_06_2026_09_30,15404.50,15411.20,15398.00,15406.00,0,
25_06_2026_09_35,15405.30,15408.80,15397.80,15403.60,0,
25_06_2026_09_40,15405.00,15405.00,15390.80,15398.20,0,
25_06_2026_09_45,15398.00,15411.70,15397.10,15407.70,0,
25_06_2026_09_50,15408.10,15417.80,15405.20,15408.10,0,
25_06_2026_09_55,15409.20,15415.30,15407.80,15409.20,0,
25_06_2026_10_00,15409.10,15410.30,15398.00,15399.20,0,
25_06_2026_10_05,15399.50,15402.40,15386.10,15396.50,0,
25_06_2026_10_10,15396.80,15408.00,15395.90,15406.40,0,
25_06_2026_10_15,15407.30,15414.90,15403.00,15412.70,0,
25_06_2026_10_20,15413.40,15414.20,15408.70,15410.80,0,
25_06_2026_10_25,15411.70,15411.70,15401.70,15407.60,0,
25_06_2026_10_30,15408.70,15413.20,15402.20,15403.80,0,
25_06_2026_10_35,15405.10,15409.80,15401.80,15403.80,0,
25_06_2026_10_40,15404.50,15416.50,15402.80,15416.10,0,
25_06_2026_10_45,15416.20,15432.20,15415.30,15430.70,0,
25_06_2026_10_50,15431.80,15431.80,15421.80,15422.10,0,
25_06_2026_10_55,15423.20,15433.70,15422.00,15432.50,0,
25_06_2026_11_00,15433.00,15433.80,15423.10,15427.50,0,
25_06_2026_11_05,15428.10,15431.70,15424.50,15430.40,0,
25_06_2026_11_10,15430.80,15436.80,15428.70,15434.30,0,
25_06_2026_11_15,15435.00,15441.00,15434.00,15438.70,0,
25_06_2026_11_20,15438.00,15443.30,15436.30,15438.50,0,
25_06_2026_11_25,15438.00,15441.90,15436.20,15438.20,0,
25_06_2026_11_30,15438.50,15439.60,15431.20,15432.50,0,
25_06_2026_11_35,15432.60,15436.70,15429.20,15436.10,0,
25_06_2026_11_40,15436.00,15437.40,15428.50,15430.00,0,
25_06_2026_11_45,15430.20,15432.80,15427.50,15432.40,0,
25_06_2026_11_50,15433.30,15435.80,15429.00,15431.90,0,
25_06_2026_11_55,15432.20,15445.90,15431.40,15439.50,0,
25_06_2026_12_00,15440.50,15443.50,15437.00,15442.20,0,
25_06_2026_12_05,15442.20,15442.90,15438.20,15440.60,0,
25_06_2026_12_10,15441.80,15445.40,15437.50,15441.50,0,
25_06_2026_12_15,15442.20,15444.00,15439.80,15444.00,0,
25_06_2026_12_20,15444.30,15448.50,15432.70,15434.90,0,
25_06_2026_12_25,15435.50,15436.80,15417.80,15421.00,0,
25_06_2026_12_30,15421.80,15424.00,15408.70,15417.80,0,
25_06_2026_12_35,15418.80,15426.50,15416.60,15425.70,0,
25_06_2026_12_40,15427.20,15427.20,15413.20,15414.30,0,
25_06_2026_12_45,15415.60,15415.60,15407.20,15411.70,0,
25_06_2026_12_50,15412.50,15417.80,15409.80,15416.20,0,
25_06_2026_12_55,15416.20,15418.50,15412.70,15416.30,0,
25_06_2026_13_00,15416.70,15424.50,15410.20,15421.50,0,
25_06_2026_13_05,15421.20,15423.80,15414.30,15415.80,0,
25_06_2026_13_10,15415.70,15419.80,15402.90,15403.80,0,
25_06_2026_13_15,15404.20,15420.10,15403.20,15418.90,0,
25_06_2026_13_20,15420.00,15426.70,15418.80,15423.80,0,
25_06_2026_13_25,15424.40,15424.40,15414.50,15416.90,0,
25_06_2026_13_30,15417.80,15421.90,15412.80,15421.00,0,
25_06_2026_13_35,15421.50,15432.70,15420.70,15432.20,0,
25_06_2026_13_40,15433.00,15437.50,15429.50,15430.80,0,
25_06_2026_13_45,15431.70,15437.20,15430.30,15431.80,0,
25_06_2026_13_50,15432.50,15437.80,15426.10,15426.70,0,
25_06_2026_13_55,15426.60,15428.80,15416.00,15420.80,0,
25_06_2026_14_00,15421.20,15422.50,15414.70,15418.80,0,
25_06_2026_14_05,15419.40,15419.50,15406.50,15407.00,0,
25_06_2026_14_10,15407.00,15407.10,15389.50,15392.50,0,
25_06_2026_14_15,15392.80,15392.80,15376.00,15383.40,0,
25_06_2026_14_20,15384.40,15386.80,15371.20,15379.80,0,
25_06_2026_14_25,15380.20,15383.50,15371.50,15381.30,0,
25_06_2026_14_30,15381.80,15387.50,15379.20,15379.60,0,
25_06_2026_14_35,15380.40,15390.80,15372.20,15372.60,0,
25_06_2026_14_40,15373.00,15375.00,15350.70,15353.20,0,
25_06_2026_14_45,15352.80,15363.00,15349.20,15351.10,0,
25_06_2026_14_50,15350.40,15373.00,15349.50,15364.90,0,
25_06_2026_14_55,15364.80,15368.20,15351.60,15356.60,0,
25_06_2026_15_00,15356.50,15356.50,15327.40,15337.10,0,
25_06_2026_15_05,15337.20,15349.90,15329.00,15335.50,0,
25_06_2026_15_10,15336.30,15343.90,15334.30,15335.00,0,
25_06_2026_15_15,15334.30,15340.20,15329.90,15337.80,0,
25_06_2026_15_20,15338.00,15338.50,15325.50,15327.50,0,
25_06_2026_15_25,15328.10,15339.50,15322.80,15337.90,0,
29_06_2026_09_15,15325.00,15348.20,15309.20,15333.70,0,
29_06_2026_09_20,15333.40,15343.80,15316.20,15316.80,0,
29_06_2026_09_25,15317.00,15317.70,15295.00,15311.70,0,
29_06_2026_09_30,15312.00,15320.00,15296.80,15296.80,0,
29_06_2026_09_35,15297.80,15322.70,15286.80,15321.70,0,
29_06_2026_09_40,15321.10,15330.70,15316.80,15324.80,0,
29_06_2026_09_45,15324.30,15325.30,15316.00,15316.80,0,
29_06_2026_09_50,15317.20,15318.00,15303.00,15306.00,0,
29_06_2026_09_55,15305.40,15310.60,15299.40,15301.00,0,
29_06_2026_10_00,15302.00,15305.80,15287.70,15287.70,0,
29_06_2026_10_05,15287.80,15301.20,15285.00,15293.80,0,
29_06_2026_10_10,15294.00,15294.00,15283.70,15284.60,0,
29_06_2026_10_15,15284.70,15288.80,15272.40,15275.90,0,
29_06_2026_10_20,15276.10,15288.20,15270.00,15287.20,0,
29_06_2026_10_25,15287.90,15299.20,15286.00,15291.60,0,
29_06_2026_10_30,15291.60,15293.80,15284.50,15288.40,0,
29_06_2026_10_35,15288.90,15290.80,15277.60,15280.70,0,
29_06_2026_10_40,15280.80,15281.00,15273.10,15279.90,0,
29_06_2026_10_45,15280.70,15280.70,15259.50,15262.50,0,
29_06_2026_10_50,15263.20,15263.30,15247.00,15249.80,0,
29_06_2026_10_55,15249.70,15257.30,15247.30,15254.00,0,
29_06_2026_11_00,15254.20,15262.20,15250.20,15260.50,0,
29_06_2026_11_05,15260.80,15261.30,15246.80,15248.00,0,
29_06_2026_11_10,15248.80,15253.30,15238.70,15239.60,0,
29_06_2026_11_15,15240.20,15245.80,15238.40,15241.70,0,
29_06_2026_11_20,15242.00,15242.10,15234.10,15235.20,0,
29_06_2026_11_25,15235.90,15236.10,15225.10,15228.70,0,
29_06_2026_11_30,15227.50,15232.30,15207.00,15211.20,0,
29_06_2026_11_35,15211.70,15222.20,15211.00,15219.00,0,
29_06_2026_11_40,15219.70,15221.80,15212.00,15212.40,0,
29_06_2026_11_45,15212.00,15214.50,15206.90,15208.20,0,
29_06_2026_11_50,15207.70,15210.50,15198.80,15199.00,0,
29_06_2026_11_55,15199.30,15209.20,15198.80,15200.50,0,
29_06_2026_12_00,15200.20,15207.70,15197.00,15200.30,0,
29_06_2026_12_05,15201.20,15201.30,15195.60,15197.20,0,
29_06_2026_12_10,15197.20,15199.20,15186.30,15189.30,0,
29_06_2026_12_15,15189.40,15191.20,15175.50,15176.30,0,
29_06_2026_12_20,15176.20,15187.50,15175.00,15184.30,0,
29_06_2026_12_25,15184.50,15186.30,15169.80,15172.90,0,
29_06_2026_12_30,15173.80,15175.70,15154.20,15159.50,0,
29_06_2026_12_35,15159.10,15160.10,15153.00,15154.60,0,
29_06_2026_12_40,15154.40,15161.80,15152.20,15160.50,0,
29_06_2026_12_45,15160.50,15170.50,15159.00,15160.30,0,
29_06_2026_12_50,15160.30,15166.10,15157.80,15162.20,0,
29_06_2026_12_55,15163.00,15171.40,15162.20,15168.90,0,
29_06_2026_13_00,15169.50,15175.30,15161.00,15167.80,0,
29_06_2026_13_05,15168.20,15177.40,15165.70,15177.00,0,
29_06_2026_13_10,15177.40,15179.10,15166.50,15166.80,0,
29_06_2026_13_15,15166.20,15166.40,15158.00,15160.20,0,
29_06_2026_13_20,15160.70,15166.90,15158.50,15163.50,0,
29_06_2026_13_25,15163.80,15169.30,15160.50,15165.00,0,
29_06_2026_13_30,15164.30,15178.00,15162.10,15164.00,0,
29_06_2026_13_35,15163.70,15176.30,15161.70,15171.40,0,
29_06_2026_13_40,15170.60,15175.50,15159.00,15161.90,0,
29_06_2026_13_45,15162.80,15177.00,15161.30,15168.50,0,
29_06_2026_13_50,15168.60,15178.00,15160.80,15177.60,0,
29_06_2026_13_55,15176.80,15182.80,15176.80,15179.20,0,
29_06_2026_14_00,15179.00,15190.50,15178.20,15183.30,0,
29_06_2026_14_05,15183.60,15191.00,15183.10,15185.50,0,
29_06_2026_14_10,15185.70,15196.20,15182.50,15195.30,0,
29_06_2026_14_15,15195.70,15197.30,15188.80,15193.50,0,
29_06_2026_14_20,15193.60,15198.50,15182.40,15182.70,0,
29_06_2026_14_25,15182.20,15193.60,15180.00,15189.20,0,
29_06_2026_14_30,15188.80,15202.00,15183.70,15200.20,0,
29_06_2026_14_35,15200.00,15203.90,15188.80,15193.50,0,
29_06_2026_14_40,15193.90,15206.90,15193.00,15204.20,0,
29_06_2026_14_45,15204.00,15204.70,15190.70,15194.20,0,
29_06_2026_14_50,15194.00,15194.00,15176.50,15181.90,0,
29_06_2026_14_55,15181.70,15189.10,15166.70,15167.90,0,
29_06_2026_15_00,15167.90,15196.30,15159.10,15171.20,0,
29_06_2026_15_05,15170.50,15179.10,15164.40,15173.80,0,
29_06_2026_15_10,15173.40,15173.40,15158.20,15169.20,0,
29_06_2026_15_15,15168.20,15176.00,15162.00,15166.70,0,
29_06_2026_15_20,15168.50,15179.30,15162.20,15179.10,0,
29_06_2026_15_25,15178.80,15209.60,15175.30,15207.00,0,
30_06_2026_09_15,15223.00,15228.20,15146.30,15154.50,0,
30_06_2026_09_20,15154.50,15156.00,15124.00,15124.50,0,
30_06_2026_09_25,15124.00,15134.80,15116.20,15127.70,0,
30_06_2026_09_30,15127.30,15131.90,15116.00,15126.50,0,
30_06_2026_09_35,15126.10,15145.80,15123.80,15142.30,0,
30_06_2026_09_40,15141.40,15146.90,15134.60,15140.90,0,
30_06_2026_09_45,15141.20,15147.20,15136.00,15137.40,0,
30_06_2026_09_50,15137.50,15149.40,15133.60,15143.80,0,
30_06_2026_09_55,15143.90,15157.70,15141.50,15152.50,0,
30_06_2026_10_00,15152.30,15170.40,15151.50,15170.40,0,
30_06_2026_10_05,15170.80,15171.20,15152.30,15153.20,0,
30_06_2026_10_10,15153.00,15170.20,15152.90,15165.90,0,
30_06_2026_10_15,15165.70,15173.90,15160.80,15170.20,0,
30_06_2026_10_20,15170.10,15171.20,15157.50,15165.80,0,
30_06_2026_10_25,15165.10,15171.80,15163.60,15169.20,0,
30_06_2026_10_30,15169.00,15175.50,15165.50,15173.30,0,
30_06_2026_10_35,15173.30,15183.20,15172.50,15179.20,0,
30_06_2026_10_40,15180.00,15180.50,15170.20,15176.70,0,
30_06_2026_10_45,15177.70,15194.40,15176.40,15193.90,0,
30_06_2026_10_50,15194.20,15203.80,15193.10,15198.70,0,
30_06_2026_10_55,15199.30,15203.80,15187.80,15188.00,0,
30_06_2026_11_00,15187.50,15197.00,15184.00,15191.20,0,
30_06_2026_11_05,15191.00,15194.00,15186.30,15194.00,0,
30_06_2026_11_10,15194.00,15221.20,15192.60,15218.20,0,
30_06_2026_11_15,15219.00,15222.50,15215.80,15221.30,0,
30_06_2026_11_20,15221.00,15264.50,15220.00,15264.00,0,
30_06_2026_11_25,15263.80,15264.80,15251.10,15252.00,0,
30_06_2026_11_30,15251.20,15255.50,15235.50,15237.90,0,
30_06_2026_11_35,15238.70,15239.70,15222.80,15237.70,0,
30_06_2026_11_40,15238.10,15244.20,15226.40,15228.10,0,
30_06_2026_11_45,15227.60,15230.70,15221.10,15223.30,0,
30_06_2026_11_50,15223.20,15227.10,15220.10,15224.50,0,
30_06_2026_11_55,15224.30,15236.70,15224.30,15234.20,0,
30_06_2026_12_00,15234.10,15236.10,15223.80,15229.90,0,
30_06_2026_12_05,15229.60,15229.60,15219.00,15221.00,0,
30_06_2026_12_10,15220.20,15224.80,15218.50,15221.70,0,
30_06_2026_12_15,15221.30,15224.40,15218.20,15222.00,0,
30_06_2026_12_20,15221.40,15227.70,15217.80,15227.60,0,
30_06_2026_12_25,15227.50,15229.20,15221.20,15223.20,0,
30_06_2026_12_30,15223.60,15225.00,15210.90,15213.10,0,
30_06_2026_12_35,15212.10,15220.80,15210.40,15220.80,0,
30_06_2026_12_40,15220.50,15225.30,15218.40,15223.60,0,
30_06_2026_12_45,15223.20,15229.50,15222.60,15226.00,0,
30_06_2026_12_50,15226.20,15226.80,15219.70,15223.70,0,
30_06_2026_12_55,15223.70,15230.70,15220.40,15226.50,0,
30_06_2026_13_00,15226.90,15227.80,15214.60,15221.30,0,
30_06_2026_13_05,15221.00,15223.00,15213.90,15215.00,0,
30_06_2026_13_10,15214.70,15220.00,15212.40,15216.70,0,
30_06_2026_13_15,15216.80,15223.10,15213.50,15214.80,0,
30_06_2026_13_20,15213.50,15215.80,15208.40,15211.50,0,
30_06_2026_13_25,15211.50,15226.00,15211.10,15223.70,0,
30_06_2026_13_30,15223.20,15230.30,15222.60,15229.00,0,
30_06_2026_13_35,15228.80,15231.20,15226.10,15227.50,0,
30_06_2026_13_40,15227.40,15238.00,15226.20,15232.70,0,
30_06_2026_13_45,15232.90,15233.20,15227.70,15229.30,0,
30_06_2026_13_50,15229.50,15231.40,15220.80,15221.10,0,
30_06_2026_13_55,15220.80,15222.50,15213.50,15222.00,0,
30_06_2026_14_00,15221.90,15224.80,15201.00,15203.30,0,
30_06_2026_14_05,15203.40,15213.20,15201.00,15211.70,0,
30_06_2026_14_10,15212.00,15212.20,15203.00,15204.30,0,
30_06_2026_14_15,15204.30,15214.10,15195.00,15204.70,0,
30_06_2026_14_20,15204.80,15238.30,15200.30,15238.00,0,
30_06_2026_14_25,15239.30,15252.50,15233.50,15239.20,0,
30_06_2026_14_30,15239.30,15243.50,15227.80,15237.50,0,
30_06_2026_14_35,15237.50,15239.60,15228.30,15231.50,0,
30_06_2026_14_40,15231.80,15242.20,15229.60,15237.30,0,
30_06_2026_14_45,15237.00,15237.90,15231.20,15233.80,0,
30_06_2026_14_50,15233.80,15235.20,15225.00,15233.50,0,
30_06_2026_14_55,15233.30,15236.80,15212.30,15221.50,0,
30_06_2026_15_00,15221.00,15221.00,15164.30,15168.50,0,
30_06_2026_15_05,15168.00,15179.90,15162.40,15172.50,0,
30_06_2026_15_10,15172.30,15178.90,15169.30,15174.40,0,
30_06_2026_15_15,15174.00,15180.80,15173.00,15179.60,0,
30_06_2026_15_20,15179.50,15187.90,15178.00,15184.30,0,
30_06_2026_15_25,15184.20,15208.50,15181.90,15207.20,0,
01_07_2026_09_15,15219.80,15241.60,15205.00,15225.70,0,
01_07_2026_09_20,15226.00,15240.80,15215.00,15228.00,0,
01_07_2026_09_25,15227.40,15236.70,15222.20,15235.20,0,
01_07_2026_09_30,15234.30,15254.80,15232.60,15248.20,0,
01_07_2026_09_35,15248.50,15272.00,15248.50,15268.20,0,
01_07_2026_09_40,15268.10,15283.90,15264.50,15283.80,0,
01_07_2026_09_45,15283.00,15296.50,15282.80,15285.30,0,
01_07_2026_09_50,15285.80,15307.10,15285.80,15307.00,0,
01_07_2026_09_55,15305.80,15318.50,15304.70,15315.00,0,
01_07_2026_10_00,15314.90,15321.10,15296.00,15298.80,0,
01_07_2026_10_05,15298.20,15311.50,15295.20,15311.50,0,
01_07_2026_10_10,15310.70,15319.60,15307.50,15318.10,0,
01_07_2026_10_15,15318.30,15329.20,15316.70,15328.10,0,
01_07_2026_10_20,15329.20,15338.70,15326.00,15330.80,0,
01_07_2026_10_25,15331.20,15332.50,15320.00,15323.80,0,
01_07_2026_10_30,15322.20,15331.20,15315.80,15318.20,0,
01_07_2026_10_35,15316.90,15327.00,15309.50,15316.10,0,
01_07_2026_10_40,15315.20,15317.20,15297.30,15300.50,0,
01_07_2026_10_45,15300.30,15319.20,15300.10,15316.00,0,
01_07_2026_10_50,15316.20,15321.30,15309.70,15319.00,0,
01_07_2026_10_55,15319.10,15321.40,15314.00,15320.20,0,
01_07_2026_11_00,15319.50,15329.80,15318.30,15329.80,0,
01_07_2026_11_05,15329.70,15337.90,15329.20,15337.90,0,
01_07_2026_11_10,15337.90,15345.70,15334.40,15344.90,0,
01_07_2026_11_15,15344.80,15352.50,15342.20,15348.30,0,
01_07_2026_11_20,15348.30,15354.30,15344.00,15345.70,0,
01_07_2026_11_25,15345.20,15346.90,15339.90,15342.80,0,
01_07_2026_11_30,15342.50,15347.70,15337.50,15337.80,0,
01_07_2026_11_35,15336.60,15340.80,15329.60,15339.50,0,
01_07_2026_11_40,15339.00,15345.50,15338.10,15344.00,0,
01_07_2026_11_45,15344.40,15348.30,15339.30,15339.90,0,
01_07_2026_11_50,15340.50,15340.80,15326.80,15328.20,0,
01_07_2026_11_55,15328.20,15338.00,15322.50,15337.80,0,
01_07_2026_12_00,15338.10,15341.30,15334.80,15339.80,0,
01_07_2026_12_05,15340.20,15354.20,15338.20,15351.20,0,
01_07_2026_12_10,15350.50,15352.20,15331.80,15335.60,0,
01_07_2026_12_15,15335.80,15343.20,15332.30,15340.80,0,
01_07_2026_12_20,15340.40,15348.50,15336.50,15346.70,0,
01_07_2026_12_25,15346.70,15348.40,15322.60,15324.80,0,
01_07_2026_12_30,15324.40,15346.00,15324.40,15341.50,0,
01_07_2026_12_35,15342.00,15354.70,15340.20,15351.80,0,
01_07_2026_12_40,15351.40,15352.50,15343.50,15347.20,0,
01_07_2026_12_45,15347.00,15353.30,15343.00,15351.00,0,
01_07_2026_12_50,15350.40,15353.80,15345.90,15347.20,0,
01_07_2026_12_55,15347.00,15351.20,15344.80,15347.80,0,
01_07_2026_13_00,15348.30,15354.90,15332.80,15335.70,0,
01_07_2026_13_05,15335.70,15345.70,15335.70,15340.50,0,
01_07_2026_13_10,15340.20,15347.10,15339.70,15347.00,0,
01_07_2026_13_15,15346.30,15348.20,15342.80,15346.40,0,
01_07_2026_13_20,15346.70,15348.80,15341.00,15345.00,0,
01_07_2026_13_25,15344.80,15348.40,15338.80,15339.60,0,
01_07_2026_13_30,15338.80,15348.70,15335.90,15348.60,0,
01_07_2026_13_35,15347.70,15363.00,15347.70,15360.10,0,
01_07_2026_13_40,15360.30,15364.10,15357.30,15361.80,0,
01_07_2026_13_45,15362.40,15365.20,15355.00,15362.30,0,
01_07_2026_13_50,15361.50,15364.20,15358.80,15359.10,0,
01_07_2026_13_55,15358.30,15359.80,15352.70,15354.80,0,
01_07_2026_14_00,15354.50,15362.00,15349.60,15361.50,0,
01_07_2026_14_05,15361.00,15367.60,15360.00,15365.80,0,
01_07_2026_14_10,15365.70,15372.80,15364.30,15366.20,0,
01_07_2026_14_15,15367.20,15368.90,15361.40,15364.70,0,
01_07_2026_14_20,15363.90,15370.80,15363.20,15370.20,0,
01_07_2026_14_25,15370.50,15374.50,15362.20,15365.10,0,
01_07_2026_14_30,15364.80,15370.00,15360.00,15361.20,0,
01_07_2026_14_35,15360.50,15365.50,15349.70,15349.70,0,
01_07_2026_14_40,15349.50,15362.20,15344.00,15360.20,0,
01_07_2026_14_45,15360.30,15366.20,15356.80,15357.70,0,
01_07_2026_14_50,15358.10,15370.20,15358.10,15368.30,0,
01_07_2026_14_55,15368.30,15376.20,15366.00,15375.30,0,
01_07_2026_15_00,15376.40,15383.00,15362.80,15371.10,0,
01_07_2026_15_05,15370.80,15371.90,15358.20,15360.70,0,
01_07_2026_15_10,15360.70,15366.80,15359.60,15362.20,0,
01_07_2026_15_15,15362.20,15366.30,15358.80,15360.80,0,
01_07_2026_15_20,15360.60,15361.20,15352.30,15354.80,0,
01_07_2026_15_25,15354.50,15356.00,15345.20,15349.30,0,
02_07_2026_09_15,15412.30,15417.00,15365.00,15368.30,0,
02_07_2026_09_20,15366.80,15371.50,15354.00,15370.90,0,
02_07_2026_09_25,15371.80,15382.30,15368.80,15368.80,0,
02_07_2026_09_30,15367.80,15380.40,15365.20,15367.40,0,
02_07_2026_09_35,15368.30,15382.70,15367.70,15376.20,0,
02_07_2026_09_40,15375.60,15378.00,15367.30,15372.50,0,
02_07_2026_09_45,15372.00,15381.80,15370.20,15380.50,0,
02_07_2026_09_50,15380.80,15383.70,15372.80,15377.90,0,
02_07_2026_09_55,15377.50,15379.50,15370.30,15374.60,0,
02_07_2026_10_00,15374.70,15379.20,15365.60,15370.00,0,
02_07_2026_10_05,15369.80,15373.20,15358.10,15368.30,0,
02_07_2026_10_10,15368.00,15381.50,15365.00,15365.00,0,
02_07_2026_10_15,15364.70,15372.70,15361.70,15372.40,0,
02_07_2026_10_20,15372.80,15377.90,15369.00,15370.60,0,
02_07_2026_10_25,15370.00,15383.20,15368.80,15380.50,0,
02_07_2026_10_30,15380.10,15382.50,15374.10,15377.10,0,
02_07_2026_10_35,15376.80,15391.90,15374.50,15390.70,0,
02_07_2026_10_40,15390.20,15392.10,15384.10,15389.70,0,
02_07_2026_10_45,15390.20,15393.70,15384.60,15387.90,0,
02_07_2026_10_50,15387.10,15390.70,15383.20,15386.50,0,
02_07_2026_10_55,15386.50,15396.20,15383.00,15396.00,0,
02_07_2026_11_00,15395.80,15407.00,15394.50,15403.00,0,
02_07_2026_11_05,15402.40,15404.70,15390.30,15390.80,0,
02_07_2026_11_10,15391.00,15392.30,15386.10,15391.30,0,
02_07_2026_11_15,15391.60,15398.20,15388.50,15395.60,0,
02_07_2026_11_20,15395.20,15396.20,15390.20,15394.90,0,
02_07_2026_11_25,15395.50,15398.30,15389.50,15390.20,0,
02_07_2026_11_30,15390.20,15393.50,15388.90,15391.60,0,
02_07_2026_11_35,15391.10,15391.30,15382.80,15384.80,0,
02_07_2026_11_40,15384.60,15389.70,15382.20,15388.90,0,
02_07_2026_11_45,15389.00,15397.80,15387.80,15396.10,0,
02_07_2026_11_50,15396.70,15402.00,15395.00,15398.80,0,
02_07_2026_11_55,15398.90,15404.90,15396.80,15402.20,0,
02_07_2026_12_00,15402.00,15404.70,15399.30,15401.70,0,
02_07_2026_12_05,15401.80,15402.80,15394.70,15396.60,0,
02_07_2026_12_10,15396.40,15398.00,15391.30,15397.40,0,
02_07_2026_12_15,15397.60,15411.80,15395.50,15410.20,0,
02_07_2026_12_20,15410.50,15414.00,15408.50,15411.00,0,
02_07_2026_12_25,15411.70,15412.50,15406.20,15407.00,0,
02_07_2026_12_30,15407.30,15407.80,15400.80,15404.50,0,
02_07_2026_12_35,15405.20,15419.40,15404.00,15416.80,0,
02_07_2026_12_40,15416.90,15418.00,15407.70,15409.10,0,
02_07_2026_12_45,15408.80,15412.50,15403.80,15409.00,0,
02_07_2026_12_50,15408.80,15409.50,15401.40,15406.10,0,
02_07_2026_12_55,15406.20,15408.00,15402.60,15405.40,0,
02_07_2026_13_00,15405.20,15416.00,15401.50,15415.20,0,
02_07_2026_13_05,15415.50,15423.80,15413.50,15422.50,0,
02_07_2026_13_10,15422.40,15425.10,15419.40,15424.80,0,
02_07_2026_13_15,15424.30,15434.80,15424.10,15433.20,0,
02_07_2026_13_20,15433.20,15435.90,15423.00,15434.60,0,
02_07_2026_13_25,15434.70,15436.40,15427.50,15429.20,0,
02_07_2026_13_30,15429.20,15431.00,15425.50,15427.50,0,
02_07_2026_13_35,15427.40,15429.70,15415.90,15421.80,0,
02_07_2026_13_40,15422.00,15425.20,15420.10,15421.30,0,
02_07_2026_13_45,15421.00,15422.80,15414.80,15417.50,0,
02_07_2026_13_50,15417.60,15425.80,15417.20,15423.80,0,
02_07_2026_13_55,15424.00,15427.00,15422.50,15425.20,0,
02_07_2026_14_00,15425.40,15431.20,15424.20,15427.00,0,
02_07_2026_14_05,15426.80,15429.90,15421.10,15423.80,0,
02_07_2026_14_10,15424.30,15426.50,15416.70,15418.80,0,
02_07_2026_14_15,15418.70,15426.50,15415.70,15423.70,0,
02_07_2026_14_20,15424.00,15436.60,15422.00,15432.50,0,
02_07_2026_14_25,15432.50,15432.70,15425.90,15430.50,0,
02_07_2026_14_30,15431.00,15443.10,15430.00,15436.70,0,
02_07_2026_14_35,15437.00,15447.00,15434.70,15445.80,0,
02_07_2026_14_40,15445.50,15450.10,15443.00,15449.20,0,
02_07_2026_14_45,15449.00,15462.00,15449.00,15456.30,0,
02_07_2026_14_50,15456.10,15458.00,15449.70,15451.70,0,
02_07_2026_14_55,15451.80,15457.50,15448.70,15456.80,0,
02_07_2026_15_00,15457.20,15458.40,15444.20,15445.00,0,
02_07_2026_15_05,15445.90,15458.00,15445.10,15454.00,0,
02_07_2026_15_10,15454.50,15456.70,15448.40,15454.40,0,
02_07_2026_15_15,15454.50,15458.00,15446.00,15447.00,0,
02_07_2026_15_20,15446.70,15452.00,15443.30,15449.70,0,
02_07_2026_15_25,15449.50,15453.60,15444.50,15445.80,0,
03_07_2026_09_15,15543.50,15553.50,15494.30,15501.50,0,
03_07_2026_09_20,15501.50,15515.40,15497.00,15514.00,0,
03_07_2026_09_25,15513.80,15518.00,15504.70,15504.70,0,
03_07_2026_09_30,15504.80,15515.20,15502.00,15511.50,0,
03_07_2026_09_35,15512.60,15513.20,15505.30,15507.00,0,
03_07_2026_09_40,15507.60,15511.60,15499.30,15503.10,0,
03_07_2026_09_45,15504.20,15508.00,15486.80,15488.40,0,
03_07_2026_09_50,15489.00,15502.00,15488.20,15491.70,0,
03_07_2026_09_55,15491.60,15491.80,15480.00,15484.50,0,
03_07_2026_10_00,15485.80,15494.80,15476.20,15479.20,0,
03_07_2026_10_05,15479.50,15490.20,15474.90,15487.80,0,
03_07_2026_10_10,15488.40,15497.50,15487.80,15492.60,0,
03_07_2026_10_15,15493.50,15498.20,15488.50,15493.50,0,
03_07_2026_10_20,15493.20,15510.30,15490.20,15504.90,0,
03_07_2026_10_25,15505.30,15518.30,15504.20,15512.40,0,
03_07_2026_10_30,15513.50,15520.70,15510.80,15515.00,0,
03_07_2026_10_35,15516.00,15519.60,15510.70,15510.70,0,
03_07_2026_10_40,15512.40,15512.40,15502.20,15504.70,0,
03_07_2026_10_45,15505.80,15511.70,15503.80,15510.80,0,
03_07_2026_10_50,15511.20,15513.00,15505.90,15506.60,0,
03_07_2026_10_55,15507.10,15507.10,15498.40,15498.40,0,
03_07_2026_11_00,15499.40,15502.00,15494.70,15495.70,0,
03_07_2026_11_05,15496.50,15498.00,15485.70,15486.80,0,
03_07_2026_11_10,15487.30,15489.20,15480.40,15482.30,0,
03_07_2026_11_15,15483.00,15488.30,15480.10,15483.80,0,
03_07_2026_11_20,15484.80,15484.80,15473.80,15478.20,0,
03_07_2026_11_25,15478.80,15479.80,15475.00,15476.80,0,
03_07_2026_11_30,15477.10,15481.80,15474.50,15478.40,0,
03_07_2026_11_35,15479.00,15483.60,15475.90,15483.10,0,
03_07_2026_11_40,15484.20,15490.00,15482.80,15485.80,0,
03_07_2026_11_45,15486.00,15487.80,15483.00,15484.80,0,
03_07_2026_11_50,15485.70,15502.50,15484.10,15500.40,0,
03_07_2026_11_55,15500.50,15508.30,15498.70,15508.00,0,
03_07_2026_12_00,15507.80,15508.80,15503.20,15506.30,0,
03_07_2026_12_05,15506.50,15515.20,15505.80,15509.30,0,
03_07_2026_12_10,15509.20,15510.30,15503.80,15509.20,0,
03_07_2026_12_15,15509.50,15510.70,15503.20,15506.30,0,
03_07_2026_12_20,15506.50,15507.30,15492.90,15494.40,0,
03_07_2026_12_25,15494.60,15502.40,15493.20,15500.20,0,
03_07_2026_12_30,15500.50,15502.10,15491.10,15492.20,0,
03_07_2026_12_35,15492.90,15494.30,15485.50,15486.20,0,
03_07_2026_12_40,15486.60,15488.30,15484.30,15488.30,0,
03_07_2026_12_45,15488.30,15492.60,15486.20,15490.00,0,
03_07_2026_12_50,15490.50,15495.80,15488.50,15490.80,0,
03_07_2026_12_55,15490.40,15493.60,15486.00,15489.70,0,
03_07_2026_13_00,15489.80,15491.00,15479.50,15479.70,0,
03_07_2026_13_05,15481.00,15481.00,15463.00,15463.60,0,
03_07_2026_13_10,15464.10,15475.80,15462.40,15473.20,0,
03_07_2026_13_15,15473.50,15473.80,15467.10,15470.20,0,
03_07_2026_13_20,15470.50,15475.50,15468.60,15472.00,0,
03_07_2026_13_25,15472.30,15473.90,15469.00,15471.00,0,
03_07_2026_13_30,15471.00,15472.70,15462.90,15465.00,0,
03_07_2026_13_35,15465.00,15465.00,15451.80,15461.00,0,
03_07_2026_13_40,15461.50,15469.50,15457.30,15458.30,0,
03_07_2026_13_45,15458.20,15458.50,15452.80,15458.00,0,
03_07_2026_13_50,15458.50,15461.80,15455.80,15458.80,0,
03_07_2026_13_55,15458.70,15458.70,15448.80,15449.80,0,
03_07_2026_14_00,15450.50,15455.70,15445.00,15446.50,0,
03_07_2026_14_05,15447.30,15456.70,15446.90,15455.20,0,
03_07_2026_14_10,15456.30,15459.50,15450.60,15455.10,0,
03_07_2026_14_15,15455.80,15455.80,15448.70,15450.70,0,
03_07_2026_14_20,15451.40,15451.50,15443.70,15448.30,0,
03_07_2026_14_25,15448.80,15450.60,15442.10,15443.50,0,
03_07_2026_14_30,15444.20,15457.80,15441.70,15454.80,0,
03_07_2026_14_35,15455.40,15458.80,15449.40,15451.60,0,
03_07_2026_14_40,15451.50,15453.90,15447.30,15450.50,0,
03_07_2026_14_45,15450.50,15457.10,15443.30,15457.10,0,
03_07_2026_14_50,15457.80,15458.60,15442.20,15445.40,0,
03_07_2026_14_55,15446.30,15448.00,15438.30,15441.00,0,
03_07_2026_15_00,15442.20,15464.00,15442.20,15458.50,0,
03_07_2026_15_05,15459.20,15466.80,15456.80,15462.90,0,
03_07_2026_15_10,15463.50,15465.70,15458.30,15458.70,0,
03_07_2026_15_15,15459.20,15460.20,15452.00,15454.10,0,
03_07_2026_15_20,15454.50,15458.40,15449.60,15452.50,0,
03_07_2026_15_25,15452.90,15456.00,15447.90,15454.80,0,
06_07_2026_09_15,15475.30,15490.60,15455.70,15474.80,0,
06_07_2026_09_20,15476.10,15478.70,15461.20,15467.80,0,
06_07_2026_09_25,15468.20,15479.80,15454.30,15479.20,0,
06_07_2026_09_30,15480.00,15488.90,15477.80,15483.90,0,
06_07_2026_09_35,15483.30,15485.80,15476.50,15485.70,0,
06_07_2026_09_40,15486.20,15489.50,15479.40,15482.50,0,
06_07_2026_09_45,15482.70,15499.00,15482.70,15494.80,0,
06_07_2026_09_50,15494.80,15503.50,15494.20,15502.20,0,
06_07_2026_09_55,15502.80,15506.30,15498.40,15504.30,0,
06_07_2026_10_00,15504.90,15509.20,15500.80,15504.70,0,
06_07_2026_10_05,15504.80,15509.60,15501.00,15508.50,0,
06_07_2026_10_10,15508.20,15508.80,15501.20,15507.30,0,
06_07_2026_10_15,15507.70,15527.50,15506.60,15524.80,0,
06_07_2026_10_20,15525.60,15531.00,15523.20,15528.50,0,
06_07_2026_10_25,15530.20,15533.90,15527.20,15531.00,0,
06_07_2026_10_30,15531.10,15533.70,15525.80,15527.30,0,
06_07_2026_10_35,15527.60,15537.30,15523.20,15536.80,0,
06_07_2026_10_40,15537.00,15540.30,15533.00,15537.50,0,
06_07_2026_10_45,15537.20,15543.90,15536.30,15543.00,0,
06_07_2026_10_50,15543.00,15544.70,15533.50,15535.30,0,
06_07_2026_10_55,15535.70,15535.70,15528.40,15532.70,0,
06_07_2026_11_00,15533.00,15547.60,15532.50,15546.20,0,
06_07_2026_11_05,15546.80,15553.20,15545.80,15550.10,0,
06_07_2026_11_10,15550.00,15552.10,15543.00,15544.80,0,
06_07_2026_11_15,15545.00,15549.00,15541.10,15541.10,0,
06_07_2026_11_20,15542.50,15551.40,15540.50,15549.50,0,
06_07_2026_11_25,15550.10,15556.60,15546.30,15550.90,0,
06_07_2026_11_30,15551.50,15552.70,15545.20,15548.80,0,
06_07_2026_11_35,15548.80,15550.70,15543.50,15549.40,0,
06_07_2026_11_40,15549.70,15558.00,15546.50,15557.20,0,
06_07_2026_11_45,15557.20,15558.80,15549.10,15549.10,0,
06_07_2026_11_50,15549.50,15550.70,15538.00,15544.70,0,
06_07_2026_11_55,15545.00,15554.30,15545.00,15553.50,0,
06_07_2026_12_00,15553.70,15556.50,15548.60,15550.80,0,
06_07_2026_12_05,15551.10,15552.00,15547.70,15550.60,0,
06_07_2026_12_10,15551.50,15559.50,15550.00,15558.50,0,
06_07_2026_12_15,15559.00,15561.80,15552.40,15554.10,0,
06_07_2026_12_20,15554.10,15555.20,15549.20,15553.60,0,
06_07_2026_12_25,15553.30,15561.00,15552.00,15560.30,0,
06_07_2026_12_30,15561.00,15564.80,15558.00,15561.30,0,
06_07_2026_12_35,15561.50,15562.20,15551.70,15551.70,0,
06_07_2026_12_40,15551.60,15556.50,15551.00,15553.70,0,
06_07_2026_12_45,15554.50,15558.50,15550.50,15557.00,0,
06_07_2026_12_50,15557.70,15562.80,15551.80,15553.80,0,
06_07_2026_12_55,15553.80,15560.80,15552.80,15559.50,0,
06_07_2026_13_00,15559.70,15561.50,15554.30,15560.80,0,
06_07_2026_13_05,15561.30,15562.50,15556.00,15561.00,0,
06_07_2026_13_10,15560.80,15568.50,15560.10,15565.80,0,
06_07_2026_13_15,15566.00,15573.70,15565.20,15567.40,0,
06_07_2026_13_20,15567.00,15569.20,15564.00,15566.20,0,
06_07_2026_13_25,15566.20,15570.00,15563.60,15565.50,0,
06_07_2026_13_30,15565.50,15568.70,15562.30,15563.60,0,
06_07_2026_13_35,15564.40,15570.10,15563.00,15568.30,0,
06_07_2026_13_40,15568.40,15569.30,15561.50,15562.60,0,
06_07_2026_13_45,15562.50,15563.60,15556.80,15558.40,0,
06_07_2026_13_50,15558.00,15558.80,15546.80,15546.90,0,
06_07_2026_13_55,15547.20,15548.20,15533.60,15535.20,0,
06_07_2026_14_00,15536.00,15540.60,15533.80,15540.60,0,
06_07_2026_14_05,15540.10,15543.20,15532.20,15532.80,0,
06_07_2026_14_10,15533.00,15538.00,15529.80,15529.80,0,
06_07_2026_14_15,15529.80,15533.00,15527.80,15528.80,0,
06_07_2026_14_20,15528.70,15532.10,15525.70,15531.90,0,
06_07_2026_14_25,15532.00,15535.00,15527.50,15529.50,0,
06_07_2026_14_30,15529.80,15532.60,15527.50,15531.00,0,
06_07_2026_14_35,15530.50,15538.50,15529.40,15534.20,0,
06_07_2026_14_40,15534.30,15535.10,15523.60,15524.20,0,
06_07_2026_14_45,15525.50,15528.50,15517.90,15518.80,0,
06_07_2026_14_50,15519.50,15532.20,15518.30,15532.20,0,
06_07_2026_14_55,15532.00,15538.30,15528.20,15530.20,0,
06_07_2026_15_00,15530.20,15541.80,15530.20,15540.90,0,
06_07_2026_15_05,15541.50,15552.30,15541.20,15550.50,0,
06_07_2026_15_10,15550.60,15550.80,15546.00,15546.90,0,
06_07_2026_15_15,15547.00,15550.40,15544.70,15547.40,0,
06_07_2026_15_20,15547.40,15550.00,15542.80,15550.00,0,
06_07_2026_15_25,15549.90,15554.00,15542.90,15545.40,0,
07_07_2026_09_15,15557.80,15582.30,15532.90,15573.70,0,
07_07_2026_09_20,15573.20,15585.60,15566.80,15574.50,0,
07_07_2026_09_25,15574.50,15576.70,15549.30,15562.00,0,
07_07_2026_09_30,15562.30,15562.30,15532.50,15533.20,0,
07_07_2026_09_35,15533.20,15549.00,15529.10,15538.00,0,
07_07_2026_09_40,15538.00,15549.30,15538.00,15540.50,0,
07_07_2026_09_45,15540.80,15542.80,15521.80,15527.70,0,
07_07_2026_09_50,15527.70,15536.20,15526.30,15530.40,0,
07_07_2026_09_55,15530.50,15542.50,15529.80,15537.00,0,
07_07_2026_10_00,15536.80,15545.20,15535.00,15536.50,0,
07_07_2026_10_05,15536.20,15545.50,15533.20,15545.30,0,
07_07_2026_10_10,15545.00,15548.50,15538.80,15539.30,0,
07_07_2026_10_15,15539.50,15553.60,15537.20,15553.00,0,
07_07_2026_10_20,15552.80,15552.80,15543.30,15544.50,0,
07_07_2026_10_25,15544.50,15554.50,15544.20,15547.00,0,
07_07_2026_10_30,15546.70,15563.50,15546.70,15561.30,0,
07_07_2026_10_35,15561.30,15563.50,15557.50,15560.50,0,
07_07_2026_10_40,15560.70,15561.20,15545.60,15545.60,0,
07_07_2026_10_45,15545.90,15562.50,15544.80,15557.50,0,
07_07_2026_10_50,15557.00,15557.30,15544.20,15549.50,0,
07_07_2026_10_55,15548.00,15550.20,15538.00,15545.30,0,
07_07_2026_11_00,15545.80,15554.20,15540.50,15554.00,0,
07_07_2026_11_05,15554.20,15560.20,15552.80,15558.20,0,
07_07_2026_11_10,15558.10,15565.40,15556.40,15563.80,0,
07_07_2026_11_15,15563.30,15566.80,15560.80,15566.30,0,
07_07_2026_11_20,15566.80,15571.40,15563.70,15565.00,0,
07_07_2026_11_25,15565.20,15575.60,15564.50,15573.00,0,
07_07_2026_11_30,15573.10,15574.90,15569.00,15569.30,0,
07_07_2026_11_35,15569.50,15575.30,15567.80,15573.10,0,
07_07_2026_11_40,15573.00,15574.50,15562.00,15562.70,0,
07_07_2026_11_45,15563.50,15565.80,15559.20,15561.20,0,
07_07_2026_11_50,15560.70,15569.90,15560.30,15569.70,0,
07_07_2026_11_55,15570.20,15574.30,15568.30,15573.20,0,
07_07_2026_12_00,15573.20,15577.50,15569.90,15572.10,0,
07_07_2026_12_05,15572.00,15575.50,15567.90,15568.50,0,
07_07_2026_12_10,15568.80,15570.80,15560.70,15562.00,0,
07_07_2026_12_15,15562.20,15563.80,15549.10,15549.30,0,
07_07_2026_12_20,15550.00,15557.80,15550.00,15556.20,0,
07_07_2026_12_25,15556.20,15571.50,15555.30,15567.70,0,
07_07_2026_12_30,15567.50,15568.70,15546.00,15550.50,0,
07_07_2026_12_35,15549.90,15553.20,15537.80,15552.10,0,
07_07_2026_12_40,15552.20,15554.00,15547.80,15552.50,0,
07_07_2026_12_45,15551.90,15557.50,15546.50,15549.90,0,
07_07_2026_12_50,15550.20,15555.50,15544.50,15547.90,0,
07_07_2026_12_55,15547.80,15558.00,15543.20,15557.10,0,
07_07_2026_13_00,15557.30,15558.80,15549.60,15552.30,0,
07_07_2026_13_05,15552.10,15552.80,15544.60,15546.30,0,
07_07_2026_13_10,15546.20,15548.90,15534.80,15540.00,0,
07_07_2026_13_15,15540.00,15540.60,15532.50,15534.20,0,
07_07_2026_13_20,15534.20,15537.20,15532.10,15536.90,0,
07_07_2026_13_25,15537.00,15547.00,15537.00,15545.50,0,
07_07_2026_13_30,15545.50,15547.20,15540.50,15541.80,0,
07_07_2026_13_35,15541.50,15543.00,15537.80,15540.80,0,
07_07_2026_13_40,15540.80,15552.60,15540.40,15551.00,0,
07_07_2026_13_45,15551.00,15556.90,15549.90,15549.90,0,
07_07_2026_13_50,15549.80,15562.50,15549.20,15558.20,0,
07_07_2026_13_55,15558.90,15571.40,15558.90,15569.70,0,
07_07_2026_14_00,15569.20,15572.10,15565.10,15570.40,0,
07_07_2026_14_05,15570.30,15578.50,15568.80,15577.20,0,
07_07_2026_14_10,15577.50,15579.30,15574.80,15577.70,0,
07_07_2026_14_15,15577.50,15578.60,15567.40,15570.70,0,
07_07_2026_14_20,15570.40,15571.50,15565.10,15567.60,0,
07_07_2026_14_25,15567.40,15573.20,15566.00,15571.20,0,
07_07_2026_14_30,15572.40,15581.70,15572.30,15579.80,0,
07_07_2026_14_35,15579.90,15587.00,15578.50,15583.50,0,
07_07_2026_14_40,15584.20,15584.30,15577.30,15583.00,0,
07_07_2026_14_45,15582.90,15587.50,15581.50,15586.60,0,
07_07_2026_14_50,15587.00,15588.80,15585.30,15587.30,0,
07_07_2026_14_55,15587.30,15588.20,15579.20,15579.80,0,
07_07_2026_15_00,15580.00,15580.10,15557.00,15566.50,0,
07_07_2026_15_05,15566.20,15567.00,15554.80,15554.90,0,
07_07_2026_15_10,15554.70,15555.30,15543.90,15547.50,0,
07_07_2026_15_15,15548.00,15550.90,15534.00,15535.70,0,
07_07_2026_15_20,15535.50,15536.00,15525.00,15530.70,0,
07_07_2026_15_25,15531.40,15531.40,15518.50,15522.70,0,
08_07_2026_09_15,15430.20,15444.30,15393.20,15434.80,0,
08_07_2026_09_20,15436.00,15436.20,15410.10,15412.00,0,
08_07_2026_09_25,15413.00,15413.50,15386.50,15393.30,0,
08_07_2026_09_30,15393.70,15393.70,15377.70,15379.50,0,
08_07_2026_09_35,15379.70,15379.70,15363.90,15374.80,0,
08_07_2026_09_40,15374.40,15382.30,15369.30,15379.70,0,
08_07_2026_09_45,15380.20,15393.70,15380.20,15392.30,0,
08_07_2026_09_50,15392.80,15403.60,15390.40,15391.70,0,
08_07_2026_09_55,15392.50,15402.20,15387.00,15391.60,0,
08_07_2026_10_00,15390.80,15396.50,15385.50,15389.20,0,
08_07_2026_10_05,15388.50,15394.40,15385.30,15390.20,0,
08_07_2026_10_10,15390.10,15397.20,15384.20,15387.00,0,
08_07_2026_10_15,15384.70,15399.50,15380.00,15397.90,0,
08_07_2026_10_20,15397.60,15398.00,15383.80,15384.20,0,
08_07_2026_10_25,15383.30,15399.50,15381.90,15397.30,0,
08_07_2026_10_30,15397.50,15415.50,15397.50,15415.50,0,
08_07_2026_10_35,15415.50,15432.50,15413.90,15432.20,0,
08_07_2026_10_40,15432.80,15439.80,15429.50,15433.00,0,
08_07_2026_10_45,15432.80,15435.00,15425.90,15429.70,0,
08_07_2026_10_50,15429.50,15431.70,15425.70,15426.00,0,
08_07_2026_10_55,15426.20,15441.30,15423.80,15441.20,0,
08_07_2026_11_00,15441.20,15448.30,15438.80,15445.60,0,
08_07_2026_11_05,15446.60,15453.00,15444.80,15452.80,0,
08_07_2026_11_10,15452.70,15463.50,15449.20,15456.10,0,
08_07_2026_11_15,15456.20,15457.10,15444.10,15447.80,0,
08_07_2026_11_20,15448.30,15457.00,15445.20,15456.80,0,
08_07_2026_11_25,15457.20,15464.50,15456.00,15461.80,0,
08_07_2026_11_30,15462.70,15462.70,15447.20,15451.30,0,
08_07_2026_11_35,15451.80,15452.80,15444.80,15449.10,0,
08_07_2026_11_40,15449.30,15451.20,15445.00,15448.00,0,
08_07_2026_11_45,15447.90,15448.90,15442.60,15443.50,0,
08_07_2026_11_50,15444.70,15445.70,15440.30,15444.10,0,
08_07_2026_11_55,15444.20,15445.40,15430.70,15438.40,0,
08_07_2026_12_00,15439.00,15440.00,15431.30,15433.10,0,
08_07_2026_12_05,15433.50,15440.70,15427.50,15427.50,0,
08_07_2026_12_10,15429.10,15429.10,15422.80,15424.60,0,
08_07_2026_12_15,15425.40,15430.50,15418.00,15428.70,0,
08_07_2026_12_20,15429.20,15430.30,15413.50,15413.50,0,
08_07_2026_12_25,15414.20,15417.40,15412.30,15413.30,0,
08_07_2026_12_30,15414.00,15414.80,15406.90,15410.80,0,
08_07_2026_12_35,15411.30,15412.50,15407.70,15411.00,0,
08_07_2026_12_40,15411.50,15420.70,15409.50,15420.50,0,
08_07_2026_12_45,15421.20,15430.50,15419.80,15422.50,0,
08_07_2026_12_50,15422.90,15430.80,15420.80,15429.50,0,
08_07_2026_12_55,15430.30,15432.80,15425.80,15432.50,0,
08_07_2026_13_00,15432.70,15439.00,15430.90,15434.50,0,
08_07_2026_13_05,15435.10,15443.00,15433.50,15435.70,0,
08_07_2026_13_10,15435.50,15438.50,15433.40,15434.50,0,
08_07_2026_13_15,15434.80,15437.30,15429.90,15434.00,0,
08_07_2026_13_20,15434.20,15436.00,15424.10,15429.00,0,
08_07_2026_13_25,15429.80,15429.80,15423.90,15426.10,0,
08_07_2026_13_30,15426.70,15427.80,15420.00,15422.30,0,
08_07_2026_13_35,15422.50,15429.70,15420.00,15426.10,0,
08_07_2026_13_40,15426.30,15430.30,15422.80,15425.40,0,
08_07_2026_13_45,15425.30,15428.20,15366.30,15371.80,0,
08_07_2026_13_50,15372.20,15372.20,15316.90,15319.70,0,
08_07_2026_13_55,15321.50,15329.00,15277.30,15277.50,0,
08_07_2026_14_00,15279.00,15286.00,15244.00,15248.00,0,
08_07_2026_14_05,15247.90,15250.30,15207.60,15211.50,0,
08_07_2026_14_10,15212.20,15220.30,15180.00,15190.40,0,
08_07_2026_14_15,15188.90,15231.40,15183.00,15199.00,0,
08_07_2026_14_20,15199.90,15213.00,15191.80,15199.70,0,
08_07_2026_14_25,15200.60,15206.70,15182.30,15182.30,0,
08_07_2026_14_30,15182.30,15213.70,15179.30,15190.20,0,
08_07_2026_14_35,15190.40,15197.20,15160.50,15168.20,0,
08_07_2026_14_40,15170.00,15175.20,15159.70,15170.70,0,
08_07_2026_14_45,15170.70,15170.70,15145.30,15154.00,0,
08_07_2026_14_50,15155.10,15159.20,15128.80,15135.10,0,
08_07_2026_14_55,15134.90,15150.80,15130.00,15141.20,0,
08_07_2026_15_00,15139.30,15179.50,15139.30,15161.80,0,
08_07_2026_15_05,15161.70,15164.80,15149.20,15158.30,0,
08_07_2026_15_10,15159.00,15175.50,15156.30,15174.00,0,
08_07_2026_15_15,15173.20,15208.00,15173.20,15201.20,0,
08_07_2026_15_20,15201.30,15214.10,15200.90,15203.20,0,
08_07_2026_15_25,15202.60,15203.20,15191.30,15197.80,0,
09_07_2026_09_15,15219.20,15295.50,15219.20,15284.70,0,
09_07_2026_09_20,15283.00,15290.50,15266.80,15284.50,0,
09_07_2026_09_25,15285.10,15295.70,15276.00,15289.80,0,
09_07_2026_09_30,15289.80,15297.70,15277.30,15292.70,0,
09_07_2026_09_35,15292.20,15300.50,15282.30,15300.40,0,
09_07_2026_09_40,15299.90,15303.00,15285.90,15296.30,0,
09_07_2026_09_45,15296.80,15312.90,15295.40,15303.70,0,
09_07_2026_09_50,15304.20,15314.00,15303.00,15310.50,0,
09_07_2026_09_55,15310.20,15317.60,15293.30,15302.70,0,
09_07_2026_10_00,15302.90,15318.80,15301.80,15306.50,0,
09_07_2026_10_05,15306.20,15325.20,15304.80,15322.50,0,
09_07_2026_10_10,15322.00,15326.20,15316.40,15317.00,0,
09_07_2026_10_15,15316.70,15328.70,15315.50,15315.80,0,
09_07_2026_10_20,15315.80,15320.80,15309.50,15317.10,0,
09_07_2026_10_25,15317.20,15317.50,15303.50,15308.40,0,
09_07_2026_10_30,15308.40,15311.80,15294.40,15299.60,0,
09_07_2026_10_35,15299.00,15300.80,15281.20,15300.70,0,
09_07_2026_10_40,15300.50,15355.20,15299.50,15327.70,0,
09_07_2026_10_45,15328.20,15330.50,15298.50,15303.80,0,
09_07_2026_10_50,15303.80,15316.70,15302.20,15315.90,0,
09_07_2026_10_55,15315.50,15315.80,15295.40,15297.20,0,
09_07_2026_11_00,15296.60,15297.70,15280.20,15297.20,0,
09_07_2026_11_05,15297.60,15302.00,15293.80,15295.00,0,
09_07_2026_11_10,15295.70,15306.50,15294.30,15305.20,0,
09_07_2026_11_15,15305.40,15318.00,15304.80,15316.90,0,
09_07_2026_11_20,15318.00,15329.80,15314.70,15328.30,0,
09_07_2026_11_25,15327.80,15358.80,15324.30,15353.00,0,
09_07_2026_11_30,15353.20,15353.20,15335.80,15342.80,0,
09_07_2026_11_35,15342.80,15344.00,15337.00,15344.00,0,
09_07_2026_11_40,15343.70,15343.80,15335.40,15338.00,0,
09_07_2026_11_45,15337.70,15342.90,15331.80,15339.30,0,
09_07_2026_11_50,15339.50,15342.00,15332.80,15336.50,0,
09_07_2026_11_55,15336.10,15345.70,15336.10,15345.20,0,
09_07_2026_12_00,15344.20,15357.00,15343.70,15356.20,0,
09_07_2026_12_05,15356.90,15359.80,15350.20,15352.80,0,
09_07_2026_12_10,15353.20,15355.00,15344.00,15346.70,0,
09_07_2026_12_15,15347.70,15350.40,15340.80,15341.70,0,
09_07_2026_12_20,15341.60,15345.00,15338.50,15343.50,0,
09_07_2026_12_25,15343.90,15348.70,15341.20,15348.20,0,
09_07_2026_12_30,15348.50,15350.80,15338.00,15338.70,0,
09_07_2026_12_35,15338.90,15339.70,15329.20,15330.40,0,
09_07_2026_12_40,15330.60,15332.50,15315.80,15319.90,0,
09_07_2026_12_45,15320.60,15322.80,15314.40,15319.50,0,
09_07_2026_12_50,15319.80,15326.50,15315.00,15325.20,0,
09_07_2026_12_55,15325.80,15329.80,15323.70,15323.70,0,
09_07_2026_13_00,15324.30,15325.50,15318.40,15323.70,0,
09_07_2026_13_05,15324.20,15324.80,15313.20,15317.20,0,
09_07_2026_13_10,15316.90,15322.20,15313.00,15321.70,0,
09_07_2026_13_15,15321.80,15326.30,15319.10,15321.70,0,
09_07_2026_13_20,15322.60,15323.50,15312.20,15313.20,0,
09_07_2026_13_25,15313.00,15313.20,15307.20,15309.70,0,
09_07_2026_13_30,15310.00,15328.00,15309.10,15326.80,0,
09_07_2026_13_35,15326.70,15339.50,15324.20,15338.00,0,
09_07_2026_13_40,15337.80,15338.80,15333.00,15335.90,0,
09_07_2026_13_45,15335.00,15341.90,15332.20,15336.30,0,
09_07_2026_13_50,15336.30,15337.60,15328.90,15329.80,0,
09_07_2026_13_55,15330.00,15331.90,15325.90,15326.00,0,
09_07_2026_14_00,15326.20,15331.40,15321.80,15328.00,0,
09_07_2026_14_05,15329.20,15334.00,15326.10,15327.00,0,
09_07_2026_14_10,15326.60,15334.30,15320.50,15331.30,0,
09_07_2026_14_15,15331.00,15339.00,15325.80,15328.50,0,
09_07_2026_14_20,15327.90,15333.80,15322.30,15331.00,0,
09_07_2026_14_25,15331.00,15335.90,15325.00,15331.20,0,
09_07_2026_14_30,15331.00,15338.20,15326.10,15334.80,0,
09_07_2026_14_35,15334.50,15335.70,15319.10,15321.70,0,
09_07_2026_14_40,15322.00,15323.40,15297.30,15308.50,0,
09_07_2026_14_45,15309.20,15312.70,15304.60,15306.50,0,
09_07_2026_14_50,15305.80,15317.00,15304.90,15314.20,0,
09_07_2026_14_55,15315.00,15320.00,15309.40,15319.00,0,
09_07_2026_15_00,15318.00,15318.00,15272.80,15278.20,0,
09_07_2026_15_05,15277.00,15281.50,15253.30,15271.00,0,
09_07_2026_15_10,15268.30,15270.50,15260.30,15261.20,0,
09_07_2026_15_15,15261.50,15269.20,15259.00,15268.30,0,
09_07_2026_15_20,15268.40,15276.00,15263.90,15267.90,0,
09_07_2026_15_25,15268.00,15282.50,15267.10,15280.80,0,
10_07_2026_09_15,15356.20,15382.10,15346.00,15360.70,0,
10_07_2026_09_20,15360.50,15372.00,15352.50,15368.80,0,
10_07_2026_09_25,15370.40,15372.50,15363.20,15370.20,0,
10_07_2026_09_30,15371.50,15394.80,15370.50,15393.80,0,
10_07_2026_09_35,15394.00,15397.30,15386.30,15388.80,0,
10_07_2026_09_40,15388.40,15395.20,15385.30,15387.20,0,
10_07_2026_09_45,15387.20,15397.40,15385.50,15395.80,0,
10_07_2026_09_50,15395.50,15396.30,15389.20,15391.30,0,
10_07_2026_09_55,15391.40,15404.20,15389.80,15404.10,0,
10_07_2026_10_00,15404.80,15408.20,15400.40,15401.60,0,
10_07_2026_10_05,15402.00,15407.00,15400.00,15406.00,0,
10_07_2026_10_10,15407.00,15412.20,15403.70,15406.00,0,
10_07_2026_10_15,15406.60,15411.80,15400.80,15403.20,0,
10_07_2026_10_20,15404.10,15409.20,15402.20,15404.80,0,
10_07_2026_10_25,15406.50,15412.30,15401.60,15402.20,0,
10_07_2026_10_30,15402.50,15403.10,15389.50,15395.70,0,
10_07_2026_10_35,15395.60,15398.70,15388.80,15389.50,0,
10_07_2026_10_40,15390.20,15398.20,15389.20,15397.50,0,
10_07_2026_10_45,15399.20,15399.20,15388.20,15388.90,0,
10_07_2026_10_50,15389.50,15394.20,15385.80,15389.70,0,
10_07_2026_10_55,15389.80,15393.50,15385.60,15389.00,0,
10_07_2026_11_00,15390.00,15392.80,15386.70,15388.00,0,
10_07_2026_11_05,15388.60,15389.60,15375.50,15376.80,0,
10_07_2026_11_10,15377.80,15381.10,15371.30,15380.50,0,
10_07_2026_11_15,15381.60,15381.80,15367.20,15372.00,0,
10_07_2026_11_20,15372.50,15374.30,15367.40,15372.10,0,
10_07_2026_11_25,15372.50,15372.50,15364.00,15365.00,0,
10_07_2026_11_30,15366.80,15369.20,15361.70,15366.50,0,
10_07_2026_11_35,15367.20,15369.30,15361.20,15363.80,0,
10_07_2026_11_40,15364.80,15366.90,15359.50,15360.50,0,
10_07_2026_11_45,15360.90,15375.20,15360.00,15374.00,0,
10_07_2026_11_50,15374.50,15374.50,15363.20,15367.20,0,
10_07_2026_11_55,15367.00,15370.30,15363.20,15368.80,0,
10_07_2026_12_00,15368.70,15377.60,15368.70,15371.80,0,
10_07_2026_12_05,15372.70,15374.10,15368.80,15372.50,0,
10_07_2026_12_10,15372.50,15374.80,15367.50,15369.80,0,
10_07_2026_12_15,15370.50,15373.90,15368.40,15370.50,0,
10_07_2026_12_20,15370.90,15371.80,15365.80,15370.30,0,
10_07_2026_12_25,15370.80,15383.00,15370.20,15379.80,0,
10_07_2026_12_30,15379.60,15381.00,15371.20,15375.70,0,
10_07_2026_12_35,15375.80,15376.20,15369.00,15374.00,0,
10_07_2026_12_40,15374.80,15395.30,15373.90,15391.00,0,
10_07_2026_12_45,15392.00,15398.90,15392.00,15395.80,0,
10_07_2026_12_50,15395.60,15398.00,15388.80,15389.40,0,
10_07_2026_12_55,15390.50,15395.40,15385.80,15387.60,0,
10_07_2026_13_00,15387.70,15401.80,15386.40,15399.20,0,
10_07_2026_13_05,15399.50,15405.00,15393.30,15394.00,0,
10_07_2026_13_10,15393.80,15393.80,15388.60,15392.70,0,
10_07_2026_13_15,15393.20,15394.00,15382.90,15383.30,0,
10_07_2026_13_20,15383.80,15384.00,15373.60,15375.00,0,
10_07_2026_13_25,15375.30,15381.00,15374.20,15380.20,0,
10_07_2026_13_30,15380.40,15385.70,15377.50,15383.00,0,
10_07_2026_13_35,15382.90,15390.70,15382.90,15390.50,0,
10_07_2026_13_40,15391.20,15394.70,15390.20,15391.50,0,
10_07_2026_13_45,15391.80,15396.40,15387.30,15388.10,0,
10_07_2026_13_50,15388.30,15400.00,15388.30,15399.30,0,
10_07_2026_13_55,15399.80,15402.00,15397.00,15399.20,0,
10_07_2026_14_00,15399.50,15405.50,15398.70,15404.00,0,
10_07_2026_14_05,15404.40,15404.60,15390.80,15391.30,0,
10_07_2026_14_10,15392.30,15396.70,15389.20,15395.30,0,
10_07_2026_14_15,15395.70,15399.50,15394.70,15399.30,0,
10_07_2026_14_20,15399.30,15407.20,15398.40,15406.10,0,
10_07_2026_14_25,15405.50,15408.70,15402.00,15405.90,0,
10_07_2026_14_30,15405.80,15410.20,15402.50,15404.50,0,
10_07_2026_14_35,15404.10,15406.30,15399.50,15403.30,0,
10_07_2026_14_40,15403.20,15407.30,15402.50,15406.00,0,
10_07_2026_14_45,15406.30,15415.40,15404.20,15411.70,0,
10_07_2026_14_50,15412.80,15412.80,15406.20,15407.90,0,
10_07_2026_14_55,15407.80,15412.00,15401.90,15407.10,0,
10_07_2026_15_00,15407.80,15416.30,15400.10,15407.70,0,
10_07_2026_15_05,15408.70,15412.80,15406.00,15411.90,0,
10_07_2026_15_10,15412.60,15415.50,15408.60,15410.00,0,
10_07_2026_15_15,15409.90,15410.50,15401.50,15402.50,0,
10_07_2026_15_20,15401.80,15412.50,15399.90,15409.80,0,
10_07_2026_15_25,15410.50,15417.00,15408.20,15411.00,0,
13_07_2026_09_15,15300.20,15301.30,15252.70,15283.20,0,
13_07_2026_09_20,15282.50,15292.50,15275.40,15288.00,0,
13_07_2026_09_25,15288.00,15303.00,15286.40,15302.00,0,
13_07_2026_09_30,15301.70,15306.00,15287.00,15293.70,0,
13_07_2026_09_35,15293.30,15317.60,15288.20,15317.20,0,
13_07_2026_09_40,15317.80,15330.20,15314.10,15329.60,0,
13_07_2026_09_45,15330.70,15340.80,15326.20,15340.20,0,
13_07_2026_09_50,15340.20,15346.20,15331.70,15339.40,0,
13_07_2026_09_55,15340.80,15348.00,15339.00,15346.20,0,
13_07_2026_10_00,15346.60,15356.00,15346.60,15348.80,0,
13_07_2026_10_05,15349.80,15353.50,15340.80,15347.70,0,
13_07_2026_10_10,15347.80,15354.30,15344.00,15347.70,0,
13_07_2026_10_15,15347.80,15352.50,15345.80,15351.00,0,
13_07_2026_10_20,15350.50,15356.70,15349.20,15352.70,0,
13_07_2026_10_25,15352.50,15368.00,15350.10,15361.80,0,
13_07_2026_10_30,15361.50,15375.00,15356.50,15374.80,0,
13_07_2026_10_35,15374.90,15378.20,15365.00,15365.00,0,
13_07_2026_10_40,15364.70,15375.90,15364.30,15367.10,0,
13_07_2026_10_45,15367.80,15369.10,15355.50,15355.80,0,
13_07_2026_10_50,15355.30,15355.80,15342.00,15344.30,0,
13_07_2026_10_55,15344.00,15356.70,15341.10,15352.20,0,
13_07_2026_11_00,15352.20,15353.10,15342.30,15351.70,0,
13_07_2026_11_05,15351.20,15356.00,15348.20,15351.10,0,
13_07_2026_11_10,15351.20,15363.50,15351.20,15352.70,0,
13_07_2026_11_15,15352.50,15355.00,15346.30,15348.80,0,
13_07_2026_11_20,15349.20,15363.70,15348.80,15360.00,0,
13_07_2026_11_25,15360.00,15361.30,15351.00,15353.30,0,
13_07_2026_11_30,15353.20,15359.20,15351.10,15359.20,0,
13_07_2026_11_35,15359.30,15361.20,15351.70,15352.90,0,
13_07_2026_11_40,15352.70,15354.70,15345.80,15347.20,0,
13_07_2026_11_45,15347.20,15349.60,15340.50,15343.00,0,
13_07_2026_11_50,15343.30,15346.70,15336.80,15341.00,0,
13_07_2026_11_55,15340.60,15345.40,15338.90,15344.20,0,
13_07_2026_12_00,15343.90,15351.60,15343.80,15346.70,0,
13_07_2026_12_05,15346.50,15347.20,15342.80,15344.00,0,
13_07_2026_12_10,15343.90,15359.70,15337.80,15354.00,0,
13_07_2026_12_15,15354.10,15361.10,15350.00,15357.80,0,
13_07_2026_12_20,15357.80,15364.00,15354.00,15356.20,0,
13_07_2026_12_25,15356.20,15358.10,15350.90,15353.30,0,
13_07_2026_12_30,15353.00,15356.00,15344.00,15353.20,0,
13_07_2026_12_35,15352.80,15362.40,15351.70,15361.50,0,
13_07_2026_12_40,15361.70,15363.70,15359.00,15363.50,0,
13_07_2026_12_45,15362.80,15370.20,15362.00,15369.00,0,
13_07_2026_12_50,15368.70,15389.00,15365.20,15380.30,0,
13_07_2026_12_55,15380.40,15380.40,15369.40,15372.30,0,
13_07_2026_13_00,15372.20,15372.20,15363.30,15364.80,0,
13_07_2026_13_05,15363.90,15367.30,15362.20,15366.30,0,
13_07_2026_13_10,15366.00,15370.80,15364.50,15370.80,0,
13_07_2026_13_15,15370.10,15370.40,15360.70,15364.20,0,
13_07_2026_13_20,15363.30,15366.20,15356.20,15357.70,0,
13_07_2026_13_25,15357.50,15357.50,15334.50,15338.20,0,
13_07_2026_13_30,15337.20,15348.00,15337.20,15343.80,0,
13_07_2026_13_35,15343.40,15355.20,15342.50,15354.80,0,
13_07_2026_13_40,15354.80,15358.00,15351.00,15352.00,0,
13_07_2026_13_45,15352.20,15361.00,15351.80,15360.80,0,
13_07_2026_13_50,15360.20,15360.70,15353.90,15356.00,0,
13_07_2026_13_55,15355.30,15361.80,15352.80,15359.30,0,
13_07_2026_14_00,15359.30,15365.90,15356.00,15364.20,0,
13_07_2026_14_05,15364.30,15368.30,15363.20,15367.50,0,
13_07_2026_14_10,15367.60,15371.50,15365.20,15371.30,0,
13_07_2026_14_15,15370.70,15376.50,15368.30,15375.20,0,
13_07_2026_14_20,15374.50,15381.20,15370.60,15380.70,0,
13_07_2026_14_25,15380.10,15381.30,15374.90,15378.90,0,
13_07_2026_14_30,15378.50,15384.50,15374.20,15384.20,0,
13_07_2026_14_35,15383.80,15384.20,15374.30,15377.10,0,
13_07_2026_14_40,15376.20,15382.50,15374.20,15381.10,0,
13_07_2026_14_45,15380.50,15390.10,15380.30,15388.70,0,
13_07_2026_14_50,15388.20,15395.70,15388.20,15395.50,0,
13_07_2026_14_55,15395.20,15395.20,15381.10,15383.80,0,
13_07_2026_15_00,15383.00,15386.20,15373.30,15378.00,0,
13_07_2026_15_05,15377.60,15379.70,15373.80,15376.50,0,
13_07_2026_15_10,15376.50,15376.50,15369.00,15370.70,0,
13_07_2026_15_15,15371.00,15374.20,15365.50,15366.80,0,
13_07_2026_15_20,15366.60,15371.40,15362.00,15370.80,0,
13_07_2026_15_25,15371.20,15378.00,15368.50,15374.80,0,
14_07_2026_09_15,15276.00,15315.30,15255.00,15289.30,0,
14_07_2026_09_20,15289.20,15307.90,15280.30,15304.50,0,
14_07_2026_09_25,15304.20,15309.90,15296.10,15300.60,0,
14_07_2026_09_30,15301.80,15317.20,15295.30,15308.50,0,
14_07_2026_09_35,15309.00,15309.20,15288.10,15288.70,0,
14_07_2026_09_40,15289.00,15289.30,15264.90,15273.70,0,
14_07_2026_09_45,15274.00,15274.00,15251.10,15259.50,0,
14_07_2026_09_50,15259.50,15262.00,15248.50,15249.20,0,
14_07_2026_09_55,15248.80,15261.60,15247.00,15258.30,0,
14_07_2026_10_00,15258.90,15272.70,15252.90,15271.20,0,
14_07_2026_10_05,15271.70,15273.20,15259.70,15270.00,0,
14_07_2026_10_10,15270.50,15273.30,15264.50,15267.40,0,
14_07_2026_10_15,15267.80,15267.80,15239.00,15243.10,0,
14_07_2026_10_20,15242.80,15262.30,15242.00,15255.80,0,
14_07_2026_10_25,15257.00,15260.20,15250.70,15257.60,0,
14_07_2026_10_30,15258.20,15275.70,15256.10,15269.20,0,
14_07_2026_10_35,15268.80,15270.50,15253.50,15263.00,0,
14_07_2026_10_40,15263.10,15270.20,15257.50,15267.60,0,
14_07_2026_10_45,15267.30,15279.50,15263.20,15279.50,0,
14_07_2026_10_50,15279.20,15283.20,15275.20,15278.00,0,
14_07_2026_10_55,15277.80,15288.20,15275.20,15280.00,0,
14_07_2026_11_00,15280.60,15297.30,15280.50,15290.00,0,
14_07_2026_11_05,15290.20,15295.00,15285.10,15286.80,0,
14_07_2026_11_10,15287.50,15306.90,15287.30,15304.20,0,
14_07_2026_11_15,15303.90,15306.30,15297.20,15302.00,0,
14_07_2026_11_20,15302.50,15308.10,15299.10,15307.50,0,
14_07_2026_11_25,15307.80,15307.90,15300.40,15303.30,0,
14_07_2026_11_30,15303.70,15303.70,15295.80,15297.60,0,
14_07_2026_11_35,15297.80,15300.00,15284.50,15288.50,0,
14_07_2026_11_40,15288.50,15292.00,15278.20,15287.10,0,
14_07_2026_11_45,15287.20,15291.20,15283.00,15285.20,0,
14_07_2026_11_50,15285.50,15293.20,15284.80,15286.40,0,
14_07_2026_11_55,15287.00,15287.00,15277.70,15283.30,0,
14_07_2026_12_00,15283.70,15292.20,15282.20,15288.70,0,
14_07_2026_12_05,15288.80,15289.10,15279.80,15285.70,0,
14_07_2026_12_10,15286.00,15290.80,15283.30,15287.80,0,
14_07_2026_12_15,15288.30,15288.30,15278.50,15283.50,0,
14_07_2026_12_20,15283.30,15284.50,15276.00,15277.50,0,
14_07_2026_12_25,15277.50,15277.70,15257.70,15258.70,0,
14_07_2026_12_30,15258.50,15269.10,15258.20,15267.50,0,
14_07_2026_12_35,15268.20,15279.10,15267.10,15278.80,0,
14_07_2026_12_40,15278.50,15285.00,15274.80,15284.10,0,
14_07_2026_12_45,15283.90,15285.20,15277.50,15279.80,0,
14_07_2026_12_50,15280.10,15282.30,15277.80,15278.50,0,
14_07_2026_12_55,15278.90,15285.00,15276.70,15277.00,0,
14_07_2026_13_00,15277.90,15279.80,15267.80,15277.80,0,
14_07_2026_13_05,15278.20,15284.40,15277.80,15281.90,0,
14_07_2026_13_10,15281.30,15283.50,15277.10,15278.20,0,
14_07_2026_13_15,15278.20,15278.90,15271.20,15277.50,0,
14_07_2026_13_20,15278.70,15287.50,15278.20,15284.70,0,
14_07_2026_13_25,15285.20,15288.50,15276.70,15288.00,0,
14_07_2026_13_30,15288.70,15288.70,15278.80,15280.50,0,
14_07_2026_13_35,15280.50,15280.90,15255.30,15261.30,0,
14_07_2026_13_40,15262.10,15264.50,15257.20,15263.40,0,
14_07_2026_13_45,15263.50,15273.20,15263.30,15272.70,0,
14_07_2026_13_50,15273.10,15273.40,15267.80,15270.50,0,
14_07_2026_13_55,15270.10,15276.80,15270.10,15272.30,0,
14_07_2026_14_00,15272.20,15277.10,15269.70,15276.40,0,
14_07_2026_14_05,15276.50,15277.00,15262.40,15264.30,0,
14_07_2026_14_10,15265.70,15275.00,15264.50,15272.30,0,
14_07_2026_14_15,15272.50,15275.00,15263.50,15266.90,0,
14_07_2026_14_20,15266.80,15268.40,15259.40,15265.60,0,
14_07_2026_14_25,15265.50,15267.50,15255.50,15257.90,0,
14_07_2026_14_30,15258.70,15262.20,15254.80,15261.80,0,
14_07_2026_14_35,15262.50,15268.20,15258.20,15262.90,0,
14_07_2026_14_40,15263.00,15266.70,15261.20,15262.70,0,
14_07_2026_14_45,15262.20,15264.00,15246.40,15249.70,0,
14_07_2026_14_50,15249.50,15253.50,15242.00,15248.30,0,
14_07_2026_14_55,15248.20,15258.00,15243.20,15250.00,0,
14_07_2026_15_00,15250.80,15267.50,15250.80,15266.50,0,
14_07_2026_15_05,15267.40,15274.00,15266.00,15269.60,0,
14_07_2026_15_10,15270.90,15270.90,15251.90,15254.80,0,
14_07_2026_15_15,15255.30,15258.40,15250.30,15253.20,0,
14_07_2026_15_20,15253.80,15255.50,15249.10,15253.00,0,
14_07_2026_15_25,15253.30,15253.30,15244.80,15246.80,0,
15_07_2026_09_15,15308.90,15356.80,15305.50,15353.30,0,
15_07_2026_09_20,15354.00,15370.00,15354.00,15362.30,0,
15_07_2026_09_25,15362.50,15369.20,15359.80,15364.20,0,
15_07_2026_09_30,15365.30,15382.20,15365.30,15375.40,0,
15_07_2026_09_35,15376.20,15383.30,15375.20,15380.80,0,
15_07_2026_09_40,15381.80,15384.00,15369.30,15374.80,0,
15_07_2026_09_45,15374.90,15383.00,15373.90,15374.50,0,
15_07_2026_09_50,15374.40,15389.70,15374.00,15387.20,0,
15_07_2026_09_55,15388.20,15390.00,15373.80,15374.60,0,
15_07_2026_10_00,15374.50,15374.80,15360.30,15361.20,0,
15_07_2026_10_05,15361.00,15366.50,15358.50,15363.00,0,
15_07_2026_10_10,15363.50,15365.80,15358.70,15365.30,0,
15_07_2026_10_15,15365.70,15374.20,15365.20,15371.00,0,
15_07_2026_10_20,15370.20,15373.00,15368.40,15369.70,0,
15_07_2026_10_25,15369.80,15372.00,15367.50,15368.40,0,
15_07_2026_10_30,15369.00,15380.20,15368.20,15377.70,0,
15_07_2026_10_35,15377.80,15384.00,15371.90,15377.00,0,
15_07_2026_10_40,15376.80,15381.80,15375.00,15378.30,0,
15_07_2026_10_45,15378.30,15378.80,15371.80,15371.80,0,
15_07_2026_10_50,15372.50,15377.00,15371.40,15372.30,0,
15_07_2026_10_55,15372.70,15373.50,15365.70,15365.80,0,
15_07_2026_11_00,15365.80,15370.30,15362.90,15366.80,0,
15_07_2026_11_05,15367.10,15369.00,15363.20,15368.90,0,
15_07_2026_11_10,15368.80,15371.90,15355.80,15356.40,0,
15_07_2026_11_15,15356.20,15361.50,15355.60,15357.00,0,
15_07_2026_11_20,15357.00,15359.10,15351.60,15356.80,0,
15_07_2026_11_25,15356.70,15366.10,15356.20,15363.80,0,
15_07_2026_11_30,15363.80,15373.30,15360.50,15372.40,0,
15_07_2026_11_35,15372.70,15372.80,15367.00,15367.50,0,
15_07_2026_11_40,15367.50,15373.40,15362.50,15368.70,0,
15_07_2026_11_45,15369.00,15370.60,15363.50,15365.20,0,
15_07_2026_11_50,15365.20,15369.90,15362.50,15363.00,0,
15_07_2026_11_55,15362.50,15367.60,15360.50,15360.90,0,
15_07_2026_12_00,15361.00,15362.80,15356.00,15358.60,0,
15_07_2026_12_05,15358.40,15362.00,15356.50,15358.70,0,
15_07_2026_12_10,15358.80,15370.40,15355.00,15369.00,0,
15_07_2026_12_15,15369.70,15372.00,15365.90,15366.60,0,
15_07_2026_12_20,15366.50,15370.00,15356.70,15359.00,0,
15_07_2026_12_25,15359.00,15364.30,15351.50,15351.70,0,
15_07_2026_12_30,15352.00,15353.00,15344.80,15349.40,0,
15_07_2026_12_35,15349.60,15350.00,15336.30,15336.90,0,
15_07_2026_12_40,15337.20,15346.00,15334.70,15344.70,0,
15_07_2026_12_45,15344.20,15346.60,15337.20,15339.70,0,
15_07_2026_12_50,15339.00,15345.40,15326.80,15327.20,0,
15_07_2026_12_55,15327.70,15327.70,15267.50,15289.10,0,
15_07_2026_13_00,15289.00,15303.40,15281.70,15297.00,0,
15_07_2026_13_05,15297.30,15299.70,15277.00,15277.00,0,
15_07_2026_13_10,15277.50,15282.00,15272.10,15279.80,0,
15_07_2026_13_15,15279.80,15305.90,15277.30,15304.20,0,
15_07_2026_13_20,15304.20,15304.70,15292.00,15293.50,0,
15_07_2026_13_25,15293.20,15296.50,15290.10,15293.40,0,
15_07_2026_13_30,15293.80,15294.60,15287.00,15288.00,0,
15_07_2026_13_35,15287.80,15294.80,15282.50,15284.80,0,
15_07_2026_13_40,15284.50,15285.20,15276.00,15283.20,0,
15_07_2026_13_45,15283.20,15295.50,15280.30,15290.10,0,
15_07_2026_13_50,15290.20,15291.80,15275.30,15278.70,0,
15_07_2026_13_55,15278.80,15294.20,15276.50,15293.50,0,
15_07_2026_14_00,15293.20,15297.30,15291.20,15296.00,0,
15_07_2026_14_05,15295.30,15305.50,15289.80,15303.00,0,
15_07_2026_14_10,15302.20,15303.50,15296.60,15301.10,0,
15_07_2026_14_15,15300.70,15311.30,15297.60,15301.50,0,
15_07_2026_14_20,15301.60,15304.00,15298.10,15299.30,0,
15_07_2026_14_25,15298.80,15301.20,15295.00,15299.80,0,
15_07_2026_14_30,15299.80,15305.30,15297.70,15301.60,0,
15_07_2026_14_35,15301.60,15319.70,15301.40,15319.00,0,
15_07_2026_14_40,15319.30,15320.00,15311.30,15314.00,0,
15_07_2026_14_45,15313.20,15320.00,15310.20,15310.70,0,
15_07_2026_14_50,15310.90,15312.00,15306.80,15310.70,0,
15_07_2026_14_55,15310.20,15311.20,15303.20,15304.80,0,
15_07_2026_15_00,15304.70,15316.20,15296.00,15306.70,0,
15_07_2026_15_05,15307.00,15310.80,15303.10,15303.30,0,
15_07_2026_15_10,15303.20,15308.00,15302.70,15304.70,0,
15_07_2026_15_15,15305.50,15309.50,15301.50,15308.80,0,
15_07_2026_15_20,15308.70,15314.70,15306.20,15314.40,0,
15_07_2026_15_25,15314.30,15321.00,15309.80,15311.20,0,
16_07_2026_09_15,15368.70,15370.50,15330.80,15362.10,0,
16_07_2026_09_20,15361.40,15375.50,15351.30,15355.20,0,
16_07_2026_09_25,15356.20,15363.00,15343.70,15349.70,0,
16_07_2026_09_30,15348.70,15356.20,15336.90,15336.90,0,
16_07_2026_09_35,15336.80,15343.10,15330.00,15340.30,0,
16_07_2026_09_40,15340.50,15352.50,15339.00,15351.00,0,
16_07_2026_09_45,15351.70,15362.80,15351.20,15352.50,0,
16_07_2026_09_50,15353.00,15356.80,15348.10,15352.00,0,
16_07_2026_09_55,15352.70,15358.80,15352.00,15356.20,0,
16_07_2026_10_00,15356.40,15364.00,15352.70,15357.20,0,
16_07_2026_10_05,15357.70,15357.70,15349.90,15354.20,0,
16_07_2026_10_10,15354.80,15357.90,15349.10,15354.70,0,
16_07_2026_10_15,15354.90,15356.20,15349.50,15351.10,0,
16_07_2026_10_20,15350.50,15358.50,15350.20,15357.50,0,
16_07_2026_10_25,15357.70,15358.00,15345.10,15354.50,0,
16_07_2026_10_30,15354.70,15355.20,15347.20,15349.20,0,
16_07_2026_10_35,15349.60,15351.70,15344.90,15349.20,0,
16_07_2026_10_40,15350.00,15356.20,15347.40,15355.00,0,
16_07_2026_10_45,15356.00,15373.30,15355.30,15373.00,0,
16_07_2026_10_50,15372.50,15383.20,15371.60,15375.70,0,
16_07_2026_10_55,15376.20,15385.80,15376.20,15385.00,0,
16_07_2026_11_00,15386.60,15397.40,15386.60,15390.20,0,
16_07_2026_11_05,15390.90,15391.50,15384.50,15388.50,0,
16_07_2026_11_10,15388.40,15390.80,15380.50,15381.20,0,
16_07_2026_11_15,15382.20,15389.20,15378.80,15380.30,0,
16_07_2026_11_20,15380.20,15384.60,15378.70,15383.00,0,
16_07_2026_11_25,15383.10,15387.10,15379.20,15381.00,0,
16_07_2026_11_30,15382.30,15391.30,15380.60,15387.20,0,
16_07_2026_11_35,15387.50,15397.20,15386.80,15395.80,0,
16_07_2026_11_40,15396.80,15399.00,15386.00,15386.30,0,
16_07_2026_11_45,15387.50,15388.20,15381.20,15381.70,0,
16_07_2026_11_50,15382.20,15383.20,15375.80,15378.20,0,
16_07_2026_11_55,15378.40,15378.40,15373.50,15376.80,0,
16_07_2026_12_00,15376.50,15377.50,15368.50,15369.20,0,
16_07_2026_12_05,15369.30,15373.50,15368.70,15372.50,0,
16_07_2026_12_10,15372.80,15375.60,15370.40,15371.00,0,
16_07_2026_12_15,15371.50,15375.80,15368.50,15375.00,0,
16_07_2026_12_20,15375.30,15378.70,15373.80,15376.80,0,
16_07_2026_12_25,15377.40,15386.50,15377.00,15383.70,0,
16_07_2026_12_30,15384.00,15384.20,15371.80,15374.40,0,
16_07_2026_12_35,15374.30,15375.40,15365.80,15368.00,0,
16_07_2026_12_40,15367.80,15372.80,15362.00,15362.70,0,
16_07_2026_12_45,15363.20,15368.80,15361.60,15368.00,0,
16_07_2026_12_50,15368.00,15369.50,15362.40,15365.80,0,
16_07_2026_12_55,15366.00,15367.90,15361.30,15362.80,0,
16_07_2026_13_00,15363.20,15363.20,15353.70,15360.80,0,
16_07_2026_13_05,15361.00,15365.00,15358.20,15364.40,0,
16_07_2026_13_10,15364.40,15368.20,15360.50,15366.20,0,
16_07_2026_13_15,15366.00,15367.20,15359.30,15363.60,0,
16_07_2026_13_20,15364.20,15367.30,15363.00,15365.00,0,
16_07_2026_13_25,15365.60,15365.60,15357.20,15360.10,0,
16_07_2026_13_30,15360.20,15360.50,15345.00,15349.50,0,
16_07_2026_13_35,15349.60,15350.20,15334.60,15335.50,0,
16_07_2026_13_40,15335.40,15335.40,15320.60,15322.90,0,
16_07_2026_13_45,15324.00,15331.80,15321.70,15325.70,0,
16_07_2026_13_50,15326.50,15338.60,15325.20,15335.70,0,
16_07_2026_13_55,15336.30,15349.20,15335.80,15348.90,0,
16_07_2026_14_00,15349.20,15352.40,15346.50,15347.90,0,
16_07_2026_14_05,15348.00,15350.10,15345.20,15345.50,0,
16_07_2026_14_10,15345.70,15350.70,15342.80,15348.50,0,
16_07_2026_14_15,15348.60,15359.20,15347.20,15353.50,0,
16_07_2026_14_20,15354.00,15354.00,15342.70,15343.80,0,
16_07_2026_14_25,15343.80,15345.60,15338.80,15339.10,0,
16_07_2026_14_30,15340.20,15345.80,15339.00,15341.60,0,
16_07_2026_14_35,15342.10,15343.80,15335.00,15340.00,0,
16_07_2026_14_40,15340.60,15344.20,15333.80,15341.20,0,
16_07_2026_14_45,15342.60,15344.20,15338.80,15339.80,0,
16_07_2026_14_50,15339.60,15347.70,15338.80,15346.00,0,
16_07_2026_14_55,15346.90,15356.80,15346.00,15348.10,0,
16_07_2026_15_00,15347.40,15348.80,15324.20,15324.70,0,
16_07_2026_15_05,15324.70,15332.90,15321.30,15323.50,0,
16_07_2026_15_10,15322.50,15324.20,15318.00,15319.20,0,
16_07_2026_15_15,15319.00,15321.20,15314.70,15319.50,0,
16_07_2026_15_20,15318.20,15321.80,15315.30,15320.30,0,
16_07_2026_15_25,15320.30,15329.10,15313.50,15321.80,0,
17_07_2026_09_15,15328.20,15329.20,15289.80,15324.70,0,
17_07_2026_09_20,15323.50,15333.40,15313.50,15317.70,0,
17_07_2026_09_25,15318.00,15347.50,15316.80,15346.70,0,
17_07_2026_09_30,15347.20,15362.70,15346.30,15355.80,0,
17_07_2026_09_35,15356.20,15357.60,15342.60,15347.00,0,
17_07_2026_09_40,15347.20,15352.70,15346.20,15348.80,0,
17_07_2026_09_45,15349.60,15361.80,15349.50,15357.80,0,
17_07_2026_09_50,15358.00,15362.00,15345.20,15347.70,0,
17_07_2026_09_55,15348.30,15348.50,15331.20,15340.40,0,
17_07_2026_10_00,15340.80,15341.80,15325.70,15327.80,0,
17_07_2026_10_05,15327.50,15343.80,15324.50,15341.90,0,
17_07_2026_10_10,15342.10,15346.80,15339.60,15341.00,0,
17_07_2026_10_15,15341.80,15370.00,15341.20,15365.20,0,
17_07_2026_10_20,15365.00,15366.20,15355.60,15356.50,0,
17_07_2026_10_25,15356.40,15369.70,15355.20,15369.70,0,
17_07_2026_10_30,15369.70,15372.80,15361.80,15372.20,0,
17_07_2026_10_35,15372.70,15373.80,15354.00,15355.40,0,
17_07_2026_10_40,15355.80,15359.30,15342.30,15351.90,0,
17_07_2026_10_45,15352.00,15353.70,15342.20,15343.30,0,
17_07_2026_10_50,15343.30,15352.20,15338.80,15349.70,0,
17_07_2026_10_55,15348.20,15354.50,15344.50,15346.20,0,
17_07_2026_11_00,15346.00,15348.90,15337.40,15343.80,0,
17_07_2026_11_05,15344.40,15349.70,15329.50,15335.20,0,
17_07_2026_11_10,15334.50,15336.00,15330.20,15332.20,0,
17_07_2026_11_15,15331.80,15333.30,15326.80,15329.50,0,
17_07_2026_11_20,15329.60,15330.40,15321.80,15327.30,0,
17_07_2026_11_25,15327.00,15328.50,15321.40,15323.50,0,
17_07_2026_11_30,15323.80,15326.00,15315.20,15323.80,0,
17_07_2026_11_35,15324.10,15330.80,15320.70,15330.20,0,
17_07_2026_11_40,15330.60,15332.20,15326.50,15331.50,0,
17_07_2026_11_45,15331.60,15334.50,15330.70,15332.00,0,
17_07_2026_11_50,15332.20,15340.70,15331.20,15337.70,0,
17_07_2026_11_55,15337.80,15338.50,15331.50,15332.30,0,
17_07_2026_12_00,15333.10,15335.00,15326.50,15332.80,0,
17_07_2026_12_05,15332.50,15333.10,15321.40,15330.00,0,
17_07_2026_12_10,15330.10,15332.50,15326.00,15329.40,0,
17_07_2026_12_15,15329.40,15332.60,15325.80,15330.20,0,
17_07_2026_12_20,15330.70,15337.00,15327.40,15335.30,0,
17_07_2026_12_25,15335.60,15337.20,15330.00,15332.30,0,
17_07_2026_12_30,15332.30,15336.70,15328.10,15334.80,0,
17_07_2026_12_35,15335.00,15341.00,15331.80,15339.00,0,
17_07_2026_12_40,15339.20,15347.20,15328.80,15347.20,0,
17_07_2026_12_45,15347.00,15360.50,15347.00,15359.10,0,
17_07_2026_12_50,15359.00,15359.60,15350.20,15351.90,0,
17_07_2026_12_55,15352.70,15355.60,15349.10,15352.50,0,
17_07_2026_13_00,15352.70,15361.70,15352.20,15357.80,0,
17_07_2026_13_05,15358.60,15361.80,15357.00,15358.80,0,
17_07_2026_13_10,15359.00,15361.50,15356.20,15360.80,0,
17_07_2026_13_15,15360.70,15361.20,15351.40,15355.80,0,
17_07_2026_13_20,15356.50,15361.00,15352.00,15353.00,0,
17_07_2026_13_25,15352.70,15355.90,15345.50,15350.30,0,
17_07_2026_13_30,15349.80,15354.20,15347.50,15350.70,0,
17_07_2026_13_35,15350.80,15355.90,15347.60,15352.00,0,
17_07_2026_13_40,15352.00,15352.00,15342.50,15347.40,0,
17_07_2026_13_45,15346.90,15347.60,15339.30,15341.80,0,
17_07_2026_13_50,15341.00,15341.40,15324.30,15335.20,0,
17_07_2026_13_55,15335.00,15350.30,15333.00,15349.40,0,
17_07_2026_14_00,15349.40,15349.70,15342.00,15347.30,0,
17_07_2026_14_05,15347.50,15348.40,15343.30,15344.50,0,
17_07_2026_14_10,15344.20,15352.50,15343.70,15350.80,0,
17_07_2026_14_15,15351.70,15402.20,15351.40,15367.10,0,
17_07_2026_14_20,15366.50,15371.30,15353.80,15356.90,0,
17_07_2026_14_25,15357.00,15368.80,15351.60,15353.30,0,
17_07_2026_14_30,15353.60,15365.80,15353.50,15358.80,0,
17_07_2026_14_35,15358.70,15367.50,15356.50,15367.00,0,
17_07_2026_14_40,15366.90,15376.80,15365.50,15376.50,0,
17_07_2026_14_45,15376.50,15381.50,15372.00,15380.20,0,
17_07_2026_14_50,15380.70,15383.40,15377.50,15383.40,0,
17_07_2026_14_55,15383.60,15388.00,15379.20,15379.80,0,
17_07_2026_15_00,15380.50,15391.20,15380.00,15385.20,0,
17_07_2026_15_05,15384.80,15388.80,15382.90,15384.40,0,
17_07_2026_15_10,15384.00,15387.70,15380.80,15381.30,0,
17_07_2026_15_15,15380.50,15381.80,15365.90,15366.20,0,
17_07_2026_15_20,15366.50,15370.60,15364.80,15369.00,0,
17_07_2026_15_25,15368.80,15373.70,15361.50,15362.20,0,
20_07_2026_09_15,15363.00,15385.40,15342.20,15369.00,0,
20_07_2026_09_20,15368.00,15381.80,15363.50,15381.80,0,
20_07_2026_09_25,15381.10,15383.10,15366.70,15375.80,0,
20_07_2026_09_30,15375.70,15377.50,15358.70,15373.00,0,
20_07_2026_09_35,15374.50,15388.30,15371.50,15380.80,0,
20_07_2026_09_40,15380.20,15383.10,15369.70,15373.20,0,
20_07_2026_09_45,15372.20,15382.20,15371.80,15380.90,0,
20_07_2026_09_50,15380.80,15388.00,15379.90,15385.70,0,
20_07_2026_09_55,15385.70,15396.60,15385.00,15394.00,0,
20_07_2026_10_00,15394.70,15399.20,15390.30,15391.50,0,
20_07_2026_10_05,15391.10,15399.00,15389.20,15394.50,0,
20_07_2026_10_10,15394.30,15405.70,15393.20,15405.30,0,
20_07_2026_10_15,15405.30,15425.20,15405.20,15423.30,0,
20_07_2026_10_20,15423.50,15427.30,15410.10,15414.00,0,
20_07_2026_10_25,15413.90,15426.70,15411.20,15424.80,0,
20_07_2026_10_30,15425.40,15437.40,15425.30,15428.00,0,
20_07_2026_10_35,15427.90,15428.50,15416.80,15421.90,0,
20_07_2026_10_40,15421.20,15426.30,15419.80,15422.00,0,
20_07_2026_10_45,15421.70,15427.70,15419.00,15424.70,0,
20_07_2026_10_50,15425.10,15430.90,15422.90,15425.90,0,
20_07_2026_10_55,15426.70,15438.50,15423.30,15436.70,0,
20_07_2026_11_00,15437.20,15438.70,15428.00,15429.90,0,
20_07_2026_11_05,15430.10,15434.80,15424.20,15429.30,0,
20_07_2026_11_10,15429.20,15430.70,15422.50,15423.30,0,
20_07_2026_11_15,15423.50,15425.00,15413.90,15417.40,0,
20_07_2026_11_20,15417.50,15423.80,15413.20,15413.20,0,
20_07_2026_11_25,15413.50,15421.50,15412.00,15416.00,0,
20_07_2026_11_30,15416.00,15420.20,15411.30,15420.10,0,
20_07_2026_11_35,15419.70,15426.20,15415.40,15419.80,0,
20_07_2026_11_40,15420.00,15421.20,15409.70,15410.20,0,
20_07_2026_11_45,15409.80,15410.20,15403.00,15407.00,0,
20_07_2026_11_50,15406.90,15409.20,15399.00,15399.30,0,
20_07_2026_11_55,15399.50,15400.80,15395.00,15399.50,0,
20_07_2026_12_00,15399.30,15399.30,15390.00,15392.00,0,
20_07_2026_12_05,15391.80,15394.00,15386.30,15392.80,0,
20_07_2026_12_10,15392.50,15403.30,15392.50,15403.00,0,
20_07_2026_12_15,15403.20,15408.80,15402.40,15406.90,0,
20_07_2026_12_20,15406.50,15406.70,15398.50,15398.80,0,
20_07_2026_12_25,15398.80,15403.10,15394.70,15396.30,0,
20_07_2026_12_30,15396.70,15403.00,15394.80,15395.50,0,
20_07_2026_12_35,15395.80,15396.80,15392.70,15394.70,0,
20_07_2026_12_40,15394.20,15396.00,15383.70,15384.00,0,
20_07_2026_12_45,15383.70,15383.70,15375.30,15376.80,0,
20_07_2026_12_50,15376.30,15391.50,15376.30,15388.30,0,
20_07_2026_12_55,15388.00,15403.10,15386.30,15402.80,0,
20_07_2026_13_00,15402.30,15403.00,15396.80,15402.20,0,
20_07_2026_13_05,15402.30,15403.10,15393.20,15393.80,0,
20_07_2026_13_10,15394.20,15421.20,15392.80,15420.80,0,
20_07_2026_13_15,15420.70,15430.00,15416.90,15422.20,0,
20_07_2026_13_20,15422.20,15434.30,15419.00,15433.60,0,
20_07_2026_13_25,15433.30,15436.50,15426.80,15436.40,0,
20_07_2026_13_30,15435.80,15438.90,15430.90,15436.80,0,
20_07_2026_13_35,15436.50,15442.70,15435.80,15439.00,0,
20_07_2026_13_40,15440.10,15440.10,15430.30,15430.60,0,
20_07_2026_13_45,15430.50,15450.10,15430.00,15449.80,0,
20_07_2026_13_50,15449.60,15451.60,15440.80,15444.20,0,
20_07_2026_13_55,15444.00,15454.80,15443.00,15453.80,0,
20_07_2026_14_00,15453.80,15463.80,15453.70,15463.50,0,
20_07_2026_14_05,15463.50,15469.00,15462.40,15463.50,0,
20_07_2026_14_10,15463.80,15471.10,15460.50,15464.20,0,
20_07_2026_14_15,15464.30,15466.30,15457.00,15466.20,0,
20_07_2026_14_20,15466.20,15473.50,15464.80,15470.80,0,
20_07_2026_14_25,15470.50,15477.50,15468.00,15475.00,0,
20_07_2026_14_30,15475.70,15475.70,15464.00,15467.50,0,
20_07_2026_14_35,15467.50,15467.80,15456.00,15458.40,0,
20_07_2026_14_40,15458.20,15466.00,15455.90,15462.50,0,
20_07_2026_14_45,15462.50,15469.20,15459.20,15464.40,0,
20_07_2026_14_50,15464.00,15473.70,15464.00,15470.50,0,
20_07_2026_14_55,15471.10,15474.70,15467.50,15467.70,0,
20_07_2026_15_00,15471.30,15482.50,15469.50,15475.30,0,
20_07_2026_15_05,15475.00,15477.50,15472.00,15472.40,0,
20_07_2026_15_10,15472.50,15476.70,15471.30,15475.80,0,
20_07_2026_15_15,15476.00,15481.80,15475.80,15480.50,0,
20_07_2026_15_20,15481.20,15486.90,15477.80,15486.00,0,
20_07_2026_15_25,15486.50,15488.40,15478.80,15481.70,0,
21_07_2026_09_15,15494.80,15523.60,15466.70,15517.80,0,
21_07_2026_09_20,15518.80,15520.30,15497.80,15500.30,0,
21_07_2026_09_25,15500.20,15511.30,15491.40,15502.60,0,
21_07_2026_09_30,15503.80,15507.80,15497.70,15502.20,0,
21_07_2026_09_35,15502.50,15510.30,15496.90,15509.10,0,
21_07_2026_09_40,15509.00,15516.50,15508.00,15515.50,0,
21_07_2026_09_45,15515.40,15516.70,15508.30,15512.90,0,
21_07_2026_09_50,15514.00,15520.80,15509.50,15516.20,0,
21_07_2026_09_55,15517.30,15518.00,15511.80,15516.50,0,
21_07_2026_10_00,15517.00,15521.70,15512.70,15513.50,0,
21_07_2026_10_05,15514.70,15521.10,15513.50,15516.00,0,
21_07_2026_10_10,15515.80,15516.10,15502.20,15504.50,0,
21_07_2026_10_15,15504.80,15504.90,15498.60,15504.10,0,
21_07_2026_10_20,15505.00,15505.00,15491.80,15497.70,0,
21_07_2026_10_25,15497.50,15499.80,15492.70,15498.90,0,
21_07_2026_10_30,15499.90,15500.00,15490.00,15490.20,0,
21_07_2026_10_35,15491.20,15495.50,15473.40,15474.20,0,
21_07_2026_10_40,15474.50,15487.70,15472.90,15485.80,0,
21_07_2026_10_45,15485.50,15485.50,15474.50,15475.80,0,
21_07_2026_10_50,15476.50,15476.50,15470.00,15471.80,0,
21_07_2026_10_55,15472.50,15486.70,15471.20,15486.20,0,
21_07_2026_11_00,15486.50,15488.80,15483.40,15484.30,0,
21_07_2026_11_05,15484.90,15485.30,15478.00,15478.60,0,
21_07_2026_11_10,15478.90,15483.70,15472.00,15475.20,0,
21_07_2026_11_15,15474.80,15478.20,15472.00,15477.00,0,
21_07_2026_11_20,15477.00,15478.20,15465.80,15469.20,0,
21_07_2026_11_25,15470.00,15472.90,15463.80,15467.20,0,
21_07_2026_11_30,15467.20,15475.20,15465.80,15473.00,0,
21_07_2026_11_35,15473.50,15476.20,15466.80,15467.60,0,
21_07_2026_11_40,15468.80,15468.80,15459.70,15461.30,0,
21_07_2026_11_45,15461.50,15465.90,15458.40,15462.20,0,
21_07_2026_11_50,15462.80,15464.70,15458.30,15459.70,0,
21_07_2026_11_55,15460.10,15468.20,15459.20,15467.20,0,
21_07_2026_12_00,15468.70,15477.60,15466.70,15477.40,0,
21_07_2026_12_05,15477.70,15482.50,15473.80,15474.50,0,
21_07_2026_12_10,15475.20,15481.80,15474.90,15477.30,0,
21_07_2026_12_15,15477.80,15483.20,15475.30,15480.20,0,
21_07_2026_12_20,15480.20,15488.10,15478.80,15478.80,0,
21_07_2026_12_25,15479.50,15484.50,15478.10,15480.50,0,
21_07_2026_12_30,15480.60,15488.50,15477.30,15483.50,0,
21_07_2026_12_35,15483.50,15491.20,15482.50,15483.30,0,
21_07_2026_12_40,15484.50,15484.70,15476.60,15481.20,0,
21_07_2026_12_45,15482.10,15482.20,15472.50,15478.00,0,
21_07_2026_12_50,15478.00,15481.00,15468.80,15473.30,0,
21_07_2026_12_55,15474.20,15475.70,15457.50,15459.00,0,
21_07_2026_13_00,15459.40,15462.10,15449.20,15461.60,0,
21_07_2026_13_05,15462.20,15465.70,15460.20,15465.00,0,
21_07_2026_13_10,15465.70,15471.40,15464.20,15467.20,0,
21_07_2026_13_15,15467.30,15469.00,15464.80,15466.80,0,
21_07_2026_13_20,15467.20,15478.10,15465.40,15473.80,0,
21_07_2026_13_25,15474.40,15478.80,15473.20,15477.00,0,
21_07_2026_13_30,15478.50,15488.00,15477.50,15487.00,0,
21_07_2026_13_35,15487.20,15493.20,15486.50,15492.80,0,
21_07_2026_13_40,15493.10,15499.50,15492.90,15494.90,0,
21_07_2026_13_45,15495.20,15495.30,15488.00,15494.20,0,
21_07_2026_13_50,15494.50,15495.70,15489.30,15492.70,0,
21_07_2026_13_55,15492.80,15493.30,15478.00,15481.00,0,
21_07_2026_14_00,15481.70,15493.20,15481.20,15491.00,0,
21_07_2026_14_05,15490.20,15500.50,15490.20,15496.50,0,
21_07_2026_14_10,15497.20,15505.90,15494.30,15496.80,0,
21_07_2026_14_15,15496.70,15506.00,15496.20,15504.70,0,
21_07_2026_14_20,15505.20,15508.80,15502.70,15506.50,0,
21_07_2026_14_25,15506.60,15512.50,15503.90,15508.20,0,
21_07_2026_14_30,15508.80,15513.20,15503.70,15505.00,0,
21_07_2026_14_35,15505.70,15511.20,15501.70,15507.20,0,
21_07_2026_14_40,15507.20,15513.50,15504.00,15511.80,0,
21_07_2026_14_45,15511.90,15519.00,15506.80,15518.30,0,
21_07_2026_14_50,15519.20,15519.50,15506.20,15513.40,0,
21_07_2026_14_55,15513.50,15518.70,15509.00,15509.80,0,
21_07_2026_15_00,15511.50,15525.20,15509.70,15516.30,0,
21_07_2026_15_05,15517.50,15526.60,15516.50,15520.50,0,
21_07_2026_15_10,15519.80,15523.50,15516.30,15521.80,0,
21_07_2026_15_15,15521.40,15528.30,15521.20,15525.80,0,
21_07_2026_15_20,15525.50,15535.50,15524.20,15533.30,0,
21_07_2026_15_25,15533.00,15538.50,15526.80,15532.00,0,
22_07_2026_09_15,15518.20,15536.20,15509.60,15522.00,0,
22_07_2026_09_20,15522.80,15523.00,15507.00,15512.10,0,
22_07_2026_09_25,15511.70,15513.80,15462.50,15463.70,0,
22_07_2026_09_30,15463.70,15471.50,15451.20,15453.50,0,
22_07_2026_09_35,15452.80,15462.80,15445.40,15455.80,0,
22_07_2026_09_40,15456.10,15466.10,15454.80,15456.20,0,
22_07_2026_09_45,15458.00,15458.00,15438.30,15439.80,0,
22_07_2026_09_50,15439.90,15446.10,15435.30,15439.60,0,
22_07_2026_09_55,15440.10,15441.30,15433.10,15439.60,0,
22_07_2026_10_00,15440.20,15453.80,15435.20,15452.50,0,
22_07_2026_10_05,15453.00,15469.70,15448.20,15467.70,0,
22_07_2026_10_10,15468.00,15468.30,15457.50,15457.50,0,
22_07_2026_10_15,15458.00,15458.00,15451.10,15456.30,0,
22_07_2026_10_20,15456.80,15458.70,15445.20,15448.20,0,
22_07_2026_10_25,15447.80,15448.00,15424.00,15440.80,0,
22_07_2026_10_30,15442.50,15450.20,15439.80,15443.90,0,
22_07_2026_10_35,15444.70,15450.00,15441.00,15441.40,0,
22_07_2026_10_40,15442.00,15446.00,15438.80,15444.70,0,
22_07_2026_10_45,15445.00,15459.80,15444.20,15459.30,0,
22_07_2026_10_50,15459.90,15467.10,15456.90,15464.50,0,
22_07_2026_10_55,15464.70,15468.20,15462.80,15467.00,0,
22_07_2026_11_00,15467.10,15467.80,15459.00,15459.50,0,
22_07_2026_11_05,15460.10,15461.70,15454.30,15461.50,0,
22_07_2026_11_10,15461.20,15467.50,15458.90,15462.80,0,
22_07_2026_11_15,15462.50,15473.90,15460.40,15472.40,0,
22_07_2026_11_20,15472.70,15485.30,15472.00,15484.20,0,
22_07_2026_11_25,15485.30,15487.00,15480.50,15485.00,0,
22_07_2026_11_30,15487.70,15493.20,15485.00,15492.50,0,
22_07_2026_11_35,15492.40,15494.10,15485.50,15488.00,0,
22_07_2026_11_40,15487.40,15495.90,15486.80,15494.60,0,
22_07_2026_11_45,15494.80,15495.90,15484.20,15484.80,0,
22_07_2026_11_50,15485.60,15486.50,15480.30,15480.50,0,
22_07_2026_11_55,15480.10,15481.80,15465.80,15465.80,0,
22_07_2026_12_00,15466.00,15467.90,15453.40,15457.20,0,
22_07_2026_12_05,15457.50,15459.10,15445.20,15445.80,0,
22_07_2026_12_10,15445.90,15449.10,15442.60,15444.30,0,
22_07_2026_12_15,15444.60,15448.50,15438.70,15439.90,0,
22_07_2026_12_20,15438.80,15449.50,15435.80,15447.60,0,
22_07_2026_12_25,15447.80,15457.00,15447.80,15452.80,0,
22_07_2026_12_30,15453.80,15453.80,15440.80,15446.70,0,
22_07_2026_12_35,15447.20,15447.20,15434.80,15435.30,0,
22_07_2026_12_40,15434.80,15449.50,15432.30,15449.30,0,
22_07_2026_12_45,15449.80,15469.10,15448.20,15468.80,0,
22_07_2026_12_50,15469.40,15482.60,15468.50,15475.00,0,
22_07_2026_12_55,15475.60,15481.50,15473.10,15477.40,0,
22_07_2026_13_00,15477.20,15477.50,15466.70,15467.00,0,
22_07_2026_13_05,15467.60,15471.00,15465.20,15469.30,0,
22_07_2026_13_10,15469.50,15470.00,15453.60,15457.20,0,
22_07_2026_13_15,15457.60,15458.40,15449.50,15450.70,0,
22_07_2026_13_20,15451.00,15454.40,15445.80,15452.30,0,
22_07_2026_13_25,15452.90,15453.50,15447.10,15449.20,0,
22_07_2026_13_30,15450.70,15463.70,15449.40,15463.10,0,
22_07_2026_13_35,15463.20,15476.00,15461.20,15473.50,0,
22_07_2026_13_40,15474.30,15475.80,15462.10,15469.30,0,
22_07_2026_13_45,15469.50,15469.80,15458.40,15460.10,0,
22_07_2026_13_50,15460.20,15462.00,15447.80,15458.50,0,
22_07_2026_13_55,15458.70,15466.50,15456.90,15456.90,0,
22_07_2026_14_00,15457.70,15458.50,15449.00,15449.50,0,
22_07_2026_14_05,15450.70,15453.50,15445.80,15450.20,0,
22_07_2026_14_10,15450.70,15451.20,15434.80,15439.50,0,
22_07_2026_14_15,15440.20,15451.10,15438.30,15449.50,0,
22_07_2026_14_20,15449.60,15451.10,15440.50,15444.70,0,
22_07_2026_14_25,15445.40,15445.40,15433.80,15434.70,0,
22_07_2026_14_30,15435.80,15441.30,15432.40,15440.30,0,
22_07_2026_14_35,15441.20,15448.30,15440.50,15443.00,0,
22_07_2026_14_40,15443.10,15445.90,15434.80,15440.50,0,
22_07_2026_14_45,15441.10,15443.80,15435.40,15438.30,0,
22_07_2026_14_50,15438.60,15446.60,15437.30,15443.70,0,
22_07_2026_14_55,15444.40,15445.90,15437.80,15442.20,0,
22_07_2026_15_00,15444.20,15452.80,15440.90,15442.30,0,
22_07_2026_15_05,15442.20,15465.20,15442.20,15464.80,0,
22_07_2026_15_10,15464.60,15470.50,15458.70,15467.20,0,
22_07_2026_15_15,15467.70,15471.80,15465.10,15467.50,0,
22_07_2026_15_20,15467.70,15468.50,15458.50,15464.00,0,
22_07_2026_15_25,15464.30,15469.00,15458.20,15458.60,0,
23_07_2026_09_15,15423.50,15424.50,15389.30,15423.20,0,
23_07_2026_09_20,15423.80,15448.00,15423.80,15444.00,0,
23_07_2026_09_25,15444.60,15447.20,15434.00,15439.40,0,
23_07_2026_09_30,15439.70,15439.70,15421.00,15423.80,0,
23_07_2026_09_35,15424.40,15424.50,15399.80,15413.80,0,
23_07_2026_09_40,15413.90,15413.90,15402.10,15402.80,0,
23_07_2026_09_45,15402.80,15409.20,15396.80,15404.90,0,
23_07_2026_09_50,15404.90,15415.80,15404.50,15412.50,0,
23_07_2026_09_55,15412.40,15432.70,15412.40,15431.80,0,
23_07_2026_10_00,15432.00,15453.70,15429.10,15452.50,0,
23_07_2026_10_05,15452.30,15455.80,15440.70,15453.60,0,
23_07_2026_10_10,15454.20,15454.90,15446.90,15447.50,0,
23_07_2026_10_15,15447.60,15463.30,15447.20,15457.30,0,
23_07_2026_10_20,15458.30,15458.80,15446.80,15450.40,0,
23_07_2026_10_25,15450.20,15460.30,15448.70,15457.80,0,
23_07_2026_10_30,15458.00,15458.00,15443.70,15446.20,0,
23_07_2026_10_35,15446.10,15459.30,15446.00,15456.50,0,
23_07_2026_10_40,15456.50,15466.50,15456.50,15464.80,0,
23_07_2026_10_45,15465.10,15467.20,15459.80,15466.70,0,
23_07_2026_10_50,15466.50,15470.80,15461.30,15461.80,0,
23_07_2026_10_55,15461.80,15473.50,15461.20,15470.10,0,
23_07_2026_11_00,15470.10,15480.00,15470.10,15479.20,0,
23_07_2026_11_05,15479.20,15482.30,15475.30,15479.20,0,
23_07_2026_11_10,15479.50,15482.90,15467.00,15467.30,0,
23_07_2026_11_15,15468.00,15470.00,15460.00,15466.30,0,
23_07_2026_11_20,15466.80,15466.80,15455.20,15456.00,0,
23_07_2026_11_25,15456.00,15459.60,15453.80,15458.50,0,
23_07_2026_11_30,15459.10,15465.70,15456.30,15464.00,0,
23_07_2026_11_35,15464.80,15465.80,15456.00,15458.20,0,
23_07_2026_11_40,15458.20,15461.80,15456.30,15461.50,0,
23_07_2026_11_45,15461.40,15461.40,15456.50,15457.80,0,
23_07_2026_11_50,15457.50,15458.70,15449.00,15452.40,0,
23_07_2026_11_55,15453.20,15465.20,15451.30,15465.20,0,
23_07_2026_12_00,15464.80,15469.30,15458.00,15458.80,0,
23_07_2026_12_05,15459.00,15465.50,15456.30,15464.20,0,
23_07_2026_12_10,15464.70,15465.70,15451.60,15452.50,0,
23_07_2026_12_15,15453.50,15454.70,15450.80,15453.20,0,
23_07_2026_12_20,15453.70,15456.20,15446.70,15448.00,0,
23_07_2026_12_25,15448.20,15448.20,15441.00,15442.30,0,
23_07_2026_12_30,15442.20,15442.50,15423.30,15435.30,0,
23_07_2026_12_35,15435.20,15436.10,15423.30,15429.80,0,
23_07_2026_12_40,15429.70,15430.50,15408.80,15410.90,0,
23_07_2026_12_45,15410.50,15417.80,15408.10,15409.20,0,
23_07_2026_12_50,15409.20,15411.20,15397.50,15406.40,0,
23_07_2026_12_55,15406.80,15408.50,15401.00,15403.30,0,
23_07_2026_13_00,15403.50,15404.40,15394.70,15396.50,0,
23_07_2026_13_05,15396.60,15399.80,15389.20,15389.80,0,
23_07_2026_13_10,15389.50,15389.50,15381.40,15384.40,0,
23_07_2026_13_15,15384.00,15389.50,15369.00,15383.20,0,
23_07_2026_13_20,15383.10,15392.00,15382.60,15388.40,0,
23_07_2026_13_25,15387.80,15390.20,15384.50,15387.20,0,
23_07_2026_13_30,15386.80,15387.10,15374.50,15378.70,0,
23_07_2026_13_35,15378.60,15395.40,15374.60,15393.00,0,
23_07_2026_13_40,15392.70,15397.80,15388.00,15391.80,0,
23_07_2026_13_45,15392.50,15402.70,15390.50,15397.40,0,
23_07_2026_13_50,15397.90,15401.70,15393.20,15393.80,0,
23_07_2026_13_55,15393.80,15398.20,15388.50,15394.60,0,
23_07_2026_14_00,15394.20,15394.70,15384.00,15386.50,0,
23_07_2026_14_05,15386.00,15389.00,15381.00,15381.20,0,
23_07_2026_14_10,15381.20,15385.10,15379.00,15379.50,0,
23_07_2026_14_15,15379.40,15382.30,15371.50,15374.00,0,
23_07_2026_14_20,15374.00,15380.30,15372.80,15376.80,0,
23_07_2026_14_25,15377.20,15379.80,15374.00,15374.00,0,
23_07_2026_14_30,15374.10,15389.30,15368.00,15389.30,0,
23_07_2026_14_35,15389.00,15389.80,15360.00,15361.20,0,
23_07_2026_14_40,15361.60,15362.00,15347.00,15353.80,0,
23_07_2026_14_45,15353.70,15354.90,15344.20,15347.50,0,
23_07_2026_14_50,15347.30,15358.30,15342.50,15354.40,0,
23_07_2026_14_55,15354.80,15363.90,15354.80,15362.20,0,
23_07_2026_15_00,15363.30,15379.70,15356.40,15367.70,0,
23_07_2026_15_05,15369.00,15390.20,15368.00,15382.90,0,
23_07_2026_15_10,15383.70,15387.70,15380.80,15385.80,0,
23_07_2026_15_15,15386.70,15389.80,15378.40,15381.60,0,
23_07_2026_15_20,15381.90,15387.70,15379.90,15386.70,0,
23_07_2026_15_25,15386.80,15388.50,15377.80,15382.80,0,
24_07_2026_09_15,15262.20,15266.20,15225.00,15258.70,0,
24_07_2026_09_20,15259.00,15271.70,15251.00,15251.90,0,
24_07_2026_09_25,15251.40,15251.40,15223.00,15233.20,0,
24_07_2026_09_30,15233.70,15246.70,15228.80,15234.80,0,
24_07_2026_09_35,15234.50,15239.50,15223.10,15226.80,0,
24_07_2026_09_40,15227.80,15234.50,15216.00,15216.80,0,
24_07_2026_09_45,15217.40,15217.60,15196.60,15198.40,0,
24_07_2026_09_50,15197.80,15201.80,15189.50,15196.60,0,
24_07_2026_09_55,15196.90,15208.00,15194.20,15201.00,0,
24_07_2026_10_00,15201.40,15202.30,15178.00,15182.20,0,
24_07_2026_10_05,15182.60,15184.20,15169.40,15174.20,0,
24_07_2026_10_10,15173.70,15179.70,15159.10,15160.20,0,
24_07_2026_10_15,15160.20,15172.70,15159.00,15166.20,0,
24_07_2026_10_20,15166.50,15177.30,15165.80,15177.30,0,
24_07_2026_10_25,15177.30,15180.20,15171.80,15179.30,0,
24_07_2026_10_30,15179.00,15179.50,15169.00,15172.80,0,
24_07_2026_10_35,15172.90,15194.50,15168.40,15192.50,0,
24_07_2026_10_40,15192.20,15197.20,15183.20,15192.70,0,
24_07_2026_10_45,15192.70,15197.00,15192.40,15196.20,0,
24_07_2026_10_50,15195.80,15197.70,15191.90,15195.80,0,
24_07_2026_10_55,15195.70,15196.50,15184.30,15186.20,0,
24_07_2026_11_00,15185.90,15187.50,15182.00,15186.10,0,
24_07_2026_11_05,15185.80,15189.30,15179.30,15184.40,0,
24_07_2026_11_10,15183.70,15190.20,15182.10,15184.70,0,
24_07_2026_11_15,15184.70,15210.50,15184.20,15210.50,0,
24_07_2026_11_20,15210.20,15224.60,15209.30,15221.80,0,
24_07_2026_11_25,15222.10,15226.00,15213.00,15213.00,0,
24_07_2026_11_30,15213.80,15217.70,15210.00,15216.20,0,
24_07_2026_11_35,15216.50,15221.00,15212.40,15219.20,0,
24_07_2026_11_40,15219.00,15228.80,15218.20,15227.60,0,
24_07_2026_11_45,15227.50,15242.70,15227.20,15240.80,0,
24_07_2026_11_50,15241.00,15250.50,15240.50,15248.60,0,
24_07_2026_11_55,15247.30,15252.60,15242.00,15245.50,0,
24_07_2026_12_00,15245.70,15253.70,15238.00,15253.70,0,
24_07_2026_12_05,15252.80,15261.00,15252.80,15254.70,0,
24_07_2026_12_10,15254.70,15256.50,15246.80,15247.90,0,
24_07_2026_12_15,15247.70,15254.00,15246.50,15252.80,0,
24_07_2026_12_20,15252.50,15262.90,15250.20,15261.80,0,
24_07_2026_12_25,15261.80,15288.50,15261.80,15285.00,0,
24_07_2026_12_30,15284.30,15287.00,15269.00,15271.50,0,
24_07_2026_12_35,15271.70,15281.20,15270.30,15279.70,0,
24_07_2026_12_40,15279.70,15296.00,15279.00,15293.80,0,
24_07_2026_12_45,15293.20,15298.20,15285.70,15295.20,0,
24_07_2026_12_50,15295.40,15299.80,15291.00,15295.80,0,
24_07_2026_12_55,15296.00,15302.70,15292.30,15295.20,0,
24_07_2026_13_00,15295.50,15298.50,15284.50,15285.20,0,
24_07_2026_13_05,15285.90,15285.90,15272.40,15275.20,0,
24_07_2026_13_10,15275.30,15286.70,15273.70,15286.70,0,
24_07_2026_13_15,15286.50,15291.50,15280.50,15290.20,0,
24_07_2026_13_20,15290.20,15294.00,15285.90,15290.50,0,
24_07_2026_13_25,15290.70,15293.60,15286.80,15290.20,0,
24_07_2026_13_30,15290.10,15290.80,15268.80,15270.20,0,
24_07_2026_13_35,15269.90,15272.20,15259.10,15270.80,0,
24_07_2026_13_40,15271.00,15272.00,15251.20,15259.20,0,
24_07_2026_13_45,15259.50,15276.20,15254.90,15275.00,0,
24_07_2026_13_50,15275.40,15294.70,15275.40,15292.80,0,
24_07_2026_13_55,15292.10,15301.30,15290.00,15301.10,0,
24_07_2026_14_00,15301.70,15311.80,15294.30,15308.20,0,
24_07_2026_14_05,15307.80,15308.70,15298.60,15298.60,0,
24_07_2026_14_10,15298.30,15298.80,15285.20,15286.40,0,
24_07_2026_14_15,15286.30,15294.80,15283.20,15284.20,0,
24_07_2026_14_20,15284.30,15285.50,15275.30,15276.10,0,
24_07_2026_14_25,15276.00,15278.60,15269.80,15271.70,0,
24_07_2026_14_30,15271.80,15274.10,15263.50,15267.80,0,
24_07_2026_14_35,15268.50,15269.20,15262.00,15265.00,0,
24_07_2026_14_40,15264.50,15274.70,15263.40,15274.70,0,
24_07_2026_14_45,15274.50,15275.20,15263.20,15271.00,0,
24_07_2026_14_50,15270.90,15292.50,15268.70,15290.20,0,
24_07_2026_14_55,15290.50,15291.80,15274.80,15277.50,0,
24_07_2026_15_00,15278.60,15283.20,15264.80,15272.20,0,
24_07_2026_15_05,15272.50,15277.20,15268.70,15272.80,0,
24_07_2026_15_10,15273.40,15284.00,15271.50,15283.50,0,
24_07_2026_15_15,15283.20,15291.80,15280.00,15287.40,0,
24_07_2026_15_20,15287.80,15294.80,15287.00,15292.20,0,
24_07_2026_15_25,15292.20,15297.70,15285.80,15294.00,0,
