Date,Open,High,Low,Close,Volume,
27_03_2026_09_15,1302.10,1304.00,1285.95,1286.70,0,
27_03_2026_09_20,1287.25,1295.80,1286.45,1293.10,0,
27_03_2026_09_25,1293.10,1302.95,1292.65,1299.35,0,
27_03_2026_09_30,1299.35,1300.60,1295.95,1298.90,0,
27_03_2026_09_35,1298.95,1299.75,1293.50,1295.05,0,
27_03_2026_09_40,1295.05,1296.15,1293.05,1293.80,0,
27_03_2026_09_45,1293.80,1293.80,1290.15,1291.10,0,
27_03_2026_09_50,1291.05,1291.15,1288.00,1288.50,0,
27_03_2026_09_55,1288.55,1288.75,1284.80,1284.80,0,
27_03_2026_10_00,1285.00,1285.25,1282.20,1282.65,0,
27_03_2026_10_05,1282.65,1282.65,1277.80,1278.80,0,
27_03_2026_10_10,1278.80,1278.80,1276.45,1276.70,0,
27_03_2026_10_15,1276.70,1277.60,1274.55,1275.35,0,
27_03_2026_10_20,1275.40,1277.20,1274.25,1275.80,0,
27_03_2026_10_25,1275.90,1277.30,1273.00,1274.40,0,
27_03_2026_10_30,1274.55,1277.75,1274.15,1274.50,0,
27_03_2026_10_35,1274.50,1275.65,1271.80,1272.65,0,
27_03_2026_10_40,1272.65,1272.65,1270.65,1271.05,0,
27_03_2026_10_45,1271.05,1271.15,1269.00,1270.00,0,
27_03_2026_10_50,1270.00,1270.55,1268.50,1268.65,0,
27_03_2026_10_55,1268.70,1273.00,1268.55,1270.95,0,
27_03_2026_11_00,1271.00,1274.70,1271.00,1272.65,0,
27_03_2026_11_05,1272.65,1272.70,1271.40,1272.55,0,
27_03_2026_11_10,1272.55,1274.20,1269.60,1271.10,0,
27_03_2026_11_15,1271.10,1271.20,1268.10,1269.45,0,
27_03_2026_11_20,1269.50,1269.50,1266.65,1266.90,0,
27_03_2026_11_25,1266.95,1267.25,1265.70,1266.10,0,
27_03_2026_11_30,1266.10,1270.90,1265.95,1269.75,0,
27_03_2026_11_35,1269.75,1271.05,1269.70,1270.15,0,
27_03_2026_11_40,1270.15,1271.35,1268.60,1271.00,0,
27_03_2026_11_45,1271.00,1273.50,1270.85,1271.35,0,
27_03_2026_11_50,1271.05,1277.60,1271.05,1277.55,0,
27_03_2026_11_55,1277.55,1277.75,1274.35,1275.10,0,
27_03_2026_12_00,1275.10,1275.10,1272.25,1273.55,0,
27_03_2026_12_05,1273.55,1274.60,1272.80,1274.30,0,
27_03_2026_12_10,1274.35,1276.95,1273.50,1276.75,0,
27_03_2026_12_15,1276.75,1277.50,1273.70,1274.05,0,
27_03_2026_12_20,1274.05,1274.05,1271.85,1273.75,0,
27_03_2026_12_25,1273.75,1279.80,1273.55,1279.80,0,
27_03_2026_12_30,1279.85,1279.90,1278.05,1278.60,0,
27_03_2026_12_35,1278.60,1280.15,1276.35,1276.65,0,
27_03_2026_12_40,1276.65,1279.00,1275.95,1278.90,0,
27_03_2026_12_45,1278.90,1279.65,1278.55,1278.60,0,
27_03_2026_12_50,1278.60,1280.55,1277.00,1278.30,0,
27_03_2026_12_55,1278.30,1280.80,1278.25,1280.35,0,
27_03_2026_13_00,1280.35,1282.75,1278.40,1278.40,0,
27_03_2026_13_05,1278.40,1281.55,1278.15,1281.20,0,
27_03_2026_13_10,1281.20,1283.90,1280.85,1283.45,0,
27_03_2026_13_15,1283.45,1285.50,1283.20,1284.70,0,
27_03_2026_13_20,1284.75,1289.95,1284.75,1289.15,0,
27_03_2026_13_25,1289.15,1290.25,1286.85,1287.10,0,
27_03_2026_13_30,1287.15,1289.05,1286.85,1288.50,0,
27_03_2026_13_35,1288.50,1289.35,1287.50,1288.00,0,
27_03_2026_13_40,1287.95,1289.30,1287.80,1289.20,0,
27_03_2026_13_45,1289.20,1293.35,1289.00,1292.15,0,
27_03_2026_13_50,1292.15,1294.70,1291.80,1294.05,0,
27_03_2026_13_55,1294.05,1296.55,1293.40,1295.40,0,
27_03_2026_14_00,1295.45,1297.80,1295.30,1296.20,0,
27_03_2026_14_05,1296.10,1298.05,1295.10,1297.35,0,
27_03_2026_14_10,1297.35,1302.30,1296.40,1302.25,0,
27_03_2026_14_15,1302.20,1302.50,1300.50,1301.35,0,
27_03_2026_14_20,1301.35,1302.05,1299.80,1300.55,0,
27_03_2026_14_25,1300.55,1301.75,1299.65,1300.55,0,
27_03_2026_14_30,1300.45,1300.70,1297.75,1298.35,0,
27_03_2026_14_35,1298.25,1300.35,1297.90,1298.30,0,
27_03_2026_14_40,1298.30,1299.80,1296.70,1296.70,0,
27_03_2026_14_45,1296.70,1298.05,1296.15,1296.50,0,
27_03_2026_14_50,1296.50,1297.55,1295.60,1297.05,0,
27_03_2026_14_55,1296.95,1297.75,1295.20,1295.20,0,
27_03_2026_15_00,1295.40,1299.20,1292.95,1298.70,0,
27_03_2026_15_05,1298.80,1301.80,1298.55,1300.00,0,
27_03_2026_15_10,1299.80,1300.50,1297.10,1297.75,0,
27_03_2026_15_15,1297.60,1297.95,1293.50,1293.90,0,
27_03_2026_15_20,1293.30,1293.55,1286.25,1286.90,0,
27_03_2026_15_25,1286.50,1287.35,1283.00,1285.10,0,
30_03_2026_09_15,1276.70,1281.75,1268.35,1279.10,0,
30_03_2026_09_20,1279.10,1289.65,1277.60,1286.45,0,
30_03_2026_09_25,1286.50,1295.55,1285.20,1295.40,0,
30_03_2026_09_30,1295.40,1301.15,1295.40,1299.20,0,
30_03_2026_09_35,1299.25,1302.65,1298.70,1302.40,0,
30_03_2026_09_40,1302.35,1304.55,1301.10,1304.20,0,
30_03_2026_09_45,1304.20,1306.15,1301.70,1301.75,0,
30_03_2026_09_50,1301.75,1303.35,1296.20,1296.50,0,
30_03_2026_09_55,1296.50,1298.25,1294.90,1294.90,0,
30_03_2026_10_00,1294.90,1295.60,1293.50,1294.55,0,
30_03_2026_10_05,1294.60,1294.85,1289.10,1292.20,0,
30_03_2026_10_10,1292.30,1292.40,1288.25,1292.15,0,
30_03_2026_10_15,1292.00,1292.10,1285.85,1286.55,0,
30_03_2026_10_20,1286.70,1287.55,1283.80,1283.80,0,
30_03_2026_10_25,1283.80,1283.95,1280.35,1280.95,0,
30_03_2026_10_30,1280.95,1281.70,1276.15,1277.45,0,
30_03_2026_10_35,1277.45,1281.20,1276.70,1280.35,0,
30_03_2026_10_40,1280.35,1280.50,1276.20,1276.45,0,
30_03_2026_10_45,1276.45,1279.75,1276.10,1276.15,0,
30_03_2026_10_50,1276.20,1276.80,1272.15,1272.85,0,
30_03_2026_10_55,1272.65,1274.05,1271.35,1271.80,0,
30_03_2026_11_00,1271.80,1272.15,1270.20,1271.60,0,
30_03_2026_11_05,1271.55,1272.20,1270.40,1270.85,0,
30_03_2026_11_10,1270.85,1272.10,1268.70,1271.85,0,
30_03_2026_11_15,1271.85,1276.20,1271.85,1272.20,0,
30_03_2026_11_20,1272.20,1274.80,1268.55,1268.55,0,
30_03_2026_11_25,1268.70,1268.75,1266.30,1268.00,0,
30_03_2026_11_30,1268.00,1270.35,1266.90,1269.05,0,
30_03_2026_11_35,1269.05,1272.10,1269.05,1270.25,0,
30_03_2026_11_40,1270.25,1270.35,1268.30,1269.00,0,
30_03_2026_11_45,1269.05,1272.35,1268.85,1272.00,0,
30_03_2026_11_50,1271.80,1273.00,1271.15,1273.00,0,
30_03_2026_11_55,1273.00,1274.30,1272.75,1273.20,0,
30_03_2026_12_00,1273.20,1279.30,1272.55,1278.15,0,
30_03_2026_12_05,1278.30,1279.80,1275.50,1276.25,0,
30_03_2026_12_10,1276.25,1280.20,1275.95,1278.35,0,
30_03_2026_12_15,1278.35,1279.80,1277.40,1277.70,0,
30_03_2026_12_20,1277.65,1279.95,1275.55,1276.15,0,
30_03_2026_12_25,1276.15,1276.75,1275.15,1276.75,0,
30_03_2026_12_30,1276.75,1277.05,1275.40,1275.65,0,
30_03_2026_12_35,1275.65,1279.55,1274.85,1279.45,0,
30_03_2026_12_40,1279.45,1280.55,1279.10,1279.75,0,
30_03_2026_12_45,1279.70,1280.00,1278.80,1279.15,0,
30_03_2026_12_50,1279.10,1281.45,1278.75,1280.90,0,
30_03_2026_12_55,1280.80,1283.25,1280.80,1281.70,0,
30_03_2026_13_00,1281.70,1282.55,1281.10,1282.50,0,
30_03_2026_13_05,1282.55,1284.65,1281.35,1281.55,0,
30_03_2026_13_10,1281.55,1284.70,1280.00,1284.40,0,
30_03_2026_13_15,1284.50,1288.05,1284.50,1285.40,0,
30_03_2026_13_20,1285.40,1286.25,1284.05,1285.40,0,
30_03_2026_13_25,1285.35,1285.80,1283.80,1284.90,0,
30_03_2026_13_30,1285.00,1285.00,1282.75,1284.35,0,
30_03_2026_13_35,1284.40,1285.75,1284.00,1285.25,0,
30_03_2026_13_40,1285.35,1285.35,1281.00,1281.15,0,
30_03_2026_13_45,1281.25,1281.55,1278.25,1279.25,0,
30_03_2026_13_50,1279.20,1279.35,1274.90,1275.25,0,
30_03_2026_13_55,1275.15,1275.40,1271.50,1271.80,0,
30_03_2026_14_00,1271.95,1276.90,1271.90,1276.15,0,
30_03_2026_14_05,1276.15,1276.75,1273.75,1274.05,0,
30_03_2026_14_10,1274.00,1274.05,1272.45,1273.20,0,
30_03_2026_14_15,1273.20,1275.05,1272.00,1272.35,0,
30_03_2026_14_20,1272.40,1273.05,1268.55,1269.05,0,
30_03_2026_14_25,1269.05,1271.55,1267.05,1267.50,0,
30_03_2026_14_30,1267.65,1272.10,1267.15,1269.55,0,
30_03_2026_14_35,1269.50,1270.10,1264.65,1265.70,0,
30_03_2026_14_40,1265.85,1267.85,1263.25,1263.25,0,
30_03_2026_14_45,1263.25,1264.45,1262.15,1263.50,0,
30_03_2026_14_50,1263.50,1263.90,1261.40,1261.55,0,
30_03_2026_14_55,1261.50,1263.30,1259.45,1263.30,0,
30_03_2026_15_00,1263.30,1263.30,1258.40,1258.90,0,
30_03_2026_15_05,1259.25,1263.70,1259.25,1262.90,0,
30_03_2026_15_10,1263.15,1264.40,1260.50,1264.05,0,
30_03_2026_15_15,1264.50,1265.30,1262.60,1263.75,0,
30_03_2026_15_20,1264.15,1265.10,1260.40,1260.70,0,
30_03_2026_15_25,1261.20,1263.05,1257.60,1257.80,0,
01_04_2026_09_15,1288.95,1301.55,1286.70,1300.85,0,
01_04_2026_09_20,1300.75,1306.55,1300.75,1306.50,0,
01_04_2026_09_25,1306.55,1309.80,1305.90,1309.10,0,
01_04_2026_09_30,1308.95,1309.35,1303.95,1304.20,0,
01_04_2026_09_35,1304.10,1304.35,1300.05,1300.55,0,
01_04_2026_09_40,1300.55,1303.70,1300.00,1302.25,0,
01_04_2026_09_45,1302.10,1305.85,1300.40,1305.65,0,
01_04_2026_09_50,1305.80,1309.95,1305.80,1309.65,0,
01_04_2026_09_55,1309.65,1311.55,1308.20,1308.40,0,
01_04_2026_10_00,1308.40,1314.05,1308.05,1313.05,0,
01_04_2026_10_05,1313.05,1313.25,1309.70,1310.25,0,
01_04_2026_10_10,1310.20,1311.70,1310.20,1310.70,0,
01_04_2026_10_15,1310.70,1310.75,1307.95,1309.60,0,
01_04_2026_10_20,1309.60,1310.00,1305.65,1305.85,0,
01_04_2026_10_25,1306.10,1306.10,1300.70,1302.50,0,
01_04_2026_10_30,1302.15,1304.80,1301.75,1303.40,0,
01_04_2026_10_35,1303.40,1304.75,1302.50,1302.90,0,
01_04_2026_10_40,1302.65,1302.95,1300.35,1301.95,0,
01_04_2026_10_45,1302.05,1305.25,1301.90,1304.75,0,
01_04_2026_10_50,1304.90,1304.90,1302.25,1302.30,0,
01_04_2026_10_55,1302.30,1304.35,1302.10,1303.90,0,
01_04_2026_11_00,1303.90,1304.20,1302.05,1302.05,0,
01_04_2026_11_05,1301.80,1303.05,1300.15,1300.35,0,
01_04_2026_11_10,1300.35,1302.10,1298.95,1300.15,0,
01_04_2026_11_15,1300.15,1302.85,1299.85,1302.85,0,
01_04_2026_11_20,1302.85,1303.70,1302.75,1303.10,0,
01_04_2026_11_25,1302.95,1305.85,1302.95,1305.00,0,
01_04_2026_11_30,1305.00,1307.80,1304.80,1307.40,0,
01_04_2026_11_35,1307.40,1309.15,1307.25,1309.05,0,
01_04_2026_11_40,1309.05,1310.05,1308.70,1309.70,0,
01_04_2026_11_45,1309.70,1309.85,1306.35,1308.60,0,
01_04_2026_11_50,1308.60,1308.75,1306.30,1306.45,0,
01_04_2026_11_55,1306.45,1309.40,1304.95,1308.80,0,
01_04_2026_12_00,1308.80,1311.25,1308.75,1310.30,0,
01_04_2026_12_05,1310.30,1312.05,1309.25,1311.95,0,
01_04_2026_12_10,1311.95,1313.15,1311.35,1312.60,0,
01_04_2026_12_15,1312.60,1313.60,1312.15,1312.60,0,
01_04_2026_12_20,1312.60,1312.80,1311.50,1312.60,0,
01_04_2026_12_25,1312.60,1312.95,1311.95,1312.80,0,
01_04_2026_12_30,1312.85,1313.40,1311.55,1312.40,0,
01_04_2026_12_35,1312.30,1313.35,1312.15,1312.40,0,
01_04_2026_12_40,1312.40,1313.10,1312.15,1313.00,0,
01_04_2026_12_45,1313.00,1314.20,1312.70,1313.45,0,
01_04_2026_12_50,1313.50,1313.70,1312.60,1313.25,0,
01_04_2026_12_55,1313.25,1313.75,1312.45,1313.00,0,
01_04_2026_13_00,1313.00,1313.30,1311.75,1311.75,0,
01_04_2026_13_05,1311.75,1313.60,1311.50,1312.90,0,
01_04_2026_13_10,1312.90,1313.40,1311.65,1313.40,0,
01_04_2026_13_15,1313.40,1314.40,1312.90,1314.35,0,
01_04_2026_13_20,1314.35,1314.55,1312.55,1314.10,0,
01_04_2026_13_25,1314.10,1315.65,1313.75,1315.60,0,
01_04_2026_13_30,1315.60,1315.80,1313.15,1314.05,0,
01_04_2026_13_35,1314.05,1314.35,1312.75,1314.05,0,
01_04_2026_13_40,1314.05,1314.55,1306.05,1309.20,0,
01_04_2026_13_45,1309.20,1312.45,1308.75,1312.45,0,
01_04_2026_13_50,1312.30,1313.95,1311.95,1313.55,0,
01_04_2026_13_55,1313.70,1314.40,1312.65,1312.95,0,
01_04_2026_14_00,1312.95,1313.80,1312.20,1313.60,0,
01_04_2026_14_05,1313.55,1315.10,1313.15,1314.85,0,
01_04_2026_14_10,1314.85,1316.75,1314.65,1316.75,0,
01_04_2026_14_15,1316.75,1317.05,1315.95,1317.05,0,
01_04_2026_14_20,1317.10,1317.65,1315.35,1317.45,0,
01_04_2026_14_25,1317.45,1319.00,1317.15,1318.65,0,
01_04_2026_14_30,1318.65,1318.75,1317.50,1317.80,0,
01_04_2026_14_35,1317.80,1318.10,1315.75,1316.55,0,
01_04_2026_14_40,1316.40,1316.45,1313.10,1313.40,0,
01_04_2026_14_45,1313.30,1313.35,1310.70,1311.55,0,
01_04_2026_14_50,1311.55,1311.95,1309.65,1309.95,0,
01_04_2026_14_55,1310.00,1311.30,1309.35,1309.50,0,
01_04_2026_15_00,1309.30,1315.55,1309.30,1314.85,0,
01_04_2026_15_05,1315.05,1315.60,1313.50,1313.55,0,
01_04_2026_15_10,1313.70,1314.05,1308.95,1309.30,0,
01_04_2026_15_15,1309.20,1309.95,1306.45,1307.70,0,
01_04_2026_15_20,1307.55,1308.75,1305.75,1306.85,0,
01_04_2026_15_25,1306.60,1308.80,1303.10,1303.10,0,
02_04_2026_09_15,1293.65,1295.00,1272.90,1275.15,0,
02_04_2026_09_20,1275.55,1280.25,1269.80,1279.85,0,
02_04_2026_09_25,1279.85,1281.05,1275.10,1275.25,0,
02_04_2026_09_30,1274.80,1278.85,1274.55,1276.30,0,
02_04_2026_09_35,1276.30,1278.65,1275.50,1276.75,0,
02_04_2026_09_40,1276.75,1280.20,1276.20,1279.95,0,
02_04_2026_09_45,1280.60,1281.80,1276.25,1276.50,0,
02_04_2026_09_50,1276.50,1278.20,1274.55,1274.60,0,
02_04_2026_09_55,1274.60,1276.25,1273.95,1275.95,0,
02_04_2026_10_00,1275.85,1275.95,1271.15,1271.55,0,
02_04_2026_10_05,1271.55,1271.55,1269.15,1269.75,0,
02_04_2026_10_10,1269.50,1272.15,1269.00,1272.00,0,
02_04_2026_10_15,1272.00,1272.00,1268.70,1268.85,0,
02_04_2026_10_20,1268.85,1269.40,1267.45,1267.75,0,
02_04_2026_10_25,1267.75,1270.35,1267.40,1270.25,0,
02_04_2026_10_30,1270.25,1272.50,1269.85,1271.70,0,
02_04_2026_10_35,1271.70,1272.00,1270.75,1271.55,0,
02_04_2026_10_40,1271.55,1274.30,1271.50,1273.50,0,
02_04_2026_10_45,1273.50,1275.05,1272.65,1273.65,0,
02_04_2026_10_50,1273.65,1274.75,1273.00,1274.55,0,
02_04_2026_10_55,1274.55,1274.95,1273.95,1273.95,0,
02_04_2026_11_00,1274.15,1278.00,1274.15,1277.15,0,
02_04_2026_11_05,1277.15,1278.25,1276.85,1278.15,0,
02_04_2026_11_10,1278.15,1278.70,1276.65,1277.80,0,
02_04_2026_11_15,1277.85,1278.05,1277.25,1277.80,0,
02_04_2026_11_20,1277.80,1279.45,1277.30,1278.95,0,
02_04_2026_11_25,1279.40,1281.10,1279.40,1280.65,0,
02_04_2026_11_30,1280.65,1281.00,1278.35,1278.70,0,
02_04_2026_11_35,1278.55,1280.00,1278.20,1279.50,0,
02_04_2026_11_40,1279.50,1279.55,1278.00,1278.55,0,
02_04_2026_11_45,1278.55,1279.75,1278.30,1279.05,0,
02_04_2026_11_50,1279.10,1279.20,1278.05,1278.55,0,
02_04_2026_11_55,1278.25,1280.60,1278.25,1278.85,0,
02_04_2026_12_00,1278.85,1280.05,1277.30,1278.30,0,
02_04_2026_12_05,1278.30,1278.30,1277.15,1277.95,0,
02_04_2026_12_10,1277.90,1279.75,1277.45,1279.70,0,
02_04_2026_12_15,1279.70,1281.80,1279.15,1281.30,0,
02_04_2026_12_20,1281.30,1281.30,1276.95,1279.40,0,
02_04_2026_12_25,1279.40,1280.00,1279.00,1279.75,0,
02_04_2026_12_30,1279.75,1281.95,1279.75,1281.55,0,
02_04_2026_12_35,1281.55,1283.60,1281.45,1282.90,0,
02_04_2026_12_40,1282.95,1283.60,1282.65,1283.45,0,
02_04_2026_12_45,1283.45,1285.30,1282.30,1284.20,0,
02_04_2026_12_50,1284.20,1286.90,1284.15,1286.70,0,
02_04_2026_12_55,1286.70,1290.30,1286.45,1289.65,0,
02_04_2026_13_00,1289.65,1292.10,1289.55,1290.05,0,
02_04_2026_13_05,1290.05,1291.10,1288.85,1291.10,0,
02_04_2026_13_10,1290.90,1291.50,1289.75,1290.65,0,
02_04_2026_13_15,1290.70,1292.25,1290.45,1292.25,0,
02_04_2026_13_20,1292.25,1294.60,1292.10,1294.40,0,
02_04_2026_13_25,1294.40,1295.75,1293.65,1295.75,0,
02_04_2026_13_30,1295.85,1298.25,1294.00,1298.25,0,
02_04_2026_13_35,1298.00,1301.30,1297.65,1301.10,0,
02_04_2026_13_40,1301.35,1302.45,1301.10,1301.80,0,
02_04_2026_13_45,1301.80,1304.75,1301.25,1302.45,0,
02_04_2026_13_50,1302.45,1304.50,1300.30,1304.15,0,
02_04_2026_13_55,1304.15,1305.05,1303.20,1303.35,0,
02_04_2026_14_00,1303.40,1305.10,1303.40,1304.55,0,
02_04_2026_14_05,1304.55,1304.80,1302.40,1304.50,0,
02_04_2026_14_10,1304.50,1307.25,1304.50,1307.25,0,
02_04_2026_14_15,1307.25,1308.25,1304.95,1305.00,0,
02_04_2026_14_20,1305.15,1306.20,1304.85,1306.20,0,
02_04_2026_14_25,1306.20,1306.95,1305.45,1306.65,0,
02_04_2026_14_30,1306.65,1308.30,1306.15,1307.65,0,
02_04_2026_14_35,1307.65,1311.25,1304.45,1304.45,0,
02_04_2026_14_40,1304.30,1304.65,1297.85,1298.60,0,
02_04_2026_14_45,1298.70,1300.65,1297.65,1299.50,0,
02_04_2026_14_50,1299.65,1300.65,1298.85,1300.25,0,
02_04_2026_14_55,1300.25,1300.85,1298.45,1299.95,0,
02_04_2026_15_00,1299.75,1304.85,1299.75,1304.60,0,
02_04_2026_15_05,1304.60,1310.25,1304.60,1310.00,0,
02_04_2026_15_10,1310.00,1310.75,1307.35,1307.70,0,
02_04_2026_15_15,1307.70,1308.05,1304.00,1304.60,0,
02_04_2026_15_20,1304.35,1304.55,1301.95,1302.25,0,
02_04_2026_15_25,1302.25,1303.25,1297.95,1301.10,0,
06_04_2026_09_15,1305.45,1310.00,1289.65,1293.00,0,
06_04_2026_09_20,1293.20,1298.40,1292.90,1296.10,0,
06_04_2026_09_25,1296.20,1297.70,1290.60,1291.00,0,
06_04_2026_09_30,1291.05,1298.20,1290.40,1298.10,0,
06_04_2026_09_35,1298.20,1303.90,1297.85,1303.60,0,
06_04_2026_09_40,1303.60,1305.70,1298.15,1302.60,0,
06_04_2026_09_45,1302.60,1305.35,1299.00,1299.05,0,
06_04_2026_09_50,1299.05,1299.05,1294.50,1296.20,0,
06_04_2026_09_55,1296.20,1298.00,1294.45,1294.50,0,
06_04_2026_10_00,1294.30,1295.55,1292.60,1295.45,0,
06_04_2026_10_05,1295.45,1297.75,1294.70,1296.05,0,
06_04_2026_10_10,1296.05,1298.25,1295.50,1297.90,0,
06_04_2026_10_15,1298.05,1299.20,1297.30,1298.25,0,
06_04_2026_10_20,1298.25,1299.70,1297.50,1298.95,0,
06_04_2026_10_25,1298.80,1299.45,1296.95,1299.40,0,
06_04_2026_10_30,1299.40,1299.60,1297.05,1299.25,0,
06_04_2026_10_35,1299.25,1302.20,1298.95,1301.95,0,
06_04_2026_10_40,1302.00,1303.65,1301.80,1302.70,0,
06_04_2026_10_45,1302.75,1305.45,1302.50,1305.40,0,
06_04_2026_10_50,1305.30,1306.60,1303.85,1306.15,0,
06_04_2026_10_55,1306.15,1306.60,1303.00,1304.15,0,
06_04_2026_11_00,1304.15,1304.15,1298.25,1298.40,0,
06_04_2026_11_05,1298.40,1299.00,1297.65,1298.65,0,
06_04_2026_11_10,1298.65,1298.65,1294.30,1295.15,0,
06_04_2026_11_15,1295.15,1296.10,1294.45,1295.95,0,
06_04_2026_11_20,1295.95,1297.65,1295.60,1297.35,0,
06_04_2026_11_25,1297.25,1299.30,1296.45,1298.95,0,
06_04_2026_11_30,1298.95,1298.95,1297.20,1298.05,0,
06_04_2026_11_35,1298.05,1300.20,1297.65,1298.20,0,
06_04_2026_11_40,1298.20,1298.20,1296.60,1297.00,0,
06_04_2026_11_45,1297.00,1297.85,1296.30,1297.30,0,
06_04_2026_11_50,1297.30,1297.95,1295.95,1296.25,0,
06_04_2026_11_55,1296.25,1298.30,1296.10,1297.40,0,
06_04_2026_12_00,1297.40,1299.05,1296.90,1297.55,0,
06_04_2026_12_05,1297.55,1298.85,1296.70,1298.50,0,
06_04_2026_12_10,1298.50,1298.85,1297.65,1298.15,0,
06_04_2026_12_15,1298.15,1299.25,1297.70,1299.05,0,
06_04_2026_12_20,1299.05,1300.05,1298.45,1298.95,0,
06_04_2026_12_25,1298.95,1301.25,1298.45,1301.25,0,
06_04_2026_12_30,1301.25,1301.50,1298.65,1298.80,0,
06_04_2026_12_35,1298.80,1298.80,1297.65,1298.00,0,
06_04_2026_12_40,1298.00,1298.50,1296.70,1297.65,0,
06_04_2026_12_45,1297.65,1299.85,1297.65,1299.65,0,
06_04_2026_12_50,1299.65,1300.85,1298.00,1299.05,0,
06_04_2026_12_55,1299.05,1301.15,1299.05,1300.85,0,
06_04_2026_13_00,1300.85,1302.60,1298.95,1299.05,0,
06_04_2026_13_05,1299.05,1300.50,1298.95,1300.20,0,
06_04_2026_13_10,1300.20,1301.25,1299.80,1300.75,0,
06_04_2026_13_15,1300.75,1302.15,1300.60,1301.65,0,
06_04_2026_13_20,1301.65,1303.95,1301.65,1303.05,0,
06_04_2026_13_25,1303.05,1303.15,1301.05,1301.45,0,
06_04_2026_13_30,1301.45,1302.90,1299.40,1299.75,0,
06_04_2026_13_35,1299.75,1301.75,1299.65,1299.90,0,
06_04_2026_13_40,1299.90,1300.70,1298.70,1299.20,0,
06_04_2026_13_45,1299.25,1300.00,1298.35,1299.40,0,
06_04_2026_13_50,1299.30,1299.30,1298.35,1298.80,0,
06_04_2026_13_55,1298.80,1299.00,1297.40,1298.10,0,
06_04_2026_14_00,1298.20,1302.00,1298.20,1301.90,0,
06_04_2026_14_05,1301.95,1302.00,1299.80,1300.05,0,
06_04_2026_14_10,1300.05,1302.20,1299.70,1301.60,0,
06_04_2026_14_15,1301.60,1303.45,1301.50,1302.20,0,
06_04_2026_14_20,1302.30,1303.05,1302.05,1302.70,0,
06_04_2026_14_25,1302.70,1302.75,1300.35,1301.00,0,
06_04_2026_14_30,1301.00,1304.30,1301.00,1302.55,0,
06_04_2026_14_35,1302.55,1302.85,1300.85,1301.05,0,
06_04_2026_14_40,1301.05,1301.40,1300.40,1301.05,0,
06_04_2026_14_45,1301.15,1301.25,1298.90,1299.10,0,
06_04_2026_14_50,1298.60,1299.60,1296.15,1296.40,0,
06_04_2026_14_55,1296.35,1299.10,1294.90,1298.65,0,
06_04_2026_15_00,1298.65,1299.40,1297.85,1299.40,0,
06_04_2026_15_05,1299.50,1303.05,1299.50,1302.60,0,
06_04_2026_15_10,1302.55,1302.95,1300.70,1302.75,0,
06_04_2026_15_15,1302.50,1303.55,1300.55,1301.30,0,
06_04_2026_15_20,1301.15,1302.15,1299.95,1300.95,0,
06_04_2026_15_25,1300.60,1304.55,1298.65,1302.40,0,
07_04_2026_09_15,1295.00,1302.95,1293.20,1302.30,0,
07_04_2026_09_20,1302.05,1310.60,1301.20,1309.75,0,
07_04_2026_09_25,1308.95,1311.05,1308.45,1310.70,0,
07_04_2026_09_30,1310.70,1310.90,1304.35,1304.80,0,
07_04_2026_09_35,1304.80,1305.15,1299.50,1301.90,0,
07_04_2026_09_40,1301.90,1303.80,1296.60,1297.10,0,
07_04_2026_09_45,1297.10,1300.50,1296.90,1299.25,0,
07_04_2026_09_50,1299.40,1300.95,1298.80,1300.95,0,
07_04_2026_09_55,1300.95,1303.80,1300.80,1303.20,0,
07_04_2026_10_00,1303.20,1304.85,1302.75,1304.65,0,
07_04_2026_10_05,1304.65,1306.10,1304.05,1304.70,0,
07_04_2026_10_10,1304.70,1305.85,1303.50,1305.45,0,
07_04_2026_10_15,1305.45,1307.90,1304.80,1307.90,0,
07_04_2026_10_20,1307.90,1308.60,1305.50,1307.10,0,
07_04_2026_10_25,1307.10,1309.95,1307.00,1309.15,0,
07_04_2026_10_30,1309.15,1312.25,1309.05,1310.55,0,
07_04_2026_10_35,1310.55,1310.95,1307.95,1310.55,0,
07_04_2026_10_40,1310.55,1312.65,1310.45,1312.35,0,
07_04_2026_10_45,1312.35,1312.85,1309.60,1309.60,0,
07_04_2026_10_50,1309.60,1311.10,1308.15,1310.55,0,
07_04_2026_10_55,1310.70,1311.70,1310.10,1310.95,0,
07_04_2026_11_00,1310.95,1310.95,1308.65,1310.70,0,
07_04_2026_11_05,1310.70,1310.70,1308.30,1309.10,0,
07_04_2026_11_10,1309.10,1310.00,1307.50,1308.75,0,
07_04_2026_11_15,1308.75,1312.20,1308.75,1312.20,0,
07_04_2026_11_20,1312.20,1312.35,1310.50,1311.85,0,
07_04_2026_11_25,1311.75,1312.05,1311.00,1312.05,0,
07_04_2026_11_30,1312.05,1315.20,1312.05,1314.90,0,
07_04_2026_11_35,1314.90,1317.10,1314.75,1316.20,0,
07_04_2026_11_40,1316.20,1316.45,1313.85,1314.25,0,
07_04_2026_11_45,1314.10,1314.65,1312.00,1312.35,0,
07_04_2026_11_50,1312.35,1313.00,1311.90,1312.80,0,
07_04_2026_11_55,1312.80,1315.30,1312.75,1314.85,0,
07_04_2026_12_00,1314.70,1315.55,1313.40,1313.60,0,
07_04_2026_12_05,1313.60,1315.05,1313.50,1314.35,0,
07_04_2026_12_10,1314.35,1315.45,1314.20,1314.40,0,
07_04_2026_12_15,1314.40,1314.85,1313.90,1313.90,0,
07_04_2026_12_20,1313.90,1314.20,1311.95,1311.95,0,
07_04_2026_12_25,1311.90,1312.25,1310.70,1311.35,0,
07_04_2026_12_30,1311.35,1311.95,1309.60,1310.00,0,
07_04_2026_12_35,1310.00,1311.25,1309.75,1311.05,0,
07_04_2026_12_40,1311.05,1312.65,1310.95,1312.50,0,
07_04_2026_12_45,1312.50,1312.50,1311.45,1311.90,0,
07_04_2026_12_50,1311.90,1312.35,1311.20,1311.25,0,
07_04_2026_12_55,1311.25,1311.95,1310.05,1310.05,0,
07_04_2026_13_00,1310.20,1310.45,1308.95,1309.35,0,
07_04_2026_13_05,1309.30,1309.70,1307.95,1308.65,0,
07_04_2026_13_10,1308.65,1310.70,1307.60,1309.90,0,
07_04_2026_13_15,1309.90,1310.30,1309.55,1310.00,0,
07_04_2026_13_20,1309.90,1311.00,1309.50,1310.55,0,
07_04_2026_13_25,1310.55,1311.55,1310.15,1310.85,0,
07_04_2026_13_30,1310.80,1313.40,1310.80,1311.85,0,
07_04_2026_13_35,1311.85,1313.05,1311.85,1312.75,0,
07_04_2026_13_40,1312.75,1313.50,1312.70,1313.25,0,
07_04_2026_13_45,1313.25,1314.10,1310.85,1311.05,0,
07_04_2026_13_50,1311.05,1311.35,1310.00,1310.35,0,
07_04_2026_13_55,1310.35,1311.30,1309.50,1310.40,0,
07_04_2026_14_00,1310.35,1312.10,1310.10,1311.90,0,
07_04_2026_14_05,1311.90,1312.35,1310.35,1310.45,0,
07_04_2026_14_10,1310.45,1311.15,1309.80,1310.70,0,
07_04_2026_14_15,1310.70,1311.35,1310.15,1310.45,0,
07_04_2026_14_20,1310.45,1310.85,1309.50,1309.55,0,
07_04_2026_14_25,1309.55,1311.60,1309.55,1311.30,0,
07_04_2026_14_30,1311.30,1311.80,1310.10,1310.25,0,
07_04_2026_14_35,1310.25,1311.95,1310.10,1311.35,0,
07_04_2026_14_40,1311.35,1311.60,1310.95,1311.35,0,
07_04_2026_14_45,1311.35,1311.65,1310.90,1311.40,0,
07_04_2026_14_50,1311.40,1312.60,1311.40,1311.70,0,
07_04_2026_14_55,1311.70,1313.35,1311.70,1312.65,0,
07_04_2026_15_00,1312.75,1313.55,1311.75,1312.45,0,
07_04_2026_15_05,1312.75,1314.00,1312.40,1313.60,0,
07_04_2026_15_10,1313.85,1313.95,1312.25,1312.45,0,
07_04_2026_15_15,1312.70,1312.90,1308.60,1309.75,0,
07_04_2026_15_20,1309.75,1310.30,1309.05,1309.10,0,
07_04_2026_15_25,1309.10,1310.60,1306.95,1307.10,0,
08_04_2026_09_15,1345.60,1347.85,1334.05,1343.85,0,
08_04_2026_09_20,1343.85,1346.75,1337.95,1342.05,0,
08_04_2026_09_25,1342.05,1342.05,1335.10,1335.10,0,
08_04_2026_09_30,1335.10,1344.60,1335.10,1343.40,0,
08_04_2026_09_35,1343.40,1344.70,1341.65,1343.25,0,
08_04_2026_09_40,1343.25,1348.25,1342.95,1345.80,0,
08_04_2026_09_45,1345.90,1347.75,1345.05,1345.15,0,
08_04_2026_09_50,1345.15,1345.15,1343.00,1343.25,0,
08_04_2026_09_55,1343.25,1344.00,1340.30,1340.85,0,
08_04_2026_10_00,1340.90,1342.05,1340.90,1341.05,0,
08_04_2026_10_05,1341.05,1343.40,1341.05,1342.95,0,
08_04_2026_10_10,1343.05,1343.05,1340.60,1342.40,0,
08_04_2026_10_15,1342.30,1343.80,1341.60,1343.20,0,
08_04_2026_10_20,1343.20,1344.45,1341.65,1344.45,0,
08_04_2026_10_25,1344.45,1347.15,1343.80,1347.05,0,
08_04_2026_10_30,1346.95,1349.65,1346.40,1349.60,0,
08_04_2026_10_35,1349.55,1353.40,1349.20,1353.00,0,
08_04_2026_10_40,1353.00,1354.55,1351.90,1353.70,0,
08_04_2026_10_45,1353.40,1354.70,1351.90,1354.30,0,
08_04_2026_10_50,1354.40,1360.15,1354.30,1356.35,0,
08_04_2026_10_55,1356.30,1360.40,1355.10,1356.00,0,
08_04_2026_11_00,1356.00,1356.35,1353.45,1354.35,0,
08_04_2026_11_05,1354.35,1356.20,1353.45,1354.95,0,
08_04_2026_11_10,1354.95,1356.20,1353.60,1354.70,0,
08_04_2026_11_15,1354.70,1356.50,1353.60,1355.85,0,
08_04_2026_11_20,1355.95,1356.70,1355.20,1355.35,0,
08_04_2026_11_25,1355.40,1356.05,1353.60,1353.65,0,
08_04_2026_11_30,1353.65,1355.10,1352.40,1354.15,0,
08_04_2026_11_35,1354.10,1354.45,1353.20,1353.70,0,
08_04_2026_11_40,1353.75,1354.40,1353.05,1353.75,0,
08_04_2026_11_45,1353.70,1355.05,1353.50,1354.20,0,
08_04_2026_11_50,1354.20,1354.30,1349.55,1349.75,0,
08_04_2026_11_55,1349.75,1351.15,1349.15,1350.90,0,
08_04_2026_12_00,1350.90,1352.95,1350.35,1352.95,0,
08_04_2026_12_05,1352.95,1353.75,1351.45,1352.00,0,
08_04_2026_12_10,1352.00,1357.95,1352.00,1357.35,0,
08_04_2026_12_15,1357.45,1357.95,1355.85,1356.95,0,
08_04_2026_12_20,1357.00,1359.70,1356.95,1358.65,0,
08_04_2026_12_25,1358.65,1358.95,1357.05,1357.05,0,
08_04_2026_12_30,1357.05,1357.75,1356.55,1356.95,0,
08_04_2026_12_35,1356.85,1357.80,1356.05,1356.95,0,
08_04_2026_12_40,1356.95,1356.95,1353.45,1353.90,0,
08_04_2026_12_45,1353.90,1354.40,1352.95,1353.75,0,
08_04_2026_12_50,1353.70,1354.30,1352.95,1353.85,0,
08_04_2026_12_55,1353.90,1354.60,1353.55,1353.55,0,
08_04_2026_13_00,1353.55,1357.55,1353.40,1357.25,0,
08_04_2026_13_05,1357.25,1359.75,1356.45,1359.05,0,
08_04_2026_13_10,1359.10,1361.50,1358.70,1359.85,0,
08_04_2026_13_15,1359.75,1360.40,1359.10,1359.85,0,
08_04_2026_13_20,1360.35,1360.45,1358.40,1359.00,0,
08_04_2026_13_25,1359.00,1359.95,1357.70,1358.25,0,
08_04_2026_13_30,1358.25,1358.25,1356.05,1356.75,0,
08_04_2026_13_35,1356.80,1357.10,1355.35,1355.35,0,
08_04_2026_13_40,1355.35,1355.40,1353.95,1354.70,0,
08_04_2026_13_45,1354.70,1355.30,1353.50,1354.35,0,
08_04_2026_13_50,1354.35,1354.35,1351.95,1352.15,0,
08_04_2026_13_55,1352.15,1353.35,1351.70,1352.55,0,
08_04_2026_14_00,1352.55,1352.65,1351.05,1351.25,0,
08_04_2026_14_05,1351.25,1352.00,1350.10,1350.95,0,
08_04_2026_14_10,1350.85,1351.30,1349.25,1349.30,0,
08_04_2026_14_15,1349.30,1349.30,1347.30,1347.70,0,
08_04_2026_14_20,1347.70,1352.50,1347.30,1351.90,0,
08_04_2026_14_25,1351.90,1354.85,1351.90,1352.50,0,
08_04_2026_14_30,1352.50,1352.85,1350.45,1350.45,0,
08_04_2026_14_35,1350.45,1351.05,1349.35,1349.55,0,
08_04_2026_14_40,1349.55,1352.00,1348.80,1350.20,0,
08_04_2026_14_45,1350.20,1351.55,1349.05,1349.30,0,
08_04_2026_14_50,1349.30,1349.50,1347.80,1348.85,0,
08_04_2026_14_55,1348.90,1350.10,1348.10,1348.30,0,
08_04_2026_15_00,1348.20,1350.55,1345.35,1350.20,0,
08_04_2026_15_05,1350.05,1350.70,1349.15,1349.45,0,
08_04_2026_15_10,1349.45,1351.40,1349.25,1350.20,0,
08_04_2026_15_15,1350.20,1350.20,1346.55,1348.55,0,
08_04_2026_15_20,1348.75,1348.75,1346.80,1347.95,0,
08_04_2026_15_25,1347.60,1353.75,1346.95,1350.20,0,
09_04_2026_09_15,1354.60,1364.65,1342.70,1363.90,0,
09_04_2026_09_20,1363.85,1367.90,1361.65,1365.65,0,
09_04_2026_09_25,1365.75,1367.75,1362.60,1362.85,0,
09_04_2026_09_30,1363.25,1363.90,1354.35,1355.60,0,
09_04_2026_09_35,1355.30,1357.70,1352.95,1353.25,0,
09_04_2026_09_40,1353.40,1353.50,1346.60,1346.95,0,
09_04_2026_09_45,1346.95,1348.05,1343.70,1344.30,0,
09_04_2026_09_50,1344.00,1344.25,1341.20,1343.75,0,
09_04_2026_09_55,1343.75,1343.75,1338.95,1339.35,0,
09_04_2026_10_00,1339.35,1343.55,1338.35,1342.65,0,
09_04_2026_10_05,1342.65,1343.45,1341.95,1343.25,0,
09_04_2026_10_10,1343.25,1344.10,1342.55,1343.65,0,
09_04_2026_10_15,1343.65,1347.10,1342.10,1346.85,0,
09_04_2026_10_20,1346.80,1347.30,1345.65,1347.10,0,
09_04_2026_10_25,1347.10,1348.40,1345.65,1348.25,0,
09_04_2026_10_30,1348.20,1351.50,1348.05,1351.40,0,
09_04_2026_10_35,1351.40,1353.75,1351.40,1353.50,0,
09_04_2026_10_40,1353.50,1355.05,1352.95,1354.75,0,
09_04_2026_10_45,1354.75,1355.70,1354.45,1355.40,0,
09_04_2026_10_50,1355.45,1356.30,1355.20,1355.95,0,
09_04_2026_10_55,1355.95,1358.05,1355.80,1356.70,0,
09_04_2026_11_00,1356.70,1357.35,1353.35,1353.35,0,
09_04_2026_11_05,1353.70,1354.10,1352.80,1353.80,0,
09_04_2026_11_10,1353.80,1356.45,1353.65,1356.15,0,
09_04_2026_11_15,1356.15,1356.80,1352.75,1353.90,0,
09_04_2026_11_20,1353.90,1356.25,1353.60,1356.15,0,
09_04_2026_11_25,1356.10,1358.40,1355.80,1356.25,0,
09_04_2026_11_30,1356.25,1359.55,1356.25,1358.75,0,
09_04_2026_11_35,1359.05,1360.10,1358.05,1359.55,0,
09_04_2026_11_40,1359.55,1361.55,1358.80,1361.50,0,
09_04_2026_11_45,1361.50,1363.15,1360.25,1363.10,0,
09_04_2026_11_50,1363.10,1363.80,1361.50,1361.85,0,
09_04_2026_11_55,1361.85,1361.90,1358.40,1359.85,0,
09_04_2026_12_00,1359.85,1360.60,1358.65,1358.95,0,
09_04_2026_12_05,1358.95,1359.20,1357.70,1358.10,0,
09_04_2026_12_10,1358.10,1358.15,1356.35,1356.60,0,
09_04_2026_12_15,1356.60,1358.20,1356.30,1357.20,0,
09_04_2026_12_20,1357.20,1358.35,1356.00,1356.45,0,
09_04_2026_12_25,1356.45,1357.00,1355.50,1356.80,0,
09_04_2026_12_30,1356.80,1359.15,1356.00,1358.15,0,
09_04_2026_12_35,1358.30,1358.30,1355.40,1355.50,0,
09_04_2026_12_40,1355.50,1356.85,1355.15,1355.80,0,
09_04_2026_12_45,1355.80,1355.80,1352.75,1352.90,0,
09_04_2026_12_50,1352.90,1352.90,1351.75,1352.15,0,
09_04_2026_12_55,1351.95,1352.75,1351.55,1351.65,0,
09_04_2026_13_00,1351.45,1352.40,1351.30,1351.85,0,
09_04_2026_13_05,1351.85,1353.30,1351.65,1353.20,0,
09_04_2026_13_10,1353.20,1353.20,1349.75,1351.00,0,
09_04_2026_13_15,1351.00,1351.00,1348.40,1348.90,0,
09_04_2026_13_20,1348.90,1349.00,1344.00,1344.60,0,
09_04_2026_13_25,1344.60,1344.90,1342.50,1342.75,0,
09_04_2026_13_30,1342.75,1345.60,1342.70,1343.95,0,
09_04_2026_13_35,1343.95,1344.70,1343.20,1344.35,0,
09_04_2026_13_40,1344.35,1344.60,1342.65,1342.85,0,
09_04_2026_13_45,1342.85,1343.25,1339.05,1339.05,0,
09_04_2026_13_50,1339.05,1341.95,1338.65,1341.85,0,
09_04_2026_13_55,1341.85,1342.45,1341.30,1342.00,0,
09_04_2026_14_00,1341.90,1342.90,1341.20,1342.65,0,
09_04_2026_14_05,1342.60,1343.35,1341.45,1343.10,0,
09_04_2026_14_10,1343.15,1343.30,1341.00,1342.60,0,
09_04_2026_14_15,1342.55,1342.75,1341.15,1341.55,0,
09_04_2026_14_20,1341.55,1341.65,1338.30,1338.85,0,
09_04_2026_14_25,1338.90,1339.05,1337.70,1337.95,0,
09_04_2026_14_30,1337.95,1338.10,1335.65,1335.80,0,
09_04_2026_14_35,1335.80,1335.90,1334.90,1335.55,0,
09_04_2026_14_40,1335.55,1338.75,1335.40,1338.45,0,
09_04_2026_14_45,1338.45,1339.00,1336.90,1338.00,0,
09_04_2026_14_50,1337.95,1339.05,1337.65,1338.50,0,
09_04_2026_14_55,1338.50,1338.55,1337.05,1337.70,0,
09_04_2026_15_00,1337.70,1339.70,1336.60,1338.35,0,
09_04_2026_15_05,1338.35,1342.25,1337.80,1342.25,0,
09_04_2026_15_10,1342.20,1342.25,1340.40,1341.50,0,
09_04_2026_15_15,1341.25,1341.90,1339.85,1340.40,0,
09_04_2026_15_20,1340.40,1341.30,1337.60,1337.70,0,
09_04_2026_15_25,1337.75,1338.70,1335.55,1338.25,0,
10_04_2026_09_15,1348.65,1362.80,1345.40,1362.05,0,
10_04_2026_09_20,1362.05,1364.85,1358.85,1360.15,0,
10_04_2026_09_25,1360.15,1363.55,1359.90,1363.50,0,
10_04_2026_09_30,1363.50,1366.15,1361.95,1362.60,0,
10_04_2026_09_35,1362.35,1363.25,1359.45,1362.35,0,
10_04_2026_09_40,1362.45,1364.35,1361.35,1363.85,0,
10_04_2026_09_45,1364.05,1369.10,1363.65,1368.35,0,
10_04_2026_09_50,1368.35,1369.15,1367.35,1367.65,0,
10_04_2026_09_55,1367.65,1368.15,1365.35,1365.35,0,
10_04_2026_10_00,1365.75,1366.35,1364.50,1364.85,0,
10_04_2026_10_05,1364.85,1364.85,1359.85,1361.50,0,
10_04_2026_10_10,1361.50,1364.00,1361.00,1363.95,0,
10_04_2026_10_15,1364.00,1365.10,1363.50,1365.10,0,
10_04_2026_10_20,1365.10,1367.30,1364.70,1366.45,0,
10_04_2026_10_25,1366.45,1367.05,1364.20,1364.85,0,
10_04_2026_10_30,1364.85,1366.15,1364.75,1365.30,0,
10_04_2026_10_35,1365.45,1368.30,1365.35,1368.10,0,
10_04_2026_10_40,1368.10,1375.90,1368.10,1372.95,0,
10_04_2026_10_45,1372.95,1372.95,1369.30,1369.55,0,
10_04_2026_10_50,1369.55,1370.95,1368.30,1370.05,0,
10_04_2026_10_55,1370.05,1371.65,1369.70,1370.90,0,
10_04_2026_11_00,1370.90,1371.35,1368.40,1369.20,0,
10_04_2026_11_05,1369.20,1370.60,1369.05,1369.05,0,
10_04_2026_11_10,1369.05,1369.75,1366.75,1368.10,0,
10_04_2026_11_15,1368.10,1368.80,1366.00,1366.30,0,
10_04_2026_11_20,1366.30,1367.60,1366.00,1367.40,0,
10_04_2026_11_25,1367.40,1369.10,1366.85,1368.45,0,
10_04_2026_11_30,1368.45,1369.25,1367.65,1368.60,0,
10_04_2026_11_35,1368.50,1370.75,1368.35,1368.65,0,
10_04_2026_11_40,1368.55,1368.85,1367.90,1368.10,0,
10_04_2026_11_45,1368.10,1368.80,1364.60,1365.10,0,
10_04_2026_11_50,1365.15,1366.90,1364.95,1365.60,0,
10_04_2026_11_55,1365.55,1365.75,1362.90,1364.55,0,
10_04_2026_12_00,1364.55,1365.15,1363.70,1364.70,0,
10_04_2026_12_05,1364.70,1365.05,1364.05,1364.40,0,
10_04_2026_12_10,1364.40,1364.90,1364.00,1364.45,0,
10_04_2026_12_15,1364.45,1364.50,1362.45,1362.65,0,
10_04_2026_12_20,1362.65,1363.95,1362.45,1363.90,0,
10_04_2026_12_25,1363.90,1364.10,1361.75,1362.70,0,
10_04_2026_12_30,1362.70,1364.15,1362.50,1363.35,0,
10_04_2026_12_35,1363.35,1363.90,1363.25,1363.65,0,
10_04_2026_12_40,1363.65,1364.85,1363.40,1364.25,0,
10_04_2026_12_45,1364.25,1365.45,1364.05,1364.70,0,
10_04_2026_12_50,1364.65,1364.85,1362.85,1363.50,0,
10_04_2026_12_55,1363.50,1365.45,1363.40,1365.00,0,
10_04_2026_13_00,1365.00,1365.90,1364.80,1365.85,0,
10_04_2026_13_05,1365.85,1366.35,1365.70,1366.00,0,
10_04_2026_13_10,1366.00,1367.30,1365.55,1367.10,0,
10_04_2026_13_15,1367.10,1367.20,1365.65,1366.45,0,
10_04_2026_13_20,1366.45,1366.55,1365.90,1366.15,0,
10_04_2026_13_25,1366.25,1366.90,1365.90,1366.15,0,
10_04_2026_13_30,1366.05,1366.45,1365.50,1365.80,0,
10_04_2026_13_35,1365.85,1367.05,1365.75,1366.45,0,
10_04_2026_13_40,1366.45,1366.90,1365.70,1366.50,0,
10_04_2026_13_45,1366.45,1367.60,1366.45,1366.70,0,
10_04_2026_13_50,1366.70,1367.10,1365.80,1366.25,0,
10_04_2026_13_55,1366.25,1367.85,1366.20,1367.65,0,
10_04_2026_14_00,1367.65,1367.95,1366.80,1367.50,0,
10_04_2026_14_05,1367.50,1369.15,1367.15,1369.05,0,
10_04_2026_14_10,1369.05,1369.55,1367.55,1368.20,0,
10_04_2026_14_15,1368.00,1368.05,1362.75,1363.35,0,
10_04_2026_14_20,1363.35,1363.95,1361.55,1361.65,0,
10_04_2026_14_25,1361.50,1361.70,1358.75,1360.05,0,
10_04_2026_14_30,1360.25,1361.55,1359.20,1361.25,0,
10_04_2026_14_35,1361.20,1361.20,1359.30,1359.85,0,
10_04_2026_14_40,1359.95,1360.85,1359.60,1360.05,0,
10_04_2026_14_45,1360.05,1361.05,1359.50,1360.50,0,
10_04_2026_14_50,1360.50,1360.90,1359.55,1360.10,0,
10_04_2026_14_55,1360.10,1360.85,1358.80,1360.00,0,
10_04_2026_15_00,1360.20,1364.65,1360.00,1364.65,0,
10_04_2026_15_05,1364.65,1364.90,1363.80,1364.50,0,
10_04_2026_15_10,1364.35,1365.45,1363.35,1365.10,0,
10_04_2026_15_15,1365.05,1365.80,1363.65,1365.10,0,
10_04_2026_15_20,1365.05,1366.35,1364.50,1365.65,0,
10_04_2026_15_25,1365.75,1369.55,1362.30,1367.00,0,
13_04_2026_09_15,1344.35,1345.00,1327.50,1336.15,0,
13_04_2026_09_20,1336.00,1343.90,1335.80,1343.05,0,
13_04_2026_09_25,1343.05,1346.65,1342.55,1343.95,0,
13_04_2026_09_30,1343.65,1347.15,1341.75,1347.10,0,
13_04_2026_09_35,1347.10,1347.40,1339.95,1341.70,0,
13_04_2026_09_40,1341.70,1348.05,1340.60,1346.75,0,
13_04_2026_09_45,1346.75,1348.00,1344.25,1347.70,0,
13_04_2026_09_50,1347.70,1352.15,1347.55,1351.20,0,
13_04_2026_09_55,1351.00,1354.15,1350.90,1353.85,0,
13_04_2026_10_00,1353.80,1354.95,1352.35,1354.60,0,
13_04_2026_10_05,1354.70,1356.35,1354.15,1354.60,0,
13_04_2026_10_10,1354.60,1354.85,1352.05,1352.20,0,
13_04_2026_10_15,1352.20,1352.30,1346.80,1349.05,0,
13_04_2026_10_20,1349.05,1355.45,1349.00,1354.65,0,
13_04_2026_10_25,1354.65,1356.30,1354.35,1355.35,0,
13_04_2026_10_30,1355.40,1356.05,1354.45,1354.90,0,
13_04_2026_10_35,1354.90,1357.65,1354.30,1357.65,0,
13_04_2026_10_40,1357.65,1358.25,1354.80,1358.25,0,
13_04_2026_10_45,1358.25,1362.75,1358.10,1362.65,0,
13_04_2026_10_50,1362.70,1368.45,1362.45,1368.40,0,
13_04_2026_10_55,1368.40,1370.85,1368.05,1370.15,0,
13_04_2026_11_00,1370.30,1370.35,1368.45,1370.00,0,
13_04_2026_11_05,1370.00,1374.15,1369.95,1372.05,0,
13_04_2026_11_10,1372.05,1372.40,1369.85,1372.20,0,
13_04_2026_11_15,1372.45,1374.70,1371.35,1372.25,0,
13_04_2026_11_20,1372.25,1373.00,1368.80,1369.25,0,
13_04_2026_11_25,1369.25,1370.20,1368.75,1369.15,0,
13_04_2026_11_30,1369.10,1370.60,1369.10,1369.65,0,
13_04_2026_11_35,1369.65,1371.30,1369.25,1369.95,0,
13_04_2026_11_40,1369.95,1370.35,1368.20,1370.00,0,
13_04_2026_11_45,1370.00,1372.85,1369.80,1372.85,0,
13_04_2026_11_50,1373.10,1373.75,1372.20,1372.90,0,
13_04_2026_11_55,1372.85,1373.50,1371.35,1371.45,0,
13_04_2026_12_00,1371.45,1371.80,1370.05,1370.05,0,
13_04_2026_12_05,1370.05,1370.95,1369.95,1370.50,0,
13_04_2026_12_10,1370.50,1370.50,1368.25,1368.70,0,
13_04_2026_12_15,1368.70,1369.75,1368.70,1369.10,0,
13_04_2026_12_20,1369.10,1369.75,1368.15,1368.60,0,
13_04_2026_12_25,1368.60,1369.40,1368.40,1368.80,0,
13_04_2026_12_30,1368.80,1369.10,1368.45,1368.60,0,
13_04_2026_12_35,1368.60,1369.25,1368.10,1369.20,0,
13_04_2026_12_40,1369.20,1369.20,1367.25,1367.60,0,
13_04_2026_12_45,1367.60,1368.20,1364.70,1366.55,0,
13_04_2026_12_50,1366.55,1366.90,1365.70,1366.25,0,
13_04_2026_12_55,1366.25,1366.25,1362.20,1363.10,0,
13_04_2026_13_00,1363.25,1363.25,1359.95,1361.05,0,
13_04_2026_13_05,1361.00,1363.00,1361.00,1363.00,0,
13_04_2026_13_10,1363.00,1363.50,1362.50,1362.95,0,
13_04_2026_13_15,1362.95,1364.50,1362.80,1364.45,0,
13_04_2026_13_20,1364.45,1364.70,1363.65,1364.00,0,
13_04_2026_13_25,1364.00,1364.45,1362.95,1363.10,0,
13_04_2026_13_30,1363.10,1366.25,1363.00,1366.25,0,
13_04_2026_13_35,1366.00,1366.10,1364.80,1365.20,0,
13_04_2026_13_40,1365.20,1365.25,1364.50,1365.25,0,
13_04_2026_13_45,1365.25,1365.25,1363.85,1364.40,0,
13_04_2026_13_50,1364.40,1366.50,1363.95,1366.25,0,
13_04_2026_13_55,1366.25,1367.70,1366.05,1367.35,0,
13_04_2026_14_00,1367.35,1369.85,1367.35,1369.25,0,
13_04_2026_14_05,1369.25,1369.35,1366.25,1366.85,0,
13_04_2026_14_10,1366.85,1367.00,1365.15,1366.05,0,
13_04_2026_14_15,1366.05,1367.05,1365.95,1366.45,0,
13_04_2026_14_20,1366.45,1368.05,1366.45,1367.35,0,
13_04_2026_14_25,1367.35,1368.60,1367.20,1367.80,0,
13_04_2026_14_30,1367.80,1368.05,1366.25,1366.75,0,
13_04_2026_14_35,1366.70,1366.70,1365.05,1365.40,0,
13_04_2026_14_40,1365.40,1365.55,1364.35,1365.35,0,
13_04_2026_14_45,1365.35,1365.70,1364.60,1365.30,0,
13_04_2026_14_50,1365.25,1365.35,1364.50,1364.70,0,
13_04_2026_14_55,1364.70,1365.15,1364.15,1364.85,0,
13_04_2026_15_00,1364.85,1365.10,1358.80,1361.05,0,
13_04_2026_15_05,1361.15,1362.45,1360.45,1360.90,0,
13_04_2026_15_10,1360.90,1361.65,1359.00,1359.65,0,
13_04_2026_15_15,1359.60,1361.25,1359.05,1360.55,0,
13_04_2026_15_20,1360.60,1360.75,1358.65,1359.65,0,
13_04_2026_15_25,1359.65,1362.15,1358.75,1361.20,0,
15_04_2026_09_15,1384.10,1391.35,1381.35,1387.60,0,
15_04_2026_09_20,1388.15,1388.50,1382.70,1387.65,0,
15_04_2026_09_25,1387.45,1388.05,1382.80,1383.90,0,
15_04_2026_09_30,1383.90,1387.60,1383.85,1385.60,0,
15_04_2026_09_35,1385.60,1386.20,1383.80,1385.90,0,
15_04_2026_09_40,1386.00,1391.00,1385.70,1390.45,0,
15_04_2026_09_45,1390.45,1393.90,1390.15,1391.45,0,
15_04_2026_09_50,1391.45,1393.00,1390.40,1393.00,0,
15_04_2026_09_55,1393.00,1395.90,1392.90,1393.70,0,
15_04_2026_10_00,1393.50,1393.55,1389.35,1390.85,0,
15_04_2026_10_05,1390.85,1397.40,1390.55,1395.75,0,
15_04_2026_10_10,1396.05,1397.90,1395.45,1395.75,0,
15_04_2026_10_15,1395.75,1396.90,1395.65,1396.75,0,
15_04_2026_10_20,1396.75,1397.55,1395.90,1396.35,0,
15_04_2026_10_25,1396.15,1396.40,1394.40,1394.50,0,
15_04_2026_10_30,1394.50,1395.30,1393.85,1394.10,0,
15_04_2026_10_35,1394.10,1394.40,1390.90,1391.85,0,
15_04_2026_10_40,1391.85,1392.45,1391.45,1392.15,0,
15_04_2026_10_45,1392.15,1393.40,1390.60,1393.30,0,
15_04_2026_10_50,1393.30,1393.35,1391.30,1391.50,0,
15_04_2026_10_55,1391.50,1393.10,1391.15,1392.45,0,
15_04_2026_11_00,1392.45,1393.50,1391.90,1393.15,0,
15_04_2026_11_05,1393.15,1393.65,1391.85,1392.10,0,
15_04_2026_11_10,1392.10,1392.20,1389.45,1389.65,0,
15_04_2026_11_15,1389.65,1390.55,1388.35,1389.55,0,
15_04_2026_11_20,1389.55,1389.90,1388.70,1389.15,0,
15_04_2026_11_25,1389.20,1389.25,1388.30,1389.15,0,
15_04_2026_11_30,1389.15,1390.60,1388.75,1390.40,0,
15_04_2026_11_35,1390.40,1393.00,1390.30,1390.70,0,
15_04_2026_11_40,1390.75,1392.55,1390.70,1391.95,0,
15_04_2026_11_45,1391.95,1393.70,1391.55,1393.35,0,
15_04_2026_11_50,1393.35,1394.00,1393.10,1393.70,0,
15_04_2026_11_55,1393.70,1393.80,1392.45,1392.45,0,
15_04_2026_12_00,1392.45,1393.45,1392.15,1393.40,0,
15_04_2026_12_05,1393.40,1394.80,1393.25,1394.45,0,
15_04_2026_12_10,1394.45,1394.90,1394.10,1394.80,0,
15_04_2026_12_15,1394.55,1394.55,1393.75,1394.15,0,
15_04_2026_12_20,1394.15,1394.30,1393.35,1393.90,0,
15_04_2026_12_25,1393.90,1395.00,1393.65,1394.45,0,
15_04_2026_12_30,1394.45,1394.60,1393.55,1393.55,0,
15_04_2026_12_35,1393.45,1394.60,1393.45,1393.90,0,
15_04_2026_12_40,1393.90,1395.00,1393.80,1394.45,0,
15_04_2026_12_45,1394.45,1394.45,1392.45,1393.00,0,
15_04_2026_12_50,1393.00,1393.50,1392.10,1392.60,0,
15_04_2026_12_55,1392.60,1393.60,1392.55,1393.30,0,
15_04_2026_13_00,1393.30,1393.45,1392.20,1393.20,0,
15_04_2026_13_05,1393.20,1393.30,1392.55,1393.30,0,
15_04_2026_13_10,1393.30,1394.20,1393.05,1394.15,0,
15_04_2026_13_15,1394.00,1395.50,1393.95,1395.40,0,
15_04_2026_13_20,1395.40,1395.45,1390.45,1390.90,0,
15_04_2026_13_25,1390.90,1392.20,1390.45,1392.10,0,
15_04_2026_13_30,1392.10,1392.80,1391.65,1392.45,0,
15_04_2026_13_35,1392.45,1393.65,1391.85,1392.70,0,
15_04_2026_13_40,1392.70,1394.00,1392.20,1393.80,0,
15_04_2026_13_45,1393.80,1394.35,1393.45,1393.90,0,
15_04_2026_13_50,1393.90,1393.90,1392.70,1393.10,0,
15_04_2026_13_55,1393.10,1394.30,1392.90,1393.65,0,
15_04_2026_14_00,1393.55,1393.65,1390.15,1390.20,0,
15_04_2026_14_05,1390.15,1390.45,1388.80,1389.70,0,
15_04_2026_14_10,1389.75,1391.25,1389.30,1391.10,0,
15_04_2026_14_15,1391.15,1392.10,1390.65,1391.45,0,
15_04_2026_14_20,1391.50,1392.40,1390.95,1391.10,0,
15_04_2026_14_25,1391.10,1391.20,1390.15,1390.50,0,
15_04_2026_14_30,1390.45,1391.60,1390.25,1391.35,0,
15_04_2026_14_35,1391.35,1391.35,1388.50,1388.60,0,
15_04_2026_14_40,1388.60,1389.55,1388.50,1389.10,0,
15_04_2026_14_45,1389.05,1390.60,1389.05,1390.00,0,
15_04_2026_14_50,1390.00,1390.60,1389.85,1390.00,0,
15_04_2026_14_55,1390.00,1390.75,1388.20,1388.40,0,
15_04_2026_15_00,1388.40,1388.85,1386.85,1388.75,0,
15_04_2026_15_05,1388.90,1391.55,1388.90,1391.20,0,
15_04_2026_15_10,1391.30,1391.95,1389.60,1389.65,0,
15_04_2026_15_15,1389.45,1391.20,1388.40,1390.45,0,
15_04_2026_15_20,1390.45,1392.65,1390.10,1391.45,0,
15_04_2026_15_25,1391.60,1392.65,1388.70,1389.85,0,
16_04_2026_09_15,1401.45,1413.50,1400.80,1409.80,0,
16_04_2026_09_20,1409.85,1411.65,1409.05,1409.15,0,
16_04_2026_09_25,1409.40,1409.55,1403.85,1403.90,0,
16_04_2026_09_30,1404.10,1404.10,1400.00,1400.35,0,
16_04_2026_09_35,1400.30,1401.10,1396.20,1396.25,0,
16_04_2026_09_40,1396.25,1396.25,1387.60,1388.05,0,
16_04_2026_09_45,1388.05,1388.60,1385.55,1387.85,0,
16_04_2026_09_50,1388.10,1389.10,1387.15,1387.95,0,
16_04_2026_09_55,1387.95,1387.95,1384.90,1386.05,0,
16_04_2026_10_00,1386.05,1386.50,1384.35,1386.30,0,
16_04_2026_10_05,1386.30,1387.60,1385.85,1386.20,0,
16_04_2026_10_10,1386.20,1388.20,1386.20,1387.50,0,
16_04_2026_10_15,1387.50,1387.70,1386.00,1386.95,0,
16_04_2026_10_20,1386.95,1388.05,1386.00,1387.35,0,
16_04_2026_10_25,1387.35,1390.55,1387.35,1390.15,0,
16_04_2026_10_30,1390.15,1391.50,1389.80,1390.85,0,
16_04_2026_10_35,1390.85,1391.80,1388.80,1388.85,0,
16_04_2026_10_40,1388.85,1391.55,1388.70,1390.50,0,
16_04_2026_10_45,1390.55,1391.30,1389.55,1390.65,0,
16_04_2026_10_50,1390.65,1391.95,1390.55,1391.30,0,
16_04_2026_10_55,1391.40,1391.40,1389.65,1390.75,0,
16_04_2026_11_00,1390.75,1392.95,1390.40,1392.80,0,
16_04_2026_11_05,1392.85,1394.30,1392.85,1394.05,0,
16_04_2026_11_10,1394.10,1394.35,1393.25,1394.10,0,
16_04_2026_11_15,1394.10,1395.55,1393.55,1393.60,0,
16_04_2026_11_20,1393.55,1394.35,1392.40,1393.00,0,
16_04_2026_11_25,1392.75,1393.15,1391.25,1392.35,0,
16_04_2026_11_30,1392.35,1392.40,1391.60,1392.05,0,
16_04_2026_11_35,1392.05,1394.05,1391.75,1392.10,0,
16_04_2026_11_40,1392.10,1392.15,1390.15,1390.25,0,
16_04_2026_11_45,1390.25,1390.25,1386.45,1387.80,0,
16_04_2026_11_50,1387.80,1388.70,1387.15,1387.80,0,
16_04_2026_11_55,1387.80,1387.90,1384.15,1384.15,0,
16_04_2026_12_00,1384.15,1384.30,1381.60,1382.00,0,
16_04_2026_12_05,1382.05,1383.45,1380.85,1383.15,0,
16_04_2026_12_10,1383.10,1384.80,1383.10,1384.75,0,
16_04_2026_12_15,1384.75,1385.20,1384.00,1384.50,0,
16_04_2026_12_20,1384.50,1387.95,1384.50,1387.15,0,
16_04_2026_12_25,1387.15,1387.50,1386.30,1386.70,0,
16_04_2026_12_30,1386.70,1387.10,1385.15,1385.15,0,
16_04_2026_12_35,1385.15,1385.80,1385.10,1385.35,0,
16_04_2026_12_40,1385.35,1386.25,1385.00,1385.85,0,
16_04_2026_12_45,1385.85,1386.05,1384.80,1385.35,0,
16_04_2026_12_50,1385.35,1386.95,1385.25,1385.70,0,
16_04_2026_12_55,1385.70,1385.85,1383.60,1384.00,0,
16_04_2026_13_00,1384.00,1386.85,1383.55,1386.85,0,
16_04_2026_13_05,1386.85,1387.80,1386.50,1386.75,0,
16_04_2026_13_10,1386.75,1386.90,1385.75,1386.70,0,
16_04_2026_13_15,1386.70,1386.85,1384.80,1385.20,0,
16_04_2026_13_20,1385.15,1385.65,1384.80,1385.00,0,
16_04_2026_13_25,1385.00,1385.60,1384.50,1385.50,0,
16_04_2026_13_30,1385.50,1386.55,1385.50,1386.40,0,
16_04_2026_13_35,1386.40,1387.65,1386.05,1387.65,0,
16_04_2026_13_40,1387.65,1388.55,1387.20,1387.80,0,
16_04_2026_13_45,1387.80,1388.85,1387.80,1388.80,0,
16_04_2026_13_50,1388.80,1389.65,1388.35,1388.80,0,
16_04_2026_13_55,1388.80,1389.85,1388.80,1389.85,0,
16_04_2026_14_00,1389.85,1390.35,1389.00,1389.05,0,
16_04_2026_14_05,1389.05,1389.80,1388.75,1389.05,0,
16_04_2026_14_10,1389.05,1390.70,1389.00,1390.40,0,
16_04_2026_14_15,1390.40,1391.60,1390.40,1391.30,0,
16_04_2026_14_20,1391.15,1393.50,1391.05,1392.75,0,
16_04_2026_14_25,1392.75,1394.55,1392.30,1393.90,0,
16_04_2026_14_30,1393.90,1395.55,1393.90,1395.55,0,
16_04_2026_14_35,1395.55,1395.85,1394.80,1395.75,0,
16_04_2026_14_40,1395.75,1397.65,1395.25,1397.20,0,
16_04_2026_14_45,1397.25,1398.00,1395.65,1396.20,0,
16_04_2026_14_50,1396.15,1397.45,1396.15,1397.15,0,
16_04_2026_14_55,1397.00,1399.60,1396.50,1399.50,0,
16_04_2026_15_00,1399.45,1400.10,1397.10,1398.85,0,
16_04_2026_15_05,1398.75,1399.15,1396.90,1398.05,0,
16_04_2026_15_10,1398.05,1399.50,1397.55,1398.70,0,
16_04_2026_15_15,1398.75,1398.80,1396.50,1397.35,0,
16_04_2026_15_20,1397.45,1399.25,1397.40,1399.15,0,
16_04_2026_15_25,1399.20,1400.80,1397.25,1399.95,0,
17_04_2026_09_15,1404.05,1420.05,1401.10,1419.80,0,
17_04_2026_09_20,1419.75,1426.55,1417.95,1420.35,0,
17_04_2026_09_25,1420.40,1420.40,1417.35,1417.80,0,
17_04_2026_09_30,1418.25,1418.30,1414.90,1416.70,0,
17_04_2026_09_35,1416.70,1418.35,1415.30,1417.75,0,
17_04_2026_09_40,1417.55,1417.90,1415.20,1417.20,0,
17_04_2026_09_45,1417.15,1422.80,1417.15,1422.20,0,
17_04_2026_09_50,1422.20,1422.50,1420.65,1420.65,0,
17_04_2026_09_55,1420.55,1420.55,1417.75,1418.30,0,
17_04_2026_10_00,1418.30,1422.25,1417.75,1421.65,0,
17_04_2026_10_05,1421.45,1422.70,1421.15,1422.00,0,
17_04_2026_10_10,1422.00,1422.05,1420.20,1421.10,0,
17_04_2026_10_15,1421.10,1422.00,1418.00,1418.40,0,
17_04_2026_10_20,1418.40,1418.95,1417.10,1418.40,0,
17_04_2026_10_25,1418.40,1420.35,1417.95,1418.20,0,
17_04_2026_10_30,1418.20,1418.25,1415.30,1415.35,0,
17_04_2026_10_35,1415.65,1416.55,1414.50,1414.60,0,
17_04_2026_10_40,1414.80,1416.65,1414.05,1416.00,0,
17_04_2026_10_45,1416.00,1416.65,1414.80,1415.10,0,
17_04_2026_10_50,1415.10,1415.25,1412.75,1413.85,0,
17_04_2026_10_55,1413.85,1414.05,1413.15,1413.80,0,
17_04_2026_11_00,1413.50,1413.85,1411.20,1411.75,0,
17_04_2026_11_05,1411.70,1412.50,1410.55,1411.10,0,
17_04_2026_11_10,1411.10,1413.05,1410.70,1412.20,0,
17_04_2026_11_15,1412.20,1412.90,1411.50,1412.85,0,
17_04_2026_11_20,1412.85,1413.65,1412.00,1412.90,0,
17_04_2026_11_25,1412.90,1413.85,1412.45,1413.35,0,
17_04_2026_11_30,1413.35,1413.75,1412.65,1413.55,0,
17_04_2026_11_35,1413.55,1414.15,1412.55,1413.80,0,
17_04_2026_11_40,1413.80,1414.05,1412.15,1413.15,0,
17_04_2026_11_45,1413.15,1413.20,1410.80,1411.35,0,
17_04_2026_11_50,1411.35,1412.65,1411.00,1412.35,0,
17_04_2026_11_55,1412.35,1412.95,1411.00,1411.80,0,
17_04_2026_12_00,1411.85,1413.30,1411.35,1411.85,0,
17_04_2026_12_05,1411.85,1411.85,1410.00,1411.30,0,
17_04_2026_12_10,1411.30,1412.25,1410.90,1411.50,0,
17_04_2026_12_15,1411.50,1412.05,1410.90,1411.75,0,
17_04_2026_12_20,1411.75,1412.15,1410.80,1411.55,0,
17_04_2026_12_25,1411.55,1412.10,1411.15,1411.15,0,
17_04_2026_12_30,1411.15,1411.50,1409.50,1409.50,0,
17_04_2026_12_35,1409.50,1410.95,1409.05,1410.55,0,
17_04_2026_12_40,1410.55,1410.55,1408.70,1409.65,0,
17_04_2026_12_45,1409.65,1410.75,1409.30,1410.40,0,
17_04_2026_12_50,1410.40,1411.95,1410.20,1411.90,0,
17_04_2026_12_55,1411.85,1412.15,1411.40,1411.45,0,
17_04_2026_13_00,1411.45,1412.00,1410.80,1411.85,0,
17_04_2026_13_05,1411.85,1412.95,1411.75,1412.90,0,
17_04_2026_13_10,1413.00,1414.00,1412.70,1413.90,0,
17_04_2026_13_15,1413.85,1414.85,1413.60,1414.35,0,
17_04_2026_13_20,1414.35,1414.35,1412.95,1413.25,0,
17_04_2026_13_25,1413.10,1413.40,1411.85,1413.10,0,
17_04_2026_13_30,1413.20,1414.60,1411.25,1411.90,0,
17_04_2026_13_35,1411.90,1412.95,1411.35,1412.40,0,
17_04_2026_13_40,1412.40,1417.45,1412.40,1416.60,0,
17_04_2026_13_45,1416.55,1417.70,1416.20,1417.55,0,
17_04_2026_13_50,1417.55,1418.10,1416.40,1417.35,0,
17_04_2026_13_55,1417.45,1418.30,1415.95,1418.00,0,
17_04_2026_14_00,1418.00,1418.00,1417.10,1417.30,0,
17_04_2026_14_05,1417.30,1418.70,1416.85,1417.50,0,
17_04_2026_14_10,1417.50,1417.70,1416.25,1416.75,0,
17_04_2026_14_15,1416.75,1418.80,1416.60,1418.40,0,
17_04_2026_14_20,1418.40,1418.55,1417.30,1418.15,0,
17_04_2026_14_25,1418.15,1418.15,1417.10,1417.50,0,
17_04_2026_14_30,1417.50,1417.75,1416.60,1416.75,0,
17_04_2026_14_35,1416.75,1417.05,1416.15,1416.25,0,
17_04_2026_14_40,1416.35,1417.25,1415.85,1416.50,0,
17_04_2026_14_45,1416.50,1417.10,1415.95,1416.40,0,
17_04_2026_14_50,1416.35,1419.65,1416.35,1418.50,0,
17_04_2026_14_55,1418.50,1418.65,1416.25,1416.95,0,
17_04_2026_15_00,1416.40,1417.40,1415.55,1416.10,0,
17_04_2026_15_05,1416.15,1417.15,1415.70,1416.00,0,
17_04_2026_15_10,1416.00,1416.50,1414.75,1416.00,0,
17_04_2026_15_15,1415.85,1417.85,1415.50,1416.70,0,
17_04_2026_15_20,1416.75,1417.00,1414.70,1416.00,0,
17_04_2026_15_25,1416.00,1418.65,1415.35,1418.05,0,
20_04_2026_09_15,1418.95,1425.20,1411.00,1424.25,0,
20_04_2026_09_20,1424.15,1431.40,1423.45,1429.05,0,
20_04_2026_09_25,1429.05,1429.65,1418.60,1420.00,0,
20_04_2026_09_30,1419.95,1420.30,1413.25,1417.35,0,
20_04_2026_09_35,1417.35,1418.60,1413.45,1413.65,0,
20_04_2026_09_40,1413.60,1416.15,1411.75,1411.80,0,
20_04_2026_09_45,1411.95,1412.05,1410.40,1411.75,0,
20_04_2026_09_50,1411.80,1418.85,1411.80,1418.55,0,
20_04_2026_09_55,1418.55,1418.85,1415.70,1415.85,0,
20_04_2026_10_00,1415.85,1417.00,1414.35,1416.05,0,
20_04_2026_10_05,1416.10,1418.80,1415.90,1418.55,0,
20_04_2026_10_10,1418.55,1418.55,1416.20,1416.35,0,
20_04_2026_10_15,1416.35,1417.50,1416.15,1416.55,0,
20_04_2026_10_20,1416.65,1418.25,1416.40,1418.10,0,
20_04_2026_10_25,1418.10,1418.45,1416.10,1416.25,0,
20_04_2026_10_30,1416.25,1417.05,1415.10,1416.45,0,
20_04_2026_10_35,1416.45,1417.95,1416.25,1417.00,0,
20_04_2026_10_40,1417.00,1419.60,1416.80,1418.00,0,
20_04_2026_10_45,1418.00,1418.05,1416.10,1417.95,0,
20_04_2026_10_50,1417.95,1418.60,1416.95,1417.00,0,
20_04_2026_10_55,1417.00,1417.05,1415.75,1415.75,0,
20_04_2026_11_00,1415.75,1417.15,1414.95,1416.45,0,
20_04_2026_11_05,1416.45,1416.70,1414.95,1415.15,0,
20_04_2026_11_10,1415.15,1417.80,1414.75,1417.65,0,
20_04_2026_11_15,1417.70,1422.75,1417.70,1422.75,0,
20_04_2026_11_20,1422.80,1424.30,1421.20,1423.85,0,
20_04_2026_11_25,1423.85,1424.15,1421.25,1421.70,0,
20_04_2026_11_30,1421.80,1422.80,1421.20,1422.15,0,
20_04_2026_11_35,1422.15,1426.75,1421.75,1426.40,0,
20_04_2026_11_40,1426.45,1430.90,1426.05,1430.75,0,
20_04_2026_11_45,1430.70,1431.25,1429.30,1430.10,0,
20_04_2026_11_50,1430.10,1432.85,1429.50,1432.30,0,
20_04_2026_11_55,1432.30,1432.35,1430.00,1430.35,0,
20_04_2026_12_00,1430.35,1431.15,1428.85,1429.55,0,
20_04_2026_12_05,1429.55,1430.95,1428.95,1430.70,0,
20_04_2026_12_10,1430.70,1431.25,1428.10,1428.25,0,
20_04_2026_12_15,1428.15,1431.70,1427.40,1431.10,0,
20_04_2026_12_20,1431.10,1432.10,1430.80,1431.35,0,
20_04_2026_12_25,1431.35,1432.70,1431.25,1432.05,0,
20_04_2026_12_30,1432.05,1433.20,1432.05,1432.70,0,
20_04_2026_12_35,1432.70,1432.80,1430.75,1431.00,0,
20_04_2026_12_40,1431.00,1431.20,1429.95,1430.50,0,
20_04_2026_12_45,1430.55,1431.90,1430.55,1431.40,0,
20_04_2026_12_50,1431.40,1431.80,1429.50,1430.00,0,
20_04_2026_12_55,1430.30,1430.45,1428.20,1428.90,0,
20_04_2026_13_00,1428.90,1429.45,1427.50,1428.45,0,
20_04_2026_13_05,1428.45,1430.35,1427.00,1427.70,0,
20_04_2026_13_10,1427.70,1427.70,1425.10,1425.35,0,
20_04_2026_13_15,1425.35,1425.50,1422.60,1422.85,0,
20_04_2026_13_20,1422.85,1423.55,1419.85,1420.15,0,
20_04_2026_13_25,1420.15,1420.30,1417.45,1418.50,0,
20_04_2026_13_30,1418.50,1419.80,1418.15,1419.45,0,
20_04_2026_13_35,1419.45,1419.80,1417.65,1417.90,0,
20_04_2026_13_40,1417.80,1419.60,1417.65,1419.30,0,
20_04_2026_13_45,1419.30,1421.60,1418.60,1420.65,0,
20_04_2026_13_50,1420.65,1420.90,1418.85,1420.50,0,
20_04_2026_13_55,1420.40,1420.90,1419.70,1420.65,0,
20_04_2026_14_00,1420.55,1422.60,1419.95,1422.25,0,
20_04_2026_14_05,1422.15,1422.50,1420.45,1420.45,0,
20_04_2026_14_10,1420.45,1422.35,1420.30,1421.90,0,
20_04_2026_14_15,1421.90,1423.60,1421.45,1423.60,0,
20_04_2026_14_20,1423.60,1426.55,1423.20,1426.25,0,
20_04_2026_14_25,1426.25,1428.20,1425.85,1428.15,0,
20_04_2026_14_30,1428.10,1437.90,1428.10,1435.55,0,
20_04_2026_14_35,1435.55,1438.80,1434.25,1436.55,0,
20_04_2026_14_40,1436.45,1436.75,1432.70,1433.45,0,
20_04_2026_14_45,1433.30,1435.35,1430.95,1430.95,0,
20_04_2026_14_50,1431.15,1433.40,1430.50,1432.50,0,
20_04_2026_14_55,1432.55,1434.70,1431.05,1434.15,0,
20_04_2026_15_00,1434.10,1435.35,1433.00,1433.55,0,
20_04_2026_15_05,1433.55,1434.30,1430.90,1432.00,0,
20_04_2026_15_10,1431.85,1432.70,1430.30,1430.30,0,
20_04_2026_15_15,1430.50,1431.30,1424.90,1426.95,0,
20_04_2026_15_20,1426.70,1428.10,1424.85,1425.35,0,
20_04_2026_15_25,1425.20,1426.55,1423.35,1424.70,0,
21_04_2026_09_15,1430.35,1438.50,1430.00,1433.10,0,
21_04_2026_09_20,1433.10,1437.25,1432.70,1435.05,0,
21_04_2026_09_25,1434.95,1439.35,1434.50,1436.05,0,
21_04_2026_09_30,1436.05,1440.75,1435.90,1439.45,0,
21_04_2026_09_35,1439.40,1446.10,1439.10,1444.85,0,
21_04_2026_09_40,1444.85,1448.10,1443.35,1447.20,0,
21_04_2026_09_45,1447.60,1449.30,1446.20,1446.20,0,
21_04_2026_09_50,1446.40,1447.60,1444.90,1445.60,0,
21_04_2026_09_55,1445.70,1448.70,1445.65,1447.70,0,
21_04_2026_10_00,1447.65,1448.10,1446.50,1447.15,0,
21_04_2026_10_05,1447.15,1448.55,1446.95,1447.65,0,
21_04_2026_10_10,1447.65,1448.95,1446.90,1448.70,0,
21_04_2026_10_15,1448.75,1449.10,1446.65,1447.55,0,
21_04_2026_10_20,1447.65,1448.05,1446.00,1448.05,0,
21_04_2026_10_25,1447.85,1448.90,1447.85,1448.05,0,
21_04_2026_10_30,1448.05,1448.25,1446.80,1447.85,0,
21_04_2026_10_35,1447.75,1447.95,1443.20,1443.40,0,
21_04_2026_10_40,1443.50,1445.35,1442.95,1444.40,0,
21_04_2026_10_45,1444.60,1446.15,1444.05,1446.10,0,
21_04_2026_10_50,1446.10,1446.25,1444.90,1445.10,0,
21_04_2026_10_55,1445.20,1445.25,1443.65,1444.50,0,
21_04_2026_11_00,1444.50,1445.25,1443.95,1444.95,0,
21_04_2026_11_05,1444.95,1447.25,1444.70,1446.60,0,
21_04_2026_11_10,1446.60,1447.10,1446.10,1446.10,0,
21_04_2026_11_15,1446.10,1446.30,1445.05,1445.45,0,
21_04_2026_11_20,1445.45,1446.35,1444.30,1444.85,0,
21_04_2026_11_25,1445.00,1445.40,1443.55,1444.00,0,
21_04_2026_11_30,1444.00,1444.30,1442.15,1442.35,0,
21_04_2026_11_35,1442.35,1442.70,1441.45,1441.50,0,
21_04_2026_11_40,1441.50,1442.60,1441.20,1441.85,0,
21_04_2026_11_45,1441.85,1444.55,1441.80,1444.05,0,
21_04_2026_11_50,1444.05,1445.60,1443.90,1445.30,0,
21_04_2026_11_55,1445.30,1446.10,1444.70,1445.10,0,
21_04_2026_12_00,1445.10,1446.20,1444.40,1445.30,0,
21_04_2026_12_05,1445.30,1446.25,1445.15,1445.85,0,
21_04_2026_12_10,1445.85,1447.25,1445.75,1447.05,0,
21_04_2026_12_15,1447.25,1447.25,1445.90,1447.00,0,
21_04_2026_12_20,1447.00,1448.50,1446.80,1447.75,0,
21_04_2026_12_25,1447.75,1449.55,1446.90,1447.90,0,
21_04_2026_12_30,1447.90,1449.10,1447.45,1448.30,0,
21_04_2026_12_35,1448.15,1448.65,1446.75,1446.75,0,
21_04_2026_12_40,1446.75,1447.60,1446.25,1446.25,0,
21_04_2026_12_45,1446.25,1447.45,1446.25,1446.90,0,
21_04_2026_12_50,1446.90,1447.75,1446.60,1447.05,0,
21_04_2026_12_55,1447.05,1447.60,1446.35,1446.70,0,
21_04_2026_13_00,1446.70,1448.10,1446.55,1447.20,0,
21_04_2026_13_05,1447.20,1447.85,1446.65,1447.60,0,
21_04_2026_13_10,1447.60,1448.55,1447.05,1448.05,0,
21_04_2026_13_15,1448.05,1448.70,1447.50,1447.75,0,
21_04_2026_13_20,1447.75,1451.25,1447.75,1450.80,0,
21_04_2026_13_25,1450.80,1452.80,1450.65,1451.45,0,
21_04_2026_13_30,1451.50,1451.70,1450.05,1450.80,0,
21_04_2026_13_35,1450.80,1450.90,1449.55,1449.60,0,
21_04_2026_13_40,1449.60,1449.75,1448.15,1448.95,0,
21_04_2026_13_45,1448.95,1449.10,1447.70,1447.95,0,
21_04_2026_13_50,1447.95,1448.50,1447.75,1448.20,0,
21_04_2026_13_55,1448.15,1449.25,1447.60,1448.70,0,
21_04_2026_14_00,1448.70,1449.60,1448.55,1448.95,0,
21_04_2026_14_05,1448.95,1449.10,1448.30,1448.50,0,
21_04_2026_14_10,1448.50,1448.95,1447.65,1448.25,0,
21_04_2026_14_15,1448.25,1448.85,1447.80,1447.90,0,
21_04_2026_14_20,1447.90,1449.45,1447.75,1448.45,0,
21_04_2026_14_25,1448.50,1448.85,1447.50,1448.15,0,
21_04_2026_14_30,1448.15,1448.60,1447.30,1447.30,0,
21_04_2026_14_35,1447.20,1447.65,1446.05,1446.30,0,
21_04_2026_14_40,1445.90,1448.05,1445.90,1447.65,0,
21_04_2026_14_45,1447.70,1448.35,1447.20,1447.90,0,
21_04_2026_14_50,1447.90,1448.20,1446.15,1447.50,0,
21_04_2026_14_55,1447.50,1447.70,1446.35,1447.45,0,
21_04_2026_15_00,1447.45,1448.55,1447.00,1447.95,0,
21_04_2026_15_05,1447.95,1448.25,1445.95,1447.30,0,
21_04_2026_15_10,1447.40,1448.65,1442.45,1442.70,0,
21_04_2026_15_15,1442.65,1443.45,1439.80,1441.50,0,
21_04_2026_15_20,1441.60,1441.75,1439.45,1441.00,0,
21_04_2026_15_25,1441.00,1441.80,1439.00,1439.05,0,
22_04_2026_09_15,1444.05,1451.90,1443.60,1448.10,0,
22_04_2026_09_20,1448.00,1449.00,1446.65,1446.90,0,
22_04_2026_09_25,1446.80,1448.05,1444.65,1445.60,0,
22_04_2026_09_30,1445.65,1449.00,1445.15,1445.85,0,
22_04_2026_09_35,1445.85,1450.55,1445.65,1449.35,0,
22_04_2026_09_40,1449.35,1450.80,1447.65,1449.15,0,
22_04_2026_09_45,1449.15,1449.40,1443.60,1445.70,0,
22_04_2026_09_50,1445.70,1448.80,1445.70,1447.80,0,
22_04_2026_09_55,1447.80,1448.05,1443.70,1444.30,0,
22_04_2026_10_00,1444.30,1445.30,1442.15,1444.50,0,
22_04_2026_10_05,1444.55,1444.95,1443.15,1444.90,0,
22_04_2026_10_10,1444.90,1445.20,1443.80,1445.20,0,
22_04_2026_10_15,1445.20,1446.70,1444.65,1445.95,0,
22_04_2026_10_20,1445.95,1446.50,1444.85,1445.20,0,
22_04_2026_10_25,1445.20,1445.90,1444.65,1445.15,0,
22_04_2026_10_30,1445.15,1447.60,1444.80,1447.40,0,
22_04_2026_10_35,1447.40,1449.65,1447.30,1448.40,0,
22_04_2026_10_40,1448.40,1449.60,1447.95,1449.45,0,
22_04_2026_10_45,1449.45,1449.70,1448.75,1449.00,0,
22_04_2026_10_50,1449.00,1450.25,1448.95,1449.80,0,
22_04_2026_10_55,1449.80,1450.65,1449.25,1450.10,0,
22_04_2026_11_00,1450.10,1450.15,1448.50,1450.05,0,
22_04_2026_11_05,1450.05,1450.05,1447.65,1448.20,0,
22_04_2026_11_10,1448.20,1449.10,1447.95,1448.90,0,
22_04_2026_11_15,1448.90,1449.25,1448.65,1449.05,0,
22_04_2026_11_20,1449.05,1449.35,1448.35,1448.80,0,
22_04_2026_11_25,1448.80,1450.20,1448.65,1450.00,0,
22_04_2026_11_30,1450.00,1452.30,1449.80,1451.90,0,
22_04_2026_11_35,1451.90,1452.20,1450.60,1450.90,0,
22_04_2026_11_40,1450.75,1452.35,1450.10,1452.10,0,
22_04_2026_11_45,1452.10,1452.40,1450.35,1450.80,0,
22_04_2026_11_50,1450.80,1451.50,1449.90,1450.25,0,
22_04_2026_11_55,1450.25,1451.25,1450.10,1451.25,0,
22_04_2026_12_00,1451.25,1452.05,1451.00,1451.75,0,
22_04_2026_12_05,1451.70,1452.10,1451.20,1451.35,0,
22_04_2026_12_10,1451.40,1451.40,1450.15,1450.35,0,
22_04_2026_12_15,1450.35,1450.75,1449.60,1449.95,0,
22_04_2026_12_20,1449.95,1450.15,1449.55,1449.90,0,
22_04_2026_12_25,1449.95,1451.85,1449.75,1450.80,0,
22_04_2026_12_30,1451.05,1451.55,1450.25,1450.65,0,
22_04_2026_12_35,1450.70,1451.35,1450.10,1450.15,0,
22_04_2026_12_40,1450.15,1450.80,1449.50,1450.35,0,
22_04_2026_12_45,1450.35,1450.80,1448.85,1449.55,0,
22_04_2026_12_50,1449.55,1450.85,1449.50,1450.40,0,
22_04_2026_12_55,1450.40,1452.45,1450.25,1452.45,0,
22_04_2026_13_00,1452.45,1452.95,1450.90,1451.05,0,
22_04_2026_13_05,1451.05,1452.70,1450.95,1451.90,0,
22_04_2026_13_10,1451.90,1452.10,1449.20,1449.75,0,
22_04_2026_13_15,1449.90,1451.55,1449.40,1450.40,0,
22_04_2026_13_20,1450.40,1451.90,1449.65,1451.80,0,
22_04_2026_13_25,1451.80,1455.00,1451.80,1454.95,0,
22_04_2026_13_30,1455.05,1457.65,1455.00,1457.65,0,
22_04_2026_13_35,1457.65,1457.75,1455.85,1456.25,0,
22_04_2026_13_40,1456.25,1456.80,1455.35,1455.50,0,
22_04_2026_13_45,1455.50,1455.80,1454.70,1455.55,0,
22_04_2026_13_50,1455.55,1455.75,1453.55,1453.55,0,
22_04_2026_13_55,1453.55,1454.40,1453.40,1454.00,0,
22_04_2026_14_00,1453.95,1455.65,1453.80,1455.65,0,
22_04_2026_14_05,1455.65,1455.75,1453.30,1453.55,0,
22_04_2026_14_10,1453.55,1453.85,1451.15,1453.55,0,
22_04_2026_14_15,1453.55,1454.40,1451.80,1452.40,0,
22_04_2026_14_20,1452.40,1452.75,1451.55,1451.85,0,
22_04_2026_14_25,1451.80,1453.50,1450.40,1451.10,0,
22_04_2026_14_30,1451.10,1456.30,1450.75,1455.55,0,
22_04_2026_14_35,1455.45,1455.45,1452.75,1453.15,0,
22_04_2026_14_40,1453.15,1453.50,1451.80,1452.05,0,
22_04_2026_14_45,1452.05,1453.85,1451.85,1453.55,0,
22_04_2026_14_50,1453.55,1453.70,1452.35,1452.60,0,
22_04_2026_14_55,1452.60,1454.25,1452.00,1454.10,0,
22_04_2026_15_00,1453.50,1454.05,1451.60,1452.00,0,
22_04_2026_15_05,1452.00,1452.10,1450.40,1452.00,0,
22_04_2026_15_10,1452.00,1452.60,1450.45,1452.00,0,
22_04_2026_15_15,1451.85,1453.55,1451.10,1452.55,0,
22_04_2026_15_20,1452.80,1454.65,1452.30,1453.55,0,
22_04_2026_15_25,1453.50,1456.90,1452.30,1453.65,0,
23_04_2026_09_15,1454.00,1460.00,1450.80,1453.00,0,
23_04_2026_09_20,1453.50,1453.55,1445.95,1451.45,0,
23_04_2026_09_25,1451.50,1453.55,1447.95,1448.60,0,
23_04_2026_09_30,1448.60,1456.60,1447.05,1456.60,0,
23_04_2026_09_35,1456.20,1458.65,1453.95,1458.65,0,
23_04_2026_09_40,1458.70,1461.35,1456.00,1456.35,0,
23_04_2026_09_45,1456.35,1460.60,1456.30,1459.50,0,
23_04_2026_09_50,1459.50,1462.00,1459.15,1460.15,0,
23_04_2026_09_55,1460.15,1461.45,1459.20,1461.05,0,
23_04_2026_10_00,1460.95,1461.20,1458.70,1458.75,0,
23_04_2026_10_05,1458.75,1459.60,1456.25,1456.35,0,
23_04_2026_10_10,1456.35,1456.75,1454.80,1456.35,0,
23_04_2026_10_15,1456.25,1456.70,1454.65,1455.40,0,
23_04_2026_10_20,1455.40,1458.25,1454.95,1456.05,0,
23_04_2026_10_25,1456.00,1459.85,1455.40,1457.50,0,
23_04_2026_10_30,1457.60,1459.30,1456.40,1457.80,0,
23_04_2026_10_35,1457.80,1458.65,1452.05,1452.15,0,
23_04_2026_10_40,1452.05,1456.25,1451.95,1454.05,0,
23_04_2026_10_45,1454.05,1457.55,1453.50,1455.95,0,
23_04_2026_10_50,1455.95,1456.05,1453.35,1454.20,0,
23_04_2026_10_55,1454.20,1456.15,1453.55,1455.20,0,
23_04_2026_11_00,1455.20,1456.65,1454.55,1456.00,0,
23_04_2026_11_05,1456.05,1456.35,1455.55,1455.65,0,
23_04_2026_11_10,1455.65,1458.05,1454.80,1454.85,0,
23_04_2026_11_15,1454.70,1455.40,1454.05,1455.05,0,
23_04_2026_11_20,1455.20,1455.20,1452.55,1452.55,0,
23_04_2026_11_25,1452.50,1453.05,1451.45,1451.55,0,
23_04_2026_11_30,1451.55,1452.85,1450.55,1452.60,0,
23_04_2026_11_35,1452.60,1456.90,1452.40,1456.00,0,
23_04_2026_11_40,1456.15,1457.60,1455.80,1456.35,0,
23_04_2026_11_45,1456.35,1458.25,1456.25,1457.90,0,
23_04_2026_11_50,1457.80,1458.85,1457.25,1458.85,0,
23_04_2026_11_55,1458.80,1459.90,1458.30,1459.25,0,
23_04_2026_12_00,1459.25,1462.60,1458.95,1461.05,0,
23_04_2026_12_05,1461.10,1461.35,1459.45,1459.55,0,
23_04_2026_12_10,1459.55,1462.00,1459.55,1461.30,0,
23_04_2026_12_15,1461.10,1461.25,1457.45,1458.25,0,
23_04_2026_12_20,1458.25,1459.35,1457.85,1458.95,0,
23_04_2026_12_25,1458.85,1459.15,1457.10,1457.40,0,
23_04_2026_12_30,1457.40,1457.45,1455.50,1456.10,0,
23_04_2026_12_35,1456.10,1456.70,1455.15,1456.65,0,
23_04_2026_12_40,1456.65,1458.00,1455.90,1457.15,0,
23_04_2026_12_45,1457.15,1457.55,1455.80,1456.70,0,
23_04_2026_12_50,1456.70,1458.95,1456.45,1458.65,0,
23_04_2026_12_55,1458.65,1459.00,1457.95,1458.25,0,
23_04_2026_13_00,1458.25,1458.50,1457.00,1457.90,0,
23_04_2026_13_05,1457.85,1459.85,1457.85,1459.55,0,
23_04_2026_13_10,1459.55,1460.35,1458.65,1458.65,0,
23_04_2026_13_15,1458.65,1459.75,1457.90,1459.40,0,
23_04_2026_13_20,1459.45,1461.40,1459.40,1461.40,0,
23_04_2026_13_25,1461.40,1463.10,1461.20,1462.70,0,
23_04_2026_13_30,1462.45,1464.15,1462.30,1462.55,0,
23_04_2026_13_35,1462.55,1462.65,1459.25,1459.40,0,
23_04_2026_13_40,1459.40,1459.80,1458.40,1458.65,0,
23_04_2026_13_45,1458.70,1459.20,1457.95,1458.50,0,
23_04_2026_13_50,1458.50,1460.35,1458.45,1460.35,0,
23_04_2026_13_55,1460.35,1462.05,1460.30,1460.95,0,
23_04_2026_14_00,1460.95,1467.55,1460.55,1467.30,0,
23_04_2026_14_05,1467.25,1468.10,1465.65,1467.45,0,
23_04_2026_14_10,1467.40,1467.60,1464.80,1465.70,0,
23_04_2026_14_15,1465.70,1467.75,1465.70,1466.75,0,
23_04_2026_14_20,1466.75,1470.35,1466.05,1467.85,0,
23_04_2026_14_25,1467.80,1468.75,1464.40,1464.90,0,
23_04_2026_14_30,1464.80,1464.90,1462.15,1463.10,0,
23_04_2026_14_35,1462.55,1464.05,1461.10,1461.45,0,
23_04_2026_14_40,1461.45,1464.75,1461.35,1463.10,0,
23_04_2026_14_45,1463.10,1467.55,1462.75,1466.90,0,
23_04_2026_14_50,1466.85,1468.65,1464.85,1468.35,0,
23_04_2026_14_55,1468.40,1469.95,1468.25,1469.80,0,
23_04_2026_15_00,1469.80,1470.50,1468.30,1469.50,0,
23_04_2026_15_05,1469.50,1469.70,1467.50,1468.25,0,
23_04_2026_15_10,1468.35,1468.85,1466.05,1466.65,0,
23_04_2026_15_15,1466.40,1466.80,1463.15,1466.60,0,
23_04_2026_15_20,1466.45,1466.85,1463.10,1465.75,0,
23_04_2026_15_25,1465.65,1466.90,1462.25,1466.30,0,
24_04_2026_09_15,1469.35,1480.70,1457.70,1460.20,0,
24_04_2026_09_20,1459.60,1463.05,1455.95,1458.30,0,
24_04_2026_09_25,1458.35,1459.05,1451.20,1453.70,0,
24_04_2026_09_30,1453.70,1455.25,1449.45,1451.05,0,
24_04_2026_09_35,1451.25,1451.85,1447.15,1447.75,0,
24_04_2026_09_40,1447.80,1450.55,1445.35,1450.20,0,
24_04_2026_09_45,1450.20,1450.80,1444.35,1445.75,0,
24_04_2026_09_50,1445.65,1446.00,1442.85,1443.45,0,
24_04_2026_09_55,1443.40,1444.95,1441.35,1444.35,0,
24_04_2026_10_00,1444.40,1453.15,1444.25,1453.10,0,
24_04_2026_10_05,1453.10,1455.25,1452.85,1453.80,0,
24_04_2026_10_10,1453.60,1455.90,1452.40,1454.00,0,
24_04_2026_10_15,1453.95,1454.30,1451.95,1452.05,0,
24_04_2026_10_20,1451.95,1452.35,1448.90,1450.20,0,
24_04_2026_10_25,1450.05,1451.60,1449.15,1450.85,0,
24_04_2026_10_30,1450.85,1452.00,1448.90,1451.70,0,
24_04_2026_10_35,1451.60,1453.85,1450.10,1452.60,0,
24_04_2026_10_40,1452.50,1452.55,1450.95,1451.15,0,
24_04_2026_10_45,1451.15,1451.15,1448.20,1449.40,0,
24_04_2026_10_50,1449.30,1450.00,1448.45,1449.55,0,
24_04_2026_10_55,1449.65,1450.30,1446.50,1447.05,0,
24_04_2026_11_00,1447.20,1447.20,1444.45,1445.00,0,
24_04_2026_11_05,1444.90,1446.05,1443.40,1443.75,0,
24_04_2026_11_10,1443.50,1444.30,1441.65,1442.15,0,
24_04_2026_11_15,1442.05,1445.70,1441.60,1445.70,0,
24_04_2026_11_20,1445.70,1447.05,1445.30,1445.80,0,
24_04_2026_11_25,1445.60,1446.70,1444.95,1445.35,0,
24_04_2026_11_30,1445.35,1446.85,1445.10,1446.55,0,
24_04_2026_11_35,1446.55,1447.00,1445.45,1446.55,0,
24_04_2026_11_40,1446.55,1447.55,1445.45,1445.50,0,
24_04_2026_11_45,1445.45,1445.75,1442.60,1443.00,0,
24_04_2026_11_50,1443.00,1443.00,1441.45,1442.10,0,
24_04_2026_11_55,1442.00,1442.25,1439.85,1440.40,0,
24_04_2026_12_00,1440.40,1440.60,1438.95,1440.35,0,
24_04_2026_12_05,1440.35,1440.80,1438.30,1439.00,0,
24_04_2026_12_10,1439.10,1442.80,1438.90,1442.70,0,
24_04_2026_12_15,1442.85,1444.55,1442.85,1444.10,0,
24_04_2026_12_20,1444.10,1444.65,1441.70,1441.95,0,
24_04_2026_12_25,1441.95,1442.10,1439.90,1440.45,0,
24_04_2026_12_30,1440.45,1441.40,1440.25,1441.40,0,
24_04_2026_12_35,1441.40,1441.85,1440.60,1441.40,0,
24_04_2026_12_40,1441.40,1441.70,1438.75,1438.80,0,
24_04_2026_12_45,1438.80,1440.30,1438.65,1439.25,0,
24_04_2026_12_50,1439.25,1440.35,1438.95,1439.85,0,
24_04_2026_12_55,1439.85,1441.15,1439.75,1440.90,0,
24_04_2026_13_00,1440.85,1441.35,1438.50,1438.95,0,
24_04_2026_13_05,1438.80,1438.95,1437.50,1437.65,0,
24_04_2026_13_10,1437.65,1438.10,1436.45,1437.05,0,
24_04_2026_13_15,1437.00,1437.35,1435.05,1436.80,0,
24_04_2026_13_20,1436.70,1437.10,1435.95,1436.25,0,
24_04_2026_13_25,1436.25,1437.05,1435.55,1437.00,0,
24_04_2026_13_30,1436.90,1437.00,1434.05,1434.20,0,
24_04_2026_13_35,1434.20,1435.05,1431.95,1431.95,0,
24_04_2026_13_40,1432.25,1433.30,1431.70,1433.10,0,
24_04_2026_13_45,1433.10,1435.65,1432.90,1435.25,0,
24_04_2026_13_50,1435.25,1437.25,1435.25,1437.05,0,
24_04_2026_13_55,1436.90,1437.05,1434.95,1436.00,0,
24_04_2026_14_00,1436.00,1436.50,1434.05,1434.45,0,
24_04_2026_14_05,1434.45,1435.15,1433.35,1435.10,0,
24_04_2026_14_10,1435.00,1435.10,1433.90,1434.65,0,
24_04_2026_14_15,1434.65,1436.30,1434.30,1435.90,0,
24_04_2026_14_20,1435.90,1438.05,1435.45,1437.45,0,
24_04_2026_14_25,1437.45,1438.90,1437.15,1438.70,0,
24_04_2026_14_30,1438.85,1439.75,1436.75,1437.75,0,
24_04_2026_14_35,1437.70,1438.95,1437.30,1438.40,0,
24_04_2026_14_40,1438.50,1440.55,1438.50,1439.35,0,
24_04_2026_14_45,1439.35,1442.95,1439.10,1442.85,0,
24_04_2026_14_50,1442.65,1444.10,1441.20,1441.75,0,
24_04_2026_14_55,1441.80,1442.30,1441.00,1441.85,0,
24_04_2026_15_00,1441.85,1441.85,1438.35,1438.70,0,
24_04_2026_15_05,1438.70,1439.00,1436.45,1439.00,0,
24_04_2026_15_10,1439.00,1440.15,1438.00,1440.05,0,
24_04_2026_15_15,1440.20,1440.35,1438.30,1439.30,0,
24_04_2026_15_20,1439.40,1439.80,1437.45,1437.80,0,
24_04_2026_15_25,1438.15,1439.65,1434.95,1437.20,0,
27_04_2026_09_15,1445.75,1453.60,1443.05,1444.30,0,
27_04_2026_09_20,1444.15,1446.45,1443.25,1444.10,0,
27_04_2026_09_25,1444.10,1449.65,1443.80,1448.50,0,
27_04_2026_09_30,1448.50,1454.90,1448.00,1454.80,0,
27_04_2026_09_35,1454.80,1455.30,1448.85,1449.10,0,
27_04_2026_09_40,1449.10,1455.80,1448.85,1455.80,0,
27_04_2026_09_45,1455.65,1463.55,1455.55,1462.55,0,
27_04_2026_09_50,1462.60,1466.80,1462.60,1464.20,0,
27_04_2026_09_55,1463.75,1466.75,1462.90,1464.45,0,
27_04_2026_10_00,1464.45,1464.80,1460.35,1460.50,0,
27_04_2026_10_05,1460.50,1461.70,1459.40,1460.30,0,
27_04_2026_10_10,1460.30,1460.65,1459.25,1459.35,0,
27_04_2026_10_15,1459.35,1463.80,1459.10,1463.40,0,
27_04_2026_10_20,1463.75,1464.30,1461.30,1461.40,0,
27_04_2026_10_25,1461.40,1466.65,1459.90,1466.50,0,
27_04_2026_10_30,1466.50,1468.70,1464.90,1466.20,0,
27_04_2026_10_35,1466.30,1467.00,1464.05,1465.70,0,
27_04_2026_10_40,1465.70,1467.30,1465.35,1467.25,0,
27_04_2026_10_45,1467.25,1468.15,1464.50,1467.50,0,
27_04_2026_10_50,1467.35,1472.05,1467.35,1471.25,0,
27_04_2026_10_55,1471.25,1474.50,1469.90,1473.75,0,
27_04_2026_11_00,1473.70,1476.00,1472.90,1473.00,0,
27_04_2026_11_05,1473.25,1476.60,1472.75,1475.95,0,
27_04_2026_11_10,1475.95,1476.80,1475.20,1475.80,0,
27_04_2026_11_15,1475.70,1475.75,1474.55,1474.90,0,
27_04_2026_11_20,1474.90,1475.70,1473.35,1474.00,0,
27_04_2026_11_25,1474.00,1475.50,1473.40,1474.65,0,
27_04_2026_11_30,1474.65,1475.80,1474.10,1474.20,0,
27_04_2026_11_35,1474.20,1474.25,1472.70,1473.80,0,
27_04_2026_11_40,1473.80,1475.05,1472.85,1475.00,0,
27_04_2026_11_45,1475.00,1477.05,1474.15,1477.05,0,
27_04_2026_11_50,1477.05,1477.55,1475.60,1476.90,0,
27_04_2026_11_55,1476.95,1477.35,1476.20,1477.10,0,
27_04_2026_12_00,1477.10,1477.20,1476.10,1476.60,0,
27_04_2026_12_05,1476.90,1478.20,1476.65,1477.40,0,
27_04_2026_12_10,1477.40,1478.10,1476.80,1477.95,0,
27_04_2026_12_15,1477.95,1478.50,1477.20,1478.00,0,
27_04_2026_12_20,1478.05,1478.20,1476.55,1476.65,0,
27_04_2026_12_25,1476.65,1477.05,1475.50,1475.70,0,
27_04_2026_12_30,1475.70,1476.30,1475.65,1476.15,0,
27_04_2026_12_35,1476.15,1477.85,1475.85,1475.95,0,
27_04_2026_12_40,1475.95,1475.95,1474.65,1475.15,0,
27_04_2026_12_45,1475.15,1475.45,1473.60,1473.65,0,
27_04_2026_12_50,1473.65,1474.20,1473.25,1473.50,0,
27_04_2026_12_55,1473.50,1473.75,1473.00,1473.10,0,
27_04_2026_13_00,1473.10,1474.00,1473.05,1473.40,0,
27_04_2026_13_05,1473.40,1474.25,1472.30,1474.10,0,
27_04_2026_13_10,1474.10,1475.65,1474.10,1474.80,0,
27_04_2026_13_15,1474.80,1477.60,1474.55,1477.15,0,
27_04_2026_13_20,1477.10,1478.10,1476.25,1477.10,0,
27_04_2026_13_25,1477.15,1477.20,1475.95,1476.05,0,
27_04_2026_13_30,1476.05,1476.80,1475.60,1476.65,0,
27_04_2026_13_35,1476.65,1477.10,1476.00,1476.30,0,
27_04_2026_13_40,1476.30,1477.05,1475.80,1476.00,0,
27_04_2026_13_45,1476.00,1476.45,1475.15,1475.40,0,
27_04_2026_13_50,1475.40,1475.40,1473.20,1474.45,0,
27_04_2026_13_55,1474.45,1475.10,1472.55,1472.60,0,
27_04_2026_14_00,1472.60,1473.00,1471.70,1471.85,0,
27_04_2026_14_05,1471.80,1472.95,1471.65,1472.95,0,
27_04_2026_14_10,1473.00,1475.15,1472.95,1474.85,0,
27_04_2026_14_15,1474.85,1476.20,1474.55,1476.20,0,
27_04_2026_14_20,1476.20,1476.85,1475.25,1475.60,0,
27_04_2026_14_25,1475.60,1476.85,1475.40,1476.30,0,
27_04_2026_14_30,1476.20,1476.60,1475.45,1476.15,0,
27_04_2026_14_35,1476.15,1476.65,1475.35,1476.05,0,
27_04_2026_14_40,1476.05,1476.55,1475.35,1476.05,0,
27_04_2026_14_45,1476.05,1478.60,1475.95,1478.25,0,
27_04_2026_14_50,1478.25,1478.30,1474.50,1474.85,0,
27_04_2026_14_55,1474.80,1476.30,1473.50,1475.55,0,
27_04_2026_15_00,1475.75,1477.10,1470.80,1471.20,0,
27_04_2026_15_05,1471.45,1472.95,1470.00,1471.75,0,
27_04_2026_15_10,1471.65,1473.10,1470.65,1472.90,0,
27_04_2026_15_15,1472.70,1474.15,1471.70,1473.45,0,
27_04_2026_15_20,1473.45,1473.75,1471.90,1472.70,0,
27_04_2026_15_25,1472.70,1475.60,1471.40,1471.40,0,
28_04_2026_09_15,1473.15,1479.45,1469.95,1478.80,0,
28_04_2026_09_20,1479.15,1480.40,1471.60,1472.00,0,
28_04_2026_09_25,1472.00,1481.00,1472.00,1475.05,0,
28_04_2026_09_30,1475.05,1475.45,1470.10,1470.10,0,
28_04_2026_09_35,1470.05,1473.00,1468.05,1471.95,0,
28_04_2026_09_40,1471.85,1479.30,1471.80,1474.45,0,
28_04_2026_09_45,1474.45,1477.85,1472.75,1473.60,0,
28_04_2026_09_50,1473.60,1474.20,1471.05,1471.60,0,
28_04_2026_09_55,1471.60,1471.60,1467.60,1468.20,0,
28_04_2026_10_00,1468.20,1472.35,1467.95,1471.85,0,
28_04_2026_10_05,1471.85,1473.90,1471.75,1473.55,0,
28_04_2026_10_10,1473.55,1474.30,1471.40,1472.00,0,
28_04_2026_10_15,1471.75,1474.75,1471.15,1472.80,0,
28_04_2026_10_20,1472.80,1474.65,1472.50,1474.00,0,
28_04_2026_10_25,1474.10,1474.75,1472.50,1474.00,0,
28_04_2026_10_30,1474.00,1475.20,1472.70,1473.85,0,
28_04_2026_10_35,1473.85,1473.95,1471.50,1471.90,0,
28_04_2026_10_40,1471.90,1472.20,1470.80,1470.85,0,
28_04_2026_10_45,1470.85,1473.60,1470.85,1473.35,0,
28_04_2026_10_50,1473.45,1475.65,1472.95,1475.15,0,
28_04_2026_10_55,1475.25,1481.05,1474.80,1479.45,0,
28_04_2026_11_00,1479.30,1480.70,1478.30,1478.85,0,
28_04_2026_11_05,1478.85,1480.35,1477.25,1479.30,0,
28_04_2026_11_10,1479.30,1479.75,1476.40,1476.85,0,
28_04_2026_11_15,1476.85,1477.65,1475.15,1476.90,0,
28_04_2026_11_20,1476.90,1476.90,1471.45,1472.05,0,
28_04_2026_11_25,1472.15,1472.20,1468.55,1468.85,0,
28_04_2026_11_30,1468.85,1469.80,1467.35,1468.80,0,
28_04_2026_11_35,1468.80,1470.90,1468.65,1470.80,0,
28_04_2026_11_40,1470.80,1473.00,1470.65,1473.00,0,
28_04_2026_11_45,1473.15,1478.50,1472.85,1477.50,0,
28_04_2026_11_50,1477.50,1480.30,1477.05,1479.60,0,
28_04_2026_11_55,1479.60,1480.55,1477.05,1477.15,0,
28_04_2026_12_00,1477.15,1477.25,1474.25,1475.50,0,
28_04_2026_12_05,1475.40,1476.05,1474.50,1476.05,0,
28_04_2026_12_10,1476.00,1478.10,1475.80,1477.10,0,
28_04_2026_12_15,1477.10,1478.50,1476.85,1477.30,0,
28_04_2026_12_20,1477.30,1477.30,1472.90,1473.60,0,
28_04_2026_12_25,1473.60,1477.25,1473.45,1476.30,0,
28_04_2026_12_30,1476.30,1476.30,1472.70,1474.00,0,
28_04_2026_12_35,1474.00,1476.35,1473.30,1476.25,0,
28_04_2026_12_40,1476.25,1477.05,1475.55,1476.65,0,
28_04_2026_12_45,1476.65,1479.90,1476.05,1479.70,0,
28_04_2026_12_50,1479.95,1483.25,1479.70,1481.50,0,
28_04_2026_12_55,1481.65,1482.95,1480.35,1480.70,0,
28_04_2026_13_00,1480.70,1480.85,1479.50,1480.05,0,
28_04_2026_13_05,1480.05,1483.60,1479.85,1483.25,0,
28_04_2026_13_10,1483.25,1483.30,1479.85,1481.55,0,
28_04_2026_13_15,1481.55,1482.85,1480.90,1482.60,0,
28_04_2026_13_20,1482.60,1484.55,1481.95,1484.35,0,
28_04_2026_13_25,1484.45,1485.35,1481.65,1481.65,0,
28_04_2026_13_30,1481.65,1482.00,1478.00,1478.60,0,
28_04_2026_13_35,1478.60,1478.60,1474.20,1475.20,0,
28_04_2026_13_40,1475.20,1475.85,1474.55,1474.65,0,
28_04_2026_13_45,1474.65,1475.45,1473.15,1473.15,0,
28_04_2026_13_50,1473.15,1473.15,1470.30,1471.35,0,
28_04_2026_13_55,1471.35,1473.05,1471.25,1472.15,0,
28_04_2026_14_00,1472.20,1472.85,1471.60,1472.15,0,
28_04_2026_14_05,1472.15,1472.20,1470.30,1471.40,0,
28_04_2026_14_10,1471.40,1471.40,1468.80,1469.25,0,
28_04_2026_14_15,1469.25,1469.25,1467.05,1468.85,0,
28_04_2026_14_20,1468.85,1470.40,1468.45,1469.80,0,
28_04_2026_14_25,1469.80,1470.60,1469.50,1469.80,0,
28_04_2026_14_30,1469.80,1474.05,1469.50,1472.75,0,
28_04_2026_14_35,1472.75,1474.05,1471.95,1473.50,0,
28_04_2026_14_40,1473.50,1475.60,1473.50,1475.45,0,
28_04_2026_14_45,1475.40,1475.60,1474.35,1475.45,0,
28_04_2026_14_50,1475.45,1475.60,1473.25,1474.20,0,
28_04_2026_14_55,1474.20,1474.70,1472.80,1474.15,0,
28_04_2026_15_00,1474.15,1475.00,1468.85,1469.15,0,
28_04_2026_15_05,1469.45,1470.10,1467.90,1470.10,0,
28_04_2026_15_10,1470.10,1471.90,1469.80,1470.45,0,
28_04_2026_15_15,1470.65,1470.85,1468.60,1468.75,0,
28_04_2026_15_20,1468.75,1472.90,1468.20,1471.95,0,
28_04_2026_15_25,1471.90,1473.75,1470.40,1473.55,0,
29_04_2026_09_15,1478.45,1481.55,1473.05,1474.70,0,
29_04_2026_09_20,1475.00,1476.20,1468.90,1469.45,0,
29_04_2026_09_25,1469.60,1474.20,1469.60,1473.85,0,
29_04_2026_09_30,1473.80,1478.15,1473.25,1474.35,0,
29_04_2026_09_35,1474.15,1476.75,1472.05,1472.50,0,
29_04_2026_09_40,1472.50,1472.85,1470.35,1471.10,0,
29_04_2026_09_45,1471.15,1472.15,1468.05,1468.30,0,
29_04_2026_09_50,1468.30,1469.20,1467.10,1468.25,0,
29_04_2026_09_55,1468.25,1468.50,1466.65,1467.35,0,
29_04_2026_10_00,1467.35,1470.40,1467.20,1468.85,0,
29_04_2026_10_05,1468.75,1469.40,1466.85,1466.95,0,
29_04_2026_10_10,1466.95,1468.25,1465.80,1465.95,0,
29_04_2026_10_15,1465.95,1468.30,1465.90,1467.95,0,
29_04_2026_10_20,1468.00,1470.00,1467.80,1468.50,0,
29_04_2026_10_25,1468.50,1468.65,1466.05,1468.10,0,
29_04_2026_10_30,1468.10,1468.20,1465.55,1465.85,0,
29_04_2026_10_35,1466.05,1466.45,1464.30,1464.60,0,
29_04_2026_10_40,1464.60,1464.90,1462.15,1462.60,0,
29_04_2026_10_45,1462.60,1464.20,1462.10,1464.20,0,
29_04_2026_10_50,1464.20,1466.10,1464.00,1465.65,0,
29_04_2026_10_55,1465.65,1468.30,1465.25,1468.05,0,
29_04_2026_11_00,1468.05,1469.60,1467.45,1467.45,0,
29_04_2026_11_05,1467.45,1469.55,1466.55,1469.15,0,
29_04_2026_11_10,1469.15,1470.95,1468.65,1470.85,0,
29_04_2026_11_15,1470.95,1474.40,1470.35,1473.95,0,
29_04_2026_11_20,1473.95,1474.50,1471.75,1472.85,0,
29_04_2026_11_25,1472.85,1473.45,1468.95,1469.25,0,
29_04_2026_11_30,1469.25,1470.60,1468.75,1469.35,0,
29_04_2026_11_35,1469.30,1469.95,1468.85,1469.25,0,
29_04_2026_11_40,1469.25,1469.50,1468.00,1468.15,0,
29_04_2026_11_45,1468.15,1468.40,1467.00,1468.00,0,
29_04_2026_11_50,1468.00,1469.00,1467.70,1468.95,0,
29_04_2026_11_55,1468.95,1470.15,1468.85,1470.05,0,
29_04_2026_12_00,1470.05,1471.10,1469.00,1469.30,0,
29_04_2026_12_05,1469.30,1469.30,1468.50,1468.80,0,
29_04_2026_12_10,1468.85,1469.70,1467.25,1467.50,0,
29_04_2026_12_15,1467.50,1468.80,1467.25,1468.30,0,
29_04_2026_12_20,1468.30,1469.55,1467.65,1469.25,0,
29_04_2026_12_25,1469.25,1470.10,1468.95,1469.55,0,
29_04_2026_12_30,1469.55,1469.95,1468.20,1469.70,0,
29_04_2026_12_35,1469.75,1470.80,1469.35,1470.70,0,
29_04_2026_12_40,1470.70,1472.90,1470.65,1472.05,0,
29_04_2026_12_45,1472.05,1472.75,1471.10,1471.10,0,
29_04_2026_12_50,1471.10,1471.45,1470.25,1470.55,0,
29_04_2026_12_55,1470.55,1473.70,1470.40,1473.10,0,
29_04_2026_13_00,1473.10,1475.00,1472.95,1474.10,0,
29_04_2026_13_05,1474.10,1474.45,1472.40,1473.00,0,
29_04_2026_13_10,1473.00,1474.55,1472.90,1474.50,0,
29_04_2026_13_15,1474.50,1475.15,1473.15,1473.85,0,
29_04_2026_13_20,1473.85,1474.15,1470.40,1470.50,0,
29_04_2026_13_25,1470.50,1470.55,1468.50,1469.20,0,
29_04_2026_13_30,1469.20,1469.40,1468.45,1468.90,0,
29_04_2026_13_35,1468.90,1470.00,1467.75,1467.95,0,
29_04_2026_13_40,1467.95,1468.10,1465.50,1466.55,0,
29_04_2026_13_45,1466.55,1467.10,1464.95,1465.50,0,
29_04_2026_13_50,1465.50,1469.10,1465.50,1468.30,0,
29_04_2026_13_55,1468.35,1469.30,1466.45,1466.90,0,
29_04_2026_14_00,1466.85,1467.20,1463.95,1463.95,0,
29_04_2026_14_05,1463.95,1466.30,1463.95,1465.70,0,
29_04_2026_14_10,1465.70,1466.70,1464.20,1466.60,0,
29_04_2026_14_15,1466.60,1467.20,1463.65,1463.80,0,
29_04_2026_14_20,1463.80,1466.05,1463.70,1465.75,0,
29_04_2026_14_25,1465.75,1466.20,1464.60,1465.05,0,
29_04_2026_14_30,1465.10,1467.40,1464.60,1466.90,0,
29_04_2026_14_35,1466.90,1467.40,1465.00,1465.85,0,
29_04_2026_14_40,1465.85,1467.05,1465.65,1466.90,0,
29_04_2026_14_45,1466.90,1467.00,1465.30,1465.80,0,
29_04_2026_14_50,1465.80,1465.95,1464.80,1465.20,0,
29_04_2026_14_55,1465.20,1465.60,1461.35,1461.40,0,
29_04_2026_15_00,1461.75,1462.90,1460.85,1462.10,0,
29_04_2026_15_05,1462.20,1464.70,1461.75,1463.30,0,
29_04_2026_15_10,1463.25,1463.90,1461.60,1461.60,0,
29_04_2026_15_15,1461.75,1465.50,1461.40,1463.10,0,
29_04_2026_15_20,1463.10,1463.15,1459.70,1460.75,0,
29_04_2026_15_25,1460.60,1464.65,1458.15,1462.35,0,
30_04_2026_09_15,1459.55,1467.35,1453.75,1456.85,0,
30_04_2026_09_20,1456.85,1456.85,1448.55,1448.95,0,
30_04_2026_09_25,1448.95,1455.55,1445.25,1452.25,0,
30_04_2026_09_30,1452.25,1459.50,1446.90,1459.50,0,
30_04_2026_09_35,1459.65,1460.25,1450.85,1450.90,0,
30_04_2026_09_40,1450.90,1453.95,1449.45,1453.95,0,
30_04_2026_09_45,1453.95,1457.45,1453.50,1454.30,0,
30_04_2026_09_50,1454.30,1454.35,1450.95,1451.65,0,
30_04_2026_09_55,1451.65,1452.10,1450.25,1451.20,0,
30_04_2026_10_00,1451.20,1451.85,1448.40,1448.40,0,
30_04_2026_10_05,1448.55,1448.55,1446.45,1446.60,0,
30_04_2026_10_10,1446.60,1446.60,1442.80,1442.95,0,
30_04_2026_10_15,1442.95,1442.95,1440.65,1441.65,0,
30_04_2026_10_20,1441.65,1443.35,1439.70,1440.05,0,
30_04_2026_10_25,1440.05,1440.40,1439.25,1439.65,0,
30_04_2026_10_30,1439.65,1441.60,1439.40,1439.55,0,
30_04_2026_10_35,1439.55,1443.70,1439.10,1443.70,0,
30_04_2026_10_40,1443.70,1447.20,1443.70,1444.75,0,
30_04_2026_10_45,1444.80,1445.90,1443.40,1445.40,0,
30_04_2026_10_50,1445.40,1445.45,1443.20,1443.40,0,
30_04_2026_10_55,1443.20,1443.70,1441.60,1443.10,0,
30_04_2026_11_00,1443.10,1446.75,1442.75,1444.65,0,
30_04_2026_11_05,1444.65,1447.45,1444.45,1447.45,0,
30_04_2026_11_10,1447.45,1448.00,1443.55,1443.70,0,
30_04_2026_11_15,1443.70,1445.65,1442.20,1444.95,0,
30_04_2026_11_20,1444.95,1446.20,1444.30,1445.25,0,
30_04_2026_11_25,1445.25,1448.45,1445.00,1448.45,0,
30_04_2026_11_30,1448.45,1450.55,1448.25,1450.10,0,
30_04_2026_11_35,1450.10,1451.55,1449.25,1449.35,0,
30_04_2026_11_40,1449.35,1449.75,1448.55,1449.65,0,
30_04_2026_11_45,1449.70,1449.75,1448.00,1449.55,0,
30_04_2026_11_50,1449.65,1450.35,1447.25,1447.85,0,
30_04_2026_11_55,1447.85,1448.95,1447.40,1447.65,0,
30_04_2026_12_00,1447.65,1449.20,1446.75,1448.85,0,
30_04_2026_12_05,1449.00,1451.55,1449.00,1450.70,0,
30_04_2026_12_10,1450.70,1453.30,1450.25,1453.30,0,
30_04_2026_12_15,1453.30,1454.55,1452.40,1452.40,0,
30_04_2026_12_20,1452.40,1455.00,1450.80,1454.85,0,
30_04_2026_12_25,1454.90,1456.50,1454.15,1454.40,0,
30_04_2026_12_30,1454.40,1455.30,1452.85,1453.85,0,
30_04_2026_12_35,1453.85,1454.05,1450.95,1451.25,0,
30_04_2026_12_40,1451.25,1452.80,1451.20,1452.50,0,
30_04_2026_12_45,1452.50,1455.30,1452.25,1455.00,0,
30_04_2026_12_50,1455.00,1456.85,1454.65,1456.05,0,
30_04_2026_12_55,1456.05,1457.00,1454.85,1457.00,0,
30_04_2026_13_00,1456.90,1457.50,1454.85,1454.85,0,
30_04_2026_13_05,1454.85,1455.15,1453.75,1454.15,0,
30_04_2026_13_10,1454.15,1454.80,1453.70,1454.65,0,
30_04_2026_13_15,1454.65,1456.35,1454.35,1455.40,0,
30_04_2026_13_20,1455.40,1455.70,1454.10,1455.25,0,
30_04_2026_13_25,1454.95,1456.30,1454.50,1455.95,0,
30_04_2026_13_30,1456.00,1456.20,1455.10,1456.15,0,
30_04_2026_13_35,1456.20,1457.20,1455.45,1455.50,0,
30_04_2026_13_40,1455.50,1459.00,1455.00,1458.90,0,
30_04_2026_13_45,1458.95,1460.90,1458.60,1460.50,0,
30_04_2026_13_50,1460.50,1460.65,1458.60,1459.00,0,
30_04_2026_13_55,1459.00,1461.00,1458.80,1460.60,0,
30_04_2026_14_00,1460.60,1461.35,1458.90,1459.45,0,
30_04_2026_14_05,1459.45,1459.45,1456.00,1457.65,0,
30_04_2026_14_10,1457.85,1458.90,1457.30,1457.75,0,
30_04_2026_14_15,1457.75,1458.10,1453.85,1454.05,0,
30_04_2026_14_20,1453.95,1453.95,1452.40,1453.45,0,
30_04_2026_14_25,1453.45,1454.30,1452.75,1454.30,0,
30_04_2026_14_30,1454.30,1455.75,1454.20,1455.55,0,
30_04_2026_14_35,1455.55,1456.20,1455.10,1455.95,0,
30_04_2026_14_40,1455.95,1458.45,1455.85,1458.35,0,
30_04_2026_14_45,1458.40,1459.35,1458.00,1458.60,0,
30_04_2026_14_50,1458.45,1458.60,1456.05,1456.65,0,
30_04_2026_14_55,1456.65,1459.45,1456.25,1459.20,0,
30_04_2026_15_00,1459.15,1459.45,1455.15,1456.50,0,
30_04_2026_15_05,1456.50,1456.70,1454.30,1454.30,0,
30_04_2026_15_10,1454.55,1456.10,1454.20,1456.10,0,
30_04_2026_15_15,1456.00,1456.95,1454.80,1456.35,0,
30_04_2026_15_20,1456.35,1456.80,1454.85,1455.60,0,
30_04_2026_15_25,1455.85,1460.00,1455.45,1458.05,0,
04_05_2026_09_15,1462.95,1467.00,1450.65,1450.70,0,
04_05_2026_09_20,1450.50,1455.80,1450.35,1455.35,0,
04_05_2026_09_25,1455.00,1458.90,1451.90,1458.10,0,
04_05_2026_09_30,1458.45,1461.70,1455.75,1456.40,0,
04_05_2026_09_35,1456.75,1457.25,1453.70,1453.80,0,
04_05_2026_09_40,1453.80,1454.45,1451.25,1453.65,0,
04_05_2026_09_45,1453.70,1454.65,1451.65,1452.45,0,
04_05_2026_09_50,1452.45,1452.75,1448.80,1449.75,0,
04_05_2026_09_55,1449.75,1453.50,1449.70,1453.10,0,
04_05_2026_10_00,1453.10,1454.85,1447.00,1447.65,0,
04_05_2026_10_05,1447.90,1448.60,1444.00,1445.95,0,
04_05_2026_10_10,1446.00,1446.10,1443.20,1443.90,0,
04_05_2026_10_15,1443.85,1443.90,1442.05,1442.55,0,
04_05_2026_10_20,1442.70,1442.75,1438.15,1439.10,0,
04_05_2026_10_25,1439.10,1442.45,1438.70,1442.45,0,
04_05_2026_10_30,1442.45,1446.60,1442.10,1444.70,0,
04_05_2026_10_35,1444.50,1445.35,1443.25,1445.05,0,
04_05_2026_10_40,1445.05,1445.20,1443.50,1444.30,0,
04_05_2026_10_45,1444.30,1446.10,1443.70,1446.10,0,
04_05_2026_10_50,1446.10,1446.20,1443.85,1444.15,0,
04_05_2026_10_55,1444.15,1444.20,1441.25,1441.85,0,
04_05_2026_11_00,1441.85,1448.75,1441.65,1448.65,0,
04_05_2026_11_05,1448.65,1449.60,1447.45,1448.95,0,
04_05_2026_11_10,1449.20,1450.20,1448.40,1449.25,0,
04_05_2026_11_15,1449.25,1451.75,1449.25,1450.60,0,
04_05_2026_11_20,1450.60,1451.20,1449.55,1450.35,0,
04_05_2026_11_25,1450.50,1451.20,1449.85,1450.70,0,
04_05_2026_11_30,1450.70,1451.10,1448.40,1448.90,0,
04_05_2026_11_35,1448.80,1449.05,1446.00,1447.15,0,
04_05_2026_11_40,1447.20,1448.05,1445.55,1447.75,0,
04_05_2026_11_45,1447.75,1453.30,1447.45,1450.00,0,
04_05_2026_11_50,1450.00,1451.25,1448.75,1449.45,0,
04_05_2026_11_55,1449.45,1449.70,1446.90,1447.40,0,
04_05_2026_12_00,1447.25,1448.00,1445.80,1447.00,0,
04_05_2026_12_05,1447.00,1447.35,1445.55,1446.50,0,
04_05_2026_12_10,1446.50,1446.85,1441.20,1441.35,0,
04_05_2026_12_15,1441.35,1442.40,1439.50,1442.25,0,
04_05_2026_12_20,1442.25,1443.15,1441.20,1442.30,0,
04_05_2026_12_25,1442.30,1443.35,1441.85,1443.00,0,
04_05_2026_12_30,1443.00,1445.05,1440.85,1440.90,0,
04_05_2026_12_35,1440.90,1445.55,1440.85,1444.50,0,
04_05_2026_12_40,1444.50,1445.10,1441.95,1442.10,0,
04_05_2026_12_45,1442.10,1443.90,1441.30,1441.65,0,
04_05_2026_12_50,1441.65,1442.45,1440.65,1442.05,0,
04_05_2026_12_55,1442.05,1442.20,1439.75,1440.70,0,
04_05_2026_13_00,1440.70,1440.80,1438.20,1439.35,0,
04_05_2026_13_05,1439.35,1440.25,1439.10,1439.60,0,
04_05_2026_13_10,1439.55,1441.45,1439.30,1440.90,0,
04_05_2026_13_15,1440.90,1441.90,1439.90,1441.50,0,
04_05_2026_13_20,1441.60,1441.60,1436.70,1437.40,0,
04_05_2026_13_25,1437.40,1438.05,1434.35,1434.70,0,
04_05_2026_13_30,1434.70,1435.10,1432.70,1434.40,0,
04_05_2026_13_35,1434.40,1436.25,1432.30,1436.25,0,
04_05_2026_13_40,1436.30,1440.05,1436.30,1439.95,0,
04_05_2026_13_45,1439.95,1440.30,1439.15,1439.70,0,
04_05_2026_13_50,1439.70,1440.75,1439.25,1439.60,0,
04_05_2026_13_55,1439.60,1440.55,1438.25,1439.30,0,
04_05_2026_14_00,1439.30,1440.90,1438.90,1440.55,0,
04_05_2026_14_05,1440.55,1441.40,1439.85,1441.40,0,
04_05_2026_14_10,1441.40,1444.80,1441.35,1443.75,0,
04_05_2026_14_15,1443.80,1444.75,1443.30,1444.15,0,
04_05_2026_14_20,1444.15,1444.80,1442.75,1443.00,0,
04_05_2026_14_25,1443.00,1446.25,1443.00,1444.85,0,
04_05_2026_14_30,1444.90,1445.35,1442.90,1443.80,0,
04_05_2026_14_35,1443.80,1445.00,1443.25,1443.25,0,
04_05_2026_14_40,1443.25,1444.60,1442.00,1444.00,0,
04_05_2026_14_45,1444.00,1445.10,1443.35,1444.25,0,
04_05_2026_14_50,1444.25,1446.45,1443.80,1446.00,0,
04_05_2026_14_55,1446.00,1447.20,1445.30,1445.50,0,
04_05_2026_15_00,1445.50,1450.65,1445.45,1449.00,0,
04_05_2026_15_05,1448.95,1450.45,1447.90,1450.40,0,
04_05_2026_15_10,1450.45,1450.55,1448.00,1449.60,0,
04_05_2026_15_15,1449.35,1451.30,1448.30,1448.65,0,
04_05_2026_15_20,1448.90,1448.90,1445.20,1445.60,0,
04_05_2026_15_25,1445.90,1448.95,1444.30,1447.10,0,
05_05_2026_09_15,1445.15,1452.45,1440.35,1452.20,0,
05_05_2026_09_20,1452.15,1459.00,1451.05,1458.95,0,
05_05_2026_09_25,1459.35,1467.10,1458.70,1460.05,0,
05_05_2026_09_30,1460.05,1468.10,1459.90,1462.45,0,
05_05_2026_09_35,1462.45,1464.65,1458.85,1459.50,0,
05_05_2026_09_40,1459.50,1461.55,1458.20,1460.85,0,
05_05_2026_09_45,1460.85,1463.05,1459.70,1463.05,0,
05_05_2026_09_50,1462.80,1462.95,1459.70,1460.70,0,
05_05_2026_09_55,1460.70,1461.20,1455.90,1457.15,0,
05_05_2026_10_00,1457.15,1457.20,1452.25,1453.35,0,
05_05_2026_10_05,1453.35,1453.65,1450.95,1451.45,0,
05_05_2026_10_10,1451.45,1451.95,1449.35,1450.70,0,
05_05_2026_10_15,1450.75,1451.05,1449.75,1450.85,0,
05_05_2026_10_20,1450.85,1452.80,1450.35,1451.10,0,
05_05_2026_10_25,1451.10,1451.35,1448.40,1449.10,0,
05_05_2026_10_30,1449.10,1449.70,1447.95,1448.05,0,
05_05_2026_10_35,1448.05,1448.70,1446.90,1448.15,0,
05_05_2026_10_40,1448.15,1448.15,1444.70,1444.70,0,
05_05_2026_10_45,1444.70,1445.00,1442.70,1443.70,0,
05_05_2026_10_50,1443.70,1444.75,1443.35,1444.05,0,
05_05_2026_10_55,1444.05,1444.10,1441.85,1442.20,0,
05_05_2026_11_00,1442.20,1445.70,1442.20,1445.50,0,
05_05_2026_11_05,1445.50,1445.55,1443.65,1444.30,0,
05_05_2026_11_10,1444.30,1445.35,1443.70,1445.15,0,
05_05_2026_11_15,1445.15,1446.70,1445.10,1446.10,0,
05_05_2026_11_20,1446.10,1446.70,1445.25,1445.25,0,
05_05_2026_11_25,1445.25,1448.85,1444.95,1448.05,0,
05_05_2026_11_30,1448.05,1449.75,1447.90,1448.75,0,
05_05_2026_11_35,1448.75,1450.35,1448.55,1450.00,0,
05_05_2026_11_40,1450.00,1450.70,1445.65,1445.65,0,
05_05_2026_11_45,1445.65,1445.70,1442.95,1443.20,0,
05_05_2026_11_50,1443.20,1444.60,1441.80,1444.45,0,
05_05_2026_11_55,1444.45,1444.90,1443.00,1444.40,0,
05_05_2026_12_00,1444.40,1445.60,1443.85,1445.40,0,
05_05_2026_12_05,1445.40,1446.95,1444.95,1446.30,0,
05_05_2026_12_10,1446.30,1446.85,1444.60,1445.90,0,
05_05_2026_12_15,1446.20,1448.10,1446.00,1447.45,0,
05_05_2026_12_20,1447.45,1447.80,1445.35,1445.60,0,
05_05_2026_12_25,1445.60,1447.10,1445.55,1446.20,0,
05_05_2026_12_30,1446.20,1448.50,1445.90,1448.15,0,
05_05_2026_12_35,1448.15,1448.55,1447.10,1447.20,0,
05_05_2026_12_40,1447.20,1448.65,1447.05,1448.00,0,
05_05_2026_12_45,1448.00,1449.25,1447.45,1448.80,0,
05_05_2026_12_50,1448.80,1450.15,1448.75,1449.55,0,
05_05_2026_12_55,1449.55,1451.20,1449.25,1450.85,0,
05_05_2026_13_00,1450.85,1451.90,1450.30,1451.75,0,
05_05_2026_13_05,1451.75,1453.25,1451.55,1452.15,0,
05_05_2026_13_10,1452.30,1452.40,1450.95,1452.30,0,
05_05_2026_13_15,1452.30,1453.15,1451.85,1451.90,0,
05_05_2026_13_20,1451.85,1452.15,1450.45,1450.65,0,
05_05_2026_13_25,1450.65,1450.65,1449.00,1450.15,0,
05_05_2026_13_30,1450.25,1451.35,1449.95,1450.90,0,
05_05_2026_13_35,1450.90,1451.00,1448.00,1450.15,0,
05_05_2026_13_40,1450.15,1452.50,1449.75,1452.05,0,
05_05_2026_13_45,1452.05,1452.70,1449.50,1450.05,0,
05_05_2026_13_50,1450.05,1450.45,1448.40,1448.40,0,
05_05_2026_13_55,1448.40,1449.90,1448.35,1449.85,0,
05_05_2026_14_00,1449.65,1449.70,1448.10,1448.70,0,
05_05_2026_14_05,1448.70,1448.95,1447.20,1447.55,0,
05_05_2026_14_10,1447.55,1447.70,1446.65,1446.95,0,
05_05_2026_14_15,1446.95,1447.65,1446.65,1447.55,0,
05_05_2026_14_20,1447.55,1449.10,1447.55,1447.80,0,
05_05_2026_14_25,1447.80,1448.10,1446.85,1447.90,0,
05_05_2026_14_30,1447.90,1449.20,1447.65,1447.90,0,
05_05_2026_14_35,1447.90,1448.95,1446.45,1448.40,0,
05_05_2026_14_40,1448.40,1450.30,1448.40,1449.45,0,
05_05_2026_14_45,1449.35,1450.05,1448.60,1448.85,0,
05_05_2026_14_50,1448.85,1448.85,1446.45,1447.30,0,
05_05_2026_14_55,1447.30,1448.75,1447.30,1448.45,0,
05_05_2026_15_00,1448.90,1450.45,1447.95,1449.60,0,
05_05_2026_15_05,1449.65,1451.00,1449.15,1450.60,0,
05_05_2026_15_10,1450.70,1450.90,1449.80,1450.10,0,
05_05_2026_15_15,1450.10,1451.20,1448.55,1448.65,0,
05_05_2026_15_20,1448.55,1450.90,1448.55,1450.50,0,
05_05_2026_15_25,1450.50,1452.75,1448.80,1449.85,0,
06_05_2026_09_15,1459.15,1466.65,1455.40,1456.85,0,
06_05_2026_09_20,1456.85,1459.05,1454.95,1455.75,0,
06_05_2026_09_25,1455.75,1456.55,1453.80,1455.15,0,
06_05_2026_09_30,1455.15,1458.35,1454.95,1457.55,0,
06_05_2026_09_35,1457.55,1457.55,1454.80,1455.10,0,
06_05_2026_09_40,1455.10,1455.45,1452.90,1454.60,0,
06_05_2026_09_45,1454.60,1456.15,1452.80,1455.35,0,
06_05_2026_09_50,1455.35,1455.55,1453.15,1455.10,0,
06_05_2026_09_55,1455.05,1455.80,1453.10,1453.40,0,
06_05_2026_10_00,1453.45,1453.45,1448.75,1449.85,0,
06_05_2026_10_05,1449.85,1449.85,1447.10,1447.75,0,
06_05_2026_10_10,1447.75,1450.55,1447.15,1450.45,0,
06_05_2026_10_15,1450.55,1450.60,1447.90,1449.10,0,
06_05_2026_10_20,1449.05,1449.20,1447.95,1448.60,0,
06_05_2026_10_25,1448.60,1449.35,1447.35,1447.85,0,
06_05_2026_10_30,1447.85,1449.25,1446.60,1448.75,0,
06_05_2026_10_35,1448.75,1448.85,1447.30,1447.90,0,
06_05_2026_10_40,1447.90,1449.00,1447.80,1448.90,0,
06_05_2026_10_45,1448.90,1448.95,1446.95,1447.60,0,
06_05_2026_10_50,1447.60,1448.10,1446.60,1446.60,0,
06_05_2026_10_55,1446.60,1448.05,1446.60,1447.60,0,
06_05_2026_11_00,1447.60,1448.15,1445.25,1445.40,0,
06_05_2026_11_05,1445.25,1446.80,1444.50,1446.75,0,
06_05_2026_11_10,1446.75,1447.75,1445.95,1446.50,0,
06_05_2026_11_15,1446.65,1447.40,1446.20,1446.50,0,
06_05_2026_11_20,1446.50,1449.30,1446.35,1448.60,0,
06_05_2026_11_25,1448.60,1448.70,1446.95,1448.05,0,
06_05_2026_11_30,1448.05,1449.95,1448.00,1449.90,0,
06_05_2026_11_35,1449.90,1450.65,1446.55,1447.15,0,
06_05_2026_11_40,1447.15,1450.75,1446.70,1450.15,0,
06_05_2026_11_45,1450.30,1451.10,1449.25,1450.65,0,
06_05_2026_11_50,1450.65,1452.40,1449.35,1452.05,0,
06_05_2026_11_55,1452.05,1452.70,1450.60,1452.05,0,
06_05_2026_12_00,1452.05,1454.90,1452.00,1453.50,0,
06_05_2026_12_05,1453.50,1455.25,1452.10,1455.10,0,
06_05_2026_12_10,1455.10,1458.05,1454.80,1456.75,0,
06_05_2026_12_15,1456.75,1457.20,1453.95,1454.40,0,
06_05_2026_12_20,1454.60,1458.65,1453.70,1457.50,0,
06_05_2026_12_25,1457.35,1457.35,1454.90,1456.60,0,
06_05_2026_12_30,1456.60,1458.25,1456.45,1457.55,0,
06_05_2026_12_35,1457.55,1457.70,1455.75,1457.05,0,
06_05_2026_12_40,1457.05,1458.05,1455.35,1455.35,0,
06_05_2026_12_45,1455.35,1455.55,1452.40,1453.35,0,
06_05_2026_12_50,1453.35,1454.40,1453.00,1454.15,0,
06_05_2026_12_55,1454.15,1457.75,1453.60,1456.80,0,
06_05_2026_13_00,1456.80,1457.30,1455.45,1456.60,0,
06_05_2026_13_05,1456.60,1458.95,1455.70,1458.85,0,
06_05_2026_13_10,1458.90,1460.20,1458.15,1459.90,0,
06_05_2026_13_15,1459.90,1463.50,1459.60,1462.60,0,
06_05_2026_13_20,1462.75,1463.60,1461.00,1461.50,0,
06_05_2026_13_25,1461.50,1462.75,1460.50,1462.50,0,
06_05_2026_13_30,1462.50,1462.90,1460.40,1460.55,0,
06_05_2026_13_35,1460.55,1461.05,1459.00,1460.40,0,
06_05_2026_13_40,1460.55,1460.85,1459.00,1460.25,0,
06_05_2026_13_45,1460.20,1460.55,1458.75,1459.40,0,
06_05_2026_13_50,1459.40,1460.85,1458.95,1460.65,0,
06_05_2026_13_55,1460.45,1462.20,1459.55,1461.75,0,
06_05_2026_14_00,1461.85,1462.60,1460.10,1462.25,0,
06_05_2026_14_05,1462.25,1463.45,1461.65,1462.55,0,
06_05_2026_14_10,1462.55,1464.40,1462.30,1464.40,0,
06_05_2026_14_15,1464.50,1467.25,1464.35,1466.95,0,
06_05_2026_14_20,1466.75,1470.75,1466.60,1470.25,0,
06_05_2026_14_25,1470.25,1471.40,1470.00,1470.25,0,
06_05_2026_14_30,1470.35,1471.25,1468.90,1469.65,0,
06_05_2026_14_35,1469.65,1470.55,1468.85,1470.00,0,
06_05_2026_14_40,1470.05,1471.55,1469.75,1470.85,0,
06_05_2026_14_45,1471.25,1472.70,1470.70,1472.20,0,
06_05_2026_14_50,1472.20,1473.05,1471.40,1472.85,0,
06_05_2026_14_55,1473.10,1473.55,1470.20,1470.30,0,
06_05_2026_15_00,1470.30,1471.65,1469.80,1470.95,0,
06_05_2026_15_05,1471.25,1471.85,1469.85,1470.10,0,
06_05_2026_15_10,1470.30,1470.65,1467.60,1467.65,0,
06_05_2026_15_15,1467.60,1469.55,1467.40,1468.40,0,
06_05_2026_15_20,1468.40,1471.30,1468.20,1469.65,0,
06_05_2026_15_25,1469.55,1471.20,1467.85,1470.85,0,
07_05_2026_09_15,1474.90,1483.80,1473.05,1473.30,0,
07_05_2026_09_20,1473.10,1473.90,1468.50,1469.80,0,
07_05_2026_09_25,1469.70,1477.70,1465.20,1477.05,0,
07_05_2026_09_30,1477.05,1479.15,1474.75,1477.50,0,
07_05_2026_09_35,1477.50,1478.15,1470.55,1471.65,0,
07_05_2026_09_40,1471.35,1478.65,1470.05,1476.55,0,
07_05_2026_09_45,1476.55,1476.55,1468.10,1468.35,0,
07_05_2026_09_50,1468.25,1469.90,1467.20,1467.85,0,
07_05_2026_09_55,1467.85,1469.80,1467.20,1468.60,0,
07_05_2026_10_00,1468.30,1472.45,1467.55,1472.25,0,
07_05_2026_10_05,1472.25,1472.25,1466.50,1467.90,0,
07_05_2026_10_10,1468.05,1469.20,1466.80,1467.20,0,
07_05_2026_10_15,1467.15,1468.40,1465.70,1468.00,0,
07_05_2026_10_20,1468.00,1469.15,1467.50,1468.95,0,
07_05_2026_10_25,1468.95,1469.15,1468.05,1468.25,0,
07_05_2026_10_30,1468.25,1473.20,1467.85,1472.70,0,
07_05_2026_10_35,1472.70,1473.45,1471.30,1471.80,0,
07_05_2026_10_40,1471.80,1471.90,1470.90,1471.50,0,
07_05_2026_10_45,1471.50,1472.60,1471.05,1471.05,0,
07_05_2026_10_50,1471.05,1472.45,1470.20,1472.35,0,
07_05_2026_10_55,1472.35,1472.50,1471.20,1471.70,0,
07_05_2026_11_00,1471.70,1472.90,1471.50,1472.40,0,
07_05_2026_11_05,1472.40,1472.60,1468.50,1470.90,0,
07_05_2026_11_10,1470.90,1471.40,1469.05,1469.85,0,
07_05_2026_11_15,1469.85,1471.55,1469.05,1469.05,0,
07_05_2026_11_20,1469.00,1469.75,1464.70,1466.20,0,
07_05_2026_11_25,1466.20,1466.50,1465.10,1466.05,0,
07_05_2026_11_30,1466.05,1469.75,1465.80,1468.15,0,
07_05_2026_11_35,1468.15,1468.40,1466.35,1466.35,0,
07_05_2026_11_40,1466.35,1467.00,1465.55,1465.75,0,
07_05_2026_11_45,1465.75,1466.60,1464.90,1466.55,0,
07_05_2026_11_50,1466.55,1467.85,1466.50,1467.30,0,
07_05_2026_11_55,1467.30,1468.10,1466.90,1467.25,0,
07_05_2026_12_00,1467.25,1467.25,1465.60,1466.35,0,
07_05_2026_12_05,1466.35,1467.75,1466.30,1467.00,0,
07_05_2026_12_10,1467.00,1469.95,1466.85,1469.65,0,
07_05_2026_12_15,1469.65,1471.20,1469.55,1471.20,0,
07_05_2026_12_20,1471.20,1472.00,1469.60,1471.35,0,
07_05_2026_12_25,1471.35,1471.35,1469.85,1469.85,0,
07_05_2026_12_30,1469.75,1470.05,1469.05,1469.05,0,
07_05_2026_12_35,1469.15,1471.65,1469.00,1470.85,0,
07_05_2026_12_40,1470.85,1471.15,1469.40,1470.10,0,
07_05_2026_12_45,1470.10,1470.80,1469.45,1470.55,0,
07_05_2026_12_50,1470.55,1470.75,1469.10,1469.10,0,
07_05_2026_12_55,1469.10,1470.80,1468.80,1470.80,0,
07_05_2026_13_00,1470.80,1475.60,1470.45,1473.65,0,
07_05_2026_13_05,1473.65,1474.20,1473.00,1473.70,0,
07_05_2026_13_10,1473.70,1476.75,1473.05,1476.75,0,
07_05_2026_13_15,1476.75,1476.75,1471.55,1472.65,0,
07_05_2026_13_20,1472.65,1476.40,1472.65,1475.50,0,
07_05_2026_13_25,1475.50,1476.15,1475.25,1476.05,0,
07_05_2026_13_30,1476.05,1476.90,1474.65,1475.10,0,
07_05_2026_13_35,1475.00,1475.65,1474.30,1475.20,0,
07_05_2026_13_40,1475.20,1475.95,1474.25,1474.95,0,
07_05_2026_13_45,1474.95,1476.05,1473.35,1475.40,0,
07_05_2026_13_50,1475.40,1476.95,1475.05,1476.70,0,
07_05_2026_13_55,1476.85,1479.80,1475.80,1477.90,0,
07_05_2026_14_00,1477.90,1477.90,1474.90,1475.00,0,
07_05_2026_14_05,1475.00,1475.55,1474.35,1474.95,0,
07_05_2026_14_10,1474.95,1477.05,1474.80,1476.25,0,
07_05_2026_14_15,1476.25,1476.55,1474.60,1474.65,0,
07_05_2026_14_20,1474.60,1476.80,1474.60,1476.55,0,
07_05_2026_14_25,1476.50,1477.15,1475.95,1477.00,0,
07_05_2026_14_30,1477.00,1477.25,1476.15,1476.30,0,
07_05_2026_14_35,1476.30,1477.00,1474.55,1474.80,0,
07_05_2026_14_40,1474.75,1474.85,1473.10,1473.25,0,
07_05_2026_14_45,1473.25,1473.90,1472.45,1472.80,0,
07_05_2026_14_50,1472.85,1474.85,1472.10,1474.55,0,
07_05_2026_14_55,1474.55,1475.30,1474.20,1474.85,0,
07_05_2026_15_00,1474.65,1475.30,1472.70,1474.05,0,
07_05_2026_15_05,1474.05,1474.85,1472.65,1472.95,0,
07_05_2026_15_10,1472.95,1473.60,1470.20,1472.85,0,
07_05_2026_15_15,1472.85,1473.00,1470.90,1472.15,0,
07_05_2026_15_20,1472.15,1473.05,1470.95,1472.05,0,
07_05_2026_15_25,1472.05,1474.15,1470.55,1472.65,0,
08_05_2026_09_15,1467.85,1472.65,1466.60,1470.85,0,
08_05_2026_09_20,1470.50,1474.75,1469.75,1471.45,0,
08_05_2026_09_25,1471.70,1477.70,1471.35,1475.55,0,
08_05_2026_09_30,1475.35,1476.20,1472.70,1473.50,0,
08_05_2026_09_35,1473.65,1473.65,1469.60,1470.25,0,
08_05_2026_09_40,1470.25,1470.55,1467.45,1468.10,0,
08_05_2026_09_45,1468.25,1470.90,1465.65,1470.45,0,
08_05_2026_09_50,1470.45,1473.90,1470.40,1473.25,0,
08_05_2026_09_55,1473.25,1473.80,1471.75,1473.45,0,
08_05_2026_10_00,1473.45,1475.90,1472.80,1473.15,0,
08_05_2026_10_05,1473.00,1473.35,1470.90,1471.85,0,
08_05_2026_10_10,1471.90,1473.35,1470.80,1473.15,0,
08_05_2026_10_15,1473.20,1474.75,1472.65,1474.70,0,
08_05_2026_10_20,1474.75,1477.35,1474.05,1477.10,0,
08_05_2026_10_25,1477.10,1477.15,1473.95,1473.95,0,
08_05_2026_10_30,1474.00,1474.50,1473.30,1474.25,0,
08_05_2026_10_35,1474.25,1474.55,1472.70,1473.90,0,
08_05_2026_10_40,1473.90,1474.60,1473.00,1474.15,0,
08_05_2026_10_45,1474.10,1474.20,1473.15,1473.15,0,
08_05_2026_10_50,1473.15,1473.55,1471.30,1473.50,0,
08_05_2026_10_55,1473.50,1473.75,1471.05,1471.75,0,
08_05_2026_11_00,1471.75,1473.25,1471.45,1472.75,0,
08_05_2026_11_05,1472.75,1473.60,1472.55,1472.65,0,
08_05_2026_11_10,1472.65,1473.40,1472.25,1473.00,0,
08_05_2026_11_15,1473.00,1473.50,1470.55,1470.55,0,
08_05_2026_11_20,1470.55,1473.50,1470.40,1472.90,0,
08_05_2026_11_25,1472.90,1473.40,1472.25,1472.60,0,
08_05_2026_11_30,1472.60,1473.05,1471.35,1472.50,0,
08_05_2026_11_35,1472.50,1473.15,1471.85,1471.90,0,
08_05_2026_11_40,1471.90,1472.95,1471.15,1471.40,0,
08_05_2026_11_45,1471.40,1471.50,1470.40,1470.80,0,
08_05_2026_11_50,1470.85,1472.00,1469.75,1471.70,0,
08_05_2026_11_55,1471.70,1471.70,1468.90,1469.60,0,
08_05_2026_12_00,1469.60,1471.50,1469.50,1471.05,0,
08_05_2026_12_05,1471.00,1471.25,1469.75,1469.75,0,
08_05_2026_12_10,1469.75,1472.95,1469.40,1472.45,0,
08_05_2026_12_15,1472.45,1474.25,1471.05,1473.85,0,
08_05_2026_12_20,1474.05,1475.45,1473.55,1474.60,0,
08_05_2026_12_25,1474.60,1475.65,1474.25,1474.90,0,
08_05_2026_12_30,1474.80,1475.55,1473.95,1474.70,0,
08_05_2026_12_35,1474.70,1474.70,1472.60,1473.50,0,
08_05_2026_12_40,1473.50,1474.05,1472.80,1472.95,0,
08_05_2026_12_45,1472.95,1473.00,1470.75,1470.80,0,
08_05_2026_12_50,1471.10,1476.20,1471.10,1476.10,0,
08_05_2026_12_55,1476.10,1477.40,1475.95,1477.15,0,
08_05_2026_13_00,1477.15,1479.40,1476.85,1479.10,0,
08_05_2026_13_05,1479.10,1479.20,1477.60,1478.80,0,
08_05_2026_13_10,1478.85,1480.55,1478.65,1479.80,0,
08_05_2026_13_15,1479.80,1481.35,1479.05,1480.50,0,
08_05_2026_13_20,1480.45,1481.65,1478.30,1478.55,0,
08_05_2026_13_25,1478.65,1480.35,1475.70,1476.75,0,
08_05_2026_13_30,1476.75,1477.55,1475.30,1476.05,0,
08_05_2026_13_35,1476.05,1476.25,1474.15,1474.75,0,
08_05_2026_13_40,1474.75,1475.70,1474.40,1475.25,0,
08_05_2026_13_45,1475.25,1478.00,1474.90,1478.00,0,
08_05_2026_13_50,1478.00,1479.05,1474.85,1475.95,0,
08_05_2026_13_55,1475.95,1476.35,1472.55,1472.85,0,
08_05_2026_14_00,1472.80,1473.85,1471.65,1473.70,0,
08_05_2026_14_05,1473.85,1475.65,1473.15,1474.90,0,
08_05_2026_14_10,1475.10,1475.50,1473.55,1473.55,0,
08_05_2026_14_15,1473.50,1473.95,1472.75,1473.70,0,
08_05_2026_14_20,1473.70,1473.80,1472.90,1473.55,0,
08_05_2026_14_25,1473.55,1474.85,1473.35,1474.65,0,
08_05_2026_14_30,1474.55,1475.45,1474.50,1475.25,0,
08_05_2026_14_35,1475.25,1476.25,1474.65,1475.15,0,
08_05_2026_14_40,1475.15,1475.90,1474.85,1475.40,0,
08_05_2026_14_45,1475.40,1476.60,1475.25,1475.85,0,
08_05_2026_14_50,1475.75,1476.80,1475.15,1475.55,0,
08_05_2026_14_55,1475.45,1476.15,1474.40,1474.45,0,
08_05_2026_15_00,1474.75,1475.75,1474.30,1475.60,0,
08_05_2026_15_05,1475.70,1475.70,1473.10,1473.10,0,
08_05_2026_15_10,1473.15,1473.40,1470.95,1471.95,0,
08_05_2026_15_15,1472.05,1473.40,1470.85,1472.25,0,
08_05_2026_15_20,1472.15,1472.35,1470.35,1470.90,0,
08_05_2026_15_25,1470.90,1475.15,1470.10,1474.00,0,
11_05_2026_09_15,1465.85,1466.50,1447.70,1449.80,0,
11_05_2026_09_20,1449.45,1453.40,1445.30,1451.10,0,
11_05_2026_09_25,1451.30,1452.90,1447.80,1452.40,0,
11_05_2026_09_30,1452.15,1455.95,1444.75,1445.00,0,
11_05_2026_09_35,1445.00,1445.00,1438.55,1439.30,0,
11_05_2026_09_40,1438.90,1440.60,1437.35,1438.85,0,
11_05_2026_09_45,1438.85,1440.10,1435.70,1439.70,0,
11_05_2026_09_50,1439.80,1440.70,1437.10,1439.65,0,
11_05_2026_09_55,1439.70,1441.90,1438.25,1438.30,0,
11_05_2026_10_00,1438.35,1445.35,1436.60,1444.00,0,
11_05_2026_10_05,1444.00,1444.65,1442.65,1444.00,0,
11_05_2026_10_10,1444.00,1446.35,1444.00,1445.55,0,
11_05_2026_10_15,1445.55,1445.85,1442.00,1442.70,0,
11_05_2026_10_20,1442.70,1444.95,1442.05,1444.95,0,
11_05_2026_10_25,1444.90,1444.95,1442.75,1444.55,0,
11_05_2026_10_30,1444.55,1445.50,1443.45,1445.25,0,
11_05_2026_10_35,1445.25,1446.50,1444.00,1444.60,0,
11_05_2026_10_40,1444.40,1447.00,1443.50,1445.90,0,
11_05_2026_10_45,1445.90,1447.30,1445.00,1446.30,0,
11_05_2026_10_50,1446.30,1448.00,1445.15,1447.90,0,
11_05_2026_10_55,1447.90,1450.50,1447.55,1449.85,0,
11_05_2026_11_00,1449.85,1451.95,1449.85,1451.10,0,
11_05_2026_11_05,1451.10,1452.60,1450.50,1451.65,0,
11_05_2026_11_10,1451.45,1452.35,1451.15,1451.50,0,
11_05_2026_11_15,1451.50,1451.65,1450.45,1451.05,0,
11_05_2026_11_20,1451.05,1453.20,1450.60,1451.80,0,
11_05_2026_11_25,1451.80,1453.95,1451.20,1453.35,0,
11_05_2026_11_30,1453.40,1454.20,1452.50,1454.00,0,
11_05_2026_11_35,1453.80,1455.10,1453.50,1454.70,0,
11_05_2026_11_40,1454.70,1456.20,1454.40,1455.75,0,
11_05_2026_11_45,1455.75,1456.60,1454.85,1455.45,0,
11_05_2026_11_50,1455.45,1456.20,1454.25,1456.05,0,
11_05_2026_11_55,1456.05,1456.20,1454.65,1456.00,0,
11_05_2026_12_00,1456.00,1457.05,1455.05,1455.45,0,
11_05_2026_12_05,1455.55,1456.95,1454.75,1456.60,0,
11_05_2026_12_10,1456.55,1459.35,1456.25,1459.35,0,
11_05_2026_12_15,1459.25,1459.45,1457.25,1459.35,0,
11_05_2026_12_20,1459.35,1459.60,1456.10,1456.30,0,
11_05_2026_12_25,1456.20,1458.20,1455.15,1456.70,0,
11_05_2026_12_30,1456.70,1458.00,1454.95,1456.10,0,
11_05_2026_12_35,1455.95,1458.25,1454.30,1455.25,0,
11_05_2026_12_40,1455.25,1456.75,1455.00,1456.60,0,
11_05_2026_12_45,1456.60,1457.25,1455.40,1456.70,0,
11_05_2026_12_50,1456.70,1456.90,1455.95,1456.80,0,
11_05_2026_12_55,1456.80,1459.15,1456.45,1458.60,0,
11_05_2026_13_00,1458.60,1458.90,1457.15,1457.75,0,
11_05_2026_13_05,1457.75,1458.20,1456.10,1457.70,0,
11_05_2026_13_10,1457.45,1459.65,1457.20,1459.65,0,
11_05_2026_13_15,1459.65,1461.20,1459.25,1459.85,0,
11_05_2026_13_20,1459.85,1461.45,1459.45,1460.40,0,
11_05_2026_13_25,1460.40,1462.25,1459.85,1460.40,0,
11_05_2026_13_30,1460.40,1460.55,1458.95,1459.40,0,
11_05_2026_13_35,1459.40,1462.65,1459.20,1461.10,0,
11_05_2026_13_40,1461.10,1462.45,1460.10,1461.00,0,
11_05_2026_13_45,1460.95,1466.70,1460.30,1461.70,0,
11_05_2026_13_50,1461.65,1462.10,1449.50,1460.90,0,
11_05_2026_13_55,1461.00,1462.40,1448.70,1453.25,0,
11_05_2026_14_00,1453.20,1453.40,1443.50,1446.20,0,
11_05_2026_14_05,1446.00,1447.05,1442.95,1447.05,0,
11_05_2026_14_10,1447.05,1449.15,1442.65,1444.60,0,
11_05_2026_14_15,1444.85,1447.40,1444.05,1446.35,0,
11_05_2026_14_20,1446.30,1447.00,1443.35,1444.65,0,
11_05_2026_14_25,1444.65,1445.80,1443.70,1445.35,0,
11_05_2026_14_30,1445.35,1446.75,1444.80,1446.45,0,
11_05_2026_14_35,1446.45,1449.10,1443.45,1443.90,0,
11_05_2026_14_40,1443.80,1445.45,1442.65,1445.25,0,
11_05_2026_14_45,1445.25,1445.80,1442.95,1443.50,0,
11_05_2026_14_50,1443.50,1444.55,1442.50,1444.20,0,
11_05_2026_14_55,1444.40,1445.15,1441.30,1442.55,0,
11_05_2026_15_00,1442.45,1442.60,1437.75,1439.25,0,
11_05_2026_15_05,1439.35,1440.20,1435.90,1438.05,0,
11_05_2026_15_10,1438.05,1438.05,1434.50,1435.70,0,
11_05_2026_15_15,1435.50,1437.55,1434.45,1436.60,0,
11_05_2026_15_20,1436.80,1436.95,1433.55,1436.60,0,
11_05_2026_15_25,1436.45,1437.65,1434.55,1435.65,0,
12_05_2026_09_15,1438.75,1440.25,1430.15,1430.15,0,
12_05_2026_09_20,1429.95,1430.15,1421.00,1421.10,0,
12_05_2026_09_25,1421.10,1421.20,1416.85,1416.85,0,
12_05_2026_09_30,1417.15,1417.35,1411.10,1411.70,0,
12_05_2026_09_35,1411.70,1419.60,1411.65,1416.00,0,
12_05_2026_09_40,1416.00,1422.50,1415.50,1421.15,0,
12_05_2026_09_45,1421.20,1421.90,1419.10,1420.85,0,
12_05_2026_09_50,1420.95,1421.20,1419.90,1420.30,0,
12_05_2026_09_55,1420.50,1421.80,1418.40,1418.75,0,
12_05_2026_10_00,1418.75,1419.00,1416.25,1416.95,0,
12_05_2026_10_05,1416.95,1418.35,1415.15,1416.60,0,
12_05_2026_10_10,1416.60,1421.00,1416.05,1420.60,0,
12_05_2026_10_15,1420.60,1421.55,1419.20,1421.05,0,
12_05_2026_10_20,1421.05,1421.05,1417.00,1417.00,0,
12_05_2026_10_25,1417.00,1417.30,1413.75,1414.30,0,
12_05_2026_10_30,1414.30,1415.00,1412.40,1413.50,0,
12_05_2026_10_35,1413.50,1413.65,1409.00,1411.85,0,
12_05_2026_10_40,1411.85,1415.40,1411.60,1414.15,0,
12_05_2026_10_45,1414.15,1414.65,1411.90,1412.15,0,
12_05_2026_10_50,1412.15,1412.35,1411.55,1411.95,0,
12_05_2026_10_55,1411.95,1413.05,1411.80,1412.10,0,
12_05_2026_11_00,1412.10,1412.35,1411.15,1411.55,0,
12_05_2026_11_05,1411.90,1412.70,1411.40,1411.65,0,
12_05_2026_11_10,1411.60,1412.70,1411.15,1412.10,0,
12_05_2026_11_15,1412.10,1417.45,1411.45,1416.55,0,
12_05_2026_11_20,1416.55,1416.90,1415.05,1415.75,0,
12_05_2026_11_25,1415.85,1416.05,1414.70,1415.20,0,
12_05_2026_11_30,1415.05,1415.15,1413.70,1413.75,0,
12_05_2026_11_35,1413.80,1415.95,1413.35,1415.65,0,
12_05_2026_11_40,1415.65,1417.70,1415.40,1416.80,0,
12_05_2026_11_45,1416.80,1416.80,1413.05,1413.65,0,
12_05_2026_11_50,1413.65,1414.15,1412.65,1413.10,0,
12_05_2026_11_55,1413.10,1415.10,1412.50,1413.70,0,
12_05_2026_12_00,1413.70,1414.25,1412.70,1413.55,0,
12_05_2026_12_05,1413.55,1415.30,1413.05,1414.25,0,
12_05_2026_12_10,1414.35,1415.35,1414.00,1414.35,0,
12_05_2026_12_15,1414.35,1415.55,1414.00,1414.70,0,
12_05_2026_12_20,1414.70,1414.80,1412.95,1413.95,0,
12_05_2026_12_25,1414.00,1414.30,1413.50,1413.65,0,
12_05_2026_12_30,1413.65,1413.65,1409.95,1410.00,0,
12_05_2026_12_35,1410.00,1410.10,1408.90,1409.40,0,
12_05_2026_12_40,1409.75,1411.45,1409.55,1410.25,0,
12_05_2026_12_45,1410.15,1410.45,1406.35,1407.05,0,
12_05_2026_12_50,1407.05,1408.75,1406.95,1407.30,0,
12_05_2026_12_55,1407.30,1409.05,1407.10,1408.40,0,
12_05_2026_13_00,1408.40,1408.65,1407.55,1408.20,0,
12_05_2026_13_05,1408.20,1408.80,1406.45,1406.95,0,
12_05_2026_13_10,1407.00,1407.05,1404.35,1406.10,0,
12_05_2026_13_15,1406.10,1409.20,1405.90,1407.25,0,
12_05_2026_13_20,1407.25,1407.70,1402.65,1402.70,0,
12_05_2026_13_25,1402.70,1405.70,1402.40,1405.10,0,
12_05_2026_13_30,1405.25,1406.50,1404.25,1405.65,0,
12_05_2026_13_35,1405.65,1405.65,1402.35,1403.65,0,
12_05_2026_13_40,1403.65,1404.80,1399.95,1404.35,0,
12_05_2026_13_45,1404.35,1407.30,1404.25,1406.60,0,
12_05_2026_13_50,1406.60,1409.40,1406.25,1406.30,0,
12_05_2026_13_55,1406.40,1407.30,1405.90,1405.95,0,
12_05_2026_14_00,1405.95,1406.35,1401.30,1401.35,0,
12_05_2026_14_05,1401.30,1401.30,1398.90,1399.85,0,
12_05_2026_14_10,1399.85,1399.85,1397.55,1397.85,0,
12_05_2026_14_15,1397.85,1400.40,1397.65,1399.50,0,
12_05_2026_14_20,1399.50,1403.25,1398.80,1402.50,0,
12_05_2026_14_25,1402.50,1404.15,1401.30,1401.65,0,
12_05_2026_14_30,1401.45,1402.80,1399.65,1400.00,0,
12_05_2026_14_35,1400.00,1400.75,1398.50,1400.20,0,
12_05_2026_14_40,1400.35,1401.90,1399.60,1401.35,0,
12_05_2026_14_45,1401.35,1402.00,1400.65,1400.90,0,
12_05_2026_14_50,1400.90,1401.10,1398.50,1399.45,0,
12_05_2026_14_55,1399.25,1399.70,1397.40,1397.70,0,
12_05_2026_15_00,1398.00,1398.00,1393.35,1394.55,0,
12_05_2026_15_05,1394.55,1395.80,1394.10,1394.75,0,
12_05_2026_15_10,1394.80,1395.60,1392.30,1393.90,0,
12_05_2026_15_15,1394.15,1399.55,1393.70,1397.10,0,
12_05_2026_15_20,1397.00,1400.15,1396.40,1398.95,0,
12_05_2026_15_25,1398.15,1400.20,1397.45,1398.55,0,
13_05_2026_09_15,1396.60,1400.80,1380.70,1385.80,0,
13_05_2026_09_20,1385.80,1390.95,1377.10,1382.55,0,
13_05_2026_09_25,1382.55,1389.20,1380.05,1383.35,0,
13_05_2026_09_30,1383.25,1386.00,1381.65,1382.65,0,
13_05_2026_09_35,1382.65,1384.85,1375.85,1377.35,0,
13_05_2026_09_40,1377.35,1391.15,1376.45,1388.70,0,
13_05_2026_09_45,1388.65,1388.90,1383.40,1384.10,0,
13_05_2026_09_50,1384.05,1389.05,1383.15,1389.05,0,
13_05_2026_09_55,1389.05,1391.50,1387.95,1387.95,0,
13_05_2026_10_00,1387.95,1391.65,1387.00,1388.00,0,
13_05_2026_10_05,1387.95,1390.70,1386.85,1388.65,0,
13_05_2026_10_10,1388.65,1392.15,1387.80,1391.75,0,
13_05_2026_10_15,1391.60,1395.20,1391.40,1393.30,0,
13_05_2026_10_20,1393.30,1397.45,1392.95,1396.25,0,
13_05_2026_10_25,1396.25,1398.60,1395.90,1396.20,0,
13_05_2026_10_30,1396.20,1397.10,1395.00,1396.90,0,
13_05_2026_10_35,1396.90,1397.50,1390.90,1391.25,0,
13_05_2026_10_40,1391.25,1394.75,1391.15,1394.35,0,
13_05_2026_10_45,1394.35,1394.70,1388.05,1388.30,0,
13_05_2026_10_50,1388.20,1390.15,1388.20,1388.95,0,
13_05_2026_10_55,1388.95,1388.95,1385.05,1385.05,0,
13_05_2026_11_00,1385.00,1387.10,1384.60,1386.20,0,
13_05_2026_11_05,1386.30,1388.00,1385.15,1387.95,0,
13_05_2026_11_10,1387.85,1391.70,1387.20,1391.70,0,
13_05_2026_11_15,1391.70,1394.65,1391.70,1392.95,0,
13_05_2026_11_20,1392.95,1393.25,1390.20,1391.45,0,
13_05_2026_11_25,1391.45,1392.20,1390.95,1391.55,0,
13_05_2026_11_30,1391.55,1392.40,1390.05,1390.65,0,
13_05_2026_11_35,1390.65,1393.70,1390.25,1393.70,0,
13_05_2026_11_40,1393.40,1394.00,1392.55,1393.10,0,
13_05_2026_11_45,1393.10,1393.65,1390.50,1391.15,0,
13_05_2026_11_50,1391.10,1392.05,1390.25,1391.30,0,
13_05_2026_11_55,1391.30,1392.50,1389.95,1390.00,0,
13_05_2026_12_00,1390.20,1391.50,1389.90,1391.30,0,
13_05_2026_12_05,1391.30,1395.95,1390.30,1394.50,0,
13_05_2026_12_10,1394.50,1395.90,1393.10,1395.70,0,
13_05_2026_12_15,1395.50,1395.75,1391.25,1392.75,0,
13_05_2026_12_20,1392.75,1395.85,1392.45,1395.00,0,
13_05_2026_12_25,1394.75,1395.60,1391.60,1391.85,0,
13_05_2026_12_30,1391.85,1393.40,1391.85,1392.20,0,
13_05_2026_12_35,1392.10,1392.50,1389.55,1390.95,0,
13_05_2026_12_40,1390.95,1391.05,1388.35,1389.25,0,
13_05_2026_12_45,1389.60,1392.80,1389.55,1391.30,0,
13_05_2026_12_50,1391.30,1395.40,1391.30,1394.50,0,
13_05_2026_12_55,1394.60,1398.65,1394.60,1398.45,0,
13_05_2026_13_00,1398.30,1398.60,1396.30,1396.60,0,
13_05_2026_13_05,1396.60,1397.00,1395.00,1395.35,0,
13_05_2026_13_10,1395.40,1396.50,1394.85,1396.25,0,
13_05_2026_13_15,1396.30,1396.45,1394.65,1395.55,0,
13_05_2026_13_20,1395.55,1396.45,1394.35,1396.10,0,
13_05_2026_13_25,1396.10,1397.20,1395.55,1396.20,0,
13_05_2026_13_30,1396.20,1399.80,1395.20,1399.20,0,
13_05_2026_13_35,1399.20,1399.90,1398.05,1399.70,0,
13_05_2026_13_40,1399.70,1400.25,1397.80,1398.25,0,
13_05_2026_13_45,1398.25,1400.40,1397.95,1398.80,0,
13_05_2026_13_50,1398.85,1404.35,1397.50,1404.05,0,
13_05_2026_13_55,1404.05,1404.75,1400.70,1403.15,0,
13_05_2026_14_00,1403.15,1404.90,1398.40,1399.60,0,
13_05_2026_14_05,1399.60,1399.95,1398.90,1399.95,0,
13_05_2026_14_10,1399.65,1400.65,1399.65,1400.30,0,
13_05_2026_14_15,1400.30,1402.00,1399.45,1401.70,0,
13_05_2026_14_20,1401.70,1402.00,1399.20,1399.90,0,
13_05_2026_14_25,1399.90,1400.45,1399.00,1399.00,0,
13_05_2026_14_30,1399.15,1399.25,1396.70,1397.30,0,
13_05_2026_14_35,1397.30,1397.50,1394.95,1396.35,0,
13_05_2026_14_40,1396.55,1396.65,1395.00,1395.15,0,
13_05_2026_14_45,1395.15,1395.95,1393.25,1395.00,0,
13_05_2026_14_50,1395.00,1398.10,1394.80,1397.65,0,
13_05_2026_14_55,1397.65,1397.75,1396.80,1397.20,0,
13_05_2026_15_00,1397.20,1397.35,1393.25,1395.10,0,
13_05_2026_15_05,1395.05,1397.60,1394.85,1396.85,0,
13_05_2026_15_10,1396.85,1397.45,1395.75,1395.85,0,
13_05_2026_15_15,1395.85,1397.85,1394.90,1395.05,0,
13_05_2026_15_20,1394.85,1395.10,1393.10,1393.65,0,
13_05_2026_15_25,1393.65,1397.55,1392.80,1396.65,0,
14_05_2026_09_15,1400.15,1405.75,1398.80,1401.00,0,
14_05_2026_09_20,1400.95,1402.80,1399.80,1400.60,0,
14_05_2026_09_25,1400.40,1406.75,1400.40,1405.30,0,
14_05_2026_09_30,1405.15,1405.30,1400.50,1400.65,0,
14_05_2026_09_35,1400.65,1400.65,1394.15,1394.20,0,
14_05_2026_09_40,1394.35,1395.20,1389.65,1389.90,0,
14_05_2026_09_45,1389.90,1395.85,1389.65,1391.35,0,
14_05_2026_09_50,1391.35,1391.85,1387.45,1387.85,0,
14_05_2026_09_55,1387.80,1388.00,1380.85,1382.45,0,
14_05_2026_10_00,1381.85,1386.20,1378.65,1384.90,0,
14_05_2026_10_05,1385.05,1387.60,1383.05,1386.20,0,
14_05_2026_10_10,1386.25,1388.25,1385.90,1386.95,0,
14_05_2026_10_15,1386.95,1389.05,1385.50,1388.65,0,
14_05_2026_10_20,1388.65,1389.30,1384.45,1385.95,0,
14_05_2026_10_25,1385.95,1388.10,1384.70,1385.90,0,
14_05_2026_10_30,1385.90,1389.05,1385.30,1388.40,0,
14_05_2026_10_35,1388.40,1389.80,1388.25,1388.85,0,
14_05_2026_10_40,1388.85,1389.10,1385.60,1385.70,0,
14_05_2026_10_45,1385.70,1386.00,1383.20,1383.65,0,
14_05_2026_10_50,1383.65,1385.75,1383.10,1385.25,0,
14_05_2026_10_55,1385.25,1385.35,1381.95,1382.35,0,
14_05_2026_11_00,1382.35,1383.20,1380.35,1380.40,0,
14_05_2026_11_05,1380.40,1380.40,1377.65,1378.10,0,
14_05_2026_11_10,1378.10,1383.35,1377.90,1383.35,0,
14_05_2026_11_15,1383.40,1384.90,1383.00,1384.35,0,
14_05_2026_11_20,1384.35,1391.95,1384.35,1391.15,0,
14_05_2026_11_25,1391.15,1391.95,1387.75,1390.85,0,
14_05_2026_11_30,1390.80,1394.20,1390.05,1393.75,0,
14_05_2026_11_35,1393.75,1394.65,1392.35,1393.10,0,
14_05_2026_11_40,1393.10,1402.75,1392.90,1402.75,0,
14_05_2026_11_45,1402.75,1403.10,1400.55,1402.80,0,
14_05_2026_11_50,1402.90,1403.20,1401.10,1401.25,0,
14_05_2026_11_55,1401.10,1404.10,1401.10,1403.25,0,
14_05_2026_12_00,1403.15,1403.40,1398.65,1399.55,0,
14_05_2026_12_05,1399.55,1403.15,1399.40,1400.95,0,
14_05_2026_12_10,1400.90,1402.70,1399.95,1402.70,0,
14_05_2026_12_15,1402.60,1405.05,1401.35,1401.50,0,
14_05_2026_12_20,1401.55,1403.45,1400.95,1401.80,0,
14_05_2026_12_25,1401.85,1401.85,1399.40,1400.80,0,
14_05_2026_12_30,1400.85,1400.85,1399.25,1399.80,0,
14_05_2026_12_35,1399.80,1400.20,1399.10,1399.55,0,
14_05_2026_12_40,1399.55,1403.55,1399.00,1403.50,0,
14_05_2026_12_45,1403.50,1403.65,1400.75,1401.10,0,
14_05_2026_12_50,1401.10,1402.40,1399.60,1401.90,0,
14_05_2026_12_55,1401.90,1402.15,1400.60,1400.65,0,
14_05_2026_13_00,1400.60,1404.75,1400.45,1404.60,0,
14_05_2026_13_05,1404.75,1405.55,1404.00,1404.85,0,
14_05_2026_13_10,1404.85,1405.15,1403.00,1404.40,0,
14_05_2026_13_15,1404.60,1407.00,1403.95,1406.70,0,
14_05_2026_13_20,1406.80,1407.70,1405.40,1406.15,0,
14_05_2026_13_25,1406.00,1406.35,1403.70,1404.40,0,
14_05_2026_13_30,1405.00,1406.05,1404.55,1405.35,0,
14_05_2026_13_35,1405.45,1405.85,1402.50,1403.20,0,
14_05_2026_13_40,1403.25,1407.05,1403.25,1406.25,0,
14_05_2026_13_45,1406.25,1407.90,1404.15,1404.95,0,
14_05_2026_13_50,1404.90,1405.65,1404.35,1404.50,0,
14_05_2026_13_55,1404.50,1405.30,1403.85,1404.45,0,
14_05_2026_14_00,1404.45,1406.25,1404.30,1405.40,0,
14_05_2026_14_05,1405.40,1408.65,1405.10,1408.60,0,
14_05_2026_14_10,1408.50,1409.30,1407.25,1408.35,0,
14_05_2026_14_15,1408.35,1412.55,1408.35,1408.70,0,
14_05_2026_14_20,1408.70,1409.65,1407.55,1409.25,0,
14_05_2026_14_25,1409.25,1410.25,1408.60,1409.45,0,
14_05_2026_14_30,1409.45,1411.35,1409.00,1410.80,0,
14_05_2026_14_35,1410.80,1410.90,1407.65,1408.65,0,
14_05_2026_14_40,1408.65,1409.15,1407.05,1408.70,0,
14_05_2026_14_45,1408.70,1408.80,1406.20,1406.25,0,
14_05_2026_14_50,1406.40,1409.10,1406.40,1407.80,0,
14_05_2026_14_55,1407.80,1412.95,1407.75,1412.00,0,
14_05_2026_15_00,1411.70,1411.85,1407.55,1408.15,0,
14_05_2026_15_05,1408.30,1410.15,1406.30,1407.60,0,
14_05_2026_15_10,1407.85,1407.85,1405.00,1407.05,0,
14_05_2026_15_15,1407.05,1408.15,1406.40,1407.30,0,
14_05_2026_15_20,1407.25,1409.65,1406.05,1409.60,0,
14_05_2026_15_25,1409.65,1411.30,1408.75,1411.10,0,
15_05_2026_09_15,1413.70,1414.75,1404.85,1407.10,0,
15_05_2026_09_20,1407.05,1410.30,1404.75,1410.05,0,
15_05_2026_09_25,1410.10,1410.10,1403.40,1406.15,0,
15_05_2026_09_30,1405.80,1424.75,1405.20,1421.70,0,
15_05_2026_09_35,1421.70,1426.60,1415.55,1424.75,0,
15_05_2026_09_40,1424.40,1424.40,1415.35,1415.55,0,
15_05_2026_09_45,1415.60,1425.35,1414.85,1425.35,0,
15_05_2026_09_50,1425.00,1428.80,1424.65,1427.90,0,
15_05_2026_09_55,1427.90,1430.60,1426.05,1429.20,0,
15_05_2026_10_00,1429.40,1433.65,1425.60,1427.35,0,
15_05_2026_10_05,1427.50,1433.15,1427.45,1430.50,0,
15_05_2026_10_10,1430.50,1434.00,1428.95,1433.35,0,
15_05_2026_10_15,1433.70,1440.05,1433.25,1438.25,0,
15_05_2026_10_20,1438.20,1444.20,1435.65,1443.95,0,
15_05_2026_10_25,1443.95,1445.70,1442.35,1443.65,0,
15_05_2026_10_30,1443.70,1448.70,1442.25,1448.40,0,
15_05_2026_10_35,1448.20,1453.95,1446.80,1453.95,0,
15_05_2026_10_40,1453.65,1461.15,1451.85,1458.15,0,
15_05_2026_10_45,1458.70,1461.20,1456.75,1459.60,0,
15_05_2026_10_50,1460.20,1460.70,1457.85,1459.30,0,
15_05_2026_10_55,1459.10,1462.25,1456.85,1461.90,0,
15_05_2026_11_00,1461.85,1465.90,1461.10,1463.15,0,
15_05_2026_11_05,1463.15,1463.75,1459.95,1461.50,0,
15_05_2026_11_10,1461.55,1462.55,1459.70,1461.00,0,
15_05_2026_11_15,1461.00,1463.20,1457.85,1462.70,0,
15_05_2026_11_20,1462.70,1463.40,1461.25,1462.75,0,
15_05_2026_11_25,1462.70,1463.75,1460.15,1460.15,0,
15_05_2026_11_30,1460.00,1460.40,1456.55,1457.45,0,
15_05_2026_11_35,1457.35,1458.70,1454.90,1458.65,0,
15_05_2026_11_40,1458.40,1459.40,1455.70,1455.80,0,
15_05_2026_11_45,1455.90,1457.35,1454.90,1455.85,0,
15_05_2026_11_50,1455.75,1459.80,1455.30,1459.25,0,
15_05_2026_11_55,1459.35,1460.25,1458.70,1459.85,0,
15_05_2026_12_00,1460.05,1462.20,1459.00,1462.10,0,
15_05_2026_12_05,1462.05,1462.25,1459.60,1460.95,0,
15_05_2026_12_10,1461.05,1461.35,1459.50,1460.25,0,
15_05_2026_12_15,1460.05,1460.70,1459.20,1459.70,0,
15_05_2026_12_20,1459.70,1459.90,1458.45,1458.60,0,
15_05_2026_12_25,1458.60,1458.85,1456.70,1456.90,0,
15_05_2026_12_30,1456.80,1458.20,1455.90,1457.55,0,
15_05_2026_12_35,1457.65,1459.15,1455.85,1457.45,0,
15_05_2026_12_40,1457.45,1458.55,1456.95,1457.65,0,
15_05_2026_12_45,1457.75,1459.10,1457.60,1458.75,0,
15_05_2026_12_50,1458.70,1459.00,1457.60,1458.25,0,
15_05_2026_12_55,1458.20,1459.55,1457.95,1458.65,0,
15_05_2026_13_00,1458.60,1459.15,1457.30,1458.25,0,
15_05_2026_13_05,1458.25,1458.90,1456.90,1458.55,0,
15_05_2026_13_10,1458.55,1461.15,1458.15,1460.75,0,
15_05_2026_13_15,1460.80,1461.25,1459.75,1460.60,0,
15_05_2026_13_20,1460.60,1460.80,1454.15,1454.75,0,
15_05_2026_13_25,1455.00,1457.60,1454.30,1454.75,0,
15_05_2026_13_30,1454.75,1455.00,1452.40,1453.60,0,
15_05_2026_13_35,1453.60,1455.05,1452.30,1453.05,0,
15_05_2026_13_40,1453.00,1453.35,1450.90,1451.85,0,
15_05_2026_13_45,1451.65,1453.50,1449.60,1450.10,0,
15_05_2026_13_50,1450.10,1450.15,1445.50,1448.70,0,
15_05_2026_13_55,1448.80,1449.40,1446.55,1446.85,0,
15_05_2026_14_00,1446.85,1447.25,1443.10,1443.85,0,
15_05_2026_14_05,1443.85,1444.70,1442.45,1442.60,0,
15_05_2026_14_10,1442.40,1443.35,1440.45,1441.25,0,
15_05_2026_14_15,1441.30,1443.05,1439.15,1439.30,0,
15_05_2026_14_20,1439.15,1440.40,1438.35,1439.70,0,
15_05_2026_14_25,1439.80,1441.55,1439.20,1439.75,0,
15_05_2026_14_30,1439.70,1440.40,1438.10,1438.75,0,
15_05_2026_14_35,1438.65,1439.15,1437.15,1437.20,0,
15_05_2026_14_40,1437.20,1439.55,1436.90,1439.05,0,
15_05_2026_14_45,1439.05,1440.05,1431.75,1432.30,0,
15_05_2026_14_50,1432.30,1433.70,1430.30,1430.70,0,
15_05_2026_14_55,1430.65,1434.75,1429.95,1433.70,0,
15_05_2026_15_00,1433.65,1440.20,1431.20,1436.40,0,
15_05_2026_15_05,1436.70,1439.05,1433.25,1437.30,0,
15_05_2026_15_10,1437.50,1438.15,1435.35,1437.35,0,
15_05_2026_15_15,1437.50,1437.95,1434.60,1436.40,0,
15_05_2026_15_20,1436.45,1437.45,1429.95,1431.35,0,
15_05_2026_15_25,1431.30,1436.00,1429.65,1435.10,0,
18_05_2026_09_15,1421.60,1424.60,1408.45,1412.85,0,
18_05_2026_09_20,1412.85,1414.10,1405.95,1412.45,0,
18_05_2026_09_25,1412.45,1416.10,1409.80,1413.40,0,
18_05_2026_09_30,1413.45,1413.55,1407.80,1409.45,0,
18_05_2026_09_35,1409.35,1409.50,1403.95,1405.75,0,
18_05_2026_09_40,1405.75,1409.25,1404.80,1408.00,0,
18_05_2026_09_45,1407.95,1411.00,1404.35,1405.35,0,
18_05_2026_09_50,1405.20,1407.40,1400.40,1402.20,0,
18_05_2026_09_55,1402.25,1402.60,1396.30,1399.60,0,
18_05_2026_10_00,1399.40,1401.30,1394.55,1397.20,0,
18_05_2026_10_05,1397.20,1399.20,1395.85,1396.50,0,
18_05_2026_10_10,1396.50,1399.35,1395.80,1397.25,0,
18_05_2026_10_15,1397.20,1399.55,1396.05,1397.80,0,
18_05_2026_10_20,1397.80,1398.10,1395.35,1396.45,0,
18_05_2026_10_25,1396.45,1396.90,1393.05,1393.60,0,
18_05_2026_10_30,1393.45,1396.75,1392.05,1396.65,0,
18_05_2026_10_35,1396.65,1401.35,1396.60,1400.35,0,
18_05_2026_10_40,1400.35,1400.85,1397.70,1399.75,0,
18_05_2026_10_45,1399.65,1400.25,1397.90,1398.10,0,
18_05_2026_10_50,1398.10,1401.80,1397.85,1401.70,0,
18_05_2026_10_55,1401.70,1404.20,1401.35,1403.90,0,
18_05_2026_11_00,1403.80,1404.85,1403.05,1404.05,0,
18_05_2026_11_05,1403.90,1403.95,1401.65,1401.80,0,
18_05_2026_11_10,1401.80,1403.30,1401.60,1403.00,0,
18_05_2026_11_15,1403.00,1403.00,1401.50,1401.80,0,
18_05_2026_11_20,1401.80,1403.50,1401.15,1403.50,0,
18_05_2026_11_25,1403.50,1404.00,1402.80,1403.55,0,
18_05_2026_11_30,1403.55,1408.10,1403.45,1407.20,0,
18_05_2026_11_35,1407.60,1409.20,1407.20,1408.50,0,
18_05_2026_11_40,1408.55,1408.75,1405.00,1405.45,0,
18_05_2026_11_45,1405.45,1406.00,1401.60,1402.40,0,
18_05_2026_11_50,1402.60,1404.10,1401.20,1402.10,0,
18_05_2026_11_55,1402.00,1402.95,1401.45,1401.80,0,
18_05_2026_12_00,1401.80,1403.30,1401.65,1402.90,0,
18_05_2026_12_05,1403.05,1403.50,1402.40,1402.90,0,
18_05_2026_12_10,1402.90,1404.10,1402.50,1403.45,0,
18_05_2026_12_15,1403.40,1405.00,1403.35,1403.70,0,
18_05_2026_12_20,1403.70,1405.25,1403.45,1405.20,0,
18_05_2026_12_25,1405.05,1406.10,1404.90,1405.55,0,
18_05_2026_12_30,1405.55,1408.55,1405.15,1408.10,0,
18_05_2026_12_35,1408.10,1408.30,1405.90,1406.15,0,
18_05_2026_12_40,1406.15,1406.30,1404.10,1404.25,0,
18_05_2026_12_45,1404.15,1405.75,1404.10,1404.65,0,
18_05_2026_12_50,1404.65,1404.85,1404.05,1404.15,0,
18_05_2026_12_55,1404.15,1406.15,1404.10,1405.55,0,
18_05_2026_13_00,1405.55,1406.35,1405.00,1405.25,0,
18_05_2026_13_05,1405.30,1405.50,1403.85,1404.50,0,
18_05_2026_13_10,1404.50,1404.80,1403.05,1404.40,0,
18_05_2026_13_15,1404.40,1404.90,1404.00,1404.05,0,
18_05_2026_13_20,1404.05,1404.45,1402.80,1403.30,0,
18_05_2026_13_25,1403.25,1405.00,1403.25,1404.70,0,
18_05_2026_13_30,1404.60,1405.50,1404.05,1404.70,0,
18_05_2026_13_35,1404.70,1405.15,1403.80,1404.50,0,
18_05_2026_13_40,1404.50,1406.45,1404.00,1405.40,0,
18_05_2026_13_45,1405.40,1405.70,1403.55,1404.80,0,
18_05_2026_13_50,1404.80,1405.70,1404.40,1405.05,0,
18_05_2026_13_55,1405.05,1408.35,1404.95,1408.25,0,
18_05_2026_14_00,1408.25,1408.50,1406.60,1408.20,0,
18_05_2026_14_05,1408.20,1409.75,1406.90,1407.50,0,
18_05_2026_14_10,1407.50,1408.50,1406.60,1408.15,0,
18_05_2026_14_15,1408.15,1408.20,1404.95,1405.60,0,
18_05_2026_14_20,1405.70,1407.20,1405.30,1405.85,0,
18_05_2026_14_25,1405.80,1407.55,1405.10,1407.10,0,
18_05_2026_14_30,1407.10,1408.80,1406.90,1407.30,0,
18_05_2026_14_35,1407.25,1407.45,1406.00,1407.20,0,
18_05_2026_14_40,1407.30,1412.40,1405.20,1410.85,0,
18_05_2026_14_45,1410.85,1411.05,1408.95,1409.40,0,
18_05_2026_14_50,1409.40,1409.65,1406.10,1406.25,0,
18_05_2026_14_55,1406.25,1406.25,1403.85,1404.10,0,
18_05_2026_15_00,1403.95,1408.60,1403.95,1406.10,0,
18_05_2026_15_05,1405.60,1407.75,1403.90,1404.75,0,
18_05_2026_15_10,1404.60,1405.30,1403.05,1403.35,0,
18_05_2026_15_15,1403.40,1405.85,1402.80,1405.05,0,
18_05_2026_15_20,1405.15,1406.30,1403.40,1403.95,0,
18_05_2026_15_25,1403.85,1404.45,1400.85,1403.85,0,
19_05_2026_09_15,1404.95,1410.15,1401.55,1409.65,0,
19_05_2026_09_20,1409.65,1411.00,1406.45,1409.50,0,
19_05_2026_09_25,1409.35,1413.90,1408.75,1412.55,0,
19_05_2026_09_30,1412.50,1412.65,1402.90,1404.20,0,
19_05_2026_09_35,1403.80,1407.70,1401.80,1406.15,0,
19_05_2026_09_40,1406.05,1409.90,1406.05,1408.75,0,
19_05_2026_09_45,1408.65,1409.15,1404.60,1406.40,0,
19_05_2026_09_50,1406.40,1406.85,1405.10,1406.80,0,
19_05_2026_09_55,1406.80,1408.60,1404.25,1404.35,0,
19_05_2026_10_00,1404.35,1407.90,1403.90,1406.00,0,
19_05_2026_10_05,1405.95,1407.50,1405.70,1407.30,0,
19_05_2026_10_10,1407.30,1412.45,1406.65,1411.15,0,
19_05_2026_10_15,1411.15,1411.60,1409.30,1410.25,0,
19_05_2026_10_20,1410.10,1412.60,1409.60,1412.55,0,
19_05_2026_10_25,1412.55,1412.95,1411.40,1411.40,0,
19_05_2026_10_30,1411.40,1414.85,1411.40,1413.50,0,
19_05_2026_10_35,1413.50,1415.50,1412.55,1414.95,0,
19_05_2026_10_40,1414.95,1416.40,1413.70,1414.35,0,
19_05_2026_10_45,1414.40,1418.05,1414.30,1418.00,0,
19_05_2026_10_50,1417.95,1418.15,1415.95,1416.40,0,
19_05_2026_10_55,1416.35,1418.85,1415.90,1418.20,0,
19_05_2026_11_00,1418.20,1421.55,1418.00,1421.25,0,
19_05_2026_11_05,1421.35,1422.00,1419.95,1421.05,0,
19_05_2026_11_10,1420.95,1421.45,1418.60,1419.00,0,
19_05_2026_11_15,1419.00,1419.20,1417.95,1418.05,0,
19_05_2026_11_20,1418.05,1419.70,1417.80,1419.00,0,
19_05_2026_11_25,1418.80,1420.80,1418.75,1420.80,0,
19_05_2026_11_30,1420.80,1422.65,1419.70,1419.75,0,
19_05_2026_11_35,1419.75,1422.20,1419.75,1421.15,0,
19_05_2026_11_40,1421.15,1421.80,1420.35,1420.75,0,
19_05_2026_11_45,1420.75,1421.65,1420.20,1420.50,0,
19_05_2026_11_50,1420.50,1420.95,1419.15,1420.85,0,
19_05_2026_11_55,1420.85,1421.50,1420.00,1421.40,0,
19_05_2026_12_00,1421.40,1421.40,1419.00,1419.15,0,
19_05_2026_12_05,1419.40,1420.35,1418.95,1419.30,0,
19_05_2026_12_10,1419.30,1420.90,1419.30,1420.60,0,
19_05_2026_12_15,1420.55,1420.80,1419.35,1419.65,0,
19_05_2026_12_20,1419.65,1420.75,1419.30,1420.70,0,
19_05_2026_12_25,1420.70,1421.00,1419.05,1419.15,0,
19_05_2026_12_30,1419.15,1420.45,1418.50,1418.80,0,
19_05_2026_12_35,1418.80,1420.55,1418.45,1420.10,0,
19_05_2026_12_40,1420.40,1421.10,1420.05,1420.45,0,
19_05_2026_12_45,1420.45,1421.65,1419.00,1419.40,0,
19_05_2026_12_50,1419.40,1421.15,1418.95,1420.35,0,
19_05_2026_12_55,1420.35,1421.00,1419.55,1420.70,0,
19_05_2026_13_00,1420.70,1421.15,1420.00,1420.00,0,
19_05_2026_13_05,1420.00,1420.65,1418.70,1419.35,0,
19_05_2026_13_10,1419.35,1419.75,1418.35,1418.75,0,
19_05_2026_13_15,1418.75,1420.30,1418.50,1420.15,0,
19_05_2026_13_20,1420.15,1425.60,1418.95,1425.50,0,
19_05_2026_13_25,1425.70,1427.05,1422.10,1422.65,0,
19_05_2026_13_30,1422.60,1424.85,1421.90,1424.70,0,
19_05_2026_13_35,1424.70,1424.80,1420.95,1421.45,0,
19_05_2026_13_40,1421.55,1422.65,1421.50,1421.60,0,
19_05_2026_13_45,1421.60,1422.10,1420.30,1421.20,0,
19_05_2026_13_50,1421.20,1421.30,1419.50,1419.80,0,
19_05_2026_13_55,1419.80,1421.35,1419.25,1421.35,0,
19_05_2026_14_00,1421.35,1421.45,1419.90,1420.00,0,
19_05_2026_14_05,1420.00,1421.35,1419.70,1420.95,0,
19_05_2026_14_10,1421.05,1422.70,1420.25,1422.50,0,
19_05_2026_14_15,1422.55,1423.10,1420.50,1421.65,0,
19_05_2026_14_20,1421.65,1422.40,1420.40,1422.40,0,
19_05_2026_14_25,1422.40,1422.40,1420.55,1421.70,0,
19_05_2026_14_30,1421.75,1422.45,1420.25,1420.70,0,
19_05_2026_14_35,1420.70,1421.90,1419.45,1420.60,0,
19_05_2026_14_40,1420.60,1421.40,1418.80,1419.00,0,
19_05_2026_14_45,1419.00,1419.05,1417.25,1417.75,0,
19_05_2026_14_50,1417.75,1420.35,1417.70,1420.20,0,
19_05_2026_14_55,1420.20,1421.65,1419.30,1421.55,0,
19_05_2026_15_00,1421.50,1422.20,1419.55,1420.85,0,
19_05_2026_15_05,1420.85,1421.45,1418.60,1420.15,0,
19_05_2026_15_10,1420.35,1420.35,1417.35,1419.00,0,
19_05_2026_15_15,1419.10,1420.55,1417.60,1417.75,0,
19_05_2026_15_20,1417.75,1419.75,1417.20,1419.65,0,
19_05_2026_15_25,1419.85,1422.00,1418.15,1419.30,0,
20_05_2026_09_15,1397.50,1401.50,1388.80,1393.95,0,
20_05_2026_09_20,1394.05,1395.55,1390.75,1391.60,0,
20_05_2026_09_25,1391.60,1394.85,1390.65,1394.80,0,
20_05_2026_09_30,1394.50,1395.00,1391.75,1394.15,0,
20_05_2026_09_35,1394.05,1395.80,1391.30,1395.50,0,
20_05_2026_09_40,1395.05,1396.05,1393.20,1395.05,0,
20_05_2026_09_45,1395.15,1395.55,1392.75,1394.70,0,
20_05_2026_09_50,1394.70,1394.80,1392.85,1393.70,0,
20_05_2026_09_55,1393.70,1395.75,1393.45,1395.10,0,
20_05_2026_10_00,1395.10,1395.70,1391.45,1392.25,0,
20_05_2026_10_05,1392.15,1392.15,1387.95,1389.70,0,
20_05_2026_10_10,1389.80,1390.75,1388.10,1390.25,0,
20_05_2026_10_15,1390.25,1392.40,1390.05,1390.40,0,
20_05_2026_10_20,1390.55,1392.25,1388.30,1388.30,0,
20_05_2026_10_25,1388.20,1390.55,1388.00,1390.10,0,
20_05_2026_10_30,1390.10,1391.25,1389.75,1391.25,0,
20_05_2026_10_35,1391.40,1392.40,1390.85,1392.00,0,
20_05_2026_10_40,1392.15,1394.30,1390.55,1393.20,0,
20_05_2026_10_45,1393.20,1396.70,1392.85,1393.55,0,
20_05_2026_10_50,1394.00,1396.15,1393.95,1395.45,0,
20_05_2026_10_55,1395.30,1396.05,1394.55,1395.50,0,
20_05_2026_11_00,1395.55,1399.15,1395.50,1399.00,0,
20_05_2026_11_05,1398.95,1403.30,1398.55,1401.10,0,
20_05_2026_11_10,1401.05,1403.05,1400.10,1402.95,0,
20_05_2026_11_15,1402.95,1404.45,1399.40,1399.70,0,
20_05_2026_11_20,1399.70,1400.40,1397.35,1397.85,0,
20_05_2026_11_25,1397.85,1398.65,1397.10,1397.75,0,
20_05_2026_11_30,1397.65,1400.30,1397.65,1398.95,0,
20_05_2026_11_35,1399.00,1400.60,1398.70,1400.10,0,
20_05_2026_11_40,1400.25,1400.55,1399.45,1399.80,0,
20_05_2026_11_45,1399.80,1401.35,1399.45,1400.35,0,
20_05_2026_11_50,1400.35,1401.10,1398.25,1398.70,0,
20_05_2026_11_55,1398.50,1400.15,1398.00,1399.95,0,
20_05_2026_12_00,1399.95,1400.10,1398.30,1398.35,0,
20_05_2026_12_05,1398.35,1398.45,1396.65,1396.80,0,
20_05_2026_12_10,1396.80,1397.75,1396.70,1397.50,0,
20_05_2026_12_15,1397.50,1397.55,1396.70,1396.85,0,
20_05_2026_12_20,1396.85,1397.60,1396.45,1397.05,0,
20_05_2026_12_25,1397.05,1398.15,1395.80,1396.55,0,
20_05_2026_12_30,1396.55,1397.85,1396.00,1396.90,0,
20_05_2026_12_35,1396.90,1399.15,1396.35,1398.10,0,
20_05_2026_12_40,1397.95,1402.15,1397.70,1400.85,0,
20_05_2026_12_45,1400.85,1405.60,1400.20,1400.60,0,
20_05_2026_12_50,1400.65,1402.25,1400.50,1401.40,0,
20_05_2026_12_55,1401.40,1403.05,1401.10,1402.80,0,
20_05_2026_13_00,1402.80,1403.60,1402.00,1402.65,0,
20_05_2026_13_05,1402.70,1403.45,1402.20,1402.20,0,
20_05_2026_13_10,1402.25,1403.15,1401.35,1402.05,0,
20_05_2026_13_15,1402.05,1402.10,1400.65,1401.30,0,
20_05_2026_13_20,1401.30,1401.50,1400.45,1401.45,0,
20_05_2026_13_25,1401.45,1401.90,1398.90,1399.60,0,
20_05_2026_13_30,1399.60,1400.45,1398.70,1400.20,0,
20_05_2026_13_35,1400.20,1400.40,1398.85,1399.95,0,
20_05_2026_13_40,1400.00,1400.85,1399.70,1399.95,0,
20_05_2026_13_45,1399.95,1400.80,1399.45,1400.10,0,
20_05_2026_13_50,1400.10,1400.60,1399.80,1400.05,0,
20_05_2026_13_55,1400.10,1400.55,1399.85,1400.55,0,
20_05_2026_14_00,1400.55,1400.95,1399.20,1399.25,0,
20_05_2026_14_05,1399.25,1400.40,1399.25,1400.35,0,
20_05_2026_14_10,1400.35,1401.40,1400.15,1400.95,0,
20_05_2026_14_15,1400.95,1402.25,1400.50,1401.90,0,
20_05_2026_14_20,1401.90,1402.00,1400.45,1400.95,0,
20_05_2026_14_25,1400.95,1401.45,1400.00,1400.90,0,
20_05_2026_14_30,1400.90,1401.45,1400.65,1400.95,0,
20_05_2026_14_35,1400.95,1401.40,1400.00,1400.95,0,
20_05_2026_14_40,1400.95,1402.85,1400.50,1401.25,0,
20_05_2026_14_45,1401.25,1403.15,1401.15,1401.90,0,
20_05_2026_14_50,1401.90,1402.35,1400.85,1402.20,0,
20_05_2026_14_55,1402.35,1402.85,1401.60,1402.15,0,
20_05_2026_15_00,1402.30,1402.30,1399.20,1399.55,0,
20_05_2026_15_05,1399.75,1400.65,1399.35,1399.80,0,
20_05_2026_15_10,1399.95,1401.05,1399.05,1399.95,0,
20_05_2026_15_15,1399.95,1400.65,1398.10,1400.65,0,
20_05_2026_15_20,1400.70,1403.00,1399.70,1400.85,0,
20_05_2026_15_25,1400.80,1402.10,1398.35,1400.30,0,
21_05_2026_09_15,1412.50,1417.60,1410.40,1411.65,0,
21_05_2026_09_20,1411.75,1413.20,1409.10,1412.20,0,
21_05_2026_09_25,1412.15,1412.30,1408.20,1408.80,0,
21_05_2026_09_30,1409.00,1409.55,1404.85,1406.90,0,
21_05_2026_09_35,1406.90,1410.45,1404.40,1408.85,0,
21_05_2026_09_40,1408.85,1410.15,1408.05,1408.85,0,
21_05_2026_09_45,1408.85,1412.00,1408.40,1410.55,0,
21_05_2026_09_50,1410.55,1411.75,1410.05,1410.65,0,
21_05_2026_09_55,1410.65,1411.00,1408.65,1408.65,0,
21_05_2026_10_00,1408.55,1410.95,1408.35,1409.60,0,
21_05_2026_10_05,1409.50,1409.90,1408.75,1409.70,0,
21_05_2026_10_10,1409.75,1410.05,1408.45,1408.45,0,
21_05_2026_10_15,1408.45,1409.30,1408.15,1408.85,0,
21_05_2026_10_20,1408.85,1410.75,1408.15,1409.90,0,
21_05_2026_10_25,1409.70,1411.15,1408.55,1410.85,0,
21_05_2026_10_30,1410.85,1411.50,1408.90,1409.10,0,
21_05_2026_10_35,1409.10,1410.40,1407.75,1407.80,0,
21_05_2026_10_40,1408.05,1409.40,1407.15,1409.40,0,
21_05_2026_10_45,1409.40,1409.65,1408.05,1408.25,0,
21_05_2026_10_50,1408.25,1408.90,1407.70,1408.80,0,
21_05_2026_10_55,1408.80,1408.95,1407.65,1408.45,0,
21_05_2026_11_00,1408.60,1408.70,1405.60,1405.80,0,
21_05_2026_11_05,1405.95,1406.85,1405.15,1406.35,0,
21_05_2026_11_10,1406.55,1406.60,1404.20,1404.90,0,
21_05_2026_11_15,1404.90,1405.00,1400.55,1403.25,0,
21_05_2026_11_20,1403.40,1403.95,1402.05,1403.50,0,
21_05_2026_11_25,1403.50,1405.05,1403.20,1403.55,0,
21_05_2026_11_30,1403.55,1405.45,1403.55,1405.00,0,
21_05_2026_11_35,1405.00,1405.40,1401.30,1401.45,0,
21_05_2026_11_40,1401.45,1402.70,1401.25,1402.25,0,
21_05_2026_11_45,1402.25,1403.30,1402.05,1402.95,0,
21_05_2026_11_50,1402.95,1404.20,1402.55,1404.00,0,
21_05_2026_11_55,1404.00,1404.25,1402.65,1402.75,0,
21_05_2026_12_00,1402.75,1403.50,1402.25,1403.40,0,
21_05_2026_12_05,1403.40,1404.00,1402.30,1403.90,0,
21_05_2026_12_10,1403.90,1404.10,1402.65,1402.70,0,
21_05_2026_12_15,1402.70,1403.60,1402.55,1402.85,0,
21_05_2026_12_20,1402.85,1403.70,1402.40,1402.90,0,
21_05_2026_12_25,1402.90,1403.00,1399.70,1399.95,0,
21_05_2026_12_30,1399.95,1400.55,1398.85,1400.15,0,
21_05_2026_12_35,1400.15,1400.15,1397.20,1397.40,0,
21_05_2026_12_40,1397.40,1398.05,1396.15,1396.50,0,
21_05_2026_12_45,1396.50,1397.05,1395.10,1396.45,0,
21_05_2026_12_50,1396.45,1397.55,1396.25,1397.35,0,
21_05_2026_12_55,1397.35,1397.60,1395.05,1395.25,0,
21_05_2026_13_00,1395.25,1395.25,1392.30,1393.95,0,
21_05_2026_13_05,1393.95,1395.60,1393.70,1395.25,0,
21_05_2026_13_10,1395.25,1396.60,1395.10,1396.25,0,
21_05_2026_13_15,1396.25,1396.55,1395.55,1396.10,0,
21_05_2026_13_20,1396.10,1397.30,1395.60,1397.00,0,
21_05_2026_13_25,1397.00,1397.80,1396.10,1397.80,0,
21_05_2026_13_30,1397.85,1398.80,1397.75,1398.60,0,
21_05_2026_13_35,1398.60,1399.70,1398.35,1398.50,0,
21_05_2026_13_40,1398.50,1399.35,1398.20,1399.15,0,
21_05_2026_13_45,1399.20,1402.00,1398.65,1399.55,0,
21_05_2026_13_50,1399.55,1399.65,1397.40,1397.65,0,
21_05_2026_13_55,1397.75,1399.15,1397.60,1399.15,0,
21_05_2026_14_00,1398.95,1399.55,1398.40,1399.30,0,
21_05_2026_14_05,1399.30,1399.30,1398.35,1398.60,0,
21_05_2026_14_10,1398.60,1399.60,1398.00,1399.25,0,
21_05_2026_14_15,1399.25,1400.20,1398.55,1399.40,0,
21_05_2026_14_20,1399.40,1400.80,1399.25,1400.80,0,
21_05_2026_14_25,1400.80,1400.90,1398.05,1398.30,0,
21_05_2026_14_30,1398.30,1399.60,1396.85,1397.30,0,
21_05_2026_14_35,1397.30,1397.90,1396.05,1396.45,0,
21_05_2026_14_40,1396.45,1398.60,1396.35,1397.65,0,
21_05_2026_14_45,1397.65,1397.85,1395.80,1396.00,0,
21_05_2026_14_50,1396.00,1396.80,1395.75,1396.35,0,
21_05_2026_14_55,1396.35,1397.45,1396.10,1397.20,0,
21_05_2026_15_00,1397.30,1397.85,1395.70,1396.45,0,
21_05_2026_15_05,1396.45,1398.85,1396.05,1398.60,0,
21_05_2026_15_10,1398.60,1398.60,1395.05,1396.30,0,
21_05_2026_15_15,1396.30,1396.90,1394.40,1394.80,0,
21_05_2026_15_20,1395.00,1396.10,1392.35,1393.20,0,
21_05_2026_15_25,1393.20,1394.90,1389.80,1394.15,0,
22_05_2026_09_15,1402.40,1402.40,1384.50,1386.85,0,
22_05_2026_09_20,1386.85,1386.95,1381.40,1384.95,0,
22_05_2026_09_25,1385.05,1385.20,1378.05,1378.25,0,
22_05_2026_09_30,1378.25,1379.40,1373.85,1378.00,0,
22_05_2026_09_35,1378.05,1380.00,1376.85,1379.45,0,
22_05_2026_09_40,1379.50,1379.50,1375.55,1377.20,0,
22_05_2026_09_45,1377.25,1377.55,1373.50,1373.80,0,
22_05_2026_09_50,1373.80,1376.20,1373.25,1376.10,0,
22_05_2026_09_55,1376.10,1376.90,1375.65,1376.45,0,
22_05_2026_10_00,1376.45,1376.45,1372.55,1373.05,0,
22_05_2026_10_05,1373.05,1374.70,1372.25,1374.15,0,
22_05_2026_10_10,1374.15,1376.50,1374.10,1375.95,0,
22_05_2026_10_15,1376.00,1376.60,1374.60,1374.60,0,
22_05_2026_10_20,1374.60,1378.25,1374.60,1376.00,0,
22_05_2026_10_25,1376.00,1377.25,1375.80,1376.55,0,
22_05_2026_10_30,1376.55,1377.30,1376.10,1376.20,0,
22_05_2026_10_35,1376.20,1377.65,1376.20,1377.60,0,
22_05_2026_10_40,1377.55,1378.20,1376.90,1378.10,0,
22_05_2026_10_45,1378.10,1378.40,1377.00,1377.40,0,
22_05_2026_10_50,1377.40,1377.80,1376.15,1376.85,0,
22_05_2026_10_55,1376.90,1377.70,1376.35,1377.30,0,
22_05_2026_11_00,1377.40,1378.90,1377.35,1378.15,0,
22_05_2026_11_05,1378.10,1379.25,1377.20,1378.05,0,
22_05_2026_11_10,1378.05,1378.60,1376.70,1377.15,0,
22_05_2026_11_15,1377.25,1378.60,1377.25,1377.70,0,
22_05_2026_11_20,1377.70,1380.15,1377.20,1379.80,0,
22_05_2026_11_25,1379.80,1380.35,1377.75,1377.80,0,
22_05_2026_11_30,1377.80,1379.05,1377.55,1378.80,0,
22_05_2026_11_35,1378.80,1378.85,1377.35,1377.95,0,
22_05_2026_11_40,1377.95,1378.75,1377.80,1378.55,0,
22_05_2026_11_45,1378.60,1378.70,1377.60,1377.95,0,
22_05_2026_11_50,1377.95,1378.95,1377.75,1378.25,0,
22_05_2026_11_55,1378.25,1378.90,1377.80,1378.35,0,
22_05_2026_12_00,1378.35,1378.55,1377.45,1378.25,0,
22_05_2026_12_05,1378.30,1378.70,1377.65,1377.95,0,
22_05_2026_12_10,1377.95,1378.45,1377.40,1377.85,0,
22_05_2026_12_15,1377.90,1378.75,1377.40,1377.65,0,
22_05_2026_12_20,1377.65,1378.15,1376.95,1377.45,0,
22_05_2026_12_25,1377.45,1377.90,1376.85,1377.15,0,
22_05_2026_12_30,1377.15,1377.95,1376.95,1377.30,0,
22_05_2026_12_35,1377.30,1377.95,1376.90,1377.40,0,
22_05_2026_12_40,1377.40,1377.60,1376.80,1377.40,0,
22_05_2026_12_45,1377.45,1378.40,1377.30,1378.40,0,
22_05_2026_12_50,1378.45,1379.25,1378.15,1379.10,0,
22_05_2026_12_55,1379.10,1379.70,1378.75,1379.20,0,
22_05_2026_13_00,1379.15,1379.70,1378.40,1379.50,0,
22_05_2026_13_05,1379.50,1380.70,1378.40,1379.60,0,
22_05_2026_13_10,1379.60,1379.60,1378.35,1379.60,0,
22_05_2026_13_15,1379.60,1379.60,1378.05,1378.45,0,
22_05_2026_13_20,1378.45,1379.85,1377.70,1379.85,0,
22_05_2026_13_25,1379.85,1379.85,1377.95,1378.75,0,
22_05_2026_13_30,1378.75,1378.95,1377.80,1378.25,0,
22_05_2026_13_35,1378.30,1378.70,1377.75,1378.55,0,
22_05_2026_13_40,1378.55,1378.70,1377.75,1377.85,0,
22_05_2026_13_45,1377.85,1378.60,1377.50,1377.85,0,
22_05_2026_13_50,1377.85,1378.80,1377.40,1378.20,0,
22_05_2026_13_55,1378.20,1380.10,1377.35,1378.35,0,
22_05_2026_14_00,1378.35,1378.95,1377.80,1377.80,0,
22_05_2026_14_05,1377.70,1378.05,1375.90,1376.50,0,
22_05_2026_14_10,1376.60,1376.60,1375.70,1376.15,0,
22_05_2026_14_15,1376.15,1376.50,1375.50,1375.70,0,
22_05_2026_14_20,1375.70,1376.75,1375.10,1376.25,0,
22_05_2026_14_25,1376.25,1376.80,1375.90,1376.00,0,
22_05_2026_14_30,1376.10,1376.20,1374.60,1374.85,0,
22_05_2026_14_35,1374.85,1375.30,1373.70,1373.95,0,
22_05_2026_14_40,1373.95,1375.05,1373.45,1374.25,0,
22_05_2026_14_45,1374.15,1376.00,1374.15,1375.10,0,
22_05_2026_14_50,1375.10,1376.35,1374.90,1375.20,0,
22_05_2026_14_55,1375.70,1375.75,1374.40,1374.85,0,
22_05_2026_15_00,1374.45,1375.55,1372.65,1374.65,0,
22_05_2026_15_05,1374.70,1375.80,1374.10,1375.70,0,
22_05_2026_15_10,1375.85,1376.75,1373.80,1374.45,0,
22_05_2026_15_15,1374.60,1375.55,1373.80,1375.35,0,
22_05_2026_15_20,1375.35,1375.85,1373.75,1375.00,0,
22_05_2026_15_25,1374.80,1375.60,1372.80,1374.45,0,
25_05_2026_09_15,1388.75,1388.75,1376.85,1380.85,0,
25_05_2026_09_20,1380.80,1382.95,1378.80,1381.80,0,
25_05_2026_09_25,1381.80,1381.80,1378.65,1379.05,0,
25_05_2026_09_30,1379.05,1380.65,1377.80,1378.10,0,
25_05_2026_09_35,1378.10,1381.80,1378.05,1380.55,0,
25_05_2026_09_40,1380.70,1382.60,1379.90,1381.90,0,
25_05_2026_09_45,1381.90,1382.80,1380.85,1381.65,0,
25_05_2026_09_50,1381.65,1382.70,1380.15,1381.55,0,
25_05_2026_09_55,1381.55,1381.90,1379.50,1379.90,0,
25_05_2026_10_00,1379.85,1381.20,1379.75,1381.05,0,
25_05_2026_10_05,1380.95,1383.85,1380.95,1383.65,0,
25_05_2026_10_10,1383.65,1389.60,1383.65,1388.30,0,
25_05_2026_10_15,1388.30,1389.50,1387.30,1389.05,0,
25_05_2026_10_20,1388.75,1390.10,1388.50,1389.00,0,
25_05_2026_10_25,1389.00,1389.10,1387.20,1388.20,0,
25_05_2026_10_30,1388.20,1388.60,1386.80,1387.20,0,
25_05_2026_10_35,1387.20,1390.95,1387.15,1389.95,0,
25_05_2026_10_40,1389.95,1393.30,1389.80,1392.45,0,
25_05_2026_10_45,1392.70,1392.80,1391.30,1391.45,0,
25_05_2026_10_50,1391.45,1393.50,1390.85,1393.05,0,
25_05_2026_10_55,1393.05,1395.05,1392.75,1394.45,0,
25_05_2026_11_00,1394.45,1397.80,1394.25,1396.50,0,
25_05_2026_11_05,1396.50,1397.40,1394.80,1396.25,0,
25_05_2026_11_10,1396.25,1398.80,1395.00,1397.40,0,
25_05_2026_11_15,1397.35,1397.35,1394.45,1395.60,0,
25_05_2026_11_20,1395.55,1396.65,1394.35,1396.40,0,
25_05_2026_11_25,1396.40,1396.75,1394.80,1395.50,0,
25_05_2026_11_30,1395.70,1396.45,1393.85,1394.15,0,
25_05_2026_11_35,1394.25,1394.50,1393.35,1394.10,0,
25_05_2026_11_40,1394.05,1394.75,1393.60,1394.05,0,
25_05_2026_11_45,1394.05,1394.70,1392.70,1393.10,0,
25_05_2026_11_50,1393.15,1393.15,1389.95,1390.55,0,
25_05_2026_11_55,1390.45,1390.45,1388.00,1388.85,0,
25_05_2026_12_00,1388.65,1389.30,1388.00,1388.60,0,
25_05_2026_12_05,1388.60,1389.95,1388.30,1389.25,0,
25_05_2026_12_10,1389.25,1389.90,1388.60,1389.60,0,
25_05_2026_12_15,1389.65,1390.10,1389.20,1389.65,0,
25_05_2026_12_20,1389.65,1390.05,1388.85,1389.20,0,
25_05_2026_12_25,1389.15,1390.10,1388.80,1389.45,0,
25_05_2026_12_30,1389.45,1389.45,1388.25,1388.45,0,
25_05_2026_12_35,1388.50,1389.20,1387.95,1388.35,0,
25_05_2026_12_40,1388.35,1388.95,1387.60,1388.45,0,
25_05_2026_12_45,1388.45,1388.60,1384.60,1385.15,0,
25_05_2026_12_50,1385.15,1385.65,1384.15,1385.50,0,
25_05_2026_12_55,1385.50,1386.95,1384.70,1386.30,0,
25_05_2026_13_00,1386.25,1386.80,1385.40,1385.55,0,
25_05_2026_13_05,1385.55,1385.95,1384.50,1384.85,0,
25_05_2026_13_10,1384.85,1386.45,1384.75,1386.45,0,
25_05_2026_13_15,1386.45,1386.50,1383.85,1384.40,0,
25_05_2026_13_20,1384.20,1386.00,1383.80,1385.45,0,
25_05_2026_13_25,1385.40,1386.10,1383.85,1384.10,0,
25_05_2026_13_30,1384.10,1385.05,1383.55,1385.05,0,
25_05_2026_13_35,1385.05,1386.05,1384.50,1385.05,0,
25_05_2026_13_40,1385.05,1386.00,1384.40,1385.60,0,
25_05_2026_13_45,1385.60,1385.60,1384.20,1384.30,0,
25_05_2026_13_50,1384.35,1384.75,1383.35,1383.65,0,
25_05_2026_13_55,1383.60,1383.70,1382.40,1382.65,0,
25_05_2026_14_00,1382.50,1382.90,1379.80,1380.35,0,
25_05_2026_14_05,1380.35,1380.35,1379.15,1379.30,0,
25_05_2026_14_10,1379.30,1379.85,1378.40,1379.15,0,
25_05_2026_14_15,1379.15,1379.65,1378.05,1378.05,0,
25_05_2026_14_20,1378.05,1378.45,1377.30,1377.75,0,
25_05_2026_14_25,1377.75,1378.30,1376.80,1377.40,0,
25_05_2026_14_30,1377.30,1378.15,1376.15,1376.70,0,
25_05_2026_14_35,1376.65,1377.20,1376.20,1376.55,0,
25_05_2026_14_40,1376.55,1377.50,1376.20,1377.10,0,
25_05_2026_14_45,1377.20,1377.60,1376.35,1376.85,0,
25_05_2026_14_50,1376.85,1377.35,1376.20,1376.45,0,
25_05_2026_14_55,1376.50,1376.65,1374.90,1375.70,0,
25_05_2026_15_00,1376.20,1376.55,1374.50,1374.85,0,
25_05_2026_15_05,1374.85,1377.50,1374.80,1377.10,0,
25_05_2026_15_10,1377.25,1379.65,1376.95,1379.60,0,
25_05_2026_15_15,1379.60,1379.65,1376.60,1377.90,0,
25_05_2026_15_20,1377.90,1379.70,1377.20,1379.25,0,
25_05_2026_15_25,1379.40,1382.05,1377.70,1381.95,0,
26_05_2026_09_15,1381.30,1386.35,1379.20,1385.65,0,
26_05_2026_09_20,1385.45,1391.00,1383.45,1388.50,0,
26_05_2026_09_25,1388.55,1391.20,1387.15,1390.70,0,
26_05_2026_09_30,1390.70,1393.70,1390.35,1391.55,0,
26_05_2026_09_35,1391.80,1391.80,1388.70,1390.85,0,
26_05_2026_09_40,1390.75,1391.45,1387.65,1390.00,0,
26_05_2026_09_45,1390.00,1390.30,1386.25,1386.25,0,
26_05_2026_09_50,1386.50,1386.60,1383.75,1384.05,0,
26_05_2026_09_55,1384.05,1384.95,1381.70,1384.35,0,
26_05_2026_10_00,1384.40,1386.50,1383.90,1386.05,0,
26_05_2026_10_05,1386.05,1386.85,1384.40,1386.40,0,
26_05_2026_10_10,1386.30,1387.65,1385.90,1386.50,0,
26_05_2026_10_15,1386.45,1390.95,1386.45,1387.90,0,
26_05_2026_10_20,1387.90,1388.50,1386.95,1388.30,0,
26_05_2026_10_25,1388.30,1389.45,1387.30,1388.50,0,
26_05_2026_10_30,1388.50,1389.20,1388.35,1388.70,0,
26_05_2026_10_35,1388.65,1390.70,1388.65,1389.50,0,
26_05_2026_10_40,1389.50,1390.05,1387.60,1388.15,0,
26_05_2026_10_45,1388.15,1388.40,1386.55,1386.95,0,
26_05_2026_10_50,1386.95,1387.60,1386.30,1387.10,0,
26_05_2026_10_55,1387.10,1387.90,1386.45,1387.15,0,
26_05_2026_11_00,1387.20,1387.80,1387.05,1387.50,0,
26_05_2026_11_05,1387.50,1387.70,1386.60,1386.70,0,
26_05_2026_11_10,1386.70,1387.20,1385.80,1386.00,0,
26_05_2026_11_15,1386.00,1386.25,1385.15,1385.15,0,
26_05_2026_11_20,1385.15,1385.55,1384.10,1384.10,0,
26_05_2026_11_25,1384.10,1384.65,1383.45,1383.65,0,
26_05_2026_11_30,1383.65,1384.00,1381.80,1383.05,0,
26_05_2026_11_35,1383.05,1383.25,1381.80,1382.05,0,
26_05_2026_11_40,1382.05,1383.10,1381.95,1382.75,0,
26_05_2026_11_45,1382.75,1382.75,1382.05,1382.55,0,
26_05_2026_11_50,1382.55,1382.65,1380.60,1380.65,0,
26_05_2026_11_55,1380.65,1381.15,1379.70,1379.75,0,
26_05_2026_12_00,1379.75,1380.60,1379.50,1380.10,0,
26_05_2026_12_05,1380.10,1380.70,1379.45,1380.05,0,
26_05_2026_12_10,1380.05,1380.30,1378.45,1378.65,0,
26_05_2026_12_15,1378.65,1380.10,1378.30,1379.85,0,
26_05_2026_12_20,1379.85,1380.65,1379.75,1380.10,0,
26_05_2026_12_25,1380.10,1380.70,1378.65,1378.65,0,
26_05_2026_12_30,1378.65,1379.00,1377.35,1378.55,0,
26_05_2026_12_35,1378.55,1379.00,1377.55,1377.70,0,
26_05_2026_12_40,1377.70,1378.35,1376.80,1377.10,0,
26_05_2026_12_45,1377.00,1377.30,1376.05,1376.40,0,
26_05_2026_12_50,1376.40,1376.80,1375.95,1376.45,0,
26_05_2026_12_55,1376.45,1377.10,1376.40,1376.85,0,
26_05_2026_13_00,1376.90,1377.10,1375.15,1375.45,0,
26_05_2026_13_05,1375.45,1377.20,1375.20,1376.25,0,
26_05_2026_13_10,1376.25,1377.20,1376.00,1376.15,0,
26_05_2026_13_15,1376.15,1376.35,1375.35,1375.40,0,
26_05_2026_13_20,1375.40,1375.95,1375.25,1375.65,0,
26_05_2026_13_25,1375.65,1376.10,1375.00,1376.10,0,
26_05_2026_13_30,1376.10,1376.70,1375.35,1375.55,0,
26_05_2026_13_35,1375.55,1376.65,1375.30,1375.50,0,
26_05_2026_13_40,1375.50,1376.20,1374.40,1374.95,0,
26_05_2026_13_45,1374.95,1376.10,1374.35,1375.60,0,
26_05_2026_13_50,1375.75,1375.95,1374.80,1375.20,0,
26_05_2026_13_55,1375.20,1375.85,1374.75,1375.25,0,
26_05_2026_14_00,1375.30,1376.15,1374.50,1374.65,0,
26_05_2026_14_05,1374.65,1375.45,1374.15,1374.90,0,
26_05_2026_14_10,1374.90,1375.55,1373.55,1375.45,0,
26_05_2026_14_15,1375.45,1375.65,1374.90,1374.90,0,
26_05_2026_14_20,1374.90,1376.65,1374.90,1376.35,0,
26_05_2026_14_25,1376.35,1376.60,1374.85,1375.25,0,
26_05_2026_14_30,1375.30,1375.60,1374.65,1374.65,0,
26_05_2026_14_35,1374.65,1374.95,1373.65,1374.05,0,
26_05_2026_14_40,1374.05,1375.00,1373.80,1374.30,0,
26_05_2026_14_45,1374.30,1375.60,1373.90,1375.50,0,
26_05_2026_14_50,1375.50,1375.65,1374.05,1375.10,0,
26_05_2026_14_55,1375.10,1377.00,1374.75,1376.15,0,
26_05_2026_15_00,1376.35,1376.65,1375.10,1375.35,0,
26_05_2026_15_05,1375.35,1376.75,1375.35,1376.30,0,
26_05_2026_15_10,1376.30,1377.10,1375.10,1375.85,0,
26_05_2026_15_15,1375.95,1376.30,1374.65,1375.10,0,
26_05_2026_15_20,1375.05,1375.20,1373.15,1373.75,0,
26_05_2026_15_25,1373.80,1376.10,1371.90,1374.35,0,
27_05_2026_09_15,1381.05,1385.15,1378.20,1384.85,0,
27_05_2026_09_20,1385.30,1386.20,1383.25,1383.50,0,
27_05_2026_09_25,1383.50,1387.45,1381.00,1387.25,0,
27_05_2026_09_30,1387.20,1390.20,1386.60,1388.50,0,
27_05_2026_09_35,1388.45,1390.80,1387.80,1389.80,0,
27_05_2026_09_40,1389.60,1392.20,1389.25,1390.35,0,
27_05_2026_09_45,1390.35,1391.55,1388.50,1390.05,0,
27_05_2026_09_50,1390.05,1391.55,1387.40,1388.20,0,
27_05_2026_09_55,1388.20,1389.15,1386.70,1387.45,0,
27_05_2026_10_00,1387.45,1388.35,1386.50,1387.10,0,
27_05_2026_10_05,1387.15,1390.05,1386.45,1387.80,0,
27_05_2026_10_10,1387.80,1388.70,1386.95,1388.20,0,
27_05_2026_10_15,1388.25,1389.65,1387.80,1388.35,0,
27_05_2026_10_20,1388.25,1389.35,1387.95,1388.50,0,
27_05_2026_10_25,1388.50,1389.90,1387.95,1389.40,0,
27_05_2026_10_30,1389.40,1390.50,1389.05,1390.10,0,
27_05_2026_10_35,1390.10,1390.30,1388.85,1389.45,0,
27_05_2026_10_40,1389.45,1390.55,1388.90,1389.10,0,
27_05_2026_10_45,1389.10,1390.25,1388.60,1389.65,0,
27_05_2026_10_50,1389.45,1390.75,1389.25,1390.45,0,
27_05_2026_10_55,1390.45,1391.90,1390.20,1390.65,0,
27_05_2026_11_00,1390.65,1393.60,1390.60,1391.95,0,
27_05_2026_11_05,1391.95,1393.65,1391.25,1393.55,0,
27_05_2026_11_10,1393.40,1393.65,1391.95,1392.10,0,
27_05_2026_11_15,1392.00,1392.55,1391.20,1392.15,0,
27_05_2026_11_20,1392.15,1392.90,1392.05,1392.45,0,
27_05_2026_11_25,1392.35,1394.55,1391.55,1392.85,0,
27_05_2026_11_30,1392.90,1402.40,1392.80,1401.80,0,
27_05_2026_11_35,1401.75,1404.05,1399.95,1401.85,0,
27_05_2026_11_40,1401.85,1402.70,1400.10,1400.30,0,
27_05_2026_11_45,1400.30,1402.55,1400.20,1400.65,0,
27_05_2026_11_50,1400.70,1403.85,1400.50,1403.60,0,
27_05_2026_11_55,1403.40,1405.90,1400.85,1404.30,0,
27_05_2026_12_00,1404.30,1414.80,1404.10,1414.45,0,
27_05_2026_12_05,1414.30,1417.25,1414.30,1416.10,0,
27_05_2026_12_10,1416.00,1427.20,1414.90,1426.40,0,
27_05_2026_12_15,1426.50,1428.80,1421.65,1427.80,0,
27_05_2026_12_20,1427.50,1430.35,1425.80,1425.80,0,
27_05_2026_12_25,1425.80,1427.25,1421.95,1421.95,0,
27_05_2026_12_30,1422.15,1426.45,1421.30,1426.40,0,
27_05_2026_12_35,1426.40,1430.70,1425.75,1427.75,0,
27_05_2026_12_40,1427.85,1429.10,1424.90,1429.05,0,
27_05_2026_12_45,1429.00,1429.20,1425.35,1426.25,0,
27_05_2026_12_50,1426.30,1426.40,1423.60,1426.00,0,
27_05_2026_12_55,1426.05,1427.55,1424.15,1425.60,0,
27_05_2026_13_00,1425.35,1429.30,1425.20,1429.25,0,
27_05_2026_13_05,1429.15,1431.05,1426.80,1429.00,0,
27_05_2026_13_10,1429.20,1431.55,1428.55,1429.15,0,
27_05_2026_13_15,1429.20,1429.20,1425.95,1427.65,0,
27_05_2026_13_20,1427.65,1429.70,1424.75,1425.80,0,
27_05_2026_13_25,1425.80,1426.65,1424.40,1425.85,0,
27_05_2026_13_30,1425.85,1430.35,1425.35,1429.95,0,
27_05_2026_13_35,1429.95,1430.75,1428.90,1430.15,0,
27_05_2026_13_40,1430.40,1431.30,1429.65,1430.90,0,
27_05_2026_13_45,1430.90,1432.35,1430.30,1431.15,0,
27_05_2026_13_50,1431.00,1432.20,1429.25,1430.20,0,
27_05_2026_13_55,1430.20,1430.20,1425.40,1426.80,0,
27_05_2026_14_00,1426.80,1427.80,1424.40,1424.80,0,
27_05_2026_14_05,1424.75,1425.85,1424.65,1424.95,0,
27_05_2026_14_10,1424.95,1425.25,1423.55,1423.90,0,
27_05_2026_14_15,1423.90,1426.35,1423.65,1425.55,0,
27_05_2026_14_20,1425.60,1425.65,1422.90,1423.95,0,
27_05_2026_14_25,1423.95,1424.65,1423.40,1424.05,0,
27_05_2026_14_30,1424.10,1424.25,1421.25,1421.30,0,
27_05_2026_14_35,1421.45,1421.50,1418.25,1420.20,0,
27_05_2026_14_40,1420.20,1421.30,1419.25,1419.35,0,
27_05_2026_14_45,1419.35,1422.95,1419.00,1421.20,0,
27_05_2026_14_50,1421.20,1422.10,1420.35,1421.00,0,
27_05_2026_14_55,1420.95,1422.90,1420.50,1420.90,0,
27_05_2026_15_00,1420.90,1421.20,1417.65,1417.70,0,
27_05_2026_15_05,1417.75,1418.30,1415.90,1418.30,0,
27_05_2026_15_10,1418.40,1419.75,1416.00,1418.40,0,
27_05_2026_15_15,1418.30,1419.75,1416.40,1416.80,0,
27_05_2026_15_20,1416.90,1417.20,1414.70,1415.75,0,
27_05_2026_15_25,1415.70,1416.85,1413.20,1416.00,0,
29_05_2026_09_15,1419.95,1422.80,1409.75,1418.25,0,
29_05_2026_09_20,1418.20,1423.55,1416.70,1420.30,0,
29_05_2026_09_25,1420.40,1423.35,1418.35,1418.50,0,
29_05_2026_09_30,1418.50,1420.60,1416.30,1420.05,0,
29_05_2026_09_35,1420.25,1422.15,1419.45,1420.60,0,
29_05_2026_09_40,1420.60,1421.10,1416.85,1417.35,0,
29_05_2026_09_45,1417.35,1420.25,1416.60,1419.05,0,
29_05_2026_09_50,1418.95,1420.15,1418.35,1419.30,0,
29_05_2026_09_55,1419.40,1420.15,1416.10,1420.10,0,
29_05_2026_10_00,1419.95,1423.85,1418.85,1422.80,0,
29_05_2026_10_05,1422.80,1424.80,1421.15,1424.70,0,
29_05_2026_10_10,1424.75,1425.60,1422.15,1422.35,0,
29_05_2026_10_15,1422.35,1424.50,1422.00,1424.15,0,
29_05_2026_10_20,1424.15,1425.35,1422.80,1423.25,0,
29_05_2026_10_25,1423.25,1424.00,1421.30,1421.30,0,
29_05_2026_10_30,1421.30,1426.45,1421.30,1425.75,0,
29_05_2026_10_35,1425.75,1427.95,1425.75,1426.50,0,
29_05_2026_10_40,1426.30,1428.25,1425.60,1426.00,0,
29_05_2026_10_45,1426.00,1427.55,1425.70,1426.15,0,
29_05_2026_10_50,1426.10,1426.15,1422.05,1422.65,0,
29_05_2026_10_55,1422.55,1424.30,1421.75,1423.25,0,
29_05_2026_11_00,1423.20,1425.60,1423.20,1424.70,0,
29_05_2026_11_05,1424.70,1426.10,1424.45,1426.00,0,
29_05_2026_11_10,1426.10,1428.55,1425.00,1428.15,0,
29_05_2026_11_15,1428.15,1430.40,1427.35,1428.60,0,
29_05_2026_11_20,1428.60,1429.00,1426.60,1426.75,0,
29_05_2026_11_25,1426.85,1427.50,1426.00,1426.10,0,
29_05_2026_11_30,1426.10,1426.70,1425.30,1425.80,0,
29_05_2026_11_35,1425.85,1425.90,1424.55,1425.40,0,
29_05_2026_11_40,1425.30,1427.60,1424.20,1427.15,0,
29_05_2026_11_45,1427.15,1428.20,1426.90,1426.90,0,
29_05_2026_11_50,1426.90,1431.50,1426.65,1431.30,0,
29_05_2026_11_55,1431.30,1431.95,1427.95,1427.95,0,
29_05_2026_12_00,1427.95,1429.35,1427.85,1427.85,0,
29_05_2026_12_05,1428.10,1430.70,1427.75,1429.90,0,
29_05_2026_12_10,1429.90,1430.65,1425.50,1426.60,0,
29_05_2026_12_15,1426.70,1426.70,1423.70,1425.05,0,
29_05_2026_12_20,1425.15,1426.45,1424.65,1426.25,0,
29_05_2026_12_25,1426.25,1426.90,1425.55,1425.70,0,
29_05_2026_12_30,1425.90,1427.00,1424.30,1424.50,0,
29_05_2026_12_35,1424.45,1425.05,1423.00,1424.05,0,
29_05_2026_12_40,1424.05,1424.45,1423.10,1423.85,0,
29_05_2026_12_45,1423.85,1424.05,1421.85,1422.55,0,
29_05_2026_12_50,1422.55,1422.55,1418.85,1419.90,0,
29_05_2026_12_55,1419.70,1420.15,1417.90,1419.10,0,
29_05_2026_13_00,1419.05,1419.45,1418.00,1418.10,0,
29_05_2026_13_05,1418.10,1418.65,1416.95,1417.65,0,
29_05_2026_13_10,1417.65,1418.35,1415.65,1415.95,0,
29_05_2026_13_15,1416.05,1417.05,1415.75,1415.80,0,
29_05_2026_13_20,1415.80,1418.00,1415.50,1417.20,0,
29_05_2026_13_25,1417.15,1418.60,1416.55,1417.35,0,
29_05_2026_13_30,1417.35,1419.50,1417.35,1418.70,0,
29_05_2026_13_35,1418.55,1420.80,1418.10,1420.80,0,
29_05_2026_13_40,1420.80,1420.85,1418.45,1418.75,0,
29_05_2026_13_45,1418.75,1419.25,1417.70,1418.90,0,
29_05_2026_13_50,1418.90,1419.45,1417.10,1418.05,0,
29_05_2026_13_55,1418.05,1419.65,1417.85,1419.35,0,
29_05_2026_14_00,1419.30,1420.00,1418.50,1419.55,0,
29_05_2026_14_05,1419.55,1419.70,1418.45,1418.45,0,
29_05_2026_14_10,1418.50,1418.50,1416.45,1417.65,0,
29_05_2026_14_15,1417.75,1418.15,1416.35,1417.15,0,
29_05_2026_14_20,1417.20,1418.00,1416.65,1417.65,0,
29_05_2026_14_25,1417.75,1420.80,1417.25,1420.15,0,
29_05_2026_14_30,1420.35,1421.80,1420.10,1420.75,0,
29_05_2026_14_35,1420.70,1424.80,1419.70,1424.65,0,
29_05_2026_14_40,1424.50,1425.95,1423.75,1425.55,0,
29_05_2026_14_45,1425.50,1427.45,1425.25,1425.95,0,
29_05_2026_14_50,1426.20,1426.25,1423.80,1425.70,0,
29_05_2026_14_55,1425.60,1427.35,1422.95,1424.10,0,
29_05_2026_15_00,1424.35,1424.50,1412.05,1412.45,0,
29_05_2026_15_05,1412.45,1413.50,1407.05,1408.85,0,
29_05_2026_15_10,1408.85,1409.65,1406.95,1408.55,0,
29_05_2026_15_15,1408.45,1409.30,1405.60,1406.10,0,
29_05_2026_15_20,1406.10,1406.60,1401.75,1402.20,0,
29_05_2026_15_25,1402.20,1409.50,1400.85,1405.55,0,
01_06_2026_09_15,1423.80,1431.05,1416.10,1423.40,0,
01_06_2026_09_20,1423.20,1425.70,1420.25,1423.95,0,
01_06_2026_09_25,1424.20,1426.35,1421.90,1423.85,0,
01_06_2026_09_30,1423.90,1437.45,1421.70,1432.20,0,
01_06_2026_09_35,1432.30,1436.20,1428.65,1433.40,0,
01_06_2026_09_40,1433.40,1435.60,1432.70,1435.50,0,
01_06_2026_09_45,1435.65,1437.85,1431.70,1432.60,0,
01_06_2026_09_50,1432.35,1435.10,1430.75,1434.55,0,
01_06_2026_09_55,1434.55,1434.80,1430.45,1433.15,0,
01_06_2026_10_00,1433.25,1436.05,1430.35,1430.90,0,
01_06_2026_10_05,1430.80,1444.65,1430.55,1444.20,0,
01_06_2026_10_10,1444.05,1447.90,1442.30,1443.05,0,
01_06_2026_10_15,1442.85,1444.05,1440.05,1441.10,0,
01_06_2026_10_20,1441.10,1443.15,1440.05,1441.80,0,
01_06_2026_10_25,1441.60,1445.20,1441.60,1445.05,0,
01_06_2026_10_30,1445.00,1445.95,1441.90,1442.65,0,
01_06_2026_10_35,1442.40,1444.70,1441.70,1444.70,0,
01_06_2026_10_40,1444.55,1448.35,1443.85,1446.10,0,
01_06_2026_10_45,1446.25,1449.15,1445.35,1448.45,0,
01_06_2026_10_50,1448.40,1449.40,1447.05,1449.15,0,
01_06_2026_10_55,1449.15,1450.80,1446.80,1447.45,0,
01_06_2026_11_00,1447.65,1452.55,1447.45,1451.25,0,
01_06_2026_11_05,1451.25,1452.85,1451.05,1452.35,0,
01_06_2026_11_10,1452.35,1454.75,1451.75,1452.15,0,
01_06_2026_11_15,1451.90,1453.15,1449.45,1449.75,0,
01_06_2026_11_20,1449.90,1450.00,1447.05,1448.35,0,
01_06_2026_11_25,1448.45,1450.45,1447.25,1447.35,0,
01_06_2026_11_30,1447.35,1447.70,1442.45,1443.05,0,
01_06_2026_11_35,1443.05,1443.60,1441.95,1442.60,0,
01_06_2026_11_40,1442.90,1443.20,1441.40,1441.80,0,
01_06_2026_11_45,1441.80,1443.90,1441.80,1443.50,0,
01_06_2026_11_50,1443.40,1445.10,1442.95,1444.80,0,
01_06_2026_11_55,1445.00,1445.55,1440.70,1441.00,0,
01_06_2026_12_00,1441.05,1443.45,1440.25,1443.30,0,
01_06_2026_12_05,1443.20,1443.75,1442.15,1442.45,0,
01_06_2026_12_10,1442.45,1442.55,1439.65,1439.75,0,
01_06_2026_12_15,1439.85,1439.95,1437.45,1438.30,0,
01_06_2026_12_20,1438.35,1439.95,1437.25,1439.00,0,
01_06_2026_12_25,1439.00,1441.10,1438.90,1440.55,0,
01_06_2026_12_30,1440.55,1440.60,1434.75,1435.50,0,
01_06_2026_12_35,1435.45,1436.95,1434.90,1436.80,0,
01_06_2026_12_40,1436.70,1436.95,1432.85,1434.35,0,
01_06_2026_12_45,1434.35,1435.55,1433.15,1435.35,0,
01_06_2026_12_50,1435.35,1436.00,1434.60,1435.00,0,
01_06_2026_12_55,1435.00,1435.60,1434.25,1435.00,0,
01_06_2026_13_00,1435.00,1435.05,1432.65,1433.00,0,
01_06_2026_13_05,1433.00,1433.25,1429.60,1430.60,0,
01_06_2026_13_10,1430.60,1430.60,1426.70,1427.25,0,
01_06_2026_13_15,1427.25,1427.65,1424.60,1426.20,0,
01_06_2026_13_20,1426.35,1427.60,1425.95,1427.10,0,
01_06_2026_13_25,1427.10,1428.40,1426.55,1428.40,0,
01_06_2026_13_30,1428.40,1429.60,1427.75,1429.30,0,
01_06_2026_13_35,1429.30,1429.30,1427.10,1428.50,0,
01_06_2026_13_40,1428.50,1428.50,1427.30,1427.85,0,
01_06_2026_13_45,1427.85,1428.35,1425.85,1425.90,0,
01_06_2026_13_50,1426.10,1426.35,1425.40,1425.65,0,
01_06_2026_13_55,1425.65,1426.25,1423.60,1424.35,0,
01_06_2026_14_00,1424.45,1424.50,1422.25,1423.25,0,
01_06_2026_14_05,1423.30,1424.35,1422.75,1423.25,0,
01_06_2026_14_10,1423.25,1423.95,1421.80,1422.25,0,
01_06_2026_14_15,1422.25,1422.70,1421.45,1422.25,0,
01_06_2026_14_20,1422.25,1422.85,1420.65,1421.10,0,
01_06_2026_14_25,1421.10,1436.25,1420.75,1434.55,0,
01_06_2026_14_30,1434.70,1438.50,1432.55,1433.10,0,
01_06_2026_14_35,1433.10,1438.25,1432.00,1434.70,0,
01_06_2026_14_40,1434.50,1437.75,1433.75,1437.05,0,
01_06_2026_14_45,1436.90,1438.35,1434.45,1435.55,0,
01_06_2026_14_50,1435.45,1436.10,1430.40,1431.15,0,
01_06_2026_14_55,1430.85,1431.25,1425.10,1425.35,0,
01_06_2026_15_00,1425.45,1427.80,1424.35,1426.55,0,
01_06_2026_15_05,1426.70,1431.25,1426.20,1429.95,0,
01_06_2026_15_10,1429.95,1431.20,1429.40,1430.00,0,
01_06_2026_15_15,1430.10,1430.40,1427.05,1428.95,0,
01_06_2026_15_20,1429.15,1433.10,1425.35,1427.05,0,
01_06_2026_15_25,1427.25,1427.70,1418.80,1420.65,0,
02_06_2026_09_15,1417.00,1419.00,1406.20,1412.95,0,
02_06_2026_09_20,1413.25,1423.00,1412.60,1420.00,0,
02_06_2026_09_25,1420.05,1422.10,1418.75,1420.40,0,
02_06_2026_09_30,1420.15,1420.25,1413.95,1415.65,0,
02_06_2026_09_35,1415.75,1427.25,1414.45,1427.00,0,
02_06_2026_09_40,1427.00,1432.00,1427.00,1427.35,0,
02_06_2026_09_45,1427.15,1429.30,1424.85,1425.15,0,
02_06_2026_09_50,1425.15,1428.25,1424.65,1428.05,0,
02_06_2026_09_55,1428.05,1431.10,1425.80,1427.10,0,
02_06_2026_10_00,1427.10,1428.75,1426.30,1428.60,0,
02_06_2026_10_05,1428.60,1428.70,1425.40,1425.40,0,
02_06_2026_10_10,1425.60,1425.95,1423.05,1423.30,0,
02_06_2026_10_15,1423.30,1424.05,1422.10,1423.40,0,
02_06_2026_10_20,1423.45,1426.45,1422.75,1426.25,0,
02_06_2026_10_25,1426.35,1429.20,1426.00,1428.30,0,
02_06_2026_10_30,1428.15,1429.05,1423.20,1423.90,0,
02_06_2026_10_35,1423.65,1425.30,1423.35,1425.30,0,
02_06_2026_10_40,1425.30,1425.30,1422.90,1425.05,0,
02_06_2026_10_45,1425.05,1425.05,1420.95,1421.40,0,
02_06_2026_10_50,1421.40,1422.05,1420.05,1420.25,0,
02_06_2026_10_55,1420.00,1420.25,1418.75,1419.50,0,
02_06_2026_11_00,1419.55,1421.50,1419.50,1421.35,0,
02_06_2026_11_05,1421.35,1422.75,1420.65,1421.55,0,
02_06_2026_11_10,1421.55,1422.05,1420.25,1420.30,0,
02_06_2026_11_15,1420.30,1420.65,1417.05,1417.65,0,
02_06_2026_11_20,1417.65,1418.95,1417.35,1418.80,0,
02_06_2026_11_25,1418.85,1419.15,1416.90,1419.15,0,
02_06_2026_11_30,1419.15,1420.15,1417.95,1418.15,0,
02_06_2026_11_35,1418.15,1418.25,1415.90,1416.10,0,
02_06_2026_11_40,1416.10,1416.45,1414.40,1414.55,0,
02_06_2026_11_45,1414.45,1415.90,1414.15,1415.45,0,
02_06_2026_11_50,1415.45,1415.75,1414.75,1415.05,0,
02_06_2026_11_55,1415.05,1415.45,1413.30,1413.65,0,
02_06_2026_12_00,1413.65,1415.55,1413.00,1414.65,0,
02_06_2026_12_05,1414.40,1416.35,1413.65,1416.20,0,
02_06_2026_12_10,1416.20,1416.85,1414.90,1414.90,0,
02_06_2026_12_15,1414.90,1415.30,1413.45,1414.00,0,
02_06_2026_12_20,1414.00,1414.35,1412.30,1413.15,0,
02_06_2026_12_25,1413.15,1413.55,1411.55,1411.80,0,
02_06_2026_12_30,1411.95,1412.75,1410.80,1411.10,0,
02_06_2026_12_35,1411.15,1412.05,1410.85,1411.50,0,
02_06_2026_12_40,1411.35,1413.10,1411.35,1412.70,0,
02_06_2026_12_45,1412.80,1415.70,1412.50,1414.50,0,
02_06_2026_12_50,1414.50,1416.80,1414.20,1415.75,0,
02_06_2026_12_55,1415.75,1419.00,1415.35,1418.35,0,
02_06_2026_13_00,1418.35,1419.20,1417.65,1418.90,0,
02_06_2026_13_05,1418.85,1420.00,1418.10,1419.25,0,
02_06_2026_13_10,1419.25,1419.95,1418.90,1419.45,0,
02_06_2026_13_15,1419.35,1421.15,1418.70,1420.05,0,
02_06_2026_13_20,1420.30,1421.85,1419.30,1421.80,0,
02_06_2026_13_25,1421.80,1422.65,1420.70,1422.35,0,
02_06_2026_13_30,1422.40,1424.95,1422.30,1424.25,0,
02_06_2026_13_35,1424.25,1424.45,1422.35,1422.45,0,
02_06_2026_13_40,1422.45,1422.55,1420.30,1420.45,0,
02_06_2026_13_45,1420.45,1422.55,1419.80,1422.25,0,
02_06_2026_13_50,1422.25,1424.00,1422.00,1423.75,0,
02_06_2026_13_55,1424.05,1425.50,1423.45,1424.00,0,
02_06_2026_14_00,1424.00,1427.15,1423.40,1426.60,0,
02_06_2026_14_05,1426.70,1427.30,1426.20,1426.40,0,
02_06_2026_14_10,1426.55,1427.35,1426.25,1426.60,0,
02_06_2026_14_15,1426.55,1426.90,1424.85,1425.55,0,
02_06_2026_14_20,1425.70,1428.00,1425.25,1426.90,0,
02_06_2026_14_25,1426.90,1427.70,1425.40,1426.80,0,
02_06_2026_14_30,1426.80,1427.55,1426.15,1427.50,0,
02_06_2026_14_35,1427.50,1427.70,1423.05,1423.50,0,
02_06_2026_14_40,1423.50,1423.55,1421.70,1421.95,0,
02_06_2026_14_45,1422.10,1422.85,1421.05,1422.85,0,
02_06_2026_14_50,1422.90,1424.05,1422.90,1423.45,0,
02_06_2026_14_55,1423.45,1424.90,1423.20,1423.80,0,
02_06_2026_15_00,1423.60,1428.40,1422.05,1428.10,0,
02_06_2026_15_05,1428.10,1428.85,1427.10,1428.20,0,
02_06_2026_15_10,1428.25,1431.65,1427.20,1431.30,0,
02_06_2026_15_15,1431.30,1433.95,1429.50,1432.50,0,
02_06_2026_15_20,1432.50,1432.85,1430.90,1432.05,0,
02_06_2026_15_25,1432.05,1432.40,1427.45,1427.60,0,
03_06_2026_09_15,1428.65,1428.65,1414.40,1415.30,0,
03_06_2026_09_20,1415.30,1415.45,1412.70,1414.95,0,
03_06_2026_09_25,1414.95,1416.80,1411.95,1412.70,0,
03_06_2026_09_30,1412.70,1412.70,1409.90,1412.20,0,
03_06_2026_09_35,1412.10,1413.85,1411.00,1413.50,0,
03_06_2026_09_40,1413.50,1414.10,1411.25,1414.05,0,
03_06_2026_09_45,1414.05,1414.15,1410.85,1411.15,0,
03_06_2026_09_50,1411.05,1413.75,1410.85,1410.90,0,
03_06_2026_09_55,1410.90,1412.10,1408.90,1411.50,0,
03_06_2026_10_00,1411.50,1411.55,1409.70,1410.05,0,
03_06_2026_10_05,1410.00,1410.95,1409.00,1410.55,0,
03_06_2026_10_10,1410.50,1410.55,1409.00,1409.75,0,
03_06_2026_10_15,1409.75,1411.35,1408.25,1411.20,0,
03_06_2026_10_20,1411.15,1413.65,1411.15,1412.85,0,
03_06_2026_10_25,1412.85,1415.05,1412.30,1413.35,0,
03_06_2026_10_30,1413.35,1414.85,1410.75,1411.25,0,
03_06_2026_10_35,1411.25,1412.65,1410.65,1412.65,0,
03_06_2026_10_40,1412.65,1413.45,1411.65,1413.15,0,
03_06_2026_10_45,1413.15,1415.00,1412.40,1414.70,0,
03_06_2026_10_50,1414.70,1414.70,1412.30,1412.90,0,
03_06_2026_10_55,1412.90,1414.05,1410.85,1411.05,0,
03_06_2026_11_00,1411.20,1411.25,1407.60,1407.65,0,
03_06_2026_11_05,1407.45,1408.05,1405.45,1405.65,0,
03_06_2026_11_10,1405.50,1406.00,1404.55,1405.30,0,
03_06_2026_11_15,1405.30,1405.80,1404.35,1405.35,0,
03_06_2026_11_20,1405.35,1406.90,1405.25,1406.70,0,
03_06_2026_11_25,1406.70,1407.10,1405.60,1405.75,0,
03_06_2026_11_30,1405.75,1406.10,1404.50,1404.70,0,
03_06_2026_11_35,1404.70,1405.55,1403.85,1404.40,0,
03_06_2026_11_40,1404.40,1404.45,1401.45,1401.65,0,
03_06_2026_11_45,1401.80,1403.55,1401.50,1403.50,0,
03_06_2026_11_50,1403.50,1404.15,1403.00,1403.30,0,
03_06_2026_11_55,1403.30,1403.95,1400.70,1400.85,0,
03_06_2026_12_00,1400.85,1401.85,1400.20,1400.95,0,
03_06_2026_12_05,1400.95,1402.50,1400.10,1402.30,0,
03_06_2026_12_10,1402.20,1402.35,1399.35,1399.55,0,
03_06_2026_12_15,1399.45,1399.45,1397.65,1398.75,0,
03_06_2026_12_20,1398.75,1399.55,1394.95,1395.40,0,
03_06_2026_12_25,1395.50,1398.25,1394.65,1397.95,0,
03_06_2026_12_30,1397.90,1402.15,1397.60,1402.15,0,
03_06_2026_12_35,1402.15,1403.40,1401.70,1402.80,0,
03_06_2026_12_40,1402.80,1405.60,1401.95,1405.05,0,
03_06_2026_12_45,1405.05,1405.60,1403.35,1403.90,0,
03_06_2026_12_50,1403.90,1405.80,1403.00,1404.35,0,
03_06_2026_12_55,1404.35,1405.35,1404.30,1405.35,0,
03_06_2026_13_00,1405.35,1405.40,1403.35,1403.35,0,
03_06_2026_13_05,1403.50,1403.65,1400.70,1401.75,0,
03_06_2026_13_10,1401.75,1402.40,1401.15,1402.40,0,
03_06_2026_13_15,1402.40,1404.05,1402.15,1403.20,0,
03_06_2026_13_20,1403.20,1405.60,1403.20,1405.15,0,
03_06_2026_13_25,1405.15,1407.70,1404.75,1407.30,0,
03_06_2026_13_30,1407.30,1407.80,1406.35,1406.75,0,
03_06_2026_13_35,1406.75,1409.35,1406.75,1409.15,0,
03_06_2026_13_40,1409.15,1411.40,1409.15,1410.70,0,
03_06_2026_13_45,1410.60,1413.20,1410.55,1412.25,0,
03_06_2026_13_50,1412.25,1412.60,1411.05,1411.75,0,
03_06_2026_13_55,1411.75,1411.85,1410.50,1411.15,0,
03_06_2026_14_00,1411.15,1412.05,1410.80,1411.40,0,
03_06_2026_14_05,1411.40,1411.85,1410.50,1411.55,0,
03_06_2026_14_10,1411.40,1412.95,1410.35,1412.30,0,
03_06_2026_14_15,1412.40,1414.60,1411.55,1414.50,0,
03_06_2026_14_20,1414.50,1416.25,1412.30,1412.75,0,
03_06_2026_14_25,1412.75,1419.90,1412.50,1418.45,0,
03_06_2026_14_30,1418.15,1418.40,1416.65,1417.35,0,
03_06_2026_14_35,1417.35,1419.00,1416.35,1418.70,0,
03_06_2026_14_40,1418.80,1422.05,1418.80,1422.05,0,
03_06_2026_14_45,1422.05,1422.70,1420.10,1422.25,0,
03_06_2026_14_50,1421.95,1423.30,1421.10,1423.10,0,
03_06_2026_14_55,1423.05,1426.50,1421.85,1425.50,0,
03_06_2026_15_00,1425.85,1426.30,1421.70,1425.60,0,
03_06_2026_15_05,1425.60,1426.05,1421.15,1422.55,0,
03_06_2026_15_10,1422.50,1422.50,1419.40,1420.90,0,
03_06_2026_15_15,1421.35,1421.50,1419.45,1421.00,0,
03_06_2026_15_20,1421.25,1422.30,1419.90,1420.05,0,
03_06_2026_15_25,1420.00,1420.35,1415.00,1416.10,0,
04_06_2026_09_15,1414.20,1417.30,1409.25,1415.60,0,
04_06_2026_09_20,1415.60,1421.15,1414.65,1419.70,0,
04_06_2026_09_25,1419.95,1423.60,1418.15,1418.30,0,
04_06_2026_09_30,1418.30,1419.15,1416.45,1417.45,0,
04_06_2026_09_35,1417.50,1420.35,1416.05,1416.85,0,
04_06_2026_09_40,1416.85,1422.30,1415.35,1421.60,0,
04_06_2026_09_45,1421.40,1428.00,1421.30,1426.10,0,
04_06_2026_09_50,1426.10,1429.20,1425.50,1428.75,0,
04_06_2026_09_55,1428.60,1432.75,1428.40,1431.50,0,
04_06_2026_10_00,1431.65,1431.65,1428.55,1430.35,0,
04_06_2026_10_05,1430.30,1432.80,1430.00,1431.05,0,
04_06_2026_10_10,1431.10,1432.30,1429.70,1429.70,0,
04_06_2026_10_15,1429.70,1430.80,1428.80,1430.75,0,
04_06_2026_10_20,1430.75,1432.20,1429.30,1431.55,0,
04_06_2026_10_25,1431.55,1431.65,1429.70,1429.70,0,
04_06_2026_10_30,1429.80,1429.80,1425.10,1426.00,0,
04_06_2026_10_35,1426.00,1429.75,1425.20,1427.65,0,
04_06_2026_10_40,1427.65,1429.25,1426.55,1427.25,0,
04_06_2026_10_45,1427.20,1428.80,1426.95,1427.55,0,
04_06_2026_10_50,1427.60,1429.60,1427.45,1429.45,0,
04_06_2026_10_55,1429.45,1429.45,1426.55,1427.00,0,
04_06_2026_11_00,1427.00,1428.25,1425.75,1425.90,0,
04_06_2026_11_05,1425.90,1425.90,1423.20,1423.50,0,
04_06_2026_11_10,1423.60,1424.10,1423.00,1423.25,0,
04_06_2026_11_15,1423.25,1423.80,1422.60,1423.40,0,
04_06_2026_11_20,1423.40,1425.00,1423.10,1424.60,0,
04_06_2026_11_25,1424.60,1424.65,1423.05,1424.10,0,
04_06_2026_11_30,1424.10,1424.20,1421.80,1423.95,0,
04_06_2026_11_35,1423.95,1430.15,1423.55,1429.45,0,
04_06_2026_11_40,1429.45,1430.10,1429.15,1429.50,0,
04_06_2026_11_45,1429.50,1429.55,1427.20,1427.55,0,
04_06_2026_11_50,1427.55,1430.60,1426.85,1427.55,0,
04_06_2026_11_55,1427.60,1429.20,1427.35,1429.05,0,
04_06_2026_12_00,1429.05,1429.45,1427.85,1428.75,0,
04_06_2026_12_05,1428.75,1430.55,1428.45,1430.05,0,
04_06_2026_12_10,1430.05,1430.05,1428.70,1429.40,0,
04_06_2026_12_15,1429.40,1429.40,1428.40,1428.60,0,
04_06_2026_12_20,1428.45,1428.55,1427.60,1428.25,0,
04_06_2026_12_25,1428.25,1428.60,1426.85,1427.35,0,
04_06_2026_12_30,1427.35,1427.75,1425.40,1425.70,0,
04_06_2026_12_35,1425.70,1425.90,1424.70,1425.05,0,
04_06_2026_12_40,1425.05,1425.80,1424.75,1425.05,0,
04_06_2026_12_45,1425.05,1426.45,1424.25,1425.40,0,
04_06_2026_12_50,1425.40,1425.90,1424.30,1425.35,0,
04_06_2026_12_55,1425.35,1426.75,1425.15,1426.20,0,
04_06_2026_13_00,1426.20,1426.70,1425.70,1426.05,0,
04_06_2026_13_05,1426.05,1426.65,1425.00,1426.60,0,
04_06_2026_13_10,1426.60,1426.60,1422.10,1422.10,0,
04_06_2026_13_15,1422.10,1422.60,1421.20,1422.35,0,
04_06_2026_13_20,1422.35,1424.05,1421.75,1424.00,0,
04_06_2026_13_25,1424.00,1424.60,1423.05,1423.80,0,
04_06_2026_13_30,1423.80,1425.25,1423.00,1424.60,0,
04_06_2026_13_35,1424.70,1424.90,1423.65,1424.55,0,
04_06_2026_13_40,1424.55,1424.90,1423.35,1423.60,0,
04_06_2026_13_45,1423.60,1424.70,1423.30,1424.40,0,
04_06_2026_13_50,1424.40,1424.40,1423.55,1424.30,0,
04_06_2026_13_55,1424.30,1424.45,1422.80,1423.45,0,
04_06_2026_14_00,1423.45,1425.75,1423.20,1425.25,0,
04_06_2026_14_05,1425.25,1425.75,1423.95,1424.90,0,
04_06_2026_14_10,1424.90,1425.25,1423.50,1423.90,0,
04_06_2026_14_15,1423.75,1424.05,1422.55,1422.65,0,
04_06_2026_14_20,1422.40,1422.95,1421.75,1422.00,0,
04_06_2026_14_25,1422.00,1423.60,1422.00,1423.35,0,
04_06_2026_14_30,1423.35,1427.65,1423.10,1426.55,0,
04_06_2026_14_35,1426.55,1426.80,1425.55,1426.20,0,
04_06_2026_14_40,1426.10,1426.60,1425.40,1426.00,0,
04_06_2026_14_45,1426.00,1431.65,1426.00,1430.80,0,
04_06_2026_14_50,1430.85,1432.35,1429.20,1430.20,0,
04_06_2026_14_55,1430.20,1436.35,1429.85,1435.80,0,
04_06_2026_15_00,1435.70,1439.30,1435.35,1439.05,0,
04_06_2026_15_05,1438.85,1449.35,1437.70,1448.10,0,
04_06_2026_15_10,1448.10,1452.20,1444.90,1450.55,0,
04_06_2026_15_15,1450.60,1458.45,1448.30,1455.75,0,
04_06_2026_15_20,1456.00,1463.05,1452.40,1460.45,0,
04_06_2026_15_25,1460.70,1463.10,1456.85,1460.15,0,
05_06_2026_09_15,1467.65,1479.75,1462.40,1477.45,0,
05_06_2026_09_20,1477.35,1479.50,1473.90,1478.20,0,
05_06_2026_09_25,1478.05,1489.55,1478.05,1488.20,0,
05_06_2026_09_30,1488.75,1498.90,1488.50,1492.75,0,
05_06_2026_09_35,1492.75,1496.95,1490.70,1496.30,0,
05_06_2026_09_40,1496.25,1500.30,1491.10,1496.95,0,
05_06_2026_09_45,1496.75,1505.60,1495.95,1502.90,0,
05_06_2026_09_50,1502.75,1507.35,1499.45,1503.00,0,
05_06_2026_09_55,1502.90,1503.25,1495.30,1496.20,0,
05_06_2026_10_00,1496.25,1497.30,1493.90,1494.65,0,
05_06_2026_10_05,1494.65,1494.85,1491.05,1493.40,0,
05_06_2026_10_10,1493.65,1493.85,1490.45,1491.20,0,
05_06_2026_10_15,1491.40,1496.75,1491.25,1494.70,0,
05_06_2026_10_20,1494.70,1497.00,1493.65,1494.10,0,
05_06_2026_10_25,1493.75,1495.35,1490.00,1495.00,0,
05_06_2026_10_30,1495.40,1501.65,1495.05,1500.05,0,
05_06_2026_10_35,1500.05,1500.10,1491.05,1492.15,0,
05_06_2026_10_40,1492.20,1498.95,1489.85,1498.40,0,
05_06_2026_10_45,1498.40,1498.90,1496.20,1497.40,0,
05_06_2026_10_50,1497.35,1504.80,1496.80,1504.10,0,
05_06_2026_10_55,1503.90,1504.15,1500.20,1501.95,0,
05_06_2026_11_00,1502.00,1507.85,1501.20,1503.80,0,
05_06_2026_11_05,1503.65,1507.15,1503.15,1503.35,0,
05_06_2026_11_10,1503.40,1504.05,1500.85,1501.85,0,
05_06_2026_11_15,1501.60,1502.70,1499.55,1500.10,0,
05_06_2026_11_20,1500.10,1500.40,1493.20,1495.15,0,
05_06_2026_11_25,1495.10,1496.85,1492.70,1493.30,0,
05_06_2026_11_30,1493.05,1494.20,1490.90,1492.75,0,
05_06_2026_11_35,1492.75,1493.20,1491.15,1492.10,0,
05_06_2026_11_40,1492.05,1495.40,1491.60,1494.00,0,
05_06_2026_11_45,1494.05,1494.35,1492.05,1494.30,0,
05_06_2026_11_50,1494.10,1494.25,1490.35,1490.85,0,
05_06_2026_11_55,1490.80,1491.95,1489.60,1490.85,0,
05_06_2026_12_00,1490.85,1493.30,1490.65,1492.00,0,
05_06_2026_12_05,1492.25,1496.50,1491.80,1495.75,0,
05_06_2026_12_10,1495.85,1497.15,1494.40,1496.85,0,
05_06_2026_12_15,1496.85,1501.55,1496.70,1500.45,0,
05_06_2026_12_20,1500.45,1503.75,1498.35,1499.85,0,
05_06_2026_12_25,1499.85,1499.85,1495.30,1496.20,0,
05_06_2026_12_30,1496.20,1496.50,1492.75,1494.75,0,
05_06_2026_12_35,1494.35,1495.00,1491.15,1493.80,0,
05_06_2026_12_40,1494.15,1495.35,1493.30,1494.20,0,
05_06_2026_12_45,1494.20,1495.50,1493.65,1493.95,0,
05_06_2026_12_50,1493.95,1494.15,1491.30,1492.65,0,
05_06_2026_12_55,1492.65,1492.80,1487.70,1488.10,0,
05_06_2026_13_00,1488.10,1491.45,1488.00,1490.90,0,
05_06_2026_13_05,1491.05,1492.25,1489.10,1489.35,0,
05_06_2026_13_10,1489.35,1489.50,1486.90,1486.90,0,
05_06_2026_13_15,1486.95,1489.70,1486.55,1489.45,0,
05_06_2026_13_20,1489.45,1489.45,1485.35,1485.40,0,
05_06_2026_13_25,1485.40,1487.30,1483.70,1484.15,0,
05_06_2026_13_30,1484.15,1485.35,1481.55,1482.15,0,
05_06_2026_13_35,1482.25,1485.90,1481.95,1485.40,0,
05_06_2026_13_40,1485.70,1486.00,1482.35,1483.55,0,
05_06_2026_13_45,1483.85,1485.20,1483.00,1484.50,0,
05_06_2026_13_50,1484.35,1484.45,1480.65,1481.20,0,
05_06_2026_13_55,1481.20,1486.90,1480.85,1486.90,0,
05_06_2026_14_00,1486.90,1491.35,1486.15,1489.70,0,
05_06_2026_14_05,1489.70,1491.70,1488.70,1490.10,0,
05_06_2026_14_10,1490.00,1490.80,1488.15,1488.30,0,
05_06_2026_14_15,1488.45,1488.85,1486.60,1487.25,0,
05_06_2026_14_20,1487.20,1487.45,1484.05,1484.90,0,
05_06_2026_14_25,1484.95,1491.10,1484.70,1491.00,0,
05_06_2026_14_30,1490.90,1492.50,1490.40,1490.65,0,
05_06_2026_14_35,1490.85,1495.10,1490.50,1491.15,0,
05_06_2026_14_40,1491.15,1499.60,1490.60,1498.10,0,
05_06_2026_14_45,1498.00,1501.55,1495.85,1496.85,0,
05_06_2026_14_50,1497.05,1498.75,1495.65,1495.65,0,
05_06_2026_14_55,1495.70,1496.65,1493.65,1493.90,0,
05_06_2026_15_00,1493.70,1499.75,1490.70,1499.75,0,
05_06_2026_15_05,1499.75,1504.45,1499.65,1501.55,0,
05_06_2026_15_10,1501.75,1503.15,1498.25,1501.40,0,
05_06_2026_15_15,1501.60,1507.25,1500.35,1506.50,0,
05_06_2026_15_20,1506.50,1508.50,1505.25,1507.60,0,
05_06_2026_15_25,1507.65,1508.05,1501.75,1502.45,0,
08_06_2026_09_15,1497.45,1514.20,1484.00,1511.60,0,
08_06_2026_09_20,1512.20,1517.00,1507.55,1511.60,0,
08_06_2026_09_25,1511.40,1511.40,1504.95,1505.95,0,
08_06_2026_09_30,1505.50,1509.40,1504.15,1505.45,0,
08_06_2026_09_35,1505.65,1505.75,1495.95,1497.35,0,
08_06_2026_09_40,1497.25,1499.25,1494.15,1498.40,0,
08_06_2026_09_45,1498.30,1503.30,1497.50,1499.50,0,
08_06_2026_09_50,1499.25,1501.65,1498.15,1501.15,0,
08_06_2026_09_55,1500.65,1503.95,1500.45,1502.00,0,
08_06_2026_10_00,1502.05,1502.30,1497.20,1497.85,0,
08_06_2026_10_05,1497.85,1498.95,1495.25,1498.45,0,
08_06_2026_10_10,1498.45,1507.90,1498.35,1506.10,0,
08_06_2026_10_15,1506.00,1511.80,1503.80,1509.70,0,
08_06_2026_10_20,1509.95,1510.00,1506.00,1508.10,0,
08_06_2026_10_25,1507.75,1512.85,1507.60,1512.25,0,
08_06_2026_10_30,1512.50,1514.10,1510.00,1512.20,0,
08_06_2026_10_35,1512.10,1513.50,1510.10,1511.10,0,
08_06_2026_10_40,1511.30,1514.10,1509.90,1510.15,0,
08_06_2026_10_45,1509.85,1510.80,1508.10,1509.50,0,
08_06_2026_10_50,1509.35,1512.65,1508.75,1511.65,0,
08_06_2026_10_55,1511.50,1511.80,1508.05,1510.05,0,
08_06_2026_11_00,1509.90,1510.95,1508.85,1509.20,0,
08_06_2026_11_05,1508.90,1510.20,1508.15,1508.15,0,
08_06_2026_11_10,1508.15,1509.40,1507.30,1507.55,0,
08_06_2026_11_15,1507.55,1508.90,1504.85,1505.20,0,
08_06_2026_11_20,1505.20,1505.20,1502.55,1504.65,0,
08_06_2026_11_25,1504.30,1504.65,1503.05,1503.75,0,
08_06_2026_11_30,1503.85,1506.05,1503.75,1504.50,0,
08_06_2026_11_35,1504.50,1506.05,1503.10,1505.20,0,
08_06_2026_11_40,1505.20,1505.35,1503.75,1504.55,0,
08_06_2026_11_45,1504.15,1505.10,1503.10,1504.95,0,
08_06_2026_11_50,1505.10,1506.50,1504.75,1505.45,0,
08_06_2026_11_55,1505.45,1505.45,1500.10,1500.25,0,
08_06_2026_12_00,1500.15,1501.00,1499.75,1500.30,0,
08_06_2026_12_05,1500.30,1501.50,1499.75,1501.10,0,
08_06_2026_12_10,1501.10,1503.75,1501.10,1502.15,0,
08_06_2026_12_15,1502.20,1502.25,1499.75,1500.95,0,
08_06_2026_12_20,1500.95,1502.50,1500.85,1502.50,0,
08_06_2026_12_25,1502.50,1502.90,1502.05,1502.25,0,
08_06_2026_12_30,1502.25,1502.95,1500.60,1500.60,0,
08_06_2026_12_35,1500.60,1501.05,1499.00,1500.25,0,
08_06_2026_12_40,1500.05,1500.35,1498.20,1498.90,0,
08_06_2026_12_45,1498.90,1500.05,1498.60,1499.90,0,
08_06_2026_12_50,1499.70,1501.85,1499.70,1499.90,0,
08_06_2026_12_55,1499.90,1500.55,1499.30,1499.55,0,
08_06_2026_13_00,1499.60,1500.75,1497.50,1497.85,0,
08_06_2026_13_05,1497.70,1499.55,1496.95,1499.15,0,
08_06_2026_13_10,1499.15,1499.70,1497.35,1497.35,0,
08_06_2026_13_15,1497.45,1500.30,1497.25,1498.15,0,
08_06_2026_13_20,1498.35,1503.55,1497.90,1502.30,0,
08_06_2026_13_25,1502.35,1502.50,1499.35,1500.00,0,
08_06_2026_13_30,1500.00,1501.20,1498.25,1498.45,0,
08_06_2026_13_35,1498.45,1500.15,1497.65,1499.40,0,
08_06_2026_13_40,1499.20,1499.50,1495.60,1495.90,0,
08_06_2026_13_45,1495.90,1496.10,1493.35,1495.45,0,
08_06_2026_13_50,1495.45,1495.45,1490.20,1490.60,0,
08_06_2026_13_55,1490.60,1490.60,1487.05,1487.95,0,
08_06_2026_14_00,1487.80,1492.90,1486.80,1492.90,0,
08_06_2026_14_05,1492.80,1494.45,1492.20,1493.70,0,
08_06_2026_14_10,1493.70,1493.70,1490.10,1490.15,0,
08_06_2026_14_15,1490.45,1491.25,1489.05,1490.15,0,
08_06_2026_14_20,1490.25,1490.25,1487.15,1488.20,0,
08_06_2026_14_25,1488.20,1488.20,1485.15,1486.55,0,
08_06_2026_14_30,1486.40,1488.45,1486.40,1488.20,0,
08_06_2026_14_35,1488.40,1489.25,1484.20,1484.25,0,
08_06_2026_14_40,1484.25,1487.25,1482.70,1487.15,0,
08_06_2026_14_45,1486.90,1490.10,1485.95,1489.20,0,
08_06_2026_14_50,1489.20,1490.00,1484.60,1484.90,0,
08_06_2026_14_55,1484.65,1485.50,1483.45,1484.90,0,
08_06_2026_15_00,1485.15,1485.15,1476.45,1477.35,0,
08_06_2026_15_05,1477.35,1481.30,1476.50,1480.45,0,
08_06_2026_15_10,1480.55,1483.65,1478.35,1478.50,0,
08_06_2026_15_15,1478.85,1481.00,1477.35,1478.00,0,
08_06_2026_15_20,1478.05,1478.75,1466.65,1467.75,0,
08_06_2026_15_25,1467.85,1471.25,1467.05,1469.00,0,
09_06_2026_09_15,1483.55,1488.20,1477.60,1483.40,0,
09_06_2026_09_20,1483.50,1485.40,1477.95,1483.30,0,
09_06_2026_09_25,1483.45,1483.50,1474.95,1474.95,0,
09_06_2026_09_30,1475.25,1478.85,1474.55,1478.40,0,
09_06_2026_09_35,1478.25,1482.35,1478.05,1480.45,0,
09_06_2026_09_40,1480.35,1480.55,1472.60,1472.65,0,
09_06_2026_09_45,1472.65,1477.30,1471.80,1475.55,0,
09_06_2026_09_50,1475.55,1479.70,1475.25,1478.80,0,
09_06_2026_09_55,1478.80,1478.80,1474.80,1476.55,0,
09_06_2026_10_00,1476.55,1480.80,1475.25,1475.25,0,
09_06_2026_10_05,1475.25,1476.25,1473.70,1475.00,0,
09_06_2026_10_10,1475.00,1477.10,1474.90,1476.80,0,
09_06_2026_10_15,1476.80,1477.25,1475.40,1476.05,0,
09_06_2026_10_20,1476.15,1477.40,1475.80,1476.10,0,
09_06_2026_10_25,1476.15,1476.60,1474.80,1474.80,0,
09_06_2026_10_30,1474.60,1474.95,1472.75,1473.95,0,
09_06_2026_10_35,1473.95,1474.00,1471.75,1472.00,0,
09_06_2026_10_40,1472.10,1473.55,1470.90,1473.55,0,
09_06_2026_10_45,1473.50,1474.75,1472.85,1472.85,0,
09_06_2026_10_50,1472.85,1473.35,1471.00,1472.30,0,
09_06_2026_10_55,1472.30,1472.45,1471.40,1472.25,0,
09_06_2026_11_00,1472.20,1474.40,1471.85,1474.35,0,
09_06_2026_11_05,1474.35,1477.00,1473.60,1476.15,0,
09_06_2026_11_10,1476.10,1476.30,1473.25,1473.35,0,
09_06_2026_11_15,1473.35,1476.10,1473.10,1476.10,0,
09_06_2026_11_20,1475.90,1476.85,1471.50,1471.80,0,
09_06_2026_11_25,1471.80,1473.05,1470.50,1473.05,0,
09_06_2026_11_30,1473.05,1474.75,1471.80,1474.75,0,
09_06_2026_11_35,1474.75,1476.40,1474.15,1476.05,0,
09_06_2026_11_40,1476.00,1476.40,1474.45,1475.10,0,
09_06_2026_11_45,1475.10,1477.90,1474.95,1477.55,0,
09_06_2026_11_50,1477.55,1478.15,1475.95,1476.80,0,
09_06_2026_11_55,1476.65,1478.60,1475.90,1477.45,0,
09_06_2026_12_00,1477.45,1477.50,1474.95,1475.05,0,
09_06_2026_12_05,1475.05,1475.60,1474.15,1474.95,0,
09_06_2026_12_10,1474.95,1475.45,1474.15,1474.50,0,
09_06_2026_12_15,1474.50,1475.20,1473.50,1475.10,0,
09_06_2026_12_20,1475.20,1478.30,1475.20,1477.70,0,
09_06_2026_12_25,1477.70,1478.60,1476.20,1478.40,0,
09_06_2026_12_30,1478.40,1478.80,1477.70,1478.65,0,
09_06_2026_12_35,1478.65,1479.00,1476.20,1476.25,0,
09_06_2026_12_40,1476.25,1476.65,1475.05,1475.55,0,
09_06_2026_12_45,1475.55,1479.65,1475.55,1478.75,0,
09_06_2026_12_50,1478.75,1478.90,1476.90,1476.90,0,
09_06_2026_12_55,1476.90,1477.20,1475.95,1476.40,0,
09_06_2026_13_00,1476.40,1477.30,1475.70,1476.20,0,
09_06_2026_13_05,1476.20,1476.75,1474.75,1474.85,0,
09_06_2026_13_10,1474.80,1477.35,1474.50,1477.25,0,
09_06_2026_13_15,1477.25,1477.95,1476.15,1476.15,0,
09_06_2026_13_20,1476.15,1476.55,1475.65,1476.25,0,
09_06_2026_13_25,1476.25,1476.35,1474.90,1475.40,0,
09_06_2026_13_30,1475.40,1475.70,1472.50,1472.95,0,
09_06_2026_13_35,1472.95,1473.80,1472.70,1472.70,0,
09_06_2026_13_40,1472.70,1475.25,1472.45,1474.50,0,
09_06_2026_13_45,1474.70,1475.60,1473.75,1474.70,0,
09_06_2026_13_50,1474.70,1475.05,1473.80,1474.50,0,
09_06_2026_13_55,1474.50,1474.65,1471.15,1472.00,0,
09_06_2026_14_00,1472.00,1473.80,1472.00,1472.90,0,
09_06_2026_14_05,1473.05,1473.70,1472.65,1473.35,0,
09_06_2026_14_10,1473.35,1474.75,1473.10,1473.85,0,
09_06_2026_14_15,1473.90,1473.95,1472.50,1472.75,0,
09_06_2026_14_20,1472.75,1473.00,1471.90,1472.05,0,
09_06_2026_14_25,1472.05,1472.90,1471.70,1472.70,0,
09_06_2026_14_30,1472.80,1473.05,1471.10,1471.35,0,
09_06_2026_14_35,1471.50,1472.55,1470.90,1472.05,0,
09_06_2026_14_40,1472.05,1474.35,1471.60,1474.15,0,
09_06_2026_14_45,1474.15,1475.35,1473.25,1474.60,0,
09_06_2026_14_50,1474.95,1476.85,1474.50,1476.80,0,
09_06_2026_14_55,1476.80,1477.10,1475.60,1476.05,0,
09_06_2026_15_00,1476.35,1476.35,1473.35,1474.50,0,
09_06_2026_15_05,1474.75,1478.70,1474.75,1476.10,0,
09_06_2026_15_10,1476.30,1478.60,1475.40,1477.30,0,
09_06_2026_15_15,1477.05,1478.30,1474.20,1475.70,0,
09_06_2026_15_20,1475.65,1476.20,1471.05,1471.60,0,
09_06_2026_15_25,1471.50,1474.70,1469.15,1474.70,0,
10_06_2026_09_15,1479.90,1486.45,1473.05,1473.75,0,
10_06_2026_09_20,1474.00,1477.10,1470.65,1476.25,0,
10_06_2026_09_25,1476.35,1481.90,1474.95,1478.85,0,
10_06_2026_09_30,1478.75,1478.95,1472.25,1473.20,0,
10_06_2026_09_35,1472.95,1473.85,1468.60,1468.70,0,
10_06_2026_09_40,1468.75,1470.15,1467.75,1468.50,0,
10_06_2026_09_45,1468.55,1471.45,1467.95,1470.95,0,
10_06_2026_09_50,1470.80,1472.15,1467.80,1468.15,0,
10_06_2026_09_55,1468.15,1469.10,1463.75,1464.40,0,
10_06_2026_10_00,1464.50,1465.05,1460.25,1461.60,0,
10_06_2026_10_05,1461.10,1463.40,1460.45,1462.80,0,
10_06_2026_10_10,1462.80,1463.40,1458.15,1458.40,0,
10_06_2026_10_15,1458.20,1461.05,1457.30,1460.70,0,
10_06_2026_10_20,1460.70,1465.40,1460.70,1464.80,0,
10_06_2026_10_25,1464.80,1466.00,1462.75,1465.20,0,
10_06_2026_10_30,1465.20,1467.95,1464.30,1467.95,0,
10_06_2026_10_35,1467.55,1472.20,1467.40,1469.00,0,
10_06_2026_10_40,1469.00,1469.70,1467.55,1467.95,0,
10_06_2026_10_45,1467.80,1468.65,1466.55,1466.70,0,
10_06_2026_10_50,1466.80,1466.80,1463.60,1464.80,0,
10_06_2026_10_55,1464.80,1465.40,1463.90,1464.20,0,
10_06_2026_11_00,1464.20,1466.35,1462.80,1463.75,0,
10_06_2026_11_05,1463.80,1464.30,1462.25,1462.75,0,
10_06_2026_11_10,1462.75,1463.25,1461.65,1461.65,0,
10_06_2026_11_15,1461.50,1462.35,1460.60,1460.90,0,
10_06_2026_11_20,1460.90,1461.20,1457.55,1457.95,0,
10_06_2026_11_25,1458.00,1458.45,1453.60,1455.45,0,
10_06_2026_11_30,1455.45,1455.70,1454.35,1455.25,0,
10_06_2026_11_35,1455.05,1455.80,1453.50,1455.25,0,
10_06_2026_11_40,1455.30,1455.75,1452.20,1454.90,0,
10_06_2026_11_45,1454.45,1455.50,1453.00,1455.15,0,
10_06_2026_11_50,1455.15,1457.35,1453.60,1455.40,0,
10_06_2026_11_55,1455.40,1456.60,1453.80,1455.00,0,
10_06_2026_12_00,1455.00,1455.25,1454.10,1454.65,0,
10_06_2026_12_05,1454.70,1456.80,1454.35,1455.70,0,
10_06_2026_12_10,1455.70,1457.05,1454.60,1455.25,0,
10_06_2026_12_15,1455.25,1455.55,1453.15,1453.65,0,
10_06_2026_12_20,1453.65,1453.80,1452.00,1453.15,0,
10_06_2026_12_25,1453.15,1453.15,1451.25,1452.05,0,
10_06_2026_12_30,1451.90,1452.30,1451.05,1451.45,0,
10_06_2026_12_35,1451.30,1451.95,1450.20,1450.75,0,
10_06_2026_12_40,1450.75,1451.10,1447.40,1448.10,0,
10_06_2026_12_45,1448.10,1448.85,1446.75,1448.15,0,
10_06_2026_12_50,1448.15,1449.45,1448.05,1449.45,0,
10_06_2026_12_55,1449.45,1450.60,1447.85,1450.30,0,
10_06_2026_13_00,1450.45,1451.15,1448.05,1448.70,0,
10_06_2026_13_05,1448.60,1449.70,1448.45,1449.70,0,
10_06_2026_13_10,1449.70,1451.05,1449.25,1450.45,0,
10_06_2026_13_15,1450.45,1454.10,1449.90,1453.60,0,
10_06_2026_13_20,1453.60,1453.65,1451.20,1451.45,0,
10_06_2026_13_25,1451.45,1451.85,1451.10,1451.55,0,
10_06_2026_13_30,1451.55,1451.70,1450.25,1450.65,0,
10_06_2026_13_35,1450.65,1451.25,1449.90,1449.90,0,
10_06_2026_13_40,1449.90,1451.05,1449.45,1450.45,0,
10_06_2026_13_45,1450.45,1451.30,1449.70,1451.25,0,
10_06_2026_13_50,1451.35,1452.10,1449.25,1449.40,0,
10_06_2026_13_55,1449.40,1449.40,1446.15,1446.45,0,
10_06_2026_14_00,1446.45,1447.75,1446.05,1447.40,0,
10_06_2026_14_05,1447.40,1447.60,1446.10,1446.60,0,
10_06_2026_14_10,1446.70,1446.90,1445.60,1446.45,0,
10_06_2026_14_15,1446.55,1447.80,1445.90,1446.55,0,
10_06_2026_14_20,1446.55,1452.25,1446.50,1451.85,0,
10_06_2026_14_25,1451.95,1452.65,1449.25,1449.40,0,
10_06_2026_14_30,1449.40,1449.50,1446.05,1447.35,0,
10_06_2026_14_35,1447.50,1447.95,1444.10,1444.45,0,
10_06_2026_14_40,1444.30,1445.45,1442.15,1443.05,0,
10_06_2026_14_45,1443.05,1444.60,1441.45,1443.10,0,
10_06_2026_14_50,1443.00,1444.45,1442.65,1443.10,0,
10_06_2026_14_55,1443.10,1444.65,1442.00,1443.70,0,
10_06_2026_15_00,1443.75,1444.05,1441.65,1443.15,0,
10_06_2026_15_05,1443.10,1444.40,1439.60,1444.35,0,
10_06_2026_15_10,1444.25,1444.50,1439.25,1439.55,0,
10_06_2026_15_15,1439.45,1439.65,1437.40,1437.95,0,
10_06_2026_15_20,1438.50,1440.10,1436.65,1437.70,0,
10_06_2026_15_25,1437.50,1440.65,1437.05,1439.90,0,
11_06_2026_09_15,1442.10,1445.25,1432.05,1433.75,0,
11_06_2026_09_20,1433.80,1452.00,1432.15,1450.60,0,
11_06_2026_09_25,1451.00,1451.05,1441.85,1449.30,0,
11_06_2026_09_30,1449.35,1450.80,1443.80,1447.10,0,
11_06_2026_09_35,1446.90,1448.70,1441.45,1444.60,0,
11_06_2026_09_40,1444.60,1447.65,1443.30,1447.05,0,
11_06_2026_09_45,1447.10,1448.55,1445.65,1446.55,0,
11_06_2026_09_50,1445.85,1449.60,1444.65,1445.45,0,
11_06_2026_09_55,1445.55,1445.60,1442.20,1442.35,0,
11_06_2026_10_00,1442.35,1444.95,1441.05,1444.75,0,
11_06_2026_10_05,1444.75,1450.30,1443.45,1449.65,0,
11_06_2026_10_10,1449.60,1450.40,1446.85,1448.55,0,
11_06_2026_10_15,1448.35,1456.05,1447.90,1451.05,0,
11_06_2026_10_20,1451.05,1451.60,1449.45,1450.35,0,
11_06_2026_10_25,1450.35,1452.80,1448.80,1451.85,0,
11_06_2026_10_30,1451.85,1452.50,1450.85,1451.25,0,
11_06_2026_10_35,1451.50,1452.25,1450.90,1451.65,0,
11_06_2026_10_40,1451.65,1454.25,1450.20,1451.40,0,
11_06_2026_10_45,1451.50,1452.40,1450.25,1450.25,0,
11_06_2026_10_50,1450.25,1450.55,1446.50,1446.75,0,
11_06_2026_10_55,1446.75,1447.95,1444.50,1444.55,0,
11_06_2026_11_00,1444.75,1445.80,1443.45,1443.90,0,
11_06_2026_11_05,1443.90,1444.70,1442.50,1443.70,0,
11_06_2026_11_10,1443.70,1443.75,1441.85,1442.80,0,
11_06_2026_11_15,1442.75,1444.95,1442.10,1444.80,0,
11_06_2026_11_20,1444.85,1447.55,1444.80,1446.10,0,
11_06_2026_11_25,1446.05,1451.90,1444.55,1451.90,0,
11_06_2026_11_30,1451.85,1452.50,1448.25,1451.90,0,
11_06_2026_11_35,1452.00,1453.85,1448.65,1449.25,0,
11_06_2026_11_40,1449.00,1451.05,1448.70,1449.65,0,
11_06_2026_11_45,1449.45,1451.00,1448.35,1449.60,0,
11_06_2026_11_50,1449.60,1452.20,1449.45,1451.85,0,
11_06_2026_11_55,1451.80,1451.95,1449.15,1449.15,0,
11_06_2026_12_00,1449.15,1450.80,1449.15,1449.70,0,
11_06_2026_12_05,1449.70,1449.85,1447.15,1447.60,0,
11_06_2026_12_10,1447.70,1448.40,1446.10,1448.15,0,
11_06_2026_12_15,1448.15,1450.30,1448.15,1449.90,0,
11_06_2026_12_20,1449.70,1450.55,1448.90,1450.15,0,
11_06_2026_12_25,1450.20,1450.20,1447.15,1448.55,0,
11_06_2026_12_30,1448.55,1449.75,1447.75,1449.25,0,
11_06_2026_12_35,1449.25,1449.40,1447.60,1447.95,0,
11_06_2026_12_40,1447.95,1447.95,1445.75,1446.25,0,
11_06_2026_12_45,1446.40,1446.55,1443.65,1443.95,0,
11_06_2026_12_50,1443.90,1444.40,1442.55,1442.95,0,
11_06_2026_12_55,1442.95,1445.55,1442.80,1443.95,0,
11_06_2026_13_00,1444.15,1445.10,1442.65,1443.10,0,
11_06_2026_13_05,1443.35,1443.65,1442.05,1442.25,0,
11_06_2026_13_10,1442.20,1443.55,1441.70,1442.00,0,
11_06_2026_13_15,1442.00,1443.50,1441.60,1442.10,0,
11_06_2026_13_20,1442.10,1443.70,1441.50,1442.25,0,
11_06_2026_13_25,1441.95,1442.55,1441.30,1442.45,0,
11_06_2026_13_30,1442.70,1443.95,1441.35,1442.15,0,
11_06_2026_13_35,1442.15,1443.15,1441.25,1441.35,0,
11_06_2026_13_40,1441.35,1442.05,1438.90,1439.20,0,
11_06_2026_13_45,1439.20,1442.90,1439.20,1441.45,0,
11_06_2026_13_50,1441.45,1441.95,1440.70,1441.25,0,
11_06_2026_13_55,1441.25,1443.15,1441.20,1442.45,0,
11_06_2026_14_00,1442.60,1445.05,1442.25,1444.80,0,
11_06_2026_14_05,1444.80,1447.05,1444.05,1444.70,0,
11_06_2026_14_10,1444.70,1446.30,1444.70,1445.35,0,
11_06_2026_14_15,1445.35,1449.20,1445.25,1448.65,0,
11_06_2026_14_20,1448.85,1451.70,1448.70,1450.20,0,
11_06_2026_14_25,1450.25,1454.10,1450.20,1453.90,0,
11_06_2026_14_30,1454.20,1461.40,1453.35,1459.55,0,
11_06_2026_14_35,1459.80,1465.65,1458.65,1465.45,0,
11_06_2026_14_40,1464.95,1468.60,1464.10,1466.15,0,
11_06_2026_14_45,1466.00,1469.50,1464.00,1464.95,0,
11_06_2026_14_50,1465.05,1469.55,1461.65,1467.80,0,
11_06_2026_14_55,1468.05,1468.05,1459.25,1459.30,0,
11_06_2026_15_00,1459.40,1461.50,1457.65,1458.40,0,
11_06_2026_15_05,1458.25,1463.35,1457.70,1463.20,0,
11_06_2026_15_10,1462.65,1464.55,1461.80,1462.40,0,
11_06_2026_15_15,1462.55,1468.95,1462.35,1468.40,0,
11_06_2026_15_20,1468.30,1470.30,1467.15,1469.45,0,
11_06_2026_15_25,1469.45,1471.40,1467.00,1471.05,0,
12_06_2026_09_15,1488.95,1491.85,1478.95,1488.40,0,
12_06_2026_09_20,1487.45,1491.65,1486.15,1489.65,0,
12_06_2026_09_25,1489.75,1492.85,1487.75,1489.20,0,
12_06_2026_09_30,1488.90,1493.95,1487.85,1489.95,0,
12_06_2026_09_35,1489.90,1490.75,1483.40,1484.80,0,
12_06_2026_09_40,1484.75,1485.10,1480.00,1480.15,0,
12_06_2026_09_45,1480.15,1484.65,1479.85,1484.65,0,
12_06_2026_09_50,1484.60,1486.35,1479.65,1480.30,0,
12_06_2026_09_55,1479.95,1482.25,1479.20,1481.40,0,
12_06_2026_10_00,1481.40,1482.05,1479.75,1480.90,0,
12_06_2026_10_05,1480.90,1488.35,1480.70,1487.65,0,
12_06_2026_10_10,1487.60,1488.05,1485.50,1487.55,0,
12_06_2026_10_15,1487.55,1487.85,1485.00,1485.30,0,
12_06_2026_10_20,1485.30,1487.20,1484.20,1486.85,0,
12_06_2026_10_25,1486.85,1487.30,1484.80,1486.00,0,
12_06_2026_10_30,1486.00,1486.25,1481.30,1481.60,0,
12_06_2026_10_35,1481.45,1484.40,1481.45,1483.50,0,
12_06_2026_10_40,1483.35,1484.30,1481.00,1482.05,0,
12_06_2026_10_45,1482.05,1482.85,1481.05,1482.35,0,
12_06_2026_10_50,1482.35,1482.45,1480.70,1481.15,0,
12_06_2026_10_55,1481.20,1482.15,1480.75,1481.80,0,
12_06_2026_11_00,1481.80,1482.45,1481.65,1482.00,0,
12_06_2026_11_05,1481.75,1482.10,1480.20,1480.40,0,
12_06_2026_11_10,1480.25,1484.50,1480.10,1484.00,0,
12_06_2026_11_15,1484.00,1485.05,1481.70,1481.70,0,
12_06_2026_11_20,1481.70,1482.10,1480.75,1481.30,0,
12_06_2026_11_25,1481.30,1482.10,1479.60,1480.15,0,
12_06_2026_11_30,1480.15,1481.60,1479.70,1481.15,0,
12_06_2026_11_35,1481.15,1481.70,1480.30,1480.45,0,
12_06_2026_11_40,1480.45,1481.40,1480.30,1480.95,0,
12_06_2026_11_45,1481.10,1481.20,1479.60,1479.95,0,
12_06_2026_11_50,1479.95,1481.95,1479.85,1481.55,0,
12_06_2026_11_55,1481.55,1481.75,1480.30,1480.50,0,
12_06_2026_12_00,1480.40,1480.75,1479.65,1479.95,0,
12_06_2026_12_05,1479.95,1480.70,1478.50,1478.70,0,
12_06_2026_12_10,1478.70,1479.05,1477.85,1478.30,0,
12_06_2026_12_15,1478.40,1478.85,1477.40,1477.90,0,
12_06_2026_12_20,1477.90,1479.45,1477.80,1479.05,0,
12_06_2026_12_25,1478.85,1479.25,1478.45,1478.65,0,
12_06_2026_12_30,1478.65,1480.35,1478.60,1480.30,0,
12_06_2026_12_35,1480.30,1480.30,1477.80,1478.20,0,
12_06_2026_12_40,1478.50,1478.50,1477.00,1477.20,0,
12_06_2026_12_45,1477.05,1477.45,1470.55,1471.70,0,
12_06_2026_12_50,1471.70,1473.30,1470.00,1471.00,0,
12_06_2026_12_55,1471.00,1471.60,1469.50,1471.05,0,
12_06_2026_13_00,1471.15,1473.60,1470.40,1471.35,0,
12_06_2026_13_05,1471.35,1472.20,1470.30,1470.90,0,
12_06_2026_13_10,1470.90,1471.50,1468.05,1470.15,0,
12_06_2026_13_15,1470.15,1470.30,1467.80,1468.80,0,
12_06_2026_13_20,1468.80,1469.20,1467.75,1469.00,0,
12_06_2026_13_25,1469.00,1470.35,1467.30,1469.65,0,
12_06_2026_13_30,1469.65,1470.10,1469.25,1470.10,0,
12_06_2026_13_35,1469.95,1470.55,1469.30,1470.15,0,
12_06_2026_13_40,1470.15,1473.60,1469.95,1470.75,0,
12_06_2026_13_45,1470.75,1475.25,1469.70,1475.10,0,
12_06_2026_13_50,1475.10,1475.50,1472.70,1473.35,0,
12_06_2026_13_55,1473.20,1475.30,1472.55,1474.65,0,
12_06_2026_14_00,1474.65,1476.20,1473.55,1475.90,0,
12_06_2026_14_05,1475.90,1477.25,1475.05,1476.00,0,
12_06_2026_14_10,1475.95,1476.70,1475.25,1476.15,0,
12_06_2026_14_15,1476.15,1479.50,1476.00,1479.25,0,
12_06_2026_14_20,1479.35,1481.35,1478.15,1478.60,0,
12_06_2026_14_25,1478.80,1479.80,1477.55,1477.75,0,
12_06_2026_14_30,1477.75,1479.80,1477.65,1479.10,0,
12_06_2026_14_35,1479.10,1479.20,1476.75,1477.80,0,
12_06_2026_14_40,1477.85,1479.70,1477.80,1478.75,0,
12_06_2026_14_45,1478.75,1478.85,1477.10,1477.40,0,
12_06_2026_14_50,1477.40,1479.55,1477.30,1478.30,0,
12_06_2026_14_55,1478.35,1480.60,1477.60,1480.40,0,
12_06_2026_15_00,1480.15,1488.60,1479.85,1488.20,0,
12_06_2026_15_05,1488.10,1491.40,1487.50,1488.65,0,
12_06_2026_15_10,1488.65,1490.55,1486.85,1489.55,0,
12_06_2026_15_15,1489.65,1489.75,1487.65,1487.65,0,
12_06_2026_15_20,1487.80,1488.50,1485.95,1486.75,0,
12_06_2026_15_25,1486.60,1487.45,1481.90,1482.70,0,
15_06_2026_09_15,1503.50,1505.85,1491.40,1492.20,0,
15_06_2026_09_20,1492.20,1493.95,1487.85,1489.25,0,
15_06_2026_09_25,1489.10,1493.95,1489.00,1491.35,0,
15_06_2026_09_30,1491.50,1493.05,1488.35,1492.10,0,
15_06_2026_09_35,1491.80,1501.05,1491.50,1499.70,0,
15_06_2026_09_40,1499.70,1502.00,1498.05,1501.90,0,
15_06_2026_09_45,1501.85,1502.30,1499.35,1499.40,0,
15_06_2026_09_50,1499.50,1500.65,1498.55,1498.70,0,
15_06_2026_09_55,1498.70,1499.80,1496.75,1499.00,0,
15_06_2026_10_00,1498.95,1499.35,1497.20,1498.10,0,
15_06_2026_10_05,1498.25,1500.60,1497.15,1497.55,0,
15_06_2026_10_10,1497.75,1499.40,1497.30,1498.45,0,
15_06_2026_10_15,1498.45,1500.75,1497.20,1498.60,0,
15_06_2026_10_20,1498.55,1500.00,1498.00,1498.70,0,
15_06_2026_10_25,1498.75,1499.30,1496.95,1499.15,0,
15_06_2026_10_30,1499.00,1499.45,1497.70,1498.65,0,
15_06_2026_10_35,1498.65,1500.85,1497.75,1500.50,0,
15_06_2026_10_40,1500.50,1501.95,1500.30,1500.55,0,
15_06_2026_10_45,1500.55,1502.90,1500.55,1502.30,0,
15_06_2026_10_50,1502.30,1504.05,1501.80,1501.85,0,
15_06_2026_10_55,1501.85,1505.05,1501.30,1503.70,0,
15_06_2026_11_00,1503.60,1504.50,1502.60,1504.35,0,
15_06_2026_11_05,1504.60,1505.25,1503.50,1504.55,0,
15_06_2026_11_10,1504.55,1505.20,1504.20,1504.40,0,
15_06_2026_11_15,1504.40,1506.10,1503.05,1504.30,0,
15_06_2026_11_20,1504.45,1504.70,1502.95,1503.70,0,
15_06_2026_11_25,1503.65,1504.45,1502.65,1503.30,0,
15_06_2026_11_30,1503.25,1503.70,1500.85,1500.85,0,
15_06_2026_11_35,1500.85,1503.55,1500.65,1502.30,0,
15_06_2026_11_40,1502.30,1503.80,1502.25,1503.25,0,
15_06_2026_11_45,1503.25,1503.45,1501.75,1502.05,0,
15_06_2026_11_50,1502.05,1502.65,1501.65,1502.35,0,
15_06_2026_11_55,1502.40,1503.35,1501.95,1502.05,0,
15_06_2026_12_00,1502.05,1502.60,1501.60,1502.20,0,
15_06_2026_12_05,1502.20,1504.40,1502.15,1504.15,0,
15_06_2026_12_10,1504.10,1504.10,1500.35,1501.00,0,
15_06_2026_12_15,1501.15,1501.15,1499.10,1500.05,0,
15_06_2026_12_20,1500.05,1500.85,1498.95,1499.70,0,
15_06_2026_12_25,1499.65,1500.60,1498.75,1499.40,0,
15_06_2026_12_30,1499.40,1500.45,1498.60,1499.95,0,
15_06_2026_12_35,1499.95,1500.55,1499.50,1499.95,0,
15_06_2026_12_40,1500.05,1502.15,1499.70,1501.40,0,
15_06_2026_12_45,1501.40,1502.15,1499.45,1499.80,0,
15_06_2026_12_50,1499.80,1501.05,1498.30,1499.75,0,
15_06_2026_12_55,1499.75,1499.80,1498.50,1498.55,0,
15_06_2026_13_00,1498.55,1498.75,1495.95,1497.65,0,
15_06_2026_13_05,1497.65,1498.50,1496.75,1497.75,0,
15_06_2026_13_10,1497.75,1499.95,1497.60,1499.00,0,
15_06_2026_13_15,1499.00,1501.60,1498.45,1501.40,0,
15_06_2026_13_20,1501.40,1502.25,1499.45,1499.45,0,
15_06_2026_13_25,1499.45,1500.80,1499.10,1500.45,0,
15_06_2026_13_30,1500.45,1501.15,1499.75,1499.90,0,
15_06_2026_13_35,1500.00,1500.25,1499.10,1499.20,0,
15_06_2026_13_40,1499.20,1499.75,1498.85,1499.20,0,
15_06_2026_13_45,1499.20,1499.60,1498.65,1499.10,0,
15_06_2026_13_50,1499.10,1499.25,1497.55,1498.55,0,
15_06_2026_13_55,1498.65,1499.25,1498.30,1498.85,0,
15_06_2026_14_00,1498.85,1499.70,1498.15,1499.10,0,
15_06_2026_14_05,1499.05,1499.20,1496.35,1496.95,0,
15_06_2026_14_10,1497.15,1497.20,1495.75,1496.30,0,
15_06_2026_14_15,1496.30,1496.30,1494.20,1494.90,0,
15_06_2026_14_20,1494.95,1496.35,1494.45,1496.15,0,
15_06_2026_14_25,1496.10,1497.05,1494.45,1494.85,0,
15_06_2026_14_30,1494.85,1495.90,1494.50,1495.40,0,
15_06_2026_14_35,1495.35,1496.80,1495.05,1496.35,0,
15_06_2026_14_40,1496.25,1496.30,1494.70,1495.05,0,
15_06_2026_14_45,1495.05,1495.10,1493.75,1493.90,0,
15_06_2026_14_50,1493.90,1494.25,1493.25,1493.40,0,
15_06_2026_14_55,1493.40,1494.55,1492.95,1493.60,0,
15_06_2026_15_00,1493.60,1494.30,1488.85,1488.90,0,
15_06_2026_15_05,1488.90,1488.95,1483.55,1485.35,0,
15_06_2026_15_10,1485.35,1487.20,1484.85,1486.40,0,
15_06_2026_15_15,1486.45,1487.30,1485.15,1485.40,0,
15_06_2026_15_20,1485.65,1486.65,1480.70,1481.10,0,
15_06_2026_15_25,1481.20,1485.25,1480.40,1484.85,0,
16_06_2026_09_15,1498.70,1499.50,1492.85,1498.15,0,
16_06_2026_09_20,1497.85,1497.90,1492.35,1493.30,0,
16_06_2026_09_25,1493.30,1497.65,1492.40,1495.60,0,
16_06_2026_09_30,1495.60,1495.85,1490.05,1491.05,0,
16_06_2026_09_35,1490.85,1494.75,1489.80,1493.95,0,
16_06_2026_09_40,1493.95,1502.65,1492.25,1502.05,0,
16_06_2026_09_45,1502.05,1507.85,1500.30,1506.95,0,
16_06_2026_09_50,1507.05,1510.75,1505.10,1510.05,0,
16_06_2026_09_55,1510.05,1515.20,1508.85,1514.45,0,
16_06_2026_10_00,1514.30,1514.90,1512.55,1513.30,0,
16_06_2026_10_05,1513.10,1513.35,1509.45,1511.15,0,
16_06_2026_10_10,1511.15,1512.80,1505.75,1506.35,0,
16_06_2026_10_15,1506.30,1507.35,1504.05,1504.20,0,
16_06_2026_10_20,1504.40,1505.35,1502.50,1503.80,0,
16_06_2026_10_25,1504.00,1504.10,1502.45,1503.45,0,
16_06_2026_10_30,1503.45,1504.70,1502.95,1503.35,0,
16_06_2026_10_35,1503.35,1503.90,1502.10,1502.85,0,
16_06_2026_10_40,1502.85,1503.20,1501.85,1502.35,0,
16_06_2026_10_45,1502.50,1503.50,1501.90,1502.45,0,
16_06_2026_10_50,1502.45,1503.30,1501.20,1501.35,0,
16_06_2026_10_55,1501.35,1502.15,1500.10,1500.15,0,
16_06_2026_11_00,1500.15,1500.30,1497.90,1498.00,0,
16_06_2026_11_05,1498.00,1498.40,1496.60,1498.05,0,
16_06_2026_11_10,1498.05,1498.60,1496.25,1498.35,0,
16_06_2026_11_15,1498.25,1500.50,1497.90,1499.60,0,
16_06_2026_11_20,1499.60,1500.30,1499.25,1499.90,0,
16_06_2026_11_25,1499.90,1501.30,1498.50,1498.50,0,
16_06_2026_11_30,1498.50,1498.50,1496.35,1498.05,0,
16_06_2026_11_35,1497.95,1498.55,1496.40,1496.50,0,
16_06_2026_11_40,1496.50,1497.80,1496.05,1497.50,0,
16_06_2026_11_45,1497.50,1499.40,1497.35,1498.85,0,
16_06_2026_11_50,1498.85,1500.20,1498.45,1499.95,0,
16_06_2026_11_55,1499.95,1502.20,1499.30,1501.45,0,
16_06_2026_12_00,1501.45,1502.85,1500.60,1501.10,0,
16_06_2026_12_05,1501.10,1502.75,1500.75,1502.05,0,
16_06_2026_12_10,1502.25,1505.30,1501.85,1502.90,0,
16_06_2026_12_15,1503.00,1503.50,1500.25,1501.30,0,
16_06_2026_12_20,1501.00,1501.30,1500.00,1500.70,0,
16_06_2026_12_25,1500.70,1502.40,1500.40,1500.55,0,
16_06_2026_12_30,1500.75,1500.95,1499.35,1499.40,0,
16_06_2026_12_35,1499.20,1500.05,1499.00,1500.05,0,
16_06_2026_12_40,1500.05,1500.95,1499.60,1500.10,0,
16_06_2026_12_45,1500.10,1500.15,1498.75,1499.85,0,
16_06_2026_12_50,1499.85,1500.45,1499.35,1500.35,0,
16_06_2026_12_55,1500.35,1501.85,1499.80,1501.65,0,
16_06_2026_13_00,1501.50,1506.55,1500.90,1506.10,0,
16_06_2026_13_05,1506.05,1507.85,1504.30,1506.90,0,
16_06_2026_13_10,1506.80,1507.25,1505.00,1506.30,0,
16_06_2026_13_15,1506.30,1506.55,1505.35,1505.90,0,
16_06_2026_13_20,1505.70,1507.85,1505.25,1507.40,0,
16_06_2026_13_25,1507.40,1507.55,1504.95,1505.50,0,
16_06_2026_13_30,1505.50,1506.05,1504.25,1504.70,0,
16_06_2026_13_35,1504.70,1506.15,1504.30,1505.40,0,
16_06_2026_13_40,1505.40,1506.60,1505.10,1505.60,0,
16_06_2026_13_45,1505.60,1505.60,1503.65,1504.35,0,
16_06_2026_13_50,1504.50,1504.50,1503.25,1503.70,0,
16_06_2026_13_55,1503.50,1505.20,1503.40,1504.05,0,
16_06_2026_14_00,1504.05,1504.75,1503.60,1504.10,0,
16_06_2026_14_05,1504.10,1504.20,1502.50,1503.05,0,
16_06_2026_14_10,1503.05,1505.55,1502.45,1505.45,0,
16_06_2026_14_15,1505.45,1505.80,1504.40,1505.35,0,
16_06_2026_14_20,1505.35,1505.70,1504.70,1505.50,0,
16_06_2026_14_25,1505.50,1508.90,1505.30,1508.45,0,
16_06_2026_14_30,1508.45,1511.35,1508.45,1509.65,0,
16_06_2026_14_35,1509.60,1511.15,1504.45,1507.20,0,
16_06_2026_14_40,1507.20,1507.95,1505.05,1505.10,0,
16_06_2026_14_45,1505.05,1508.25,1504.95,1506.75,0,
16_06_2026_14_50,1506.75,1512.95,1506.75,1510.85,0,
16_06_2026_14_55,1510.85,1513.00,1510.10,1511.95,0,
16_06_2026_15_00,1511.95,1512.10,1507.30,1507.60,0,
16_06_2026_15_05,1507.60,1509.30,1507.35,1508.85,0,
16_06_2026_15_10,1508.95,1509.05,1505.55,1506.20,0,
16_06_2026_15_15,1505.60,1506.70,1504.45,1505.00,0,
16_06_2026_15_20,1505.10,1506.00,1504.10,1505.05,0,
16_06_2026_15_25,1504.55,1506.35,1503.50,1504.80,0,
17_06_2026_09_15,1515.85,1518.35,1510.30,1511.70,0,
17_06_2026_09_20,1511.45,1515.50,1510.10,1515.25,0,
17_06_2026_09_25,1515.25,1518.85,1514.15,1514.35,0,
17_06_2026_09_30,1514.35,1517.45,1514.15,1515.95,0,
17_06_2026_09_35,1516.15,1518.30,1513.45,1517.35,0,
17_06_2026_09_40,1517.35,1520.15,1516.05,1518.00,0,
17_06_2026_09_45,1517.80,1518.15,1512.70,1514.00,0,
17_06_2026_09_50,1514.00,1514.95,1512.60,1514.30,0,
17_06_2026_09_55,1514.20,1514.70,1511.20,1512.05,0,
17_06_2026_10_00,1512.05,1513.45,1509.65,1510.30,0,
17_06_2026_10_05,1510.10,1512.65,1509.65,1512.35,0,
17_06_2026_10_10,1512.35,1512.35,1508.40,1508.95,0,
17_06_2026_10_15,1508.95,1511.90,1508.80,1510.60,0,
17_06_2026_10_20,1510.60,1512.25,1510.00,1510.85,0,
17_06_2026_10_25,1511.45,1513.30,1509.55,1510.10,0,
17_06_2026_10_30,1510.10,1512.20,1509.45,1511.85,0,
17_06_2026_10_35,1511.85,1512.25,1509.60,1509.65,0,
17_06_2026_10_40,1509.70,1511.45,1509.05,1510.60,0,
17_06_2026_10_45,1510.60,1511.20,1507.95,1508.40,0,
17_06_2026_10_50,1508.45,1510.80,1507.90,1510.80,0,
17_06_2026_10_55,1510.80,1511.80,1509.80,1510.00,0,
17_06_2026_11_00,1510.00,1510.50,1509.50,1509.95,0,
17_06_2026_11_05,1509.95,1512.20,1508.70,1511.40,0,
17_06_2026_11_10,1511.40,1513.70,1511.25,1513.25,0,
17_06_2026_11_15,1513.25,1514.95,1513.00,1514.85,0,
17_06_2026_11_20,1514.85,1514.95,1509.85,1510.10,0,
17_06_2026_11_25,1510.05,1510.45,1508.60,1508.80,0,
17_06_2026_11_30,1508.80,1513.75,1508.55,1511.45,0,
17_06_2026_11_35,1511.45,1511.65,1509.50,1511.00,0,
17_06_2026_11_40,1511.00,1511.00,1508.90,1509.95,0,
17_06_2026_11_45,1509.95,1510.65,1509.45,1509.90,0,
17_06_2026_11_50,1509.90,1510.25,1509.45,1509.85,0,
17_06_2026_11_55,1509.80,1510.80,1509.30,1509.55,0,
17_06_2026_12_00,1509.55,1510.35,1508.20,1509.00,0,
17_06_2026_12_05,1509.00,1509.45,1508.40,1509.05,0,
17_06_2026_12_10,1509.05,1510.05,1508.55,1508.70,0,
17_06_2026_12_15,1508.70,1509.55,1506.75,1506.95,0,
17_06_2026_12_20,1506.85,1508.05,1506.05,1506.25,0,
17_06_2026_12_25,1506.50,1506.95,1505.20,1506.15,0,
17_06_2026_12_30,1506.15,1506.30,1505.55,1506.25,0,
17_06_2026_12_35,1506.25,1506.50,1505.35,1506.45,0,
17_06_2026_12_40,1506.45,1506.45,1505.55,1506.35,0,
17_06_2026_12_45,1506.15,1507.55,1505.55,1506.20,0,
17_06_2026_12_50,1506.20,1506.70,1505.20,1505.40,0,
17_06_2026_12_55,1505.40,1506.35,1504.20,1504.30,0,
17_06_2026_13_00,1504.30,1504.90,1503.45,1504.90,0,
17_06_2026_13_05,1504.75,1507.30,1504.75,1505.20,0,
17_06_2026_13_10,1505.20,1505.80,1504.50,1505.50,0,
17_06_2026_13_15,1505.50,1506.60,1504.75,1506.00,0,
17_06_2026_13_20,1506.00,1507.10,1506.00,1506.50,0,
17_06_2026_13_25,1506.50,1508.85,1506.25,1508.25,0,
17_06_2026_13_30,1508.25,1508.65,1507.40,1508.50,0,
17_06_2026_13_35,1508.50,1509.50,1508.20,1509.25,0,
17_06_2026_13_40,1509.25,1510.50,1508.35,1509.65,0,
17_06_2026_13_45,1509.35,1510.35,1509.05,1509.90,0,
17_06_2026_13_50,1509.90,1509.95,1507.85,1508.45,0,
17_06_2026_13_55,1508.45,1508.55,1507.60,1508.40,0,
17_06_2026_14_00,1508.45,1508.65,1507.60,1507.80,0,
17_06_2026_14_05,1507.80,1507.80,1505.80,1506.70,0,
17_06_2026_14_10,1506.70,1507.05,1506.05,1506.75,0,
17_06_2026_14_15,1506.75,1507.90,1506.75,1507.20,0,
17_06_2026_14_20,1507.20,1508.30,1506.90,1507.15,0,
17_06_2026_14_25,1507.15,1507.75,1505.85,1507.05,0,
17_06_2026_14_30,1507.05,1507.95,1506.65,1507.40,0,
17_06_2026_14_35,1507.40,1507.40,1506.35,1507.00,0,
17_06_2026_14_40,1507.00,1508.75,1506.95,1507.15,0,
17_06_2026_14_45,1507.15,1508.70,1506.15,1506.25,0,
17_06_2026_14_50,1506.25,1506.90,1505.75,1506.60,0,
17_06_2026_14_55,1506.85,1508.20,1505.25,1508.05,0,
17_06_2026_15_00,1508.05,1508.05,1506.30,1507.10,0,
17_06_2026_15_05,1507.10,1507.75,1506.25,1506.35,0,
17_06_2026_15_10,1506.35,1508.20,1504.60,1505.45,0,
17_06_2026_15_15,1505.45,1505.65,1503.65,1503.90,0,
17_06_2026_15_20,1503.90,1505.95,1503.90,1505.00,0,
17_06_2026_15_25,1505.05,1506.60,1504.05,1505.50,0,
18_06_2026_09_15,1509.90,1512.90,1506.70,1507.15,0,
18_06_2026_09_20,1507.05,1507.05,1502.25,1503.30,0,
18_06_2026_09_25,1503.45,1510.40,1503.15,1509.85,0,
18_06_2026_09_30,1510.10,1511.20,1507.45,1507.65,0,
18_06_2026_09_35,1507.65,1508.55,1506.05,1507.60,0,
18_06_2026_09_40,1507.65,1511.90,1507.45,1509.40,0,
18_06_2026_09_45,1509.45,1511.50,1508.45,1509.20,0,
18_06_2026_09_50,1509.20,1510.80,1508.30,1510.75,0,
18_06_2026_09_55,1510.85,1512.75,1510.05,1511.65,0,
18_06_2026_10_00,1511.60,1514.00,1510.95,1513.50,0,
18_06_2026_10_05,1513.90,1515.90,1513.55,1514.55,0,
18_06_2026_10_10,1514.65,1523.05,1514.45,1521.60,0,
18_06_2026_10_15,1521.60,1523.30,1519.80,1520.20,0,
18_06_2026_10_20,1520.20,1521.65,1519.25,1521.40,0,
18_06_2026_10_25,1521.40,1521.60,1518.35,1519.00,0,
18_06_2026_10_30,1519.05,1519.40,1517.65,1519.15,0,
18_06_2026_10_35,1519.30,1519.70,1517.40,1517.55,0,
18_06_2026_10_40,1517.50,1523.70,1516.70,1523.00,0,
18_06_2026_10_45,1522.75,1525.20,1522.30,1522.80,0,
18_06_2026_10_50,1522.80,1524.40,1520.70,1524.25,0,
18_06_2026_10_55,1524.40,1524.45,1522.25,1524.30,0,
18_06_2026_11_00,1524.30,1524.85,1522.45,1524.85,0,
18_06_2026_11_05,1524.85,1525.70,1521.35,1521.35,0,
18_06_2026_11_10,1521.35,1521.50,1518.10,1518.80,0,
18_06_2026_11_15,1518.80,1521.80,1518.80,1520.75,0,
18_06_2026_11_20,1520.70,1520.75,1517.60,1518.30,0,
18_06_2026_11_25,1518.25,1520.05,1518.00,1518.50,0,
18_06_2026_11_30,1518.50,1518.75,1514.25,1515.90,0,
18_06_2026_11_35,1516.20,1517.50,1513.65,1513.80,0,
18_06_2026_11_40,1513.80,1515.25,1513.25,1514.95,0,
18_06_2026_11_45,1514.75,1515.30,1514.25,1515.10,0,
18_06_2026_11_50,1515.20,1515.45,1513.35,1514.30,0,
18_06_2026_11_55,1514.30,1516.25,1513.80,1515.75,0,
18_06_2026_12_00,1515.75,1516.65,1515.30,1516.40,0,
18_06_2026_12_05,1516.40,1517.30,1512.00,1512.00,0,
18_06_2026_12_10,1512.05,1513.05,1511.70,1512.30,0,
18_06_2026_12_15,1512.30,1513.45,1510.10,1511.45,0,
18_06_2026_12_20,1511.50,1514.55,1510.10,1514.30,0,
18_06_2026_12_25,1514.30,1516.15,1514.30,1516.05,0,
18_06_2026_12_30,1516.00,1518.35,1515.60,1517.15,0,
18_06_2026_12_35,1517.15,1517.40,1516.00,1516.40,0,
18_06_2026_12_40,1516.60,1517.20,1515.10,1515.70,0,
18_06_2026_12_45,1515.70,1516.00,1513.80,1514.75,0,
18_06_2026_12_50,1514.75,1514.90,1513.95,1514.40,0,
18_06_2026_12_55,1514.65,1515.20,1514.00,1514.65,0,
18_06_2026_13_00,1514.65,1514.80,1513.20,1513.75,0,
18_06_2026_13_05,1513.75,1519.30,1513.25,1518.80,0,
18_06_2026_13_10,1518.85,1520.90,1518.40,1520.10,0,
18_06_2026_13_15,1519.95,1520.95,1518.90,1519.20,0,
18_06_2026_13_20,1519.20,1519.40,1518.85,1519.15,0,
18_06_2026_13_25,1519.15,1520.05,1519.15,1519.90,0,
18_06_2026_13_30,1519.90,1520.00,1518.00,1519.25,0,
18_06_2026_13_35,1519.30,1519.55,1517.25,1517.85,0,
18_06_2026_13_40,1517.85,1518.00,1517.35,1517.85,0,
18_06_2026_13_45,1517.85,1518.05,1516.15,1517.15,0,
18_06_2026_13_50,1517.20,1517.70,1516.45,1516.55,0,
18_06_2026_13_55,1516.60,1517.50,1515.55,1515.60,0,
18_06_2026_14_00,1515.60,1516.15,1514.75,1514.95,0,
18_06_2026_14_05,1515.15,1515.25,1513.15,1513.35,0,
18_06_2026_14_10,1513.55,1514.60,1512.40,1513.45,0,
18_06_2026_14_15,1513.35,1514.45,1512.75,1513.20,0,
18_06_2026_14_20,1513.30,1516.40,1512.90,1516.05,0,
18_06_2026_14_25,1516.10,1518.40,1516.10,1517.10,0,
18_06_2026_14_30,1517.10,1517.40,1516.00,1516.85,0,
18_06_2026_14_35,1516.80,1518.20,1516.15,1517.45,0,
18_06_2026_14_40,1517.45,1517.80,1516.60,1516.90,0,
18_06_2026_14_45,1516.90,1517.10,1514.10,1514.35,0,
18_06_2026_14_50,1514.35,1516.20,1514.15,1516.20,0,
18_06_2026_14_55,1516.20,1516.65,1515.10,1516.65,0,
18_06_2026_15_00,1516.35,1516.85,1515.35,1515.85,0,
18_06_2026_15_05,1515.70,1516.05,1514.15,1514.45,0,
18_06_2026_15_10,1514.50,1516.10,1513.75,1515.35,0,
18_06_2026_15_15,1515.05,1515.55,1511.55,1513.00,0,
18_06_2026_15_20,1513.35,1513.80,1510.60,1512.50,0,
18_06_2026_15_25,1512.65,1515.30,1512.25,1514.60,0,
19_06_2026_09_15,1519.80,1520.40,1509.35,1517.75,0,
19_06_2026_09_20,1517.95,1520.30,1515.55,1516.40,0,
19_06_2026_09_25,1516.35,1517.80,1513.50,1514.60,0,
19_06_2026_09_30,1514.45,1519.00,1513.35,1514.65,0,
19_06_2026_09_35,1514.95,1519.35,1514.50,1516.95,0,
19_06_2026_09_40,1516.90,1519.65,1516.90,1517.70,0,
19_06_2026_09_45,1517.55,1518.55,1515.00,1517.65,0,
19_06_2026_09_50,1517.65,1521.60,1516.00,1521.55,0,
19_06_2026_09_55,1521.55,1527.10,1521.50,1525.95,0,
19_06_2026_10_00,1526.05,1529.05,1524.65,1527.65,0,
19_06_2026_10_05,1527.70,1528.85,1526.10,1528.25,0,
19_06_2026_10_10,1528.25,1528.90,1525.90,1526.75,0,
19_06_2026_10_15,1526.80,1535.25,1526.80,1535.00,0,
19_06_2026_10_20,1535.00,1535.50,1531.10,1531.60,0,
19_06_2026_10_25,1531.80,1532.10,1528.50,1529.75,0,
19_06_2026_10_30,1529.75,1536.20,1528.60,1533.80,0,
19_06_2026_10_35,1533.70,1535.30,1531.50,1534.70,0,
19_06_2026_10_40,1534.65,1535.75,1531.10,1534.85,0,
19_06_2026_10_45,1535.35,1535.80,1531.95,1531.95,0,
19_06_2026_10_50,1532.15,1532.65,1529.40,1529.65,0,
19_06_2026_10_55,1529.90,1530.80,1527.55,1527.65,0,
19_06_2026_11_00,1527.70,1527.70,1523.80,1524.40,0,
19_06_2026_11_05,1524.45,1525.50,1524.15,1525.00,0,
19_06_2026_11_10,1525.20,1529.75,1525.00,1527.45,0,
19_06_2026_11_15,1527.45,1530.65,1527.45,1530.40,0,
19_06_2026_11_20,1530.20,1531.65,1527.60,1527.60,0,
19_06_2026_11_25,1527.70,1528.30,1527.15,1527.45,0,
19_06_2026_11_30,1527.55,1528.45,1527.20,1528.15,0,
19_06_2026_11_35,1528.15,1531.10,1528.10,1529.15,0,
19_06_2026_11_40,1529.10,1529.40,1524.95,1525.65,0,
19_06_2026_11_45,1525.70,1525.80,1523.20,1523.65,0,
19_06_2026_11_50,1523.65,1523.75,1521.45,1521.80,0,
19_06_2026_11_55,1522.00,1524.15,1520.35,1524.10,0,
19_06_2026_12_00,1523.80,1525.65,1523.70,1524.95,0,
19_06_2026_12_05,1524.95,1525.75,1523.80,1524.30,0,
19_06_2026_12_10,1524.30,1524.70,1522.25,1523.75,0,
19_06_2026_12_15,1523.65,1525.55,1521.00,1521.00,0,
19_06_2026_12_20,1521.00,1521.10,1520.20,1521.00,0,
19_06_2026_12_25,1521.00,1521.65,1520.65,1521.20,0,
19_06_2026_12_30,1521.35,1521.40,1518.25,1519.25,0,
19_06_2026_12_35,1519.25,1519.45,1516.95,1518.80,0,
19_06_2026_12_40,1518.80,1519.25,1516.25,1517.25,0,
19_06_2026_12_45,1517.25,1519.20,1517.00,1517.25,0,
19_06_2026_12_50,1517.35,1518.65,1515.65,1515.90,0,
19_06_2026_12_55,1515.90,1516.70,1514.45,1515.30,0,
19_06_2026_13_00,1515.30,1515.45,1513.45,1513.45,0,
19_06_2026_13_05,1513.45,1515.70,1513.15,1514.65,0,
19_06_2026_13_10,1514.80,1515.30,1513.80,1514.00,0,
19_06_2026_13_15,1514.10,1514.95,1513.50,1514.15,0,
19_06_2026_13_20,1514.15,1515.00,1513.40,1513.75,0,
19_06_2026_13_25,1513.80,1515.25,1513.20,1515.15,0,
19_06_2026_13_30,1515.15,1515.60,1514.70,1515.55,0,
19_06_2026_13_35,1515.70,1517.05,1515.35,1515.80,0,
19_06_2026_13_40,1515.80,1518.35,1515.45,1518.35,0,
19_06_2026_13_45,1518.35,1518.60,1517.00,1518.40,0,
19_06_2026_13_50,1518.45,1518.65,1514.55,1516.00,0,
19_06_2026_13_55,1516.00,1517.35,1515.75,1517.00,0,
19_06_2026_14_00,1517.05,1517.30,1515.75,1516.40,0,
19_06_2026_14_05,1516.40,1517.85,1516.20,1517.80,0,
19_06_2026_14_10,1517.80,1520.25,1517.50,1519.80,0,
19_06_2026_14_15,1519.70,1521.10,1519.00,1520.10,0,
19_06_2026_14_20,1520.10,1520.45,1517.00,1517.00,0,
19_06_2026_14_25,1517.00,1517.85,1516.05,1516.75,0,
19_06_2026_14_30,1516.75,1518.20,1516.30,1517.90,0,
19_06_2026_14_35,1517.85,1519.70,1517.85,1519.05,0,
19_06_2026_14_40,1519.00,1520.25,1517.90,1518.30,0,
19_06_2026_14_45,1518.30,1519.50,1517.65,1517.65,0,
19_06_2026_14_50,1517.50,1518.10,1514.05,1515.50,0,
19_06_2026_14_55,1515.50,1515.70,1512.85,1513.55,0,
19_06_2026_15_00,1513.05,1518.05,1511.65,1515.40,0,
19_06_2026_15_05,1515.50,1519.15,1515.20,1518.45,0,
19_06_2026_15_10,1518.80,1520.45,1518.10,1518.90,0,
19_06_2026_15_15,1518.85,1519.35,1513.35,1514.95,0,
19_06_2026_15_20,1515.10,1517.40,1514.00,1516.85,0,
19_06_2026_15_25,1517.00,1517.70,1514.15,1515.95,0,
22_06_2026_09_15,1523.55,1524.05,1517.55,1522.30,0,
22_06_2026_09_20,1522.30,1525.60,1521.10,1524.00,0,
22_06_2026_09_25,1524.05,1524.05,1516.60,1522.60,0,
22_06_2026_09_30,1522.60,1527.65,1522.45,1526.80,0,
22_06_2026_09_35,1526.80,1528.35,1525.35,1526.75,0,
22_06_2026_09_40,1526.75,1528.35,1525.80,1527.85,0,
22_06_2026_09_45,1527.85,1528.00,1524.80,1525.45,0,
22_06_2026_09_50,1524.90,1526.55,1523.50,1523.95,0,
22_06_2026_09_55,1524.00,1525.20,1522.95,1523.35,0,
22_06_2026_10_00,1523.35,1526.00,1523.10,1524.05,0,
22_06_2026_10_05,1524.05,1524.50,1522.15,1523.50,0,
22_06_2026_10_10,1523.50,1526.60,1523.05,1526.50,0,
22_06_2026_10_15,1526.50,1527.40,1525.00,1525.25,0,
22_06_2026_10_20,1524.95,1525.55,1523.30,1523.50,0,
22_06_2026_10_25,1523.50,1524.05,1521.85,1523.60,0,
22_06_2026_10_30,1523.60,1525.20,1522.70,1525.00,0,
22_06_2026_10_35,1525.15,1525.85,1524.30,1525.50,0,
22_06_2026_10_40,1525.50,1525.55,1523.75,1523.75,0,
22_06_2026_10_45,1523.75,1524.35,1523.05,1523.65,0,
22_06_2026_10_50,1523.65,1529.25,1523.25,1528.95,0,
22_06_2026_10_55,1529.00,1531.75,1528.75,1530.40,0,
22_06_2026_11_00,1530.55,1530.80,1528.35,1528.70,0,
22_06_2026_11_05,1528.60,1528.75,1527.25,1528.50,0,
22_06_2026_11_10,1528.45,1529.30,1527.10,1527.60,0,
22_06_2026_11_15,1527.60,1531.15,1527.40,1530.95,0,
22_06_2026_11_20,1530.70,1531.10,1528.65,1529.45,0,
22_06_2026_11_25,1529.45,1529.75,1528.30,1528.75,0,
22_06_2026_11_30,1528.75,1529.60,1527.50,1527.90,0,
22_06_2026_11_35,1527.90,1528.55,1526.95,1528.20,0,
22_06_2026_11_40,1528.20,1530.10,1527.95,1529.00,0,
22_06_2026_11_45,1529.00,1529.20,1527.70,1527.70,0,
22_06_2026_11_50,1527.85,1528.20,1526.00,1527.00,0,
22_06_2026_11_55,1527.00,1527.95,1526.05,1526.60,0,
22_06_2026_12_00,1526.60,1527.20,1526.10,1527.00,0,
22_06_2026_12_05,1527.00,1527.00,1524.95,1525.10,0,
22_06_2026_12_10,1525.10,1527.70,1524.90,1527.20,0,
22_06_2026_12_15,1527.25,1532.30,1526.50,1531.90,0,
22_06_2026_12_20,1531.90,1532.50,1531.00,1531.95,0,
22_06_2026_12_25,1531.95,1535.15,1531.35,1534.80,0,
22_06_2026_12_30,1534.80,1536.35,1533.45,1535.35,0,
22_06_2026_12_35,1535.45,1538.75,1535.10,1538.15,0,
22_06_2026_12_40,1538.45,1539.05,1534.75,1536.65,0,
22_06_2026_12_45,1536.65,1537.90,1536.20,1537.55,0,
22_06_2026_12_50,1537.55,1540.00,1536.55,1536.75,0,
22_06_2026_12_55,1536.65,1537.95,1535.25,1535.60,0,
22_06_2026_13_00,1535.60,1536.00,1534.90,1535.35,0,
22_06_2026_13_05,1535.25,1535.60,1532.70,1533.20,0,
22_06_2026_13_10,1533.25,1533.30,1531.10,1531.70,0,
22_06_2026_13_15,1531.70,1534.15,1531.55,1533.30,0,
22_06_2026_13_20,1533.45,1534.75,1533.00,1533.80,0,
22_06_2026_13_25,1533.80,1534.60,1533.35,1533.70,0,
22_06_2026_13_30,1533.65,1535.35,1533.50,1534.00,0,
22_06_2026_13_35,1534.00,1534.45,1532.55,1533.55,0,
22_06_2026_13_40,1533.55,1535.00,1532.35,1534.60,0,
22_06_2026_13_45,1534.60,1536.90,1534.15,1536.55,0,
22_06_2026_13_50,1536.60,1539.05,1536.45,1537.40,0,
22_06_2026_13_55,1537.40,1537.60,1536.45,1536.65,0,
22_06_2026_14_00,1536.65,1537.35,1535.20,1535.30,0,
22_06_2026_14_05,1535.30,1536.25,1534.75,1534.75,0,
22_06_2026_14_10,1534.75,1538.05,1534.40,1537.55,0,
22_06_2026_14_15,1537.55,1537.85,1536.60,1537.55,0,
22_06_2026_14_20,1537.45,1538.30,1536.80,1537.15,0,
22_06_2026_14_25,1537.15,1538.85,1536.50,1538.15,0,
22_06_2026_14_30,1537.95,1541.20,1537.85,1541.20,0,
22_06_2026_14_35,1541.20,1541.80,1539.55,1540.20,0,
22_06_2026_14_40,1540.20,1540.20,1537.60,1538.60,0,
22_06_2026_14_45,1538.60,1539.35,1537.85,1538.70,0,
22_06_2026_14_50,1538.70,1539.95,1538.15,1538.65,0,
22_06_2026_14_55,1538.65,1539.60,1536.95,1536.95,0,
22_06_2026_15_00,1536.95,1537.50,1535.40,1535.95,0,
22_06_2026_15_05,1536.10,1536.80,1535.15,1536.65,0,
22_06_2026_15_10,1536.55,1537.30,1535.30,1535.45,0,
22_06_2026_15_15,1535.40,1538.70,1535.15,1537.35,0,
22_06_2026_15_20,1537.95,1539.65,1536.60,1537.95,0,
22_06_2026_15_25,1537.95,1538.30,1532.70,1535.35,0,
23_06_2026_09_15,1540.20,1550.20,1540.20,1542.95,0,
23_06_2026_09_20,1543.00,1547.10,1542.05,1544.50,0,
23_06_2026_09_25,1544.25,1544.55,1541.65,1542.10,0,
23_06_2026_09_30,1541.90,1546.65,1541.65,1543.15,0,
23_06_2026_09_35,1543.00,1546.70,1541.55,1546.40,0,
23_06_2026_09_40,1546.45,1547.20,1542.15,1542.30,0,
23_06_2026_09_45,1542.30,1544.30,1541.15,1543.75,0,
23_06_2026_09_50,1543.65,1543.65,1540.50,1540.90,0,
23_06_2026_09_55,1540.90,1541.95,1539.25,1539.80,0,
23_06_2026_10_00,1539.80,1540.70,1538.00,1538.95,0,
23_06_2026_10_05,1538.95,1541.00,1538.25,1540.80,0,
23_06_2026_10_10,1540.80,1541.55,1538.35,1538.50,0,
23_06_2026_10_15,1538.50,1539.00,1534.25,1535.55,0,
23_06_2026_10_20,1535.50,1535.55,1534.00,1534.15,0,
23_06_2026_10_25,1534.10,1534.85,1530.90,1531.20,0,
23_06_2026_10_30,1531.20,1533.90,1531.00,1533.65,0,
23_06_2026_10_35,1533.65,1534.10,1533.25,1533.85,0,
23_06_2026_10_40,1533.85,1534.50,1533.15,1533.15,0,
23_06_2026_10_45,1533.15,1533.55,1530.45,1531.70,0,
23_06_2026_10_50,1531.70,1532.15,1530.50,1530.85,0,
23_06_2026_10_55,1530.85,1531.80,1530.05,1530.25,0,
23_06_2026_11_00,1530.40,1530.55,1528.65,1529.65,0,
23_06_2026_11_05,1529.65,1532.90,1529.00,1532.65,0,
23_06_2026_11_10,1532.65,1534.30,1531.80,1533.05,0,
23_06_2026_11_15,1533.05,1533.10,1530.00,1530.70,0,
23_06_2026_11_20,1530.70,1531.20,1530.00,1530.25,0,
23_06_2026_11_25,1530.25,1530.55,1529.25,1529.30,0,
23_06_2026_11_30,1529.40,1529.70,1528.85,1529.00,0,
23_06_2026_11_35,1529.00,1529.20,1527.20,1528.05,0,
23_06_2026_11_40,1528.00,1528.00,1525.20,1525.40,0,
23_06_2026_11_45,1525.50,1525.60,1522.15,1522.20,0,
23_06_2026_11_50,1522.25,1522.70,1520.75,1522.05,0,
23_06_2026_11_55,1522.05,1522.30,1517.95,1517.95,0,
23_06_2026_12_00,1518.10,1519.10,1515.95,1516.45,0,
23_06_2026_12_05,1516.25,1516.90,1512.70,1515.60,0,
23_06_2026_12_10,1515.35,1518.10,1511.45,1513.15,0,
23_06_2026_12_15,1513.40,1515.50,1512.80,1514.30,0,
23_06_2026_12_20,1514.30,1517.80,1512.35,1517.25,0,
23_06_2026_12_25,1517.25,1520.90,1517.05,1518.60,0,
23_06_2026_12_30,1518.60,1519.20,1516.80,1517.50,0,
23_06_2026_12_35,1517.35,1517.45,1515.85,1516.35,0,
23_06_2026_12_40,1516.35,1518.65,1514.90,1516.70,0,
23_06_2026_12_45,1516.70,1516.85,1514.60,1515.90,0,
23_06_2026_12_50,1515.90,1515.90,1514.40,1514.40,0,
23_06_2026_12_55,1514.40,1514.65,1513.50,1513.95,0,
23_06_2026_13_00,1513.95,1514.10,1510.65,1512.00,0,
23_06_2026_13_05,1511.95,1514.05,1511.80,1513.35,0,
23_06_2026_13_10,1513.35,1514.50,1512.60,1512.60,0,
23_06_2026_13_15,1512.60,1512.70,1511.55,1512.40,0,
23_06_2026_13_20,1512.40,1513.10,1511.65,1511.90,0,
23_06_2026_13_25,1511.90,1512.15,1510.55,1511.00,0,
23_06_2026_13_30,1511.00,1511.35,1509.65,1509.80,0,
23_06_2026_13_35,1509.80,1511.75,1509.30,1511.10,0,
23_06_2026_13_40,1511.10,1513.65,1511.05,1513.35,0,
23_06_2026_13_45,1513.35,1514.75,1512.20,1512.95,0,
23_06_2026_13_50,1512.95,1512.95,1511.70,1511.90,0,
23_06_2026_13_55,1511.90,1511.90,1510.65,1511.20,0,
23_06_2026_14_00,1511.25,1513.35,1510.55,1512.95,0,
23_06_2026_14_05,1513.00,1513.30,1511.40,1512.10,0,
23_06_2026_14_10,1512.10,1514.95,1511.90,1514.15,0,
23_06_2026_14_15,1514.25,1516.90,1513.45,1514.80,0,
23_06_2026_14_20,1515.00,1516.55,1514.15,1516.35,0,
23_06_2026_14_25,1516.15,1516.75,1514.75,1515.15,0,
23_06_2026_14_30,1515.15,1516.10,1514.55,1515.10,0,
23_06_2026_14_35,1515.10,1517.35,1514.90,1516.80,0,
23_06_2026_14_40,1516.80,1520.00,1516.60,1519.15,0,
23_06_2026_14_45,1519.15,1519.55,1516.85,1517.90,0,
23_06_2026_14_50,1517.90,1518.35,1517.25,1517.65,0,
23_06_2026_14_55,1517.75,1519.70,1517.30,1518.40,0,
23_06_2026_15_00,1518.45,1518.45,1512.70,1512.70,0,
23_06_2026_15_05,1512.70,1515.00,1512.70,1514.55,0,
23_06_2026_15_10,1514.65,1516.05,1513.60,1514.35,0,
23_06_2026_15_15,1514.30,1515.90,1513.80,1515.05,0,
23_06_2026_15_20,1515.05,1515.40,1513.00,1513.25,0,
23_06_2026_15_25,1513.25,1517.70,1512.45,1514.90,0,
24_06_2026_09_15,1515.30,1516.75,1509.50,1509.65,0,
24_06_2026_09_20,1509.90,1510.75,1507.75,1508.25,0,
24_06_2026_09_25,1508.30,1508.80,1505.65,1507.30,0,
24_06_2026_09_30,1507.30,1510.30,1506.95,1508.45,0,
24_06_2026_09_35,1508.50,1512.50,1508.20,1509.35,0,
24_06_2026_09_40,1509.45,1510.70,1505.80,1506.45,0,
24_06_2026_09_45,1506.45,1507.70,1499.40,1499.45,0,
24_06_2026_09_50,1499.40,1501.85,1498.95,1501.25,0,
24_06_2026_09_55,1501.30,1504.90,1501.30,1503.95,0,
24_06_2026_10_00,1503.95,1508.25,1503.95,1505.35,0,
24_06_2026_10_05,1505.40,1506.15,1504.85,1505.40,0,
24_06_2026_10_10,1505.40,1506.50,1504.90,1506.05,0,
24_06_2026_10_15,1506.05,1508.20,1505.45,1507.45,0,
24_06_2026_10_20,1507.45,1508.25,1505.80,1508.15,0,
24_06_2026_10_25,1508.05,1510.00,1507.55,1507.55,0,
24_06_2026_10_30,1507.60,1507.60,1505.10,1505.95,0,
24_06_2026_10_35,1505.95,1507.40,1505.75,1506.35,0,
24_06_2026_10_40,1506.35,1509.90,1506.35,1508.15,0,
24_06_2026_10_45,1508.15,1509.30,1507.75,1508.60,0,
24_06_2026_10_50,1508.60,1508.60,1507.00,1507.55,0,
24_06_2026_10_55,1507.55,1508.95,1506.70,1507.45,0,
24_06_2026_11_00,1507.30,1507.65,1506.20,1506.65,0,
24_06_2026_11_05,1506.65,1506.70,1505.05,1505.10,0,
24_06_2026_11_10,1505.10,1508.95,1505.10,1508.85,0,
24_06_2026_11_15,1508.85,1509.75,1507.85,1508.90,0,
24_06_2026_11_20,1508.90,1510.85,1508.65,1510.25,0,
24_06_2026_11_25,1510.25,1510.85,1509.00,1510.85,0,
24_06_2026_11_30,1510.85,1512.05,1510.00,1511.80,0,
24_06_2026_11_35,1511.80,1514.30,1510.85,1513.55,0,
24_06_2026_11_40,1513.55,1515.45,1512.90,1515.40,0,
24_06_2026_11_45,1515.40,1516.15,1514.30,1514.45,0,
24_06_2026_11_50,1514.45,1515.40,1513.50,1513.50,0,
24_06_2026_11_55,1513.50,1514.00,1511.60,1511.65,0,
24_06_2026_12_00,1511.65,1511.70,1508.45,1508.75,0,
24_06_2026_12_05,1508.75,1509.10,1507.10,1507.15,0,
24_06_2026_12_10,1507.15,1508.65,1507.15,1507.60,0,
24_06_2026_12_15,1507.60,1509.95,1507.60,1508.35,0,
24_06_2026_12_20,1508.65,1509.55,1507.60,1507.90,0,
24_06_2026_12_25,1507.90,1507.90,1506.20,1507.15,0,
24_06_2026_12_30,1507.15,1507.45,1505.55,1505.55,0,
24_06_2026_12_35,1505.55,1506.35,1505.10,1506.35,0,
24_06_2026_12_40,1506.35,1507.80,1506.10,1506.90,0,
24_06_2026_12_45,1506.90,1507.20,1505.85,1506.35,0,
24_06_2026_12_50,1506.55,1508.55,1506.10,1508.55,0,
24_06_2026_12_55,1508.55,1510.35,1507.60,1509.45,0,
24_06_2026_13_00,1509.45,1510.35,1508.90,1510.05,0,
24_06_2026_13_05,1510.05,1510.50,1509.25,1510.50,0,
24_06_2026_13_10,1510.50,1510.95,1509.80,1510.65,0,
24_06_2026_13_15,1510.70,1511.95,1510.45,1511.35,0,
24_06_2026_13_20,1511.35,1511.85,1510.70,1510.70,0,
24_06_2026_13_25,1510.70,1511.20,1509.25,1509.65,0,
24_06_2026_13_30,1509.70,1513.15,1509.40,1512.15,0,
24_06_2026_13_35,1512.15,1513.10,1509.95,1509.95,0,
24_06_2026_13_40,1509.95,1510.30,1509.15,1510.05,0,
24_06_2026_13_45,1510.05,1511.75,1509.75,1511.10,0,
24_06_2026_13_50,1511.10,1511.60,1510.60,1511.10,0,
24_06_2026_13_55,1511.10,1511.35,1510.60,1511.00,0,
24_06_2026_14_00,1511.00,1512.00,1510.45,1511.10,0,
24_06_2026_14_05,1511.10,1511.85,1510.45,1511.65,0,
24_06_2026_14_10,1511.65,1512.75,1511.50,1512.65,0,
24_06_2026_14_15,1512.65,1514.50,1512.50,1513.20,0,
24_06_2026_14_20,1513.20,1513.45,1511.65,1511.80,0,
24_06_2026_14_25,1511.80,1513.20,1511.70,1512.40,0,
24_06_2026_14_30,1512.40,1513.05,1511.50,1511.85,0,
24_06_2026_14_35,1511.85,1512.90,1511.70,1512.50,0,
24_06_2026_14_40,1512.50,1518.05,1512.45,1515.65,0,
24_06_2026_14_45,1515.65,1521.85,1514.95,1519.35,0,
24_06_2026_14_50,1519.35,1520.40,1518.05,1518.10,0,
24_06_2026_14_55,1518.10,1520.25,1518.00,1518.40,0,
24_06_2026_15_00,1518.50,1521.40,1517.70,1518.85,0,
24_06_2026_15_05,1518.90,1520.30,1518.40,1520.00,0,
24_06_2026_15_10,1519.90,1520.35,1518.45,1518.65,0,
24_06_2026_15_15,1518.70,1521.35,1518.20,1519.05,0,
24_06_2026_15_20,1519.15,1520.35,1518.35,1519.45,0,
24_06_2026_15_25,1519.30,1520.70,1518.05,1519.25,0,
25_06_2026_09_15,1523.80,1529.40,1514.15,1516.15,0,
25_06_2026_09_20,1516.15,1519.70,1516.15,1518.10,0,
25_06_2026_09_25,1518.25,1518.40,1514.40,1516.70,0,
25_06_2026_09_30,1516.70,1517.50,1514.10,1515.70,0,
25_06_2026_09_35,1515.65,1516.30,1514.25,1515.60,0,
25_06_2026_09_40,1515.60,1518.30,1514.15,1517.70,0,
25_06_2026_09_45,1517.70,1519.60,1516.75,1517.60,0,
25_06_2026_09_50,1517.60,1520.30,1516.90,1517.05,0,
25_06_2026_09_55,1517.05,1517.05,1514.10,1515.40,0,
25_06_2026_10_00,1515.40,1518.10,1515.25,1516.85,0,
25_06_2026_10_05,1516.85,1516.95,1513.55,1514.15,0,
25_06_2026_10_10,1514.15,1515.15,1512.85,1513.00,0,
25_06_2026_10_15,1513.00,1514.80,1512.05,1514.65,0,
25_06_2026_10_20,1514.65,1514.65,1512.40,1513.05,0,
25_06_2026_10_25,1513.10,1514.40,1512.50,1514.40,0,
25_06_2026_10_30,1514.40,1516.95,1514.40,1515.70,0,
25_06_2026_10_35,1515.70,1515.85,1513.90,1514.00,0,
25_06_2026_10_40,1514.00,1514.75,1513.35,1514.15,0,
25_06_2026_10_45,1514.15,1515.35,1513.55,1514.45,0,
25_06_2026_10_50,1514.45,1514.55,1513.05,1513.30,0,
25_06_2026_10_55,1513.30,1516.05,1512.95,1515.60,0,
25_06_2026_11_00,1515.55,1518.75,1514.25,1514.55,0,
25_06_2026_11_05,1514.55,1517.45,1513.70,1515.25,0,
25_06_2026_11_10,1515.05,1515.40,1512.40,1512.50,0,
25_06_2026_11_15,1513.05,1515.60,1512.80,1514.95,0,
25_06_2026_11_20,1514.90,1515.85,1513.45,1515.45,0,
25_06_2026_11_25,1515.45,1515.60,1513.75,1515.50,0,
25_06_2026_11_30,1515.65,1515.65,1513.85,1515.00,0,
25_06_2026_11_35,1515.00,1516.90,1514.25,1516.70,0,
25_06_2026_11_40,1516.70,1519.90,1516.70,1518.90,0,
25_06_2026_11_45,1518.70,1519.15,1515.90,1516.60,0,
25_06_2026_11_50,1516.60,1517.20,1515.45,1515.95,0,
25_06_2026_11_55,1515.85,1519.85,1515.85,1519.55,0,
25_06_2026_12_00,1519.55,1520.60,1518.35,1520.25,0,
25_06_2026_12_05,1520.25,1520.90,1519.40,1520.40,0,
25_06_2026_12_10,1520.40,1521.00,1519.40,1520.25,0,
25_06_2026_12_15,1520.25,1521.65,1519.30,1519.85,0,
25_06_2026_12_20,1519.85,1520.80,1518.00,1520.40,0,
25_06_2026_12_25,1520.35,1520.95,1517.80,1519.50,0,
25_06_2026_12_30,1519.40,1520.15,1514.45,1515.15,0,
25_06_2026_12_35,1515.30,1518.25,1514.40,1518.20,0,
25_06_2026_12_40,1518.25,1518.35,1514.25,1514.25,0,
25_06_2026_12_45,1514.25,1516.25,1513.70,1516.00,0,
25_06_2026_12_50,1516.00,1517.55,1516.00,1516.70,0,
25_06_2026_12_55,1516.70,1517.40,1514.30,1514.35,0,
25_06_2026_13_00,1514.35,1516.65,1513.80,1515.85,0,
25_06_2026_13_05,1515.85,1516.90,1514.95,1516.00,0,
25_06_2026_13_10,1516.00,1516.60,1515.05,1515.40,0,
25_06_2026_13_15,1515.40,1517.35,1515.30,1517.10,0,
25_06_2026_13_20,1517.10,1519.80,1517.10,1519.80,0,
25_06_2026_13_25,1519.80,1520.05,1518.25,1518.70,0,
25_06_2026_13_30,1518.70,1520.60,1517.05,1519.75,0,
25_06_2026_13_35,1519.55,1519.80,1517.50,1517.75,0,
25_06_2026_13_40,1517.75,1519.50,1517.70,1519.20,0,
25_06_2026_13_45,1519.20,1521.40,1518.70,1521.25,0,
25_06_2026_13_50,1521.05,1521.10,1519.20,1519.20,0,
25_06_2026_13_55,1519.20,1520.10,1518.25,1518.30,0,
25_06_2026_14_00,1518.30,1520.10,1518.05,1519.65,0,
25_06_2026_14_05,1519.65,1520.55,1518.60,1519.55,0,
25_06_2026_14_10,1519.55,1519.70,1517.40,1518.00,0,
25_06_2026_14_15,1518.00,1518.00,1514.55,1514.85,0,
25_06_2026_14_20,1514.85,1515.80,1514.45,1515.05,0,
25_06_2026_14_25,1515.05,1515.60,1513.45,1515.40,0,
25_06_2026_14_30,1515.40,1516.45,1515.25,1515.55,0,
25_06_2026_14_35,1515.55,1516.75,1515.30,1515.40,0,
25_06_2026_14_40,1515.40,1516.25,1512.75,1512.90,0,
25_06_2026_14_45,1512.95,1513.30,1511.00,1511.15,0,
25_06_2026_14_50,1511.15,1513.85,1510.40,1512.85,0,
25_06_2026_14_55,1512.95,1513.75,1512.20,1512.20,0,
25_06_2026_15_00,1512.55,1512.85,1510.95,1511.10,0,
25_06_2026_15_05,1511.10,1515.25,1510.10,1515.25,0,
25_06_2026_15_10,1515.25,1515.50,1512.10,1512.45,0,
25_06_2026_15_15,1512.65,1513.35,1509.25,1509.35,0,
25_06_2026_15_20,1509.15,1509.25,1506.50,1506.60,0,
25_06_2026_15_25,1506.80,1507.85,1504.55,1505.55,0,
29_06_2026_09_15,1510.45,1516.55,1506.75,1507.20,0,
29_06_2026_09_20,1507.00,1507.85,1501.20,1503.20,0,
29_06_2026_09_25,1503.30,1503.50,1500.50,1500.90,0,
29_06_2026_09_30,1501.00,1501.90,1494.85,1495.00,0,
29_06_2026_09_35,1494.85,1497.60,1494.15,1497.15,0,
29_06_2026_09_40,1497.15,1500.10,1496.50,1499.45,0,
29_06_2026_09_45,1499.45,1499.45,1496.40,1497.40,0,
29_06_2026_09_50,1497.40,1498.05,1492.85,1492.95,0,
29_06_2026_09_55,1492.85,1497.05,1492.50,1496.10,0,
29_06_2026_10_00,1496.05,1497.75,1495.95,1496.95,0,
29_06_2026_10_05,1496.95,1500.65,1496.90,1500.30,0,
29_06_2026_10_10,1500.15,1500.20,1497.75,1498.25,0,
29_06_2026_10_15,1498.65,1499.15,1495.90,1498.65,0,
29_06_2026_10_20,1498.65,1498.75,1496.80,1497.40,0,
29_06_2026_10_25,1497.55,1499.10,1497.40,1497.80,0,
29_06_2026_10_30,1497.80,1500.05,1497.75,1498.70,0,
29_06_2026_10_35,1498.70,1498.90,1496.40,1496.40,0,
29_06_2026_10_40,1496.40,1497.30,1495.80,1496.95,0,
29_06_2026_10_45,1496.95,1497.05,1494.70,1495.10,0,
29_06_2026_10_50,1495.10,1496.45,1494.20,1496.30,0,
29_06_2026_10_55,1496.30,1499.60,1495.85,1499.45,0,
29_06_2026_11_00,1499.25,1499.80,1497.90,1499.20,0,
29_06_2026_11_05,1499.20,1499.60,1497.80,1498.20,0,
29_06_2026_11_10,1498.20,1498.20,1496.50,1497.30,0,
29_06_2026_11_15,1497.30,1499.05,1496.70,1498.55,0,
29_06_2026_11_20,1498.55,1498.70,1496.85,1497.55,0,
29_06_2026_11_25,1497.60,1497.80,1496.55,1497.10,0,
29_06_2026_11_30,1497.25,1497.75,1494.95,1496.60,0,
29_06_2026_11_35,1496.70,1498.85,1495.90,1498.75,0,
29_06_2026_11_40,1499.10,1499.70,1498.45,1499.00,0,
29_06_2026_11_45,1499.00,1500.25,1498.40,1500.20,0,
29_06_2026_11_50,1500.20,1502.25,1499.85,1501.15,0,
29_06_2026_11_55,1501.15,1501.30,1498.80,1499.45,0,
29_06_2026_12_00,1499.50,1499.70,1498.75,1499.55,0,
29_06_2026_12_05,1499.55,1499.55,1498.05,1498.35,0,
29_06_2026_12_10,1498.35,1498.70,1497.60,1497.60,0,
29_06_2026_12_15,1497.85,1498.50,1496.95,1498.15,0,
29_06_2026_12_20,1498.15,1498.60,1497.25,1498.00,0,
29_06_2026_12_25,1498.00,1498.70,1495.15,1495.35,0,
29_06_2026_12_30,1495.60,1495.60,1491.00,1492.25,0,
29_06_2026_12_35,1492.30,1492.35,1489.95,1491.45,0,
29_06_2026_12_40,1491.55,1492.10,1490.70,1491.25,0,
29_06_2026_12_45,1491.25,1493.40,1490.35,1492.80,0,
29_06_2026_12_50,1492.80,1492.95,1489.90,1491.15,0,
29_06_2026_12_55,1491.15,1491.85,1490.85,1491.50,0,
29_06_2026_13_00,1491.40,1492.90,1491.15,1492.60,0,
29_06_2026_13_05,1492.60,1492.60,1491.75,1492.10,0,
29_06_2026_13_10,1492.10,1492.45,1490.75,1491.55,0,
29_06_2026_13_15,1491.55,1492.10,1489.20,1489.75,0,
29_06_2026_13_20,1489.75,1491.00,1488.40,1488.85,0,
29_06_2026_13_25,1488.85,1490.45,1488.55,1489.80,0,
29_06_2026_13_30,1489.80,1489.95,1488.30,1488.55,0,
29_06_2026_13_35,1488.50,1489.65,1488.10,1488.20,0,
29_06_2026_13_40,1488.20,1489.05,1487.75,1488.50,0,
29_06_2026_13_45,1488.45,1488.80,1487.05,1487.95,0,
29_06_2026_13_50,1487.95,1489.60,1487.90,1488.60,0,
29_06_2026_13_55,1488.60,1489.35,1488.05,1488.05,0,
29_06_2026_14_00,1488.05,1489.45,1487.90,1488.80,0,
29_06_2026_14_05,1488.80,1489.90,1488.60,1489.00,0,
29_06_2026_14_10,1489.00,1490.90,1488.90,1490.65,0,
29_06_2026_14_15,1490.65,1491.95,1490.20,1491.80,0,
29_06_2026_14_20,1491.70,1493.40,1491.45,1492.30,0,
29_06_2026_14_25,1492.30,1493.50,1491.85,1493.25,0,
29_06_2026_14_30,1493.35,1493.65,1491.05,1491.10,0,
29_06_2026_14_35,1491.10,1491.55,1490.20,1490.30,0,
29_06_2026_14_40,1490.45,1492.20,1489.80,1491.60,0,
29_06_2026_14_45,1491.50,1492.50,1491.00,1491.60,0,
29_06_2026_14_50,1491.40,1492.60,1490.80,1492.15,0,
29_06_2026_14_55,1492.10,1493.75,1491.80,1492.05,0,
29_06_2026_15_00,1491.95,1492.40,1487.75,1489.30,0,
29_06_2026_15_05,1489.00,1494.15,1488.20,1494.10,0,
29_06_2026_15_10,1493.60,1494.05,1490.75,1491.25,0,
29_06_2026_15_15,1491.20,1492.90,1489.05,1491.20,0,
29_06_2026_15_20,1491.35,1491.70,1484.85,1485.85,0,
29_06_2026_15_25,1485.45,1488.30,1484.35,1487.65,0,
30_06_2026_09_15,1491.75,1496.10,1488.10,1489.70,0,
30_06_2026_09_20,1489.50,1490.00,1485.85,1486.25,0,
30_06_2026_09_25,1486.10,1492.05,1483.95,1491.10,0,
30_06_2026_09_30,1491.20,1491.20,1485.80,1486.45,0,
30_06_2026_09_35,1486.25,1488.10,1485.55,1486.50,0,
30_06_2026_09_40,1486.50,1486.55,1481.80,1482.30,0,
30_06_2026_09_45,1482.35,1484.70,1480.75,1484.40,0,
30_06_2026_09_50,1484.50,1487.25,1484.00,1485.20,0,
30_06_2026_09_55,1485.25,1486.65,1483.70,1486.15,0,
30_06_2026_10_00,1486.10,1486.80,1484.25,1486.50,0,
30_06_2026_10_05,1486.50,1487.20,1484.50,1484.75,0,
30_06_2026_10_10,1484.75,1485.25,1483.35,1483.45,0,
30_06_2026_10_15,1483.45,1484.85,1482.90,1484.05,0,
30_06_2026_10_20,1484.05,1484.05,1481.65,1482.55,0,
30_06_2026_10_25,1482.65,1484.40,1482.25,1483.65,0,
30_06_2026_10_30,1483.60,1484.20,1482.65,1484.05,0,
30_06_2026_10_35,1484.05,1484.40,1483.60,1483.65,0,
30_06_2026_10_40,1483.65,1484.10,1482.25,1483.40,0,
30_06_2026_10_45,1483.40,1483.60,1482.80,1483.40,0,
30_06_2026_10_50,1483.40,1485.60,1483.20,1483.50,0,
30_06_2026_10_55,1483.50,1484.55,1482.35,1482.65,0,
30_06_2026_11_00,1482.50,1482.80,1480.95,1482.20,0,
30_06_2026_11_05,1482.20,1482.40,1480.70,1480.95,0,
30_06_2026_11_10,1480.95,1484.40,1480.80,1484.25,0,
30_06_2026_11_15,1484.25,1484.40,1481.85,1483.60,0,
30_06_2026_11_20,1483.70,1485.90,1483.20,1485.75,0,
30_06_2026_11_25,1485.75,1486.80,1485.35,1485.35,0,
30_06_2026_11_30,1485.35,1485.40,1483.00,1484.45,0,
30_06_2026_11_35,1484.35,1485.90,1482.00,1482.95,0,
30_06_2026_11_40,1482.95,1483.10,1481.90,1482.40,0,
30_06_2026_11_45,1482.40,1483.40,1482.25,1482.70,0,
30_06_2026_11_50,1482.70,1483.95,1482.60,1483.95,0,
30_06_2026_11_55,1483.95,1485.90,1483.85,1485.30,0,
30_06_2026_12_00,1485.30,1485.50,1483.30,1483.55,0,
30_06_2026_12_05,1483.55,1485.00,1483.35,1484.00,0,
30_06_2026_12_10,1484.00,1484.50,1483.05,1483.15,0,
30_06_2026_12_15,1483.15,1483.45,1482.70,1483.25,0,
30_06_2026_12_20,1483.25,1485.05,1483.15,1485.05,0,
30_06_2026_12_25,1485.10,1485.80,1482.55,1483.05,0,
30_06_2026_12_30,1483.05,1483.30,1482.05,1482.25,0,
30_06_2026_12_35,1482.25,1483.55,1482.20,1483.35,0,
30_06_2026_12_40,1483.35,1484.15,1482.95,1483.70,0,
30_06_2026_12_45,1483.70,1485.15,1483.55,1484.05,0,
30_06_2026_12_50,1484.05,1484.40,1483.20,1483.60,0,
30_06_2026_12_55,1483.60,1484.55,1483.45,1484.15,0,
30_06_2026_13_00,1484.15,1484.55,1483.95,1484.35,0,
30_06_2026_13_05,1484.35,1484.35,1482.70,1483.00,0,
30_06_2026_13_10,1483.00,1483.00,1481.70,1482.10,0,
30_06_2026_13_15,1482.10,1483.10,1482.00,1482.90,0,
30_06_2026_13_20,1483.05,1483.35,1482.35,1482.70,0,
30_06_2026_13_25,1482.65,1483.10,1482.15,1483.05,0,
30_06_2026_13_30,1483.10,1483.90,1482.80,1483.30,0,
30_06_2026_13_35,1483.30,1488.70,1482.90,1484.45,0,
30_06_2026_13_40,1484.45,1486.40,1483.15,1484.15,0,
30_06_2026_13_45,1484.15,1484.25,1482.50,1482.95,0,
30_06_2026_13_50,1482.95,1483.05,1481.60,1482.15,0,
30_06_2026_13_55,1482.05,1482.90,1481.50,1481.90,0,
30_06_2026_14_00,1481.90,1482.55,1481.40,1481.55,0,
30_06_2026_14_05,1481.55,1481.85,1480.80,1481.25,0,
30_06_2026_14_10,1481.25,1482.00,1480.90,1481.10,0,
30_06_2026_14_15,1481.10,1481.80,1480.70,1481.10,0,
30_06_2026_14_20,1481.10,1482.95,1480.80,1482.95,0,
30_06_2026_14_25,1482.95,1483.75,1481.45,1482.00,0,
30_06_2026_14_30,1481.95,1482.15,1480.75,1481.80,0,
30_06_2026_14_35,1481.80,1481.80,1480.15,1480.95,0,
30_06_2026_14_40,1480.95,1483.20,1480.70,1482.50,0,
30_06_2026_14_45,1482.50,1483.05,1480.45,1480.45,0,
30_06_2026_14_50,1480.45,1480.70,1479.10,1479.45,0,
30_06_2026_14_55,1479.45,1480.00,1478.70,1479.35,0,
30_06_2026_15_00,1479.35,1480.10,1476.70,1477.45,0,
30_06_2026_15_05,1477.50,1479.50,1477.20,1479.00,0,
30_06_2026_15_10,1478.55,1481.05,1478.40,1481.05,0,
30_06_2026_15_15,1480.95,1480.95,1475.65,1477.15,0,
30_06_2026_15_20,1477.05,1480.40,1476.65,1480.40,0,
30_06_2026_15_25,1480.65,1483.75,1477.40,1483.40,0,
01_07_2026_09_15,1487.25,1504.20,1486.65,1500.35,0,
01_07_2026_09_20,1500.40,1502.95,1498.50,1501.90,0,
01_07_2026_09_25,1502.10,1507.30,1500.05,1506.10,0,
01_07_2026_09_30,1506.20,1524.15,1505.75,1520.40,0,
01_07_2026_09_35,1520.35,1520.70,1516.30,1518.65,0,
01_07_2026_09_40,1518.65,1521.55,1515.60,1521.15,0,
01_07_2026_09_45,1520.90,1533.75,1519.60,1530.40,0,
01_07_2026_09_50,1530.25,1532.90,1518.50,1521.75,0,
01_07_2026_09_55,1522.15,1526.05,1521.30,1523.50,0,
01_07_2026_10_00,1523.60,1524.20,1520.15,1521.05,0,
01_07_2026_10_05,1521.05,1523.70,1520.35,1523.40,0,
01_07_2026_10_10,1523.40,1526.30,1519.55,1524.65,0,
01_07_2026_10_15,1524.60,1531.50,1524.30,1528.00,0,
01_07_2026_10_20,1528.10,1528.15,1524.45,1524.50,0,
01_07_2026_10_25,1524.75,1526.75,1523.90,1526.30,0,
01_07_2026_10_30,1526.30,1527.70,1525.35,1526.90,0,
01_07_2026_10_35,1526.90,1527.25,1519.15,1520.85,0,
01_07_2026_10_40,1520.85,1523.10,1520.30,1522.80,0,
01_07_2026_10_45,1522.80,1523.90,1521.40,1523.15,0,
01_07_2026_10_50,1523.15,1523.20,1519.80,1520.85,0,
01_07_2026_10_55,1520.75,1523.00,1520.30,1522.80,0,
01_07_2026_11_00,1522.80,1522.95,1521.20,1522.45,0,
01_07_2026_11_05,1522.30,1523.45,1521.20,1523.40,0,
01_07_2026_11_10,1523.30,1526.80,1523.20,1526.60,0,
01_07_2026_11_15,1526.35,1527.10,1524.25,1525.60,0,
01_07_2026_11_20,1525.60,1525.70,1523.80,1524.20,0,
01_07_2026_11_25,1524.30,1524.40,1522.75,1522.80,0,
01_07_2026_11_30,1522.80,1524.20,1520.00,1520.35,0,
01_07_2026_11_35,1520.40,1520.45,1518.75,1520.45,0,
01_07_2026_11_40,1520.25,1521.45,1520.00,1520.90,0,
01_07_2026_11_45,1520.90,1522.00,1520.15,1521.10,0,
01_07_2026_11_50,1520.95,1521.00,1519.05,1519.20,0,
01_07_2026_11_55,1519.20,1519.65,1513.75,1515.85,0,
01_07_2026_12_00,1515.85,1515.85,1510.95,1511.95,0,
01_07_2026_12_05,1511.95,1512.50,1509.85,1510.65,0,
01_07_2026_12_10,1510.65,1511.75,1508.90,1509.95,0,
01_07_2026_12_15,1509.95,1510.60,1508.75,1509.85,0,
01_07_2026_12_20,1509.85,1509.90,1508.30,1509.85,0,
01_07_2026_12_25,1509.85,1510.10,1507.45,1508.25,0,
01_07_2026_12_30,1508.25,1510.55,1508.25,1508.70,0,
01_07_2026_12_35,1508.70,1509.20,1507.25,1507.55,0,
01_07_2026_12_40,1507.55,1507.70,1505.80,1507.35,0,
01_07_2026_12_45,1507.40,1508.65,1506.25,1508.30,0,
01_07_2026_12_50,1508.40,1508.70,1507.25,1507.50,0,
01_07_2026_12_55,1507.55,1509.30,1507.15,1509.15,0,
01_07_2026_13_00,1509.10,1510.25,1508.55,1509.40,0,
01_07_2026_13_05,1509.40,1513.90,1509.30,1513.50,0,
01_07_2026_13_10,1513.35,1514.85,1511.60,1514.15,0,
01_07_2026_13_15,1514.20,1514.25,1511.45,1511.90,0,
01_07_2026_13_20,1511.65,1512.35,1510.75,1510.75,0,
01_07_2026_13_25,1510.70,1512.25,1509.25,1509.60,0,
01_07_2026_13_30,1509.60,1509.90,1507.75,1508.40,0,
01_07_2026_13_35,1508.40,1510.40,1508.10,1510.20,0,
01_07_2026_13_40,1510.20,1511.00,1509.15,1509.40,0,
01_07_2026_13_45,1509.40,1510.40,1509.05,1510.00,0,
01_07_2026_13_50,1510.15,1511.70,1509.50,1511.05,0,
01_07_2026_13_55,1511.05,1511.60,1509.95,1509.95,0,
01_07_2026_14_00,1509.95,1511.20,1508.85,1508.95,0,
01_07_2026_14_05,1508.85,1509.95,1508.65,1509.25,0,
01_07_2026_14_10,1509.25,1509.90,1507.60,1507.70,0,
01_07_2026_14_15,1507.70,1508.10,1507.00,1507.20,0,
01_07_2026_14_20,1507.55,1508.55,1507.30,1507.75,0,
01_07_2026_14_25,1507.75,1508.05,1506.05,1506.60,0,
01_07_2026_14_30,1506.95,1507.10,1503.85,1504.05,0,
01_07_2026_14_35,1504.15,1505.15,1501.35,1501.35,0,
01_07_2026_14_40,1501.30,1509.75,1500.50,1509.00,0,
01_07_2026_14_45,1509.00,1511.35,1506.55,1506.85,0,
01_07_2026_14_50,1506.85,1508.05,1504.90,1505.00,0,
01_07_2026_14_55,1505.20,1508.75,1505.05,1507.55,0,
01_07_2026_15_00,1506.85,1512.45,1506.60,1511.75,0,
01_07_2026_15_05,1511.80,1515.60,1510.20,1510.45,0,
01_07_2026_15_10,1510.35,1510.85,1505.95,1506.90,0,
01_07_2026_15_15,1506.75,1508.80,1504.80,1505.10,0,
01_07_2026_15_20,1505.00,1505.95,1503.85,1505.50,0,
01_07_2026_15_25,1505.55,1511.55,1504.50,1508.95,0,
02_07_2026_09_15,1516.95,1517.95,1505.65,1506.35,0,
02_07_2026_09_20,1506.40,1509.05,1503.95,1506.60,0,
02_07_2026_09_25,1506.60,1511.10,1505.80,1510.95,0,
02_07_2026_09_30,1510.50,1511.30,1507.00,1509.10,0,
02_07_2026_09_35,1509.00,1509.30,1507.35,1508.25,0,
02_07_2026_09_40,1508.25,1510.35,1508.05,1508.10,0,
02_07_2026_09_45,1508.05,1508.30,1506.85,1507.40,0,
02_07_2026_09_50,1507.40,1511.85,1506.55,1511.50,0,
02_07_2026_09_55,1511.45,1515.20,1510.15,1510.35,0,
02_07_2026_10_00,1510.20,1520.15,1509.95,1518.05,0,
02_07_2026_10_05,1518.05,1518.05,1514.00,1516.35,0,
02_07_2026_10_10,1516.35,1516.95,1514.35,1514.75,0,
02_07_2026_10_15,1514.70,1515.65,1513.00,1513.55,0,
02_07_2026_10_20,1513.55,1514.85,1512.20,1512.85,0,
02_07_2026_10_25,1512.65,1513.65,1511.70,1512.65,0,
02_07_2026_10_30,1512.65,1512.80,1510.00,1510.80,0,
02_07_2026_10_35,1510.80,1511.80,1509.70,1510.95,0,
02_07_2026_10_40,1510.95,1511.60,1509.40,1510.10,0,
02_07_2026_10_45,1510.10,1512.70,1509.25,1511.15,0,
02_07_2026_10_50,1511.05,1511.75,1509.40,1510.10,0,
02_07_2026_10_55,1510.10,1510.95,1509.35,1509.35,0,
02_07_2026_11_00,1509.35,1511.20,1509.35,1510.25,0,
02_07_2026_11_05,1510.25,1511.50,1509.65,1510.90,0,
02_07_2026_11_10,1510.90,1511.70,1509.20,1510.65,0,
02_07_2026_11_15,1510.65,1512.75,1510.40,1512.20,0,
02_07_2026_11_20,1512.20,1513.10,1511.40,1511.95,0,
02_07_2026_11_25,1511.95,1513.50,1510.90,1510.90,0,
02_07_2026_11_30,1510.90,1512.55,1510.80,1511.05,0,
02_07_2026_11_35,1511.05,1511.30,1509.15,1509.25,0,
02_07_2026_11_40,1509.30,1511.40,1508.80,1511.20,0,
02_07_2026_11_45,1511.25,1511.50,1509.85,1510.75,0,
02_07_2026_11_50,1510.75,1511.85,1510.20,1511.55,0,
02_07_2026_11_55,1511.55,1511.65,1509.10,1510.05,0,
02_07_2026_12_00,1510.05,1512.80,1509.85,1512.80,0,
02_07_2026_12_05,1512.65,1513.00,1510.50,1510.85,0,
02_07_2026_12_10,1510.85,1511.35,1509.55,1511.35,0,
02_07_2026_12_15,1511.35,1511.45,1509.50,1510.80,0,
02_07_2026_12_20,1511.05,1511.60,1510.05,1510.60,0,
02_07_2026_12_25,1510.60,1510.65,1509.50,1510.05,0,
02_07_2026_12_30,1510.05,1511.40,1509.65,1511.10,0,
02_07_2026_12_35,1511.10,1511.95,1510.75,1510.95,0,
02_07_2026_12_40,1510.95,1511.30,1510.15,1510.90,0,
02_07_2026_12_45,1510.90,1511.85,1510.25,1510.75,0,
02_07_2026_12_50,1510.60,1510.90,1509.90,1510.90,0,
02_07_2026_12_55,1510.90,1511.25,1509.85,1510.50,0,
02_07_2026_13_00,1510.50,1510.90,1509.55,1510.15,0,
02_07_2026_13_05,1510.15,1511.40,1509.80,1510.60,0,
02_07_2026_13_10,1510.60,1526.90,1510.40,1522.70,0,
02_07_2026_13_15,1522.70,1524.05,1516.60,1517.05,0,
02_07_2026_13_20,1517.00,1518.70,1515.45,1516.75,0,
02_07_2026_13_25,1516.75,1518.55,1515.25,1517.75,0,
02_07_2026_13_30,1517.80,1517.80,1515.65,1515.80,0,
02_07_2026_13_35,1515.90,1517.05,1514.40,1516.15,0,
02_07_2026_13_40,1516.00,1519.80,1515.25,1519.25,0,
02_07_2026_13_45,1518.95,1519.25,1516.85,1517.85,0,
02_07_2026_13_50,1517.90,1519.65,1517.35,1519.00,0,
02_07_2026_13_55,1519.00,1519.15,1517.50,1518.20,0,
02_07_2026_14_00,1518.20,1518.75,1517.70,1518.40,0,
02_07_2026_14_05,1518.40,1518.85,1517.90,1518.05,0,
02_07_2026_14_10,1518.05,1519.10,1517.65,1517.70,0,
02_07_2026_14_15,1517.70,1518.40,1517.25,1517.60,0,
02_07_2026_14_20,1517.60,1519.90,1517.50,1519.80,0,
02_07_2026_14_25,1519.80,1520.90,1518.45,1518.45,0,
02_07_2026_14_30,1518.45,1519.60,1516.80,1517.70,0,
02_07_2026_14_35,1517.65,1520.60,1516.60,1519.50,0,
02_07_2026_14_40,1519.70,1520.85,1518.75,1520.45,0,
02_07_2026_14_45,1520.45,1521.75,1518.70,1521.70,0,
02_07_2026_14_50,1521.70,1522.35,1520.60,1521.70,0,
02_07_2026_14_55,1521.80,1521.80,1520.50,1521.40,0,
02_07_2026_15_00,1521.25,1522.30,1520.35,1521.20,0,
02_07_2026_15_05,1521.20,1522.35,1519.90,1521.45,0,
02_07_2026_15_10,1521.35,1521.60,1518.70,1519.85,0,
02_07_2026_15_15,1519.60,1520.40,1517.30,1519.00,0,
02_07_2026_15_20,1518.75,1519.25,1517.05,1517.20,0,
02_07_2026_15_25,1517.30,1519.70,1516.30,1519.35,0,
03_07_2026_09_15,1525.70,1532.50,1523.60,1525.20,0,
03_07_2026_09_20,1525.20,1526.50,1522.30,1526.00,0,
03_07_2026_09_25,1526.15,1527.00,1521.20,1521.90,0,
03_07_2026_09_30,1522.10,1524.05,1520.95,1523.55,0,
03_07_2026_09_35,1523.55,1525.05,1522.90,1522.90,0,
03_07_2026_09_40,1522.90,1522.95,1518.50,1518.80,0,
03_07_2026_09_45,1518.85,1519.90,1518.20,1518.55,0,
03_07_2026_09_50,1518.55,1520.25,1518.40,1518.70,0,
03_07_2026_09_55,1518.70,1521.65,1517.75,1521.10,0,
03_07_2026_10_00,1521.15,1523.25,1519.85,1522.80,0,
03_07_2026_10_05,1522.75,1524.20,1521.60,1521.95,0,
03_07_2026_10_10,1521.95,1523.15,1520.60,1522.30,0,
03_07_2026_10_15,1522.35,1522.40,1520.10,1521.65,0,
03_07_2026_10_20,1521.80,1521.80,1518.95,1519.45,0,
03_07_2026_10_25,1519.50,1521.95,1519.50,1521.45,0,
03_07_2026_10_30,1521.35,1521.45,1519.00,1519.95,0,
03_07_2026_10_35,1519.95,1520.05,1518.95,1520.05,0,
03_07_2026_10_40,1520.05,1520.80,1519.60,1520.00,0,
03_07_2026_10_45,1520.00,1521.35,1520.00,1520.50,0,
03_07_2026_10_50,1520.50,1521.00,1519.45,1520.30,0,
03_07_2026_10_55,1520.25,1521.05,1519.50,1519.95,0,
03_07_2026_11_00,1519.95,1520.15,1518.40,1518.40,0,
03_07_2026_11_05,1518.50,1519.55,1517.00,1519.15,0,
03_07_2026_11_10,1519.20,1519.65,1518.10,1518.80,0,
03_07_2026_11_15,1518.70,1519.25,1517.95,1518.75,0,
03_07_2026_11_20,1518.75,1519.20,1517.40,1518.65,0,
03_07_2026_11_25,1518.65,1520.65,1518.45,1519.55,0,
03_07_2026_11_30,1519.55,1520.05,1519.05,1519.25,0,
03_07_2026_11_35,1519.20,1520.15,1518.35,1518.55,0,
03_07_2026_11_40,1518.55,1519.00,1518.00,1518.25,0,
03_07_2026_11_45,1518.25,1519.15,1517.00,1519.10,0,
03_07_2026_11_50,1519.10,1519.15,1517.75,1519.10,0,
03_07_2026_11_55,1519.10,1519.10,1517.55,1517.85,0,
03_07_2026_12_00,1518.00,1518.40,1517.60,1518.00,0,
03_07_2026_12_05,1518.00,1519.55,1517.55,1518.95,0,
03_07_2026_12_10,1518.95,1520.20,1518.40,1519.95,0,
03_07_2026_12_15,1519.95,1520.20,1518.75,1520.20,0,
03_07_2026_12_20,1520.20,1520.40,1519.15,1519.85,0,
03_07_2026_12_25,1519.85,1520.30,1519.45,1519.85,0,
03_07_2026_12_30,1519.85,1519.90,1518.55,1518.75,0,
03_07_2026_12_35,1518.70,1522.20,1518.25,1519.25,0,
03_07_2026_12_40,1519.40,1521.40,1519.25,1520.70,0,
03_07_2026_12_45,1520.45,1522.45,1520.45,1521.95,0,
03_07_2026_12_50,1522.00,1523.30,1519.45,1519.95,0,
03_07_2026_12_55,1519.75,1520.45,1518.95,1519.40,0,
03_07_2026_13_00,1519.25,1519.45,1516.45,1517.10,0,
03_07_2026_13_05,1517.10,1517.40,1514.70,1514.90,0,
03_07_2026_13_10,1514.90,1516.15,1513.50,1514.45,0,
03_07_2026_13_15,1514.35,1514.95,1513.75,1514.80,0,
03_07_2026_13_20,1514.80,1516.95,1514.80,1515.45,0,
03_07_2026_13_25,1515.60,1516.00,1514.10,1514.45,0,
03_07_2026_13_30,1514.25,1514.90,1513.80,1514.40,0,
03_07_2026_13_35,1514.25,1514.85,1513.35,1513.60,0,
03_07_2026_13_40,1513.65,1514.05,1512.90,1513.45,0,
03_07_2026_13_45,1513.45,1514.15,1513.00,1513.65,0,
03_07_2026_13_50,1513.65,1514.60,1513.15,1513.95,0,
03_07_2026_13_55,1513.95,1514.65,1513.55,1514.15,0,
03_07_2026_14_00,1514.00,1515.05,1513.35,1515.00,0,
03_07_2026_14_05,1515.00,1516.20,1514.95,1515.00,0,
03_07_2026_14_10,1515.20,1515.35,1514.30,1514.60,0,
03_07_2026_14_15,1514.70,1515.25,1514.15,1515.10,0,
03_07_2026_14_20,1515.10,1515.20,1513.85,1513.85,0,
03_07_2026_14_25,1513.85,1514.05,1512.90,1513.75,0,
03_07_2026_14_30,1513.75,1515.30,1513.70,1514.80,0,
03_07_2026_14_35,1514.90,1515.10,1514.15,1514.60,0,
03_07_2026_14_40,1514.60,1515.45,1514.50,1514.90,0,
03_07_2026_14_45,1514.70,1516.15,1513.85,1515.45,0,
03_07_2026_14_50,1515.30,1515.70,1514.55,1515.25,0,
03_07_2026_14_55,1515.25,1515.90,1514.10,1514.65,0,
03_07_2026_15_00,1514.65,1515.95,1513.75,1514.60,0,
03_07_2026_15_05,1514.50,1516.25,1514.00,1516.05,0,
03_07_2026_15_10,1516.05,1516.50,1512.10,1512.20,0,
03_07_2026_15_15,1511.00,1513.50,1510.85,1512.50,0,
03_07_2026_15_20,1512.30,1512.80,1507.50,1508.95,0,
03_07_2026_15_25,1508.80,1512.45,1506.80,1511.90,0,
06_07_2026_09_15,1514.60,1516.75,1505.10,1507.55,0,
06_07_2026_09_20,1507.50,1507.50,1502.75,1504.50,0,
06_07_2026_09_25,1504.80,1507.10,1503.70,1504.30,0,
06_07_2026_09_30,1504.60,1504.75,1501.90,1502.35,0,
06_07_2026_09_35,1502.35,1505.20,1502.10,1503.00,0,
06_07_2026_09_40,1503.05,1504.20,1501.50,1503.85,0,
06_07_2026_09_45,1503.85,1505.40,1502.45,1503.60,0,
06_07_2026_09_50,1503.95,1506.05,1503.70,1506.00,0,
06_07_2026_09_55,1506.00,1507.50,1504.30,1505.95,0,
06_07_2026_10_00,1505.95,1509.35,1505.45,1508.90,0,
06_07_2026_10_05,1508.90,1510.95,1506.45,1510.90,0,
06_07_2026_10_10,1510.90,1511.60,1507.60,1508.05,0,
06_07_2026_10_15,1507.95,1510.10,1507.65,1509.95,0,
06_07_2026_10_20,1509.95,1511.05,1509.20,1509.20,0,
06_07_2026_10_25,1509.20,1509.50,1507.45,1508.00,0,
06_07_2026_10_30,1508.00,1509.20,1507.00,1507.15,0,
06_07_2026_10_35,1507.00,1507.40,1505.85,1506.50,0,
06_07_2026_10_40,1506.50,1507.20,1505.10,1505.50,0,
06_07_2026_10_45,1505.50,1506.00,1504.75,1505.35,0,
06_07_2026_10_50,1505.35,1505.80,1504.00,1504.60,0,
06_07_2026_10_55,1504.60,1505.05,1501.20,1502.25,0,
06_07_2026_11_00,1502.25,1504.35,1502.05,1503.80,0,
06_07_2026_11_05,1503.80,1503.85,1500.00,1500.35,0,
06_07_2026_11_10,1500.40,1501.10,1499.55,1499.80,0,
06_07_2026_11_15,1499.80,1500.90,1499.25,1500.40,0,
06_07_2026_11_20,1500.40,1500.80,1499.40,1499.75,0,
06_07_2026_11_25,1499.75,1500.20,1497.85,1498.80,0,
06_07_2026_11_30,1498.80,1499.75,1498.05,1498.75,0,
06_07_2026_11_35,1498.55,1500.80,1497.20,1498.85,0,
06_07_2026_11_40,1498.85,1501.05,1498.50,1500.05,0,
06_07_2026_11_45,1500.05,1500.80,1499.60,1500.60,0,
06_07_2026_11_50,1500.60,1500.95,1495.55,1495.90,0,
06_07_2026_11_55,1495.90,1496.70,1495.05,1496.00,0,
06_07_2026_12_00,1496.00,1496.90,1495.80,1496.20,0,
06_07_2026_12_05,1496.20,1496.35,1495.10,1496.10,0,
06_07_2026_12_10,1496.10,1496.10,1494.65,1494.75,0,
06_07_2026_12_15,1494.90,1495.20,1489.65,1491.00,0,
06_07_2026_12_20,1491.05,1492.10,1490.20,1490.95,0,
06_07_2026_12_25,1490.95,1492.85,1490.50,1491.45,0,
06_07_2026_12_30,1491.45,1491.70,1489.45,1489.95,0,
06_07_2026_12_35,1490.00,1490.75,1489.35,1489.90,0,
06_07_2026_12_40,1489.90,1491.15,1489.20,1491.05,0,
06_07_2026_12_45,1491.05,1491.65,1490.20,1490.45,0,
06_07_2026_12_50,1490.45,1490.75,1489.35,1490.25,0,
06_07_2026_12_55,1490.25,1491.25,1489.55,1490.90,0,
06_07_2026_13_00,1490.90,1492.05,1490.55,1492.00,0,
06_07_2026_13_05,1491.95,1492.80,1491.30,1492.70,0,
06_07_2026_13_10,1492.70,1493.35,1492.10,1492.70,0,
06_07_2026_13_15,1492.70,1492.70,1490.90,1491.20,0,
06_07_2026_13_20,1491.15,1491.55,1490.45,1491.55,0,
06_07_2026_13_25,1491.55,1493.20,1490.75,1492.80,0,
06_07_2026_13_30,1492.80,1494.05,1492.65,1493.10,0,
06_07_2026_13_35,1493.20,1493.85,1492.60,1493.05,0,
06_07_2026_13_40,1493.05,1493.55,1492.25,1492.60,0,
06_07_2026_13_45,1492.60,1493.45,1491.90,1493.40,0,
06_07_2026_13_50,1493.40,1495.05,1492.95,1494.65,0,
06_07_2026_13_55,1494.65,1494.75,1493.50,1494.55,0,
06_07_2026_14_00,1494.40,1495.20,1493.55,1494.60,0,
06_07_2026_14_05,1494.60,1497.05,1494.35,1496.30,0,
06_07_2026_14_10,1496.30,1496.80,1495.60,1496.10,0,
06_07_2026_14_15,1496.10,1496.30,1495.30,1496.25,0,
06_07_2026_14_20,1496.25,1497.10,1495.50,1496.40,0,
06_07_2026_14_25,1496.40,1496.40,1494.85,1495.90,0,
06_07_2026_14_30,1496.05,1496.05,1494.50,1495.30,0,
06_07_2026_14_35,1495.30,1497.50,1495.25,1496.45,0,
06_07_2026_14_40,1496.45,1498.10,1495.40,1497.35,0,
06_07_2026_14_45,1497.35,1498.35,1496.20,1496.55,0,
06_07_2026_14_50,1496.65,1497.35,1494.45,1495.85,0,
06_07_2026_14_55,1495.75,1496.75,1494.65,1496.05,0,
06_07_2026_15_00,1496.05,1498.65,1495.35,1495.65,0,
06_07_2026_15_05,1495.70,1498.10,1495.70,1497.30,0,
06_07_2026_15_10,1497.20,1497.90,1496.30,1497.60,0,
06_07_2026_15_15,1497.35,1498.10,1496.10,1496.75,0,
06_07_2026_15_20,1496.80,1498.95,1495.75,1497.95,0,
06_07_2026_15_25,1498.00,1501.10,1497.10,1498.35,0,
07_07_2026_09_15,1501.95,1503.50,1490.10,1496.55,0,
07_07_2026_09_20,1496.60,1498.45,1491.95,1492.30,0,
07_07_2026_09_25,1492.50,1494.65,1490.95,1493.25,0,
07_07_2026_09_30,1493.15,1493.35,1488.50,1488.65,0,
07_07_2026_09_35,1488.65,1490.10,1486.95,1487.80,0,
07_07_2026_09_40,1487.85,1488.75,1487.55,1487.60,0,
07_07_2026_09_45,1487.60,1488.55,1485.80,1486.10,0,
07_07_2026_09_50,1486.10,1486.50,1481.75,1481.85,0,
07_07_2026_09_55,1481.80,1483.45,1481.30,1483.10,0,
07_07_2026_10_00,1483.10,1483.25,1479.40,1479.85,0,
07_07_2026_10_05,1479.80,1480.80,1478.15,1480.30,0,
07_07_2026_10_10,1480.30,1481.65,1476.85,1477.15,0,
07_07_2026_10_15,1477.15,1478.05,1476.10,1477.60,0,
07_07_2026_10_20,1477.60,1478.15,1476.50,1476.55,0,
07_07_2026_10_25,1476.55,1477.15,1473.60,1474.40,0,
07_07_2026_10_30,1474.40,1477.50,1473.50,1477.10,0,
07_07_2026_10_35,1477.05,1478.70,1476.85,1478.45,0,
07_07_2026_10_40,1478.45,1478.85,1477.25,1477.40,0,
07_07_2026_10_45,1477.50,1477.80,1476.70,1477.10,0,
07_07_2026_10_50,1477.10,1477.35,1475.70,1475.80,0,
07_07_2026_10_55,1475.80,1475.95,1474.25,1475.55,0,
07_07_2026_11_00,1475.60,1477.10,1475.40,1476.75,0,
07_07_2026_11_05,1476.75,1477.70,1476.15,1476.50,0,
07_07_2026_11_10,1476.35,1478.70,1475.70,1478.70,0,
07_07_2026_11_15,1478.70,1480.05,1477.70,1478.65,0,
07_07_2026_11_20,1478.65,1478.65,1477.15,1478.40,0,
07_07_2026_11_25,1478.40,1479.05,1477.40,1478.20,0,
07_07_2026_11_30,1478.20,1487.25,1478.00,1487.25,0,
07_07_2026_11_35,1487.25,1489.75,1486.05,1488.60,0,
07_07_2026_11_40,1488.60,1490.70,1487.70,1489.55,0,
07_07_2026_11_45,1489.55,1491.90,1488.85,1491.20,0,
07_07_2026_11_50,1491.20,1494.45,1490.10,1491.10,0,
07_07_2026_11_55,1491.10,1492.15,1490.60,1491.35,0,
07_07_2026_12_00,1491.20,1494.60,1491.20,1493.45,0,
07_07_2026_12_05,1493.50,1494.15,1490.85,1491.75,0,
07_07_2026_12_10,1491.75,1495.40,1490.65,1494.20,0,
07_07_2026_12_15,1494.30,1495.90,1493.45,1494.40,0,
07_07_2026_12_20,1494.40,1497.50,1494.15,1495.50,0,
07_07_2026_12_25,1495.50,1496.60,1494.05,1495.20,0,
07_07_2026_12_30,1495.10,1495.50,1493.05,1493.25,0,
07_07_2026_12_35,1493.25,1494.60,1492.60,1493.75,0,
07_07_2026_12_40,1493.75,1494.00,1492.35,1493.15,0,
07_07_2026_12_45,1493.35,1493.65,1491.55,1491.80,0,
07_07_2026_12_50,1491.80,1493.30,1490.80,1491.15,0,
07_07_2026_12_55,1491.15,1492.45,1490.80,1491.45,0,
07_07_2026_13_00,1491.45,1491.80,1490.70,1491.10,0,
07_07_2026_13_05,1491.10,1491.70,1490.50,1491.40,0,
07_07_2026_13_10,1491.40,1491.80,1489.25,1489.45,0,
07_07_2026_13_15,1489.45,1489.45,1486.80,1487.50,0,
07_07_2026_13_20,1487.50,1487.70,1486.50,1487.55,0,
07_07_2026_13_25,1487.55,1489.10,1487.20,1488.85,0,
07_07_2026_13_30,1488.85,1490.05,1488.85,1489.25,0,
07_07_2026_13_35,1489.25,1489.45,1488.35,1488.40,0,
07_07_2026_13_40,1488.40,1490.50,1488.30,1490.10,0,
07_07_2026_13_45,1490.10,1490.75,1490.10,1490.35,0,
07_07_2026_13_50,1490.35,1492.30,1490.20,1491.80,0,
07_07_2026_13_55,1491.80,1492.10,1490.10,1490.75,0,
07_07_2026_14_00,1490.70,1491.45,1490.20,1491.40,0,
07_07_2026_14_05,1491.40,1492.45,1490.45,1492.05,0,
07_07_2026_14_10,1492.05,1493.60,1491.90,1492.60,0,
07_07_2026_14_15,1492.60,1492.65,1491.30,1492.40,0,
07_07_2026_14_20,1492.40,1492.65,1490.85,1491.00,0,
07_07_2026_14_25,1491.00,1491.75,1490.55,1490.70,0,
07_07_2026_14_30,1490.70,1491.00,1489.85,1490.65,0,
07_07_2026_14_35,1490.65,1491.35,1490.10,1490.80,0,
07_07_2026_14_40,1490.95,1491.10,1489.75,1490.85,0,
07_07_2026_14_45,1490.85,1490.90,1489.30,1490.20,0,
07_07_2026_14_50,1490.10,1490.40,1488.15,1489.05,0,
07_07_2026_14_55,1489.05,1489.35,1486.85,1488.20,0,
07_07_2026_15_00,1488.25,1488.25,1485.00,1485.70,0,
07_07_2026_15_05,1485.70,1490.75,1485.05,1490.65,0,
07_07_2026_15_10,1490.65,1492.90,1487.70,1488.35,0,
07_07_2026_15_15,1488.05,1489.60,1486.25,1486.90,0,
07_07_2026_15_20,1486.75,1487.70,1484.30,1484.75,0,
07_07_2026_15_25,1484.80,1486.00,1482.70,1484.85,0,
08_07_2026_09_15,1479.30,1479.85,1469.45,1474.70,0,
08_07_2026_09_20,1474.70,1475.60,1472.70,1475.20,0,
08_07_2026_09_25,1475.20,1476.30,1472.30,1473.05,0,
08_07_2026_09_30,1472.95,1474.05,1471.95,1473.90,0,
08_07_2026_09_35,1473.90,1474.25,1471.25,1472.15,0,
08_07_2026_09_40,1472.20,1473.10,1471.15,1472.70,0,
08_07_2026_09_45,1472.70,1473.05,1469.95,1470.00,0,
08_07_2026_09_50,1469.95,1470.55,1468.05,1468.35,0,
08_07_2026_09_55,1468.35,1470.85,1467.60,1468.25,0,
08_07_2026_10_00,1468.25,1469.85,1467.50,1469.00,0,
08_07_2026_10_05,1469.00,1469.15,1467.90,1468.20,0,
08_07_2026_10_10,1468.20,1470.50,1468.20,1470.30,0,
08_07_2026_10_15,1470.30,1470.55,1469.75,1470.15,0,
08_07_2026_10_20,1470.15,1471.80,1469.60,1470.00,0,
08_07_2026_10_25,1470.00,1472.25,1469.95,1470.45,0,
08_07_2026_10_30,1470.45,1471.10,1469.75,1471.05,0,
08_07_2026_10_35,1471.05,1471.55,1470.55,1471.50,0,
08_07_2026_10_40,1471.50,1473.00,1471.25,1472.40,0,
08_07_2026_10_45,1472.40,1474.30,1472.35,1474.05,0,
08_07_2026_10_50,1474.05,1475.20,1472.50,1472.70,0,
08_07_2026_10_55,1472.70,1473.15,1471.90,1472.85,0,
08_07_2026_11_00,1472.85,1473.45,1471.85,1471.85,0,
08_07_2026_11_05,1471.85,1472.30,1470.80,1471.75,0,
08_07_2026_11_10,1471.75,1474.60,1471.75,1474.55,0,
08_07_2026_11_15,1474.55,1474.60,1472.40,1473.85,0,
08_07_2026_11_20,1473.85,1474.60,1473.00,1474.25,0,
08_07_2026_11_25,1474.25,1475.45,1472.90,1473.25,0,
08_07_2026_11_30,1473.25,1474.60,1472.30,1472.30,0,
08_07_2026_11_35,1472.30,1473.10,1470.65,1470.95,0,
08_07_2026_11_40,1470.95,1470.95,1470.20,1470.70,0,
08_07_2026_11_45,1470.80,1471.05,1470.40,1470.65,0,
08_07_2026_11_50,1470.65,1471.00,1470.10,1470.10,0,
08_07_2026_11_55,1470.15,1471.30,1469.65,1470.75,0,
08_07_2026_12_00,1470.75,1471.65,1470.50,1470.50,0,
08_07_2026_12_05,1470.50,1471.00,1470.20,1470.20,0,
08_07_2026_12_10,1470.20,1470.35,1468.65,1468.75,0,
08_07_2026_12_15,1468.75,1470.45,1468.65,1469.95,0,
08_07_2026_12_20,1469.95,1470.30,1469.05,1469.75,0,
08_07_2026_12_25,1469.75,1469.85,1468.05,1468.05,0,
08_07_2026_12_30,1467.95,1468.55,1466.70,1467.40,0,
08_07_2026_12_35,1467.40,1468.35,1467.00,1467.10,0,
08_07_2026_12_40,1467.10,1468.15,1466.75,1467.95,0,
08_07_2026_12_45,1467.95,1470.85,1467.65,1470.30,0,
08_07_2026_12_50,1470.30,1475.35,1470.20,1474.35,0,
08_07_2026_12_55,1474.35,1476.80,1474.30,1475.10,0,
08_07_2026_13_00,1475.10,1481.50,1475.10,1480.40,0,
08_07_2026_13_05,1480.55,1481.65,1479.50,1480.60,0,
08_07_2026_13_10,1480.60,1480.80,1478.60,1478.75,0,
08_07_2026_13_15,1478.75,1480.75,1477.95,1480.30,0,
08_07_2026_13_20,1480.30,1482.95,1480.30,1482.80,0,
08_07_2026_13_25,1482.85,1484.00,1481.60,1482.15,0,
08_07_2026_13_30,1482.15,1482.35,1480.55,1480.80,0,
08_07_2026_13_35,1480.80,1481.65,1479.10,1479.35,0,
08_07_2026_13_40,1479.35,1480.55,1479.20,1480.15,0,
08_07_2026_13_45,1480.05,1480.95,1476.20,1476.95,0,
08_07_2026_13_50,1476.95,1477.00,1470.95,1471.70,0,
08_07_2026_13_55,1471.70,1471.80,1465.50,1465.50,0,
08_07_2026_14_00,1465.60,1465.95,1461.40,1461.60,0,
08_07_2026_14_05,1461.65,1461.80,1457.85,1458.40,0,
08_07_2026_14_10,1458.30,1458.60,1453.35,1454.60,0,
08_07_2026_14_15,1454.60,1456.50,1452.60,1453.35,0,
08_07_2026_14_20,1453.35,1454.70,1451.20,1453.35,0,
08_07_2026_14_25,1453.40,1453.55,1451.40,1451.45,0,
08_07_2026_14_30,1451.45,1452.70,1449.75,1450.95,0,
08_07_2026_14_35,1450.95,1454.20,1450.70,1450.70,0,
08_07_2026_14_40,1450.75,1452.30,1450.15,1452.30,0,
08_07_2026_14_45,1452.00,1452.05,1448.70,1449.00,0,
08_07_2026_14_50,1449.05,1449.65,1446.70,1447.90,0,
08_07_2026_14_55,1447.90,1450.90,1447.15,1449.90,0,
08_07_2026_15_00,1449.60,1455.05,1449.55,1453.25,0,
08_07_2026_15_05,1453.20,1454.60,1450.85,1454.35,0,
08_07_2026_15_10,1454.35,1454.75,1452.05,1453.95,0,
08_07_2026_15_15,1454.40,1455.70,1451.50,1452.60,0,
08_07_2026_15_20,1452.60,1454.45,1450.80,1451.90,0,
08_07_2026_15_25,1451.85,1453.70,1450.15,1451.00,0,
09_07_2026_09_15,1455.50,1457.80,1450.80,1455.95,0,
09_07_2026_09_20,1455.95,1463.45,1455.40,1463.45,0,
09_07_2026_09_25,1463.50,1468.25,1462.10,1466.00,0,
09_07_2026_09_30,1466.00,1470.85,1466.00,1469.35,0,
09_07_2026_09_35,1469.30,1470.55,1466.75,1470.55,0,
09_07_2026_09_40,1470.55,1472.10,1470.15,1472.00,0,
09_07_2026_09_45,1472.00,1472.80,1471.20,1472.15,0,
09_07_2026_09_50,1472.15,1473.00,1471.60,1472.85,0,
09_07_2026_09_55,1472.85,1475.40,1472.55,1473.85,0,
09_07_2026_10_00,1473.80,1477.15,1473.65,1474.70,0,
09_07_2026_10_05,1474.70,1475.85,1473.00,1475.80,0,
09_07_2026_10_10,1475.80,1479.85,1475.50,1477.25,0,
09_07_2026_10_15,1477.25,1479.10,1476.15,1478.00,0,
09_07_2026_10_20,1478.05,1478.75,1476.55,1477.60,0,
09_07_2026_10_25,1477.65,1480.60,1477.35,1480.30,0,
09_07_2026_10_30,1480.45,1481.85,1478.70,1479.35,0,
09_07_2026_10_35,1479.35,1479.90,1477.30,1478.35,0,
09_07_2026_10_40,1478.30,1482.30,1477.95,1480.90,0,
09_07_2026_10_45,1480.90,1480.90,1477.65,1478.50,0,
09_07_2026_10_50,1478.50,1479.30,1476.90,1478.20,0,
09_07_2026_10_55,1478.20,1478.55,1476.90,1477.85,0,
09_07_2026_11_00,1477.85,1477.90,1474.85,1477.45,0,
09_07_2026_11_05,1477.45,1479.30,1476.35,1479.25,0,
09_07_2026_11_10,1479.30,1479.80,1478.05,1478.30,0,
09_07_2026_11_15,1478.15,1479.65,1477.85,1479.40,0,
09_07_2026_11_20,1479.35,1479.95,1478.10,1479.10,0,
09_07_2026_11_25,1479.05,1481.60,1478.75,1481.25,0,
09_07_2026_11_30,1481.25,1483.10,1480.20,1481.30,0,
09_07_2026_11_35,1481.30,1481.55,1477.10,1478.25,0,
09_07_2026_11_40,1478.25,1480.60,1477.90,1480.60,0,
09_07_2026_11_45,1480.60,1481.10,1479.75,1480.65,0,
09_07_2026_11_50,1480.65,1483.45,1480.50,1481.75,0,
09_07_2026_11_55,1481.75,1483.15,1481.60,1482.45,0,
09_07_2026_12_00,1482.45,1485.25,1482.35,1484.95,0,
09_07_2026_12_05,1484.95,1488.35,1484.80,1487.20,0,
09_07_2026_12_10,1487.20,1490.75,1487.05,1489.45,0,
09_07_2026_12_15,1489.35,1492.45,1489.35,1491.65,0,
09_07_2026_12_20,1491.70,1491.75,1489.05,1489.25,0,
09_07_2026_12_25,1489.35,1489.85,1487.70,1489.45,0,
09_07_2026_12_30,1489.40,1490.10,1487.20,1487.20,0,
09_07_2026_12_35,1487.70,1489.75,1487.70,1488.90,0,
09_07_2026_12_40,1488.90,1489.00,1486.25,1487.70,0,
09_07_2026_12_45,1487.70,1488.85,1486.60,1486.90,0,
09_07_2026_12_50,1486.95,1488.40,1486.80,1488.40,0,
09_07_2026_12_55,1488.35,1489.45,1487.95,1488.15,0,
09_07_2026_13_00,1488.10,1488.10,1486.75,1487.95,0,
09_07_2026_13_05,1487.95,1488.25,1486.65,1487.50,0,
09_07_2026_13_10,1487.50,1488.90,1487.05,1488.30,0,
09_07_2026_13_15,1488.60,1489.95,1487.10,1488.15,0,
09_07_2026_13_20,1488.15,1488.15,1486.45,1486.75,0,
09_07_2026_13_25,1486.75,1487.55,1485.90,1486.40,0,
09_07_2026_13_30,1486.45,1487.85,1485.55,1487.05,0,
09_07_2026_13_35,1487.05,1487.80,1486.60,1487.65,0,
09_07_2026_13_40,1487.70,1487.70,1486.05,1486.80,0,
09_07_2026_13_45,1486.80,1486.90,1485.50,1486.15,0,
09_07_2026_13_50,1486.15,1487.00,1485.00,1486.70,0,
09_07_2026_13_55,1486.70,1487.00,1485.80,1486.75,0,
09_07_2026_14_00,1486.80,1487.15,1485.70,1486.35,0,
09_07_2026_14_05,1486.35,1486.45,1485.05,1485.40,0,
09_07_2026_14_10,1485.35,1490.60,1484.25,1490.35,0,
09_07_2026_14_15,1490.75,1490.75,1486.75,1488.65,0,
09_07_2026_14_20,1488.65,1489.25,1486.85,1487.05,0,
09_07_2026_14_25,1486.95,1488.05,1486.70,1487.80,0,
09_07_2026_14_30,1487.85,1489.45,1487.45,1489.35,0,
09_07_2026_14_35,1489.35,1489.50,1487.35,1487.45,0,
09_07_2026_14_40,1487.45,1487.75,1485.75,1486.30,0,
09_07_2026_14_45,1486.30,1486.30,1484.70,1485.65,0,
09_07_2026_14_50,1485.65,1487.75,1485.20,1486.10,0,
09_07_2026_14_55,1486.10,1486.70,1485.05,1485.70,0,
09_07_2026_15_00,1485.70,1486.10,1481.25,1481.40,0,
09_07_2026_15_05,1481.15,1481.20,1478.75,1479.70,0,
09_07_2026_15_10,1479.70,1481.35,1479.25,1480.60,0,
09_07_2026_15_15,1480.55,1482.95,1480.20,1481.45,0,
09_07_2026_15_20,1481.55,1484.15,1481.25,1483.15,0,
09_07_2026_15_25,1483.15,1485.50,1481.40,1485.50,0,
10_07_2026_09_15,1494.20,1497.80,1489.70,1494.00,0,
10_07_2026_09_20,1494.00,1495.55,1493.00,1493.35,0,
10_07_2026_09_25,1493.35,1493.80,1491.10,1491.65,0,
10_07_2026_09_30,1491.65,1494.85,1491.65,1494.55,0,
10_07_2026_09_35,1494.55,1496.60,1494.35,1495.70,0,
10_07_2026_09_40,1495.70,1499.30,1495.30,1498.15,0,
10_07_2026_09_45,1498.15,1503.55,1497.80,1502.95,0,
10_07_2026_09_50,1502.60,1504.60,1500.70,1504.40,0,
10_07_2026_09_55,1504.40,1504.40,1500.85,1501.75,0,
10_07_2026_10_00,1501.75,1501.85,1499.50,1500.25,0,
10_07_2026_10_05,1500.05,1502.50,1499.75,1500.70,0,
10_07_2026_10_10,1500.80,1503.35,1500.80,1502.80,0,
10_07_2026_10_15,1502.85,1504.90,1502.60,1504.85,0,
10_07_2026_10_20,1504.85,1505.05,1502.10,1502.25,0,
10_07_2026_10_25,1502.15,1502.40,1500.55,1500.75,0,
10_07_2026_10_30,1500.75,1501.45,1500.35,1501.35,0,
10_07_2026_10_35,1501.35,1501.90,1500.65,1501.55,0,
10_07_2026_10_40,1501.55,1501.70,1500.30,1500.55,0,
10_07_2026_10_45,1500.55,1501.05,1498.70,1500.15,0,
10_07_2026_10_50,1500.15,1500.50,1499.35,1499.85,0,
10_07_2026_10_55,1499.70,1500.85,1499.70,1499.85,0,
10_07_2026_11_00,1499.85,1501.05,1498.80,1499.10,0,
10_07_2026_11_05,1499.10,1499.70,1497.90,1498.40,0,
10_07_2026_11_10,1498.25,1498.35,1496.90,1497.20,0,
10_07_2026_11_15,1497.20,1497.25,1495.00,1495.25,0,
10_07_2026_11_20,1495.25,1495.55,1494.50,1495.15,0,
10_07_2026_11_25,1495.30,1495.60,1494.85,1494.95,0,
10_07_2026_11_30,1494.95,1495.70,1494.50,1495.00,0,
10_07_2026_11_35,1495.00,1495.55,1494.40,1494.60,0,
10_07_2026_11_40,1494.60,1494.70,1493.45,1493.70,0,
10_07_2026_11_45,1493.70,1494.10,1493.20,1494.05,0,
10_07_2026_11_50,1494.05,1494.20,1492.85,1492.85,0,
10_07_2026_11_55,1492.85,1494.30,1492.35,1493.95,0,
10_07_2026_12_00,1493.95,1494.50,1493.40,1493.40,0,
10_07_2026_12_05,1493.40,1494.55,1493.35,1493.95,0,
10_07_2026_12_10,1493.95,1494.30,1493.20,1493.20,0,
10_07_2026_12_15,1493.20,1496.35,1493.20,1496.25,0,
10_07_2026_12_20,1496.30,1497.00,1494.55,1494.80,0,
10_07_2026_12_25,1494.80,1495.25,1494.55,1494.80,0,
10_07_2026_12_30,1494.80,1494.95,1493.60,1494.40,0,
10_07_2026_12_35,1494.40,1495.25,1493.30,1493.55,0,
10_07_2026_12_40,1493.55,1494.20,1492.70,1493.70,0,
10_07_2026_12_45,1493.70,1494.45,1492.55,1494.05,0,
10_07_2026_12_50,1494.10,1494.10,1492.35,1492.55,0,
10_07_2026_12_55,1492.55,1493.65,1492.45,1493.05,0,
10_07_2026_13_00,1493.05,1494.15,1492.95,1493.65,0,
10_07_2026_13_05,1493.65,1493.80,1492.75,1493.15,0,
10_07_2026_13_10,1493.15,1493.95,1492.75,1493.85,0,
10_07_2026_13_15,1493.85,1494.50,1492.95,1493.20,0,
10_07_2026_13_20,1493.20,1493.30,1491.90,1492.10,0,
10_07_2026_13_25,1492.10,1492.65,1491.60,1492.05,0,
10_07_2026_13_30,1492.10,1492.20,1490.85,1491.95,0,
10_07_2026_13_35,1491.95,1493.75,1491.85,1493.40,0,
10_07_2026_13_40,1493.40,1493.55,1491.95,1492.45,0,
10_07_2026_13_45,1492.45,1492.65,1488.65,1489.80,0,
10_07_2026_13_50,1489.80,1490.45,1489.30,1489.85,0,
10_07_2026_13_55,1489.85,1491.20,1489.40,1490.95,0,
10_07_2026_14_00,1490.95,1492.60,1490.90,1492.50,0,
10_07_2026_14_05,1492.50,1492.80,1491.60,1492.40,0,
10_07_2026_14_10,1492.40,1492.60,1491.45,1491.55,0,
10_07_2026_14_15,1491.55,1491.95,1490.65,1491.00,0,
10_07_2026_14_20,1491.00,1491.95,1490.80,1491.20,0,
10_07_2026_14_25,1491.20,1491.90,1490.05,1490.05,0,
10_07_2026_14_30,1490.25,1490.85,1486.80,1488.15,0,
10_07_2026_14_35,1488.15,1488.25,1486.55,1487.00,0,
10_07_2026_14_40,1487.00,1487.25,1485.20,1486.40,0,
10_07_2026_14_45,1486.40,1488.80,1485.75,1488.05,0,
10_07_2026_14_50,1488.05,1488.15,1487.00,1487.45,0,
10_07_2026_14_55,1487.45,1488.30,1487.10,1487.85,0,
10_07_2026_15_00,1487.85,1489.15,1484.10,1484.90,0,
10_07_2026_15_05,1484.95,1485.85,1482.00,1484.45,0,
10_07_2026_15_10,1484.40,1486.35,1483.75,1486.05,0,
10_07_2026_15_15,1485.95,1486.20,1484.25,1484.90,0,
10_07_2026_15_20,1484.90,1485.80,1482.10,1482.90,0,
10_07_2026_15_25,1482.90,1483.85,1481.05,1481.90,0,
13_07_2026_09_15,1483.75,1483.90,1475.90,1480.85,0,
13_07_2026_09_20,1480.85,1488.90,1480.80,1488.40,0,
13_07_2026_09_25,1488.40,1493.95,1488.30,1492.65,0,
13_07_2026_09_30,1492.15,1492.75,1491.00,1492.60,0,
13_07_2026_09_35,1492.60,1492.80,1489.05,1489.15,0,
13_07_2026_09_40,1489.20,1492.25,1488.55,1491.70,0,
13_07_2026_09_45,1491.70,1492.00,1489.05,1490.30,0,
13_07_2026_09_50,1490.30,1491.10,1489.00,1489.60,0,
13_07_2026_09_55,1489.40,1492.40,1488.25,1488.55,0,
13_07_2026_10_00,1488.35,1488.70,1486.40,1486.85,0,
13_07_2026_10_05,1486.85,1487.00,1485.55,1486.45,0,
13_07_2026_10_10,1486.45,1487.80,1485.95,1487.60,0,
13_07_2026_10_15,1487.65,1489.20,1487.40,1489.05,0,
13_07_2026_10_20,1489.05,1492.80,1488.55,1492.50,0,
13_07_2026_10_25,1492.60,1492.95,1491.10,1491.55,0,
13_07_2026_10_30,1491.55,1494.20,1490.95,1494.20,0,
13_07_2026_10_35,1494.35,1495.25,1493.35,1493.65,0,
13_07_2026_10_40,1493.65,1499.85,1493.55,1498.30,0,
13_07_2026_10_45,1498.30,1499.15,1495.85,1495.90,0,
13_07_2026_10_50,1495.90,1500.30,1495.55,1499.55,0,
13_07_2026_10_55,1499.55,1499.55,1498.00,1498.30,0,
13_07_2026_11_00,1498.30,1499.65,1496.05,1498.40,0,
13_07_2026_11_05,1498.40,1501.00,1497.20,1500.75,0,
13_07_2026_11_10,1501.00,1503.25,1500.30,1500.55,0,
13_07_2026_11_15,1500.55,1500.60,1498.95,1499.65,0,
13_07_2026_11_20,1499.80,1500.50,1498.75,1500.20,0,
13_07_2026_11_25,1500.20,1501.40,1498.35,1499.05,0,
13_07_2026_11_30,1499.05,1500.10,1498.45,1499.30,0,
13_07_2026_11_35,1499.30,1499.60,1498.10,1498.50,0,
13_07_2026_11_40,1498.50,1499.00,1497.65,1498.80,0,
13_07_2026_11_45,1498.80,1498.95,1496.95,1497.00,0,
13_07_2026_11_50,1497.00,1498.35,1496.65,1497.30,0,
13_07_2026_11_55,1497.30,1497.75,1495.50,1495.85,0,
13_07_2026_12_00,1495.70,1497.25,1495.20,1497.05,0,
13_07_2026_12_05,1497.05,1500.25,1496.75,1499.35,0,
13_07_2026_12_10,1499.25,1502.45,1498.65,1501.85,0,
13_07_2026_12_15,1501.85,1505.00,1501.75,1504.90,0,
13_07_2026_12_20,1504.90,1504.90,1501.75,1502.25,0,
13_07_2026_12_25,1502.25,1502.45,1500.40,1500.95,0,
13_07_2026_12_30,1500.95,1501.40,1499.60,1500.50,0,
13_07_2026_12_35,1500.50,1501.60,1499.95,1501.05,0,
13_07_2026_12_40,1501.05,1503.90,1500.55,1503.25,0,
13_07_2026_12_45,1503.25,1503.95,1501.80,1502.80,0,
13_07_2026_12_50,1502.90,1503.45,1502.25,1503.00,0,
13_07_2026_12_55,1503.00,1503.40,1502.00,1502.85,0,
13_07_2026_13_00,1502.85,1502.85,1500.60,1502.05,0,
13_07_2026_13_05,1501.95,1503.90,1501.95,1502.85,0,
13_07_2026_13_10,1502.85,1503.70,1502.50,1503.45,0,
13_07_2026_13_15,1503.45,1503.65,1501.90,1502.80,0,
13_07_2026_13_20,1502.75,1503.05,1500.55,1501.20,0,
13_07_2026_13_25,1501.20,1501.50,1499.95,1500.60,0,
13_07_2026_13_30,1500.60,1501.90,1500.20,1500.65,0,
13_07_2026_13_35,1500.65,1502.10,1500.65,1501.30,0,
13_07_2026_13_40,1501.30,1502.40,1500.65,1501.95,0,
13_07_2026_13_45,1501.95,1503.60,1501.35,1503.40,0,
13_07_2026_13_50,1503.40,1511.90,1503.10,1511.10,0,
13_07_2026_13_55,1511.35,1512.35,1509.20,1509.55,0,
13_07_2026_14_00,1509.55,1511.15,1509.25,1510.20,0,
13_07_2026_14_05,1510.20,1512.80,1509.90,1511.40,0,
13_07_2026_14_10,1511.60,1513.50,1510.55,1513.00,0,
13_07_2026_14_15,1513.00,1513.10,1511.45,1512.55,0,
13_07_2026_14_20,1512.55,1513.35,1512.15,1513.05,0,
13_07_2026_14_25,1513.05,1513.85,1511.45,1512.05,0,
13_07_2026_14_30,1512.10,1517.85,1511.80,1516.85,0,
13_07_2026_14_35,1517.05,1519.55,1516.65,1517.80,0,
13_07_2026_14_40,1517.35,1517.90,1515.25,1517.75,0,
13_07_2026_14_45,1517.70,1520.85,1516.65,1520.65,0,
13_07_2026_14_50,1520.80,1521.15,1517.95,1519.75,0,
13_07_2026_14_55,1519.75,1520.10,1515.15,1515.40,0,
13_07_2026_15_00,1515.10,1518.40,1514.65,1518.10,0,
13_07_2026_15_05,1518.20,1518.55,1514.40,1515.30,0,
13_07_2026_15_10,1515.65,1515.85,1513.60,1514.75,0,
13_07_2026_15_15,1514.70,1515.95,1514.35,1515.25,0,
13_07_2026_15_20,1515.20,1516.00,1513.85,1514.75,0,
13_07_2026_15_25,1514.65,1515.80,1514.10,1515.50,0,
14_07_2026_09_15,1514.45,1514.90,1503.35,1504.95,0,
14_07_2026_09_20,1505.10,1509.95,1504.80,1508.90,0,
14_07_2026_09_25,1508.80,1519.70,1508.70,1518.15,0,
14_07_2026_09_30,1518.20,1522.35,1517.30,1519.25,0,
14_07_2026_09_35,1519.25,1521.95,1516.40,1516.80,0,
14_07_2026_09_40,1516.80,1516.80,1511.15,1513.40,0,
14_07_2026_09_45,1513.35,1515.15,1510.30,1514.00,0,
14_07_2026_09_50,1514.00,1516.30,1512.30,1516.05,0,
14_07_2026_09_55,1516.05,1516.05,1513.90,1514.25,0,
14_07_2026_10_00,1514.30,1516.75,1512.30,1516.75,0,
14_07_2026_10_05,1516.75,1520.75,1516.45,1520.15,0,
14_07_2026_10_10,1520.15,1520.75,1516.75,1516.75,0,
14_07_2026_10_15,1516.70,1516.95,1514.50,1514.70,0,
14_07_2026_10_20,1514.70,1520.70,1514.45,1518.30,0,
14_07_2026_10_25,1518.00,1521.50,1517.95,1519.35,0,
14_07_2026_10_30,1519.35,1521.75,1518.15,1521.35,0,
14_07_2026_10_35,1521.35,1521.75,1516.85,1517.50,0,
14_07_2026_10_40,1517.50,1518.80,1515.90,1516.90,0,
14_07_2026_10_45,1516.90,1518.90,1516.60,1517.85,0,
14_07_2026_10_50,1517.85,1519.30,1517.10,1519.30,0,
14_07_2026_10_55,1519.30,1519.80,1517.10,1518.10,0,
14_07_2026_11_00,1518.10,1518.90,1516.90,1517.25,0,
14_07_2026_11_05,1517.15,1518.25,1516.50,1517.30,0,
14_07_2026_11_10,1517.30,1518.65,1517.10,1518.35,0,
14_07_2026_11_15,1518.45,1519.15,1516.25,1518.15,0,
14_07_2026_11_20,1518.15,1518.30,1515.60,1515.60,0,
14_07_2026_11_25,1515.60,1516.55,1514.95,1516.55,0,
14_07_2026_11_30,1516.55,1517.65,1515.90,1516.10,0,
14_07_2026_11_35,1516.15,1517.15,1515.35,1515.75,0,
14_07_2026_11_40,1515.75,1517.30,1514.65,1517.05,0,
14_07_2026_11_45,1517.05,1518.80,1516.10,1516.10,0,
14_07_2026_11_50,1516.20,1518.25,1516.20,1517.05,0,
14_07_2026_11_55,1517.05,1517.65,1516.00,1516.35,0,
14_07_2026_12_00,1516.45,1518.75,1516.25,1516.90,0,
14_07_2026_12_05,1516.95,1518.10,1516.40,1516.85,0,
14_07_2026_12_10,1516.70,1517.90,1514.85,1515.10,0,
14_07_2026_12_15,1515.10,1516.25,1514.85,1515.15,0,
14_07_2026_12_20,1515.15,1515.75,1512.95,1514.20,0,
14_07_2026_12_25,1514.10,1514.65,1513.10,1513.25,0,
14_07_2026_12_30,1513.25,1513.50,1512.10,1513.05,0,
14_07_2026_12_35,1513.05,1513.95,1512.25,1512.75,0,
14_07_2026_12_40,1512.75,1513.55,1512.50,1512.85,0,
14_07_2026_12_45,1512.85,1513.75,1512.40,1513.60,0,
14_07_2026_12_50,1513.50,1513.90,1512.35,1512.45,0,
14_07_2026_12_55,1512.45,1512.60,1511.50,1512.00,0,
14_07_2026_13_00,1512.00,1512.85,1511.55,1512.60,0,
14_07_2026_13_05,1512.60,1513.70,1512.25,1512.40,0,
14_07_2026_13_10,1512.40,1513.05,1512.05,1512.35,0,
14_07_2026_13_15,1512.35,1512.40,1509.60,1510.20,0,
14_07_2026_13_20,1510.20,1511.05,1509.75,1510.95,0,
14_07_2026_13_25,1510.95,1511.05,1509.35,1510.10,0,
14_07_2026_13_30,1510.10,1511.75,1509.95,1511.50,0,
14_07_2026_13_35,1511.50,1512.05,1509.70,1510.15,0,
14_07_2026_13_40,1510.15,1510.80,1509.85,1510.20,0,
14_07_2026_13_45,1510.20,1511.40,1510.20,1511.05,0,
14_07_2026_13_50,1511.05,1511.20,1509.80,1510.30,0,
14_07_2026_13_55,1510.30,1510.90,1509.50,1510.20,0,
14_07_2026_14_00,1510.20,1511.25,1509.55,1510.35,0,
14_07_2026_14_05,1510.35,1511.05,1509.90,1510.25,0,
14_07_2026_14_10,1510.25,1510.80,1509.60,1510.25,0,
14_07_2026_14_15,1510.35,1511.30,1510.15,1510.50,0,
14_07_2026_14_20,1510.50,1511.05,1508.10,1508.25,0,
14_07_2026_14_25,1508.15,1509.10,1507.45,1509.00,0,
14_07_2026_14_30,1509.05,1509.25,1506.55,1507.85,0,
14_07_2026_14_35,1507.85,1509.30,1507.80,1508.65,0,
14_07_2026_14_40,1508.70,1510.35,1508.35,1509.35,0,
14_07_2026_14_45,1509.35,1510.30,1507.60,1508.85,0,
14_07_2026_14_50,1508.85,1509.45,1507.35,1508.40,0,
14_07_2026_14_55,1508.40,1511.40,1507.40,1510.25,0,
14_07_2026_15_00,1510.35,1512.70,1510.15,1511.35,0,
14_07_2026_15_05,1511.45,1513.20,1510.15,1511.35,0,
14_07_2026_15_10,1511.40,1512.15,1509.60,1510.00,0,
14_07_2026_15_15,1509.95,1510.20,1507.95,1509.55,0,
14_07_2026_15_20,1509.65,1511.10,1508.95,1509.95,0,
14_07_2026_15_25,1509.90,1510.85,1507.65,1510.85,0,
15_07_2026_09_15,1512.90,1517.35,1501.75,1503.60,0,
15_07_2026_09_20,1503.60,1504.35,1501.35,1503.90,0,
15_07_2026_09_25,1503.65,1508.15,1503.40,1508.00,0,
15_07_2026_09_30,1508.00,1511.70,1508.00,1510.00,0,
15_07_2026_09_35,1510.30,1516.05,1509.85,1514.75,0,
15_07_2026_09_40,1514.75,1519.50,1513.75,1516.50,0,
15_07_2026_09_45,1516.75,1517.20,1514.30,1516.75,0,
15_07_2026_09_50,1516.70,1518.55,1516.30,1516.95,0,
15_07_2026_09_55,1516.65,1518.35,1516.40,1518.00,0,
15_07_2026_10_00,1518.05,1518.30,1515.80,1515.80,0,
15_07_2026_10_05,1515.80,1517.35,1514.30,1516.85,0,
15_07_2026_10_10,1516.80,1517.35,1513.40,1514.05,0,
15_07_2026_10_15,1514.05,1514.10,1512.55,1512.65,0,
15_07_2026_10_20,1512.65,1512.90,1512.00,1512.05,0,
15_07_2026_10_25,1512.05,1512.15,1509.55,1510.10,0,
15_07_2026_10_30,1510.10,1513.30,1508.35,1513.00,0,
15_07_2026_10_35,1513.00,1514.40,1510.35,1511.65,0,
15_07_2026_10_40,1511.50,1512.50,1509.75,1509.75,0,
15_07_2026_10_45,1509.75,1510.50,1508.20,1510.00,0,
15_07_2026_10_50,1510.00,1510.40,1509.20,1509.20,0,
15_07_2026_10_55,1509.20,1510.00,1507.90,1508.55,0,
15_07_2026_11_00,1508.55,1508.70,1506.60,1506.95,0,
15_07_2026_11_05,1506.95,1510.00,1506.80,1510.00,0,
15_07_2026_11_10,1510.00,1511.10,1508.40,1508.55,0,
15_07_2026_11_15,1508.55,1509.75,1508.45,1509.75,0,
15_07_2026_11_20,1509.75,1510.80,1509.15,1510.25,0,
15_07_2026_11_25,1510.25,1511.30,1509.45,1510.80,0,
15_07_2026_11_30,1510.80,1511.20,1509.70,1510.95,0,
15_07_2026_11_35,1511.10,1511.10,1508.95,1509.85,0,
15_07_2026_11_40,1509.85,1509.85,1508.05,1508.35,0,
15_07_2026_11_45,1508.35,1509.10,1507.20,1508.65,0,
15_07_2026_11_50,1508.65,1509.75,1507.70,1509.75,0,
15_07_2026_11_55,1509.85,1509.85,1506.90,1507.60,0,
15_07_2026_12_00,1507.60,1508.05,1507.05,1507.45,0,
15_07_2026_12_05,1507.35,1507.95,1506.20,1507.00,0,
15_07_2026_12_10,1507.00,1508.60,1506.60,1507.65,0,
15_07_2026_12_15,1507.65,1510.30,1505.80,1510.20,0,
15_07_2026_12_20,1510.15,1510.65,1509.10,1509.45,0,
15_07_2026_12_25,1509.45,1509.95,1507.60,1507.80,0,
15_07_2026_12_30,1507.80,1508.20,1505.95,1506.15,0,
15_07_2026_12_35,1506.15,1506.20,1504.20,1504.85,0,
15_07_2026_12_40,1504.85,1505.40,1503.90,1504.35,0,
15_07_2026_12_45,1504.35,1504.80,1503.70,1503.85,0,
15_07_2026_12_50,1503.85,1505.30,1503.80,1504.50,0,
15_07_2026_12_55,1504.50,1504.70,1499.70,1501.00,0,
15_07_2026_13_00,1501.00,1504.85,1500.70,1504.80,0,
15_07_2026_13_05,1504.80,1505.80,1504.30,1505.40,0,
15_07_2026_13_10,1505.40,1506.85,1504.70,1505.20,0,
15_07_2026_13_15,1505.25,1506.20,1504.15,1505.80,0,
15_07_2026_13_20,1505.80,1506.10,1504.95,1504.95,0,
15_07_2026_13_25,1504.95,1506.05,1504.65,1506.05,0,
15_07_2026_13_30,1506.15,1506.35,1505.00,1505.00,0,
15_07_2026_13_35,1505.00,1505.45,1504.45,1504.70,0,
15_07_2026_13_40,1504.55,1504.70,1503.75,1504.20,0,
15_07_2026_13_45,1504.20,1504.35,1503.50,1504.00,0,
15_07_2026_13_50,1504.00,1504.35,1502.95,1503.30,0,
15_07_2026_13_55,1503.30,1504.50,1503.00,1504.10,0,
15_07_2026_14_00,1504.10,1504.40,1502.65,1503.15,0,
15_07_2026_14_05,1503.15,1503.85,1501.95,1503.35,0,
15_07_2026_14_10,1503.35,1505.10,1503.10,1503.40,0,
15_07_2026_14_15,1503.40,1504.55,1503.40,1504.55,0,
15_07_2026_14_20,1504.55,1504.85,1503.20,1503.20,0,
15_07_2026_14_25,1503.15,1503.65,1502.35,1502.95,0,
15_07_2026_14_30,1503.00,1505.00,1502.40,1504.30,0,
15_07_2026_14_35,1504.30,1504.65,1503.65,1504.20,0,
15_07_2026_14_40,1504.20,1505.00,1503.70,1504.40,0,
15_07_2026_14_45,1504.40,1504.75,1502.80,1503.55,0,
15_07_2026_14_50,1503.55,1505.70,1503.55,1504.25,0,
15_07_2026_14_55,1504.25,1505.35,1502.60,1504.85,0,
15_07_2026_15_00,1504.80,1505.00,1502.85,1503.45,0,
15_07_2026_15_05,1503.50,1504.40,1501.75,1502.30,0,
15_07_2026_15_10,1502.30,1504.30,1502.10,1503.45,0,
15_07_2026_15_15,1503.75,1505.40,1502.75,1504.05,0,
15_07_2026_15_20,1503.95,1505.00,1501.75,1501.75,0,
15_07_2026_15_25,1501.75,1506.15,1498.95,1504.60,0,
16_07_2026_09_15,1507.30,1513.55,1505.65,1506.15,0,
16_07_2026_09_20,1506.05,1509.45,1503.80,1504.40,0,
16_07_2026_09_25,1504.40,1504.60,1499.60,1500.75,0,
16_07_2026_09_30,1500.45,1500.95,1499.35,1500.55,0,
16_07_2026_09_35,1500.40,1503.90,1499.55,1503.20,0,
16_07_2026_09_40,1503.15,1504.80,1501.95,1504.50,0,
16_07_2026_09_45,1504.45,1505.90,1502.15,1503.80,0,
16_07_2026_09_50,1503.80,1505.25,1501.80,1503.00,0,
16_07_2026_09_55,1503.00,1504.70,1502.00,1504.70,0,
16_07_2026_10_00,1504.35,1509.30,1503.25,1509.15,0,
16_07_2026_10_05,1508.80,1522.15,1508.60,1519.65,0,
16_07_2026_10_10,1519.45,1521.20,1517.75,1518.45,0,
16_07_2026_10_15,1518.55,1519.10,1515.75,1515.90,0,
16_07_2026_10_20,1516.00,1519.10,1515.65,1517.25,0,
16_07_2026_10_25,1517.20,1520.15,1516.90,1517.95,0,
16_07_2026_10_30,1517.95,1519.15,1516.60,1518.85,0,
16_07_2026_10_35,1518.85,1519.40,1516.40,1517.10,0,
16_07_2026_10_40,1517.50,1519.95,1516.90,1519.50,0,
16_07_2026_10_45,1519.50,1522.70,1518.90,1521.50,0,
16_07_2026_10_50,1521.50,1522.90,1521.20,1522.60,0,
16_07_2026_10_55,1522.60,1523.80,1522.35,1522.90,0,
16_07_2026_11_00,1522.95,1527.55,1522.65,1527.20,0,
16_07_2026_11_05,1526.95,1528.55,1526.00,1526.35,0,
16_07_2026_11_10,1526.40,1526.90,1524.25,1524.40,0,
16_07_2026_11_15,1524.40,1524.85,1523.45,1523.60,0,
16_07_2026_11_20,1523.60,1524.20,1521.80,1522.50,0,
16_07_2026_11_25,1522.50,1522.90,1521.30,1522.30,0,
16_07_2026_11_30,1522.35,1522.95,1518.00,1518.95,0,
16_07_2026_11_35,1518.95,1519.55,1517.85,1519.20,0,
16_07_2026_11_40,1519.20,1519.50,1517.95,1519.25,0,
16_07_2026_11_45,1519.30,1520.45,1518.90,1519.50,0,
16_07_2026_11_50,1519.50,1521.00,1518.50,1519.65,0,
16_07_2026_11_55,1519.70,1519.75,1518.45,1518.75,0,
16_07_2026_12_00,1518.80,1520.25,1518.65,1519.65,0,
16_07_2026_12_05,1519.70,1520.30,1518.60,1519.65,0,
16_07_2026_12_10,1519.65,1520.70,1518.30,1518.75,0,
16_07_2026_12_15,1518.70,1519.10,1517.70,1518.45,0,
16_07_2026_12_20,1518.45,1519.45,1518.25,1518.45,0,
16_07_2026_12_25,1518.50,1520.30,1518.35,1519.95,0,
16_07_2026_12_30,1520.00,1520.10,1519.05,1519.45,0,
16_07_2026_12_35,1519.45,1521.50,1518.90,1521.50,0,
16_07_2026_12_40,1521.40,1522.20,1520.45,1520.80,0,
16_07_2026_12_45,1520.80,1521.05,1519.60,1519.75,0,
16_07_2026_12_50,1519.75,1519.85,1518.50,1518.55,0,
16_07_2026_12_55,1518.55,1519.60,1518.35,1519.00,0,
16_07_2026_13_00,1518.90,1521.55,1517.25,1520.45,0,
16_07_2026_13_05,1520.35,1523.35,1519.80,1522.25,0,
16_07_2026_13_10,1522.25,1524.50,1521.85,1522.40,0,
16_07_2026_13_15,1522.40,1522.60,1521.30,1521.45,0,
16_07_2026_13_20,1521.40,1521.75,1520.75,1521.50,0,
16_07_2026_13_25,1521.35,1521.35,1517.60,1518.00,0,
16_07_2026_13_30,1519.30,1519.40,1517.30,1517.85,0,
16_07_2026_13_35,1517.85,1518.05,1515.95,1516.25,0,
16_07_2026_13_40,1516.25,1516.90,1515.55,1516.40,0,
16_07_2026_13_45,1516.40,1517.50,1515.95,1516.50,0,
16_07_2026_13_50,1516.50,1517.50,1515.70,1517.50,0,
16_07_2026_13_55,1517.50,1518.35,1516.30,1518.15,0,
16_07_2026_14_00,1518.15,1519.55,1517.55,1517.85,0,
16_07_2026_14_05,1517.85,1519.20,1517.40,1518.15,0,
16_07_2026_14_10,1518.15,1518.35,1516.65,1516.95,0,
16_07_2026_14_15,1517.10,1518.40,1517.00,1517.95,0,
16_07_2026_14_20,1517.95,1518.05,1515.65,1515.65,0,
16_07_2026_14_25,1515.60,1516.30,1515.60,1515.80,0,
16_07_2026_14_30,1515.80,1516.65,1515.30,1515.95,0,
16_07_2026_14_35,1515.95,1516.45,1515.35,1515.90,0,
16_07_2026_14_40,1516.05,1517.40,1515.70,1517.40,0,
16_07_2026_14_45,1517.45,1519.45,1517.15,1519.00,0,
16_07_2026_14_50,1519.05,1522.55,1518.45,1520.15,0,
16_07_2026_14_55,1520.25,1523.10,1519.85,1521.90,0,
16_07_2026_15_00,1522.00,1523.95,1522.00,1522.90,0,
16_07_2026_15_05,1522.90,1524.40,1521.80,1522.75,0,
16_07_2026_15_10,1522.85,1522.95,1519.30,1519.85,0,
16_07_2026_15_15,1519.85,1521.35,1519.05,1520.95,0,
16_07_2026_15_20,1520.95,1521.55,1519.10,1519.60,0,
16_07_2026_15_25,1520.00,1521.65,1518.70,1519.00,0,
17_07_2026_09_15,1523.35,1524.70,1507.40,1509.40,0,
17_07_2026_09_20,1509.25,1510.95,1503.75,1503.85,0,
17_07_2026_09_25,1503.85,1504.85,1502.05,1504.35,0,
17_07_2026_09_30,1504.45,1509.80,1504.30,1509.70,0,
17_07_2026_09_35,1509.50,1509.60,1506.50,1506.95,0,
17_07_2026_09_40,1506.95,1507.40,1504.50,1504.55,0,
17_07_2026_09_45,1504.55,1505.15,1503.90,1504.10,0,
17_07_2026_09_50,1503.95,1505.60,1503.70,1504.95,0,
17_07_2026_09_55,1504.95,1505.25,1503.95,1504.20,0,
17_07_2026_10_00,1504.20,1504.65,1501.95,1503.35,0,
17_07_2026_10_05,1503.35,1506.70,1503.25,1506.25,0,
17_07_2026_10_10,1506.25,1509.95,1506.25,1509.95,0,
17_07_2026_10_15,1510.35,1514.85,1510.05,1513.95,0,
17_07_2026_10_20,1513.95,1515.05,1512.75,1515.00,0,
17_07_2026_10_25,1514.90,1514.90,1512.85,1513.65,0,
17_07_2026_10_30,1513.65,1514.15,1513.15,1513.45,0,
17_07_2026_10_35,1513.45,1514.25,1512.10,1513.45,0,
17_07_2026_10_40,1513.45,1514.75,1513.05,1514.55,0,
17_07_2026_10_45,1514.55,1514.60,1513.00,1513.25,0,
17_07_2026_10_50,1513.25,1513.75,1512.05,1512.65,0,
17_07_2026_10_55,1512.65,1515.00,1512.35,1513.80,0,
17_07_2026_11_00,1513.95,1514.70,1513.50,1514.60,0,
17_07_2026_11_05,1514.40,1514.40,1512.95,1513.20,0,
17_07_2026_11_10,1513.20,1513.45,1511.60,1511.60,0,
17_07_2026_11_15,1511.80,1512.10,1509.85,1509.95,0,
17_07_2026_11_20,1509.95,1510.60,1509.55,1510.00,0,
17_07_2026_11_25,1510.20,1510.25,1507.95,1508.50,0,
17_07_2026_11_30,1508.50,1509.05,1507.65,1508.00,0,
17_07_2026_11_35,1508.00,1508.35,1505.90,1506.25,0,
17_07_2026_11_40,1506.25,1506.60,1505.50,1506.10,0,
17_07_2026_11_45,1506.10,1506.30,1505.40,1506.15,0,
17_07_2026_11_50,1506.05,1506.60,1505.25,1505.25,0,
17_07_2026_11_55,1505.25,1506.20,1504.35,1505.60,0,
17_07_2026_12_00,1505.60,1505.90,1504.10,1505.00,0,
17_07_2026_12_05,1505.00,1505.00,1504.05,1504.80,0,
17_07_2026_12_10,1504.55,1505.15,1504.45,1504.85,0,
17_07_2026_12_15,1504.85,1505.30,1503.90,1504.90,0,
17_07_2026_12_20,1504.90,1506.60,1504.75,1506.05,0,
17_07_2026_12_25,1506.05,1507.90,1505.75,1507.70,0,
17_07_2026_12_30,1507.70,1508.00,1506.75,1507.20,0,
17_07_2026_12_35,1507.20,1507.40,1506.30,1507.35,0,
17_07_2026_12_40,1507.35,1508.70,1507.30,1508.60,0,
17_07_2026_12_45,1508.45,1508.95,1508.15,1508.55,0,
17_07_2026_12_50,1508.55,1508.80,1508.00,1508.10,0,
17_07_2026_12_55,1508.10,1508.35,1507.75,1508.10,0,
17_07_2026_13_00,1508.10,1509.20,1507.90,1508.95,0,
17_07_2026_13_05,1508.85,1509.15,1508.10,1508.40,0,
17_07_2026_13_10,1508.40,1508.60,1508.00,1508.60,0,
17_07_2026_13_15,1508.60,1508.95,1508.05,1508.25,0,
17_07_2026_13_20,1508.25,1508.35,1506.20,1506.50,0,
17_07_2026_13_25,1506.50,1507.80,1506.30,1506.95,0,
17_07_2026_13_30,1506.95,1507.70,1506.80,1507.50,0,
17_07_2026_13_35,1507.50,1510.05,1507.45,1509.60,0,
17_07_2026_13_40,1509.60,1510.15,1508.90,1509.60,0,
17_07_2026_13_45,1509.60,1509.80,1507.75,1508.45,0,
17_07_2026_13_50,1508.35,1508.90,1507.70,1508.80,0,
17_07_2026_13_55,1508.80,1510.55,1508.45,1510.25,0,
17_07_2026_14_00,1510.25,1513.50,1509.90,1513.15,0,
17_07_2026_14_05,1513.15,1513.25,1511.40,1512.05,0,
17_07_2026_14_10,1512.05,1512.90,1511.20,1512.60,0,
17_07_2026_14_15,1512.60,1517.25,1512.60,1515.45,0,
17_07_2026_14_20,1515.55,1515.90,1514.25,1515.20,0,
17_07_2026_14_25,1515.20,1517.75,1515.20,1516.65,0,
17_07_2026_14_30,1516.65,1517.60,1516.45,1516.60,0,
17_07_2026_14_35,1516.60,1516.95,1515.55,1516.05,0,
17_07_2026_14_40,1516.00,1516.85,1515.80,1516.50,0,
17_07_2026_14_45,1516.50,1518.30,1516.20,1518.05,0,
17_07_2026_14_50,1518.05,1518.95,1516.05,1516.30,0,
17_07_2026_14_55,1516.30,1516.95,1515.75,1515.95,0,
17_07_2026_15_00,1515.65,1522.00,1515.65,1521.75,0,
17_07_2026_15_05,1521.90,1526.85,1520.95,1522.00,0,
17_07_2026_15_10,1522.15,1522.15,1518.05,1518.75,0,
17_07_2026_15_15,1518.50,1519.20,1516.55,1518.20,0,
17_07_2026_15_20,1518.55,1519.05,1517.85,1519.05,0,
17_07_2026_15_25,1519.10,1521.00,1516.50,1518.65,0,
20_07_2026_09_15,1524.80,1528.50,1518.05,1527.40,0,
20_07_2026_09_20,1527.55,1531.65,1526.30,1527.75,0,
20_07_2026_09_25,1527.75,1532.80,1526.80,1532.50,0,
20_07_2026_09_30,1532.50,1537.25,1532.50,1536.30,0,
20_07_2026_09_35,1536.25,1539.70,1535.85,1539.35,0,
20_07_2026_09_40,1539.25,1546.60,1539.00,1545.65,0,
20_07_2026_09_45,1545.50,1546.60,1540.20,1540.50,0,
20_07_2026_09_50,1540.45,1540.90,1536.00,1536.25,0,
20_07_2026_09_55,1536.25,1539.25,1534.60,1538.25,0,
20_07_2026_10_00,1538.15,1539.00,1536.45,1538.20,0,
20_07_2026_10_05,1538.00,1538.35,1536.65,1538.00,0,
20_07_2026_10_10,1538.15,1539.20,1536.90,1537.35,0,
20_07_2026_10_15,1537.15,1539.20,1534.55,1536.25,0,
20_07_2026_10_20,1536.15,1537.15,1535.40,1536.40,0,
20_07_2026_10_25,1536.25,1537.40,1534.15,1537.40,0,
20_07_2026_10_30,1537.50,1540.55,1537.50,1539.30,0,
20_07_2026_10_35,1539.30,1539.75,1536.05,1536.80,0,
20_07_2026_10_40,1536.95,1537.40,1534.65,1534.85,0,
20_07_2026_10_45,1534.85,1535.85,1534.05,1534.20,0,
20_07_2026_10_50,1534.25,1534.55,1532.20,1534.20,0,
20_07_2026_10_55,1534.20,1535.70,1534.10,1535.05,0,
20_07_2026_11_00,1535.05,1536.25,1533.40,1535.55,0,
20_07_2026_11_05,1535.55,1536.40,1534.60,1534.85,0,
20_07_2026_11_10,1534.85,1535.40,1533.70,1534.60,0,
20_07_2026_11_15,1534.60,1535.00,1533.75,1534.10,0,
20_07_2026_11_20,1534.10,1535.75,1533.85,1535.60,0,
20_07_2026_11_25,1535.60,1536.65,1535.05,1536.65,0,
20_07_2026_11_30,1536.65,1536.90,1535.45,1535.85,0,
20_07_2026_11_35,1535.85,1536.65,1535.75,1536.65,0,
20_07_2026_11_40,1536.65,1536.75,1534.70,1535.65,0,
20_07_2026_11_45,1535.65,1536.10,1534.90,1535.70,0,
20_07_2026_11_50,1535.90,1536.10,1534.55,1534.90,0,
20_07_2026_11_55,1534.90,1536.15,1533.85,1535.90,0,
20_07_2026_12_00,1535.90,1536.50,1534.75,1534.80,0,
20_07_2026_12_05,1534.75,1535.60,1533.35,1535.20,0,
20_07_2026_12_10,1535.20,1537.65,1535.00,1537.30,0,
20_07_2026_12_15,1537.30,1539.70,1536.80,1538.30,0,
20_07_2026_12_20,1538.30,1538.90,1537.30,1537.50,0,
20_07_2026_12_25,1537.50,1537.60,1535.20,1535.20,0,
20_07_2026_12_30,1535.25,1536.90,1535.15,1536.90,0,
20_07_2026_12_35,1536.90,1537.45,1535.95,1536.50,0,
20_07_2026_12_40,1536.50,1536.95,1536.05,1536.55,0,
20_07_2026_12_45,1536.55,1536.95,1535.95,1536.70,0,
20_07_2026_12_50,1536.70,1537.60,1536.40,1536.90,0,
20_07_2026_12_55,1536.80,1538.50,1536.70,1538.30,0,
20_07_2026_13_00,1538.30,1540.75,1538.20,1540.45,0,
20_07_2026_13_05,1540.45,1542.60,1540.25,1541.05,0,
20_07_2026_13_10,1541.05,1541.45,1539.50,1541.30,0,
20_07_2026_13_15,1541.50,1542.90,1540.70,1541.20,0,
20_07_2026_13_20,1541.15,1541.30,1540.00,1541.00,0,
20_07_2026_13_25,1540.75,1541.35,1540.30,1540.55,0,
20_07_2026_13_30,1540.55,1542.30,1540.55,1541.65,0,
20_07_2026_13_35,1541.90,1544.75,1541.30,1542.80,0,
20_07_2026_13_40,1542.80,1542.80,1540.95,1541.05,0,
20_07_2026_13_45,1541.05,1541.65,1539.40,1539.45,0,
20_07_2026_13_50,1539.30,1539.55,1537.65,1539.20,0,
20_07_2026_13_55,1539.20,1540.05,1538.75,1539.50,0,
20_07_2026_14_00,1539.50,1539.70,1538.80,1538.95,0,
20_07_2026_14_05,1538.90,1539.20,1538.00,1538.00,0,
20_07_2026_14_10,1538.00,1538.45,1535.05,1535.50,0,
20_07_2026_14_15,1535.70,1535.70,1534.35,1535.30,0,
20_07_2026_14_20,1535.30,1535.40,1533.50,1533.65,0,
20_07_2026_14_25,1533.55,1535.40,1533.25,1535.40,0,
20_07_2026_14_30,1535.40,1535.50,1534.25,1534.25,0,
20_07_2026_14_35,1534.25,1535.85,1534.25,1535.00,0,
20_07_2026_14_40,1535.00,1535.45,1534.60,1534.65,0,
20_07_2026_14_45,1534.90,1537.15,1534.40,1536.70,0,
20_07_2026_14_50,1537.00,1539.20,1536.45,1538.25,0,
20_07_2026_14_55,1538.25,1539.00,1537.40,1537.75,0,
20_07_2026_15_00,1537.75,1538.70,1536.65,1537.00,0,
20_07_2026_15_05,1537.00,1537.95,1536.30,1537.70,0,
20_07_2026_15_10,1537.60,1538.25,1536.40,1537.70,0,
20_07_2026_15_15,1537.75,1539.95,1537.70,1538.60,0,
20_07_2026_15_20,1538.60,1539.10,1537.75,1538.30,0,
20_07_2026_15_25,1537.85,1538.90,1535.95,1536.80,0,
21_07_2026_09_15,1538.65,1541.25,1532.55,1539.55,0,
21_07_2026_09_20,1539.55,1545.90,1539.45,1544.15,0,
21_07_2026_09_25,1544.15,1547.45,1541.10,1546.70,0,
21_07_2026_09_30,1546.70,1551.60,1545.80,1549.55,0,
21_07_2026_09_35,1549.40,1552.30,1547.10,1550.60,0,
21_07_2026_09_40,1550.60,1551.50,1548.55,1551.35,0,
21_07_2026_09_45,1551.40,1551.85,1545.60,1545.85,0,
21_07_2026_09_50,1545.70,1548.90,1545.55,1548.80,0,
21_07_2026_09_55,1548.50,1549.05,1546.80,1546.95,0,
21_07_2026_10_00,1546.95,1547.80,1546.00,1546.60,0,
21_07_2026_10_05,1546.60,1547.05,1544.70,1545.30,0,
21_07_2026_10_10,1545.35,1545.95,1544.90,1545.80,0,
21_07_2026_10_15,1545.80,1546.05,1544.15,1544.45,0,
21_07_2026_10_20,1544.45,1545.30,1542.95,1544.65,0,
21_07_2026_10_25,1544.65,1544.90,1543.85,1544.50,0,
21_07_2026_10_30,1544.50,1544.55,1542.70,1542.95,0,
21_07_2026_10_35,1542.95,1545.20,1542.35,1544.00,0,
21_07_2026_10_40,1544.00,1545.35,1543.15,1544.80,0,
21_07_2026_10_45,1544.80,1545.10,1544.00,1544.50,0,
21_07_2026_10_50,1544.50,1544.50,1542.60,1542.95,0,
21_07_2026_10_55,1542.95,1543.10,1541.45,1541.45,0,
21_07_2026_11_00,1541.45,1542.30,1541.40,1542.30,0,
21_07_2026_11_05,1542.30,1542.70,1541.80,1541.85,0,
21_07_2026_11_10,1541.85,1542.30,1540.65,1541.70,0,
21_07_2026_11_15,1541.70,1542.15,1539.95,1540.95,0,
21_07_2026_11_20,1540.95,1541.25,1540.00,1540.45,0,
21_07_2026_11_25,1540.45,1541.35,1540.25,1540.65,0,
21_07_2026_11_30,1540.65,1541.45,1539.85,1540.10,0,
21_07_2026_11_35,1540.10,1540.95,1539.85,1540.35,0,
21_07_2026_11_40,1540.15,1540.30,1539.25,1539.70,0,
21_07_2026_11_45,1539.70,1541.05,1539.45,1540.50,0,
21_07_2026_11_50,1540.70,1540.70,1538.90,1539.40,0,
21_07_2026_11_55,1539.40,1542.20,1539.20,1542.10,0,
21_07_2026_12_00,1542.10,1542.55,1540.65,1541.40,0,
21_07_2026_12_05,1541.40,1541.45,1539.90,1540.30,0,
21_07_2026_12_10,1540.40,1541.20,1539.65,1540.50,0,
21_07_2026_12_15,1540.50,1541.05,1539.55,1540.00,0,
21_07_2026_12_20,1540.00,1541.10,1539.80,1540.05,0,
21_07_2026_12_25,1540.05,1541.95,1539.60,1541.10,0,
21_07_2026_12_30,1541.10,1542.50,1540.45,1541.80,0,
21_07_2026_12_35,1541.80,1543.05,1541.60,1541.80,0,
21_07_2026_12_40,1541.80,1542.90,1540.95,1542.60,0,
21_07_2026_12_45,1542.60,1542.95,1541.30,1541.55,0,
21_07_2026_12_50,1541.55,1541.55,1539.85,1540.15,0,
21_07_2026_12_55,1540.20,1541.05,1539.00,1539.05,0,
21_07_2026_13_00,1539.00,1539.35,1538.20,1538.55,0,
21_07_2026_13_05,1538.55,1539.50,1538.40,1538.70,0,
21_07_2026_13_10,1538.70,1539.05,1538.35,1538.90,0,
21_07_2026_13_15,1538.90,1541.15,1538.35,1541.15,0,
21_07_2026_13_20,1541.15,1542.05,1540.45,1542.00,0,
21_07_2026_13_25,1541.85,1542.30,1541.55,1541.80,0,
21_07_2026_13_30,1541.85,1541.85,1540.55,1540.80,0,
21_07_2026_13_35,1540.65,1541.35,1540.50,1541.20,0,
21_07_2026_13_40,1541.20,1542.75,1540.95,1542.75,0,
21_07_2026_13_45,1542.75,1543.60,1541.95,1543.20,0,
21_07_2026_13_50,1543.20,1544.35,1542.40,1543.75,0,
21_07_2026_13_55,1543.75,1544.10,1541.10,1541.45,0,
21_07_2026_14_00,1541.40,1541.45,1539.50,1540.85,0,
21_07_2026_14_05,1540.85,1541.75,1539.65,1539.95,0,
21_07_2026_14_10,1539.95,1540.50,1539.40,1539.95,0,
21_07_2026_14_15,1540.00,1540.25,1538.95,1539.95,0,
21_07_2026_14_20,1539.95,1542.60,1539.95,1542.35,0,
21_07_2026_14_25,1542.35,1543.30,1541.25,1542.65,0,
21_07_2026_14_30,1542.65,1542.90,1540.70,1542.15,0,
21_07_2026_14_35,1542.15,1542.90,1541.30,1541.95,0,
21_07_2026_14_40,1541.95,1542.45,1541.40,1542.10,0,
21_07_2026_14_45,1542.10,1542.80,1541.55,1542.60,0,
21_07_2026_14_50,1542.60,1542.95,1541.45,1541.85,0,
21_07_2026_14_55,1541.85,1542.20,1540.35,1540.55,0,
21_07_2026_15_00,1540.30,1540.85,1539.35,1539.45,0,
21_07_2026_15_05,1539.40,1540.00,1538.65,1539.65,0,
21_07_2026_15_10,1539.85,1539.95,1538.65,1539.10,0,
21_07_2026_15_15,1539.65,1539.65,1537.80,1538.45,0,
21_07_2026_15_20,1537.90,1537.90,1535.70,1536.05,0,
21_07_2026_15_25,1536.00,1537.50,1534.15,1537.20,0,
22_07_2026_09_15,1536.75,1539.30,1530.45,1531.65,0,
22_07_2026_09_20,1531.65,1533.15,1529.55,1529.70,0,
22_07_2026_09_25,1529.65,1529.65,1526.00,1526.75,0,
22_07_2026_09_30,1526.75,1527.65,1523.75,1525.40,0,
22_07_2026_09_35,1525.40,1525.40,1523.10,1524.45,0,
22_07_2026_09_40,1524.40,1525.30,1522.90,1525.15,0,
22_07_2026_09_45,1525.15,1525.85,1521.05,1521.30,0,
22_07_2026_09_50,1521.30,1525.10,1520.25,1525.05,0,
22_07_2026_09_55,1525.05,1526.75,1524.80,1526.35,0,
22_07_2026_10_00,1526.35,1528.85,1525.75,1527.05,0,
22_07_2026_10_05,1527.05,1531.50,1525.95,1529.30,0,
22_07_2026_10_10,1529.10,1529.10,1525.45,1526.70,0,
22_07_2026_10_15,1526.55,1526.60,1523.25,1523.45,0,
22_07_2026_10_20,1523.55,1523.55,1520.90,1521.20,0,
22_07_2026_10_25,1521.40,1521.75,1518.15,1519.65,0,
22_07_2026_10_30,1519.65,1521.45,1519.65,1520.60,0,
22_07_2026_10_35,1520.65,1520.80,1518.50,1518.50,0,
22_07_2026_10_40,1518.50,1519.55,1518.20,1518.80,0,
22_07_2026_10_45,1518.80,1520.00,1518.15,1519.55,0,
22_07_2026_10_50,1519.70,1521.95,1519.65,1521.85,0,
22_07_2026_10_55,1521.85,1522.65,1521.30,1521.75,0,
22_07_2026_11_00,1521.75,1522.20,1521.00,1521.65,0,
22_07_2026_11_05,1521.65,1523.80,1521.10,1522.65,0,
22_07_2026_11_10,1522.65,1523.75,1522.25,1522.65,0,
22_07_2026_11_15,1522.65,1524.80,1522.00,1524.60,0,
22_07_2026_11_20,1524.65,1525.20,1523.25,1523.90,0,
22_07_2026_11_25,1523.90,1525.75,1523.70,1524.95,0,
22_07_2026_11_30,1524.90,1525.55,1524.35,1524.60,0,
22_07_2026_11_35,1524.50,1525.25,1524.05,1524.25,0,
22_07_2026_11_40,1524.25,1524.30,1523.20,1523.20,0,
22_07_2026_11_45,1523.20,1523.80,1522.45,1523.50,0,
22_07_2026_11_50,1523.50,1523.50,1521.55,1521.60,0,
22_07_2026_11_55,1521.60,1522.85,1521.40,1522.65,0,
22_07_2026_12_00,1522.60,1522.60,1520.10,1520.20,0,
22_07_2026_12_05,1520.20,1520.70,1519.05,1519.20,0,
22_07_2026_12_10,1519.20,1519.40,1516.80,1519.00,0,
22_07_2026_12_15,1519.00,1519.05,1515.95,1516.90,0,
22_07_2026_12_20,1516.90,1516.90,1515.25,1516.15,0,
22_07_2026_12_25,1516.15,1517.05,1515.90,1516.30,0,
22_07_2026_12_30,1516.30,1516.50,1515.20,1515.90,0,
22_07_2026_12_35,1515.80,1516.15,1514.35,1514.65,0,
22_07_2026_12_40,1514.65,1514.75,1512.40,1514.20,0,
22_07_2026_12_45,1514.20,1517.10,1514.20,1517.10,0,
22_07_2026_12_50,1517.10,1517.55,1516.25,1516.35,0,
22_07_2026_12_55,1516.35,1517.15,1515.65,1515.80,0,
22_07_2026_13_00,1515.80,1517.50,1515.55,1515.55,0,
22_07_2026_13_05,1515.55,1516.20,1515.25,1515.50,0,
22_07_2026_13_10,1515.50,1516.30,1514.75,1515.20,0,
22_07_2026_13_15,1515.20,1515.75,1514.60,1514.80,0,
22_07_2026_13_20,1514.80,1514.95,1513.70,1514.00,0,
22_07_2026_13_25,1514.00,1514.45,1513.55,1513.90,0,
22_07_2026_13_30,1513.90,1515.20,1513.65,1515.20,0,
22_07_2026_13_35,1515.20,1517.75,1515.20,1516.65,0,
22_07_2026_13_40,1516.65,1516.85,1515.35,1515.40,0,
22_07_2026_13_45,1515.40,1515.60,1514.50,1514.50,0,
22_07_2026_13_50,1514.85,1514.85,1513.15,1514.30,0,
22_07_2026_13_55,1514.30,1514.65,1508.30,1509.40,0,
22_07_2026_14_00,1509.40,1510.40,1505.30,1505.85,0,
22_07_2026_14_05,1505.90,1505.90,1503.15,1504.75,0,
22_07_2026_14_10,1504.90,1506.95,1504.00,1505.00,0,
22_07_2026_14_15,1504.95,1506.50,1503.45,1503.50,0,
22_07_2026_14_20,1503.45,1504.50,1502.15,1502.30,0,
22_07_2026_14_25,1502.30,1502.50,1499.20,1500.15,0,
22_07_2026_14_30,1500.15,1500.95,1498.45,1498.70,0,
22_07_2026_14_35,1498.70,1499.45,1498.05,1498.75,0,
22_07_2026_14_40,1498.75,1499.20,1496.65,1497.35,0,
22_07_2026_14_45,1497.50,1498.90,1496.95,1498.20,0,
22_07_2026_14_50,1498.20,1499.00,1496.90,1498.10,0,
22_07_2026_14_55,1498.10,1498.65,1496.85,1497.25,0,
22_07_2026_15_00,1497.45,1498.80,1495.25,1496.45,0,
22_07_2026_15_05,1496.45,1497.85,1495.05,1497.85,0,
22_07_2026_15_10,1497.70,1498.25,1495.50,1497.60,0,
22_07_2026_15_15,1497.60,1498.90,1494.45,1496.55,0,
22_07_2026_15_20,1496.60,1497.05,1495.00,1496.95,0,
22_07_2026_15_25,1496.95,1498.45,1495.70,1497.30,0,
23_07_2026_09_15,1495.15,1498.15,1493.25,1495.45,0,
23_07_2026_09_20,1495.50,1499.80,1494.70,1497.65,0,
23_07_2026_09_25,1497.80,1499.15,1496.45,1498.75,0,
23_07_2026_09_30,1498.75,1500.40,1497.15,1498.05,0,
23_07_2026_09_35,1497.90,1498.45,1496.15,1498.35,0,
23_07_2026_09_40,1498.35,1501.65,1497.75,1500.15,0,
23_07_2026_09_45,1500.15,1500.45,1497.50,1497.90,0,
23_07_2026_09_50,1498.00,1498.45,1497.20,1498.05,0,
23_07_2026_09_55,1498.15,1501.75,1497.95,1500.45,0,
23_07_2026_10_00,1500.45,1506.25,1500.25,1505.65,0,
23_07_2026_10_05,1505.65,1506.45,1503.50,1504.60,0,
23_07_2026_10_10,1504.60,1507.15,1503.90,1506.50,0,
23_07_2026_10_15,1506.30,1506.45,1503.35,1504.10,0,
23_07_2026_10_20,1504.10,1504.50,1499.45,1501.65,0,
23_07_2026_10_25,1501.65,1503.00,1500.90,1502.85,0,
23_07_2026_10_30,1502.85,1503.25,1501.30,1502.50,0,
23_07_2026_10_35,1502.50,1502.90,1501.60,1502.05,0,
23_07_2026_10_40,1502.10,1505.85,1501.45,1505.85,0,
23_07_2026_10_45,1505.85,1507.35,1505.25,1506.65,0,
23_07_2026_10_50,1506.80,1507.50,1505.60,1505.65,0,
23_07_2026_10_55,1505.65,1507.55,1504.80,1506.90,0,
23_07_2026_11_00,1506.90,1507.90,1506.45,1507.55,0,
23_07_2026_11_05,1507.45,1508.55,1506.85,1507.65,0,
23_07_2026_11_10,1507.75,1508.50,1506.65,1507.90,0,
23_07_2026_11_15,1507.90,1508.90,1507.60,1508.15,0,
23_07_2026_11_20,1508.20,1508.25,1505.30,1505.80,0,
23_07_2026_11_25,1505.75,1506.20,1504.70,1505.90,0,
23_07_2026_11_30,1505.90,1506.25,1505.45,1505.45,0,
23_07_2026_11_35,1505.45,1506.50,1505.35,1506.20,0,
23_07_2026_11_40,1506.20,1507.00,1505.85,1506.85,0,
23_07_2026_11_45,1506.75,1507.70,1502.45,1502.50,0,
23_07_2026_11_50,1502.60,1503.45,1502.40,1502.50,0,
23_07_2026_11_55,1502.50,1503.20,1502.30,1502.75,0,
23_07_2026_12_00,1502.75,1503.85,1502.60,1502.90,0,
23_07_2026_12_05,1502.95,1503.15,1501.75,1502.85,0,
23_07_2026_12_10,1502.85,1502.90,1498.50,1499.65,0,
23_07_2026_12_15,1499.65,1500.05,1497.45,1499.75,0,
23_07_2026_12_20,1499.75,1499.90,1498.80,1499.10,0,
23_07_2026_12_25,1499.10,1499.35,1497.80,1498.20,0,
23_07_2026_12_30,1498.25,1498.60,1495.90,1497.00,0,
23_07_2026_12_35,1497.00,1505.50,1496.55,1503.30,0,
23_07_2026_12_40,1503.30,1505.55,1499.55,1502.75,0,
23_07_2026_12_45,1502.30,1504.00,1498.90,1503.10,0,
23_07_2026_12_50,1503.10,1504.10,1500.65,1503.15,0,
23_07_2026_12_55,1503.15,1503.45,1499.10,1499.95,0,
23_07_2026_13_00,1499.90,1501.60,1496.70,1498.20,0,
23_07_2026_13_05,1498.20,1501.10,1496.90,1500.50,0,
23_07_2026_13_10,1500.90,1504.00,1499.20,1503.00,0,
23_07_2026_13_15,1503.00,1511.90,1502.10,1511.05,0,
23_07_2026_13_20,1511.10,1512.05,1507.20,1510.95,0,
23_07_2026_13_25,1510.95,1512.10,1506.25,1508.05,0,
23_07_2026_13_30,1508.05,1509.95,1506.65,1508.65,0,
23_07_2026_13_35,1508.65,1510.60,1507.15,1507.60,0,
23_07_2026_13_40,1507.40,1508.70,1506.75,1507.75,0,
23_07_2026_13_45,1507.85,1508.95,1506.60,1508.35,0,
23_07_2026_13_50,1508.35,1509.65,1507.90,1508.55,0,
23_07_2026_13_55,1508.60,1510.45,1508.45,1509.30,0,
23_07_2026_14_00,1509.30,1509.85,1507.40,1507.65,0,
23_07_2026_14_05,1507.65,1508.90,1504.95,1505.70,0,
23_07_2026_14_10,1505.65,1508.15,1504.15,1507.90,0,
23_07_2026_14_15,1508.00,1513.15,1507.75,1512.55,0,
23_07_2026_14_20,1512.55,1513.10,1509.85,1513.10,0,
23_07_2026_14_25,1513.15,1513.75,1510.90,1511.35,0,
23_07_2026_14_30,1511.35,1515.50,1511.25,1515.40,0,
23_07_2026_14_35,1515.40,1516.95,1511.80,1511.80,0,
23_07_2026_14_40,1511.70,1513.70,1511.25,1512.10,0,
23_07_2026_14_45,1512.00,1513.65,1509.20,1510.90,0,
23_07_2026_14_50,1511.10,1511.10,1508.75,1510.40,0,
23_07_2026_14_55,1510.25,1511.60,1503.75,1504.10,0,
23_07_2026_15_00,1504.45,1505.00,1497.70,1498.70,0,
23_07_2026_15_05,1498.60,1500.45,1497.75,1500.15,0,
23_07_2026_15_10,1499.90,1501.15,1498.05,1499.05,0,
23_07_2026_15_15,1498.90,1500.70,1497.85,1498.95,0,
23_07_2026_15_20,1499.20,1499.85,1496.65,1498.90,0,
23_07_2026_15_25,1499.05,1500.70,1496.60,1500.55,0,
24_07_2026_09_15,1493.85,1500.95,1490.95,1500.95,0,
24_07_2026_09_20,1501.05,1501.65,1496.20,1499.50,0,
24_07_2026_09_25,1499.65,1500.40,1494.35,1497.80,0,
24_07_2026_09_30,1497.85,1502.00,1497.70,1501.75,0,
24_07_2026_09_35,1501.75,1502.10,1496.85,1497.95,0,
24_07_2026_09_40,1498.05,1498.95,1496.50,1498.20,0,
24_07_2026_09_45,1498.45,1499.95,1495.10,1495.15,0,
24_07_2026_09_50,1494.75,1495.45,1493.85,1494.40,0,
24_07_2026_09_55,1494.50,1494.55,1491.95,1492.80,0,
24_07_2026_10_00,1493.20,1494.70,1491.35,1492.15,0,
24_07_2026_10_05,1492.15,1492.15,1490.10,1490.40,0,
24_07_2026_10_10,1490.40,1490.75,1488.65,1488.85,0,
24_07_2026_10_15,1488.85,1490.50,1487.75,1488.90,0,
24_07_2026_10_20,1488.80,1489.25,1485.65,1488.60,0,
24_07_2026_10_25,1488.60,1488.65,1486.85,1487.10,0,
24_07_2026_10_30,1487.10,1488.00,1484.90,1485.75,0,
24_07_2026_10_35,1485.75,1491.60,1484.75,1491.15,0,
24_07_2026_10_40,1490.90,1491.90,1489.30,1489.65,0,
24_07_2026_10_45,1489.65,1493.00,1489.55,1492.85,0,
24_07_2026_10_50,1492.75,1493.40,1490.45,1490.90,0,
24_07_2026_10_55,1490.95,1491.00,1488.90,1489.40,0,
24_07_2026_11_00,1489.40,1493.70,1489.00,1492.30,0,
24_07_2026_11_05,1492.00,1494.90,1492.00,1492.55,0,
24_07_2026_11_10,1492.55,1493.75,1491.75,1491.80,0,
24_07_2026_11_15,1491.80,1495.55,1491.55,1495.55,0,
24_07_2026_11_20,1495.55,1500.05,1495.50,1498.65,0,
24_07_2026_11_25,1498.85,1499.60,1498.25,1498.85,0,
24_07_2026_11_30,1498.85,1498.90,1497.30,1498.65,0,
24_07_2026_11_35,1498.65,1499.40,1498.10,1499.30,0,
24_07_2026_11_40,1499.30,1502.15,1498.80,1501.85,0,
24_07_2026_11_45,1501.70,1506.75,1501.60,1506.40,0,
24_07_2026_11_50,1506.40,1507.55,1505.10,1506.85,0,
24_07_2026_11_55,1506.80,1509.65,1506.45,1509.25,0,
24_07_2026_12_00,1509.20,1509.70,1507.40,1508.40,0,
24_07_2026_12_05,1508.35,1508.60,1507.65,1507.90,0,
24_07_2026_12_10,1507.90,1509.85,1507.90,1508.30,0,
24_07_2026_12_15,1508.30,1509.05,1507.45,1508.95,0,
24_07_2026_12_20,1508.95,1511.05,1507.90,1510.80,0,
24_07_2026_12_25,1510.80,1515.25,1510.65,1514.55,0,
24_07_2026_12_30,1514.45,1518.55,1513.15,1518.10,0,
24_07_2026_12_35,1518.05,1519.85,1516.95,1518.05,0,
24_07_2026_12_40,1518.20,1520.85,1516.65,1520.35,0,
24_07_2026_12_45,1520.35,1520.95,1518.55,1519.60,0,
24_07_2026_12_50,1519.60,1520.35,1518.60,1519.85,0,
24_07_2026_12_55,1519.85,1522.15,1519.55,1521.00,0,
24_07_2026_13_00,1521.05,1522.25,1520.30,1521.35,0,
24_07_2026_13_05,1521.35,1521.60,1519.00,1520.65,0,
24_07_2026_13_10,1520.65,1521.25,1519.05,1519.80,0,
24_07_2026_13_15,1519.80,1521.45,1519.55,1521.15,0,
24_07_2026_13_20,1521.45,1521.95,1520.55,1521.95,0,
24_07_2026_13_25,1521.95,1524.15,1521.50,1523.45,0,
24_07_2026_13_30,1523.50,1523.50,1520.55,1520.80,0,
24_07_2026_13_35,1520.70,1522.25,1520.05,1522.20,0,
24_07_2026_13_40,1522.15,1522.80,1520.30,1522.45,0,
24_07_2026_13_45,1522.45,1523.45,1521.95,1523.20,0,
24_07_2026_13_50,1523.20,1523.95,1522.60,1522.95,0,
24_07_2026_13_55,1522.95,1524.50,1522.40,1524.35,0,
24_07_2026_14_00,1524.20,1525.95,1523.85,1525.90,0,
24_07_2026_14_05,1525.75,1525.95,1524.20,1524.75,0,
24_07_2026_14_10,1524.80,1525.00,1523.15,1524.10,0,
24_07_2026_14_15,1524.10,1524.95,1523.20,1523.20,0,
24_07_2026_14_20,1523.25,1523.65,1521.50,1521.60,0,
24_07_2026_14_25,1521.40,1523.25,1521.10,1521.30,0,
24_07_2026_14_30,1521.15,1521.60,1518.95,1519.10,0,
24_07_2026_14_35,1519.10,1519.50,1518.50,1519.05,0,
24_07_2026_14_40,1519.05,1520.75,1518.75,1520.00,0,
24_07_2026_14_45,1519.75,1521.55,1519.30,1520.80,0,
24_07_2026_14_50,1520.80,1522.35,1519.30,1522.35,0,
24_07_2026_14_55,1522.35,1522.40,1520.05,1520.25,0,
24_07_2026_15_00,1520.15,1520.85,1518.35,1520.30,0,
24_07_2026_15_05,1520.20,1521.85,1519.95,1521.40,0,
24_07_2026_15_10,1521.40,1527.75,1518.95,1524.35,0,
24_07_2026_15_15,1524.95,1533.90,1524.30,1530.15,0,
24_07_2026_15_20,1530.30,1531.55,1528.70,1531.05,0,
24_07_2026_15_25,1530.90,1535.10,1528.30,1528.40,0,
