Date,NIFTY 50,NIFTY METALS,NIFTY AUTO,NIFTY IT,NIFTY RURAL,NIFTY MEDIA,NIFTY OIL GAS
16-Jul-20,7015.9,2070.65,18196.09536,16926.1,18196.09536,18015.936,
17-Jul-20,7137.3,2103,17659.30056,16821.3,17659.30056,17484.456,
20-Jul-20,7175.85,2106,18076.46086,17258.3,18076.46086,17897.486,
21-Jul-20,7295.75,2118.6,18219.91823,17273.2,18219.91823,18039.523,
22-Jul-20,7203.95,2113.95,18019.76451,17076.1,18019.76451,17841.351,
23-Jul-20,7301.05,2131.4,17771.02878,17045.2,17771.02878,17595.078,
24-Jul-20,7218.65,2087.5,18020.80481,17286,18020.80481,17842.381,
27-Jul-20,7186.45,2094.4,18450.44871,17626.8,18450.44871,18267.771,
28-Jul-20,7416.9,2141.3,18833.27911,18042.8,18833.27911,18646.811,
29-Jul-20,7330.25,2160.75,18838.48061,17880.5,18838.48061,18651.961,
30-Jul-20,7287.85,2135.15,18988.28381,18003.6,18988.28381,18800.281,
31-Jul-20,7279.75,2147.3,19093.14605,18071.8,19093.14605,18904.105,
3-Aug-20,7240.25,2156.15,18871.87424,17965.8,18871.87424,18685.024,
4-Aug-20,7353.95,2177.35,18821.1076,17808,18821.1076,18634.76,
5-Aug-20,7489.1,2263.8,18870.20976,17869.8,18870.20976,18683.376,
6-Aug-20,7498.25,2294.75,18957.17884,18188.8,18957.17884,18769.484,
7-Aug-20,7554.45,2314.35,18915.04669,18004.2,18915.04669,18727.769,
10-Aug-20,7621.3,2332,18938.86956,18159.6,18938.86956,18751.356,
11-Aug-20,7630.35,2370.65,19070.46751,18057.1,19070.46751,18881.651,
12-Aug-20,7785.05,2354.8,18839.62494,18066,18839.62494,18653.094,
13-Aug-20,7879.75,2380.65,19083.36723,18107.2,19083.36723,18894.423,
14-Aug-20,7677.65,2405.8,18964.77303,18022.7,18964.77303,18777.003,
17-Aug-20,7865.55,2464.25,19044.66807,18223.6,19044.66807,18856.107,
18-Aug-20,7941.85,2507.5,19115.72056,18270.3,19115.72056,18926.456,
19-Aug-20,7941.35,2513.15,19094.49844,18210.8,19094.49844,18905.444,
20-Aug-20,7911.6,2538.9,18987.86769,18126.1,18987.86769,18799.869,
21-Aug-20,7934.7,2523.6,19019.38878,18065.3,19019.38878,18831.078,
24-Aug-20,7948.4,2526.1,18842.84987,18010.9,18842.84987,18656.287,
25-Aug-20,7983.6,2507.5,18774.81425,17973.7,18774.81425,18588.925,
26-Aug-20,8100.5,2527.8,18887.89486,18128,18887.89486,18700.886,
27-Aug-20,8183,2531.05,19043.31568,18102.7,19043.31568,18854.768,
28-Aug-20,8111.85,2520.35,18989.22008,18122,18989.22008,18801.208,
31-Aug-20,7840.35,2420.6,19168.98392,17928.8,19168.98392,18979.192,
1-Sep-20,7885.95,2496.75,18886.02232,17814.1,18886.02232,18699.032,
2-Sep-20,7976.95,2541.35,18844.82644,18077,18844.82644,18658.244,
3-Sep-20,8049.55,2527.3,19243.36537,18348.6,19243.36537,19052.837,
4-Sep-20,7996.55,2451.35,18995.66994,18073.9,18995.66994,18807.594,
7-Sep-20,7957.85,2450.05,18942.71867,18176.8,18942.71867,18755.167,
8-Sep-20,7888,2376.85,19424.27354,18395.8,19424.27354,19231.954,
9-Sep-20,7903.1,2397.2,19182.71588,18261.5,19182.71588,18992.788,
10-Sep-20,7945,2369.8,19158.99704,18395.8,19158.99704,18969.304,
11-Sep-20,7956.8,2384.3,19496.05424,18633.2,19496.05424,19303.024,
14-Sep-20,8035.35,2387.05,20381.86969,19505.1,20381.86969,20180.069,
15-Sep-20,8033.5,2385.55,20621.8669,19627.3,20621.8669,20417.69,
16-Sep-20,8156.2,2396.35,20600.43672,19770.3,20600.43672,20396.472,
17-Sep-20,8128.65,2363.3,20821.29241,19817.7,20821.29241,20615.141,
18-Sep-20,8161.7,2362.2,20876.42831,19827.1,20876.42831,20669.731,
21-Sep-20,7832.2,2240.35,21150.96348,19729,21150.96348,20941.548,
22-Sep-20,7695.25,2213.95,20923.97002,19866.1,20923.97002,20716.802,
23-Sep-20,7690.9,2205.25,21041.41989,19805.7,21041.41989,20833.089,
24-Sep-20,7418.85,2111.85,20450.2174,18973.1,20450.2174,20247.74,
25-Sep-20,7669.5,2172.65,20471.54355,19629.3,20471.54355,20268.855,
28-Sep-20,7902.55,2237,20636.32707,19783.1,20636.32707,20432.007,
29-Sep-20,7925.2,2280.9,20958.19589,19831.8,20958.19589,20750.689,
30-Sep-20,7908.1,2242.55,20856.55858,19951.3,20856.55858,20650.058,
1-Oct-20,7966.1,2261.25,21010.00283,20110.4,21010.00283,20801.983,
5-Oct-20,7957.95,2318.85,21784.81827,20809,21784.81827,21569.127,
6-Oct-20,8058.1,2302.7,21841.41059,20896.8,21841.41059,21625.159,
7-Oct-20,8170.05,2267.75,21972.80048,21017.4,21972.80048,21755.248,
8-Oct-20,8183.7,2272.4,23062.72279,21697.2,23062.72279,22834.379,
9-Oct-20,8163.5,2260.85,22806.28884,21837.7,22806.28884,22580.484,
12-Oct-20,8102.5,2240.85,23219.496,22202.1,23219.496,22989.6,
13-Oct-20,8052.85,2249.65,23530.5457,22492.6,23530.5457,23297.57,
14-Oct-20,8031.05,2251.95,23396.65909,22204.1,23396.65909,23165.009,
15-Oct-20,7935.35,2240.95,23480.09115,21567.3,23480.09115,23247.615,
16-Oct-20,7959.45,2329.85,22791.72464,21538.2,22791.72464,22566.064,
19-Oct-20,7870.35,2367.85,22557.65714,21391.9,22557.65714,22334.314,
20-Oct-20,7896.7,2363.35,22657.52594,21694.3,22657.52594,22433.194,
21-Oct-20,7878.05,2416.05,22774.55969,21577.7,22774.55969,22549.069,
22-Oct-20,7864.15,2432.5,22644.31413,21413.5,22644.31413,22420.113,
23-Oct-20,8094.6,2443,22492.95048,21523.6,22492.95048,22270.248,
26-Oct-20,7833.65,2357.55,22466.11074,21265.7,22466.11074,22243.674,
27-Oct-20,7930.65,2359.6,22232.87548,21023.4,22232.87548,22012.748,
28-Oct-20,7922.75,2325.4,22048.95044,20810.3,22048.95044,21830.644,
29-Oct-20,7846.75,2307.7,21805.83233,20876.9,21805.83233,21589.933,
30-Oct-20,7758.4,2343.6,22051.55119,20916.8,22051.55119,21833.219,
2-Nov-20,7732.25,2338.9,21859.19972,20732.3,21859.19972,21642.772,
3-Nov-20,7848.85,2391.2,21864.92137,20736,21864.92137,21648.437,
4-Nov-20,7901.75,2383.8,22333.57652,21104.6,22333.57652,22112.452,
5-Nov-20,7995.5,2488.65,22466.3188,21385.7,22466.3188,22243.88,
6-Nov-20,8006.1,2500.35,22451.96266,21492.3,22451.96266,22229.666,
9-Nov-20,8067.65,2545.25,22810.55407,21820.2,22810.55407,22584.707,
10-Nov-20,8127.25,2556.7,22504.91393,20978.5,22504.91393,22282.093,
11-Nov-20,8255.2,2645.05,22226.73771,21330.5,22226.73771,22006.671,
12-Nov-20,8284.05,2636.9,22480.98703,21363.3,22480.98703,22258.403,
13-Nov-20,8308.9,2681,22326.9186,21436.8,22326.9186,22105.86,
17-Nov-20,8425.55,2761.35,22580.95986,21488.6,22580.95986,22357.386,
18-Nov-20,8686.6,2772.5,22425.85113,21314.8,22425.85113,22203.813,
19-Nov-20,8628.3,2752.65,22316.30754,21114.4,22316.30754,22095.354,
20-Nov-20,8684.75,2774.75,22367.17821,21409.2,22367.17821,22145.721,
23-Nov-20,8738.6,2808.6,22935.59813,22007.1,22935.59813,22708.513,
24-Nov-20,8887.95,2839.15,23179.75654,22064.3,23179.75654,22950.254,
25-Nov-20,8738.45,2816.55,23024.85587,21705.9,23024.85587,22796.887,
26-Nov-20,8767.75,2925.05,22802.54376,21859.9,22802.54376,22576.776,
27-Nov-20,8891.6,2925.75,22858.40787,21764.9,22858.40787,22632.087,
1-Dec-20,8987.15,2974.05,23111.72092,22170.9,23111.72092,22882.892,
2-Dec-20,9093.7,3050.2,23273.17548,22319,23273.17548,23042.748,
3-Dec-20,9245.3,3126.1,23363.88964,22202.2,23363.88964,23132.564,
4-Dec-20,9302.2,3161.35,23248.41634,22309.8,23248.41634,23018.234,
7-Dec-20,9311.1,3161.2,23388.96087,22440.9,23388.96087,23157.387,
8-Dec-20,9297.85,3122.35,23654.23737,22617.4,23654.23737,23420.037,
9-Dec-20,9293.3,3105.9,23818.18865,22803.4,23818.18865,23582.365,
10-Dec-20,9200.85,3113.05,23728.82688,22755.8,23728.82688,23493.888,
11-Dec-20,9188.95,3146.1,23824.74254,22664,23824.74254,23588.854,
14-Dec-20,9093.1,3189.5,23710.93372,22746.7,23710.93372,23476.172,
15-Dec-20,9149.75,3214.15,23697.72191,22715.1,23697.72191,23463.091,
16-Dec-20,9239.1,3271.75,23858.03214,22906.2,23858.03214,23621.814,
17-Dec-20,9185.2,3227.7,23885.80815,22892.2,23885.80815,23649.315,
18-Dec-20,9168.65,3216.6,24360.18495,23256.6,24360.18495,24118.995,
21-Dec-20,8745,3038.25,24454.02001,22844.6,24454.02001,24211.901,
22-Dec-20,8818.6,3079.65,24635.24027,23611.6,24635.24027,24391.327,
23-Dec-20,8935.95,3134.1,25205.22064,24167.8,25205.22064,24955.664,
24-Dec-20,8978.05,3144.3,25136.97696,24009.2,25136.97696,24888.096,
28-Dec-20,9066.85,3224.85,25167.04163,24100.3,25167.04163,24917.863,
29-Dec-20,9043.9,3189.85,25408.49526,24274.1,25408.49526,25156.926,
30-Dec-20,9164.8,3230.9,25377.91044,24330.1,25377.91044,25126.644,
31-Dec-20,9193.5,3254.65,25274.29656,24251.3,25274.29656,25024.056,
1-Jan-21,9272.5,3258.85,25488.07821,24456.1,25488.07821,25235.721,
4-Jan-21,9417.95,3424.6,26172.69964,25110.1,26172.69964,25913.564,
5-Jan-21,9416.05,3376.25,26864.91526,25769.2,26864.91526,26598.926,
6-Jan-21,9379.55,3419.8,27085.97901,25419.2,27085.97901,26817.801,
7-Jan-21,9429.65,3550.45,26738.10269,25251.2,26738.10269,26473.369,
8-Jan-21,9741.25,3529.2,27284.46825,26162.4,27284.46825,27014.325,
11-Jan-21,9995.6,3493.9,28187.76074,27027.8,28187.76074,27908.674,
12-Jan-21,10119.8,3509.9,28220.42616,26982.1,28220.42616,27941.016,
13-Jan-21,10208.5,3523.25,28196.18717,27004.3,28196.18717,27917.017,
14-Jan-21,10238.3,3487.4,28271.71295,26965.6,28271.71295,27991.795,
15-Jan-21,10178.3,3449.15,28127.31931,26362.8,28127.31931,27848.831,
18-Jan-21,9961.1,3308.5,27488.47108,25916.2,27488.47108,27216.308,
19-Jan-21,10136.8,3405.2,27312.14023,26043.5,27312.14023,27041.723,
20-Jan-21,10369.2,3437,27836.45143,26619.7,27836.45143,27560.843,
21-Jan-21,10367.8,3362.15,27955.87787,26450.2,27955.87787,27679.087,
22-Jan-21,10515.8,3231.45,27742.30428,26489.8,27742.30428,27467.628,
25-Jan-21,10433.5,3236.35,27761.23774,26023.3,27761.23774,27486.374,
27-Jan-21,10210.2,3154.8,27293.93498,25865.3,27293.93498,27023.698,
28-Jan-21,10105.6,3138.1,26847.75031,25301.2,26847.75031,26581.931,
29-Jan-21,9813.15,3077.45,26569.05394,24645.8,26569.05394,26305.994,
1-Feb-21,10228,3227.25,26152.30976,24922.7,26152.30976,25893.376,
2-Feb-21,10638.6,3289.1,26605.46444,25447.8,26605.46444,26342.044,
3-Feb-21,10749.2,3344.4,26995.47291,25680.9,26995.47291,26728.191,
4-Feb-21,10867.1,3409.55,26904.75875,25570.1,26904.75875,26638.375,
5-Feb-21,10724,3443.15,26770.56005,25331.6,26770.56005,26505.505,
8-Feb-21,11061.2,3552.45,27076.9284,25915.6,27076.9284,26808.84,
9-Feb-21,10907.6,3513.65,27361.13836,25779.2,27361.13836,27090.236,
10-Feb-21,11010.8,3510.85,26986.52633,25885.3,26986.52633,26719.333,
11-Feb-21,10965.2,3546.7,27131.23206,26043.4,27131.23206,26862.606,
12-Feb-21,10912.2,3486.25,27521.24053,26093.8,27521.24053,27248.753,
15-Feb-21,10956,3469.95,27338.35579,26001.1,27338.35579,27067.679,
16-Feb-21,10944.9,3570.15,27222.36234,25613.9,27222.36234,26952.834,
17-Feb-21,10975.5,3576.05,26706.78966,25282.9,26706.78966,26442.366,
18-Feb-21,10827,3623.05,26721.97804,25618.6,26721.97804,26457.404,
19-Feb-21,10540.3,3552.1,26710.7428,25503.2,26710.7428,26446.28,
22-Feb-21,10300,3609.1,26649.67719,24766.4,26649.67719,26385.819,
23-Feb-21,10379.5,3749.55,26215.14388,24807.8,26215.14388,25955.588,
24-Feb-21,10405.5,3778.65,25874.65369,24779.4,25874.65369,25618.469,
25-Feb-21,10498,3928.6,26215.35194,24872.4,26215.35194,25955.794,
26-Feb-21,10169.9,3822.65,25683.9667,24301.4,25683.9667,25429.67,
1-Mar-21,10411.8,3896.95,25847.39783,24556.3,25847.39783,25591.483,
2-Mar-21,10744,3927.6,26460.44662,25301.8,26460.44662,26198.462,
3-Mar-21,10673.1,4058.6,26855.24047,25772.7,26855.24047,26589.347,
4-Mar-21,10625.8,3976.85,27028.34639,25631.8,27028.34639,26760.739,
5-Mar-21,10524.4,3869.4,26733.42134,25229.6,26733.42134,26468.734,
8-Mar-21,10507.3,3900.8,26578.93679,25347.9,26578.93679,26315.779,
9-Mar-21,10464.2,3802.7,26720.93774,25582.3,26720.93774,26456.374,
10-Mar-21,10559.3,3873.65,27189.90498,26010.1,27189.90498,26920.698,
12-Mar-21,10383.9,3840.2,27357.8094,25888.2,27357.8094,27086.94,
15-Mar-21,10335.1,3880.05,27145.79626,26032.1,27145.79626,26877.026,
16-Mar-21,10350.8,3847.25,27674.78881,26363.8,27674.78881,27400.781,
17-Mar-21,10159.1,3752.7,27731.38113,26183.5,27731.38113,27456.813,
18-Mar-21,10144,3754.35,27459.65477,25373.3,27459.65477,27187.777,
19-Mar-21,10186.5,3832.5,26722.60222,25562.8,26722.60222,26458.022,
22-Mar-21,10140.5,3867.45,27154.74284,26035.3,27154.74284,26885.884,
23-Mar-21,10187.7,3841.95,27376.32674,26105.7,27376.32674,27105.274,
24-Mar-21,9925.25,3717.55,27167.01838,25802.9,27167.01838,26898.038,
25-Mar-21,9651.35,3718.3,26804.3698,25237.1,26804.3698,26538.98,
26-Mar-21,9771.5,3855.3,26722.29013,25385.1,26722.29013,26457.713,
30-Mar-21,9865,3963,27366.86001,26121.1,27366.86001,27095.901,
31-Mar-21,9862.45,3977.2,27183.66318,25855,27183.66318,26914.518,
1-Apr-21,10022.6,4189.15,27348.55073,25980.4,27348.55073,27077.773,
5-Apr-21,9768.05,4226.4,27704.02124,26491.4,27704.02124,27429.724,
6-Apr-21,9781.35,4286.95,27791.82256,26532.2,27791.82256,27516.656,
7-Apr-21,9937,4325.45,27983.23776,26831,27983.23776,27706.176,
8-Apr-21,9959.35,4494.95,28518.36808,27148.4,28518.36808,28236.008,
9-Apr-21,9922.95,4467.3,28629.16003,27367.1,28629.16003,28345.703,
12-Apr-21,9415.65,4196,28633.84138,26727.8,28633.84138,28350.338,
13-Apr-21,9818.3,4337.9,27837.59576,25851.3,27837.59576,27561.976,
15-Apr-21,9691.45,4397.45,27135.39326,26010.8,27135.39326,26866.726,
16-Apr-21,9808.95,4434,27543.71101,26324.9,27543.71101,27271.001,
19-Apr-21,9532.15,4366.1,27593.64541,26236.9,27593.64541,27320.441,
20-Apr-21,9630.7,4384.4,27564.30895,25877.6,27564.30895,27291.395,
22-Apr-21,9644.55,4460.9,27105.0165,25826.7,27105.0165,26836.65,
23-Apr-21,9596.95,4446.85,26970.92183,25609.1,26970.92183,26703.883,
26-Apr-21,9641.45,4536.3,26930.35013,25680.3,26930.35013,26663.713,
27-Apr-21,9708.2,4659.25,26914.01742,25815.8,26914.01742,26647.542,
28-Apr-21,9871.5,4645.05,27039.99775,25962.1,27039.99775,26772.275,
29-Apr-21,9773.7,4855.3,27216.53666,25874.3,27216.53666,26947.066,
30-Apr-21,9640.85,4847.95,27208.31829,25664.4,27208.31829,26938.929,
3-May-21,9662.95,4952.45,26824.75968,25676.1,26824.75968,26559.168,
4-May-21,9577.7,4921.65,26840.98836,25489,26840.98836,26575.236,
5-May-21,9643.05,4970.15,26899.76531,25786.9,26899.76531,26633.431,
6-May-21,9815.1,5095,27451.12431,26258.7,27451.12431,27179.331,
7-May-21,9819.45,5335.85,27520.20023,26269.4,27520.20023,27247.723,
10-May-21,9973.05,5503.35,27454.34924,26273.4,27454.34924,27182.524,
11-May-21,9995.1,5452.65,27200.20395,26106.7,27200.20395,26930.895,
12-May-21,10013.7,5290.45,27157.23956,25855.4,27157.23956,26888.356,
14-May-21,9810.45,5091.35,26945.01836,25588.2,26945.01836,26678.236,
17-May-21,10001.7,5207.75,26809.05115,25703.6,26809.05115,26543.615,
18-May-21,10324,5294.4,27145.69223,25958.2,27145.69223,26876.923,
19-May-21,10249.1,5245.95,27321.08681,25982.8,27321.08681,27050.581,
20-May-21,10226.4,5077.35,27170.76346,25894.5,27170.76346,26901.746,
21-May-21,10312.4,5099.15,27208.0062,26105.3,27208.0062,26938.62,
24-May-21,10315.8,5068.6,27358.43358,26144.2,27358.43358,27087.558,
25-May-21,10384.3,5099.4,27620.58918,26393.9,27620.58918,27347.118,
26-May-21,10437.8,5004.75,27990.10374,26857.3,27990.10374,27712.974,
27-May-21,10486,5043.3,28452.41306,27164.8,28452.41306,28170.706,
28-May-21,10510.2,5055.75,28378.03161,27122.8,28378.03161,28097.061,
31-May-21,10491.8,5161.8,28300.21717,27115.1,28300.21717,28020.017,
1-Jun-21,10457.8,5121.65,28352.54426,27144.4,28352.54426,28071.826,
2-Jun-21,10647.8,5233.3,28211.58361,26939.7,28211.58361,27932.261,
3-Jun-21,10647.7,5268.05,28254.44397,26987.9,28254.44397,27974.697,
4-Jun-21,10735.8,5339.15,28262.35025,26996.8,28262.35025,27982.525,
7-Jun-21,10806.5,5315.5,28431.81512,27295.7,28431.81512,28150.312,
8-Jun-21,10873.9,5258.9,28849.91169,27623.8,28849.91169,28564.269,
9-Jun-21,10734.4,5209.45,28913.89014,27539,28913.89014,28627.614,
10-Jun-21,10722.7,5265.2,28943.33063,27798,28943.33063,28656.763,
11-Jun-21,10765.5,5406.8,29489.90425,28217.5,29489.90425,29197.925,
14-Jun-21,10753.1,5371.6,29614.53219,28314.1,29614.53219,29321.319,
15-Jun-21,10754.4,5368.95,29694.94738,28377.8,29694.94738,29400.938,
16-Jun-21,10669.5,5216.2,29752.78806,28448.8,29752.78806,29458.206,
17-Jun-21,10523,5095.1,29871.79838,28611.3,29871.79838,29576.038,
18-Jun-21,10443.8,5048.65,30100.14423,28445.6,30100.14423,29802.123,
21-Jun-21,10401.2,5105.2,29537.34193,28367,29537.34193,29244.893,
22-Jun-21,10540.5,5119.4,29811.25292,28523.6,29811.25292,29516.092,
23-Jun-21,10588.5,5061.8,29877.10391,28258.5,29877.10391,29581.291,
24-Jun-21,10618.5,5090.9,30271.58567,29048,30271.58567,29971.867,
25-Jun-21,10706.8,5223.95,30464.1452,29210.6,30464.1452,30162.52,
28-Jun-21,10709.9,5290.8,30438.76188,29068.6,30438.76188,30137.388,
29-Jun-21,10612.2,5226.05,30359.90714,28986.2,30359.90714,30059.314,
30-Jun-21,10600.3,5215.8,30492.85748,29168,30492.85748,30190.948,
1-Jul-21,10687.7,5207.4,30369.58193,29003.1,30369.58193,30068.893,
2-Jul-21,10685.5,5130.05,30198.14049,29007.9,30198.14049,29899.149,
5-Jul-21,10746.5,5189.6,30361.77968,28950.6,30361.77968,30061.168,
6-Jul-21,10559.7,5172.7,30154.23983,28649.4,30154.23983,29855.683,
7-Jul-21,10552.5,5286.45,29950.54909,28734.7,29950.54909,29654.009,
8-Jul-21,10456,5170.5,30100.45632,28749,30100.45632,29802.432,
9-Jul-21,10420.3,5273.6,30063.42164,28662.2,30063.42164,29765.764,
12-Jul-21,10438.2,5262.55,30017.44038,28532.3,30017.44038,29720.238,
13-Jul-21,10497.8,5295.6,29837.05236,28439.8,29837.05236,29541.636,
14-Jul-21,10467.9,5299.95,30560.78907,29339.8,30560.78907,30258.207,
15-Jul-21,10426,5335.4,31038.28677,29718.1,31038.28677,30730.977,
16-Jul-21,10428.5,5391.3,30933.11244,29400.2,30933.11244,30626.844,
19-Jul-21,10310.9,5317.85,30784.86969,29264,30784.86969,30480.069,
20-Jul-21,10222.2,5193.65,30595.74315,29252.5,30595.74315,30292.815,
22-Jul-21,10235.8,5348.95,31009.67852,29779.9,31009.67852,30702.652,
23-Jul-21,10201.3,5353.8,31271.10591,29894.3,31271.10591,30961.491,
26-Jul-21,10138,5387.4,31353.80976,29940.4,31353.80976,31043.376,
27-Jul-21,10094.3,5465.9,31259.24649,29892.6,31259.24649,30949.749,
28-Jul-21,10000.4,5532.8,31202.34208,29954.2,31202.34208,30893.408,
29-Jul-21,9956.65,5810.75,31631.3618,30371.4,31631.3618,31318.18,
30-Jul-21,10048.5,5770.35,32060.58958,30480.1,32060.58958,31743.158,
2-Aug-21,10183.5,5781.3,32074.84169,30803.1,32074.84169,31757.269,
3-Aug-21,10342.6,5778.2,32453.61492,31165.8,32453.61492,32132.292,
4-Aug-21,10246.8,5759.9,32601.75364,30977.2,32601.75364,32278.964,
5-Aug-21,10224.9,5834.4,32832.07606,31211.2,32832.07606,32507.006,
6-Aug-21,10249.5,5841.35,32728.15009,31303.3,32728.15009,32404.109,
9-Aug-21,10239,5732,32962.32162,31441,32962.32162,32635.962,6582.2
10-Aug-21,10158.8,5573.3,33094.85584,31713.4,33094.85584,32767.184,6547.4
11-Aug-21,10140.4,5748.3,33081.33194,31670,33081.33194,32753.794,6626.55
12-Aug-21,10180.5,5769.25,33591.07894,32245.1,33591.07894,33258.494,6642.9
13-Aug-21,10178.3,5799.3,34144.62257,32678.8,34144.62257,33806.557,6688.85
16-Aug-21,10088.8,5884.9,34231.48762,32577.9,34231.48762,33892.562,6751.1
17-Aug-21,10088.3,5749.4,34836.63013,33414.8,34836.63013,34491.713,6749.45
18-Aug-21,10068,5702.6,35204.16812,33448.9,35204.16812,34855.612,6766.65
20-Aug-21,9904.7,5335.95,35008.59172,33351.4,35008.59172,34661.972,6692.8
23-Aug-21,9759.15,5291.25,35529.78202,33919.8,35529.78202,35178.002,6722.1
24-Aug-21,9832.8,5444.8,35643.38278,33838.4,35643.38278,35290.478,6835.05
25-Aug-21,9808.65,5474.05,35786.21597,34083.9,35786.21597,35431.897,6911.4
26-Aug-21,9763.1,5404.7,35761.24877,34041.1,35761.24877,35407.177,6968.4
27-Aug-21,9793.85,5492.7,35778.93387,34309.8,35778.93387,35424.687,6992.45
30-Aug-21,9957.9,5628.1,35869.64803,34109.2,35869.64803,35514.503,7114.75
31-Aug-21,10034.5,5714.6,36078.22818,34570.2,36078.22818,35721.018,7174.7
1-Sep-21,10043.9,5612.45,36181.634,34110.5,36181.634,35823.4,7205.4
2-Sep-21,10022.5,5653.3,36251.23007,34680.3,36251.23007,35892.307,7225.15
3-Sep-21,10124.8,5719.35,36408.10731,34891.2,36408.10731,36047.631,7404.4
6-Sep-21,10167.2,5742.7,36893.61532,35415.1,36893.61532,36528.332,7388.4
7-Sep-21,10152.7,5708.35,37015.53848,34951.3,37015.53848,36649.048,7338.6
8-Sep-21,10100.4,5720.75,36388.96579,34678.2,36388.96579,36028.679,7376
9-Sep-21,10112.6,5765.15,36267.87487,34802.3,36267.87487,35908.787,7391.65
13-Sep-21,10120.2,5839.3,36662.77275,35129.6,36662.77275,36299.775,7367.05
14-Sep-21,10209.6,5810.35,36906.61907,35431.5,36906.61907,36541.207,7401.15
15-Sep-21,10297,5859.05,37658.86,36075.2,37658.86,37286,7463.7
16-Sep-21,10351.5,5822.5,37774.12524,35852.4,37774.12524,37400.124,7554.05
17-Sep-21,10351.5,5683.85,37587.28736,35646.5,37587.28736,37215.136,7446.85
20-Sep-21,10202.7,5309,37586.66318,35400.1,37586.66318,37214.518,7351.65
21-Sep-21,10156,5444.45,37583.75034,36086.1,37583.75034,37211.634,7416.45
22-Sep-21,10284.6,5524.65,38192.63793,36422.4,38192.63793,37814.493,7440.1
23-Sep-21,10373,5616.05,38353.15622,36816.9,38353.15622,37973.422,7567.1
24-Sep-21,10429,5498.2,39347.37093,37103.2,39347.37093,38957.793,7525.7
27-Sep-21,10765.2,5504.45,38850.10753,36034.4,38850.10753,38465.453,7624.55
28-Sep-21,10696,5534.6,37536.1046,35239.9,37536.1046,37164.46,7726.1
29-Sep-21,10655.5,5661.25,37012.10549,35282.6,37012.10549,36645.649,7777.45
30-Sep-21,10598.5,5611.25,36835.04643,35028,36835.04643,36470.343,7774.4
1-Oct-21,10597,5638.8,36515.46627,34780.6,36515.46627,36153.927,7797
4-Oct-21,10641.2,5807.35,36602.53938,35126.1,36602.53938,36240.138,7819.3
5-Oct-21,10692,5800.3,37087.63127,35544.3,37087.63127,36720.427,8036
6-Oct-21,10567.5,5627.35,37244.30045,35075.8,37244.30045,36875.545,8017.7
7-Oct-21,11031.8,5659.95,37350.82717,35703.9,37350.82717,36981.017,7995.8
8-Oct-21,11079.3,5681.45,38182.75508,36402,38182.75508,37804.708,8060.65
11-Oct-21,11375.5,5766.4,37128.72312,35179.9,37128.72312,36761.112,8086.55
12-Oct-21,11476.1,5829.35,36716.45223,34869.8,36716.45223,36352.923,8100.8
13-Oct-21,11870,5914.65,36747.97332,35285.6,36747.97332,36384.132,8133.25
14-Oct-21,11800.3,6019.2,37879.81972,35744.9,37879.81972,37504.772,8155.45
18-Oct-21,11814.8,6253.1,37867.54418,36306.4,37867.54418,37492.618,8216.85
19-Oct-21,11626.8,6099.35,39002.82357,37106.4,39002.82357,38616.657,8129.85
20-Oct-21,11493.3,5974,38973.69517,36846.8,38973.69517,38587.817,7995.9
21-Oct-21,11557.4,5868.4,38479.55267,35913.6,38479.55267,38098.567,7959.55
22-Oct-21,11434,5690.1,37759.97716,35394.6,37759.97716,37386.116,7928.1
25-Oct-21,11228.2,5679.65,36952.60033,35005.4,36952.60033,36586.733,7891.05
26-Oct-21,11452.2,5830.65,37138.60597,35162.4,37138.60597,36770.897,7988.05
27-Oct-21,11395.2,5741.9,37011.7934,35503.9,37011.7934,36645.34,7926.7
28-Oct-21,11260.9,5544.55,37009.29668,34913.6,37009.29668,36642.868,7755.3
29-Oct-21,11297.5,5563.4,36596.50564,34408.8,36596.50564,36234.164,7704.3
1-Nov-21,11421,5733.75,36752.34258,35290,36752.34258,36388.458,7783.8
2-Nov-21,11521.2,5643.15,36953.95272,35177.4,36953.95272,36588.072,7720.5
3-Nov-21,11401.2,5695.45,36957.48974,35177.1,36957.48974,36591.574,7716.95
4-Nov-21,11569.8,5697.95,36881.13172,35334.2,36881.13172,36515.972,7758.35
8-Nov-21,11645.8,5780.45,37297.35575,35782.4,37297.35575,36928.075,7897.2
9-Nov-21,11766.2,5761.6,37573.45137,35815.1,37573.45137,37201.437,7963
10-Nov-21,11829.2,5660.45,37307.65472,35722.9,37307.65472,36938.272,8023
11-Nov-21,11690.2,5681,37135.5891,35583.6,37135.5891,36767.91,7972.95
12-Nov-21,11706.5,5728.7,37844.13743,36332.3,37844.13743,37469.443,8029
15-Nov-21,11687.7,5624.3,38123.04186,36465.3,38123.04186,37745.586,8033.65
16-Nov-21,11977.3,5586.35,38277.00626,36643.9,38277.00626,37898.026,7924.15
17-Nov-21,12061.8,5568.1,38320.38677,36660.9,38320.38677,37940.977,7808.55
18-Nov-21,11747.5,5423.9,38181.50672,36007,38181.50672,37803.472,7753.8
22-Nov-21,11379.8,5421.6,37551.7091,35478.9,37551.7091,37179.91,7493.8
23-Nov-21,11455.7,5600.4,37081.90962,35504.4,37081.90962,36714.762,7570.45
24-Nov-21,11308.8,5602.6,37099.80278,34966.2,37099.80278,36732.478,7606.4
25-Nov-21,11247.8,5624,36791.04174,35300.2,36791.04174,36426.774,7748.75
26-Nov-21,10759.6,5323.75,36608.26103,34606.1,36608.26103,36245.803,7478.7
29-Nov-21,10704.2,5304.7,36519.10732,34870.8,36519.10732,36157.532,7406.3
30-Nov-21,10603.5,5201.7,37091.06426,35043.8,37091.06426,36723.826,7390.1
1-Dec-21,10758.2,5322.2,37088.98366,35429,37088.98366,36721.766,7459.75
2-Dec-21,10873.2,5405.05,37654.28268,36157.9,37654.28268,37281.468,7562.05
3-Dec-21,10788.8,5392.4,37990.50764,35848.1,37990.50764,37614.364,7482.6
6-Dec-21,10589.8,5327.9,37402.73814,34879.4,37402.73814,37032.414,7362.05
7-Dec-21,10759,5494.45,36809.9752,35272.3,36809.9752,36445.52,7469.9
8-Dec-21,11007.7,5594.9,37588.01557,35959.1,37588.01557,37215.857,7559.45
9-Dec-21,11058.8,5629.8,37569.3942,35946.4,37569.3942,37197.42,7637.9
10-Dec-21,11080,5658.9,37424.58444,35939.6,37424.58444,37054.044,7689.55
13-Dec-21,11047.2,5642.8,37978.54419,36050.6,37978.54419,37602.519,7584.15
14-Dec-21,10972.2,5666.8,37713.05963,36102.6,37713.05963,37339.663,7612.95
15-Dec-21,11026,5604.1,37513.218,35737.2,37513.218,37141.8,7551.7
16-Dec-21,10945.8,5597.15,37820.00247,36160.3,37820.00247,37445.547,7570.85
17-Dec-21,10678.7,5476.8,38504.83196,36647.9,38504.83196,38123.596,7381.25
20-Dec-21,10405.3,5269.6,38073.31552,35916.4,38073.31552,37696.352,7113.8
21-Dec-21,10483.9,5424.6,38460.51518,36627.1,38460.51518,38079.718,7173.05
22-Dec-21,10652.5,5521.1,38506.49644,36989.1,38506.49644,38125.244,7279.6
23-Dec-21,10731,5519.9,39040.3784,37362.9,39040.3784,38653.84,7362.55
24-Dec-21,10620.8,5492.7,39346.33063,37727.8,39346.33063,38956.763,7294.4
27-Dec-21,10641.7,5489.45,39561.88079,37988.5,39561.88079,39170.179,7308.7
28-Dec-21,10783.8,5538.7,40051.75806,38357.8,40051.75806,39655.206,7389.35
29-Dec-21,10829.5,5480.55,40035.84147,38274.6,40035.84147,39639.447,7371.6
30-Dec-21,10755.7,5416.65,40465.17328,38658.8,40465.17328,40064.528,7272.45
31-Dec-21,10936.9,5521.75,40427.20233,38701.1,40427.20233,40026.933,7348.8
3-Jan-22,11114.5,5628.1,40869.64192,39123.8,40869.64192,40464.992,7432.6
4-Jan-22,11139.4,5606.85,41036.40201,39370.7,41036.40201,40630.101,7532.3
5-Jan-22,11256.8,5684.15,40876.61193,38609.1,40876.61193,40471.893,7623.95
6-Jan-22,11316.6,5656,39746.32598,38009,39746.32598,39352.798,7608.1
7-Jan-22,11290.9,5684.85,39942.11044,38139.9,39942.11044,39546.644,7703.75
10-Jan-22,11501.7,5718.8,40178.36257,38212.2,40178.36257,39780.557,7733.9
11-Jan-22,11479.7,5610.35,40222.57532,38605.4,40222.57532,39824.332,7755.3
12-Jan-22,11645.9,5685,40470.58284,38604.8,40470.58284,40069.884,7867.95
13-Jan-22,11686.2,5882.75,40454.04207,38607,40454.04207,40053.507,7915.4
14-Jan-22,11643,5871.4,40459.97178,38826.9,40459.97178,40059.378,7902.05
17-Jan-22,11881.2,5888.4,40564.62596,38804.9,40564.62596,40162.996,7949.6
18-Jan-22,11598.8,5755.15,40561.92118,38091.8,40561.92118,40160.318,7885.5
19-Jan-22,11681.4,5801.1,39543.77957,37281.7,39543.77957,39152.257,7928.05
20-Jan-22,11583.2,5831.15,38750.23873,36662.2,38750.23873,38366.573,7856.35
21-Jan-22,11561.8,5719.55,38053.75788,36054.6,38053.75788,37676.988,7766.9
24-Jan-22,11261.2,5420.45,37419.48697,34821.6,37419.48697,37048.997,7573
25-Jan-22,11522.8,5485.15,36478.95174,34707.4,36478.95174,36117.774,7640.85
27-Jan-22,11561.6,5445.9,35747.72487,33475.1,35747.72487,35393.787,7599.8
28-Jan-22,11493.4,5466.05,35862.78205,33851.9,35862.78205,35507.705,7641.35
31-Jan-22,11703.5,5473.45,36381.57966,34824.6,36381.57966,36021.366,7754.6
1-Feb-22,11616.1,5719.4,36863.55065,35371.6,36863.55065,36498.565,7698.85
2-Feb-22,11632.4,5779.7,37289.86559,35788.8,37289.86559,36920.659,7739.45
3-Feb-22,11683.4,5761.6,37131.84402,35056.8,37131.84402,36764.202,7653.1
4-Feb-22,11560.6,5829.5,36612.94238,35080.1,36612.94238,36250.438,7626.5
7-Feb-22,11407.2,5829,36564.4644,34621.2,36564.4644,36202.44,7615.05
8-Feb-22,11429.8,5875.6,36267.04263,34521.6,36267.04263,35907.963,7595.75
9-Feb-22,11680.2,5985,36465.21978,34983.3,36465.21978,36104.178,7577.45
10-Feb-22,11674,6059.45,36805.70997,35341.9,36805.70997,36441.297,7610.25
11-Feb-22,11552.9,6023.8,36325.09137,34379.1,36325.09137,35965.437,7601.3
14-Feb-22,11107.2,5719,35855.60398,33880.6,35855.60398,35500.598,7420.85
15-Feb-22,11552.3,5845.5,36428.28913,34913.3,36428.28913,36067.613,7548.95
16-Feb-22,11509.7,5812.15,36628.65091,34801.9,36628.65091,36265.991,7584.15
17-Feb-22,11492.8,5793.4,36465.01172,34634.1,36465.01172,36103.972,7641.15
18-Feb-22,11420.5,5778.4,36126.60213,34483.1,36126.60213,35768.913,7558.45
21-Feb-22,11361.6,5658.95,36090.50372,34472.1,36090.50372,35733.172,7411.05
22-Feb-22,11343,5595.9,35668.97416,34129.6,35668.97416,35315.816,7346
23-Feb-22,11318.7,5608.9,35818.46527,34114.3,35818.46527,35463.827,7340.55
24-Feb-22,10609.8,5313.65,34742.06686,32547.9,34742.06686,34398.086,6960.15
25-Feb-22,10895.3,5618.7,35035.2234,33476.9,35035.2234,34688.34,7082.9
28-Feb-22,10820.5,5896.85,35329.73233,33847.9,35329.73233,34979.933,7268.35
2-Mar-22,10500.5,6136.7,35291.96944,33720,35291.96944,34942.544,7355.85
3-Mar-22,10261.1,6210.25,35797.45121,34130.3,35797.45121,35443.021,7463
4-Mar-22,9896.65,6010.15,35895.44747,34177.7,35895.44747,35540.047,7388
7-Mar-22,9480.45,6136.15,35823.35468,34135.9,35823.35468,35468.668,7378.75
8-Mar-22,9560,6045.3,36579.96487,35055.6,36579.96487,36217.787,7326.9
9-Mar-22,9832.35,6024.6,37165.96586,35440.6,37165.96586,36797.986,7403.95
10-Mar-22,10019.3,6161.95,37379.12333,35399.1,37379.12333,37009.033,7479.95
11-Mar-22,9979.7,6190.05,36908.17952,35348.7,36908.17952,36542.752,7542.05
14-Mar-22,10074.3,6161.05,37525.07742,36028,37525.07742,37153.542,7502.35
15-Mar-22,10131.3,5910.1,37587.49542,35097.9,37587.49542,37215.342,7313.4
16-Mar-22,10350.1,6065.7,37230.15237,35729.6,37230.15237,36861.537,7461.65
17-Mar-22,10576,6183.8,37707.12992,35643.6,37707.12992,37333.792,7604.5
21-Mar-22,10448.4,6276.35,37591.76065,35377.8,37591.76065,37219.565,7555.85
22-Mar-22,10572.9,6323.7,37575.53197,36070.4,37575.53197,37203.497,7697.35
23-Mar-22,10463.5,6399.95,37828.32487,36082,37828.32487,37453.787,7730.1
24-Mar-22,10412.4,6498.2,38072.69134,36516.8,38072.69134,37695.734,7817.4
25-Mar-22,10354.2,6500.2,38189.93315,36152.3,38189.93315,37811.815,7829.6
28-Mar-22,10421.6,6559.4,37666.97434,36026.1,37666.97434,37294.034,7900
29-Mar-22,10416.2,6571.85,37717.42889,36146.8,37717.42889,37343.989,7882.7
30-Mar-22,10542.2,6428.95,37991.54794,36463.6,37991.54794,37615.394,7853.65
31-Mar-22,10552.1,6423.7,38140.72696,36317.2,38140.72696,37763.096,7866.25
1-Apr-22,10676.8,6477.2,37892.51138,36343.4,37892.51138,37517.338,8047.85
4-Apr-22,10803.8,6606.1,37998.83004,36442.9,37998.83004,37622.604,8150.05
5-Apr-22,10936.5,6640.45,38296.66793,36466.6,38296.66793,37917.493,8193.95
6-Apr-22,10906.8,6730,37837.68757,35871.5,37837.68757,37463.057,8266.35
7-Apr-22,10820.7,6618.35,37260.84122,35423.2,37260.84122,36891.922,8081.15
8-Apr-22,10894.3,6755.55,37117.17579,35394.4,37117.17579,36749.679,8209.8
11-Apr-22,10882.1,6774.9,36872.18514,34895.9,36872.18514,36507.114,8361.9
12-Apr-22,10788.8,6589.25,36148.13634,34379.5,36148.13634,35790.234,8163.65
13-Apr-22,10698.3,6627,35985.0173,34354.8,35985.0173,35628.73,8223.25
18-Apr-22,10745.8,6648.95,34710.75383,32780.1,34710.75383,34367.083,8198.7
19-Apr-22,10615.2,6578,34442.87658,31804.2,34442.87658,34101.858,8260.25
20-Apr-22,10848.7,6556.1,33608.24389,32173.4,33608.24389,33275.489,8420.6
21-Apr-22,11090.5,6570.2,34017.81,32611.6,34017.81,33681,8488.25
22-Apr-22,11028.2,6440.65,34068.57664,32426.7,34068.57664,33731.264,8420.45
25-Apr-22,10916.5,6256.8,33425.25512,31744,33425.25512,33094.312,8216.6
26-Apr-22,11221.8,6336.85,33436.69842,31840.1,33436.69842,33105.642,8370.45
27-Apr-22,11158.8,6321.55,32966.89894,31594.3,32966.89894,32640.494,8285.45
28-Apr-22,11192,6362.4,33452.19889,31914.3,33452.19889,33120.989,8386.1
29-Apr-22,11078.1,6327.3,33511.07987,31622.4,33511.07987,33179.287,8194.9
2-May-22,10938.3,6363.1,32675.51091,31138.8,32675.51091,32351.991,8187.55
4-May-22,10661,6158.55,32720.34784,30794.6,32720.34784,32396.384,8111.5
5-May-22,10705.7,6196.6,32738.44906,31432.4,32738.44906,32414.306,8089.6
6-May-22,10518.5,6066,32125.60833,30719.4,32125.60833,31807.533,8072.3
9-May-22,10483.5,5942.8,32181.05632,30733.3,32181.05632,31862.432,7906.85
10-May-22,10472.5,5633.85,32026.57177,30427.2,32026.57177,31709.477,7725.8
11-May-22,10377.4,5634.15,31779.70858,30050.2,31779.70858,31465.058,7723.5
12-May-22,10164.3,5425.9,31400.72729,29756.8,31400.72729,31089.829,7619
13-May-22,10412.3,5313.05,31328.73853,29624.8,31328.73853,31018.553,7646.65
16-May-22,10649.1,5359.95,31079.17056,29403.5,31079.17056,30771.456,7680.95
17-May-22,10911.2,5727.45,31535.55017,30218.8,31535.55017,31223.317,7963.4
18-May-22,10909.5,5708.95,32065.37496,30077.7,32065.37496,31747.896,7924.45
19-May-22,10618,5476.25,30683.85656,28352.2,30683.85656,30380.056,7745.4
20-May-22,10914.6,5706.35,30061.96522,28789.4,30061.96522,29764.322,7963.3
23-May-22,11115.2,5241.6,30489.32046,29079.3,30489.32046,30187.446,7835.35
24-May-22,11116.3,5180.3,30316.00648,28531.5,30316.00648,30015.848,7805.15
25-May-22,11011.5,5079.25,29627.01579,27566.1,29627.01579,29333.679,7711.05
26-May-22,11097.2,5214.75,29170.22006,27932.6,29170.22006,28881.406,7764.2
27-May-22,11270.2,5211.5,29886.05049,28641.6,29886.05049,29590.149,7686.2
30-May-22,11491.4,5264.05,31040.15931,29753.3,31040.15931,30732.831,7885.75
31-May-22,11586.6,5332.75,31008.53419,29679.1,31008.53419,30701.519,7828.5
1-Jun-22,11563,5336.7,31031.94094,29260.8,31031.94094,30724.694,7797.75
2-Jun-22,11491.4,5397.55,31079.27459,29792.4,31079.27459,30771.559,7975.4
3-Jun-22,11282.2,5328.8,31790.5277,29903.8,31790.5277,31475.77,7988.95
6-Jun-22,11303.2,5388.65,31180.70384,29819.8,31180.70384,30871.984,8032.85
7-Jun-22,11362.2,5340.85,30845.51918,29351.7,30845.51918,30540.118,8104.9
8-Jun-22,11382.3,5348.2,30780.81252,29472.2,30780.81252,30476.052,8030
9-Jun-22,11419.2,5278.2,31003.85284,29761.6,31003.85284,30696.884,8187.55
10-Jun-22,11394,5199.95,30533.42918,29114.3,30533.42918,30231.118,8017.65
13-Jun-22,11165.7,5000,29590.08514,27914.6,29590.08514,29297.114,7803.25
14-Jun-22,11104.2,5018.3,29388.05888,27953.3,29388.05888,29097.088,7708.75
15-Jun-22,11206.8,4982.3,29264.88736,27812.4,29264.88736,28975.136,7649.85
16-Jun-22,10956.6,4721.3,29361.94735,27136.4,29361.94735,29071.235,7504.25
17-Jun-22,10830.9,4724.85,28081.44208,26732.4,28081.44208,27803.408,7334.25
20-Jun-22,10754.7,4540.55,28205.34181,26966.2,28205.34181,27926.081,7094.85
21-Jun-22,10974.2,4720.75,29019.1685,27810.7,29019.1685,28731.85,7437.85
22-Jun-22,10881.4,4490.75,28945.41123,27488.4,28945.41123,28658.823,7277.2
23-Jun-22,11359.5,4523,29232.53403,28027.8,29232.53403,28943.103,7245.95
24-Jun-22,11583.2,4596.6,29504.15636,27777.8,29504.15636,29212.036,7328.8
27-Jun-22,11686,4666.3,29740.82461,28345.9,29740.82461,29446.361,7376.8
28-Jun-22,11832.5,4744,29754.76463,28509.1,29754.76463,29460.163,7544.05
29-Jun-22,11850.5,4755.4,29592.78992,28140.1,29592.78992,29299.792,7620.7
30-Jun-22,11701.2,4660.9,29467.22571,27843.3,29467.22571,29175.471,7600.7
1-Jul-22,11712,4696.5,29285.4853,28064.2,29285.4853,28995.53,7283.7
4-Jul-22,11692.1,4649.95,29309.82832,27890.7,29309.82832,29019.632,7253.8
5-Jul-22,11649.8,4663.75,29370.89393,27695.2,29370.89393,29080.093,7266.55
6-Jul-22,11952.2,4665.3,29283.30067,28007.6,29283.30067,28993.367,7254
7-Jul-22,12114.1,4842.2,29606.10576,28196.3,29606.10576,29312.976,7302.5
8-Jul-22,12124.6,4799.55,29606.52188,28250.3,29606.52188,29313.388,7317.15
11-Jul-22,12252.5,4893.9,29067.23036,27380.6,29067.23036,28779.436,7451.85
12-Jul-22,12107.3,4834.05,28612.82732,27063.8,28612.82732,28329.532,7427.45
13-Jul-22,12099.3,4872.55,28345.47022,26949.8,28345.47022,28064.822,7329.2
14-Jul-22,12115.3,4870.35,28257.56487,26523.3,28257.56487,27977.787,7427.7
15-Jul-22,12361.7,4830.7,27811.3802,26484.8,27811.3802,27536.02,7468.95
18-Jul-22,12408.7,4950.95,28479.46086,27322.9,28479.46086,28197.486,7553.75
19-Jul-22,12538.9,4991,28503.69985,27346.2,28503.69985,28221.485,7544.2
20-Jul-22,12511.3,5046.7,29310.97265,28146.3,29310.97265,29020.765,7621.35
21-Jul-22,12581.3,5090.1,29513.20697,28342.9,29513.20697,29220.997,7696.4
22-Jul-22,12634.2,5094.1,29699.73276,28168.2,29699.73276,29405.676,7684.5
25-Jul-22,12423.7,5168.55,29462.12824,28216,29462.12824,29170.424,7579.8
26-Jul-22,12276.5,5153.4,29292.24725,27418.8,29292.24725,29002.225,7551.6
27-Jul-22,12326.3,5193.65,29032.90046,27878.8,29032.90046,28745.446,7616.95
28-Jul-22,12383.7,5282.1,29860.14702,28663.1,29860.14702,29564.502,7674.6
29-Jul-22,12543.2,5485.8,30538.0065,29152.3,30538.0065,30235.65,7841.7
1-Aug-22,12953.7,5578.15,30560.58101,29220,30560.58101,30258.001,8007.7
2-Aug-22,13023.7,5563.45,30327.96993,29024.7,30327.96993,30027.693,8009.05
3-Aug-22,12919.4,5553.15,30640.26799,29416.9,30640.26799,30336.899,8011.6
4-Aug-22,12945.7,5620.35,31180.18369,29782.9,31180.18369,30871.469,8005.75
5-Aug-22,12804.3,5595.85,31292.43206,29973.6,31292.43206,30982.606,7977.8
8-Aug-22,12928,5668,31247.28304,29967.7,31247.28304,30937.904,8000.35
10-Aug-22,12951.7,5759.6,31222.94002,29701.2,31222.94002,30913.802,7985.45
11-Aug-22,12923.5,5758.85,31613.57267,30233.7,31613.57267,31300.567,7998.85
12-Aug-22,12923.8,5853.45,31411.8585,29885.9,31411.8585,31100.85,8178.75
16-Aug-22,13250,5893.4,31355.99439,29909,31355.99439,31045.539,8302.45
17-Aug-22,13194.2,5922.8,31550.42646,30256.9,31550.42646,31238.046,8319.85
18-Aug-22,13131.9,5977.15,31381.79383,30018.9,31381.79383,31071.083,8265.65
19-Aug-22,12946.5,5883.25,31702.83041,30036.1,31702.83041,31388.941,8136.45
22-Aug-22,12695.8,5708.1,31086.03654,29478.9,31086.03654,30778.254,8048.25
23-Aug-22,12925.8,5789.2,30365.21267,28957.8,30365.21267,30064.567,8149.1
24-Aug-22,12913.3,5830.05,30293.84809,28859.8,30293.84809,29993.909,8148.5
25-Aug-22,12877.9,5800.1,30253.79654,28608.7,30253.79654,29954.254,8117.8
26-Aug-22,12929.2,5902.7,30239.02428,28691.6,30239.02428,29939.628,8165.2
29-Aug-22,12886.4,5812.25,28892.35593,27678.9,28892.35593,28606.293,8169.85
30-Aug-22,13217.3,5934.6,29614.01204,28407.9,29614.01204,29320.804,8357.75
1-Sep-22,13266.2,5878.95,29149.206,27846.8,29149.206,28860.6,8205.45
2-Sep-22,13220.7,5887.7,29217.13759,27745.8,29217.13759,28927.859,8121.25
5-Sep-22,13246.1,5985.75,29106.34564,27836.6,29106.34564,28818.164,8123
6-Sep-22,13225.3,6064.7,29094.17413,27742.8,29094.17413,28806.113,8216.7
7-Sep-22,13072.7,6066.4,29042.88734,27832.4,29042.88734,28755.334,8223.2
8-Sep-22,13151.4,6011.5,29343.32598,28102.4,29343.32598,29052.798,8247.35
9-Sep-22,13219.6,6025.3,30010.99052,28724.1,30010.99052,29713.852,8250.2
12-Sep-22,13256.1,6080.95,30476.83686,29131.2,30476.83686,30175.086,8308.1
13-Sep-22,13264.2,6158.9,30527.49947,29116.8,30527.49947,30225.247,8295.85
14-Sep-22,13222.2,6256.3,29423.94923,28137.7,29423.94923,29132.623,8223.75
15-Sep-22,13315.5,6263.9,29404.91174,27734.3,29404.91174,29113.774,8202.4
16-Sep-22,12954.5,6137.65,28686.89668,26706.4,28686.89668,28402.868,8016.75
19-Sep-22,13074,6110.1,28123.4702,26810.2,28123.4702,27845.02,8046.25
20-Sep-22,13291.3,6205.6,28473.32309,27020.6,28473.32309,28191.409,8112.6
21-Sep-22,13223.5,6076.1,28109.42615,26843.2,28109.42615,27831.115,8018
22-Sep-22,13320.8,6100.75,28097.56673,26782.7,28097.56673,27819.373,7999.6
23-Sep-22,13093.5,6027.35,28154.15905,26592.3,28154.15905,27875.405,7862.7
26-Sep-22,12594.3,5778.25,28139.28276,26743.7,28139.28276,27860.676,7607.95
27-Sep-22,12529.8,5728.65,28193.27433,27004.2,28193.27433,27914.133,7693.6
28-Sep-22,12537.3,5617.65,28341.10096,27067.7,28341.10096,28060.496,7623.35
29-Sep-22,12497.3,5645.95,28400.19,26819.1,28400.19,28119,7609.2
30-Sep-22,12699.3,5768.2,28182.7673,26981.2,28182.7673,27903.73,7643.9
3-Oct-22,12441,5593.95,28100.06345,26729.1,28100.06345,27821.845,7543.15
4-Oct-22,12690.5,5769.3,28640.29124,27496.9,28640.29124,28356.724,7685.2
6-Oct-22,12784.5,5956.95,29138.07479,27928.8,29138.07479,28849.579,7743.2
7-Oct-22,12762,5931.55,29100.10384,27733.6,29100.10384,28811.984,7687.65
10-Oct-22,12693.6,5916.4,29229.93328,28027.6,29229.93328,28940.528,7641
11-Oct-22,12488.3,5785.95,29454.32599,27469.5,29454.32599,29162.699,7521.65
12-Oct-22,12598.3,5798.15,28870.4056,27694.7,28870.4056,28584.56,7571.6
13-Oct-22,12562.8,5804.25,28821.71956,27506.2,28821.71956,28536.356,7544.9
14-Oct-22,12478.2,5767.2,29514.66339,27954.1,29514.66339,29222.439,7462.95
17-Oct-22,12562.5,5711.4,29262.39064,28019.2,29262.39064,28972.664,7511.15
18-Oct-22,12732.7,5775.05,29547.53687,28315.2,29547.53687,29254.987,7595.25
19-Oct-22,12721,5736.15,29520.28101,28060.3,29520.28101,29228.001,7638.8
20-Oct-22,12729.6,5801.7,29609.22666,28432.2,29609.22666,29316.066,7750.6
21-Oct-22,12695.7,5748.35,29623.79086,28336.9,29623.79086,29330.486,7721.85
24-Oct-22,12794.7,5789.05,29818.84711,28534.3,29818.84711,29523.611,7758.3
25-Oct-22,12952.8,5812.45,29981.65406,28722.8,29981.65406,29684.806,7782.3
27-Oct-22,12979.4,5970.25,29989.14422,28572.2,29989.14422,29692.222,7887.95
28-Oct-22,13190.9,5883.35,29783.37288,28318.3,29783.37288,29488.488,7969.05
31-Oct-22,13381.7,5896.35,30005.58096,28727.6,30005.58096,29708.496,8076.4
1-Nov-22,13416.9,6036.95,30476.83686,29270.7,30476.83686,30175.086,8102.2
2-Nov-22,13318.2,6075.7,30488.0721,29138.7,30488.0721,30186.21,8115.4
3-Nov-22,13262.7,6068.75,30136.65876,28795.8,30136.65876,29838.276,8121.95
4-Nov-22,13271.7,6324.15,29916.84337,28693.1,29916.84337,29620.637,8191.1
7-Nov-22,13443.9,6423.85,30110.65126,28741.3,30110.65126,29812.526,8280.05
9-Nov-22,13341.4,6364.05,30106.69812,28626.8,30106.69812,29808.612,8241.05
10-Nov-22,13080.8,6318.75,29823.11234,28505.8,29823.11234,29527.834,8178.15
11-Nov-22,13040.9,6447.2,30931.44796,29591.9,30931.44796,30625.196,8295.15
14-Nov-22,13071.4,6558.5,31151.99156,29849.3,31151.99156,30843.556,8305.75
15-Nov-22,13155.5,6589.55,31132.22586,29865.3,31132.22586,30823.986,8366.55
16-Nov-22,13106,6461.6,31339.24556,29951.5,31339.24556,31028.956,8303.8
17-Nov-22,12927.4,6455.7,31041.09558,29681.4,31041.09558,30733.758,8271.5
18-Nov-22,12774.9,6444.4,31095.08715,29669.2,31095.08715,30787.215,8211.9
21-Nov-22,12696.1,6392.25,30768.12086,29209.6,30768.12086,30463.486,8201.85
22-Nov-22,12745.5,6448.85,30665.9634,29446.9,30665.9634,30362.34,8210.6
23-Nov-22,12774.8,6422.85,30784.66163,29405.7,30784.66163,30479.863,8254.6
24-Nov-22,12845.6,6440.7,31477.3974,30178.7,31477.3974,31165.74,8345.65
25-Nov-22,12958,6455.15,31625.43209,30334.6,31625.43209,31312.309,8415.1
28-Nov-22,13036.4,6381.35,31853.67391,30309.7,31853.67391,31538.291,8549.95
29-Nov-22,13007.7,6447.35,31800.20249,30345.7,31800.20249,31485.349,8538.45
30-Nov-22,13231.8,6564.2,31728.42179,30391.7,31728.42179,31414.279,8609.6
1-Dec-22,13191.8,6664.85,32486.07228,31120.5,32486.07228,32164.428,8561.75
2-Dec-22,13046.3,6694.5,32389.94856,31052.1,32389.94856,32069.256,8566.35
5-Dec-22,13007.5,6819.75,32357.59523,30891.5,32357.59523,32037.223,8535.9
6-Dec-22,12973.8,6768.85,31927.22312,30443,31927.22312,31611.112,8554.35
7-Dec-22,12870.7,6709.3,31559.89319,30187.1,31559.89319,31247.419,8541.85
8-Dec-22,12908.2,6756.95,31444.73198,30115,31444.73198,31133.398,8550
9-Dec-22,12869.4,6681.55,31413.10686,29168.4,31413.10686,31102.086,8456.3
12-Dec-22,12874.3,6708.15,30359.90714,29050.5,30359.90714,30059.314,8545.05
13-Dec-22,12931,6722,30606.77033,29376.6,30606.77033,30303.733,8539.9
14-Dec-22,13004.1,6805.85,31011.65509,29713.9,31011.65509,30704.609,8543.85
15-Dec-22,12912.9,6708.55,30809.42077,29087.9,30809.42077,30504.377,8525.55
16-Dec-22,12775.2,6657.7,30305.81154,28702.2,30305.81154,30005.754,8484.6
19-Dec-22,12978.8,6742.45,29854.73746,28556.4,29854.73746,29559.146,8545.6
20-Dec-22,12879.4,6750.3,29798.45723,28612.5,29798.45723,29503.423,8566
21-Dec-22,12695.5,6593.65,30125.21546,28764.2,30125.21546,29826.946,8411.65
22-Dec-22,12554.7,6519.25,30191.89869,28763.9,30191.89869,29892.969,8345.55
23-Dec-22,12236,6228,29756.32508,28237.1,29756.32508,29461.708,8021.3
26-Dec-22,12415.4,6364.6,29641.47596,28385.7,29641.47596,29347.996,8148.35
27-Dec-22,12522.8,6633.95,29841.0055,28636.2,29841.0055,29545.55,8230.25
28-Dec-22,12605.5,6615.75,29872.52659,28583.4,29872.52659,29576.759,8333.65
29-Dec-22,12634.6,6687.1,29882.40944,28687.2,29882.40944,29586.544,8434.65
30-Dec-22,12611.7,6723.4,30196.7881,28621.7,30196.7881,29897.81,8438.25
2-Jan-23,12667.8,6886.65,29937.33728,28737.3,29937.33728,29640.928,8464.05
3-Jan-23,12614.8,6850.05,30202.40572,28962.3,30202.40572,29903.372,8471.25
4-Jan-23,12512,6705.85,30091.09362,28677.8,30091.09362,29793.162,8339.2
5-Jan-23,12656.7,6761.2,29963.86493,28527.8,29963.86493,29667.193,8461.35
6-Jan-23,12627.8,6697.3,29656.04016,27956.4,29656.04016,29362.416,8455.65
9-Jan-23,12783,6792.9,29939.834,28748.2,29939.834,29643.4,8573.45
10-Jan-23,12819.1,6741.7,29816.76651,28502.7,29816.76651,29521.551,8569.85
11-Jan-23,12753,6792.15,30112.5238,28596.3,30112.5238,29814.38,8532.75
12-Jan-23,12769.4,6783.65,29994.55378,28720.3,29994.55378,29697.578,8445.55
13-Jan-23,12832.4,6869.8,30232.05427,28933.8,30232.05427,29932.727,8479.3
16-Jan-23,12748.8,6779.25,30509.81437,29264.7,30509.81437,30207.737,8462.65
17-Jan-23,12821.8,6793.5,30708.40764,29498,30708.40764,30404.364,8551.45
18-Jan-23,12817.6,6905.8,30913.34674,29617.8,30913.34674,30607.274,8545.3
19-Jan-23,12763,6867.3,30912.41047,29632.3,30912.41047,30606.347,8584.55
20-Jan-23,12691.7,6805.25,30984.08714,29529.7,30984.08714,30677.314,8596.2
23-Jan-23,12797,6777.85,31338.10123,30086,31338.10123,31027.823,8632.75
24-Jan-23,12960.8,6717.6,31728.94194,30316.9,31728.94194,31414.794,8599.35
25-Jan-23,12957.2,6703.8,31449.72542,30043.9,31449.72542,31138.342,8428.2
27-Jan-23,13089.7,6389.25,31452.74229,29766.4,31452.74229,31141.329,7956.3
30-Jan-23,13076.8,6371.65,31442.54735,30094.8,31442.54735,31131.235,7672.5
31-Jan-23,13323.9,6468.4,31388.76384,29740.3,31388.76384,31077.984,7586.3
1-Feb-23,13206.8,6177.05,31295.76102,30018.2,31295.76102,30985.902,7432.3
2-Feb-23,13213.2,5908.2,31843.68703,30566.8,31843.68703,31528.403,7285.65
3-Feb-23,13378,5901.95,32092.83888,30597.7,32092.83888,31775.088,7220.8
6-Feb-23,13360.2,5772.4,31765.24841,30411.1,31765.24841,31450.741,7206.3
7-Feb-23,13226,5757.35,31775.02723,30310.7,31775.02723,31460.423,7187.65
8-Feb-23,13257.3,5975.15,32185.21752,30774.1,32185.21752,31866.552,7232.75
9-Feb-23,13187.8,5880.7,32262.71987,30990.8,32262.71987,31943.287,7209.9
10-Feb-23,13235,5773.6,32145.47806,30870.2,32145.47806,31827.206,7169.15
13-Feb-23,13154.3,5704.75,32033.74984,30289.7,32033.74984,31716.584,7137.95
14-Feb-23,13106.5,5762.85,31999.00382,30588.8,31999.00382,31682.182,7171.55
15-Feb-23,13235.2,5789.65,32206.95979,30934.3,32206.95979,31888.079,7194.35
16-Feb-23,13206,5860.75,32860.26819,31434.8,32860.26819,32534.919,7220.75
17-Feb-23,13140,5807.7,32476.29346,31054.8,32476.29346,32154.746,7231.65
20-Feb-23,13177.4,5762.95,32670.93359,31222.3,32670.93359,32347.459,7149.15
21-Feb-23,13148.8,5744.15,32658.1379,30947.2,32658.1379,32334.79,7125
22-Feb-23,12990,5592.3,32057.78077,30608.2,32057.78077,31740.377,7025.85
23-Feb-23,12982.2,5611.8,32144.64582,30598.4,32144.64582,31826.382,7013.8
24-Feb-23,12869.1,5443.6,32103.34591,30514.9,32103.34591,31785.491,7067.75
27-Feb-23,12675.3,5313.75,31568.42365,29919.2,31568.42365,31255.865,7036
28-Feb-23,12731.8,5269.1,31515.26432,29663.9,31515.26432,31203.232,6941.65
1-Mar-23,12849.3,5477.7,31335.60451,30097.8,31335.60451,31025.351,7015.2
2-Mar-23,12738.8,5473.35,31142.83692,29717.4,31142.83692,30834.492,7017.65
3-Mar-23,12787,5667.9,31197.14058,29817.1,31197.14058,30888.258,7111.25
6-Mar-23,12909.5,5679.55,31563.63827,30179.8,31563.63827,31251.127,7247.75
8-Mar-23,13019.5,5679.25,31309.59701,30065.8,31309.59701,30999.601,7306.6
9-Mar-23,12781.2,5682.75,31309.49298,29742.3,31309.49298,30999.498,7239.9
10-Mar-23,12741.6,5635.7,30776.65132,29545.5,30776.65132,30471.932,7225.6
13-Mar-23,12456,5585.25,31262.67948,29267,31262.67948,30953.148,7164.3
14-Mar-23,12345.5,5517.35,30587.10866,28784.7,30587.10866,30284.266,7117.3
15-Mar-23,12282,5616.5,30355.43385,28716.5,30355.43385,30054.885,7076.5
16-Mar-23,12304.9,5471.75,29904.77589,28517.2,29904.77589,29608.689,7114.35
17-Mar-23,12246,5602.6,30294.36824,28854.4,30294.36824,29994.424,7117.45
20-Mar-23,12131.7,5470.85,29902.69529,28442.9,29902.69529,29606.629,7079.1
21-Mar-23,12142,5494.5,29702.6456,28164.8,29702.6456,29408.56,7169.2
22-Mar-23,12201.3,5492.35,29699.5247,28217.6,29699.5247,29405.47,7178.9
23-Mar-23,12205.7,5497.85,29249.49092,27999.2,29249.49092,28959.892,7169.9
24-Mar-23,12113.4,5372.9,29600.48814,27935.7,29600.48814,29307.414,7068.1
27-Mar-23,12035.1,5372.85,29329.80208,27948.8,29329.80208,29039.408,7064.35
28-Mar-23,11918,5330.3,29222.85924,27702.8,29222.85924,28933.524,7031.45
29-Mar-23,12121.3,5460.2,29246.89017,28011.3,29246.89017,28957.317,7026.5
31-Mar-23,12243.8,5497.45,29899.88648,28698.6,29899.88648,29603.848,7148.85
3-Apr-23,12425.8,5477.85,30003.91648,28633,30003.91648,29706.848,7117.45
5-Apr-23,12357.7,5496.3,30202.71781,28977.2,30202.71781,29903.681,7120.05
6-Apr-23,12469.3,5528.1,30173.69344,28764.6,30173.69344,29874.944,7166.15
10-Apr-23,12616.8,5570.25,30258.58192,29041.6,30258.58192,29958.992,7221.2
11-Apr-23,12742,5668.25,30267.94462,28675.8,30267.94462,29968.262,7288.35
12-Apr-23,12862.2,5695.55,30201.05333,28980.3,30201.05333,29902.033,7301.65
13-Apr-23,12918.7,5710.05,29894.78901,28342.8,29894.78901,29598.801,7279.2
17-Apr-23,12996.2,5734.5,28167.37086,27008.2,28167.37086,27888.486,7348.65
18-Apr-23,13005.1,5749,28285.13282,27166.9,28285.13282,28005.082,7328.9
19-Apr-23,13002.5,5779.65,28288.98193,26687.4,28288.98193,28008.893,7344.6
20-Apr-23,13032.3,5756.95,27951.71667,26637.2,27951.71667,27674.967,7326.85
21-Apr-23,12898.8,5677.9,27917.17871,26822.1,27917.17871,27640.771,7336.4
24-Apr-23,12893.3,5703.3,28124.40647,27013.7,28124.40647,27845.947,7352.4
25-Apr-23,12904.5,5738.25,28173.50863,26985.8,28173.50863,27894.563,7404.7
26-Apr-23,12972.8,5713.2,28253.29964,27065,28253.29964,27973.564,7402.35
27-Apr-23,13071.8,5753.75,28481.43743,27355.2,28481.43743,28199.443,7428.2
28-Apr-23,13189.2,5799.4,28861.0429,27708.2,28861.0429,28575.29,7491.8
2-May-23,13283.2,5882,29288.71023,28025,29288.71023,28998.723,7578.4
3-May-23,13278.6,5824.25,29007.10102,27743.8,29007.10102,28719.902,7520.1
4-May-23,13292.5,5895.05,29037.37375,27883.2,29037.37375,28749.875,7548.65
5-May-23,13345.8,5807.05,29040.18256,27719.9,29040.18256,28752.656,7508.6
8-May-23,13584.2,5845.65,29073.2641,27920.9,29073.2641,28785.41,7559.8
9-May-23,13648.5,5836.85,29303.58652,28125.5,29303.58652,29013.452,7573.75
10-May-23,13750.8,5822.1,29374.74304,28091.8,29374.74304,29083.904,7634.55
11-May-23,13803.8,5797.3,29490.73649,28102,29490.73649,29198.749,7636.5
12-May-23,13910.5,5690.9,29299.42532,28028.4,29299.42532,29009.332,7568.4
15-May-23,14007.8,5701.75,29465.04108,28165.4,29465.04108,29173.308,7568.05
16-May-23,13877.7,5683.45,29566.47033,28216,29566.47033,29273.733,7554.4
17-May-23,13889.9,5632.85,29440.59403,27942.9,29440.59403,29149.103,7518.45
18-May-23,13767.7,5601.65,29271.64931,27892.6,29271.64931,28981.831,7435.85
19-May-23,13863.5,5618.05,29512.68682,28303.7,29512.68682,29220.482,7430.75
22-May-23,13890.5,5797.5,30233.30263,29007.3,30233.30263,29933.963,7488.7
23-May-23,13982.6,5947.7,30501.49197,28873.7,30501.49197,30199.497,7542.55
24-May-23,13989.6,5855.15,30126.35979,28890.8,30126.35979,29828.079,7551.65
25-May-23,14029.5,5872.55,30138.42727,28928.8,30138.42727,29840.027,7543
26-May-23,14130.5,5935.4,30569.00744,29355.9,30569.00744,30266.344,7581.45
29-May-23,14219.6,5991.2,30854.88188,29240.2,30854.88188,30549.388,7540.35
30-May-23,14177.8,5936.55,30590.22956,29297.7,30590.22956,30287.356,7526.9
31-May-23,14199,5890.05,30683.75253,29319.8,30683.75253,30379.953,7432.15
1-Jun-23,14257,5884.2,30791.94373,29446.2,30791.94373,30487.073,7422.45
2-Jun-23,14388.6,5956,30741.07306,29328.2,30741.07306,30436.706,7372.6
5-Jun-23,14570.2,5975.9,30723.59602,29238.8,30723.59602,30419.402,7391.15
6-Jun-23,14729.5,5967.45,30183.16017,28689.1,30183.16017,29884.317,7392.2
7-Jun-23,14819.5,6057.75,30104.09737,28913.7,30104.09737,29806.037,7470.4
8-Jun-23,14692,6067.7,30083.49943,28591.1,30083.49943,29785.643,7441.15
9-Jun-23,14626,6039.35,29829.97832,28355.3,29829.97832,29534.632,7405.5
12-Jun-23,14673.8,6076.3,30006.72529,28784,30006.72529,29709.629,7468.6
13-Jun-23,14658.3,6127.65,30141.86026,28899.3,30141.86026,29843.426,7522.05
14-Jun-23,14682.7,6214.75,30094.52661,28855.1,30094.52661,29796.561,7590.8
15-Jun-23,14707.8,6203.05,29995.17796,28699,29995.17796,29698.196,7601.6
16-Jun-23,14768.5,6231.5,29918.40382,28588.8,29918.40382,29622.182,7612.45
19-Jun-23,14676.7,6203.5,29909.35321,28708.3,29909.35321,29613.221,7571.7
20-Jun-23,14785.7,6246.65,30134.26607,28930.8,30134.26607,29835.907,7576.05
21-Jun-23,14777.7,6187.75,30256.50132,29025.7,30256.50132,29956.932,7607.9
22-Jun-23,14702.1,6190.95,30145.70937,28811.2,30145.70937,29847.237,7548.15
23-Jun-23,14550.2,6037.2,29911.22575,28554.3,29911.22575,29615.075,7434.25
26-Jun-23,14717.8,6083.1,29785.66154,28590.1,29785.66154,29490.754,7429.35
27-Jun-23,14729.9,6127.65,29983.31854,28800.2,29983.31854,29686.454,7428.95
28-Jun-23,14840.5,6211.05,30165.89119,28843,30165.89119,29867.219,7486.6
30-Jun-23,15147.7,6209.1,30786.84626,29563,30786.84626,30482.026,7535.7
3-Jul-23,15106.8,6275.45,30916.57167,29424.8,30916.57167,30610.467,7705.9
4-Jul-23,15035,6275.2,30941.95499,29729.8,30941.95499,30635.599,7653.8
5-Jul-23,15281.9,6292.3,31115.68509,29841.8,31115.68509,30807.609,7718.2
6-Jul-23,15453.7,6325.35,31050.97843,29805.2,31050.97843,30743.543,7864
7-Jul-23,15498.8,6279.25,31144.29334,29560.4,31144.29334,30835.934,7857
10-Jul-23,15403.2,6385.1,30803.07494,29194.8,30803.07494,30498.094,7903.25
11-Jul-23,15617.5,6369.1,30555.17145,29324.8,30555.17145,30252.645,7977.15
12-Jul-23,15614.9,6363.25,30610.61944,29118.1,30610.61944,30307.544,7990.95
13-Jul-23,15519.7,6379.7,31108.81911,29628.2,31108.81911,30800.811,7897.55
14-Jul-23,15576.1,6469.45,32267.60928,30945.5,32267.60928,31948.128,7933.5
17-Jul-23,15526.8,6500.55,32933.92143,31041.6,32933.92143,32607.843,7984.65
18-Jul-23,15513.8,6446.75,32760.91954,31371.2,32760.91954,32436.554,7998.2
19-Jul-23,15513.2,6474.55,32929.44814,31353.6,32929.44814,32603.414,8050.7
20-Jul-23,15577,6485.25,32611.94858,31145.9,32611.94858,32289.058,8103
21-Jul-23,15590.3,6442.3,31560.72543,29871.1,31560.72543,31248.243,8062.15
24-Jul-23,15617.5,6395.55,31326.44987,29843.4,31326.44987,31016.287,8005.05
25-Jul-23,15765.6,6583.65,31127.23242,29761.2,31127.23242,30819.042,8060.25
26-Jul-23,15763.2,6604.95,31197.45267,29800.4,31197.45267,30888.567,8111.1
27-Jul-23,15572,6581.55,31099.7685,29745,31099.7685,30791.85,8032.5
28-Jul-23,15537.9,6640.8,31031.94094,29490.2,31031.94094,30724.694,8058.2
31-Jul-23,15708,6758.2,31158.64948,29928.4,31158.64948,30850.148,8141.15
1-Aug-23,15688.7,6770.15,31571.85664,30288.7,31571.85664,31259.264,8110.35
2-Aug-23,15428.9,6633.45,31478.85382,30043.6,31478.85382,31167.182,7998.45
3-Aug-23,15379.8,6602.2,31265.48829,29971.2,31265.48829,30955.929,7934.7
4-Aug-23,15328.4,6622.9,31787.19874,30436.1,31787.19874,31472.474,7952
7-Aug-23,15390.9,6622.15,32050.6027,30779.2,32050.6027,31733.27,7974.7
8-Aug-23,15343.7,6544.8,32156.29718,30824.9,32156.29718,31837.918,7962.75
9-Aug-23,15486.2,6677.85,32212.57741,30940.1,32212.57741,31893.641,8043.5
10-Aug-23,15444.8,6723.3,32215.80234,30867,32215.80234,31896.834,8046.55
11-Aug-23,15378.1,6688.85,32420.22129,30819.2,32420.22129,32099.229,8019.25
14-Aug-23,15327.5,6545.95,32310.57367,31028.9,32310.57367,31990.667,8004.35
16-Aug-23,15425,6484.1,32566.38344,31212.1,32566.38344,32243.944,8023.55
17-Aug-23,15399.2,6480.5,32497.09946,31060.2,32497.09946,32175.346,7956.95
18-Aug-23,15391.8,6493.7,32180.74423,30604.1,32180.74423,31862.123,7945.1
21-Aug-23,15427.6,6578.4,32236.50431,30937.6,32236.50431,31917.331,7929.8
22-Aug-23,15507.9,6634.4,32274.89138,30902.4,32274.89138,31955.338,7930.05
23-Aug-23,15498.1,6625.55,32337.41341,30924.1,32337.41341,32017.241,7905.75
24-Aug-23,15459.3,6602.85,32470.25972,31112.2,32470.25972,32148.772,7861.5
25-Aug-23,15363.6,6519.35,32248.15567,30914.6,32248.15567,31928.867,7838.85
28-Aug-23,15475.2,6533.3,32276.13974,30773.6,32276.13974,31956.574,7829.5
29-Aug-23,15578.9,6616.7,32226.62146,30866.1,32226.62146,31907.546,7836.7
30-Aug-23,15678.1,6677.8,32455.07134,31103.9,32455.07134,32133.734,7810.3
31-Aug-23,15670.2,6659.35,32694.5484,31164.9,32694.5484,32370.84,7729.05
1-Sep-23,15928.3,6851,32822.40127,31514.3,32822.40127,32497.427,7849.35
4-Sep-23,15943.6,7007.05,33495.37134,32163.9,33495.37134,33163.734,7878.25
5-Sep-23,15942.8,7039.15,33791.75281,32365.3,33791.75281,33457.181,7938.05
6-Sep-23,15921.2,6983.7,33825.45853,32312.3,33825.45853,33490.553,7999.1
7-Sep-23,15995.8,6981.15,33807.35731,32448.3,33807.35731,33472.631,8017.75
8-Sep-23,16102.9,6977.9,33873.41636,32415.7,33873.41636,33538.036,8107.3
11-Sep-23,16375,7104.4,33991.17832,32642.8,33991.17832,33654.632,8151.55
12-Sep-23,16070,6914.55,34448.59823,32977.9,34448.59823,34107.523,7921.95
13-Sep-23,15996,6943.65,34311.59072,32886.7,34311.59072,33971.872,7998
14-Sep-23,16169.7,7046.9,34579.78006,33045.4,34579.78006,34237.406,8086.1
15-Sep-23,16425.8,7035.8,34748.93284,33355.1,34748.93284,34404.884,8025.2
18-Sep-23,16563.9,6957.8,34607.55607,33129.5,34607.55607,34264.907,8028.35
20-Sep-23,16479.7,6844.05,34503.94219,32949.2,34503.94219,34162.319,7954.75
21-Sep-23,16200.4,6806.6,34305.86907,32919.9,34305.86907,33966.207,7915.55
22-Sep-23,16234.3,6761.8,34443.91688,32906.3,34443.91688,34102.888,7884.45
25-Sep-23,16221.5,6754.25,34289.22427,32648.6,34289.22427,33949.727,7864.4
26-Sep-23,16278.2,6775.3,34010.73596,32471,34010.73596,33673.996,7877.2
27-Sep-23,16283.4,6777.3,33966.8353,32594.7,33966.8353,33630.53,7878.1
28-Sep-23,16092.2,6712,33938.01899,31879.6,33938.01899,33601.999,7810.55
29-Sep-23,16184.4,6839.3,33310.71809,31784.4,33310.71809,32980.909,7902.8
3-Oct-23,15990.6,6798,33136.36381,31717.2,33136.36381,32808.281,7810.65
4-Oct-23,15782.6,6725.95,33159.25041,31811.5,33159.25041,32830.941,7757.65
5-Oct-23,15916.1,6709.1,33672.84652,32125.4,33672.84652,33339.452,7769.75
6-Oct-23,15990.7,6744.4,33745.66752,32341.7,33745.66752,33411.552,7790.75
9-Oct-23,15832.8,6647.15,33953.51946,32308.6,33953.51946,33617.346,7708.4
10-Oct-23,16028.7,6783.15,33930.73689,32569.4,33930.73689,33594.789,7762.7
11-Oct-23,16175.8,6812.15,34311.07057,32548.1,34311.07057,33971.357,7819
12-Oct-23,16301.7,6863.05,33868.52695,32003.7,33868.52695,33533.195,7905.6
13-Oct-23,16444.9,6820.8,33314.87929,31807.9,33314.87929,32985.029,7902.5
16-Oct-23,16519.3,6882.8,33237.37694,31750.4,33237.37694,32908.294,7923.7
17-Oct-23,16522.8,6902,33225.30946,31794.9,33225.30946,32896.346,7980.55
18-Oct-23,16535.4,6863.4,33167.26072,31606.7,33167.26072,32838.872,7913.1
19-Oct-23,16618,6803.3,32943.1801,31540.1,32943.1801,32617.01,7871.15
20-Oct-23,16497.8,6712.75,32879.51374,31469.3,32879.51374,32553.974,7758.15
23-Oct-23,16277.8,6494,32723.78083,30848.4,32723.78083,32399.783,7606.9
25-Oct-23,16210.5,6503.65,32253.66926,30530.5,32253.66926,31934.326,7566.85
26-Oct-23,15953,6398.05,31533.98972,30225.7,31533.98972,31221.772,7453.6
27-Oct-23,16169.2,6453.1,31913.17907,30599.7,31913.17907,31597.207,7549
30-Oct-23,16023.5,6467.95,31935.54552,30641,31935.54552,31619.352,7649.95
31-Oct-23,15916.2,6452.45,32009.19876,30582.2,32009.19876,31692.276,7609.45
1-Nov-23,15835.7,6359.9,31931.38432,30344.8,31931.38432,31615.232,7626.3
2-Nov-23,15948.7,6448.95,31970.08348,30582.8,31970.08348,31653.548,7713.85
3-Nov-23,16045.4,6479.15,32171.06944,30779.9,32171.06944,31852.544,7773.5
6-Nov-23,16172.8,6567.1,32284.87826,30972.9,32284.87826,31965.226,7873.1
7-Nov-23,16143.8,6576.85,32303.91575,30981.6,32303.91575,31984.075,7925.1
8-Nov-23,16220.8,6626.3,32383.39467,30917.2,32383.39467,32062.767,7987.15
9-Nov-23,16355.3,6599.65,32242.12193,30717.7,32242.12193,31922.893,7923
10-Nov-23,16286.7,6646.05,31917.23624,30639.1,31917.23624,31601.224,7970.55
12-Nov-23,16377,6689.55,32157.44151,30861,32157.44151,31839.051,8013.75
13-Nov-23,16365.3,6714.1,32051.95509,30635.8,32051.95509,31734.609,7999.1
15-Nov-23,16648.5,6792.4,32740.84175,31429.3,32740.84175,32416.675,8115.55
16-Nov-23,16788.9,6792.4,33761.58411,32273.3,33761.58411,33427.311,8173.1
17-Nov-23,16905.5,6803.9,33711.75374,32191.3,33711.75374,33377.974,8082.3
20-Nov-23,16777.3,6771.55,33914.09209,32383.2,33914.09209,33578.309,8072.25
21-Nov-23,16860.1,6854.2,33900.46416,32325.7,33900.46416,33564.816,8078.8
22-Nov-23,16972.2,6792.65,33896.51102,32564.4,33896.51102,33560.902,8106.6
23-Nov-23,17033.6,6828.35,34005.3264,32370.7,34005.3264,33668.64,8179.45
24-Nov-23,17040.3,6874.25,33726.94212,32055.2,33726.94212,33393.012,8161.2
28-Nov-23,17202.8,7001.65,33485.07237,32118.5,33485.07237,33153.537,8347.25
29-Nov-23,17482.4,7016.4,33948.1099,32608.4,33948.1099,33611.99,8414.6
30-Nov-23,17551.8,7017.45,34019.57851,32582.2,34019.57851,33682.751,8476.4
1-Dec-23,17489.1,7087,34048.81094,32598.7,34048.81094,33711.694,8518.8
4-Dec-23,17687.2,7202.6,34213.59446,32665.6,34213.59446,33874.846,8786.75
5-Dec-23,17792.1,7423.4,34075.23456,32479.2,34075.23456,33737.856,8910.55
6-Dec-23,17788.4,7425.35,34405.94593,33022.6,34405.94593,34065.293,9043.05
7-Dec-23,17867.3,7369.85,34445.99748,32961.6,34445.99748,34104.948,9109.7
8-Dec-23,17769.1,7362.9,34800.53172,33392.9,34800.53172,34455.972,9044.5
11-Dec-23,17852.3,7439.7,34970.41271,33514.2,34970.41271,34624.171,9044.25
12-Dec-23,17726.5,7462.6,35161.93194,33493.9,35161.93194,34813.794,8926.85
13-Dec-23,17917.9,7528.2,34847.34522,33066.6,34847.34522,34502.322,8915.1
14-Dec-23,18045.1,7574.25,35691.23658,34223.4,35691.23658,35337.858,9039.3
15-Dec-23,18038.2,7735.35,37396.28828,35782.4,37396.28828,37026.028,9150.9
18-Dec-23,18068.2,7768.55,37588.1196,35685.6,37588.1196,37215.96,9155.65
19-Dec-23,17932.7,7716.65,37203.31263,35345,37203.31263,36834.963,9228.65
20-Dec-23,17523.6,7421.55,37376.41855,34741.1,37376.41855,37006.355,9053.8
21-Dec-23,17537.8,7524,36431.306,34846.1,36431.306,36070.6,9210.45
22-Dec-23,17778.9,7652.65,37211.94712,35637.8,37211.94712,36843.512,9287.05
26-Dec-23,17953.6,7739.8,37120.60878,35493.4,37120.60878,36753.078,9427.05
27-Dec-23,18224.8,7847.75,37258.03241,35741,37258.03241,36889.141,9399.4
28-Dec-23,18408.6,7926.35,37295.17112,35691.6,37295.17112,36925.912,9588.75
29-Dec-23,18618.2,7978,37223.07833,35515,37223.07833,36854.533,9496.15
1-Jan-24,18594.3,7999.8,37337.19924,35695.9,37337.19924,36967.524,9572.85
2-Jan-24,18339.3,8023.9,37140.58254,35283.1,37140.58254,36772.854,9635.85
3-Jan-24,18317.5,7878.4,36490.49907,34395.4,36490.49907,36129.207,9688.95
4-Jan-24,18326.8,7883.05,36202.85612,34409.4,36202.85612,35844.412,9745.4
5-Jan-24,18406.9,7871.8,36401.76148,34851.8,36401.76148,36041.348,9770.3
8-Jan-24,18350.2,7747,36287.53654,34514.6,36287.53654,35928.254,9720.8
9-Jan-24,18519.8,7808.3,36555.51782,34662.4,36555.51782,36193.582,9731.05
10-Jan-24,18559.1,7882.65,36349.1223,34834.4,36349.1223,35989.23,9731.65
11-Jan-24,18755.1,7876.15,36519.62747,34735.2,36519.62747,36158.047,9875.2
12-Jan-24,18715.2,7898.35,38055.31833,36521.7,38055.31833,37678.533,10020
15-Jan-24,18765.2,7864.1,39457.85079,37201.9,39457.85079,39067.179,10193.2
16-Jan-24,18712.7,7941.85,38628.83572,36727.1,38628.83572,38246.372,10230.7
17-Jan-24,18447.2,7693.55,38602.62016,36960.4,38602.62016,38220.416,10128.9
18-Jan-24,18496.2,7629.1,38310.50392,36730.5,38310.50392,37931.192,10189.4
19-Jan-24,18694.6,7732.35,38765.63517,37069.2,38765.63517,38381.817,10359
20-Jan-24,18651.1,7752.5,38814.21718,36697.5,38814.21718,38429.918,10373.4
23-Jan-24,18361,7486.85,38889.95102,36521.4,38889.95102,38504.902,10013.2
24-Jan-24,18593.7,7708.65,38672.32026,37090.1,38672.32026,38289.426,10215
25-Jan-24,18614.9,7719.65,38427.22558,36496.2,38427.22558,38046.758,10183.3
29-Jan-24,18927.2,7843.75,38130.32396,36531.9,38130.32396,37752.796,10710.4
30-Jan-24,18878.3,7864,38514.92287,36381.9,38514.92287,38133.587,10656.3
31-Jan-24,19227.2,7973.1,38183.69135,36638.4,38183.69135,37805.635,10728.7
1-Feb-24,19328.7,7891.05,38440.54142,36534.6,38440.54142,38059.942,10728
2-Feb-24,19380.5,8078.25,39181.75517,37323.2,39181.75517,38793.817,11111.5
5-Feb-24,19615.3,8109.55,39088.64832,37162.1,39088.64832,38701.632,11271.4
6-Feb-24,19903.8,8238.25,39828.9258,38246.3,39828.9258,39434.58,11572
7-Feb-24,19903.8,8276.65,39919.84802,37767.8,39919.84802,39524.602,11596.8
8-Feb-24,19649.5,8221.85,39636.99045,37851.6,39636.99045,39244.545,11704.3
9-Feb-24,19576,8095.6,39616.80863,37699.2,39616.80863,39224.563,11541.4
12-Feb-24,19419.6,7901.65,39828.30162,37998,39828.30162,39433.962,11239
13-Feb-24,19433.1,7737.85,39800.31755,38204,39800.31755,39406.255,11289.7
14-Feb-24,19716,7874.8,39369.84141,37775.4,39369.84141,38980.041,11639.8
15-Feb-24,19981.7,7910.6,39812.69712,37999.6,39812.69712,39418.512,11926.4
16-Feb-24,20423.4,7976.45,40068.81898,38477.1,40068.81898,39672.098,11854.1
19-Feb-24,20481.6,7981.25,40113.86397,38363.2,40113.86397,39716.697,11919.7
20-Feb-24,20354.2,7955.8,39893.32037,38029.7,39893.32037,39498.337,11943.3
21-Feb-24,20252.6,7976.45,39532.85642,37405.9,39532.85642,39141.442,11772
22-Feb-24,20584.8,8069.4,39731.24163,38130.1,39731.24163,39337.863,11806.8
23-Feb-24,20621.3,8047.75,40041.56312,38045.6,40041.56312,39645.112,11756.3
26-Feb-24,20642.4,7971.75,39537.53777,37598.6,39537.53777,39146.077,11769.9
27-Feb-24,20788.6,8000.55,39457.85079,37870.2,39457.85079,39067.179,11684.2
28-Feb-24,20372.3,7850.35,39675.37752,37741.8,39675.37752,39282.552,11441.6
29-Feb-24,20412.4,7921.9,39423.31283,37720.4,39423.31283,39032.983,11457.5
1-Mar-24,20871.9,8208.5,39415.82267,37516.1,39415.82267,39025.567,11715.4
2-Mar-24,20941.9,8337.8,39266.01947,37605.8,39266.01947,38877.247,11751.9
4-Mar-24,20840.2,8318.95,39253.84796,37314.8,39253.84796,38865.196,11972
5-Mar-24,21121.2,8300.55,38701.55269,36720.8,38701.55269,38318.369,12034.7
6-Mar-24,21181.3,8257.65,38543.21903,37001.8,38543.21903,38161.603,11911.2
7-Mar-24,21126.8,8371.3,38822.85167,37099.9,38822.85167,38438.467,11768.2
11-Mar-24,21001.2,8250.75,38703.21717,36988.3,38703.21717,38320.017,11643.5
12-Mar-24,20931.8,8108.4,39082.92667,37224.2,39082.92667,38695.967,11589.3
13-Mar-24,20338.2,7647.4,39070.13098,36946.4,39070.13098,38683.298,11025.4
14-Mar-24,20514.2,7799.95,39243.65302,37679.6,39243.65302,38855.102,11281.8
15-Mar-24,20192.3,7802.65,39107.06163,37500.7,39107.06163,38719.863,11058.8
18-Mar-24,20446.6,7996.9,39035.07287,36886.1,39035.07287,38648.587,11103.2
19-Mar-24,20354.1,7923.6,38046.99593,35814.6,38046.99593,37670.293,10915.2
20-Mar-24,20406.4,7860.9,37570.64256,35748.9,37570.64256,37198.656,11055.8
21-Mar-24,20700.2,8052.75,37759.14492,36026.8,37759.14492,37385.292,11201.8
22-Mar-24,21046.4,8130.8,36846.59376,35188.4,36846.59376,36481.776,11223
26-Mar-24,21038.3,8161.2,36826.72403,34969.1,36826.72403,36462.103,11304.5
27-Mar-24,21146.2,8154.95,36537.00048,34744.4,36537.00048,36175.248,11365.8
28-Mar-24,21419.1,8257.2,36621.88896,34898.1,36621.88896,36259.296,11440.9
1-Apr-24,21385.2,8562.7,36686.49159,35042.8,36686.49159,36323.259,11500.3
2-Apr-24,21614.2,8690.85,36394.27132,34793.9,36394.27132,36033.932,11649.7
3-Apr-24,21555.3,8691.2,36711.87491,35047.4,36711.87491,36348.391,11654.5
4-Apr-24,21651.8,8684.45,37086.27888,35426.7,37086.27888,36719.088,11494.8
5-Apr-24,21600.9,8699.05,36796.55533,35247.9,36796.55533,36432.233,11503.7
8-Apr-24,22067.9,8794.65,36857.72497,35064.1,36857.72497,36492.797,11670.5
9-Apr-24,21999.3,8894.4,37002.22264,35079.4,37002.22264,36635.864,11618.7
10-Apr-24,21985.2,8999.6,36775.22918,35293.1,36775.22918,36411.118,11793
12-Apr-24,21851.3,8951.3,36788.75308,35018.1,36788.75308,36424.508,11647.8
15-Apr-24,21680.3,8899.7,36606.18043,34463.6,36606.18043,36243.743,11695.2
16-Apr-24,21703.1,8851.95,35552.87668,33574.9,35552.87668,35200.868,11765.3
18-Apr-24,21520.8,8824.25,35476.41463,33498.6,35476.41463,35125.163,11635.3
19-Apr-24,21609.7,8909,34890.20558,33368.3,34890.20558,34544.758,11609.8
22-Apr-24,21812.7,8931.2,34982.79228,33538.8,34982.79228,34636.428,11666.9
23-Apr-24,21914.3,8900.45,35166.19717,33714.6,35166.19717,34818.017,11581.5
24-Apr-24,21896.9,9140.1,35203.85603,33442.6,35203.85603,34855.303,11658.6
25-Apr-24,22174.1,9242,35015.87382,33554.4,35015.87382,34669.182,11741.9
26-Apr-24,22111.6,9222.65,35689.98822,33666.2,35689.98822,35336.622,11785.2
29-Apr-24,22078.8,9268.8,35154.75387,33579.4,35154.75387,34806.687,11899
30-Apr-24,22479.9,9175.8,35046.56267,33200.9,35046.56267,34699.567,11826.5
2-May-24,22733.5,9279.55,34675.48766,33203.4,34675.48766,34332.166,11925
3-May-24,22541.3,9276.3,34647.1915,32908.4,34647.1915,34304.15,11807.7
6-May-24,22526.6,9189.75,34782.84662,33217.1,34782.84662,34438.462,11601.2
7-May-24,22114,8969.9,34876.57765,33473,34876.57765,34531.265,11383.1
8-May-24,22458.7,9102.35,34839.23088,33335.1,34839.23088,34494.288,11577
9-May-24,22633.3,8841.25,34803.02844,33205.9,34803.02844,34458.444,11212.3
10-May-24,22846.9,8977.45,34515.48952,32935.1,34515.48952,34173.752,11348.7
13-May-24,22462.7,9094.8,34442.46046,33074.6,34442.46046,34101.446,11263.9
14-May-24,22874.8,9347.15,34664.46048,33122.9,34664.46048,34321.248,11439.2
15-May-24,22759.8,9376.9,34634.08372,33117.4,34634.08372,34291.172,11507.2
16-May-24,22886.8,9405.4,35063.51956,33668.4,35063.51956,34716.356,11533
17-May-24,23285.7,9557.95,35127.49801,33381.9,35127.49801,34779.701,11644.4
18-May-24,23339.3,9608.8,34844.22432,33438.8,34844.22432,34499.232,11699
21-May-24,23353.8,9981.15,34801.78008,33379.8,34801.78008,34457.208,11767.8
22-May-24,23324.1,9919.45,35083.49332,33613.1,35083.49332,34736.132,11789.7
23-May-24,23849.2,9959.45,35472.25343,34042.9,35472.25343,35121.043,11930.8
24-May-24,23891.4,9928.4,35461.95446,33824.3,35461.95446,35110.846,11992.2
27-May-24,23877.2,9866.4,35606.45213,33995.2,35606.45213,35253.913,11926.2
28-May-24,23814.2,9815.05,35511.88886,33880.9,35511.88886,35160.286,11804.7
29-May-24,23757.9,9841.2,35254.62267,33542.7,35254.62267,34905.567,11684.8
30-May-24,23471,9545.25,34780.55796,32806.8,34780.55796,34436.196,11539
31-May-24,23419.6,9723.6,34139.42107,32386.1,34139.42107,33801.407,11625
3-Jun-24,23992.7,10048.5,34479.28708,32511.4,34479.28708,34137.908,12417.1
4-Jun-24,23193.3,8980.15,33907.85029,32315.6,33907.85029,33572.129,10952.3
5-Jun-24,24283.8,9496.6,34662.37988,33087.9,34662.37988,34319.188,11191.5
6-Jun-24,24396.7,9632.5,35467.05193,34023.8,35467.05193,35115.893,11456.3
7-Jun-24,25020.2,9833.6,36668.59843,35169.9,36668.59843,36305.543,11696.7
10-Jun-24,25022.7,9795.85,36585.06234,34526.2,36585.06234,36222.834,11686.8
11-Jun-24,25230.8,9789.55,36151.77739,34531.4,36151.77739,35793.839,11842
12-Jun-24,25217.6,9838.35,36427.56092,34547.4,36427.56092,36066.892,11940.3
13-Jun-24,25393.2,9840.25,36451.69588,34902.1,36451.69588,36090.788,12023.2
14-Jun-24,25722.1,9912.1,36447.63871,34598.6,36447.63871,36086.771,12095.2
18-Jun-24,25715.3,9890.2,36324.77928,34802.9,36324.77928,35965.128,12089.2
19-Jun-24,25381.7,9773.3,36448.57498,34927.1,36448.57498,36087.698,11879.3
20-Jun-24,25267.8,9951.05,36413.10075,34936.4,36413.10075,36052.575,11989.1
21-Jun-24,25092.3,9990.9,37321.07459,35200.3,37321.07459,36951.559,11860.5
24-Jun-24,25309.8,9926.85,36703.8646,35143.8,36703.8646,36340.46,11808.2
25-Jun-24,25250.2,9857.45,36897.3604,35426.9,36897.3604,36532.04,11755.6
26-Jun-24,25018.9,9714.3,37028.33417,35406.6,37028.33417,36661.717,11918.6
27-Jun-24,25191.4,9767.4,37649.70536,36123.7,37649.70536,37276.936,12021.5
28-Jun-24,25200.6,9814.3,37798.88438,36157.5,37798.88438,37424.638,12223.3
1-Jul-24,25323.8,9882.8,38588.26402,36869.2,38588.26402,38206.202,12270.3
2-Jul-24,25130.8,9835.7,39037.67362,37299.1,39037.67362,38651.162,12302
3-Jul-24,25182.8,9940.1,38952.9932,37314.4,38952.9932,38567.32,12305.4
4-Jul-24,25366.4,9936.8,39463.88453,37725.9,39463.88453,39073.153,12314
5-Jul-24,25398.3,9970.5,39411.34938,37720.8,39411.34938,39021.138,12547
8-Jul-24,25260.5,9877.35,39479.17694,37742.2,39479.17694,39088.294,12656.8
9-Jul-24,25823.6,9881.9,39352.26034,37668.6,39352.26034,38962.634,12634.8
10-Jul-24,25302.8,9722.8,39348.93138,37280.8,39348.93138,38959.338,12640.9
11-Jul-24,25257.2,9723.25,39152.93886,37332.6,39152.93886,38765.286,12779.8
12-Jul-24,25145.4,9708.2,40818.97931,39023,40818.97931,40414.831,12855.5
15-Jul-24,25419.8,9729.6,41161.5501,38911.4,41161.5501,40754.01,13111.6
16-Jul-24,25482.9,9722,40862.984,39141.5,40862.984,40458.4,13090.5
18-Jul-24,25576.7,9636.95,41690.75071,40010.4,41690.75071,41277.971,13094.3
19-Jul-24,24963.3,9256.3,42322.21281,39923.3,42322.21281,41903.181,12729.9
22-Jul-24,25250.8,9350.6,41555.30365,39773.1,41555.30365,41143.865,12651.2
23-Jul-24,25321.7,9263.1,41813.71417,40044.7,41813.71417,41399.717,12499.5
24-Jul-24,25309.1,9267.15,41905.46863,40115.1,41905.46863,41490.563,12710.5
25-Jul-24,25627.3,9148,41818.60358,40055.5,41818.60358,41404.558,12992.3
26-Jul-24,26250.7,9423.4,42728.86608,40977.4,42728.86608,42305.808,13049.2
29-Jul-24,26426.6,9450.3,43048.75833,40820.1,43048.75833,42622.533,13184.9
30-Jul-24,26580.9,9468.35,42537.76297,40776.4,42537.76297,42116.597,13260.2
31-Jul-24,26685.2,9583.4,42729.38623,40851.1,42729.38623,42306.323,13254.8
1-Aug-24,26487.4,9573.2,42689.85483,40709.4,42689.85483,42267.183,13301.9
2-Aug-24,25714.4,9314.55,42269.67766,39730.3,42269.67766,41851.166,13137.5
5-Aug-24,24706.5,8862.5,40618.20141,38435.9,40618.20141,40216.041,12649.5
6-Aug-24,24520.1,8888.95,40983.03462,38624.2,40983.03462,40577.262,12588.4
7-Aug-24,24937.6,9128.45,41016.01213,39194.8,41016.01213,40609.913,12973.8
8-Aug-24,24917.3,8969.25,40674.48164,38448.3,40674.48164,40271.764,12802.4
9-Aug-24,25346.7,9038.3,40834.27172,39043.3,40834.27172,40429.972,12972.8
12-Aug-24,25278.9,9106.25,40914.06273,39109.6,40914.06273,40508.973,13043.3
13-Aug-24,25081.8,8957.15,40970.44699,39114.9,40970.44699,40564.799,12906
14-Aug-24,25093.5,8844.3,41369.71413,39731.2,41369.71413,40960.113,12808.5
16-Aug-24,25597.3,8994.1,42576.46213,40878.2,42576.46213,42154.913,12999.8
19-Aug-24,25368.8,9161.95,42934.84548,41236.9,42934.84548,42509.748,13197.3
20-Aug-24,25500,9204.65,43428.98798,41572.8,43428.98798,42998.998,13217.7
21-Aug-24,25586.8,9264.05,43280.22508,41570.9,43280.22508,42851.708,13258.4
22-Aug-24,25563.7,9326.25,43519.9102,41506.2,43519.9102,43089.02,13227.3
23-Aug-24,25850.7,9290.5,43223.21664,41089.9,43223.21664,42795.264,13140.5
26-Aug-24,25941.4,9490.75,43506.28227,41662.1,43506.28227,43075.527,13293
27-Aug-24,25911.9,9432.75,43626.74901,41709.2,43626.74901,43194.801,13298
28-Aug-24,25879.4,9414.8,44438.59913,42394.4,44438.59913,43998.613,13292.2
29-Aug-24,26020.4,9369.95,44514.74909,42591.6,44514.74909,44074.009,13416.5
30-Aug-24,26172.8,9405.25,44643.33017,42787.8,44643.33017,44201.317,13456.9
2-Sep-24,26071.4,9307.15,45044.46985,42975.6,45044.46985,44598.485,13486.5
3-Sep-24,26034.7,9254.75,44935.34238,42851.3,44935.34238,44490.438,13416.8
4-Sep-24,25934.2,9185.5,44211.08552,42450.5,44211.08552,43773.352,13363.4
5-Sep-24,25835.3,9212.95,44489.57383,42644.6,44489.57383,44049.083,13312.3
6-Sep-24,25527.2,9161.15,44715.83908,42228.9,44715.83908,44273.108,13024.5
9-Sep-24,25495.2,9099,44141.59348,41919.1,44141.59348,43704.548,12845.7
10-Sep-24,25556.4,9156.2,44667.77722,42644.2,44667.77722,44225.522,12814.2
11-Sep-24,25240.6,9028.2,44716.46326,42473.3,44716.46326,44273.726,12568.3
12-Sep-24,25779.8,9290.85,45008.78756,43152.1,45008.78756,44563.156,12770.3
13-Sep-24,25820.8,9370.65,45327.53548,43394.4,45327.53548,44878.748,12684.2
16-Sep-24,25829.7,9427.7,45339.49893,43352.6,45339.49893,44890.593,12697.6
17-Sep-24,25896.4,9388.15,45404.82977,43415,45404.82977,44955.277,12714.2
18-Sep-24,25804.4,9310.55,44964.26272,42089.3,44964.26272,44519.072,12584
19-Sep-24,25907.7,9251.2,44577.27112,41945.6,44577.27112,44135.912,12414.8
20-Sep-24,26394.6,9404.3,44082.92056,42204.4,44082.92056,43646.456,12501.3
23-Sep-24,26805.4,9454.85,44086.35355,41987.4,44086.35355,43649.855,12737.8
24-Sep-24,26920.4,9735.4,44112.77717,42243.9,44112.77717,43676.017,12786
25-Sep-24,26888.3,9777.15,43924.48287,41960.9,43924.48287,43489.587,12786.7
26-Sep-24,27496.2,9985.7,44051.91962,42160.9,44051.91962,43615.762,12823.7
27-Sep-24,27610.8,10064.6,45126.02937,42312.6,45126.02937,44679.237,13128.2
30-Sep-24,27027.2,10198.3,43979.09862,41946.1,43979.09862,43543.662,13035.6
1-Oct-24,27083.4,10223,44182.06115,42434.8,44182.06115,43744.615,12947.9
3-Oct-24,26302.1,10155,44031.63377,41762.6,44031.63377,43595.677,12595.7
4-Oct-24,25926.3,10113.2,44281.51383,41912.5,44281.51383,43843.083,12462.5
7-Oct-24,25807.2,9886.3,44204.32357,42190.6,44204.32357,43766.657,12180.1
8-Oct-24,26236.1,9794.45,44155.74156,42387.6,44155.74156,43718.556,12334.8
9-Oct-24,26450.2,9800.75,44650.30018,42622.8,44650.30018,44208.218,12252.5
10-Oct-24,26528.5,9839.95,44608.48012,42088.8,44608.48012,44166.812,12247.1
11-Oct-24,26436.6,9932.7,44282.65816,42335.7,44282.65816,43844.216,12306.5
14-Oct-24,26463.6,9905,44717.39953,42872.8,44717.39953,44274.653,12289.5
15-Oct-24,26242.6,9762.05,45075.67885,42731.3,45075.67885,44629.385,12256
16-Oct-24,25909,9741.7,44411.55133,42230.7,44411.55133,43971.833,12283.7
17-Oct-24,24991.2,9603.3,44629.28612,42734.4,44629.28612,44187.412,12128.6
18-Oct-24,25146.9,9753.9,44295.76594,42106.5,44295.76594,43857.194,12104.2
21-Oct-24,25251.8,9606.8,44326.24673,41562.7,44326.24673,43887.373,11953.7
22-Oct-24,24627.2,9318.8,43537.17918,41238.8,43537.17918,43106.118,11672
23-Oct-24,24451.3,9295.25,44244.89527,42222.1,44244.89527,43806.827,11640.1
24-Oct-24,24324.8,9273.45,44087.49788,42139.9,44087.49788,43650.988,11648.6
25-Oct-24,23799.3,9048.95,44073.45383,42038.9,44073.45383,43637.083,11352.2
28-Oct-24,23964.4,9278.4,44110.07239,42205.4,44110.07239,43673.339,11371.8
29-Oct-24,23588.6,9338.75,43911.99927,42031.4,43911.99927,43477.227,11409.5
30-Oct-24,23594,9342.45,43863.62532,41668.6,43863.62532,43429.332,11366.9
31-Oct-24,23514.7,9326.85,43174.42657,40407.6,43174.42657,42746.957,11347.1
1-Nov-24,23817.4,9385.8,42284.76201,40397.7,42284.76201,41866.101,11459.2
4-Nov-24,23573.2,9242.9,42103.43772,40421.8,42103.43772,41686.572,11158.2
5-Nov-24,23839.6,9505.4,42296.72546,40424.6,42296.72546,41877.946,11245.2
6-Nov-24,24137.9,9656.45,43802.35165,42039.5,43802.35165,43368.665,11531
7-Nov-24,23812.5,9392.85,44077.09488,41752.4,44077.09488,43640.688,11452.3
8-Nov-24,23805.2,9308.9,44011.66001,42050.1,44011.66001,43575.901,11228.1
11-Nov-24,23729.4,9216.25,44522.86343,42590.3,44522.86343,44082.043,11135.1
12-Nov-24,23269.1,9078.5,44612.84938,42609.6,44612.84938,44171.138,11033.8
13-Nov-24,22765.2,8836.75,44378.88591,42369.5,44378.88591,43939.491,10825
14-Nov-24,22914.5,8828.7,44351.1099,42390.9,44351.1099,43911.99,10810.3
18-Nov-24,23043.8,8996.65,44153.34887,41406.6,44153.34887,43716.187,10637.2
19-Nov-24,23359.5,8920.35,44158.23828,41748.4,44158.23828,43721.028,10603
21-Nov-24,23145.9,8717.4,44031.63377,41952.8,44031.63377,43595.677,10446.5
22-Nov-24,23554.1,8846.2,45186.57483,43332.1,45186.57483,44739.183,10677
25-Nov-24,23716.4,8883,45514.78948,43618.1,45514.78948,45064.148,10979
26-Nov-24,23413,8916.7,46027.65738,44085.9,46027.65738,45571.938,10924
27-Nov-24,23517.3,8987.35,46117.12318,44018.7,46117.12318,45660.518,10984.8
28-Nov-24,23134.7,8964.85,45786.82793,42968.8,45786.82793,45333.493,10967
29-Nov-24,23368.6,9034,45220.69667,43146.2,45220.69667,44772.967,11103.8
2-Dec-24,23599.6,9133.6,45334.1934,43547,45334.1934,44885.34,11138.2
3-Dec-24,23752.4,9246.25,45577.10345,43754.9,45577.10345,45125.845,11267.9
4-Dec-24,23584,9230.1,46007.89168,43949.2,46007.89168,45552.368,11235.4
5-Dec-24,23736.2,9282.75,46842.52437,44806.4,46842.52437,46378.737,11319
6-Dec-24,23960.2,9397.15,46659.84769,44716.1,46659.84769,46197.869,11322.6
9-Dec-24,23775.1,9455.25,46723.30599,44832,46723.30599,46260.699,11251.7
10-Dec-24,23767.1,9475.35,47206.52534,45199.8,47206.52534,46739.134,11222.3
11-Dec-24,23851.8,9483.65,47228.47567,45350.4,47228.47567,46760.867,11224.9
12-Dec-24,23660.3,9507.75,47856.50478,45701.6,47856.50478,47382.678,11122.2
13-Dec-24,23773.1,9439.3,47946.28267,45995.8,47946.28267,47471.567,11160.3
16-Dec-24,23790.5,9347.75,47859.20956,45653.6,47859.20956,47385.356,11095.3
17-Dec-24,23417.8,9194.95,47603.71188,45413.8,47603.71188,47132.388,10916.2
18-Dec-24,23241.2,9069.9,47534.4279,45526.9,47534.4279,47063.79,10824.5
19-Dec-24,23070.9,8977.2,47090.11577,44954.2,47090.11577,46623.877,10785.2
20-Dec-24,22580,8813.25,47486.88619,43771.1,47486.88619,47016.719,10607.6
23-Dec-24,22557.8,8891.4,46051.37622,43828.4,46051.37622,45595.422,10689.7
24-Dec-24,22685.6,8817.6,45984.48493,43668.9,45984.48493,45529.193,10747.5
26-Dec-24,22876.1,8805.25,45618.1953,43664.2,45618.1953,45166.53,10756.5
27-Dec-24,23099.1,8720.7,45631.30308,43721.4,45631.30308,45179.508,10683
30-Dec-24,22768.2,8609.85,45955.77265,43971.4,45955.77265,45500.765,10631.2
31-Dec-24,22834,8649.9,45419.08188,43337.8,45419.08188,44969.388,10744.2
1-Jan-25,23139.6,8639.9,45324.31055,43373.1,45324.31055,44875.555,10772
2-Jan-25,24016.2,8723.35,46211.06227,44351.8,46211.06227,45753.527,10909.7
3-Jan-25,24005,8729.95,46123.88513,43726.6,46123.88513,45667.213,11046.7
6-Jan-25,23482.2,8455.5,46117.64333,43674.9,46117.64333,45661.033,10726.9
7-Jan-25,23482.1,8560.55,45889.81763,43375.9,45889.81763,45435.463,10902.8
8-Jan-25,23370.2,8503.2,45488.05377,43634.2,45488.05377,45037.677,11070.3
9-Jan-25,23305.2,8398.85,45605.29558,43126.4,45605.29558,45153.758,10855.8
10-Jan-25,23017.8,8262.95,46603.98358,44609.5,46603.98358,46142.558,10740.6
13-Jan-25,22382.2,7951.35,46455.32471,43999.1,46455.32471,45995.371,10454.3
14-Jan-25,22833.1,8267.5,45781.10628,43061.2,45781.10628,45327.828,10624
15-Jan-25,22712.8,8280.95,45198.64231,43401.2,45198.64231,44751.131,10630.8
16-Jan-25,22861.2,8422,45786.09972,43188.9,45786.09972,45332.772,10724
17-Jan-25,22791.1,8521.7,44207.65253,42032.2,44207.65253,43769.953,10891.7
20-Jan-25,22671.8,8613.35,44190.38355,42192.8,44190.38355,43752.855,10957.8
21-Jan-25,22303.2,8532.1,44250.92901,41697.9,44250.92901,43812.801,10834.3
22-Jan-25,22274.3,8470.25,44353.60662,42590.7,44353.60662,43914.462,10757
23-Jan-25,22518.9,8515.55,45423.03502,43351.8,45423.03502,44973.302,10702
24-Jan-25,22171.1,8438.8,45730.65173,43524.1,45730.65173,45277.873,10472.5
27-Jan-25,21970.4,8189.8,44988.70977,42060.7,44988.70977,44543.277,10238
28-Jan-25,22264.2,8157.45,44174.36293,41820.6,44174.36293,43736.993,10173
29-Jan-25,22586.3,8308.65,44700.02652,42914.5,44700.02652,44257.452,10235
30-Jan-25,22495.7,8299.75,44759.84377,42426.6,44759.84377,44316.677,10393.2
31-Jan-25,22867.6,8399.7,44699.40234,42662.8,44699.40234,44256.834,10588.1
1-Feb-25,23305.4,8298.5,44582.99277,42030.4,44582.99277,44141.577,10438.2
3-Feb-25,23327,8155.15,44082.92056,42314.2,44082.92056,43646.456,10206.2
4-Feb-25,23535.1,8301.45,44661.22333,42860.2,44661.22333,44219.033,10481.7
5-Feb-25,23517.1,8427.1,44993.80724,42888.3,44993.80724,44548.324,10634.8
6-Feb-25,23298.8,8363.65,45182.10154,43020.9,45182.10154,44734.754,10594.7
7-Feb-25,23459.9,8585.8,44871.67602,42921.6,44871.67602,44427.402,10499
10-Feb-25,23112.7,8359.25,44705.43608,42596.6,44705.43608,44262.808,10317
11-Feb-25,22573.9,8213.55,44514.64506,41968.3,44514.64506,44073.906,10117.8
12-Feb-25,22407.4,8268.4,43966.30293,41733,43966.30293,43530.993,10036.3
13-Feb-25,22344.3,8336.35,43635.07141,41315.6,43635.07141,43203.041,9997.25
14-Feb-25,22069.3,8187.5,43283.55404,41311.1,43283.55404,42855.004,9852.2
17-Feb-25,21951.8,8250.2,42917.47247,41073.2,42917.47247,42492.547,9921.1
18-Feb-25,21818.9,8255.6,43203.97109,41464.4,43203.97109,42776.209,9972.05
19-Feb-25,21809.2,8359.2,43071.74896,40924.2,43071.74896,42645.296,10045.6
20-Feb-25,22074.9,8523,42657.39747,40865.9,42657.39747,42235.047,10181.4
21-Feb-25,21505.9,8609.7,42553.88762,40544.6,42553.88762,42132.562,10074.2
24-Feb-25,21552.5,8422.8,41806.01595,39446.6,41806.01595,41392.095,9963.35
25-Feb-25,21662.7,8293.45,41110.78346,39131.3,41110.78346,40703.746,9850.6
27-Feb-25,21335.3,8334.8,40818.97931,38946.6,40818.97931,40414.831,9808.45
28-Feb-25,20498.6,8219.25,40199.2726,37318.3,40199.2726,39801.26,9590.6
3-Mar-25,20538.2,8316.3,39458.68303,37614.4,39458.68303,39068.003,9513.4
4-Mar-25,20269.2,8347.75,39049.94916,37276.9,39049.94916,38663.316,9576.5
5-Mar-25,20796.8,8685.2,39928.58654,38072.3,39928.58654,39533.254,9792.6
6-Mar-25,20959.7,8888.65,39892.48813,38145.3,39892.48813,39497.513,10045.8
7-Mar-25,21009.7,8926.9,39581.75052,37820.4,39581.75052,39189.852,10101.5
10-Mar-25,20752.8,8850.3,39570.20319,37644.4,39570.20319,39178.419,9909.7
11-Mar-25,20682.7,8897.3,39012.08224,37400.1,39012.08224,38625.824,10029.6
12-Mar-25,20783.7,8854.3,38700.82448,36310.6,38700.82448,38317.648,10065.5
13-Mar-25,20554.1,8777.65,38067.59387,36122.5,38067.59387,37690.687,10021.8
17-Mar-25,20741.2,8845.25,37627.85906,36137.2,37627.85906,37255.306,10016.4
18-Mar-25,21234.9,9033.45,38159.34833,36619.4,38159.34833,37781.533,10084.4
19-Mar-25,21319.5,9148.55,38055.83848,36223.5,38055.83848,37679.048,10191.7
20-Mar-25,21623.1,9254.1,38605.42897,36676.6,38605.42897,38223.197,10354
21-Mar-25,21756,9203.55,38526.36617,36702.8,38526.36617,38144.917,10544.2
24-Mar-25,21938.7,9262.85,38979.93697,37217.1,38979.93697,38593.997,10698.2
25-Mar-25,21737.6,9132.9,39607.44593,37706.9,39607.44593,39215.293,10555
26-Mar-25,21742.8,9097.7,39457.95482,37336.7,39457.95482,39067.282,10411
27-Mar-25,21516.8,9159.8,39143.99228,37548.3,39143.99228,38756.428,10552.8
28-Mar-25,21295.5,9092.5,39053.69424,36886.1,39053.69424,38667.024,10549.7
1-Apr-25,21235.2,9016.85,38011.10558,35980.6,38011.10558,37634.758,10558.2
2-Apr-25,21408.8,9080.05,37834.56667,36283.5,37834.56667,37459.967,10584.2
3-Apr-25,21164,9005.15,37124.76998,34757.2,37124.76998,36757.198,10532.2
4-Apr-25,20593.2,8414.45,35746.37248,33511.4,35746.37248,35392.448,10134.1
7-Apr-25,19815.6,7846.35,34158.35453,32668.8,34158.35453,33820.153,9851.5
8-Apr-25,20138.2,7965.6,35102.73887,33244.4,35102.73887,34755.187,10068.3
9-Apr-25,20140.4,7847.5,34082.62069,32517.3,34082.62069,33745.169,10041.2
11-Apr-25,20548.7,8168.3,34549.19524,32740.8,34549.19524,34207.124,10262.5
15-Apr-25,21246.2,8429.85,34871.48018,33275.3,34871.48018,34526.218,10423.5
16-Apr-25,21155.8,8454.8,34732.91222,33295.5,34732.91222,34389.022,10562
17-Apr-25,21373.1,8476.5,34820.50548,33372.4,34820.50548,34475.748,10692.2
21-Apr-25,21826,8653.5,35920.10258,34135.1,35920.10258,35564.458,10946.3
22-Apr-25,21903.7,8669.5,35505.75109,33941.1,35505.75109,35154.209,10941.5
23-Apr-25,22424.4,8737.3,36954.36884,35414.6,36954.36884,36588.484,10957.2
24-Apr-25,22367.6,8753.3,37005.5516,35307.1,37005.5516,36639.16,10945.5
25-Apr-25,21994.5,8569.75,37389.83842,35562.2,37389.83842,37019.642,10788.7
28-Apr-25,22352.9,8689.9,37117.27982,35482.9,37117.27982,36749.782,11132.1
29-Apr-25,22299.1,8607.15,37614.33516,35920.4,37614.33516,37241.916,11184.5
30-Apr-25,22308.4,8581.8,37665.72598,35794.9,37665.72598,37292.798,11179.5
2-May-25,22286.5,8518.4,37763.51418,35891.9,37763.51418,37389.618,11261
5-May-25,22699.2,8600.15,37817.40172,35991.2,37817.40172,37442.972,11452
6-May-25,22737.6,8524.7,37777.66226,35869.2,37777.66226,37403.626,11247.3
7-May-25,23114.1,8608.05,37494.70066,35920.3,37494.70066,37123.466,11265.3
8-May-25,22674.2,8428.4,37700.68006,36002.4,37700.68006,37327.406,11102.8
9-May-25,22627.8,8420.55,37377.25079,35880.1,37377.25079,37007.179,11016.7
12-May-25,23400.4,8914.25,39901.85083,38282.6,39901.85083,39506.783,11361.7
13-May-25,23167.2,8834.65,39870.95392,37354.6,39870.95392,39476.192,11258.2
14-May-25,23356.8,9052.1,39441.72614,37853.6,39441.72614,39051.214,11396
15-May-25,23804.8,9210.05,39924.00922,38293.8,39924.00922,39528.722,11532.2
16-May-25,23953.2,9201.85,39897.48157,37972.4,39897.48157,39502.457,11595.1
19-May-25,24052.6,9210.75,39445.26316,37477.8,39445.26316,39054.716,11553.3
20-May-25,23531.2,9156.05,39551.26973,37283.5,39551.26973,39159.673,11462
21-May-25,23700.1,9208.15,39134.94167,37540.1,39134.94167,38747.467,11513.2
22-May-25,23459.9,9179.65,38820.14689,37050.1,38820.14689,38435.789,11378.7
23-May-25,23515.2,9249.6,39350.80392,37403.6,39350.80392,38961.192,11467.5
26-May-25,23763.2,9336.45,39343.72988,37785.9,39343.72988,38954.188,11527.8
27-May-25,23596.9,9294.95,39321.98761,37501.4,39321.98761,38932.661,11461.5
28-May-25,23437.1,9239.5,39299.93325,37465.8,39299.93325,38910.825,11457.5
29-May-25,23555.8,9351.65,39657.69242,37754.1,39657.69242,39265.042,11475.2
30-May-25,23325.6,9193.25,39183.31562,37321.8,39183.31562,38795.362,11388.4
2-Jun-25,23327.1,9128.55,38670.65578,37061.9,38670.65578,38287.778,11365
3-Jun-25,23268.7,9122.3,38873.30622,36814.9,38873.30622,38488.422,11277
4-Jun-25,23332.6,9177.4,38583.16655,36938.1,38583.16655,38201.155,11352.8
5-Jun-25,23306.2,9231.5,38915.75046,37107.9,38915.75046,38530.446,11382.2
6-Jun-25,23661.3,9406.45,38861.75889,37294.9,38861.75889,38476.989,11446.9
9-Jun-25,23777.2,9477,39308.98386,37669.2,39308.98386,38919.786,11566
10-Jun-25,23759,9509.7,40122.08234,38300,40122.08234,39724.834,11556.2
11-Jun-25,23805.2,9495.8,40399.84244,38784.3,40399.84244,39999.844,11725.5
12-Jun-25,23411.8,9348.5,40458.41133,38460.3,40458.41133,40057.833,11527.3
13-Jun-25,23327.4,9258.8,40246.71028,38469.2,40246.71028,39848.228,11443.6
16-Jun-25,23368.2,9358.25,40840.51352,39073.1,40840.51352,40436.152,11571
17-Jun-25,23227.3,9224.4,41090.91373,39356.1,41090.91373,40684.073,11486.8
18-Jun-25,23312.3,9158.25,41167.27175,39030.9,41167.27175,40759.675,11431.7
19-Jun-25,23434.7,9040.45,40537.16204,38664.9,40537.16204,40135.804,11358.8
20-Jun-25,23679.3,9138.6,40614.45633,38991.4,40614.45633,40212.333,11462.1
23-Jun-25,23461.2,9198.55,40203.95395,38414.1,40203.95395,39805.895,11474
24-Jun-25,23598.2,9291.1,40505.74498,38417.9,40505.74498,40104.698,11454.5
25-Jun-25,23827.8,9329.2,40685.30076,39046.3,40685.30076,40282.476,11482.4
26-Jun-25,23961.7,9544.55,40679.26702,38996.2,40679.26702,40276.502,11695.9
27-Jun-25,24007.9,9578.2,40943.91934,38822.9,40943.91934,40538.534,11835
30-Jun-25,23872.6,9534.8,40584.07957,38950,40584.07957,40182.257,11801
1-Jul-25,23824,9564.55,40866.00087,38833.1,40866.00087,40461.387,11858.8
2-Jul-25,23899.8,9699.2,41112.13585,38879.1,41112.13585,40705.085,11838.2
3-Jul-25,24004.9,9623.45,40783.60911,38854.3,40783.60911,40379.811,11877.3
4-Jul-25,23980.4,9580.4,40771.33357,39166.6,40771.33357,40367.657,12002.3
7-Jul-25,23943.9,9522.15,40755.41698,38866.9,40755.41698,40351.898,12051.8
8-Jul-25,23852.9,9517.4,40819.49946,38983.2,40819.49946,40415.346,12064.2
9-Jul-25,23944.4,9384.5,40571.49194,38680.9,40571.49194,40169.794,11913.5
10-Jul-25,23916.8,9423.55,40275.42256,38376.6,40275.42256,39876.656,11909.7
11-Jul-25,23493.8,9382.85,39521.82924,37693.2,39521.82924,39130.524,11759.5
14-Jul-25,23552,9407.95,39182.06726,37273.7,39182.06726,38794.126,11755.5
15-Jul-25,23905.2,9411.95,39182.79547,37424.6,39182.79547,38794.847,11811.7
16-Jul-25,24011.2,9360.7,39280.16755,37660.8,39280.16755,38891.255,11838.8
17-Jul-25,24002.5,9423.35,39184.56398,37138.6,39184.56398,38796.598,11815
18-Jul-25,23894.3,9458.2,38927.60988,37141.9,38927.60988,38542.188,11771.9
21-Jul-25,24055,9555.5,38662.64547,37031.8,38662.64547,38279.847,11643.5
22-Jul-25,23875.8,9533.3,38616.9763,36858.9,38616.9763,38234.63,11596.8
23-Jul-25,24079.4,9579.05,38581.18998,36951.5,38581.18998,38199.198,11673.7
24-Jul-25,24087.3,9582.3,38464.15623,36135.8,38464.15623,38083.323,11583.2
25-Jul-25,23781.6,9425.1,37732.82533,35623.8,37732.82533,37359.233,11356.4
28-Jul-25,23693,9316.45,36999.93398,35370.1,36999.93398,36633.598,11323.7
29-Jul-25,23888.3,9409.7,36866.98364,35373.2,36866.98364,36501.964,11445.5
30-Jul-25,23745.8,9399.75,36963.52348,35481.7,36963.52348,36597.548,11431.5
31-Jul-25,23655.8,9285.45,37023.2367,35301.6,37023.2367,36656.67,11262.2
1-Aug-25,23410.9,9102.35,36583.60592,34649.6,36583.60592,36221.392,11090.8
4-Aug-25,23787.5,9327.85,36639.26197,35203.4,36639.26197,36276.497,11151.5
5-Aug-25,23876.3,9336.05,36615.23104,35034.5,36615.23104,36252.704,11044.7
6-Aug-25,23748.8,9298.75,36400.51312,34426.2,36400.51312,36040.112,11018.2
7-Aug-25,23808.1,9310.65,36210.86643,34726.8,36210.86643,35852.343,10997.3
8-Aug-25,23474.7,9147.1,36039.94514,34398.5,36039.94514,35683.114,10989.2
11-Aug-25,23723.8,9194.8,36019.76332,34544.6,36019.76332,35663.132,11060
12-Aug-25,23856.6,9229.7,36485.92175,34674.3,36485.92175,36124.675,11103.8
13-Aug-25,24122.7,9345.95,36246.23663,34692.9,36246.23663,35887.363,11098.8
14-Aug-25,24118.8,9216.25,36756.08766,34833.2,36756.08766,36392.166,10997.3
18-Aug-25,25127.2,9387.5,36575.59561,34634.9,36575.59561,36213.461,11017.5
19-Aug-25,25456.7,9457.5,36228.75959,34756.7,36228.75959,35870.059,11200.3
20-Aug-25,25469.2,9497.75,37215.27608,35690.1,37215.27608,36846.808,11186
21-Aug-25,25377.5,9493.65,37370.28078,35723.9,37370.28078,37000.278,11219.2
22-Aug-25,25329.4,9375.45,37208.51413,35440.9,37208.51413,36840.113,11126.1
25-Aug-25,25423.4,9436.75,37914.04559,36280.1,37914.04559,37538.659,11132
26-Aug-25,25320.3,9280.05,37788.16929,36063.2,37788.16929,37414.029,10949.5
28-Aug-25,25183.5,9210.5,37470.46167,35488.8,37470.46167,37099.467,10900
29-Aug-25,24960.8,9154.8,37008.88056,35181.2,37008.88056,36642.456,10789.8
1-Sep-25,25660,9305.3,37229.94431,35740.6,37229.94431,36861.331,10935.3
2-Sep-25,25584.9,9384.35,37514.36233,35737.9,37514.36233,37142.933,11002.9
3-Sep-25,25775.4,9676.4,37276.0296,35474.9,37276.0296,36906.96,11029.4
4-Sep-25,25994.8,9616.35,37033.95179,35143.1,37033.95179,36667.279,10923.2
5-Sep-25,26320.6,9681.65,36755.35945,34635.9,36755.35945,36391.445,10933.7
8-Sep-25,27189.2,9717.85,36319.88987,34310.4,36319.88987,35960.287,10960.5
9-Sep-25,27182.5,9734.2,36727.68747,35255.9,36727.68747,36364.047,10928
10-Sep-25,26833.9,9759.45,37716.28456,36183.8,37716.28456,37342.856,10966.2
11-Sep-25,26744.4,9792.95,37740.21146,36003.5,37740.21146,37366.546,11086.5
12-Sep-25,26866.7,9883.6,37821.77098,36110.8,37821.77098,37447.298,11091.2
15-Sep-25,26760.7,9891,37608.30142,35902.2,37608.30142,37235.942,11124.4
16-Sep-25,27146.4,9973.45,37735.8422,36212.1,37735.8422,37362.22,11219.8
17-Sep-25,27294.7,9923.15,38084.23867,36447.1,38084.23867,37707.167,11290.5
18-Sep-25,27329.3,9955.15,38558.61547,36750.2,38558.61547,38176.847,11286.5
19-Sep-25,27219.6,9989.9,38305.09436,36578.2,38305.09436,37925.836,11333.3
22-Sep-25,27154.3,10029.1,37223.59848,35500.1,37223.59848,36855.048,11327
23-Sep-25,27321.9,10129,37079.10081,35249.1,37079.10081,36711.981,11317.4
24-Sep-25,27007.6,10060.1,36611.58999,34994.3,36611.58999,36249.099,11247.5
25-Sep-25,26758.5,10082.5,36506.62372,34548.3,36506.62372,36145.172,11212.9
26-Sep-25,26484.6,9888.25,35866.73519,33702,35866.73519,35511.619,11132.5
29-Sep-25,26436.6,9923.1,35339.09503,33693.1,35339.09503,34989.203,11282.3
30-Sep-25,26542.3,10038.2,35289.68078,33655.1,35289.68078,34940.278,11280.5
1-Oct-25,26768.7,10093,35387.46898,33905.2,35387.46898,35037.098,11304.2
3-Oct-25,26753.1,10277.1,35361.98163,33949.8,35361.98163,35011.863,11374
6-Oct-25,26857.2,10185.5,36143.97514,34722.6,36143.97514,35786.114,11459.7
7-Oct-25,26933.6,10156.7,36284.83176,34709.4,36284.83176,35925.576,11516.2
8-Oct-25,26522.4,10136.5,36821.00238,35232.2,36821.00238,36456.438,11414.9
9-Oct-25,26587,10356.2,37126.64252,35628.5,37126.64252,36759.052,11467.2
10-Oct-25,26721.2,10261.5,37264.89839,35609.1,37264.89839,36895.939,11467.2
13-Oct-25,26698.2,10217.5,36936.26762,35330.8,36936.26762,36570.562,11436
14-Oct-25,26640.6,10116.8,37207.57786,35214.9,37207.57786,36839.186,11348.8
15-Oct-25,26708.7,10218,37005.13548,35401.8,37005.13548,36638.748,11431.4
16-Oct-25,27048.8,10287.2,37007.84026,35531.1,37007.84026,36641.426,11493.6
17-Oct-25,27228.6,10199.3,36781.36695,34950.7,36781.36695,36417.195,11498.1
20-Oct-25,27185.4,10191.8,36803.62937,35292.6,36803.62937,36439.237,11661.9
21-Oct-25,27229.8,10232.8,36997.43726,35299.8,36997.43726,36631.126,11667.6
23-Oct-25,27218.8,10241.8,37931.4186,36078.6,37931.4186,37555.86,11601.2
24-Oct-25,27108.7,10347.5,37730.22458,35986.4,37730.22458,37356.658,11624
27-Oct-25,27263.7,10467.2,37741.45982,36129.1,37741.45982,37367.782,11800.2
28-Oct-25,27148.3,10596.2,37651.68193,35860.4,37651.68193,37278.893,11746.6
29-Oct-25,26948.9,10777.5,37660.52448,36090.1,37660.52448,37287.648,11996
30-Oct-25,26829.6,10729.2,37583.85437,35906.4,37583.85437,37211.737,11981.4
31-Oct-25,26809.8,10612.2,37503.23112,35712.4,37503.23112,37131.912,11990.2
3-Nov-25,26841.8,10652.8,37183.23484,35653.1,37183.23484,36815.084,12084.7
4-Nov-25,26610.1,10499,37106.25264,35274.6,37106.25264,36738.864,12020.3
6-Nov-25,26626.5,10281.9,36940.0127,35337.6,36940.0127,36574.27,11995.8
7-Nov-25,26779.6,10426.8,36694.08578,35117.6,36694.08578,36330.778,11996.2
10-Nov-25,26859.8,10484.5,37300.58068,35688.2,37300.58068,36931.268,12021.8
11-Nov-25,27148.2,10559.1,37606.74097,36116.9,37606.74097,37234.397,12092.8
12-Nov-25,27485.2,10542.5,38399.44957,36855.4,38399.44957,38019.257,12190.8
13-Nov-25,27382.8,10588.6,38428.57797,36679.5,38428.57797,38048.097,12177
14-Nov-25,27239.8,10494.8,37974.0709,36301.2,37974.0709,37598.09,12190.1
17-Nov-25,27472.7,10495.8,37873.57792,36375.2,37873.57792,37498.592,12235.8
18-Nov-25,27368.2,10383.7,37776.30987,35975.2,37776.30987,37402.287,12184.7
19-Nov-25,27434.4,10384.2,38612.29495,37044.6,38612.29495,38229.995,12141.6
20-Nov-25,27554,10386,38781.13564,37043.3,38781.13564,38397.164,12208.2
21-Nov-25,27537.8,10142.5,38591.17686,36885.4,38591.17686,38209.086,12144
24-Nov-25,27442.2,10017.9,39067.84232,37037.9,39067.84232,38681.032,12041.7
25-Nov-25,27378.7,10073.4,38620.72138,36826.9,38620.72138,38238.338,12001.3
26-Nov-25,27696.4,10280.7,38914.5021,37364.6,38914.5021,38529.21,12207.8
27-Nov-25,27603.7,10273.8,39186.64458,37446.3,39186.64458,38798.658,12118.2
28-Nov-25,27774.6,10293,39068.05038,37405.5,39068.05038,38681.238,12034.4
1-Dec-25,27993,10353.2,39177.48994,37549.8,39177.48994,38789.594,12020.8
2-Dec-25,27979.5,10315.8,39255.09632,37541.2,39255.09632,38866.432,11970.7
3-Dec-25,27643.8,10265.2,39538.99419,37825.2,39538.99419,39147.519,11896.3
4-Dec-25,27732.7,10271.5,40022.00548,38360.2,40022.00548,39625.748,11890.7
5-Dec-25,27939.1,10340.3,40489.10018,38703.6,40489.10018,40088.218,11905.6
8-Dec-25,27596.8,10141.8,40506.57722,38590.7,40506.57722,40105.522,11807.2
9-Dec-25,27399.2,10112.7,40013.99517,38130.6,40013.99517,39617.817,11786.8
10-Dec-25,27358.2,10159,39844.01015,37789.9,39844.01015,39449.515,11800
11-Dec-25,27661,10266.8,39673.29692,38097,39673.29692,39280.492,11796.6
12-Dec-25,27820.8,10536.5,39843.80209,38274.8,39843.80209,39449.309,11927
15-Dec-25,27568.1,10553.2,39958.65121,38386.3,39958.65121,39563.021,11948.7
16-Dec-25,27542.2,10464.3,39836.62402,38062.5,39836.62402,39442.202,11856.8
17-Dec-25,27489.2,10490.2,39914.12637,38172.1,39914.12637,39518.937,11884.7
18-Dec-25,27321.9,10516.2,40225.69622,38633.4,40225.69622,39827.422,11846
19-Dec-25,27657.2,10521.1,40628.29232,38691.6,40628.29232,40226.032,11959.2
22-Dec-25,27885.3,10669,41123.26706,39488,41123.26706,40716.106,12049
23-Dec-25,27892.1,10727,40985.84343,39173.7,40985.84343,40580.043,12050.7
24-Dec-25,27885.7,10742.8,40674.58567,38974.8,40674.58567,40271.867,11959.4
26-Dec-25,27739.8,10806.2,40592.40197,38572.3,40592.40197,40190.497,11958.2
29-Dec-25,27592.5,10789.1,40282.18451,38282.7,40282.18451,39883.351,11951.5
30-Dec-25,27889.7,11007.7,39824.34848,37998.6,39824.34848,39430.048,11914.8
31-Dec-25,28189.6,11167.7,39644.27255,37884.1,39644.27255,39251.755,12231.2
1-Jan-26,28480.6,11256,39798.65307,38171.5,39798.65307,39404.607,12232.7
2-Jan-26,28803.7,11421.8,39904.8677,38320.3,39904.8677,39509.77,12340
5-Jan-26,28894.2,11490.8,39802.81427,37771.1,39802.81427,39408.727,12214.5
6-Jan-26,28922.3,11524,39586.63993,37977.4,39586.63993,39194.693,12000.6
7-Jan-26,28692.4,11524,40297.89304,38688.8,40297.89304,39898.904,11920.9
8-Jan-26,28414.9,11132,40289.36258,37920.3,40289.36258,39890.458,11582.3
9-Jan-26,28087.7,11094.8,39785.85738,38027.2,39785.85738,39391.938,11628.8
12-Jan-26,28011.8,11315.8,39614.20788,37988.2,39614.20788,39221.988,11692.1
13-Jan-26,27915.1,11355.2,39941.69432,38236.6,39941.69432,39546.232,11652.8
14-Jan-26,27721.8,11661.4,39839.12074,37822.7,39839.12074,39444.674,11715.3
16-Jan-26,27596.2,11600,40716.82185,39086.6,40716.82185,40313.685,11748.5
19-Jan-26,27632.4,11593,40548.39728,38902.5,40548.39728,40146.928,11564.8
20-Jan-26,26948.1,11374.5,40373.0027,38101.1,40373.0027,39973.27,11372.2
21-Jan-26,26871.2,11439,39664.87049,37992.3,39664.87049,39272.149,11402.7
22-Jan-26,27110.2,11573.7,40095.76275,38301.8,40095.76275,39698.775,11443.3
23-Jan-26,26804.6,11477.8,40131.23698,38238.5,40131.23698,39733.898,11306.7
27-Jan-26,26554,11829.7,40236.30728,38566.1,40236.30728,39837.928,11376.5
28-Jan-26,26737.6,12106.5,40355.94178,38725.4,40355.94178,39956.378,11762.9
29-Jan-26,26555.4,12478,40192.61468,38431.3,40192.61468,39794.668,11855
30-Jan-26,26750.3,11827.5,39804.58278,38036.1,39804.58278,39410.478,11791.7
1-Feb-26,26190.7,11348.7,40398.80214,38252.9,40398.80214,39998.814,11454.3
2-Feb-26,26749.2,11561.5,39961.14793,38074.1,39961.14793,39565.493,11687.5
3-Feb-26,27500.3,11893.2,41925.54642,38611.8,41925.54642,41510.442,11911.2
4-Feb-26,27825.4,12044.2,38674.92101,36345.6,38674.92101,38292.001,12159
5-Feb-26,27664.5,11921.2,38097.76257,36143.3,38097.76257,37720.557,12146.2
6-Feb-26,27519.6,11943.2,37560.96777,35611.1,37560.96777,37189.077,12208.2
9-Feb-26,27791.4,12129.5,37509.47292,35616.6,37509.47292,37138.092,12255
10-Feb-26,28173.2,12228.3,37512.80188,35722.2,37512.80188,37141.388,12297
11-Feb-26,28538.7,12276.5,37302.66128,35095.1,37302.66128,36933.328,12352.3
12-Feb-26,28504.1,12279.2,35878.69864,33160.2,35878.69864,35523.464,12205.5
13-Feb-26,28234.3,11872.8,34259.99184,32681.5,34259.99184,33920.784,11976.5
16-Feb-26,28028.2,11955,34131.61882,32738.1,34131.61882,33793.682,12084.7
17-Feb-26,28174.6,11828.4,35061.33493,33075.1,35061.33493,34714.193,12071.2
18-Feb-26,28327.6,11985.8,34506.02279,32668.3,34506.02279,34164.379,12160
19-Feb-26,27734,11842.4,34504.25428,32319.4,34504.25428,34162.628,12036.2
20-Feb-26,27846.8,11990,33643.09394,32004.1,33643.09394,33309.994,12092.3
23-Feb-26,28077,11962.8,33343.38351,31550.5,33343.38351,33013.251,12151.2
24-Feb-26,27950,12073.8,32307.97292,30053.5,32307.97292,31988.092,12211.5
25-Feb-26,28466.5,12399.4,32249.09194,30526.3,32249.09194,31929.794,12188.9
26-Feb-26,28693.4,12448,32366.02166,30554.2,32366.02166,32045.566,12294.5
27-Feb-26,28158.8,12240.7,32567.42374,30603.8,32567.42374,32244.974,12264.9
2-Mar-26,27540.1,12269.8,31819.96819,30272.9,31819.96819,31504.919,12001.3
4-Mar-26,26867.2,11779.8,31811.74982,30305.3,31811.74982,31496.782,11630.9
5-Mar-26,27366.8,12049.2,31795.00099,30126.8,31795.00099,31480.199,11812.2
6-Mar-26,27076.4,12000.5,31900.69547,30138.4,31900.69547,31584.847,11787.3
9-Mar-26,25965.9,11688.8,31459.81633,30162.1,31459.81633,31148.333,11507.8
10-Mar-26,26770.6,11868.5,31583.71606,30024.1,31583.71606,31271.006,11462.5
11-Mar-26,25926,11822.1,31449.72542,29651.7,31449.72542,31138.342,11483.1
12-Mar-26,25098,11863.9,30991.36924,29579.4,30991.36924,30684.524,11538.3
13-Mar-26,24195.1,11292.5,30697.58852,29071.3,30697.58852,30393.652,11286.8
16-Mar-26,24599.1,11318,30379.56881,29042.6,30379.56881,30078.781,11108.8
17-Mar-26,25117.1,11637.3,30252.75624,28760.9,30252.75624,29953.224,11127.2
18-Mar-26,25598.8,11625.5,31266.84068,29559.3,31266.84068,30957.268,11196.9
19-Mar-26,24509.9,11249.3,30503.46854,28579.6,30503.46854,30201.454,10974.7
20-Mar-26,24715.9,11412.8,30504.09272,29199.6,30504.09272,30202.072,11035
23-Mar-26,23934.8,10863.5,30476.31671,29147.1,30476.31671,30174.571,10737.8
24-Mar-26,24515.2,11059.2,31132.32989,29648.9,31132.32989,30824.089,10878.5
25-Mar-26,25058.6,11342.2,31157.08903,29671.3,31157.08903,30848.603,10956
27-Mar-26,24351.9,11161.7,31239.79288,29541.7,31239.79288,30930.488,10830.4
30-Mar-26,23769.6,11138.4,30625.49573,29062.6,30625.49573,30322.273,10788
1-Apr-26,24238.8,11412,31477.18934,29669.1,31477.18934,31165.534,10929
2-Apr-26,24089.7,11456.6,31790.11158,30441.4,31790.11158,31475.358,10842.3
6-Apr-26,24350.4,11583.5,32063.39839,30636.6,32063.39839,31745.939,10694.3
7-Apr-26,24373.3,11762.7,32710.25693,31403.3,32710.25693,32386.393,10747.3
8-Apr-26,26002.9,12079,33234.25604,31565.8,33234.25604,32905.204,11135.2
9-Apr-26,25901.9,12229.7,32996.2354,31636.2,32996.2354,32669.54,11092.2
10-Apr-26,26640.9,12356.4,32815.95141,31030.6,32815.95141,32491.041,11193.4
13-Apr-26,26084.6,12329.3,32063.50242,30669.8,32063.50242,31746.042,11035.9
15-Apr-26,26483.1,12548,32937.14636,31539.8,32937.14636,32611.036,11274.7
16-Apr-26,26382.8,12740.2,33429.20826,31817.5,33429.20826,33098.226,11255
17-Apr-26,26435,12880,33247.25979,31809.8,33247.25979,32918.079,11410
20-Apr-26,26522.3,12829.7,33198.57375,31585.8,33198.57375,32869.875,11434.4
21-Apr-26,26625.2,12835,33168.71714,31729.1,33168.71714,32840.314,11442.7
22-Apr-26,26450.2,12892.2,32325.13787,30496.2,32325.13787,32005.087,11501
23-Apr-26,25828.1,12786.2,31756.09377,30124.3,31756.09377,31441.677,11414
24-Apr-26,25652.8,12746.7,31076.36175,28530.6,31076.36175,30768.675,11331.7
27-Apr-26,26053.2,12980.8,30417.12364,29159.2,30417.12364,30115.964,11508.3
28-Apr-26,25790.3,13046.5,30449.68503,28959.9,30449.68503,30148.203,11686.8
29-Apr-26,26085.8,13111.3,30675.11804,29245.2,30675.11804,30371.404,11769.2
30-Apr-26,25917.6,12833,30733.68693,29353.9,30733.68693,30429.393,11694.7
4-May-26,26027.7,12972.7,30859.97935,29076.2,30859.97935,30554.435,11733.1
5-May-26,26192.1,12989.6,30592.1021,29107.3,30592.1021,30289.21,11700.2
6-May-26,26823,13129.5,30840.83783,29267.9,30840.83783,30535.483,11720.6
7-May-26,27339.9,13165.4,30603.5454,29043.5,30603.5454,30300.54,11708.6
8-May-26,27259.8,13051,30679.07118,29394.2,30679.07118,30375.318,11598.8
11-May-26,26753.4,12926.4,30727.23707,29329.4,30727.23707,30423.007,11339
12-May-26,26142.6,12881.4,30263.47133,28234.9,30263.47133,29963.833,11293.2
13-May-26,25888.9,13290.8,29477.31662,27916.7,29477.31662,29185.462,11437.5
14-May-26,26049.7,13562.2,28978.5968,27360.3,28978.5968,28691.68,11442.2
15-May-26,26070.7,13300.6,29247.09823,27716.9,29247.09823,28957.523,11250.7
18-May-26,25624.3,13170,29613.28383,28389.8,29613.28383,29320.083,11162.5
19-May-26,25698.8,13163.8,30802.86688,29308,30802.86688,30497.888,11180.7
20-May-26,25914.3,13186.5,30706.74316,29185.2,30706.74316,30402.716,11359
21-May-26,25986.2,13213.5,30510.23049,29021.1,30510.23049,30208.149,11377.5
22-May-26,26017.1,13271.6,30357.93057,28912.5,30357.93057,30057.357,11372.3
25-May-26,26463.1,13345.7,30353.66534,28979.8,30353.66534,30053.134,11524.6
26-May-26,26480.5,13492.5,30379.98493,28978.5,30379.98493,30079.193,11515.6
27-May-26,26864.2,13718.3,30289.79092,28906.7,30289.79092,29989.892,11484.2
29-May-26,26338.4,13441,30946.01216,29080.2,30946.01216,30639.616,11200.2
1-Jun-26,25891.9,13506.5,31456.79946,29854.2,31456.79946,31145.346,11159.1
2-Jun-26,26079.4,13557.7,32551.92327,31116.6,32551.92327,32229.627,11138.9
3-Jun-26,26092.8,13535.2,31798.8501,29384.4,31798.8501,31484.01,11130.8
4-Jun-26,26144.3,13436,30567.03087,29300.6,30567.03087,30264.387,11159.4
5-Jun-26,26165.9,13221.7,30834.28394,29010.3,30834.28394,30528.994,11106.2
8-Jun-26,25681.8,12913.7,30081.10674,28653.6,30081.10674,29783.274,10931.7
9-Jun-26,26025.7,12987.1,30059.78059,28516.2,30059.78059,29762.159,10965.3
10-Jun-26,25833.6,12766.5,29959.91179,28279.9,29959.91179,29663.279,10803
11-Jun-26,25790.3,12733.6,29132.45717,27821.1,29132.45717,28844.017,10779.1
12-Jun-26,26293.8,12854.5,29210.16758,27795.8,29210.16758,28920.958,11012.3
15-Jun-26,26977.5,13083.8,29528.08326,28067.9,29528.08326,29235.726,11180.6
16-Jun-26,26891.6,12881.5,29818.95114,28568.1,29818.95114,29523.714,11294.6
17-Jun-26,26724.4,13011.4,30175.9821,28809.6,30175.9821,29877.21,11304
18-Jun-26,26746.4,13010.4,29818.01487,28466.4,29818.01487,29522.787,11303.7
19-Jun-26,26583.3,13020.8,28637.17034,27426.8,28637.17034,28353.634,11169.8
22-Jun-26,26703.4,13091.2,28979.01292,27628.6,28979.01292,28692.092,11273
23-Jun-26,26496.5,12669.1,28533.86855,27012.1,28533.86855,28251.355,11171.3
24-Jun-26,26384.3,12618.8,28822.44777,27566.7,28822.44777,28537.077,11241.6
25-Jun-26,26977.8,12445.7,29004.6043,27330.8,29004.6043,28717.43,11143.3
29-Jun-26,26417.6,12545,28414.02599,27038.5,28414.02599,28132.699,11012
30-Jun-26,26479.8,12519.2,28121.59766,26299.1,28121.59766,27843.166,11030.2
1-Jul-26,26783.2,12394.8,27573.98374,25769.8,27573.98374,27300.974,11084.2
2-Jul-26,27108.2,12503.9,28120.24527,26965.1,28120.24527,27841.827,11132.5
3-Jul-26,26988.1,12598.5,28878.31188,27439.4,28878.31188,28592.388,11136.2
6-Jul-26,27353.9,12722.5,28610.95478,27276.4,28610.95478,28327.678,11261.1
7-Jul-26,27343.5,12582.8,29290.89486,27939.2,29290.89486,29000.886,11248.9
8-Jul-26,26733.4,12468.7,29198.93234,27555.2,29198.93234,28909.834,10998.5
9-Jul-26,26676.3,12503.3,28760.54992,27471.2,28760.54992,28475.792,11032.8
10-Jul-26,26860.8,12688.9,29585.71588,28010.4,29585.71588,29292.788,11177.5
13-Jul-26,26981.5,12601.5,30452.38981,29015.8,30452.38981,30150.881,11176.5
14-Jul-26,26547.5,12677.7,30465.28953,28724.8,30465.28953,30163.653,11102.4
15-Jul-26,26645.1,12536.9,29882.82556,28532.2,29882.82556,29586.956,11178.8
