Date,NIFTY 50,NIFTY AUTO,NIFTY MEDIA,NIFTY METALS,NIFTY IT,NIFTY RURAL
27_03_2026_09_15,23041.8,24613.8,1286.7,11163.8,29832.1,
27_03_2026_09_20,23075.1,24663,1293.1,11274.5,29957.9,
27_03_2026_09_25,23056.8,24676.1,1299.35,11264.8,29951.8,
27_03_2026_09_30,23018.3,24646.6,1298.9,11237.3,29918.3,
27_03_2026_09_35,23024.2,24620.2,1295.05,11221.1,29896.3,
27_03_2026_09_40,23053.6,24642.8,1293.8,11234,29944.6,
27_03_2026_09_45,23039.2,24566.2,1291.1,11222.7,29905.5,
27_03_2026_09_50,23015.3,24478.5,1288.5,11211.6,29850.1,
27_03_2026_09_55,22992.2,24434.6,1284.8,11204,29751,
27_03_2026_10_00,23024.8,24503.7,1282.65,11230.4,29777.7,
27_03_2026_10_05,23015.6,24509.3,1278.8,11216.7,29759.9,
27_03_2026_10_10,22980.5,24444.8,1276.7,11186.5,29799.9,
27_03_2026_10_15,22973.3,24399.7,1275.35,11178.5,29836.4,
27_03_2026_10_20,23007.9,24472.6,1275.8,11192.2,29840.2,
27_03_2026_10_25,23006.8,24488.2,1274.4,11201.3,29824.9,
27_03_2026_10_30,23009.4,24476,1274.5,11213.2,29836.7,
27_03_2026_10_35,23018.7,24478.5,1272.65,11222.2,29851.2,
27_03_2026_10_40,22989.2,24456.8,1271.05,11226.2,29755,
27_03_2026_10_45,22977.9,24443.5,1270,11202.8,29729.7,
27_03_2026_10_50,22952.1,24404.2,1268.65,11186.8,29705.7,
27_03_2026_10_55,22973.5,24412.8,1270.95,11202.3,29751.8,
27_03_2026_11_00,22979.2,24404.9,1272.65,11225.2,29718.4,
27_03_2026_11_05,22989.3,24418,1272.55,11237.6,29758.4,
27_03_2026_11_10,22990.4,24414.5,1271.1,11232.3,29800.2,
27_03_2026_11_15,22960.2,24409.6,1269.45,11237.6,29749.1,
27_03_2026_11_20,22947.3,24403.7,1266.9,11227.5,29678.2,
27_03_2026_11_25,22934.5,24410.4,1266.1,11218.2,29676.6,
27_03_2026_11_30,22938.9,24386.7,1269.75,11215.2,29698.1,
27_03_2026_11_35,22950.4,24393.2,1270.15,11218.2,29715.2,
27_03_2026_11_40,22950.6,24405.8,1271,11225.1,29701.9,
27_03_2026_11_45,22949.2,24396.2,1271.35,11227,29711.4,
27_03_2026_11_50,22958.3,24411.7,1277.55,11236.2,29745.4,
27_03_2026_11_55,22946.7,24392.6,1275.1,11224.3,29768.4,
27_03_2026_12_00,22936.8,24359.8,1273.55,11207.5,29776.9,
27_03_2026_12_05,22939.3,24348.8,1274.3,11205.4,29770.8,
27_03_2026_12_10,22934.3,24333.8,1276.75,11195.7,29794.2,
27_03_2026_12_15,22909.2,24308.9,1274.05,11177.3,29742.8,
27_03_2026_12_20,22932.3,24349.1,1273.75,11196.5,29786.1,
27_03_2026_12_25,22962.3,24392.8,1279.8,11223.3,29787.2,
27_03_2026_12_30,22958,24414.2,1278.6,11213.5,29790.1,
27_03_2026_12_35,22954.8,24416.6,1276.65,11216.5,29781.2,
27_03_2026_12_40,22964.7,24458.2,1278.9,11229.1,29824.2,
27_03_2026_12_45,22956.8,24443.7,1278.6,11224.8,29811.8,
27_03_2026_12_50,22956.3,24487.8,1278.3,11216.5,29785.3,
27_03_2026_12_55,22945.7,24470.8,1280.35,11218,29751.7,
27_03_2026_13_00,22926.6,24437.7,1278.4,11213,29721.3,
27_03_2026_13_05,22926.4,24430.5,1281.2,11204.5,29730.3,
27_03_2026_13_10,22943.7,24470.9,1283.45,11222,29775.3,
27_03_2026_13_15,22972.8,24512.8,1284.7,11252.8,29783.8,
27_03_2026_13_20,22960.3,24480.8,1289.15,11255.5,29736.5,
27_03_2026_13_25,22936.4,24458.9,1287.1,11247.6,29674.3,
27_03_2026_13_30,22922.6,24436.1,1288.5,11234.5,29680.8,
27_03_2026_13_35,22912.3,24422.5,1288,11217.1,29688.2,
27_03_2026_13_40,22930.3,24459,1289.2,11233.7,29724.9,
27_03_2026_13_45,22922.9,24440.2,1292.15,11223.8,29694.9,
27_03_2026_13_50,22928.6,24461.2,1294.05,11221.8,29702.9,
27_03_2026_13_55,22922.8,24463.9,1295.4,11223.3,29701.6,
27_03_2026_14_00,22919.9,24469.6,1296.2,11229.2,29682.4,
27_03_2026_14_05,22908.6,24463.7,1297.35,11230.2,29635.3,
27_03_2026_14_10,22911.1,24482.1,1302.25,11234.8,29575.2,
27_03_2026_14_15,22895.5,24447,1301.35,11222.2,29591.9,
27_03_2026_14_20,22888.6,24451.2,1300.55,11219.7,29596.8,
27_03_2026_14_25,22885.2,24441.7,1300.55,11219.1,29603,
27_03_2026_14_30,22856.7,24404.2,1298.35,11200,29557.9,
27_03_2026_14_35,22837,24383,1298.3,11191.5,29546.9,
27_03_2026_14_40,22852.6,24419.7,1296.7,11194.9,29559.7,
27_03_2026_14_45,22855.2,24414.4,1296.5,11199.7,29541.3,
27_03_2026_14_50,22856.4,24406.8,1297.05,11203.8,29574.7,
27_03_2026_14_55,22845,24406.3,1295.2,11183.8,29570.2,
27_03_2026_15_00,22831.3,24366.3,1298.7,11169.8,29594.8,
27_03_2026_15_05,22819.8,24341.8,1300,11163.8,29574.2,
27_03_2026_15_10,22814.4,24331.3,1297.75,11161.3,29546.7,
27_03_2026_15_15,22820.3,24372.8,1293.9,11154.7,29535.6,
27_03_2026_15_20,22815.8,24361.3,1286.9,11160.7,29513.8,
27_03_2026_15_25,22839.5,24355.6,1285.1,11159.8,29468.7,
30_03_2026_09_15,22522.4,24003.9,1279.1,11189.6,29346.8,
30_03_2026_09_20,22529.3,23997.2,1286.45,11232.1,29305.6,
30_03_2026_09_25,22580.8,24028.3,1295.4,11278.5,29352.3,
30_03_2026_09_30,22683.6,24175.4,1299.2,11322.7,29377.3,
30_03_2026_09_35,22677.4,24128.6,1302.4,11304.5,29417.7,
30_03_2026_09_40,22659.2,24116.9,1304.2,11324,29366.6,
30_03_2026_09_45,22630.4,24119.4,1301.75,11325,29307.3,
30_03_2026_09_50,22618.5,24134.7,1296.5,11331.5,29317.9,
30_03_2026_09_55,22615.3,24130.2,1294.9,11316.8,29309,
30_03_2026_10_00,22651.2,24169.6,1294.55,11323.2,29311.9,
30_03_2026_10_05,22601.6,24081.7,1292.2,11277,29287.2,
30_03_2026_10_10,22596.8,24108.4,1292.15,11262.5,29269.9,
30_03_2026_10_15,22556.3,24032.6,1286.55,11212.6,29209.9,
30_03_2026_10_20,22544.3,24030.9,1283.8,11187.5,29185.4,
30_03_2026_10_25,22534.8,23997.4,1280.95,11171.8,29190.8,
30_03_2026_10_30,22529.2,23975.7,1277.45,11154.6,29193.6,
30_03_2026_10_35,22538.3,23998.8,1280.35,11174.2,29234.4,
30_03_2026_10_40,22514.6,23959.4,1276.45,11154.5,29162.2,
30_03_2026_10_45,22527.3,23995.3,1276.15,11166.2,29180.4,
30_03_2026_10_50,22493.3,23932,1272.85,11150.8,29161.3,
30_03_2026_10_55,22490.2,23927.8,1271.8,11149.5,29190.1,
30_03_2026_11_00,22504.3,23935.6,1271.6,11161,29187.1,
30_03_2026_11_05,22472.3,23913.9,1270.85,11152.8,29148.5,
30_03_2026_11_10,22478.6,23909.6,1271.85,11155.5,29182.2,
30_03_2026_11_15,22481.3,23921.7,1272.2,11165.5,29228,
30_03_2026_11_20,22482.3,23928.6,1268.55,11168.1,29235.4,
30_03_2026_11_25,22468.2,23902.5,1268,11153,29224.6,
30_03_2026_11_30,22503.8,23929.2,1269.05,11186.5,29237.4,
30_03_2026_11_35,22516.2,23940.4,1270.25,11191.8,29302.5,
30_03_2026_11_40,22486.7,23916.8,1269,11189.2,29221.4,
30_03_2026_11_45,22464.6,23902.5,1272,11190.7,29191.4,
30_03_2026_11_50,22478.6,23915.6,1273,11208.6,29181.1,
30_03_2026_11_55,22484,23903.7,1273.2,11208.3,29216.2,
30_03_2026_12_00,22549.3,23978.4,1278.15,11244.1,29329.4,
30_03_2026_12_05,22558.3,23970.7,1276.25,11253.5,29328.2,
30_03_2026_12_10,22567.1,23974.7,1278.35,11295,29365.3,
30_03_2026_12_15,22555.3,23952.9,1277.7,11294.5,29360.2,
30_03_2026_12_20,22531.3,23909.7,1276.15,11289,29344.9,
30_03_2026_12_25,22519.2,23902.2,1276.75,11280.2,29335.8,
30_03_2026_12_30,22517.4,23899.6,1275.65,11267.6,29344.3,
30_03_2026_12_35,22565.6,23965.8,1279.45,11295.7,29362.9,
30_03_2026_12_40,22557.1,23967.9,1279.75,11302.8,29340.3,
30_03_2026_12_45,22530.6,23921.3,1279.15,11271.3,29293.8,
30_03_2026_12_50,22503.9,23903.6,1280.9,11253.8,29297.1,
30_03_2026_12_55,22505.8,23910.8,1281.7,11251.7,29275.5,
30_03_2026_13_00,22491.3,23900.8,1282.5,11237.2,29234.2,
30_03_2026_13_05,22495.8,23919.8,1281.55,11234.3,29250.3,
30_03_2026_13_10,22499.2,23926.2,1284.4,11233.1,29261.7,
30_03_2026_13_15,22484.9,23931.9,1285.4,11232.7,29211.1,
30_03_2026_13_20,22484.3,23941.9,1285.4,11235.4,29219.5,
30_03_2026_13_25,22476.4,23925,1284.9,11217,29244.7,
30_03_2026_13_30,22485.8,23991.2,1284.35,11227.2,29260.1,
30_03_2026_13_35,22493.7,24000.5,1285.25,11231.7,29254,
30_03_2026_13_40,22462.1,23948.8,1281.15,11212.1,29157.4,
30_03_2026_13_45,22448,23913.2,1279.25,11212.5,29133.8,
30_03_2026_13_50,22422.1,23891.7,1275.25,11189.5,29018.9,
30_03_2026_13_55,22428.8,23903.1,1271.8,11191.8,29033.6,
30_03_2026_14_00,22462.3,23954.8,1276.15,11234.5,29093.8,
30_03_2026_14_05,22449.4,23932.2,1274.05,11213.1,29066.1,
30_03_2026_14_10,22420.5,23900.8,1273.2,11197,29000.1,
30_03_2026_14_15,22411.6,23907.1,1272.35,11177.6,29006.5,
30_03_2026_14_20,22388,23887.6,1269.05,11170.5,28997.4,
30_03_2026_14_25,22378.1,23887.6,1267.5,11164.4,28975.3,
30_03_2026_14_30,22362.5,23829.7,1269.55,11141.3,28981.1,
30_03_2026_14_35,22362.9,23845.7,1265.7,11144.1,29027.7,
30_03_2026_14_40,22366.8,23839,1263.25,11140.2,29053.3,
30_03_2026_14_45,22362,23854.1,1263.5,11140.1,29037.6,
30_03_2026_14_50,22348.5,23801.7,1261.55,11121.8,29039.9,
30_03_2026_14_55,22349.9,23784.7,1263.3,11133.2,29049.3,
30_03_2026_15_00,22291.2,23712.3,1258.9,11125.5,28982.2,
30_03_2026_15_05,22299.4,23728.3,1262.9,11125.9,29032.1,
30_03_2026_15_10,22335.6,23796.2,1264.05,11135,29074.6,
30_03_2026_15_15,22341.8,23777.9,1263.75,11138.2,29080.5,
30_03_2026_15_20,22377.4,23812.9,1260.7,11140.2,29082.2,
30_03_2026_15_25,22379.2,23779.2,1257.8,11148.6,29129.4,
01_04_2026_09_15,22887,24507.2,1300.85,11463.2,29754.8,
01_04_2026_09_20,22899.6,24514.2,1306.5,11495.8,29848.6,
01_04_2026_09_25,22929.8,24624.1,1309.1,11511.4,29913,
01_04_2026_09_30,22854.5,24514,1304.2,11499.5,29874.2,
01_04_2026_09_35,22828.1,24470.7,1300.55,11471.2,29846.3,
01_04_2026_09_40,22854.9,24496.8,1302.25,11488.2,29946.3,
01_04_2026_09_45,22897.6,24561.6,1305.65,11542,30015.5,
01_04_2026_09_50,22915.2,24591.2,1309.65,11545.8,30155.4,
01_04_2026_09_55,22893.2,24539.1,1308.4,11539.1,30120.9,
01_04_2026_10_00,22927.2,24567.8,1313.05,11563,30210.8,
01_04_2026_10_05,22906.8,24555.1,1310.25,11563.2,30206.2,
01_04_2026_10_10,22868.8,24478.3,1310.7,11537.3,30155.3,
01_04_2026_10_15,22871.2,24500.3,1309.6,11549.5,30165.2,
01_04_2026_10_20,22828.3,24444.7,1305.85,11520.8,30147.3,
01_04_2026_10_25,22796.5,24386,1302.5,11509.8,30134.7,
01_04_2026_10_30,22796,24425.9,1303.4,11544.2,30089.9,
01_04_2026_10_35,22813.8,24452.1,1302.9,11564,30144.6,
01_04_2026_10_40,22807.5,24441.1,1301.95,11555,30126.9,
01_04_2026_10_45,22797.2,24441.2,1304.75,11549.5,30081.2,
01_04_2026_10_50,22789.8,24400.6,1302.3,11552.3,30061.4,
01_04_2026_10_55,22770.8,24371.4,1303.9,11540.1,30074.2,
01_04_2026_11_00,22749.1,24311.9,1302.05,11538.2,30049.1,
01_04_2026_11_05,22770.6,24340,1300.35,11549.7,30066.4,
01_04_2026_11_10,22763.8,24314.5,1300.15,11549.2,30072.7,
01_04_2026_11_15,22767.2,24327.3,1302.85,11532.9,30075.9,
01_04_2026_11_20,22781.7,24342.3,1303.1,11540.9,30064.2,
01_04_2026_11_25,22790.1,24317,1305,11524.3,30045.5,
01_04_2026_11_30,22798.5,24366.4,1307.4,11530.2,30016.4,
01_04_2026_11_35,22813.4,24385.7,1309.05,11532.3,30007.2,
01_04_2026_11_40,22799.2,24344.8,1309.7,11522.2,30000.2,
01_04_2026_11_45,22754.1,24300.1,1308.6,11493.9,29985.7,
01_04_2026_11_50,22745.6,24286.8,1306.45,11484.1,30036.2,
01_04_2026_11_55,22775.9,24319.8,1308.8,11497.2,30054.2,
01_04_2026_12_00,22838.8,24381.4,1310.3,11505.5,30114.6,
01_04_2026_12_05,22839.2,24403.7,1311.95,11507,30145.6,
01_04_2026_12_10,22859.3,24434,1312.6,11531.7,30132.1,
01_04_2026_12_15,22837.8,24407.3,1312.6,11534.1,30071.3,
01_04_2026_12_20,22831.4,24393.3,1312.6,11530.7,30012,
01_04_2026_12_25,22832.8,24410.7,1312.8,11526.8,29991.7,
01_04_2026_12_30,22829.5,24421.7,1312.4,11536.2,29964.1,
01_04_2026_12_35,22842.5,24441.4,1312.4,11539.3,29991.3,
01_04_2026_12_40,22834.6,24440.8,1313,11546.9,29975.4,
01_04_2026_12_45,22868.7,24476.9,1313.45,11552.7,30010.8,
01_04_2026_12_50,22873.6,24484,1313.25,11552.2,29940.7,
01_04_2026_12_55,22862.1,24457.1,1313,11557.8,29927.8,
01_04_2026_13_00,22864.6,24441.6,1311.75,11547.4,29916.4,
01_04_2026_13_05,22869.2,24461.4,1312.9,11551,29850.7,
01_04_2026_13_10,22883.3,24515.1,1313.4,11550.2,29907,
01_04_2026_13_15,22843,24468,1314.35,11530.5,29850.4,
01_04_2026_13_20,22810.6,24475.7,1314.1,11500.3,29831.8,
01_04_2026_13_25,22807.9,24483.7,1315.6,11487.5,29811.8,
01_04_2026_13_30,22776.8,24443.3,1314.05,11478.5,29750.9,
01_04_2026_13_35,22764.8,24438.2,1314.05,11463.2,29741.9,
01_04_2026_13_40,22675.2,24337.8,1309.2,11423,29628.3,
01_04_2026_13_45,22703.2,24388.1,1312.45,11440.5,29689.7,
01_04_2026_13_50,22697.9,24397.1,1313.55,11445,29684.2,
01_04_2026_13_55,22703.7,24370.4,1312.95,11444,29699.4,
01_04_2026_14_00,22720.8,24387.5,1313.6,11459.5,29715.2,
01_04_2026_14_05,22737.2,24402.3,1314.85,11463.2,29720.3,
01_04_2026_14_10,22753,24376.2,1316.75,11472.3,29713.3,
01_04_2026_14_15,22742.1,24340.8,1317.05,11463,29678.1,
01_04_2026_14_20,22723.4,24302.2,1317.45,11442.2,29658,
01_04_2026_14_25,22733.4,24303.3,1318.65,11452.6,29645.8,
01_04_2026_14_30,22709.2,24227.7,1317.8,11441,29659.4,
01_04_2026_14_35,22667.8,24186,1316.55,11414.2,29598.7,
01_04_2026_14_40,22662.7,24189.2,1313.4,11405.8,29624.8,
01_04_2026_14_45,22641.2,24160.4,1311.55,11391.3,29585.4,
01_04_2026_14_50,22657.2,24184.6,1309.95,11395.8,29595.6,
01_04_2026_14_55,22647.8,24213.8,1309.5,11396.5,29569.6,
01_04_2026_15_00,22676.8,24221.6,1314.85,11415,29639.8,
01_04_2026_15_05,22682.1,24249,1313.55,11424.7,29675,
01_04_2026_15_10,22671.7,24236.4,1309.3,11410.5,29683.4,
01_04_2026_15_15,22681.1,24253.7,1307.7,11411.5,29673.1,
01_04_2026_15_20,22683.5,24250.7,1306.85,11402.6,29701.8,
01_04_2026_15_25,22703.2,24218.1,1303.1,11416.2,29703.8,
02_04_2026_09_15,22228,23632.2,1275.15,11171.5,29456.2,
02_04_2026_09_20,22252.2,23643.3,1279.85,11186.7,29610.3,
02_04_2026_09_25,22244.4,23696.2,1275.25,11164.8,29585.6,
02_04_2026_09_30,22255.4,23714.8,1276.3,11163.1,29552.5,
02_04_2026_09_35,22251.4,23705.6,1276.75,11166,29499.1,
02_04_2026_09_40,22264.4,23723.4,1279.95,11163.7,29585.7,
02_04_2026_09_45,22235.7,23626.2,1276.5,11121.3,29483.7,
02_04_2026_09_50,22221.2,23578.6,1274.6,11092.5,29496.1,
02_04_2026_09_55,22206.5,23576.9,1275.95,11086.6,29435.7,
02_04_2026_10_00,22216.1,23627.5,1271.55,11074.8,29480.8,
02_04_2026_10_05,22186.3,23578.1,1269.75,11064,29449.7,
02_04_2026_10_10,22234.3,23648.9,1272,11107,29448.7,
02_04_2026_10_15,22206.6,23605.4,1268.85,11076.4,29556.6,
02_04_2026_10_20,22191.3,23588.9,1267.75,11065.6,29512.8,
02_04_2026_10_25,22217.7,23618.8,1270.25,11077.7,29588.2,
02_04_2026_10_30,22214,23639.8,1271.7,11090.3,29609.1,
02_04_2026_10_35,22221.3,23633,1271.55,11102.9,29646.2,
02_04_2026_10_40,22221.4,23642,1273.5,11114.2,29610.2,
02_04_2026_10_45,22206.3,23611.9,1273.65,11102.1,29633.7,
02_04_2026_10_50,22226.6,23636.4,1274.55,11101.3,29632.7,
02_04_2026_10_55,22243.7,23629.1,1273.95,11108.4,29696.2,
02_04_2026_11_00,22234.8,23609,1277.15,11119.8,29643.3,
02_04_2026_11_05,22235.7,23619.8,1278.15,11133.6,29633.8,
02_04_2026_11_10,22227.7,23618.1,1277.8,11129.7,29618.7,
02_04_2026_11_15,22217.7,23601.4,1277.8,11121.3,29625.8,
02_04_2026_11_20,22212,23607.9,1278.95,11108.2,29672.7,
02_04_2026_11_25,22207.6,23568.7,1280.65,11109,29727.2,
02_04_2026_11_30,22219.8,23600.6,1278.7,11139.2,29720.1,
02_04_2026_11_35,22234.4,23606.7,1279.5,11144.5,29754.9,
02_04_2026_11_40,22223.2,23596.9,1278.55,11147.1,29739.1,
02_04_2026_11_45,22242,23643.7,1279.05,11173.3,29751.2,
02_04_2026_11_50,22247.4,23666.8,1278.55,11178.3,29710.2,
02_04_2026_11_55,22277.6,23715.6,1278.85,11188.8,29721.8,
02_04_2026_12_00,22271.2,23676.3,1278.3,11172.2,29705.6,
02_04_2026_12_05,22264.3,23672.9,1277.95,11182.5,29677.2,
02_04_2026_12_10,22267.8,23682.5,1279.7,11188.7,29702.6,
02_04_2026_12_15,22261.4,23679.1,1281.3,11199.5,29657.2,
02_04_2026_12_20,22261.7,23670.9,1279.4,11190.5,29709,
02_04_2026_12_25,22294.5,23703.4,1279.75,11213.6,29764.3,
02_04_2026_12_30,22316.6,23725.6,1281.55,11232.5,29765.9,
02_04_2026_12_35,22349.3,23747,1282.9,11247.8,29782.8,
02_04_2026_12_40,22363.1,23781.7,1283.45,11251.8,29795.6,
02_04_2026_12_45,22350.9,23776.9,1284.2,11268.2,29794.7,
02_04_2026_12_50,22326.2,23751.4,1286.7,11278.9,29773.3,
02_04_2026_12_55,22365.3,23834.8,1289.65,11327.2,29806.2,
02_04_2026_13_00,22373.3,23826.7,1290.05,11327.7,29858.7,
02_04_2026_13_05,22376.8,23816.9,1291.1,11326.9,29881.8,
02_04_2026_13_10,22369.8,23803.4,1290.65,11314.6,29957.6,
02_04_2026_13_15,22388.4,23827.9,1292.25,11336.3,30008.1,
02_04_2026_13_20,22439.7,23903,1294.4,11358.9,30120.9,
02_04_2026_13_25,22488.2,23982.9,1295.75,11381.5,30177.2,
02_04_2026_13_30,22491.8,23971.6,1298.25,11380,30191.2,
02_04_2026_13_35,22517.8,24009.9,1301.1,11388.2,30260.1,
02_04_2026_13_40,22535.7,24023.1,1301.8,11401.8,30305.3,
02_04_2026_13_45,22533.8,24020,1302.45,11403.3,30293.9,
02_04_2026_13_50,22532.1,24034.6,1304.15,11393.7,30258.3,
02_04_2026_13_55,22530.3,24031.8,1303.35,11404.8,30266.9,
02_04_2026_14_00,22560,24069.8,1304.55,11419.8,30287,
02_04_2026_14_05,22567.9,24058.4,1304.5,11403.1,30313.9,
02_04_2026_14_10,22627.2,24142.1,1307.25,11435.1,30403.1,
02_04_2026_14_15,22651.9,24143.1,1305,11427.7,30381.4,
02_04_2026_14_20,22673.8,24150.2,1306.2,11436.5,30441.2,
02_04_2026_14_25,22665.7,24121.2,1306.65,11433.6,30477.3,
02_04_2026_14_30,22690.3,24141.2,1307.65,11442.7,30517.8,
02_04_2026_14_35,22630.8,24091.8,1304.45,11414.9,30478.6,
02_04_2026_14_40,22584.6,23996.6,1298.6,11384.8,30397.1,
02_04_2026_14_45,22615.5,24027.8,1299.5,11405.8,30391.9,
02_04_2026_14_50,22659.1,24061.7,1300.25,11444.7,30443.6,
02_04_2026_14_55,22658.3,24050,1299.95,11440.3,30446.6,
02_04_2026_15_00,22689.8,24071.2,1304.6,11441,30459.1,
02_04_2026_15_05,22746.7,24136.8,1310,11473,30457.6,
02_04_2026_15_10,22760.4,24106.6,1307.7,11470.4,30497.6,
02_04_2026_15_15,22717.7,24059.8,1304.6,11441.2,30444.2,
02_04_2026_15_20,22690.4,24075.1,1302.25,11447.5,30374.9,
02_04_2026_15_25,22700.7,24070.7,1301.1,11444.3,30364.7,
06_04_2026_09_15,22666.1,23993.1,1293,11473.7,30677.7,
06_04_2026_09_20,22653.6,24010.5,1296.1,11503.6,30786.2,
06_04_2026_09_25,22609.1,24048.2,1291,11515,30680.8,
06_04_2026_09_30,22681.1,24210.4,1298.1,11561.7,30623.7,
06_04_2026_09_35,22704.3,24258.7,1303.6,11591.2,30587.3,
06_04_2026_09_40,22620.2,24192,1302.6,11581.4,30561.8,
06_04_2026_09_45,22589.9,24168.8,1299.05,11507.8,30494.5,
06_04_2026_09_50,22573,24136.1,1296.2,11469.6,30521.5,
06_04_2026_09_55,22569.3,24089.3,1294.5,11469.7,30571.2,
06_04_2026_10_00,22589.6,24106.2,1295.45,11479.2,30572.2,
06_04_2026_10_05,22614.9,24166.7,1296.05,11493.7,30634.7,
06_04_2026_10_10,22654.8,24201.2,1297.9,11529.2,30647.2,
06_04_2026_10_15,22638.6,24154.3,1298.25,11511.7,30586.1,
06_04_2026_10_20,22640.6,24126,1298.95,11509.5,30552.3,
06_04_2026_10_25,22634.4,24087,1299.4,11508.9,30586.6,
06_04_2026_10_30,22636.8,24087.7,1299.25,11511.6,30567.8,
06_04_2026_10_35,22661,24120.5,1301.95,11512.4,30578.2,
06_04_2026_10_40,22653.5,24111.1,1302.7,11511.5,30594.1,
06_04_2026_10_45,22657,24118.4,1305.4,11511.6,30629.6,
06_04_2026_10_50,22617.4,24101,1306.15,11482.8,30616.8,
06_04_2026_10_55,22635.8,24118.5,1304.15,11477.2,30659.2,
06_04_2026_11_00,22590.1,24064.9,1298.4,11457.3,30593.3,
06_04_2026_11_05,22588.6,24044.2,1298.65,11471.5,30607.4,
06_04_2026_11_10,22567.8,24017.1,1295.15,11467.8,30549.8,
06_04_2026_11_15,22611.9,24041.7,1295.95,11471.7,30606.7,
06_04_2026_11_20,22613.9,24023.3,1297.35,11469.5,30588.1,
06_04_2026_11_25,22629.3,24055.1,1298.95,11475.5,30585.2,
06_04_2026_11_30,22610.1,24028.2,1298.05,11476.3,30539.1,
06_04_2026_11_35,22618.8,24039.8,1298.2,11481.4,30556.2,
06_04_2026_11_40,22644.4,24081.7,1297,11492.5,30567.9,
06_04_2026_11_45,22645.7,24089.7,1297.3,11484.3,30586.8,
06_04_2026_11_50,22668.2,24142.9,1296.25,11494.2,30574.9,
06_04_2026_11_55,22676.4,24140.2,1297.4,11497.9,30592.1,
06_04_2026_12_00,22667.8,24130.5,1297.55,11496.8,30589.6,
06_04_2026_12_05,22673.6,24128.8,1298.5,11496.3,30607,
06_04_2026_12_10,22659.6,24107.9,1298.15,11508.2,30614.9,
06_04_2026_12_15,22660.2,24106.9,1299.05,11503.7,30605.9,
06_04_2026_12_20,22700.8,24149.5,1298.95,11528.5,30670.6,
06_04_2026_12_25,22713.4,24155.2,1301.25,11538.5,30686.1,
06_04_2026_12_30,22650.1,24101.6,1298.8,11498.8,30591.8,
06_04_2026_12_35,22667.7,24119.8,1298,11501.3,30584.6,
06_04_2026_12_40,22675.7,24145.4,1297.65,11511.1,30567.2,
06_04_2026_12_45,22757,24203.2,1299.65,11528.9,30647.6,
06_04_2026_12_50,22775.2,24208.6,1299.05,11536,30667.6,
06_04_2026_12_55,22802.4,24240,1300.85,11557,30697.2,
06_04_2026_13_00,22767.4,24188.8,1299.05,11526.8,30685.2,
06_04_2026_13_05,22806,24216.5,1300.2,11561,30698.8,
06_04_2026_13_10,22860.7,24256.7,1300.75,11573.2,30724.8,
06_04_2026_13_15,22864.2,24258.8,1301.65,11565.2,30722.3,
06_04_2026_13_20,22878.4,24272.4,1303.05,11565.4,30714.2,
06_04_2026_13_25,22860.2,24247.3,1301.45,11559.2,30674.6,
06_04_2026_13_30,22884.8,24266,1299.75,11568.8,30698.2,
06_04_2026_13_35,22863.4,24241.6,1299.9,11546,30664.1,
06_04_2026_13_40,22850.9,24221.8,1299.2,11530.7,30681.8,
06_04_2026_13_45,22843.8,24226,1299.4,11532,30653.4,
06_04_2026_13_50,22882.7,24268.3,1298.8,11552.1,30691.9,
06_04_2026_13_55,22862.8,24257.4,1298.1,11563.5,30644.9,
06_04_2026_14_00,22890.6,24300.2,1301.9,11566.8,30661.9,
06_04_2026_14_05,22866.1,24245.9,1300.05,11548.7,30622.8,
06_04_2026_14_10,22911.4,24311.7,1301.6,11565.5,30633.3,
06_04_2026_14_15,22914.9,24309.3,1302.2,11577.7,30629.9,
06_04_2026_14_20,22907.2,24292.7,1302.7,11575.2,30645.1,
06_04_2026_14_25,22895.4,24288.1,1301,11570,30623.5,
06_04_2026_14_30,22922.2,24308.5,1302.55,11583.7,30630.9,
06_04_2026_14_35,22918,24300.7,1301.05,11585.7,30607.1,
06_04_2026_14_40,22913.8,24272.8,1301.05,11583.5,30616.6,
06_04_2026_14_45,22922,24286.4,1299.1,11583,30624.3,
06_04_2026_14_50,22911.2,24282.8,1296.4,11585.3,30596.6,
06_04_2026_14_55,22917.2,24289.8,1298.65,11588.8,30619.5,
06_04_2026_15_00,22959.7,24334.8,1299.4,11593.5,30648.5,
06_04_2026_15_05,22975.3,24350.3,1302.6,11588,30641.4,
06_04_2026_15_10,22989.3,24366.8,1302.75,11587.8,30652.2,
06_04_2026_15_15,22970.9,24360.6,1301.3,11583.2,30617.8,
06_04_2026_15_20,22969.8,24352.4,1300.95,11580.3,30624.3,
06_04_2026_15_25,22959.4,24350.6,1302.4,11571.2,30626.7,
07_04_2026_09_15,22773.1,23866.8,1302.3,11693.2,30561.2,
07_04_2026_09_20,22802.2,23929,1309.75,11703.7,30724.7,
07_04_2026_09_25,22889.8,24039.5,1310.7,11692.2,30846.3,
07_04_2026_09_30,22858.3,23993.1,1304.8,11648.2,30881.3,
07_04_2026_09_35,22851.2,23999.9,1301.9,11657.2,30726.1,
07_04_2026_09_40,22801.8,23971.6,1297.1,11621.3,30658.9,
07_04_2026_09_45,22818.2,23990.2,1299.25,11627,30786.8,
07_04_2026_09_50,22841.4,23981.1,1300.95,11648.5,30863.9,
07_04_2026_09_55,22886.2,24027.6,1303.2,11679.5,30989.6,
07_04_2026_10_00,22913.9,24052.7,1304.65,11695.8,31040.2,
07_04_2026_10_05,22897.5,24042.1,1304.7,11690,31018.4,
07_04_2026_10_10,22920,24063.3,1305.45,11704.1,31035.1,
07_04_2026_10_15,22943.2,24127.6,1307.9,11722.1,31066.2,
07_04_2026_10_20,22926.4,24095.2,1307.1,11696,31082.3,
07_04_2026_10_25,22943.7,24140.6,1309.15,11731,31072.6,
07_04_2026_10_30,22913.7,24114.4,1310.55,11733.5,31060.9,
07_04_2026_10_35,22928.8,24133.7,1310.55,11744.2,31067.9,
07_04_2026_10_40,22958.8,24160.4,1312.35,11762,31152.9,
07_04_2026_10_45,22931.8,24130.1,1309.6,11735.5,31171.2,
07_04_2026_10_50,22879.2,24047.2,1310.55,11706.2,31134.1,
07_04_2026_10_55,22843.9,24019.2,1310.95,11679,31107.7,
07_04_2026_11_00,22850.6,24019.6,1310.7,11667.7,31123.9,
07_04_2026_11_05,22864.9,24041.3,1309.1,11673.2,31182.6,
07_04_2026_11_10,22862.5,24021.2,1308.75,11655.8,31204.2,
07_04_2026_11_15,22893.7,24066.8,1312.2,11676.1,31303.2,
07_04_2026_11_20,22927.5,24100.7,1311.85,11681,31301.3,
07_04_2026_11_25,22943.6,24123.3,1312.05,11689.9,31330.9,
07_04_2026_11_30,22943.9,24127.9,1314.9,11694.2,31371.8,
07_04_2026_11_35,22944.2,24127.5,1316.2,11683,31348.2,
07_04_2026_11_40,22921.2,24101.7,1314.25,11670.2,31357.2,
07_04_2026_11_45,22917.1,24114.3,1312.35,11668,31330.4,
07_04_2026_11_50,22942.9,24154,1312.8,11671.3,31354.2,
07_04_2026_11_55,22984.7,24214.8,1314.85,11687.2,31388.6,
07_04_2026_12_00,22944.4,24165.5,1313.6,11648.2,31336.9,
07_04_2026_12_05,22949.1,24160.6,1314.35,11656.1,31353.7,
07_04_2026_12_10,22942.6,24156.4,1314.4,11657.2,31346.7,
07_04_2026_12_15,22929.9,24149.2,1313.9,11652.5,31318.7,
07_04_2026_12_20,22912.8,24131.6,1311.95,11652.3,31277.5,
07_04_2026_12_25,22924.8,24152.5,1311.35,11649.2,31268.2,
07_04_2026_12_30,22934.8,24159.4,1310,11651.5,31284.8,
07_04_2026_12_35,22946.3,24171.8,1311.05,11662.8,31311.7,
07_04_2026_12_40,22946.1,24169,1312.5,11666.2,31277.2,
07_04_2026_12_45,22942.8,24155.8,1311.9,11656.2,31250.9,
07_04_2026_12_50,22939.8,24152.5,1311.25,11660.3,31279.2,
07_04_2026_12_55,22915.9,24129.6,1310.05,11646.6,31242.8,
07_04_2026_13_00,22937.7,24158.6,1309.35,11659.8,31296.1,
07_04_2026_13_05,22912.8,24151.2,1308.65,11650.3,31264.5,
07_04_2026_13_10,22938.8,24170.1,1309.9,11673,31312.8,
07_04_2026_13_15,22967.3,24200,1310,11692.5,31342.2,
07_04_2026_13_20,22954.2,24158.8,1310.55,11674.8,31320.3,
07_04_2026_13_25,22959.9,24174.8,1310.85,11674,31314.2,
07_04_2026_13_30,23012.8,24244.6,1311.85,11696.8,31352.2,
07_04_2026_13_35,23030.2,24264.8,1312.75,11707.2,31352.9,
07_04_2026_13_40,23056.1,24297,1313.25,11717.8,31360.1,
07_04_2026_13_45,23020.8,24262.4,1311.05,11700.3,31340,
07_04_2026_13_50,23026.9,24255.2,1310.35,11706,31343.6,
07_04_2026_13_55,22977.7,24201.2,1310.4,11697.9,31290.1,
07_04_2026_14_00,23013.6,24256.1,1311.9,11721.8,31316.3,
07_04_2026_14_05,23015.6,24246.1,1310.45,11720.8,31308.4,
07_04_2026_14_10,23011.9,24241.4,1310.7,11713,31300.1,
07_04_2026_14_15,22996.6,24249.9,1310.45,11709,31269.2,
07_04_2026_14_20,23004.8,24272.6,1309.55,11700.4,31287.4,
07_04_2026_14_25,23014.1,24308.4,1311.3,11712,31293.1,
07_04_2026_14_30,23034.2,24325.4,1310.25,11714.4,31316.7,
07_04_2026_14_35,23001.3,24268.1,1311.35,11696.3,31282.9,
07_04_2026_14_40,23028.6,24302,1311.35,11723.9,31318.1,
07_04_2026_14_45,23044.6,24318.9,1311.4,11721.4,31325.5,
07_04_2026_14_50,23060.1,24334.5,1311.7,11727.3,31339.8,
07_04_2026_14_55,23096.7,24367.4,1312.65,11741.9,31377.7,
07_04_2026_15_00,23118.6,24381.6,1312.45,11761.9,31384.9,
07_04_2026_15_05,23127,24373.3,1313.6,11755.9,31410.4,
07_04_2026_15_10,23109.2,24363.4,1312.45,11763.3,31419.8,
07_04_2026_15_15,23123.4,24373.5,1309.75,11767.5,31412,
07_04_2026_15_20,23135.3,24379.8,1309.1,11774.4,31403.4,
07_04_2026_15_25,23129.9,24410.2,1307.1,11768.4,31416.2,
08_04_2026_09_15,23899.9,25591.1,1343.85,12074.7,31639.7,
08_04_2026_09_20,23863.3,25531.3,1342.05,12065.7,31512.8,
08_04_2026_09_25,23877.8,25626.2,1335.1,12060.5,31401.7,
08_04_2026_09_30,23879.9,25713.6,1343.4,12045,31352.8,
08_04_2026_09_35,23913.3,25760.9,1343.25,12035.7,31376.3,
08_04_2026_09_40,23920.2,25816.6,1345.8,12014.5,31435.2,
08_04_2026_09_45,23940.9,25915.5,1345.15,12006.8,31450.8,
08_04_2026_09_50,23922.1,25894.7,1343.25,12017,31378.6,
08_04_2026_09_55,23896.9,25881.3,1340.85,11984.8,31437.8,
08_04_2026_10_00,23900.4,25881.4,1341.05,11997.2,31400.9,
08_04_2026_10_05,23902,25969.3,1342.95,12029.1,31389.3,
08_04_2026_10_10,23880.4,25964.8,1342.4,12038.3,31351.6,
08_04_2026_10_15,23905.2,26022.2,1343.2,12036.2,31329.4,
08_04_2026_10_20,23892.8,25993.4,1344.45,12039.7,31307.9,
08_04_2026_10_25,23909.8,25994.8,1347.05,12074.3,31287.4,
08_04_2026_10_30,23922.1,25972.8,1349.6,12092.6,31317.3,
08_04_2026_10_35,23921.7,25994.7,1353,12080.5,31394.3,
08_04_2026_10_40,23950.9,26013.2,1353.7,12099.2,31460.2,
08_04_2026_10_45,23940.1,25983.1,1354.3,12059,31439.8,
08_04_2026_10_50,23970.2,26006.7,1356.35,12075,31449.9,
08_04_2026_10_55,23982.2,26042.8,1356,12074.2,31465.2,
08_04_2026_11_00,23992.3,26052.7,1354.35,12084.2,31449.9,
08_04_2026_11_05,23990.5,26063.8,1354.95,12070.2,31445.9,
08_04_2026_11_10,23991.6,26052.5,1354.7,12093.9,31422.3,
08_04_2026_11_15,24001.1,26079.6,1355.85,12097.3,31448.6,
08_04_2026_11_20,24001.8,26072.3,1355.35,12083.7,31466.2,
08_04_2026_11_25,23982.8,26048.4,1353.65,12079.5,31446.6,
08_04_2026_11_30,23968.4,26050.1,1354.15,12062.5,31423.8,
08_04_2026_11_35,23964.1,26047.7,1353.7,12045.4,31471.4,
08_04_2026_11_40,23980.6,26048.2,1353.75,12057.5,31484.6,
08_04_2026_11_45,23985.8,26047.3,1354.2,12059,31500.9,
08_04_2026_11_50,23949.3,26030.2,1349.75,12067.2,31434.7,
08_04_2026_11_55,23931.2,26034.1,1350.9,12067.7,31436.1,
08_04_2026_12_00,23951.2,26060.6,1352.95,12062.7,31481.4,
08_04_2026_12_05,23969.6,26058.2,1352,12065.8,31499.2,
08_04_2026_12_10,23963.2,26039,1357.35,12069.3,31493.9,
08_04_2026_12_15,23963.4,26027.3,1356.95,12067.7,31541.1,
08_04_2026_12_20,23971.1,26039.9,1358.65,12078.2,31521.8,
08_04_2026_12_25,23950.1,26027.8,1357.05,12068.5,31526.9,
08_04_2026_12_30,23916.6,25956.4,1356.95,12054,31471.3,
08_04_2026_12_35,23923.4,25960.7,1356.95,12058.1,31473.6,
08_04_2026_12_40,23946.3,25994.4,1353.9,12070.5,31498.4,
08_04_2026_12_45,23952.6,26019.9,1353.75,12082.5,31482.1,
08_04_2026_12_50,23953.4,26036.9,1353.85,12091.7,31473.6,
08_04_2026_12_55,23978.8,26063.9,1353.55,12105.4,31483.6,
08_04_2026_13_00,23967.8,26037.8,1357.25,12091.7,31491.8,
08_04_2026_13_05,23962.3,26022.1,1359.05,12092.1,31481.7,
08_04_2026_13_10,23974.3,26011.6,1359.85,12090.2,31508.5,
08_04_2026_13_15,23973.9,26025.6,1359.85,12090.7,31507.1,
08_04_2026_13_20,23983.2,26048.2,1359,12080.2,31506.2,
08_04_2026_13_25,23999.2,26035.3,1358.25,12088.4,31498.8,
08_04_2026_13_30,23994.2,26034.8,1356.75,12092.2,31485.3,
08_04_2026_13_35,24015.5,26038.8,1355.35,12094.7,31563.7,
08_04_2026_13_40,23975.4,26030.3,1354.7,12086.1,31486.1,
08_04_2026_13_45,23977.3,26028.2,1354.35,12074.5,31531.3,
08_04_2026_13_50,23964.1,26030.5,1352.15,12077.5,31498.8,
08_04_2026_13_55,23985.5,26035.8,1352.55,12083.3,31524.8,
08_04_2026_14_00,23967.3,26026.3,1351.25,12088,31505.6,
08_04_2026_14_05,23964.3,26024.8,1350.95,12085.3,31476.5,
08_04_2026_14_10,23948.2,26028.2,1349.3,12074,31463.4,
08_04_2026_14_15,23965.3,26042.5,1347.7,12083.6,31490.1,
08_04_2026_14_20,23977.3,26042.9,1351.9,12097.2,31496.9,
08_04_2026_14_25,23979.6,26050.3,1352.5,12086.5,31514.4,
08_04_2026_14_30,23977.6,26053.6,1350.45,12083.2,31517.7,
08_04_2026_14_35,23979.2,26026.9,1349.55,12078.8,31509.4,
08_04_2026_14_40,23999,26042.9,1350.2,12098.1,31525.1,
08_04_2026_14_45,23982.8,26009.4,1349.3,12082.6,31513.4,
08_04_2026_14_50,23987.7,25998.2,1348.85,12090.6,31520.2,
08_04_2026_14_55,24002.7,26017,1348.3,12105.2,31561.5,
08_04_2026_15_00,23992.2,26011,1350.2,12076.4,31565,
08_04_2026_15_05,23999,25999.6,1349.45,12081.6,31563.2,
08_04_2026_15_10,23994.2,25995.1,1350.2,12070.8,31581.7,
08_04_2026_15_15,23993,25990.8,1348.55,12078.8,31554.7,
08_04_2026_15_20,24004.2,26006.7,1347.95,12078,31577.2,
08_04_2026_15_25,24012.3,26018.2,1350.2,12085.2,31569.4,
09_04_2026_09_15,23935.7,26072.6,1363.9,12212.3,31274.1,
09_04_2026_09_20,23969.4,26101.5,1365.65,12234.3,31394.6,
09_04_2026_09_25,23984.2,26113.3,1362.85,12280,31451.6,
09_04_2026_09_30,23890.9,25987.1,1355.6,12222.6,31325.1,
09_04_2026_09_35,23891.1,25950.6,1353.25,12246.8,31278.2,
09_04_2026_09_40,23861.2,25875,1346.95,12223.2,31162.4,
09_04_2026_09_45,23817.3,25800.3,1344.3,12194.5,31197.6,
09_04_2026_09_50,23805.1,25733.1,1343.75,12178.7,31245.3,
09_04_2026_09_55,23786.3,25683.2,1339.35,12183.2,31154.1,
09_04_2026_10_00,23817.4,25738.8,1342.65,12226.3,31168.9,
09_04_2026_10_05,23824.1,25759.4,1343.25,12254.4,31159.7,
09_04_2026_10_10,23839,25772.1,1343.65,12240.7,31200.8,
09_04_2026_10_15,23870.7,25832.9,1346.85,12252.5,31241.8,
09_04_2026_10_20,23864.8,25822.1,1347.1,12249.2,31225.4,
09_04_2026_10_25,23848.2,25826.5,1348.25,12224.7,31217.9,
09_04_2026_10_30,23858.4,25835.1,1351.4,12234.2,31231.2,
09_04_2026_10_35,23837.6,25819.2,1353.5,12224.3,31241.5,
09_04_2026_10_40,23807.9,25804.6,1354.75,12216.4,31233.6,
09_04_2026_10_45,23824.3,25865.2,1355.4,12222.2,31258.7,
09_04_2026_10_50,23825.4,25843.4,1355.95,12215.5,31236.8,
09_04_2026_10_55,23828.8,25853.1,1356.7,12206.2,31275,
09_04_2026_11_00,23849.3,25879.2,1353.35,12203.2,31291.9,
09_04_2026_11_05,23860.7,25920,1353.8,12214.5,31311.8,
09_04_2026_11_10,23855.8,25938.2,1356.15,12206.7,31314.6,
09_04_2026_11_15,23829.9,25917.6,1353.9,12201.5,31242.1,
09_04_2026_11_20,23839.5,25901.6,1356.15,12204.3,31269.8,
09_04_2026_11_25,23855.2,25930.1,1356.25,12196.3,31350.4,
09_04_2026_11_30,23855.3,25929.7,1358.75,12197.5,31407.9,
09_04_2026_11_35,23856.2,25962.7,1359.55,12206,31423,
09_04_2026_11_40,23864.8,26013.2,1361.5,12217.3,31423.4,
09_04_2026_11_45,23887.2,26038,1363.1,12217.7,31530.7,
09_04_2026_11_50,23883.7,26073.2,1361.85,12214.7,31498.2,
09_04_2026_11_55,23886.3,26095,1359.85,12214.2,31510.9,
09_04_2026_12_00,23876.6,26119.3,1358.95,12219.2,31485.1,
09_04_2026_12_05,23901,26109.9,1358.1,12231.2,31533.9,
09_04_2026_12_10,23881.2,26083.4,1356.6,12219.8,31492.2,
09_04_2026_12_15,23875.3,26069.6,1357.2,12224.8,31487.7,
09_04_2026_12_20,23869.5,26068,1356.45,12222.3,31486.2,
09_04_2026_12_25,23872.6,26064.4,1356.8,12238.8,31520.2,
09_04_2026_12_30,23864.6,26072.6,1358.15,12235.8,31531.6,
09_04_2026_12_35,23855.3,26062.8,1355.5,12232,31545.9,
09_04_2026_12_40,23852.3,26041.4,1355.8,12219.7,31553.1,
09_04_2026_12_45,23807.2,25971.3,1352.9,12203.3,31514.7,
09_04_2026_12_50,23831.3,25994.7,1352.15,12233,31591.5,
09_04_2026_12_55,23830.7,25989.1,1351.65,12231.5,31627.1,
09_04_2026_13_00,23830.9,26005.6,1351.85,12229.9,31632.3,
09_04_2026_13_05,23829.6,26011.8,1353.2,12235.4,31622.8,
09_04_2026_13_10,23815.4,25995,1351,12226.7,31653.2,
09_04_2026_13_15,23803.2,25972.8,1348.9,12209.9,31620.2,
09_04_2026_13_20,23787.2,25946.4,1344.6,12206.3,31546.7,
09_04_2026_13_25,23769.3,25913.2,1342.75,12200.5,31542.3,
09_04_2026_13_30,23788.7,25916.3,1343.95,12203.2,31575.8,
09_04_2026_13_35,23773.2,25889.2,1344.35,12205.8,31575.7,
09_04_2026_13_40,23760.2,25882.9,1342.85,12196.2,31555.1,
09_04_2026_13_45,23762.5,25848.8,1339.05,12187.7,31554.6,
09_04_2026_13_50,23770.5,25862.3,1341.85,12201.7,31567.2,
09_04_2026_13_55,23767.8,25859.1,1342,12203.8,31558.4,
09_04_2026_14_00,23781.8,25877.7,1342.65,12215.9,31551.3,
09_04_2026_14_05,23785.6,25869.1,1343.1,12219.2,31540.9,
09_04_2026_14_10,23753.2,25825.7,1342.6,12203.3,31544.1,
09_04_2026_14_15,23746.6,25829.6,1341.55,12195.2,31543.4,
09_04_2026_14_20,23731.7,25796.3,1338.85,12186,31512.4,
09_04_2026_14_25,23720.3,25798.3,1337.95,12180.6,31499.4,
09_04_2026_14_30,23697.2,25764.8,1335.8,12188.9,31495.8,
09_04_2026_14_35,23705.8,25778,1335.55,12202.9,31522.3,
09_04_2026_14_40,23729.8,25826.7,1338.45,12211.7,31566.9,
09_04_2026_14_45,23737.9,25831.6,1338,12210.7,31583.7,
09_04_2026_14_50,23748.4,25858,1338.5,12215.2,31600.9,
09_04_2026_14_55,23741.1,25835.8,1337.7,12214.5,31590.3,
09_04_2026_15_00,23741.6,25886.2,1338.35,12217,31616.7,
09_04_2026_15_05,23787.8,25931.1,1342.25,12238,31684.9,
09_04_2026_15_10,23793.3,25915.1,1341.5,12234.5,31659.2,
09_04_2026_15_15,23771.2,25897.2,1340.4,12229.5,31597.2,
09_04_2026_15_20,23781.4,25896.4,1337.7,12233,31649.6,
09_04_2026_15_25,23766.1,25846.2,1338.25,12216.3,31636.2,
10_04_2026_09_15,23966.2,26301.4,1362.05,12368,31172,
10_04_2026_09_20,23918.8,26251.9,1360.15,12289.8,31107.6,
10_04_2026_09_25,23937.3,26260.1,1363.5,12263,31142.9,
10_04_2026_09_30,23943.2,26278,1362.6,12287,31083.6,
10_04_2026_09_35,23937.2,26293.2,1362.35,12293.2,30947.8,
10_04_2026_09_40,23948.6,26366.7,1363.85,12265.8,30812.2,
10_04_2026_09_45,23973.2,26384.8,1368.35,12270.8,30836.4,
10_04_2026_09_50,23986.7,26343.9,1367.65,12282.2,30897.3,
10_04_2026_09_55,23988.4,26350.2,1365.35,12287.3,30955.7,
10_04_2026_10_00,23971.7,26349.3,1364.85,12279.2,30864.7,
10_04_2026_10_05,23960.7,26312.2,1361.5,12262.6,30827.4,
10_04_2026_10_10,23994.9,26321.8,1363.95,12287.8,30851.9,
10_04_2026_10_15,24014.2,26344.9,1365.1,12288,30828.4,
10_04_2026_10_20,24022.6,26370.5,1366.45,12287,30887.6,
10_04_2026_10_25,24010,26398.9,1364.85,12278.2,30870.3,
10_04_2026_10_30,24019.7,26449.8,1365.3,12294.6,30852.8,
10_04_2026_10_35,24007.4,26419.2,1368.1,12290.7,30844.9,
10_04_2026_10_40,24003.8,26434.7,1372.95,12296.6,30819.9,
10_04_2026_10_45,23994.7,26399.3,1369.55,12292,30792.9,
10_04_2026_10_50,23985.3,26394.6,1370.05,12282.2,30798.8,
10_04_2026_10_55,23999.7,26405.8,1370.9,12287.8,30766.2,
10_04_2026_11_00,24001.4,26397.7,1369.2,12290.6,30753.1,
10_04_2026_11_05,24010.1,26422.1,1369.05,12298.7,30737.9,
10_04_2026_11_10,24012.1,26437.7,1368.1,12284.7,30759.4,
10_04_2026_11_15,23992.8,26415.4,1366.3,12279.2,30716.8,
10_04_2026_11_20,23992.6,26425.2,1367.4,12268.1,30705.2,
10_04_2026_11_25,23972.2,26425.2,1368.45,12270.3,30714.5,
10_04_2026_11_30,24004.3,26464.3,1368.6,12278.5,30735.4,
10_04_2026_11_35,23984.3,26459.3,1368.65,12254.8,30684.7,
10_04_2026_11_40,23980.9,26459.7,1368.1,12259.3,30702.7,
10_04_2026_11_45,23964.7,26397.9,1365.1,12248.1,30709.2,
10_04_2026_11_50,23982.4,26425.1,1365.6,12252.7,30695.4,
10_04_2026_11_55,23994.7,26458.3,1364.55,12253.7,30699.1,
10_04_2026_12_00,24007.6,26507.3,1364.7,12261.7,30710.3,
10_04_2026_12_05,24015.1,26502.6,1364.4,12261.7,30720.8,
10_04_2026_12_10,24009.1,26499.8,1364.45,12248.3,30774.2,
10_04_2026_12_15,24003.3,26497,1362.65,12234,30772.2,
10_04_2026_12_20,24019.2,26541.3,1363.9,12243,30764.1,
10_04_2026_12_25,24009.3,26544.5,1362.7,12238.2,30745.2,
10_04_2026_12_30,23996,26544.6,1363.35,12240.3,30751.8,
10_04_2026_12_35,24014.3,26551.7,1363.65,12242.7,30827.9,
10_04_2026_12_40,24004.3,26537.8,1364.25,12237.8,30850,
10_04_2026_12_45,24011.3,26561.8,1364.7,12238.7,30921.4,
10_04_2026_12_50,24000.6,26571.2,1363.5,12239,30908,
10_04_2026_12_55,24004.9,26581.8,1365,12249.8,30939.1,
10_04_2026_13_00,24013.3,26586.5,1365.85,12257.2,30929.6,
10_04_2026_13_05,24019.6,26584.8,1366,12268.8,30951.8,
10_04_2026_13_10,24003.2,26563.7,1367.1,12259.8,30942.7,
10_04_2026_13_15,23999.5,26577.8,1366.45,12260.3,30963.9,
10_04_2026_13_20,23999.2,26592,1366.15,12263.1,30984.8,
10_04_2026_13_25,24007.5,26605.2,1366.15,12269.7,30987.4,
10_04_2026_13_30,24004.1,26595.8,1365.8,12267,31030.7,
10_04_2026_13_35,24011.5,26619,1366.45,12275,30994.4,
10_04_2026_13_40,24020.7,26628.6,1366.5,12278.9,31030.2,
10_04_2026_13_45,24012.1,26606.9,1366.7,12272.6,31009.8,
10_04_2026_13_50,24018.6,26621,1366.25,12279.8,31001.9,
10_04_2026_13_55,24041.2,26627.7,1367.65,12291,30996.4,
10_04_2026_14_00,24029.2,26627.7,1367.5,12298.6,30923.2,
10_04_2026_14_05,24031.8,26631.5,1369.05,12295.1,30933.3,
10_04_2026_14_10,24020.4,26595.9,1368.2,12299.3,30943.5,
10_04_2026_14_15,23995.1,26562.2,1363.35,12290.2,30941.3,
10_04_2026_14_20,23956.6,26517.6,1361.65,12267,30900.8,
10_04_2026_14_25,23965.3,26517.2,1360.05,12269,30902.8,
10_04_2026_14_30,23962.8,26538.6,1361.25,12281.9,30892.4,
10_04_2026_14_35,23970.4,26535.2,1359.85,12271.3,30912.7,
10_04_2026_14_40,23982.9,26510.9,1360.05,12273.5,30975.1,
10_04_2026_14_45,24000.5,26553.5,1360.5,12298.3,30984.3,
10_04_2026_14_50,23995,26555.2,1360.1,12303.3,30989.9,
10_04_2026_14_55,23994.2,26541.8,1360,12309.2,30974.2,
10_04_2026_15_00,24035,26610.8,1364.65,12334.3,31020.7,
10_04_2026_15_05,24060.4,26659.4,1364.5,12364.1,31038.1,
10_04_2026_15_10,24058.1,26653.8,1365.1,12373.3,31038.9,
10_04_2026_15_15,24053.7,26653.2,1365.1,12364.5,31039.3,
10_04_2026_15_20,24054.6,26659.4,1365.65,12366.8,31021.4,
10_04_2026_15_25,24050.5,26636.5,1367,12351.5,31009.6,
13_04_2026_09_15,23578.6,26014.2,1336.15,12160.2,30579.7,
13_04_2026_09_20,23591.5,26129.2,1343.05,12191.5,30566.8,
13_04_2026_09_25,23604.7,26129.1,1343.95,12162.8,30527.2,
13_04_2026_09_30,23615.6,26140.6,1347.1,12150.8,30490.7,
13_04_2026_09_35,23592.8,25965.8,1341.7,12136.3,30457.3,
13_04_2026_09_40,23633.5,26044.6,1346.75,12164.2,30507.9,
13_04_2026_09_45,23631.3,26059.3,1347.7,12158.4,30508,
13_04_2026_09_50,23642.8,26098.5,1351.2,12162.5,30544.1,
13_04_2026_09_55,23669.1,26111.2,1353.85,12181,30579.8,
13_04_2026_10_00,23671.3,26057.6,1354.6,12160.1,30595.7,
13_04_2026_10_05,23675.4,26048.2,1354.6,12162.7,30628.1,
13_04_2026_10_10,23660.1,26034.9,1352.2,12153.8,30578.8,
13_04_2026_10_15,23673.3,26018.7,1349.05,12182.9,30593.6,
13_04_2026_10_20,23707.8,26058.2,1354.65,12206.4,30622.3,
13_04_2026_10_25,23721.5,26071.4,1355.35,12215,30627.4,
13_04_2026_10_30,23715.8,26090.9,1354.9,12211.3,30598.6,
13_04_2026_10_35,23729.7,26092.4,1357.65,12234.4,30624.4,
13_04_2026_10_40,23723.6,26093.3,1358.25,12219,30644.8,
13_04_2026_10_45,23732.1,26137.8,1362.65,12253.3,30664.1,
13_04_2026_10_50,23745.7,26188.7,1368.4,12272.5,30660.8,
13_04_2026_10_55,23740,26169.7,1370.15,12287.2,30685.3,
13_04_2026_11_00,23736.9,26099.6,1370,12302.1,30686.8,
13_04_2026_11_05,23749.7,26114,1372.05,12302.2,30697.2,
13_04_2026_11_10,23743.7,26090.9,1372.2,12302.1,30671.6,
13_04_2026_11_15,23746.3,26137.3,1372.25,12314.9,30655.8,
13_04_2026_11_20,23743.4,26140.4,1369.25,12316.8,30682.1,
13_04_2026_11_25,23740.5,26124.4,1369.15,12329,30690.1,
13_04_2026_11_30,23738.1,26131.4,1369.65,12339.6,30649.2,
13_04_2026_11_35,23761.1,26158.2,1369.95,12336.8,30660.2,
13_04_2026_11_40,23756.2,26168.8,1370,12345.3,30638.3,
13_04_2026_11_45,23776.9,26178.8,1372.85,12353.5,30657.2,
13_04_2026_11_50,23798.3,26210.4,1372.9,12368.8,30671.7,
13_04_2026_11_55,23785.7,26202.2,1371.45,12351.8,30623.3,
13_04_2026_12_00,23788.2,26204.2,1370.05,12343.9,30628.7,
13_04_2026_12_05,23798.7,26220.4,1370.5,12349.2,30624,
13_04_2026_12_10,23814.6,26221.3,1368.7,12353.6,30637.1,
13_04_2026_12_15,23821,26192.2,1369.1,12360.2,30643.1,
13_04_2026_12_20,23804.7,26185,1368.6,12355.2,30640.9,
13_04_2026_12_25,23835.9,26223.3,1368.8,12365.4,30651.8,
13_04_2026_12_30,23825.6,26206.8,1368.6,12356.7,30631.3,
13_04_2026_12_35,23833.5,26219.4,1369.2,12359.2,30634.4,
13_04_2026_12_40,23841.3,26218.2,1367.6,12359,30645.4,
13_04_2026_12_45,23839.8,26212.4,1366.55,12351.8,30640.4,
13_04_2026_12_50,23822.2,26173.4,1366.25,12342.8,30633.7,
13_04_2026_12_55,23806.4,26153.1,1363.1,12345.3,30627.5,
13_04_2026_13_00,23784.8,26110.8,1361.05,12326.7,30604.3,
13_04_2026_13_05,23811.5,26143.9,1363,12333.9,30647.8,
13_04_2026_13_10,23820.7,26159.2,1362.95,12335.2,30639.4,
13_04_2026_13_15,23835.3,26138.1,1364.45,12338.9,30638.8,
13_04_2026_13_20,23825.7,26110.8,1364,12334.2,30645.1,
13_04_2026_13_25,23823.4,26096.4,1363.1,12330.5,30645.6,
13_04_2026_13_30,23846,26087.1,1366.25,12328.2,30651.1,
13_04_2026_13_35,23845.4,26057.4,1365.2,12333.6,30649.3,
13_04_2026_13_40,23835.4,26050.3,1365.25,12333.9,30639.8,
13_04_2026_13_45,23839.8,26072.3,1364.4,12320.9,30643.8,
13_04_2026_13_50,23881.8,26110.6,1366.25,12338.4,30693.3,
13_04_2026_13_55,23893.7,26128.9,1367.35,12341.5,30716.5,
13_04_2026_14_00,23887.6,26115.4,1369.25,12339.2,30709.9,
13_04_2026_14_05,23855.3,26099.2,1366.85,12312.6,30647.1,
13_04_2026_14_10,23854.5,26096,1366.05,12314.9,30629.6,
13_04_2026_14_15,23855.9,26103.7,1366.45,12317,30635.9,
13_04_2026_14_20,23861.2,26124.2,1367.35,12327.4,30634.4,
13_04_2026_14_25,23866.1,26143.3,1367.8,12337.8,30633.9,
13_04_2026_14_30,23881.1,26168,1366.75,12357.5,30663.5,
13_04_2026_14_35,23871.4,26153.1,1365.4,12349.6,30660.4,
13_04_2026_14_40,23866.3,26127.4,1365.35,12337.8,30652,
13_04_2026_14_45,23883.9,26154.3,1365.3,12345.5,30701.1,
13_04_2026_14_50,23881.8,26144.6,1364.7,12341.8,30681.5,
13_04_2026_14_55,23883.7,26141.8,1364.85,12342.7,30694.9,
13_04_2026_15_00,23838.8,26087.1,1361.05,12339.2,30647.3,
13_04_2026_15_05,23842.3,26080.8,1360.9,12315,30669.2,
13_04_2026_15_10,23845.4,26093.6,1359.65,12325.5,30672.6,
13_04_2026_15_15,23825.6,26067.1,1360.55,12329.8,30667.6,
13_04_2026_15_20,23821.8,26071.4,1359.65,12322.2,30672.3,
13_04_2026_15_25,23818.9,26054.6,1361.2,12319.4,30661.2,
15_04_2026_09_15,24230.8,26498.5,1387.6,12628.8,31482.2,
15_04_2026_09_20,24208.8,26432.3,1387.65,12638.8,31606.1,
15_04_2026_09_25,24192.4,26400,1383.9,12573.7,31543.9,
15_04_2026_09_30,24168.9,26309.6,1385.6,12602,31377.1,
15_04_2026_09_35,24151.3,26333.1,1385.9,12590,31364.5,
15_04_2026_09_40,24207.3,26441.1,1390.45,12597.5,31448.8,
15_04_2026_09_45,24193.1,26389.4,1391.45,12537.5,31455,
15_04_2026_09_50,24212.7,26442.8,1393,12543,31439.8,
15_04_2026_09_55,24216,26458.4,1393.7,12537.2,31413.2,
15_04_2026_10_00,24231.7,26468.9,1390.85,12557.7,31437,
15_04_2026_10_05,24235.7,26460.8,1395.75,12567.5,31436.2,
15_04_2026_10_10,24241.7,26474.2,1395.75,12585,31453.4,
15_04_2026_10_15,24260.4,26539.3,1396.75,12564.5,31474.1,
15_04_2026_10_20,24264.9,26571.9,1396.35,12595.2,31425.2,
15_04_2026_10_25,24260.1,26611,1394.5,12589.3,31372.6,
15_04_2026_10_30,24259.4,26627.4,1394.1,12604.1,31386.9,
15_04_2026_10_35,24243.6,26638.9,1391.85,12612.7,31344,
15_04_2026_10_40,24243.1,26688.2,1392.15,12605.5,31337.6,
15_04_2026_10_45,24248,26707.7,1393.3,12603.8,31318.7,
15_04_2026_10_50,24223.4,26637.4,1391.5,12568.9,31285.6,
15_04_2026_10_55,24216.1,26683.2,1392.45,12561.3,31318.8,
15_04_2026_11_00,24209.6,26629.3,1393.15,12555.8,31322.2,
15_04_2026_11_05,24187.5,26606,1392.1,12545.2,31320.4,
15_04_2026_11_10,24184.2,26602.3,1389.65,12535.2,31346.8,
15_04_2026_11_15,24186.2,26573,1389.55,12516.2,31350.9,
15_04_2026_11_20,24201.7,26605.5,1389.15,12536.2,31364.4,
15_04_2026_11_25,24188.1,26587.6,1389.15,12527.7,31365.7,
15_04_2026_11_30,24189,26580.8,1390.4,12535.2,31329.1,
15_04_2026_11_35,24199.6,26574.4,1390.7,12529.2,31382.7,
15_04_2026_11_40,24210.3,26577.1,1391.95,12532.7,31415.3,
15_04_2026_11_45,24221,26567,1393.35,12545.2,31424.2,
15_04_2026_11_50,24222.6,26576.5,1393.7,12543,31411,
15_04_2026_11_55,24217.1,26545.5,1392.45,12536,31417.2,
15_04_2026_12_00,24229.1,26555.8,1393.4,12547.8,31408.2,
15_04_2026_12_05,24224.1,26519,1394.45,12543.5,31426.7,
15_04_2026_12_10,24226.8,26541.2,1394.8,12536.7,31427.1,
15_04_2026_12_15,24217.3,26535,1394.15,12527.7,31416.7,
15_04_2026_12_20,24221.6,26518.4,1393.9,12527.7,31433.2,
15_04_2026_12_25,24219.8,26524.9,1394.45,12524.8,31430.5,
15_04_2026_12_30,24217.6,26503.8,1393.55,12520,31444.8,
15_04_2026_12_35,24232.7,26512.1,1393.9,12525.8,31492.8,
15_04_2026_12_40,24228.1,26515.4,1394.45,12534.2,31495.9,
15_04_2026_12_45,24216.6,26507.9,1393,12529.4,31483.8,
15_04_2026_12_50,24214.3,26495.8,1392.6,12523.3,31472.8,
15_04_2026_12_55,24207.8,26510.4,1393.3,12526.2,31403.6,
15_04_2026_13_00,24210.8,26485.3,1393.2,12524.5,31411.3,
15_04_2026_13_05,24212.9,26497.3,1393.3,12524.3,31432.2,
15_04_2026_13_10,24220.6,26490.2,1394.15,12541,31419.8,
15_04_2026_13_15,24233.8,26493,1395.4,12536.6,31448.8,
15_04_2026_13_20,24197.8,26442.9,1390.9,12522.4,31415.9,
15_04_2026_13_25,24196.9,26462.4,1392.1,12525.5,31406.3,
15_04_2026_13_30,24213.3,26489.3,1392.45,12528.5,31423.9,
15_04_2026_13_35,24195.2,26494.4,1392.7,12517.6,31411.9,
15_04_2026_13_40,24215.8,26506.2,1393.8,12531,31467.3,
15_04_2026_13_45,24207.7,26497.6,1393.9,12530.5,31452.3,
15_04_2026_13_50,24201.1,26500.9,1393.1,12535.5,31441.2,
15_04_2026_13_55,24221.2,26534.1,1393.65,12547.8,31471.9,
15_04_2026_14_00,24225.2,26525.7,1390.2,12538.3,31474.8,
15_04_2026_14_05,24225.7,26498.8,1389.7,12546,31491.6,
15_04_2026_14_10,24226.6,26491.7,1391.1,12544.3,31496.7,
15_04_2026_14_15,24226.7,26493.5,1391.45,12537.5,31480.5,
15_04_2026_14_20,24215.1,26491.3,1391.1,12537.4,31491.6,
15_04_2026_14_25,24233.3,26500,1390.5,12548.5,31521.4,
15_04_2026_14_30,24234.7,26505.3,1391.35,12552.7,31528.2,
15_04_2026_14_35,24224.4,26499.1,1388.6,12539.7,31503.3,
15_04_2026_14_40,24233.2,26495.7,1389.1,12557.7,31526.8,
15_04_2026_14_45,24244.3,26518.9,1390,12559.1,31533.2,
15_04_2026_14_50,24250.4,26507.9,1390,12558.3,31534.6,
15_04_2026_14_55,24261.2,26510.3,1388.4,12563.5,31544.8,
15_04_2026_15_00,24245.4,26499.7,1388.75,12565.2,31552.8,
15_04_2026_15_05,24239,26480.9,1391.2,12558.4,31549.1,
15_04_2026_15_10,24227.8,26489.2,1389.65,12554.2,31538.9,
15_04_2026_15_15,24223,26470.2,1390.45,12546.6,31535.8,
15_04_2026_15_20,24225.6,26473.6,1391.45,12536.1,31557.3,
15_04_2026_15_25,24211.9,26470.5,1389.85,12528.6,31526.6,
16_04_2026_09_15,24390.6,26682.2,1409.8,12714.5,31904.7,
16_04_2026_09_20,24387.5,26603.9,1409.15,12701.4,32091.6,
16_04_2026_09_25,24385.8,26557.5,1403.9,12760,31984.1,
16_04_2026_09_30,24358.3,26521.9,1400.35,12766,31896.1,
16_04_2026_09_35,24326.8,26525.5,1396.25,12793.3,31884.7,
16_04_2026_09_40,24301.9,26472.6,1388.05,12779.7,31883.3,
16_04_2026_09_45,24327.9,26452,1387.85,12776.4,31819.2,
16_04_2026_09_50,24316.6,26419.5,1387.95,12763.8,31860.8,
16_04_2026_09_55,24271.6,26342.7,1386.05,12731.3,31808.1,
16_04_2026_10_00,24303.8,26379.2,1386.3,12748.5,31809.5,
16_04_2026_10_05,24308.6,26388.1,1386.2,12744,31782.9,
16_04_2026_10_10,24307.6,26408.2,1387.5,12743.8,31733.8,
16_04_2026_10_15,24309.7,26380.3,1386.95,12733.9,31763.8,
16_04_2026_10_20,24304,26364.7,1387.35,12721.8,31756.8,
16_04_2026_10_25,24300.8,26391.6,1390.15,12737,31728.7,
16_04_2026_10_30,24312.7,26424.8,1390.85,12759.6,31715,
16_04_2026_10_35,24299.7,26412.8,1388.85,12729,31724.1,
16_04_2026_10_40,24307.7,26426.2,1390.5,12742,31729.2,
16_04_2026_10_45,24316.2,26422.2,1390.65,12747,31731.9,
16_04_2026_10_50,24314.7,26422.9,1391.3,12746.8,31696.8,
16_04_2026_10_55,24309.6,26445.6,1390.75,12753.2,31702.2,
16_04_2026_11_00,24324.4,26436.9,1392.8,12735.1,31755.8,
16_04_2026_11_05,24324.4,26438.7,1394.05,12729.4,31777.8,
16_04_2026_11_10,24313.9,26429.4,1394.1,12729.5,31805.8,
16_04_2026_11_15,24319.8,26428.7,1393.6,12731.2,31823.8,
16_04_2026_11_20,24297.9,26441.4,1393,12740.5,31775.2,
16_04_2026_11_25,24299.2,26433.6,1392.35,12725,31812.8,
16_04_2026_11_30,24299.7,26438.3,1392.05,12725.1,31812.7,
16_04_2026_11_35,24281.2,26430.3,1392.1,12727.9,31813.3,
16_04_2026_11_40,24254.7,26449.4,1390.25,12728.1,31764.5,
16_04_2026_11_45,24243.6,26442.1,1387.8,12723.1,31766.1,
16_04_2026_11_50,24237.2,26415.9,1387.8,12717.5,31762.8,
16_04_2026_11_55,24197.2,26368.2,1384.15,12711.1,31708.9,
16_04_2026_12_00,24159.2,26326.9,1382,12697.5,31630.2,
16_04_2026_12_05,24171.1,26344.2,1383.15,12715.2,31634.8,
16_04_2026_12_10,24184.8,26381.2,1384.75,12726.8,31654.1,
16_04_2026_12_15,24181.4,26379.5,1384.5,12728.8,31665.3,
16_04_2026_12_20,24163.2,26348.1,1387.15,12732.6,31664.1,
16_04_2026_12_25,24162.9,26364.6,1386.7,12727.3,31670.4,
16_04_2026_12_30,24137.9,26350.2,1385.15,12713,31641.4,
16_04_2026_12_35,24158.8,26360.7,1385.35,12720,31673.7,
16_04_2026_12_40,24139.1,26312.7,1385.85,12705.8,31671.2,
16_04_2026_12_45,24135.7,26305.3,1385.35,12707.5,31678.4,
16_04_2026_12_50,24123.9,26294.1,1385.7,12713.9,31681.3,
16_04_2026_12_55,24144.6,26310.4,1384,12712,31711.8,
16_04_2026_13_00,24150.2,26291.8,1386.85,12706.2,31736.4,
16_04_2026_13_05,24122.9,26272.1,1386.75,12696.2,31672.4,
16_04_2026_13_10,24122.3,26262.7,1386.7,12700,31675.5,
16_04_2026_13_15,24137.8,26262.4,1385.2,12697.2,31691.9,
16_04_2026_13_20,24106.8,26250.4,1385,12679,31645.2,
16_04_2026_13_25,24116.1,26259.4,1385.5,12684.2,31667.1,
16_04_2026_13_30,24124.1,26272.9,1386.4,12690.5,31695.7,
16_04_2026_13_35,24124.8,26280.2,1387.65,12686.5,31722.2,
16_04_2026_13_40,24137.8,26296.9,1387.8,12697.5,31698.8,
16_04_2026_13_45,24151.5,26322.1,1388.8,12708.5,31724.9,
16_04_2026_13_50,24183.4,26339.7,1388.8,12713.3,31769.6,
16_04_2026_13_55,24183.2,26330.9,1389.85,12715.7,31750.2,
16_04_2026_14_00,24145.3,26289.4,1389.05,12701.4,31727.8,
16_04_2026_14_05,24155.9,26289.3,1389.05,12709.8,31721.6,
16_04_2026_14_10,24166.7,26320.2,1390.4,12713.3,31732.4,
16_04_2026_14_15,24165.5,26314.7,1391.3,12706.8,31718.2,
16_04_2026_14_20,24165.1,26314.4,1392.75,12709.1,31711.2,
16_04_2026_14_25,24186.6,26358.9,1393.9,12722.8,31702.9,
16_04_2026_14_30,24221.2,26385.4,1395.55,12732.1,31757.9,
16_04_2026_14_35,24222.7,26386,1395.75,12738.2,31773.7,
16_04_2026_14_40,24219.7,26398.4,1397.2,12730,31798.7,
16_04_2026_14_45,24234.6,26405.3,1396.2,12743.5,31804.4,
16_04_2026_14_50,24240.8,26407.3,1397.15,12749.8,31822.6,
16_04_2026_14_55,24230.1,26414.4,1399.5,12754.5,31807.9,
16_04_2026_15_00,24202.9,26377.1,1398.85,12745.8,31840.7,
16_04_2026_15_05,24170.2,26362.2,1398.05,12741.7,31809.8,
16_04_2026_15_10,24183.9,26374.2,1398.7,12741,31803.2,
16_04_2026_15_15,24180.8,26380.7,1397.35,12735.3,31805.6,
16_04_2026_15_20,24196,26397.8,1399.15,12741.2,31809.3,
16_04_2026_15_25,24188.4,26392.2,1399.95,12745.4,31776.5,
17_04_2026_09_15,24207.6,26428.3,1419.8,12692.2,31871.4,
17_04_2026_09_20,24196.9,26456.2,1420.35,12683.5,31827.1,
17_04_2026_09_25,24233.3,26476.3,1417.8,12714.5,31855.4,
17_04_2026_09_30,24196.6,26444.1,1416.7,12709.5,31694.6,
17_04_2026_09_35,24211.8,26486.2,1417.75,12691.5,31697.3,
17_04_2026_09_40,24191.3,26423.1,1417.2,12665.3,31633.2,
17_04_2026_09_45,24219.9,26456.8,1422.2,12689.7,31639.9,
17_04_2026_09_50,24223,26453.7,1420.65,12712.2,31659.8,
17_04_2026_09_55,24232.1,26459.2,1418.3,12706.2,31680.4,
17_04_2026_10_00,24255.3,26490.2,1421.65,12711,31717.8,
17_04_2026_10_05,24263.3,26546.6,1422,12728.8,31724.6,
17_04_2026_10_10,24272.9,26558.2,1421.1,12730.5,31757.3,
17_04_2026_10_15,24280.4,26563.1,1418.4,12736,31732.4,
17_04_2026_10_20,24286.6,26563.9,1418.4,12736.3,31764.6,
17_04_2026_10_25,24285.8,26561.8,1418.2,12748.2,31759.2,
17_04_2026_10_30,24265,26513.4,1415.35,12731.7,31771.9,
17_04_2026_10_35,24252.8,26457.9,1414.6,12748,31730.4,
17_04_2026_10_40,24260.4,26489.1,1416,12753,31753.4,
17_04_2026_10_45,24263.8,26498.6,1415.1,12765.3,31749.9,
17_04_2026_10_50,24256.3,26487.8,1413.85,12763.2,31737.8,
17_04_2026_10_55,24254.9,26491.2,1413.8,12773,31729.1,
17_04_2026_11_00,24246.9,26479.7,1411.75,12746.8,31719.6,
17_04_2026_11_05,24258.7,26503.6,1411.1,12746.5,31676.3,
17_04_2026_11_10,24265.1,26513.5,1412.2,12739.2,31676.1,
17_04_2026_11_15,24277.3,26523.7,1412.85,12745.8,31704.6,
17_04_2026_11_20,24273.8,26516.3,1412.9,12766.9,31662.2,
17_04_2026_11_25,24275.2,26502.8,1413.35,12763.1,31703.8,
17_04_2026_11_30,24287,26502.7,1413.55,12771.7,31718.2,
17_04_2026_11_35,24289.2,26495.2,1413.8,12777.8,31720,
17_04_2026_11_40,24294.9,26510.3,1413.15,12791.1,31718.3,
17_04_2026_11_45,24282.4,26492.1,1411.35,12764.1,31721.1,
17_04_2026_11_50,24316.4,26489.9,1412.35,12769.2,31750.9,
17_04_2026_11_55,24271.4,26461.8,1411.8,12766.5,31718.8,
17_04_2026_12_00,24261.3,26432.4,1411.85,12760.8,31724.2,
17_04_2026_12_05,24286.3,26438.3,1411.3,12763.8,31798.2,
17_04_2026_12_10,24285.6,26446.2,1411.5,12767.9,31777.1,
17_04_2026_12_15,24286.6,26427,1411.75,12765.7,31763.6,
17_04_2026_12_20,24288.4,26430.5,1411.55,12771.2,31736.9,
17_04_2026_12_25,24284,26434.2,1411.15,12771.2,31722.3,
17_04_2026_12_30,24265.3,26404.9,1409.5,12766.3,31689.8,
17_04_2026_12_35,24265.1,26367.6,1410.55,12770.7,31692.5,
17_04_2026_12_40,24267,26393.1,1409.65,12763.4,31704.6,
17_04_2026_12_45,24272.2,26410.1,1410.4,12759.5,31717.3,
17_04_2026_12_50,24265.3,26397.9,1411.9,12758.3,31714.6,
17_04_2026_12_55,24266.1,26394.6,1411.45,12777.5,31707.6,
17_04_2026_13_00,24269.8,26388.6,1411.85,12776,31706.2,
17_04_2026_13_05,24284.8,26411.6,1412.9,12791.2,31710.8,
17_04_2026_13_10,24285.1,26403.1,1413.9,12799.7,31712,
17_04_2026_13_15,24271.9,26392.8,1414.35,12807.3,31685.1,
17_04_2026_13_20,24273.8,26403.6,1413.25,12816.5,31681.4,
17_04_2026_13_25,24289.3,26426.9,1413.1,12827.9,31697.5,
17_04_2026_13_30,24296.3,26442.9,1411.9,12835.7,31710.3,
17_04_2026_13_35,24301.1,26416.6,1412.4,12844.9,31707.1,
17_04_2026_13_40,24301.9,26427.7,1416.6,12851,31692.8,
17_04_2026_13_45,24306.3,26423.1,1417.55,12865.2,31711.1,
17_04_2026_13_50,24304,26412.3,1417.35,12873.2,31717.6,
17_04_2026_13_55,24303.3,26414.8,1418,12859.7,31737.3,
17_04_2026_14_00,24302.6,26421.3,1417.3,12856.8,31727.7,
17_04_2026_14_05,24312.2,26431.2,1417.5,12860.2,31739.5,
17_04_2026_14_10,24306.8,26410.3,1416.75,12867.5,31743,
17_04_2026_14_15,24316.8,26418,1418.4,12879.2,31729.8,
17_04_2026_14_20,24324.7,26413.8,1418.15,12881.6,31734.4,
17_04_2026_14_25,24307.1,26412.8,1417.5,12868.8,31664.4,
17_04_2026_14_30,24314.2,26441.8,1416.75,12880,31682.6,
17_04_2026_14_35,24325.1,26463.9,1416.25,12885.7,31693.1,
17_04_2026_14_40,24340.4,26462.1,1416.5,12891.9,31731.2,
17_04_2026_14_45,24348.4,26464.8,1416.4,12894.2,31743.3,
17_04_2026_14_50,24351.1,26480.1,1418.5,12899.2,31755.7,
17_04_2026_14_55,24349.8,26465.2,1416.95,12890.5,31769,
17_04_2026_15_00,24350.2,26422.9,1416.1,12879.1,31819.7,
17_04_2026_15_05,24352.2,26430.9,1416,12880.3,31804.8,
17_04_2026_15_10,24354.6,26439.4,1416,12885.2,31819.5,
17_04_2026_15_15,24361.8,26446.9,1416.7,12887.6,31816.7,
17_04_2026_15_20,24367.2,26452.3,1416,12885,31829.7,
17_04_2026_15_25,24366.9,26433.2,1418.05,12872.4,31808.9,
20_04_2026_09_15,24339.6,26416.8,1424.25,12768,31742.2,
20_04_2026_09_20,24395.8,26480.7,1429.05,12841.2,31780.2,
20_04_2026_09_25,24383,26415.1,1420,12805.3,31639.4,
20_04_2026_09_30,24357.9,26344.3,1417.35,12779.6,31717,
20_04_2026_09_35,24343.3,26275.1,1413.65,12767.3,31691.2,
20_04_2026_09_40,24302.8,26196.8,1411.8,12754.2,31643.6,
20_04_2026_09_45,24296.6,26188.4,1411.75,12764.7,31608.4,
20_04_2026_09_50,24338.2,26297.1,1418.55,12809.6,31669.9,
20_04_2026_09_55,24331.8,26284.2,1415.85,12800,31616.2,
20_04_2026_10_00,24355.9,26329,1416.05,12804.2,31650.2,
20_04_2026_10_05,24386.8,26373.1,1418.55,12828.7,31654.3,
20_04_2026_10_10,24379.6,26356.7,1416.35,12824,31644.6,
20_04_2026_10_15,24389.8,26382.4,1416.55,12830.3,31622.2,
20_04_2026_10_20,24403,26411.2,1418.1,12827.5,31648.2,
20_04_2026_10_25,24409.7,26421.1,1416.25,12833,31689.7,
20_04_2026_10_30,24427.2,26459.6,1416.45,12844.8,31715.9,
20_04_2026_10_35,24433.2,26423.4,1417,12831.3,31729.7,
20_04_2026_10_40,24439.1,26470.6,1418,12840.8,31709.7,
20_04_2026_10_45,24430.2,26458.3,1417.95,12847.8,31677.4,
20_04_2026_10_50,24425.1,26477.9,1417,12841.3,31676.2,
20_04_2026_10_55,24430.1,26478.2,1415.75,12836.2,31703.6,
20_04_2026_11_00,24433.2,26499.7,1416.45,12819,31712.3,
20_04_2026_11_05,24407.2,26455.4,1415.15,12817.5,31686.8,
20_04_2026_11_10,24407.7,26444,1417.65,12807.5,31722.9,
20_04_2026_11_15,24425.7,26475.3,1422.75,12816.1,31761.8,
20_04_2026_11_20,24455.2,26496.5,1423.85,12825.3,31819.6,
20_04_2026_11_25,24464.8,26501.8,1421.7,12826.5,31846.5,
20_04_2026_11_30,24451.8,26520.7,1422.15,12839.7,31820.7,
20_04_2026_11_35,24457.8,26512.8,1426.4,12830.5,31839.8,
20_04_2026_11_40,24462.8,26507.2,1430.75,12836.2,31855,
20_04_2026_11_45,24467.4,26534.1,1430.1,12837.3,31866.8,
20_04_2026_11_50,24465.3,26553.3,1432.3,12846.8,31830.2,
20_04_2026_11_55,24463.3,26550.9,1430.35,12852.1,31818.1,
20_04_2026_12_00,24459.9,26546.9,1429.55,12857.8,31802.8,
20_04_2026_12_05,24448.9,26538.1,1430.7,12855.8,31822.8,
20_04_2026_12_10,24433.2,26550.4,1428.25,12862.2,31790.3,
20_04_2026_12_15,24430.9,26531.4,1431.1,12869.8,31744.8,
20_04_2026_12_20,24445.7,26566.6,1431.35,12879.2,31743.9,
20_04_2026_12_25,24461.4,26579.6,1432.05,12889,31773.1,
20_04_2026_12_30,24466.2,26572.6,1432.7,12891.2,31769.6,
20_04_2026_12_35,24467.3,26594.3,1431,12890.6,31768.7,
20_04_2026_12_40,24462.3,26613.7,1430.5,12890.4,31778.3,
20_04_2026_12_45,24472.5,26623.1,1431.4,12894.2,31748,
20_04_2026_12_50,24473.7,26624.2,1430,12892.8,31777.1,
20_04_2026_12_55,24462.1,26613.4,1428.9,12890.3,31763.8,
20_04_2026_13_00,24439.2,26575.1,1428.45,12872.3,31703.4,
20_04_2026_13_05,24423.5,26565.8,1427.7,12867.8,31685.9,
20_04_2026_13_10,24414.3,26554.6,1425.35,12875,31695.8,
20_04_2026_13_15,24414.8,26544.2,1422.85,12872.8,31690.2,
20_04_2026_13_20,24390.8,26533.6,1420.15,12850.5,31690.4,
20_04_2026_13_25,24392,26519.3,1418.5,12857.7,31679.2,
20_04_2026_13_30,24396.3,26533.7,1419.45,12862,31665.7,
20_04_2026_13_35,24375.3,26531,1417.9,12847.3,31634,
20_04_2026_13_40,24396.3,26546.1,1419.3,12846.5,31645.8,
20_04_2026_13_45,24380.4,26531.8,1420.65,12844.9,31619.4,
20_04_2026_13_50,24390.7,26543.4,1420.5,12844.6,31634.9,
20_04_2026_13_55,24395.3,26537.2,1420.65,12845.6,31623.9,
20_04_2026_14_00,24393.1,26543.4,1422.25,12843.2,31609.9,
20_04_2026_14_05,24380,26546.8,1420.45,12837.5,31605.2,
20_04_2026_14_10,24393.8,26563.6,1421.9,12838.5,31621.4,
20_04_2026_14_15,24393.9,26594.7,1423.6,12842.5,31612.8,
20_04_2026_14_20,24415.3,26607.3,1426.25,12846.5,31639.7,
20_04_2026_14_25,24431.2,26617.1,1428.15,12857,31687,
20_04_2026_14_30,24423.2,26611.8,1435.55,12857.3,31679.8,
20_04_2026_14_35,24403.8,26593.6,1436.55,12851.6,31660.6,
20_04_2026_14_40,24401.2,26579.8,1433.45,12856.2,31661.4,
20_04_2026_14_45,24402.8,26574.8,1430.95,12858.5,31676.3,
20_04_2026_14_50,24407.2,26581.8,1432.5,12856,31684.8,
20_04_2026_14_55,24407.9,26580.9,1434.15,12856.3,31674.9,
20_04_2026_15_00,24408.6,26573.2,1433.55,12859.2,31656.2,
20_04_2026_15_05,24388.2,26559.6,1432,12843.5,31644.9,
20_04_2026_15_10,24381.8,26555.2,1430.3,12840.7,31614.7,
20_04_2026_15_15,24325.2,26482.4,1426.95,12814.9,31513.4,
20_04_2026_15_20,24320.6,26476.4,1425.35,12804.8,31505.7,
20_04_2026_15_25,24330.9,26461.7,1424.7,12814.5,31523.4,
21_04_2026_09_15,24468.9,26661.3,1433.1,12929.8,31478.9,
21_04_2026_09_20,24465.1,26651.5,1435.05,12964.7,31463.6,
21_04_2026_09_25,24449.2,26627.2,1436.05,12935,31461.8,
21_04_2026_09_30,24461.5,26637,1439.45,12949.9,31479.8,
21_04_2026_09_35,24469.7,26623.5,1444.85,12926.3,31470.1,
21_04_2026_09_40,24466.6,26621.1,1447.2,12916.5,31490.4,
21_04_2026_09_45,24501.4,26673.7,1446.2,12912,31583.6,
21_04_2026_09_50,24499.1,26653.5,1445.6,12885.8,31572,
21_04_2026_09_55,24499.9,26676.3,1447.7,12884.8,31601.4,
21_04_2026_10_00,24516.2,26694.6,1447.15,12903.6,31630.1,
21_04_2026_10_05,24523.2,26691.8,1447.65,12908,31662.8,
21_04_2026_10_10,24513.4,26698,1448.7,12903.1,31689.2,
21_04_2026_10_15,24506.8,26695.8,1447.55,12904,31662.3,
21_04_2026_10_20,24499.6,26684.3,1448.05,12895.2,31651.2,
21_04_2026_10_25,24493.6,26675.9,1448.05,12896.3,31671.9,
21_04_2026_10_30,24527.8,26694.7,1447.85,12914.8,31693.7,
21_04_2026_10_35,24531.8,26694.6,1443.4,12916.2,31677.8,
21_04_2026_10_40,24528.1,26689.9,1444.4,12906.4,31666.9,
21_04_2026_10_45,24525.8,26695.6,1446.1,12907.8,31687.2,
21_04_2026_10_50,24542.3,26689.9,1445.1,12903.5,31699.8,
21_04_2026_10_55,24549.2,26693.9,1444.5,12895.2,31728.7,
21_04_2026_11_00,24552.5,26695.7,1444.95,12894.7,31740.1,
21_04_2026_11_05,24554.1,26701.3,1446.6,12899.7,31747.7,
21_04_2026_11_10,24556.4,26708.9,1446.1,12901.6,31747.4,
21_04_2026_11_15,24551.1,26703.1,1445.45,12894.8,31738.6,
21_04_2026_11_20,24541.8,26696.1,1444.85,12869,31753.2,
21_04_2026_11_25,24539.2,26691.1,1444,12877.3,31753.8,
21_04_2026_11_30,24517.7,26669.8,1442.35,12873,31721,
21_04_2026_11_35,24524.8,26675.6,1441.5,12875.5,31763.8,
21_04_2026_11_40,24528,26680.4,1441.85,12875.7,31775.3,
21_04_2026_11_45,24530.3,26692.4,1444.05,12873.5,31827.6,
21_04_2026_11_50,24527.2,26684.7,1445.3,12874.5,31851.6,
21_04_2026_11_55,24531.7,26703.4,1445.1,12880,31847.2,
21_04_2026_12_00,24540.4,26722,1445.3,12889.8,31859.9,
21_04_2026_12_05,24543.7,26720.7,1445.85,12894.7,31839.2,
21_04_2026_12_10,24559,26707.6,1447.05,12892.3,31856.4,
21_04_2026_12_15,24561.7,26719.8,1447,12887.7,31831.8,
21_04_2026_12_20,24558.9,26724.3,1447.75,12870.9,31795.9,
21_04_2026_12_25,24547.2,26715.4,1447.9,12876.7,31817.2,
21_04_2026_12_30,24547.9,26701.8,1448.3,12861.5,31815.9,
21_04_2026_12_35,24555,26727.4,1446.75,12862.6,31820.9,
21_04_2026_12_40,24552.6,26731.6,1446.25,12846.2,31804.1,
21_04_2026_12_45,24539.2,26717.9,1446.9,12835.5,31744.6,
21_04_2026_12_50,24539.9,26705.6,1447.05,12821.8,31744.3,
21_04_2026_12_55,24537.9,26713.8,1446.7,12844.8,31719.1,
21_04_2026_13_00,24529.2,26707.3,1447.2,12832.2,31720.2,
21_04_2026_13_05,24531.9,26704.7,1447.6,12839.5,31728.8,
21_04_2026_13_10,24540.7,26701.3,1448.05,12843,31697.2,
21_04_2026_13_15,24541.9,26697.3,1447.75,12845.8,31715.2,
21_04_2026_13_20,24540,26703.2,1450.8,12848.3,31719.8,
21_04_2026_13_25,24552.3,26710.1,1451.45,12840.3,31749.9,
21_04_2026_13_30,24568.4,26723.2,1450.8,12840,31750.1,
21_04_2026_13_35,24553.4,26703.7,1449.6,12837,31736.6,
21_04_2026_13_40,24533.5,26674.7,1448.95,12826.6,31725.7,
21_04_2026_13_45,24538.7,26685.6,1447.95,12835.5,31744.8,
21_04_2026_13_50,24548.5,26680.9,1448.2,12854.3,31741.7,
21_04_2026_13_55,24554.6,26696.7,1448.7,12852.8,31729.4,
21_04_2026_14_00,24541.6,26694.9,1448.95,12840.8,31719.7,
21_04_2026_14_05,24532.2,26676.5,1448.5,12833.7,31689.8,
21_04_2026_14_10,24537.2,26681.7,1448.25,12837.8,31675.2,
21_04_2026_14_15,24553.8,26688.8,1447.9,12830,31674.5,
21_04_2026_14_20,24576.4,26699.2,1448.45,12842.3,31692.9,
21_04_2026_14_25,24572.6,26693.2,1448.15,12843,31696.2,
21_04_2026_14_30,24560.9,26668.7,1447.3,12837,31670.7,
21_04_2026_14_35,24550.6,26668.2,1446.3,12823.5,31642.5,
21_04_2026_14_40,24535.4,26646.4,1447.65,12822.5,31637.9,
21_04_2026_14_45,24549.6,26657.9,1447.9,12830.4,31651.5,
21_04_2026_14_50,24560.9,26656.5,1447.5,12836.7,31683.6,
21_04_2026_14_55,24568.2,26654.9,1447.45,12832.4,31728.4,
21_04_2026_15_00,24558.6,26645.1,1447.95,12829.2,31732.2,
21_04_2026_15_05,24573.4,26622.2,1447.3,12840,31715.7,
21_04_2026_15_10,24573.9,26613.8,1442.7,12841.1,31701.2,
21_04_2026_15_15,24580.1,26616.8,1441.5,12837.6,31730.1,
21_04_2026_15_20,24576.2,26625.8,1441,12830.6,31753.7,
21_04_2026_15_25,24580.6,26628.7,1439.05,12838.7,31747,
22_04_2026_09_15,24479.3,26642.2,1448.1,12853.5,30819.2,
22_04_2026_09_20,24463.4,26640.7,1446.9,12855.4,30728.7,
22_04_2026_09_25,24440.4,26594.4,1445.6,12905.4,30696.1,
22_04_2026_09_30,24452.2,26668.1,1445.85,12908.2,30835.8,
22_04_2026_09_35,24438.7,26654.2,1449.35,12915.2,30834.6,
22_04_2026_09_40,24424.4,26652.1,1449.15,12896.7,30821.4,
22_04_2026_09_45,24416.9,26643.7,1445.7,12898.4,30848.6,
22_04_2026_09_50,24409.4,26606.8,1447.8,12904.8,30811.2,
22_04_2026_09_55,24382.2,26569.3,1444.3,12874.5,30784,
22_04_2026_10_00,24383.2,26574,1444.5,12883.4,30728.9,
22_04_2026_10_05,24381.7,26586.4,1444.9,12891.5,30715.4,
22_04_2026_10_10,24373.2,26563.8,1445.2,12876.9,30671.4,
22_04_2026_10_15,24375.4,26548.2,1445.95,12873.7,30599.3,
22_04_2026_10_20,24366.4,26551.5,1445.2,12869.7,30565.8,
22_04_2026_10_25,24373.1,26575.4,1445.15,12871.8,30547.2,
22_04_2026_10_30,24380.6,26572.8,1447.4,12870,30532.5,
22_04_2026_10_35,24401.2,26593.6,1448.4,12876.4,30523.5,
22_04_2026_10_40,24416.3,26590,1449.45,12864.5,30521.2,
22_04_2026_10_45,24424.2,26586.7,1449,12864.5,30534.4,
22_04_2026_10_50,24443.7,26620.8,1449.8,12873.6,30524.6,
22_04_2026_10_55,24439.9,26602.6,1450.1,12872,30535.1,
22_04_2026_11_00,24439.3,26586,1450.05,12876.3,30526.4,
22_04_2026_11_05,24424.8,26570.8,1448.2,12874.5,30486.8,
22_04_2026_11_10,24428.2,26574.7,1448.9,12882.5,30461.8,
22_04_2026_11_15,24438.2,26590.8,1449.05,12879.6,30430.4,
22_04_2026_11_20,24446.3,26605,1448.8,12880,30430.7,
22_04_2026_11_25,24435.4,26611.2,1450,12868.2,30431.3,
22_04_2026_11_30,24441.8,26619.8,1451.9,12863.4,30421.7,
22_04_2026_11_35,24430.7,26612.6,1450.9,12859.6,30418.8,
22_04_2026_11_40,24417.2,26608.8,1452.1,12862.6,30320.3,
22_04_2026_11_45,24405.8,26603.9,1450.8,12851.8,30311.8,
22_04_2026_11_50,24414.7,26644.4,1450.25,12863.3,30285.8,
22_04_2026_11_55,24426.9,26660,1451.25,12872.4,30312.4,
22_04_2026_12_00,24434,26679.8,1451.75,12878.5,30266.2,
22_04_2026_12_05,24422.8,26668.9,1451.35,12865.6,30227.7,
22_04_2026_12_10,24419.2,26670.8,1450.35,12856,30219.1,
22_04_2026_12_15,24409.7,26681.5,1449.95,12849.5,30181.1,
22_04_2026_12_20,24405.8,26677.3,1449.9,12851.5,30186.4,
22_04_2026_12_25,24409.9,26693.6,1450.8,12855.3,30172.8,
22_04_2026_12_30,24418.8,26711.5,1450.65,12857.8,30179.2,
22_04_2026_12_35,24411.1,26681.8,1450.15,12854.5,30154.6,
22_04_2026_12_40,24418.4,26681.2,1450.35,12851,30189.2,
22_04_2026_12_45,24407.4,26658.8,1449.55,12847.7,30178.6,
22_04_2026_12_50,24419.7,26659.2,1450.4,12856.2,30168.9,
22_04_2026_12_55,24429.8,26645.4,1452.45,12866.5,30192.8,
22_04_2026_13_00,24430,26658.7,1451.05,12867.4,30243.1,
22_04_2026_13_05,24431.4,26660.2,1451.9,12880.3,30268.2,
22_04_2026_13_10,24431.2,26647.6,1449.75,12883.7,30279.3,
22_04_2026_13_15,24412.7,26613.6,1450.4,12884.8,30259.2,
22_04_2026_13_20,24392.6,26612.2,1451.8,12876.3,30259.3,
22_04_2026_13_25,24415.6,26616.5,1454.95,12901,30278.6,
22_04_2026_13_30,24422.9,26636.7,1457.65,12904.2,30280.9,
22_04_2026_13_35,24420.8,26628.9,1456.25,12896.5,30272.7,
22_04_2026_13_40,24431.9,26636.7,1455.5,12910.8,30276.9,
22_04_2026_13_45,24432.3,26637.6,1455.55,12918.3,30265,
22_04_2026_13_50,24423.2,26624.6,1453.55,12907.8,30435,
22_04_2026_13_55,24449.6,26632.8,1454,12911.8,30636.2,
22_04_2026_14_00,24420.4,26596.7,1455.65,12890,30626.9,
22_04_2026_14_05,24422.6,26599.9,1453.55,12901.8,30617.6,
22_04_2026_14_10,24415,26593.2,1453.55,12899.7,30556.8,
22_04_2026_14_15,24403.3,26578.9,1452.4,12892.4,30521.4,
22_04_2026_14_20,24410.1,26584.2,1451.85,12895.5,30521,
22_04_2026_14_25,24405.6,26559.9,1451.1,12898.7,30472.7,
22_04_2026_14_30,24412.1,26553.9,1455.55,12895.8,30568.8,
22_04_2026_14_35,24416.1,26562.9,1453.15,12896,30586.6,
22_04_2026_14_40,24413.2,26536.7,1452.05,12907.2,30557.7,
22_04_2026_14_45,24414.4,26523.6,1453.55,12903.9,30560.1,
22_04_2026_14_50,24421.3,26538.7,1452.6,12913.9,30571.9,
22_04_2026_14_55,24425.8,26529.4,1454.1,12916.8,30592.7,
22_04_2026_15_00,24385.1,26466.1,1452,12893.2,30506.4,
22_04_2026_15_05,24378.9,26422.2,1452,12889,30506.6,
22_04_2026_15_10,24382.4,26439.8,1452,12895.6,30476.1,
22_04_2026_15_15,24378.4,26447.2,1452.55,12891.3,30481.8,
22_04_2026_15_20,24369.5,26460.5,1453.55,12899,30497.7,
22_04_2026_15_25,24367.7,26462.7,1453.65,12891.5,30503.2,
23_04_2026_09_15,24201.3,26103.1,1453,12851.4,30452.9,
23_04_2026_09_20,24210.7,26162.9,1451.45,12835.4,30396.5,
23_04_2026_09_25,24230.5,26196.9,1448.6,12842.5,30275.5,
23_04_2026_09_30,24213.2,26139.7,1456.6,12831.7,30235.2,
23_04_2026_09_35,24213.4,26095.1,1458.65,12825.3,30260.8,
23_04_2026_09_40,24242.7,26126.4,1456.35,12844.8,30279.7,
23_04_2026_09_45,24271.7,26153.3,1459.5,12836.3,30325.2,
23_04_2026_09_50,24282.9,26145.8,1460.15,12829.3,30331.9,
23_04_2026_09_55,24287.5,26153.2,1461.05,12829.5,30357.6,
23_04_2026_10_00,24306.3,26157.2,1458.75,12821.7,30386.6,
23_04_2026_10_05,24285.9,26123.2,1456.35,12806.2,30381.6,
23_04_2026_10_10,24275.3,26090.9,1456.35,12800.7,30343.2,
23_04_2026_10_15,24287,26052.3,1455.4,12811,30340.8,
23_04_2026_10_20,24269.8,26017.8,1456.05,12822,30389,
23_04_2026_10_25,24261.3,25990.4,1457.5,12827,30359.7,
23_04_2026_10_30,24244.3,25978.3,1457.8,12825.8,30340.3,
23_04_2026_10_35,24226.8,25969.9,1452.15,12817.2,30345.8,
23_04_2026_10_40,24220,25958.3,1454.05,12823.9,30354.3,
23_04_2026_10_45,24205.7,25953.6,1455.95,12820.4,30341.2,
23_04_2026_10_50,24210.7,25938.6,1454.2,12832.7,30380,
23_04_2026_10_55,24215.3,25910.9,1455.2,12835,30422.7,
23_04_2026_11_00,24223.2,25914.2,1456,12815.8,30460.8,
23_04_2026_11_05,24212.7,25918.7,1455.65,12797.7,30428.4,
23_04_2026_11_10,24191.8,25925.6,1454.85,12779,30388.7,
23_04_2026_11_15,24191.2,25955.8,1455.05,12793.1,30387.4,
23_04_2026_11_20,24189.8,25935.6,1452.55,12794.8,30396.1,
23_04_2026_11_25,24197.8,25933.7,1451.55,12800.2,30422.8,
23_04_2026_11_30,24192.2,25909.7,1452.6,12802.8,30431.8,
23_04_2026_11_35,24194.6,25912.7,1456,12805.7,30402.5,
23_04_2026_11_40,24178.2,25903.8,1456.35,12804.6,30416.4,
23_04_2026_11_45,24192.3,25898.2,1457.9,12821.2,30412.8,
23_04_2026_11_50,24213.2,25910.6,1458.85,12838.2,30392.8,
23_04_2026_11_55,24206.1,25903.9,1459.25,12836.2,30374.2,
23_04_2026_12_00,24199.4,25885,1461.05,12839.8,30369.4,
23_04_2026_12_05,24209.4,25920.6,1459.55,12838.5,30386.6,
23_04_2026_12_10,24222.5,25941.7,1461.3,12850.5,30390.5,
23_04_2026_12_15,24215.6,25924.9,1458.25,12833.8,30372.9,
23_04_2026_12_20,24223.2,25942.1,1458.95,12841.2,30374.5,
23_04_2026_12_25,24180.1,25901.1,1457.4,12797.5,30315.8,
23_04_2026_12_30,24178.6,25882.2,1456.1,12807.4,30313.3,
23_04_2026_12_35,24192.4,25894.7,1456.65,12817.2,30307.9,
23_04_2026_12_40,24201.7,25865.6,1457.15,12828.4,30345.7,
23_04_2026_12_45,24195.2,25853.1,1456.7,12816.8,30335.2,
23_04_2026_12_50,24203.6,25856.2,1458.65,12823.1,30335.6,
23_04_2026_12_55,24214.7,25880.6,1458.25,12825.2,30329.4,
23_04_2026_13_00,24210.2,25857.5,1457.9,12820.7,30333.3,
23_04_2026_13_05,24215.9,25860.8,1459.55,12829,30352.3,
23_04_2026_13_10,24216.2,25859.4,1458.65,12828.4,30330.2,
23_04_2026_13_15,24243.2,25878.7,1459.4,12841.5,30347.9,
23_04_2026_13_20,24273.3,25942.5,1461.4,12847,30386.1,
23_04_2026_13_25,24271.4,25924.9,1462.7,12864.8,30385.8,
23_04_2026_13_30,24248.8,25881.6,1462.55,12853.8,30360.1,
23_04_2026_13_35,24215.8,25849.7,1459.4,12848,30296.2,
23_04_2026_13_40,24213.7,25854.4,1458.65,12849.3,30268.8,
23_04_2026_13_45,24216.8,25848.8,1458.5,12839,30250.7,
23_04_2026_13_50,24234.1,25845.7,1460.35,12832.9,30254.8,
23_04_2026_13_55,24241.5,25844.3,1460.95,12830.2,30248.9,
23_04_2026_14_00,24234.4,25834.4,1467.3,12826.4,30237.3,
23_04_2026_14_05,24219.9,25829.4,1467.45,12814.2,30207.6,
23_04_2026_14_10,24209.2,25803.3,1465.7,12805.5,30196.1,
23_04_2026_14_15,24203.6,25800.8,1466.75,12792.3,30193.3,
23_04_2026_14_20,24202.2,25789.6,1467.85,12794.9,30193.9,
23_04_2026_14_25,24189.4,25785.4,1464.9,12787.8,30199.2,
23_04_2026_14_30,24175.2,25756.8,1463.1,12772.5,30206.6,
23_04_2026_14_35,24175.3,25761.2,1461.45,12772,30185.3,
23_04_2026_14_40,24162.6,25757.2,1463.1,12774.7,30160.8,
23_04_2026_14_45,24179.2,25778.9,1466.9,12787.3,30196.9,
23_04_2026_14_50,24178.7,25793.3,1468.35,12793.8,30218.4,
23_04_2026_14_55,24180.8,25803.3,1469.8,12791.2,30205.2,
23_04_2026_15_00,24192,25838.1,1469.5,12793.7,30210.4,
23_04_2026_15_05,24186.7,25849.4,1468.25,12786,30201.6,
23_04_2026_15_10,24160,25802.3,1466.65,12776.5,30154.8,
23_04_2026_15_15,24159.7,25822.7,1466.6,12778,30092.7,
23_04_2026_15_20,24161.9,25832.7,1465.75,12786.5,30076.8,
23_04_2026_15_25,24156.1,25838.3,1466.3,12789.7,30028.3,
24_04_2026_09_15,24124.2,25859.1,1460.2,12757.8,29838.3,
24_04_2026_09_20,24091.1,25846.2,1458.3,12763.3,29595.9,
24_04_2026_09_25,24058.1,25772.7,1453.7,12740.7,29579.4,
24_04_2026_09_30,24017.7,25703.5,1451.05,12707.1,29452.9,
24_04_2026_09_35,24002.4,25679,1447.75,12682.5,29492.3,
24_04_2026_09_40,23984.2,25688.8,1450.2,12688.1,29362.8,
24_04_2026_09_45,23984.1,25721.8,1445.75,12681.8,29262.8,
24_04_2026_09_50,23959.1,25728.2,1443.45,12669.8,29210.2,
24_04_2026_09_55,23955,25748.1,1444.35,12659.2,29218.3,
24_04_2026_10_00,23990.4,25849.2,1453.1,12685.7,29166.1,
24_04_2026_10_05,23986.9,25830,1453.8,12680.4,29117.2,
24_04_2026_10_10,23992.8,25836.8,1454,12678.6,29150.9,
24_04_2026_10_15,23971.3,25823.8,1452.05,12660.3,29144.3,
24_04_2026_10_20,23943.9,25780.6,1450.2,12645.4,29089.3,
24_04_2026_10_25,23957.7,25812.8,1450.85,12645.4,29113.9,
24_04_2026_10_30,23965.4,25780.8,1451.7,12642.9,29105.8,
24_04_2026_10_35,23956.6,25770.2,1452.6,12642.6,29076.8,
24_04_2026_10_40,23933.7,25746.3,1451.15,12633.2,28994,
24_04_2026_10_45,23920.2,25710.4,1449.4,12630.8,28943.3,
24_04_2026_10_50,23942.1,25714.7,1449.55,12631.2,28988.3,
24_04_2026_10_55,23925.4,25681.7,1447.05,12622.3,28933.9,
24_04_2026_11_00,23924.4,25660.4,1445,12630.3,28951.8,
24_04_2026_11_05,23921.7,25656.3,1443.75,12645.2,28963.6,
24_04_2026_11_10,23916.2,25654.8,1442.15,12639.5,28933.8,
24_04_2026_11_15,23920.2,25660.8,1445.7,12651.7,28926.2,
24_04_2026_11_20,23928.7,25675.3,1445.8,12667.9,28940.2,
24_04_2026_11_25,23931.3,25688.6,1445.35,12667.3,28896.8,
24_04_2026_11_30,23939.7,25743.2,1446.55,12684.6,28898.6,
24_04_2026_11_35,23936,25734.8,1446.55,12678.6,28849,
24_04_2026_11_40,23927.1,25736.6,1445.5,12681.8,28794.2,
24_04_2026_11_45,23906.9,25688.2,1443,12667.2,28753.2,
24_04_2026_11_50,23899.2,25685.3,1442.1,12649.5,28691.3,
24_04_2026_11_55,23898.2,25678.2,1440.4,12639.5,28707.9,
24_04_2026_12_00,23906.8,25704.9,1440.35,12638.6,28699.4,
24_04_2026_12_05,23918.2,25712.4,1439,12660,28720.8,
24_04_2026_12_10,23930.7,25753.4,1442.7,12698,28725.3,
24_04_2026_12_15,23931.1,25739.2,1444.1,12720.2,28696.7,
24_04_2026_12_20,23897.6,25678.4,1441.95,12703.5,28674.8,
24_04_2026_12_25,23881.8,25674.2,1440.45,12689.5,28644,
24_04_2026_12_30,23906.4,25672.5,1441.4,12698.5,28689.6,
24_04_2026_12_35,23901.8,25649.8,1441.4,12696.8,28681.2,
24_04_2026_12_40,23882.1,25638.7,1438.8,12684.7,28627.7,
24_04_2026_12_45,23897.3,25648.9,1439.25,12709.8,28629.4,
24_04_2026_12_50,23905.6,25680.5,1439.85,12713.5,28611.6,
24_04_2026_12_55,23904.3,25670.6,1440.9,12739.2,28598.6,
24_04_2026_13_00,23876.8,25617.3,1438.95,12734.2,28544.2,
24_04_2026_13_05,23874.8,25623.7,1437.65,12736.2,28534.6,
24_04_2026_13_10,23865.5,25609.6,1437.05,12726.8,28546.1,
24_04_2026_13_15,23869.3,25621.3,1436.8,12720,28572.1,
24_04_2026_13_20,23868.2,25622.4,1436.25,12713,28578.6,
24_04_2026_13_25,23878.3,25620.9,1437,12712.7,28590.4,
24_04_2026_13_30,23855.6,25585.1,1434.2,12697.2,28537.8,
24_04_2026_13_35,23841.3,25563.2,1431.95,12689.5,28503.4,
24_04_2026_13_40,23830.4,25571.2,1433.1,12685.3,28487.3,
24_04_2026_13_45,23848.7,25598.3,1435.25,12702.8,28519.9,
24_04_2026_13_50,23854.6,25612.1,1437.05,12716.7,28532.2,
24_04_2026_13_55,23846.3,25609.2,1436,12707.2,28464.4,
24_04_2026_14_00,23838.8,25601.2,1434.45,12701.2,28473.6,
24_04_2026_14_05,23839.1,25606.7,1435.1,12696.7,28470.2,
24_04_2026_14_10,23841.7,25607.8,1434.65,12730.5,28454.7,
24_04_2026_14_15,23861.5,25651.7,1435.9,12718.5,28512.2,
24_04_2026_14_20,23863.1,25663.7,1437.45,12731.7,28506.9,
24_04_2026_14_25,23888.6,25688,1438.7,12724.8,28512.1,
24_04_2026_14_30,23906.8,25681.9,1437.75,12748.8,28497.3,
24_04_2026_14_35,23915.6,25696.1,1438.4,12782.8,28515.6,
24_04_2026_14_40,23926,25685.4,1439.35,12784.2,28566.6,
24_04_2026_14_45,23920.9,25698.9,1442.85,12771,28588.1,
24_04_2026_14_50,23916,25673.8,1441.75,12766.2,28564.2,
24_04_2026_14_55,23920.9,25677.5,1441.85,12770.2,28546.8,
24_04_2026_15_00,23871.2,25629.4,1438.7,12738,28508.6,
24_04_2026_15_05,23893.5,25648.3,1439,12752.5,28528.7,
24_04_2026_15_10,23895.4,25645.7,1440.05,12734.2,28516.2,
24_04_2026_15_15,23916.7,25669.7,1439.3,12758.7,28541.9,
24_04_2026_15_20,23910.9,25655.9,1437.8,12749.7,28549.3,
24_04_2026_15_25,23903.9,25687.8,1437.2,12748.2,28560.6,
27_04_2026_09_15,24020.3,25856.1,1444.3,12901.2,28821.6,
27_04_2026_09_20,24046.6,25927.6,1444.1,12926,28969.4,
27_04_2026_09_25,24042,25891.3,1448.5,12947.5,28961.8,
27_04_2026_09_30,24008.8,25844.9,1454.8,12936.4,28936.1,
27_04_2026_09_35,24007.2,25815.4,1449.1,12940.8,28906.3,
27_04_2026_09_40,24045.4,25885.7,1455.8,12960.5,29039.4,
27_04_2026_09_45,24082.2,25925.2,1462.55,13007.9,29079.5,
27_04_2026_09_50,24099.8,25927.4,1464.2,13020.5,29070.5,
27_04_2026_09_55,24099.1,25925.7,1464.45,13026.8,29024.4,
27_04_2026_10_00,24080.2,25907.6,1460.5,13000.5,28991.7,
27_04_2026_10_05,24081.1,25896.6,1460.3,13001.7,28973.8,
27_04_2026_10_10,24063.3,25879.7,1459.35,12983.8,29040.4,
27_04_2026_10_15,24097.4,25941,1463.4,13002.8,29097.9,
27_04_2026_10_20,24066.3,25894.4,1461.4,12998.5,29096.9,
27_04_2026_10_25,24058.3,25882.1,1466.5,13007,29097.8,
27_04_2026_10_30,24023.2,25842.1,1466.2,12989.2,29099.2,
27_04_2026_10_35,24017.2,25833.7,1465.7,12979.7,29095.9,
27_04_2026_10_40,24043.4,25860.4,1467.25,12997,29086.7,
27_04_2026_10_45,24067.6,25883.2,1467.5,13001.3,29109.9,
27_04_2026_10_50,24080.1,25887.4,1471.25,12992.8,29109.9,
27_04_2026_10_55,24072.2,25888.3,1473.75,12977,29099.2,
27_04_2026_11_00,24063.6,25888.1,1473,12967.8,29094.6,
27_04_2026_11_05,24030.6,25863.6,1475.95,12976,29030.8,
27_04_2026_11_10,24056.9,25898.8,1475.8,12999.2,29075.6,
27_04_2026_11_15,24071.6,25902.4,1474.9,13005,29082.5,
27_04_2026_11_20,24058,25891.3,1474,13000.5,29047.2,
27_04_2026_11_25,24030.9,25875.7,1474.65,12997.7,29026.8,
27_04_2026_11_30,24014.2,25864.3,1474.2,12967.8,29019.2,
27_04_2026_11_35,23990.3,25854.8,1473.8,12951,28995.1,
27_04_2026_11_40,23998.7,25860.5,1475,12945.2,29031.1,
27_04_2026_11_45,24022.2,25873.5,1477.05,12949,29007.7,
27_04_2026_11_50,24019.2,25873.2,1476.9,12950.4,29005.6,
27_04_2026_11_55,24037.2,25897.7,1477.1,12953.4,29045.3,
27_04_2026_12_00,24030.2,25891.4,1476.6,12932.3,29030.4,
27_04_2026_12_05,24033.3,25924.8,1477.4,12941,29078.9,
27_04_2026_12_10,24040.5,25962.2,1477.95,12949.2,29110.5,
27_04_2026_12_15,24044.8,25969.8,1478,12966.6,29112.5,
27_04_2026_12_20,24043.8,25995.3,1476.65,12967,29123.2,
27_04_2026_12_25,24059,26019.2,1475.7,12974.7,29096.1,
27_04_2026_12_30,24076.1,26038.7,1476.15,12981.7,29094.9,
27_04_2026_12_35,24078.7,26034.2,1475.95,12974,29092.6,
27_04_2026_12_40,24075.7,26043.4,1475.15,12982.3,29094.2,
27_04_2026_12_45,24072.7,26054.8,1473.65,12987.7,29081.6,
27_04_2026_12_50,24074.3,26113.3,1473.5,12999.5,29089.8,
27_04_2026_12_55,24071.5,26084.8,1473.1,12995.2,29109.3,
27_04_2026_13_00,24082.3,26080.7,1473.4,12993.5,29127.2,
27_04_2026_13_05,24090.9,26097.8,1474.1,13002.5,29111.9,
27_04_2026_13_10,24099.8,26096.4,1474.8,12997.8,29105.3,
27_04_2026_13_15,24104.7,26108.2,1477.15,12993.2,29072.8,
27_04_2026_13_20,24109.9,26093.7,1477.1,12991.4,29087.1,
27_04_2026_13_25,24107.5,26075.8,1476.05,12992.2,29080.3,
27_04_2026_13_30,24109,26068.1,1476.65,12986.3,29097.9,
27_04_2026_13_35,24112.1,26071.7,1476.3,12994.1,29108,
27_04_2026_13_40,24116.2,26059.3,1476,12997.2,29101.3,
27_04_2026_13_45,24109.7,26069.4,1475.4,12989.2,29088.8,
27_04_2026_13_50,24116.3,26089.3,1474.45,12987.2,29091.4,
27_04_2026_13_55,24114.2,26087,1472.6,12977.2,29107.8,
27_04_2026_14_00,24114.3,26077.2,1471.85,12973.6,29128.5,
27_04_2026_14_05,24109.8,26071.6,1472.95,12974.5,29142.9,
27_04_2026_14_10,24122.2,26087.2,1474.85,12983.5,29169.1,
27_04_2026_14_15,24119.7,26085.1,1476.2,12972.6,29160.2,
27_04_2026_14_20,24110,26082.3,1475.6,12979,29142.6,
27_04_2026_14_25,24111.2,26095.1,1476.3,12978.8,29151.8,
27_04_2026_14_30,24083.5,26062.8,1476.15,12973.3,29157.1,
27_04_2026_14_35,24096.7,26081.3,1476.05,12984,29222.5,
27_04_2026_14_40,24110.7,26071,1476.05,12989.9,29203.4,
27_04_2026_14_45,24107.8,26067.2,1478.25,12988.5,29177.5,
27_04_2026_14_50,24126.2,26061.9,1474.85,12992.9,29168.3,
27_04_2026_14_55,24121.9,26068.5,1475.55,12992.7,29173.8,
27_04_2026_15_00,24099.6,26050.3,1471.2,12990.2,29165.1,
27_04_2026_15_05,24093.7,26043.3,1471.75,12980.8,29145.4,
27_04_2026_15_10,24094.3,26045.1,1472.9,12970,29165.4,
27_04_2026_15_15,24079.8,26040.3,1473.45,12968.7,29141.9,
27_04_2026_15_20,24090.3,26070.1,1472.7,12987.5,29177.1,
27_04_2026_15_25,24110.2,26076.3,1471.4,12993.8,29198.3,
28_04_2026_09_15,24093.8,26114.4,1478.8,13053.3,29203.6,
28_04_2026_09_20,24086.7,26099.4,1472,13034,29127.8,
28_04_2026_09_25,24115.3,26115.7,1475.05,13014.2,29205,
28_04_2026_09_30,24105.9,26126.3,1470.1,13030.5,29094.9,
28_04_2026_09_35,24101.9,26181.1,1471.95,13022.9,29088.3,
28_04_2026_09_40,24128.3,26200.2,1474.45,13040.8,29089.3,
28_04_2026_09_45,24120.8,26151.6,1473.6,13069.9,29035.3,
28_04_2026_09_50,24123.3,26164.7,1471.6,13076.1,29044.9,
28_04_2026_09_55,24155.3,26184.9,1468.2,13087.8,29157.8,
28_04_2026_10_00,24155.2,26173.1,1471.85,13091.2,29182.1,
28_04_2026_10_05,24160.6,26160.2,1473.55,13114,29228.1,
28_04_2026_10_10,24148.3,26143.9,1472,13135.5,29189.7,
28_04_2026_10_15,24157.4,26180.4,1472.8,13149.4,29175.9,
28_04_2026_10_20,24170.6,26160.7,1474,13152.7,29189.8,
28_04_2026_10_25,24166.8,26178.3,1474,13141,29173.9,
28_04_2026_10_30,24152,26128.8,1473.85,13160,29111.7,
28_04_2026_10_35,24139.8,26095.4,1471.9,13152.2,29080.8,
28_04_2026_10_40,24134.8,26106.4,1470.85,13121.2,29082.9,
28_04_2026_10_45,24150.3,26107.8,1473.35,13124.2,29074.2,
28_04_2026_10_50,24162.2,26107.7,1475.15,13141.4,29099.3,
28_04_2026_10_55,24167.8,26117.5,1479.45,13153.2,29099.6,
28_04_2026_11_00,24161.3,26102.4,1478.85,13149.5,29062.3,
28_04_2026_11_05,24144.9,26089.3,1479.3,13131,29041.2,
28_04_2026_11_10,24148,26096.2,1476.85,13130.2,29052.4,
28_04_2026_11_15,24127,26094.7,1476.9,13119.7,29053.4,
28_04_2026_11_20,24111.7,26051.3,1472.05,13122.8,29062.9,
28_04_2026_11_25,24058,25967.9,1468.85,13109.9,29022.9,
28_04_2026_11_30,24059.2,25975.2,1468.8,13116.7,29058.4,
28_04_2026_11_35,24082,25974.7,1470.8,13115.8,29087.8,
28_04_2026_11_40,24085.4,25982.7,1473,13112.5,29115.9,
28_04_2026_11_45,24085.9,25964.3,1477.5,13101.2,29129.3,
28_04_2026_11_50,24074.6,25959.1,1479.6,13102,29105.9,
28_04_2026_11_55,24056,25894.4,1477.15,13093.7,29086.3,
28_04_2026_12_00,24039.5,25880.3,1475.5,13085.3,29051,
28_04_2026_12_05,24035.3,25862.3,1476.05,13074.3,29047,
28_04_2026_12_10,24048.2,25868.4,1477.1,13084.2,29075.3,
28_04_2026_12_15,24036,25853.2,1477.3,13088.5,29088.9,
28_04_2026_12_20,24017.4,25847.4,1473.6,13082,29069.9,
28_04_2026_12_25,24012.4,25855,1476.3,13079.4,29056.8,
28_04_2026_12_30,24004.2,25867.3,1474,13063.7,29031.8,
28_04_2026_12_35,24007.8,25848.7,1476.25,13083,29005.7,
28_04_2026_12_40,24029.8,25876.8,1476.65,13092,28999.7,
28_04_2026_12_45,24031.4,25879.6,1479.7,13074.8,28991.2,
28_04_2026_12_50,24022.6,25870.5,1481.5,13055,28981.1,
28_04_2026_12_55,24007.3,25862.2,1480.7,13054.8,28957.5,
28_04_2026_13_00,24018.2,25886.9,1480.05,13049,28959.4,
28_04_2026_13_05,24030.6,25896,1483.25,13049.3,28985.8,
28_04_2026_13_10,24017.6,25885,1481.55,13047.6,28985.2,
28_04_2026_13_15,24033.9,25908.8,1482.6,13056.8,28987.2,
28_04_2026_13_20,24041.5,25912.6,1484.35,13050.8,28963.4,
28_04_2026_13_25,24019.4,25913.3,1481.65,13044.5,28942.8,
28_04_2026_13_30,23998.9,25892.6,1478.6,13034,28930.7,
28_04_2026_13_35,23992.6,25883.4,1475.2,13027.5,28941.4,
28_04_2026_13_40,24002.7,25892.8,1474.65,13029.5,28949,
28_04_2026_13_45,23988.8,25885.6,1473.15,13032.3,28945.1,
28_04_2026_13_50,24010.4,25900.9,1471.35,13039.2,28969.8,
28_04_2026_13_55,24010.6,25913.8,1472.15,13032.7,28977.7,
28_04_2026_14_00,24004.2,25907.8,1472.15,13035.2,28950.7,
28_04_2026_14_05,24007.3,25920.4,1471.4,13032.5,28960.8,
28_04_2026_14_10,23981.9,25900.1,1469.25,13015.1,28932,
28_04_2026_14_15,23993.3,25895.7,1468.85,13028.8,28928.6,
28_04_2026_14_20,24004.8,25906.8,1469.8,13034.5,28922.9,
28_04_2026_14_25,23997.4,25860.2,1469.8,13045.3,28914.2,
28_04_2026_14_30,24008.8,25911.9,1472.75,13062.5,28920.2,
28_04_2026_14_35,24023.6,25920.3,1473.5,13062,28944.7,
28_04_2026_14_40,24032.2,25863.5,1475.45,13058.1,28945.9,
28_04_2026_14_45,24037.1,25856.8,1475.45,13063.7,28971.8,
28_04_2026_14_50,24044.3,25844.2,1474.2,13069.2,29003.8,
28_04_2026_14_55,24039.2,25860.4,1474.15,13077.2,28995.1,
28_04_2026_15_00,24002.2,25769.6,1469.15,13037.7,28966.9,
28_04_2026_15_05,23979.6,25779.2,1470.1,13035.2,28947.3,
28_04_2026_15_10,23972.4,25782.9,1470.45,13036.6,28927.4,
28_04_2026_15_15,23968.4,25792.2,1468.75,13045.7,28950.2,
28_04_2026_15_20,23981.1,25782.8,1471.95,13046.9,28955.3,
28_04_2026_15_25,24016.5,25804.4,1473.55,13065.3,28983,
29_04_2026_09_15,24090.8,26178.3,1474.7,12984.1,29102.6,
29_04_2026_09_20,24077.9,26203.9,1469.45,12888.8,29147.9,
29_04_2026_09_25,24111.6,26273,1473.85,12934.1,29142.3,
29_04_2026_09_30,24092.3,26243.6,1474.35,12919.5,29111.7,
29_04_2026_09_35,24105.1,26225.9,1472.5,12947.9,29220.8,
29_04_2026_09_40,24141.3,26297.2,1471.1,12961.2,29264.9,
29_04_2026_09_45,24164.8,26377.1,1468.3,12941.8,29388.2,
29_04_2026_09_50,24173.9,26475.1,1468.25,12948.7,29416.7,
29_04_2026_09_55,24173.2,26425.5,1467.35,12978,29334.8,
29_04_2026_10_00,24201.3,26395.9,1468.85,12996.2,29369.4,
29_04_2026_10_05,24211.8,26386.7,1466.95,12989.2,29374.2,
29_04_2026_10_10,24233.8,26394.2,1465.95,13006.5,29432.6,
29_04_2026_10_15,24243.1,26405.3,1467.95,13049.2,29391.8,
29_04_2026_10_20,24270.4,26434.7,1468.5,13049.6,29403.6,
29_04_2026_10_25,24290.2,26429.6,1468.1,13052,29408.3,
29_04_2026_10_30,24283.2,26413.8,1465.85,13050.6,29366.3,
29_04_2026_10_35,24268.7,26398.8,1464.6,13053.8,29391.2,
29_04_2026_10_40,24267.4,26366.4,1462.6,13068.8,29350.9,
29_04_2026_10_45,24271.7,26344.2,1464.2,13062,29318.9,
29_04_2026_10_50,24285.1,26369.1,1465.65,13059.3,29303.3,
29_04_2026_10_55,24287.1,26395.3,1468.05,13072,29384.2,
29_04_2026_11_00,24277.1,26384.2,1467.45,13078.9,29385.6,
29_04_2026_11_05,24292.6,26390.5,1469.15,13078.8,29416.9,
29_04_2026_11_10,24288.2,26392.3,1470.85,13075.2,29419.9,
29_04_2026_11_15,24276.1,26359.3,1473.95,13077.3,29357.3,
29_04_2026_11_20,24277.3,26328.6,1472.85,13070.5,29347.4,
29_04_2026_11_25,24263.2,26309.2,1469.25,13058.4,29342.6,
29_04_2026_11_30,24278.2,26342.7,1469.35,13069.9,29352.2,
29_04_2026_11_35,24276.6,26336.3,1469.25,13089.5,29341.9,
29_04_2026_11_40,24271.8,26333.3,1468.15,13099.4,29333.5,
29_04_2026_11_45,24267.1,26315.8,1468,13081.8,29352.6,
29_04_2026_11_50,24271.1,26322.1,1468.95,13078.6,29349.9,
29_04_2026_11_55,24276.9,26345.7,1470.05,13082.3,29368.7,
29_04_2026_12_00,24273.1,26339.8,1469.3,13063.6,29358.8,
29_04_2026_12_05,24283,26353.6,1468.8,13065,29366.2,
29_04_2026_12_10,24293.2,26373,1467.5,13059.2,29369.3,
29_04_2026_12_15,24301.6,26385.1,1468.3,13078.8,29363.6,
29_04_2026_12_20,24310.4,26380.1,1469.25,13073.1,29355.5,
29_04_2026_12_25,24307.1,26372.8,1469.55,13069.5,29361.8,
29_04_2026_12_30,24324.7,26387.2,1469.7,13082.1,29382.1,
29_04_2026_12_35,24328.6,26379.5,1470.7,13084.3,29363.7,
29_04_2026_12_40,24321.6,26407.2,1472.05,13085.1,29381.6,
29_04_2026_12_45,24321.3,26403.8,1471.1,13091,29389.8,
29_04_2026_12_50,24321.3,26392.2,1470.55,13104,29386.1,
29_04_2026_12_55,24316.8,26393.7,1473.1,13101.7,29384.4,
29_04_2026_13_00,24317.4,26383.3,1474.1,13096.5,29386.3,
29_04_2026_13_05,24319.2,26384.6,1473,13095.7,29389.1,
29_04_2026_13_10,24318.2,26354.4,1474.5,13091.2,29388.8,
29_04_2026_13_15,24320.8,26336.5,1473.85,13100.3,29395.4,
29_04_2026_13_20,24310.2,26323,1470.5,13109.5,29386.3,
29_04_2026_13_25,24305.2,26310.1,1469.2,13119.2,29369.8,
29_04_2026_13_30,24313.1,26323.3,1468.9,13141.2,29343.9,
29_04_2026_13_35,24285,26281.8,1467.95,13135.6,29316.1,
29_04_2026_13_40,24272.6,26219.3,1466.55,13116.7,29283.1,
29_04_2026_13_45,24266.1,26207.7,1465.5,13121.9,29285.4,
29_04_2026_13_50,24269.8,26242.4,1468.3,13144.5,29300.4,
29_04_2026_13_55,24254.9,26195.8,1466.9,13130.8,29302.2,
29_04_2026_14_00,24202.4,26139,1463.95,13102.2,29233.8,
29_04_2026_14_05,24207.2,26161.8,1465.7,13120.2,29246.3,
29_04_2026_14_10,24214.6,26164.8,1466.6,13129,29256.5,
29_04_2026_14_15,24189.3,26136.1,1463.8,13103.2,29247.7,
29_04_2026_14_20,24214.4,26171.2,1465.75,13109.8,29253,
29_04_2026_14_25,24186.7,26088.3,1465.05,13103.7,29232.1,
29_04_2026_14_30,24207.8,26082.2,1466.9,13107.4,29283.3,
29_04_2026_14_35,24205.1,26081.8,1465.85,13114.8,29263.9,
29_04_2026_14_40,24229.2,26133.8,1466.9,13129.7,29297.7,
29_04_2026_14_45,24206,26121.7,1465.8,13120,29276.7,
29_04_2026_14_50,24206.1,26112.8,1465.2,13140.5,29266.9,
29_04_2026_14_55,24185.4,26062.2,1461.4,13121,29261.7,
29_04_2026_15_00,24189.5,26110.2,1462.1,13122.3,29281.2,
29_04_2026_15_05,24192.4,26136.8,1463.3,13119.2,29285.4,
29_04_2026_15_10,24170.2,26102,1461.6,13113,29244.8,
29_04_2026_15_15,24158.1,26046.4,1463.1,13104,29226.1,
29_04_2026_15_20,24160.8,26069.7,1460.75,13096.6,29205.7,
29_04_2026_15_25,24163.6,26078.2,1462.35,13116.2,29188.3,
30_04_2026_09_15,23945.2,25695.4,1456.85,12953.8,29175.7,
30_04_2026_09_20,23900.8,25599.8,1448.95,12946.8,29066.1,
30_04_2026_09_25,23876.9,25586,1452.25,12948.3,29037.3,
30_04_2026_09_30,23918.8,25603.4,1459.5,12948.5,29275.1,
30_04_2026_09_35,23908.9,25538.4,1450.9,12921.5,29259.7,
30_04_2026_09_40,23937.8,25593.8,1453.95,12949.5,29250.3,
30_04_2026_09_45,23920.6,25587.5,1454.3,12939.2,29247.5,
30_04_2026_09_50,23905.2,25578.2,1451.65,12931,29286.9,
30_04_2026_09_55,23880.2,25531.3,1451.2,12910.9,29296.2,
30_04_2026_10_00,23849.6,25495.1,1448.4,12840.5,29250.8,
30_04_2026_10_05,23842.2,25495.4,1446.6,12882.2,29229.4,
30_04_2026_10_10,23828.6,25463.1,1442.95,12863.5,29249.8,
30_04_2026_10_15,23838.4,25480.6,1441.65,12840.2,29216.4,
30_04_2026_10_20,23821.1,25476.1,1440.05,12836,29231.9,
30_04_2026_10_25,23827.6,25462.1,1439.65,12828,29239.9,
30_04_2026_10_30,23834.9,25467.3,1439.55,12835.2,29243.7,
30_04_2026_10_35,23851.8,25589.9,1443.7,12840.8,29222.1,
30_04_2026_10_40,23843.7,25665.6,1444.75,12843.8,29218.5,
30_04_2026_10_45,23818.6,25608.8,1445.4,12841,29167.8,
30_04_2026_10_50,23811.7,25613.8,1443.4,12830.2,29171.1,
30_04_2026_10_55,23815.8,25608.5,1443.1,12819,29165.8,
30_04_2026_11_00,23815.2,25599.9,1444.65,12832.2,29163.4,
30_04_2026_11_05,23826.2,25600,1447.45,12852.5,29172.2,
30_04_2026_11_10,23799.9,25524.3,1443.7,12839,29154.1,
30_04_2026_11_15,23808.7,25566.4,1444.95,12857.9,29139.9,
30_04_2026_11_20,23807.7,25552.6,1445.25,12855,29113.1,
30_04_2026_11_25,23831.7,25567.9,1448.45,12871.8,29114.1,
30_04_2026_11_30,23838.1,25542.9,1450.1,12858.2,29103.9,
30_04_2026_11_35,23846.4,25553.4,1449.35,12856.6,29116.9,
30_04_2026_11_40,23835.7,25562.2,1449.65,12842,29137.2,
30_04_2026_11_45,23846.8,25548.4,1449.55,12842.2,29145.4,
30_04_2026_11_50,23834.4,25522.9,1447.85,12830.2,29212.9,
30_04_2026_11_55,23842.6,25531.1,1447.65,12833.5,29254.3,
30_04_2026_12_00,23843.5,25529.2,1448.85,12840.5,29273.7,
30_04_2026_12_05,23868.3,25551,1450.7,12834.9,29260.2,
30_04_2026_12_10,23899.8,25560.2,1453.3,12845.6,29275.8,
30_04_2026_12_15,23882.2,25544.9,1452.4,12832.5,29270.5,
30_04_2026_12_20,23911.6,25591.7,1454.85,12862.1,29297.5,
30_04_2026_12_25,23911.4,25578.8,1454.4,12842.6,29309.2,
30_04_2026_12_30,23915.1,25613.2,1453.85,12838.2,29370.5,
30_04_2026_12_35,23904.9,25611.1,1451.25,12839,29352.9,
30_04_2026_12_40,23912.9,25633.8,1452.5,12847,29432.9,
30_04_2026_12_45,23926.8,25656.7,1455,12854.4,29441.8,
30_04_2026_12_50,23932.1,25690.2,1456.05,12852.1,29398.9,
30_04_2026_12_55,23936.8,25673.5,1457,12852.3,29389.7,
30_04_2026_13_00,23927.8,25664.5,1454.85,12848.8,29387.4,
30_04_2026_13_05,23940.4,25672.4,1454.15,12837.9,29371.1,
30_04_2026_13_10,23950.2,25661.9,1454.65,12837.7,29399.1,
30_04_2026_13_15,23940.1,25654.8,1455.4,12830.7,29403.8,
30_04_2026_13_20,23968,25684.9,1455.25,12839.7,29402.2,
30_04_2026_13_25,23971.2,25686.8,1455.95,12844,29402.1,
30_04_2026_13_30,23973.8,25703.2,1456.15,12848.8,29416.9,
30_04_2026_13_35,23977.8,25707.6,1455.5,12840,29424.2,
30_04_2026_13_40,24029.8,25741.8,1458.9,12868.8,29480.8,
30_04_2026_13_45,24039.2,25793.1,1460.5,12880,29491.2,
30_04_2026_13_50,24033.9,25857.3,1459,12868.9,29482.2,
30_04_2026_13_55,24055.1,25870.8,1460.6,12892.7,29492.3,
30_04_2026_14_00,24038.2,25838.6,1459.45,12875.4,29527.1,
30_04_2026_14_05,24043.9,25836.2,1457.65,12876.4,29487.3,
30_04_2026_14_10,24022.8,25826.8,1457.75,12864.4,29465.7,
30_04_2026_14_15,23997,25787.8,1454.05,12848.2,29444.3,
30_04_2026_14_20,24011.9,25831.2,1453.45,12850.3,29442.4,
30_04_2026_14_25,24007.2,25832.1,1454.3,12874.8,29419.9,
30_04_2026_14_30,24034.6,25921.4,1455.55,12879.5,29468.9,
30_04_2026_14_35,24062.2,25954.7,1455.95,12866.3,29481.6,
30_04_2026_14_40,24075.1,25959.4,1458.35,12881.5,29507,
30_04_2026_14_45,24036.8,25936,1458.6,12865.5,29452.7,
30_04_2026_14_50,24024.8,25966.6,1456.65,12863,29413.2,
30_04_2026_14_55,24050.2,26025.6,1459.2,12885.2,29424.6,
30_04_2026_15_00,24001.7,25912.2,1456.5,12850.5,29355.4,
30_04_2026_15_05,23970.9,25893.9,1454.3,12834,29326.4,
30_04_2026_15_10,23991.3,25909.6,1456.1,12830.8,29331.6,
30_04_2026_15_15,24004.1,25920.7,1456.35,12819.4,29360.8,
30_04_2026_15_20,24010,25941.5,1455.6,12818.3,29369.8,
30_04_2026_15_25,24043.7,25946.1,1458.05,12832,29377,
04_05_2026_09_15,24177.1,26329,1450.7,12962.4,29345.3,15459.6
04_05_2026_09_20,24179.7,26391.9,1455.35,12926,29352.6,15465.8
04_05_2026_09_25,24214.6,26469.3,1458.1,12902.2,29378.6,15498.7
04_05_2026_09_30,24229.5,26457.4,1456.4,12948.2,29406.6,15507.3
04_05_2026_09_35,24261,26446.8,1453.8,12963.4,29435.5,15518.3
04_05_2026_09_40,24276.7,26417.7,1453.65,12967.7,29422.7,15528.4
04_05_2026_09_45,24269.3,26428.2,1452.45,13011,29387.2,15534.5
04_05_2026_09_50,24232.2,26403.4,1449.75,12951.6,29386.5,15513.8
04_05_2026_09_55,24246.2,26415.6,1453.1,12980.8,29368.8,15525.5
04_05_2026_10_00,24223.9,26348.9,1447.65,12970.9,29366.4,15505.8
04_05_2026_10_05,24223.6,26306.5,1445.95,12981,29343.2,15499.1
04_05_2026_10_10,24175.2,26260.2,1443.9,12977.2,29222.2,15473.9
04_05_2026_10_15,24174.7,26231.2,1442.55,12982.2,29249.3,15462.2
04_05_2026_10_20,24151.4,26172.3,1439.1,12966.4,29166.1,15435.2
04_05_2026_10_25,24196.7,26237.3,1442.45,13000.7,29189.9,15462.6
04_05_2026_10_30,24186.7,26224.8,1444.7,13000.5,29177.7,15459.7
04_05_2026_10_35,24213.5,26226.4,1445.05,13013,29214.8,15473.3
04_05_2026_10_40,24219.2,26227.8,1444.3,13008.7,29185.8,15475.2
04_05_2026_10_45,24232.3,26278.7,1446.1,13016.3,29197.8,15488
04_05_2026_10_50,24220.3,26271,1444.15,13017.1,29192.8,15487.1
04_05_2026_10_55,24187.2,26225.1,1441.85,13006.1,29178.3,15458.8
04_05_2026_11_00,24202.7,26220.6,1448.65,13015.6,29200.2,15466.5
04_05_2026_11_05,24206.6,26260.4,1448.95,12999.8,29166.2,15473.8
04_05_2026_11_10,24227.2,26288.5,1449.25,12998.3,29224.2,15484.2
04_05_2026_11_15,24229.8,26321,1450.6,13011,29213.4,15488
04_05_2026_11_20,24233.2,26259.9,1450.35,13004,29199.2,15487.5
04_05_2026_11_25,24237.4,26208.3,1450.7,13005,29192.9,15488.7
04_05_2026_11_30,24231,26179.4,1448.9,13004.7,29171.8,15486
04_05_2026_11_35,24237.7,26193.4,1447.15,13020.8,29142.3,15497.6
04_05_2026_11_40,24228.4,26188.1,1447.75,13013.5,29135.4,15489.4
04_05_2026_11_45,24239.2,26209.9,1450,13006.7,29177.1,15489.8
04_05_2026_11_50,24223.3,26205.4,1449.45,12996.4,29150.8,15484
04_05_2026_11_55,24221.1,26201.1,1447.4,12982.4,29147.6,15480
04_05_2026_12_00,24213.2,26182.5,1447,12988.3,29145.8,15471.8
04_05_2026_12_05,24199.6,26104.3,1446.5,12972,29147.9,15456.5
04_05_2026_12_10,24117,25976.4,1441.35,12948.7,29090.9,15400.3
04_05_2026_12_15,24144.1,26018.7,1442.25,12964.3,29111.2,15416.2
04_05_2026_12_20,24135.8,26008.8,1442.3,12965.9,29105.6,15412.2
04_05_2026_12_25,24132.8,26017.9,1443,12953.2,29130.3,15409.3
04_05_2026_12_30,24107.9,26011.5,1440.9,12927.2,29118.9,15390.8
04_05_2026_12_35,24125.4,26049.6,1444.5,12943.2,29089.9,15402.7
04_05_2026_12_40,24100.6,25984.6,1442.1,12944.9,29059,15379.7
04_05_2026_12_45,24092.8,25952.2,1441.65,12941.2,29044.8,15363
04_05_2026_12_50,24108.2,25937.8,1442.05,12955.2,29063.3,15368.7
04_05_2026_12_55,24103.8,25963.2,1440.7,12947,29049.2,15365.2
04_05_2026_13_00,24101.8,25956.5,1439.35,12946.2,29057.2,15363.5
04_05_2026_13_05,24113.9,25957.8,1439.6,12956.3,29062.8,15368.5
04_05_2026_13_10,24109.1,25953.8,1440.9,12949.2,29058.4,15368.9
04_05_2026_13_15,24101.4,25931.4,1441.5,12957.8,29054.8,15359
04_05_2026_13_20,24070.8,25894.5,1437.4,12938.6,29020.6,15338.9
04_05_2026_13_25,24025.2,25849.9,1434.7,12915,28985.2,15305.7
04_05_2026_13_30,24019.8,25829.8,1434.4,12909,28968.3,15297.8
04_05_2026_13_35,24039.2,25858.8,1436.25,12930.3,28974.4,15311.7
04_05_2026_13_40,24086.8,25934,1439.95,12937.7,29016.7,15349.8
04_05_2026_13_45,24094.9,25964.7,1439.7,12941,29022.2,15353.7
04_05_2026_13_50,24086,25949.2,1439.6,12938.5,29026.9,15348.8
04_05_2026_13_55,24072.2,25931.2,1439.3,12936.2,29037.2,15337.4
04_05_2026_14_00,24068.8,25955.2,1440.55,12943,29049.7,15334.5
04_05_2026_14_05,24073.4,25980.9,1441.4,12931.5,29069.2,15341.9
04_05_2026_14_10,24103.8,26026.2,1443.75,12962.4,29106.8,15369.5
04_05_2026_14_15,24139,26070.8,1444.15,12984,29132.3,15397
04_05_2026_14_20,24126.6,26039.1,1443,12983.3,29107.9,15385.2
04_05_2026_14_25,24122.7,26029.8,1444.85,12984,29103.1,15375.8
04_05_2026_14_30,24112.2,26025.5,1443.8,12987.9,29097,15369.9
04_05_2026_14_35,24111.6,25999.2,1443.25,12984,29112.2,15361.5
04_05_2026_14_40,24096,26004.8,1444,12984,29092.1,15362.5
04_05_2026_14_45,24077.7,25962,1444.25,12966.2,29078.6,15346.7
04_05_2026_14_50,24096.7,25996.3,1446,12976,29080,15361.7
04_05_2026_14_55,24089.2,26007.1,1445.5,12991.5,29076.8,15363.8
04_05_2026_15_00,24098,26031.8,1449,12982.8,29078.9,15368.7
04_05_2026_15_05,24117.2,26043.3,1450.4,12981.5,29083.9,15380.2
04_05_2026_15_10,24123.2,26028.1,1449.6,12976.5,29082.1,15373
04_05_2026_15_15,24125.4,26019.2,1448.65,12968.9,29074.6,15365.5
04_05_2026_15_20,24111.7,26021.3,1445.6,12960.5,29044.4,15363.2
04_05_2026_15_25,24123.8,26058.4,1447.1,12970,29074.7,15372.5
05_05_2026_09_15,24064.2,25907.5,1452.2,12951.4,29313.1,15337.9
05_05_2026_09_20,24026.6,25930.2,1458.95,12912.8,29139.2,15340
05_05_2026_09_25,23992.1,25870.6,1460.05,12903.7,29138.8,15313.5
05_05_2026_09_30,24042.8,25999.8,1462.45,12919.1,29136.9,15350.5
05_05_2026_09_35,24022.2,25974.9,1459.5,12911.8,29117.7,15340.5
05_05_2026_09_40,24013.8,26003.3,1460.85,12929.8,29101.8,15349.5
05_05_2026_09_45,24036.1,25991.2,1463.05,12940.2,29209.8,15357.9
05_05_2026_09_50,24047.9,26007.3,1460.7,12988.7,29270.8,15367.6
05_05_2026_09_55,24043.1,25991.5,1457.15,13019.8,29212.2,15359.3
05_05_2026_10_00,24012.4,25936.4,1453.35,12997.3,29203,15342.3
05_05_2026_10_05,23994.6,25915.2,1451.45,12994.2,29176.4,15333.3
05_05_2026_10_10,23986,25903.6,1450.7,12982.3,29156.4,15323.2
05_05_2026_10_15,23986.9,25886.8,1450.85,12987.5,29160.2,15326.8
05_05_2026_10_20,23979.1,25899.8,1451.1,12987,29146.6,15324.2
05_05_2026_10_25,23954.4,25871.5,1449.1,12979.3,29139.6,15311.1
05_05_2026_10_30,23941.3,25849.7,1448.05,12987.7,29153.6,15300.1
05_05_2026_10_35,23941.3,25864.2,1448.15,12968.7,29145.7,15298.8
05_05_2026_10_40,23937.9,25855.3,1444.7,12977.5,29134.1,15290.3
05_05_2026_10_45,23947,25855.9,1443.7,12986.3,29109.8,15291.2
05_05_2026_10_50,23928.7,25834.7,1444.05,12976.2,29081.8,15283.8
05_05_2026_10_55,23925.9,25815.6,1442.2,12965.8,29105.4,15285.5
05_05_2026_11_00,23951.9,25851.8,1445.5,12983,29147.3,15301.3
05_05_2026_11_05,23926.8,25851.7,1444.3,12978.8,29123.2,15292.3
05_05_2026_11_10,23939,25858.5,1445.15,12989.6,29141.9,15302
05_05_2026_11_15,23935.1,25847.4,1446.1,12996.2,29139.2,15300
05_05_2026_11_20,23931.9,25853.8,1445.25,12973.3,29131.3,15301.5
05_05_2026_11_25,23935.2,25847.2,1448.05,12976.7,29126.3,15304.9
05_05_2026_11_30,23950.8,25889.4,1448.75,12969.2,29138.7,15313.5
05_05_2026_11_35,23939.9,25887.3,1450,12964.2,29125.9,15308.2
05_05_2026_11_40,23916.1,25855.3,1445.65,12926.9,29062.4,15292.1
05_05_2026_11_45,23904.4,25886.7,1443.2,12907.8,29064.8,15284.3
05_05_2026_11_50,23891.6,25869.6,1444.45,12890.2,29073.7,15273.7
05_05_2026_11_55,23888.9,25887.7,1444.4,12892,29056.4,15266
05_05_2026_12_00,23899.6,25929.4,1445.4,12903.6,29055.3,15284.5
05_05_2026_12_05,23919.6,25927.4,1446.3,12912.4,29064.2,15290.6
05_05_2026_12_10,23946.4,25950.3,1445.9,12943.8,29076.2,15307.3
05_05_2026_12_15,23954.8,25961.6,1447.45,12955.2,29093.3,15315.1
05_05_2026_12_20,23967.2,26019.1,1445.6,12962,29066.1,15325
05_05_2026_12_25,23943.2,26018.9,1446.2,12963.2,29058.7,15313.2
05_05_2026_12_30,23955.4,26039.3,1448.15,12967.1,29072.7,15323.8
05_05_2026_12_35,23961.9,26108.2,1447.2,12985.7,29083.2,15344
05_05_2026_12_40,23952.8,26042.7,1448,12982.6,29069,15334.3
05_05_2026_12_45,23978.1,26029.8,1448.8,12988.5,29043.8,15343.2
05_05_2026_12_50,23983.2,25980.5,1449.55,13001.4,29041.3,15339.5
05_05_2026_12_55,24011.9,26028.9,1450.85,13005.8,29057.5,15355.8
05_05_2026_13_00,24019.8,26066.2,1451.75,13009.2,29047.2,15364.2
05_05_2026_13_05,24065.8,26220.6,1452.15,13024.1,29059.8,15401.4
05_05_2026_13_10,24068.8,26198.6,1452.3,13021.4,29058,15401.5
05_05_2026_13_15,24040.4,26140.7,1451.9,13008.2,29062.3,15394.5
05_05_2026_13_20,24041.4,26137.8,1450.65,13005.6,29047.7,15389.6
05_05_2026_13_25,24039.9,26124.2,1450.15,13007.2,29023.7,15384
05_05_2026_13_30,24024.7,26097.6,1450.9,13003.3,29025.9,15373.5
05_05_2026_13_35,24037.8,26102.1,1450.15,13005.9,29051,15378.6
05_05_2026_13_40,24050.4,26090.2,1452.05,13003.2,29085.4,15385.8
05_05_2026_13_45,24045.8,26104.2,1450.05,12995.2,29073.3,15384.8
05_05_2026_13_50,24030.2,26124.8,1448.4,12986,29061.6,15369.5
05_05_2026_13_55,24038.1,26121.9,1449.85,12982.9,29035.9,15374.4
05_05_2026_14_00,24029.2,26097.1,1448.7,12980.5,29025.9,15373.7
05_05_2026_14_05,24016.3,26052.8,1447.55,12977.2,29032.9,15362
05_05_2026_14_10,24016.8,26071.9,1446.95,12983,29039,15363.4
05_05_2026_14_15,24037.2,26093.3,1447.55,12995.4,29060.1,15375.2
05_05_2026_14_20,24035.3,26093.4,1447.8,12991.7,29067.2,15381.4
05_05_2026_14_25,24058.3,26101,1447.9,13005.5,29111.2,15385.5
05_05_2026_14_30,24036.2,26098.8,1447.9,13002.8,29084.3,15376.2
05_05_2026_14_35,24034.7,26121.9,1448.4,12993.3,29075.2,15377.2
05_05_2026_14_40,24042.1,26126.9,1449.45,12992.8,29106.8,15385
05_05_2026_14_45,24024.3,26132.9,1448.85,12981.2,29083.1,15381.5
05_05_2026_14_50,24020.7,26144,1447.3,12982.7,29068.3,15383.7
05_05_2026_14_55,24010.8,26163.7,1448.45,12973.5,29038.2,15380.3
05_05_2026_15_00,24013.2,26173.6,1449.6,12975,29092.4,15383.1
05_05_2026_15_05,24031.6,26174.9,1450.6,12988.7,29111.9,15390.2
05_05_2026_15_10,24041.7,26201.6,1450.1,12997.7,29121.8,15396.1
05_05_2026_15_15,24050.4,26215.6,1448.65,12996.5,29129.8,15407.2
05_05_2026_15_20,24041.8,26212.2,1450.5,12991.6,29111.4,15399.2
05_05_2026_15_25,24052.2,26244.1,1449.85,12998.8,29116.1,15401.7
06_05_2026_09_15,24175.8,26640.2,1456.85,13118.6,29448.7,15546
06_05_2026_09_20,24185.2,26616.1,1455.75,13109.2,29590.5,15541.9
06_05_2026_09_25,24171.6,26521.7,1455.15,13106.1,29599.6,15525.7
06_05_2026_09_30,24162.8,26533.2,1457.55,13106.3,29523.2,15523
06_05_2026_09_35,24154,26582.6,1455.1,13098.2,29461.9,15529.3
06_05_2026_09_40,24138.4,26618.2,1454.6,13090.8,29383.2,15532.1
06_05_2026_09_45,24136.9,26607.7,1455.35,13100.8,29369.4,15534.9
06_05_2026_09_50,24152.1,26605.2,1455.1,13077.5,29380.2,15543.8
06_05_2026_09_55,24140.3,26623.6,1453.4,13097.1,29395.8,15532.5
06_05_2026_10_00,24110.2,26618.8,1449.85,13082,29397.8,15522.9
06_05_2026_10_05,24107,26619.3,1447.75,13074.3,29412.1,15519.1
06_05_2026_10_10,24137.3,26644.2,1450.45,13076.2,29443.5,15535.8
06_05_2026_10_15,24137.5,26666.2,1449.1,13080.7,29420.7,15531.7
06_05_2026_10_20,24141.8,26644.8,1448.6,13082,29398.6,15523.2
06_05_2026_10_25,24136.4,26630.7,1447.85,13088.8,29361.3,15522.5
06_05_2026_10_30,24128.8,26631.8,1448.75,13091.3,29297.9,15523.6
06_05_2026_10_35,24124.4,26663.3,1447.9,13080.7,29277.1,15525.7
06_05_2026_10_40,24142.8,26662.8,1448.9,13082,29311.4,15537.1
06_05_2026_10_45,24129.8,26613.2,1447.6,13072.2,29310.1,15526
06_05_2026_10_50,24095.8,26419.3,1446.6,13071.9,29300.3,15489.5
06_05_2026_10_55,24095.8,26405.6,1447.6,13079.7,29304.1,15495.4
06_05_2026_11_00,24074.5,26288.6,1445.4,13073.1,29299.6,15462.8
06_05_2026_11_05,24098.3,26320.1,1446.75,13075.8,29290.6,15481.8
06_05_2026_11_10,24089.3,26313.7,1446.5,13049.5,29299.7,15480.8
06_05_2026_11_15,24087.1,26333.2,1446.5,13035.8,29347,15478.8
06_05_2026_11_20,24089.2,26389.6,1448.6,13022.2,29340.2,15484.5
06_05_2026_11_25,24112.5,26423.3,1448.05,13054.2,29336.5,15496
06_05_2026_11_30,24107.7,26452.8,1449.9,13052.3,29324.7,15500.9
06_05_2026_11_35,24078.5,26428.8,1447.15,13045.9,29299.3,15485.8
06_05_2026_11_40,24096.8,26446.6,1450.15,13053.2,29332.8,15499.2
06_05_2026_11_45,24108.1,26466.2,1450.65,13064.2,29355,15509.1
06_05_2026_11_50,24108.8,26470.2,1452.05,13074.7,29325.7,15508.4
06_05_2026_11_55,24097.3,26481.2,1452.05,13076.3,29318.6,15508.1
06_05_2026_12_00,24090.9,26455.6,1453.5,13068.2,29324.1,15506.8
06_05_2026_12_05,24084.4,26413.2,1455.1,13053.6,29292.4,15502.4
06_05_2026_12_10,24082.8,26413,1456.75,13073.8,29270.2,15500.3
06_05_2026_12_15,24074.2,26430.4,1454.4,13060.7,29247.3,15498.5
06_05_2026_12_20,24043.9,26379.8,1457.5,13048,29240.8,15477.6
06_05_2026_12_25,24054.7,26390.4,1456.6,13054.5,29249.2,15490.5
06_05_2026_12_30,24049.9,26362.2,1457.55,13062.2,29227.6,15484.1
06_05_2026_12_35,24036.7,26350.4,1457.05,13051.6,29232.3,15476.5
06_05_2026_12_40,24022.3,26325.3,1455.35,13043.4,29200.2,15471
06_05_2026_12_45,24018.3,26313.6,1453.35,13041.5,29176.9,15466.5
06_05_2026_12_50,24011.6,26331,1454.15,13040.2,29137.7,15468.6
06_05_2026_12_55,24023.1,26343.5,1456.8,13043.3,29147.1,15470.2
06_05_2026_13_00,24002.1,26323.3,1456.6,13051,29137,15455.5
06_05_2026_13_05,24038.9,26366.6,1458.85,13071,29200.2,15478.1
06_05_2026_13_10,24040.7,26376.5,1459.9,13076.1,29190.9,15481.8
06_05_2026_13_15,24063.4,26401.4,1462.6,13099.2,29209.7,15495
06_05_2026_13_20,24081.1,26413.5,1461.5,13112,29232.2,15505
06_05_2026_13_25,24075.3,26442.6,1462.5,13105.7,29229.2,15504.2
06_05_2026_13_30,24086.3,26454.7,1460.55,13113.5,29214.3,15517.8
06_05_2026_13_35,24103.6,26454.8,1460.4,13134.2,29229.2,15520
06_05_2026_13_40,24100.9,26435.9,1460.25,13135.8,29228,15519.3
06_05_2026_13_45,24102.8,26443.7,1459.4,13137.2,29231.5,15517
06_05_2026_13_50,24111.2,26468.5,1460.65,13142.3,29189.8,15523.5
06_05_2026_13_55,24106.9,26435.2,1461.75,13136.9,29147.9,15519.3
06_05_2026_14_00,24109.5,26450.2,1462.25,13140.8,29142.9,15517.1
06_05_2026_14_05,24109.3,26438.6,1462.55,13141.6,29134.2,15515.5
06_05_2026_14_10,24133.3,26457.7,1464.4,13151.2,29152.2,15530.2
06_05_2026_14_15,24141.2,26471.7,1466.95,13141.3,29168.7,15536.5
06_05_2026_14_20,24250.5,26563.3,1470.25,13174.5,29263.6,15594
06_05_2026_14_25,24311.7,26634.7,1470.25,13185.5,29320.1,15610.5
06_05_2026_14_30,24306.8,26664.7,1469.65,13158.7,29269,15608.4
06_05_2026_14_35,24300.4,26701.2,1470,13164.2,29258.8,15626.2
06_05_2026_14_40,24334.3,26770.2,1470.85,13169.2,29298.5,15648.5
06_05_2026_14_45,24349.3,26769.3,1472.2,13178.2,29312.3,15651.9
06_05_2026_14_50,24332.1,26794.7,1472.85,13167.5,29288.9,15643.8
06_05_2026_14_55,24348.2,26790.7,1470.3,13158.5,29296.5,15651.3
06_05_2026_15_00,24342.2,26808.1,1470.95,13135.3,29294.6,15660.6
06_05_2026_15_05,24315.5,26800.7,1470.1,13121,29286.2,15647.1
06_05_2026_15_10,24321.3,26814.4,1467.65,13116.5,29256.1,15650.5
06_05_2026_15_15,24330.7,26843.4,1468.4,13130.1,29268.4,15659.8
06_05_2026_15_20,24329.1,26850.2,1469.65,13129.7,29254.6,15663.3
06_05_2026_15_25,24339.3,26853.8,1470.85,13124.7,29292.9,15665
07_05_2026_09_15,24318.2,26952.8,1473.3,13169,29324.6,15682.2
07_05_2026_09_20,24335.3,27062.4,1469.8,13210,29244.7,15690.7
07_05_2026_09_25,24334.2,27145.1,1477.05,13198.5,29169.1,15708.8
07_05_2026_09_30,24356.7,27215.8,1477.5,13204,29125.4,15711.8
07_05_2026_09_35,24354.2,27253.7,1471.65,13201.7,29157.4,15716.8
07_05_2026_09_40,24397.3,27320.8,1476.55,13242.8,29226.8,15738.5
07_05_2026_09_45,24352.2,27263.9,1468.35,13216.3,29192.6,15709.1
07_05_2026_09_50,24335.2,27152.8,1467.85,13214.8,29160.3,15677.8
07_05_2026_09_55,24342.9,27140.2,1468.6,13208.5,29188.8,15674.1
07_05_2026_10_00,24370.2,27173.6,1472.25,13211.9,29187.2,15687.8
07_05_2026_10_05,24328.3,27127.8,1467.9,13200.8,29163.9,15674.8
07_05_2026_10_10,24323.7,27123.7,1467.2,13190.7,29145.9,15676.8
07_05_2026_10_15,24349.1,27149.9,1468,13186.5,29163.6,15693.6
07_05_2026_10_20,24353.2,27166.2,1468.95,13173.6,29172,15695.8
07_05_2026_10_25,24360.3,27157.3,1468.25,13197.5,29143.2,15701.8
07_05_2026_10_30,24367.3,27182.8,1472.7,13212.5,29177.1,15705.8
07_05_2026_10_35,24364.6,27211.1,1471.8,13214.2,29147.8,15713.2
07_05_2026_10_40,24373.4,27226.7,1471.5,13213.3,29130,15721.8
07_05_2026_10_45,24360.4,27225.7,1471.05,13210.5,29130.8,15712
07_05_2026_10_50,24351.6,27184.9,1472.35,13203.5,29126.8,15706
07_05_2026_10_55,24340.8,27191.5,1471.7,13204.5,29133.3,15704
07_05_2026_11_00,24332.8,27197.6,1472.4,13198.2,29104.4,15705.4
07_05_2026_11_05,24320,27158.8,1470.9,13196.5,29085.1,15697.8
07_05_2026_11_10,24317.8,27173.7,1469.85,13204,29077.3,15697.8
07_05_2026_11_15,24318.4,27177.6,1469.05,13210.1,29071,15694.4
07_05_2026_11_20,24309.2,27197.8,1466.2,13207.8,29044.4,15692.6
07_05_2026_11_25,24306.4,27165.5,1466.05,13206.8,29056.4,15688.2
07_05_2026_11_30,24323.4,27171.4,1468.15,13204.8,29094.6,15695.2
07_05_2026_11_35,24313.8,27137.2,1466.35,13173.8,29081,15684.8
07_05_2026_11_40,24288.5,27168.9,1465.75,13179.1,29059.6,15672.6
07_05_2026_11_45,24305.7,27231.2,1466.55,13195.4,29072.3,15682.4
07_05_2026_11_50,24321.3,27279.7,1467.3,13210.3,29080.4,15693.5
07_05_2026_11_55,24340.6,27267.6,1467.25,13220.8,29100.8,15706.3
07_05_2026_12_00,24355,27281.8,1466.35,13229.8,29096.8,15710
07_05_2026_12_05,24360.2,27269.6,1467,13221.2,29098.3,15710.3
07_05_2026_12_10,24361.6,27273.3,1469.65,13237.8,29088.9,15715.7
07_05_2026_12_15,24365.9,27294.5,1471.2,13225.2,29108.6,15723
07_05_2026_12_20,24377.2,27323.1,1471.35,13224.5,29123.2,15728.7
07_05_2026_12_25,24355.2,27297.3,1469.85,13218.2,29117.6,15722.1
07_05_2026_12_30,24344.9,27282.3,1469.05,13216,29121.1,15713.2
07_05_2026_12_35,24436.7,27325.9,1470.85,13243.2,29186.1,15751.8
07_05_2026_12_40,24463.2,27353.2,1470.1,13239.8,29194.6,15770.5
07_05_2026_12_45,24442.8,27330.6,1470.55,13236,29197.4,15760.1
07_05_2026_12_50,24409.2,27368.9,1469.1,13216.2,29156.3,15755.2
07_05_2026_12_55,24388.2,27333.8,1470.8,13217,29163.4,15744.3
07_05_2026_13_00,24402.4,27381.9,1473.65,13194.8,29175.4,15750.8
07_05_2026_13_05,24396.3,27512.3,1473.7,13193,29189.7,15757.8
07_05_2026_13_10,24389.7,27514,1476.75,13188.9,29179.1,15756.8
07_05_2026_13_15,24350.7,27446.5,1472.65,13166.2,29155,15734.1
07_05_2026_13_20,24345.3,27393.2,1475.5,13171.3,29152.7,15726.9
07_05_2026_13_25,24353.3,27409.7,1476.05,13177.1,29152.7,15731.4
07_05_2026_13_30,24357.8,27413.7,1475.1,13190.5,29150.6,15735.7
07_05_2026_13_35,24334.8,27395.8,1475.2,13183.5,29126.7,15722.4
07_05_2026_13_40,24349.8,27402.1,1474.95,13185.5,29151.6,15731.8
07_05_2026_13_45,24356.6,27421.7,1475.4,13180.2,29161.8,15731
07_05_2026_13_50,24364.7,27421.2,1476.7,13179.8,29162.2,15733.8
07_05_2026_13_55,24368.7,27395.1,1477.9,13187.1,29152.4,15730.5
07_05_2026_14_00,24353.5,27357,1475,13183.9,29127.2,15721
07_05_2026_14_05,24372.7,27370.9,1474.95,13188.9,29138.7,15725.3
07_05_2026_14_10,24361.7,27376.2,1476.25,13194.5,29101.7,15721.8
07_05_2026_14_15,24342.7,27358.8,1474.65,13192.5,29081.6,15711.5
07_05_2026_14_20,24364.3,27362,1476.55,13199,29094.8,15716.5
07_05_2026_14_25,24376.9,27387.1,1477,13198,29101.8,15726
07_05_2026_14_30,24367.9,27380.7,1476.3,13195.5,29121.6,15723.5
07_05_2026_14_35,24351.9,27368.5,1474.8,13191.5,29084.4,15716.5
07_05_2026_14_40,24339.4,27330.6,1473.25,13191.5,29092.2,15703.7
07_05_2026_14_45,24330.2,27311.8,1472.8,13184.6,29083.1,15697.8
07_05_2026_14_50,24348.2,27362.4,1474.55,13178.9,29096.5,15712.1
07_05_2026_14_55,24352.7,27362.8,1474.85,13178.3,29078.1,15710.8
07_05_2026_15_00,24337.8,27334.8,1474.05,13169.9,29049.6,15698
07_05_2026_15_05,24318.6,27315.8,1472.95,13163.3,29012.8,15684.2
07_05_2026_15_10,24303.1,27325,1472.85,13158.8,29043.6,15682.6
07_05_2026_15_15,24328.7,27364.2,1472.15,13164.3,29061.2,15698.4
07_05_2026_15_20,24318.8,27335.7,1472.05,13167,29048.1,15694.2
07_05_2026_15_25,24336.4,27333.3,1472.65,13164,29082.9,15701.2
08_05_2026_09_15,24219.3,27173.9,1470.85,13103.8,29237.3,15639.3
08_05_2026_09_20,24215,27135,1471.45,13070.4,29193.1,15620.8
08_05_2026_09_25,24244.2,27311.9,1475.55,13114.8,29279.6,15655
08_05_2026_09_30,24207.2,27275.4,1473.5,13104.8,29193,15639
08_05_2026_09_35,24191.2,27255.6,1470.25,13099.7,29218.1,15620.3
08_05_2026_09_40,24167.8,27222.1,1468.1,13072.3,29200.2,15605.8
08_05_2026_09_45,24168.6,27252.7,1470.45,13069.3,29226.3,15608.8
08_05_2026_09_50,24182.2,27282.7,1473.25,13074.2,29233.1,15625.5
08_05_2026_09_55,24198.4,27294.6,1473.45,13081.9,29231.2,15631.2
08_05_2026_10_00,24194.2,27289.1,1473.15,13085.5,29203,15631.5
08_05_2026_10_05,24196.1,27264.2,1471.85,13082.8,29198.2,15630.3
08_05_2026_10_10,24211.3,27282.6,1473.15,13079,29224.6,15651
08_05_2026_10_15,24206.8,27279.8,1474.7,13072,29223.4,15648.3
08_05_2026_10_20,24231.5,27317.9,1477.1,13094.3,29286.6,15666
08_05_2026_10_25,24238.1,27322.8,1473.95,13097.7,29303.3,15664.8
08_05_2026_10_30,24232.3,27332,1474.25,13105.5,29324.5,15667.2
08_05_2026_10_35,24230.8,27339.8,1473.9,13101.8,29301.9,15666.8
08_05_2026_10_40,24232.2,27359.3,1474.15,13116,29306.5,15672.5
08_05_2026_10_45,24222.4,27358.4,1473.15,13118.3,29261.8,15668.8
08_05_2026_10_50,24206.3,27346.1,1473.5,13095.3,29283.5,15661
08_05_2026_10_55,24195.9,27348.6,1471.75,13093.3,29289.3,15658.3
08_05_2026_11_00,24225.2,27381.7,1472.75,13106.2,29262.6,15671.7
08_05_2026_11_05,24225.2,27362.9,1472.65,13099.3,29261.3,15670.8
08_05_2026_11_10,24233,27354.7,1473,13106.1,29242.2,15672.2
08_05_2026_11_15,24212.5,27345.1,1470.55,13092.2,29208.4,15657.8
08_05_2026_11_20,24205,27342.4,1472.9,13093.9,29194.7,15656.4
08_05_2026_11_25,24198.3,27350.4,1472.6,13094.9,29202.2,15653
08_05_2026_11_30,24207.5,27362.7,1472.5,13111,29228.7,15657
08_05_2026_11_35,24206.1,27362.3,1471.9,13103,29231.1,15656
08_05_2026_11_40,24199.4,27376.4,1471.4,13116,29200.4,15658.8
08_05_2026_11_45,24199.8,27372.9,1470.8,13117.2,29192.6,15660.9
08_05_2026_11_50,24204.3,27365.9,1471.7,13106,29209.1,15667.7
08_05_2026_11_55,24205.8,27370.2,1469.6,13101.4,29190.8,15670.8
08_05_2026_12_00,24200.9,27344,1471.05,13116.3,29192.9,15671.3
08_05_2026_12_05,24178.9,27313.8,1469.75,13112.7,29179,15652.2
08_05_2026_12_10,24184.2,27342.6,1472.45,13112.4,29196.5,15659.5
08_05_2026_12_15,24188.6,27341.4,1473.85,13100.8,29198.4,15660.3
08_05_2026_12_20,24185.8,27343.6,1474.6,13105.2,29162.5,15662.2
08_05_2026_12_25,24196.1,27360.3,1474.9,13107.7,29244.3,15669
08_05_2026_12_30,24177.6,27325.1,1474.7,13081.6,29244.6,15659.4
08_05_2026_12_35,24171.6,27295.6,1473.5,13067,29262.8,15651.3
08_05_2026_12_40,24164.3,27297.8,1472.95,13067,29263,15649.9
08_05_2026_12_45,24170.4,27302,1470.8,13064.5,29252.5,15657.2
08_05_2026_12_50,24170.9,27325.4,1476.1,13047.3,29271.5,15659.8
08_05_2026_12_55,24163.4,27312.7,1477.15,13053.5,29283.3,15653.9
08_05_2026_13_00,24158.7,27290.7,1479.1,13059.2,29282.1,15645.8
08_05_2026_13_05,24175.4,27289.5,1478.8,13052.8,29309.3,15649.5
08_05_2026_13_10,24167,27277.4,1479.8,13062.4,29333.5,15643.2
08_05_2026_13_15,24162.9,27269.3,1480.5,13057,29331,15639.3
08_05_2026_13_20,24166.7,27271.8,1478.55,13060.8,29343.6,15642
08_05_2026_13_25,24195.4,27317.2,1476.75,13074.5,29389.7,15658.7
08_05_2026_13_30,24184.4,27293.8,1476.05,13054,29383.6,15655
08_05_2026_13_35,24172.2,27283.1,1474.75,13044.5,29342.4,15645
08_05_2026_13_40,24170.9,27289.4,1475.25,13049.5,29328.1,15643.3
08_05_2026_13_45,24173.7,27278.4,1478,13044.9,29324.9,15643.5
08_05_2026_13_50,24174.7,27280.5,1475.95,13057.2,29318.6,15643.5
08_05_2026_13_55,24137.2,27264.6,1472.85,13039.3,29291.7,15604.1
08_05_2026_14_00,24145.6,27310.1,1473.7,13054.5,29323.7,15597.8
08_05_2026_14_05,24177.9,27343.2,1474.9,13057.4,29368.7,15615.5
08_05_2026_14_10,24145.8,27327.1,1473.55,13044.5,29363.3,15589
08_05_2026_14_15,24147.2,27306,1473.7,13045.6,29352.3,15585
08_05_2026_14_20,24147.8,27295.3,1473.55,13043.7,29353.4,15577.5
08_05_2026_14_25,24169.7,27311.5,1474.65,13064.3,29388.4,15597.5
08_05_2026_14_30,24195.4,27335.8,1475.25,13086.2,29439.2,15610.8
08_05_2026_14_35,24218.7,27360.3,1475.15,13097,29469.8,15625.5
08_05_2026_14_40,24231.7,27341.1,1475.4,13103.5,29453.9,15626.5
08_05_2026_14_45,24232.2,27338.7,1475.85,13097.2,29475.9,15625.8
08_05_2026_14_50,24231,27346.7,1475.55,13098.3,29472.5,15626.1
08_05_2026_14_55,24213.7,27315.6,1474.45,13085.9,29436.8,15609.7
08_05_2026_15_00,24170.3,27268.1,1475.6,13061.2,29392.3,15581.6
08_05_2026_15_05,24179.7,27269.2,1473.1,13051.5,29412,15583.3
08_05_2026_15_10,24180.8,27271.2,1471.95,13047.4,29398.4,15575.5
08_05_2026_15_15,24175.6,27247.8,1472.25,13048.6,29391.9,15567.7
08_05_2026_15_20,24170.7,27240.4,1470.9,13041.8,29393.1,15557
08_05_2026_15_25,24179.8,27251.6,1474,13049,29395.2,15562.2
11_05_2026_09_15,23918.8,26747.2,1449.8,13025.3,29377.4,15367.2
11_05_2026_09_20,23937.4,26898.1,1451.1,12998.8,29374.9,15402.4
11_05_2026_09_25,23953.2,26904.3,1452.4,12993.2,29353.4,15412.8
11_05_2026_09_30,23930.7,26871.9,1445,12989.2,29391.8,15389.8
11_05_2026_09_35,23881.8,26801.4,1439.3,12951.7,29333.3,15344
11_05_2026_09_40,23865.7,26824.5,1438.85,12959.2,29303.2,15343.4
11_05_2026_09_45,23885,26833.8,1439.7,12969.1,29370,15355.3
11_05_2026_09_50,23892.8,26853,1439.65,12991.2,29400,15361
11_05_2026_09_55,23874.2,26790.3,1438.3,12978.7,29371.9,15341
11_05_2026_10_00,23893.2,26871.7,1444,12987.8,29359.2,15364.8
11_05_2026_10_05,23899.2,26867.5,1444,12984.3,29370.5,15371
11_05_2026_10_10,23893.4,26858.7,1445.55,12979.8,29349.8,15373.5
11_05_2026_10_15,23851.2,26784.8,1442.7,12955.7,29311.5,15344
11_05_2026_10_20,23871.7,26813.2,1444.95,12975,29322.8,15351.1
11_05_2026_10_25,23869.2,26786.8,1444.55,12960.3,29352.2,15347.7
11_05_2026_10_30,23870.1,26739.3,1445.25,12946.6,29448.9,15334.9
11_05_2026_10_35,23863.2,26689.8,1444.6,12950,29431.2,15321.7
11_05_2026_10_40,23860.1,26671.2,1445.9,12953,29427.8,15316.4
11_05_2026_10_45,23860.4,26685,1446.3,12959,29399.3,15316.9
11_05_2026_10_50,23889.8,26744.8,1447.9,12974.7,29420.1,15331.2
11_05_2026_10_55,23886.9,26746.7,1449.85,12974.5,29463.4,15324.8
11_05_2026_11_00,23896.2,26779.4,1451.1,12974.4,29499,15331.5
11_05_2026_11_05,23903.2,26820.3,1451.65,12978.8,29481.5,15336.5
11_05_2026_11_10,23914.6,26829.2,1451.5,12977,29465.8,15342.8
11_05_2026_11_15,23918.3,26823.1,1451.05,12977,29429.4,15347.8
11_05_2026_11_20,23926.2,26822.8,1451.8,12976.7,29421.7,15353.5
11_05_2026_11_25,23927.8,26830.6,1453.35,12981.2,29423.4,15353.7
11_05_2026_11_30,23924.6,26836.9,1454,12969.9,29404.2,15356.5
11_05_2026_11_35,23936.1,26828.2,1454.7,12972.3,29451.8,15366.2
11_05_2026_11_40,23949.4,26852.9,1455.75,12992.5,29499.7,15374.4
11_05_2026_11_45,23921.2,26819.4,1455.45,12982.2,29476.2,15361.6
11_05_2026_11_50,23937.8,26834.6,1456.05,12981.9,29508.9,15369.4
11_05_2026_11_55,23930.9,26823.6,1456,12972.2,29502.8,15361
11_05_2026_12_00,23923.7,26827.4,1455.45,12967.5,29502.7,15362.6
11_05_2026_12_05,23939.3,26845,1456.6,12974.4,29500.2,15372.8
11_05_2026_12_10,23935.6,26844.2,1459.35,12981.8,29465.2,15376.6
11_05_2026_12_15,23938,26887.8,1459.35,12973.8,29452.7,15380
11_05_2026_12_20,23942.5,26897.8,1456.3,12979.9,29466.3,15383.2
11_05_2026_12_25,23929.1,26872.3,1456.7,12976.8,29468.2,15371.5
11_05_2026_12_30,23924.3,26882.9,1456.1,12970.8,29484.8,15373.9
11_05_2026_12_35,23913.1,26901.8,1455.25,12969.2,29467.4,15368.3
11_05_2026_12_40,23950.3,26949.2,1456.6,12989,29511.2,15388
11_05_2026_12_45,23940.9,26951.3,1456.7,12978.4,29486.8,15384.2
11_05_2026_12_50,23938.3,26946.4,1456.8,12973.4,29501.8,15385.2
11_05_2026_12_55,23945.6,26947.1,1458.6,12976.5,29475.7,15388.2
11_05_2026_13_00,23918.7,26915.1,1457.75,12970.9,29456,15375.3
11_05_2026_13_05,23939.2,26897.2,1457.7,12974.6,29493.1,15383.5
11_05_2026_13_10,23949.8,26900.3,1459.65,12979.3,29484.6,15391
11_05_2026_13_15,23934.9,26871.8,1459.85,12966.2,29481.6,15379.5
11_05_2026_13_20,23949.5,26904.7,1460.4,12974,29508.9,15397.9
11_05_2026_13_25,23946.3,26907.4,1460.4,12974.6,29500.4,15391.5
11_05_2026_13_30,23950.7,26923.7,1459.4,12984.8,29461.4,15401.2
11_05_2026_13_35,23952.1,26901.2,1461.1,12985.9,29468.6,15405.3
11_05_2026_13_40,23965.4,26924.3,1461,12991.7,29455.2,15416.7
11_05_2026_13_45,23979.8,26937.8,1461.7,13005.2,29451.2,15421.5
11_05_2026_13_50,23993.9,26973.4,1460.9,13007,29476.1,15429.2
11_05_2026_13_55,23966.4,26944.1,1453.25,12998.8,29461.2,15409.8
11_05_2026_14_00,23963.6,26949.5,1446.2,12996.3,29452.4,15410.5
11_05_2026_14_05,23958.9,26923.4,1447.05,12997.9,29460.6,15402.9
11_05_2026_14_10,23946.3,26899.9,1444.6,12983.6,29458.5,15391.7
11_05_2026_14_15,23939.8,26928.2,1446.35,12980,29432.4,15390.5
11_05_2026_14_20,23941.7,26947.7,1444.65,12981.7,29423.9,15391.2
11_05_2026_14_25,23931.9,26934.8,1445.35,12988.3,29409.8,15387.8
11_05_2026_14_30,23953,26948.3,1446.45,13010.4,29462.3,15401
11_05_2026_14_35,23926.1,26904.9,1443.9,12994.5,29430.2,15386
11_05_2026_14_40,23916.3,26895.3,1445.25,12988.5,29401.4,15380.6
11_05_2026_14_45,23889.9,26862.9,1443.5,12964.3,29374.8,15362.4
11_05_2026_14_50,23894.2,26857.2,1444.2,12961.1,29391.4,15361.5
11_05_2026_14_55,23875.9,26840.1,1442.55,12952,29386.8,15352.3
11_05_2026_15_00,23830.7,26764.6,1439.25,12922.8,29331.6,15319.7
11_05_2026_15_05,23817.4,26752.6,1438.05,12928,29304.7,15311.5
11_05_2026_15_10,23805.8,26740.3,1435.7,12922,29323.6,15304.9
11_05_2026_15_15,23803.8,26733.8,1436.6,12926.3,29330.3,15312.6
11_05_2026_15_20,23810.2,26743.5,1436.6,12921.8,29326.4,15315.5
11_05_2026_15_25,23820.3,26755.4,1435.65,12929.5,29325.3,15322.7
12_05_2026_09_15,23736.9,26789.7,1430.15,13022,28639.2,15277.6
12_05_2026_09_20,23684.2,26699.8,1421.1,13006.5,28574.8,15244.3
12_05_2026_09_25,23638.3,26612.7,1416.85,12968.6,28465.4,15213.5
12_05_2026_09_30,23634.1,26587,1411.7,12964.7,28442.2,15203.2
12_05_2026_09_35,23626.2,26530.9,1416,12968.1,28463.7,15194.8
12_05_2026_09_40,23640.7,26648.3,1421.15,12987,28466.3,15227.4
12_05_2026_09_45,23638.2,26625.8,1420.85,13006.4,28415.9,15231.1
12_05_2026_09_50,23638.2,26591.7,1420.3,12999.8,28435.8,15232.5
12_05_2026_09_55,23625.8,26595.1,1418.75,12981.3,28370.4,15224.3
12_05_2026_10_00,23630.2,26581.9,1416.95,12988.5,28341.1,15221.5
12_05_2026_10_05,23636.1,26560.8,1416.6,12983.3,28366.8,15225.5
12_05_2026_10_10,23651.4,26592.2,1420.6,12994,28377.2,15239.7
12_05_2026_10_15,23668.2,26585.8,1421.05,13017.3,28394.7,15245
12_05_2026_10_20,23630.3,26575.3,1417,12999.3,28336.8,15226.2
12_05_2026_10_25,23613.2,26554.3,1414.3,12996,28302.8,15209.5
12_05_2026_10_30,23607.7,26536.1,1413.5,12974.7,28269.8,15203
12_05_2026_10_35,23605.3,26555.3,1411.85,12992.8,28254.8,15203
12_05_2026_10_40,23627.6,26622.2,1414.15,13072.3,28286.6,15218.5
12_05_2026_10_45,23603.2,26571,1412.15,13058.7,28253.8,15196
12_05_2026_10_50,23605.2,26564.6,1411.95,13050.8,28273.8,15191.1
12_05_2026_10_55,23614.7,26583.1,1412.1,13064.3,28295.6,15199.5
12_05_2026_11_00,23590.6,26541.9,1411.55,13035.7,28294.8,15177.1
12_05_2026_11_05,23590.4,26531.2,1411.65,13034.5,28284.8,15172.5
12_05_2026_11_10,23589.3,26526.8,1412.1,13017.1,28249.8,15165.1
12_05_2026_11_15,23608.1,26502.9,1416.55,13028.5,28268.3,15168.9
12_05_2026_11_20,23589.6,26534.3,1415.75,13011.3,28261.2,15167.4
12_05_2026_11_25,23588.9,26584.8,1415.2,13019,28232.9,15171.5
12_05_2026_11_30,23597.2,26576.1,1413.75,13009.5,28272.8,15171.8
12_05_2026_11_35,23598,26573.9,1415.65,13008.8,28298.1,15172.8
12_05_2026_11_40,23602.7,26593,1416.8,13011.1,28274.2,15179.7
12_05_2026_11_45,23594.7,26586.7,1413.65,12986.8,28275.2,15175.3
12_05_2026_11_50,23600.1,26586.9,1413.1,12989,28278.4,15181.7
12_05_2026_11_55,23597.5,26564.6,1413.7,12975,28307.7,15174.8
12_05_2026_12_00,23586.3,26565.7,1413.55,12963.3,28184.7,15174.9
12_05_2026_12_05,23558.1,26532.9,1414.25,12959.8,28178,15156.5
12_05_2026_12_10,23557.8,26502.2,1414.35,12956.2,28168.1,15157.7
12_05_2026_12_15,23572.9,26522.4,1414.7,12970.5,28159.2,15163.1
12_05_2026_12_20,23566.5,26532.1,1413.95,12952.3,28169.9,15172.6
12_05_2026_12_25,23557.3,26509.8,1413.65,12937.5,28188.6,15159.6
12_05_2026_12_30,23522.3,26479,1410,12909.6,28242.6,15129.8
12_05_2026_12_35,23516.2,26452.2,1409.4,12907.3,28235.6,15124.8
12_05_2026_12_40,23526.2,26485.7,1410.25,12923.5,28275.4,15136.7
12_05_2026_12_45,23526.8,26476.1,1407.05,12928.7,28276.3,15135.8
12_05_2026_12_50,23513.3,26462.1,1407.3,12923,28264.8,15129.7
12_05_2026_12_55,23524.6,26484.3,1408.4,12932.4,28277.9,15131.4
12_05_2026_13_00,23530.6,26443.3,1408.2,12940,28305.1,15127.6
12_05_2026_13_05,23510.8,26417.6,1406.95,12921.2,28306.4,15111
12_05_2026_13_10,23536.8,26435.3,1406.1,12940,28362.8,15122.8
12_05_2026_13_15,23542.8,26446.5,1407.25,12941.5,28351.9,15129.5
12_05_2026_13_20,23527.6,26425.9,1402.7,12934.4,28323.9,15121.7
12_05_2026_13_25,23531.1,26458.3,1405.1,12947,28315.8,15126.4
12_05_2026_13_30,23529.4,26428.3,1405.65,12941.5,28320,15119.3
12_05_2026_13_35,23514,26370.7,1403.65,12931.4,28302.6,15103
12_05_2026_13_40,23506.8,26349.3,1404.35,12928.6,28276.6,15093.1
12_05_2026_13_45,23513.4,26385.9,1406.6,12928.4,28264.8,15098.4
12_05_2026_13_50,23495.8,26374.7,1406.3,12911.5,28305.1,15094.7
12_05_2026_13_55,23491.5,26351.2,1405.95,12916.3,28273.1,15088.2
12_05_2026_14_00,23481.5,26334.9,1401.35,12906.2,28238.5,15078.2
12_05_2026_14_05,23465,26312.8,1399.85,12903,28240.8,15062.5
12_05_2026_14_10,23457.5,26319.9,1397.85,12895.7,28252.1,15054.1
12_05_2026_14_15,23460.2,26303.7,1399.5,12904.3,28272.6,15053.8
12_05_2026_14_20,23486.2,26351.2,1402.5,12935.2,28318.6,15078.5
12_05_2026_14_25,23468.6,26308.8,1401.65,12927.7,28291.1,15067.8
12_05_2026_14_30,23438.3,26275.3,1400,12902.2,28256.7,15046.6
12_05_2026_14_35,23462.9,26280.8,1400.2,12923,28283.5,15059.5
12_05_2026_14_40,23463.6,26285.2,1401.35,12919.9,28273.4,15065.5
12_05_2026_14_45,23463.8,26274.9,1400.9,12911.2,28262.2,15063.7
12_05_2026_14_50,23433.8,26227.9,1399.45,12904.8,28257.9,15037.8
12_05_2026_14_55,23421.2,26219.7,1397.7,12898,28248.6,15034.3
12_05_2026_15_00,23390.9,26139.7,1394.55,12878.5,28252.4,14996.9
12_05_2026_15_05,23363.6,26102.4,1394.75,12877,28229.4,14979
12_05_2026_15_10,23354.8,26109.4,1393.9,12870.2,28212.4,14979.5
12_05_2026_15_15,23386.6,26158.2,1397.1,12896,28237.2,14998
12_05_2026_15_20,23389.8,26160.2,1398.95,12884.7,28242.3,15006.5
12_05_2026_15_25,23430.6,26207.7,1398.55,12886.6,28269.1,15027.7
13_05_2026_09_15,23405.4,26129.8,1385.8,13025.8,28226.9,15008
13_05_2026_09_20,23437.9,26187.2,1382.55,13061.2,28197.2,15037.2
13_05_2026_09_25,23367.1,26114.3,1383.35,13043.8,28131.3,14990.2
13_05_2026_09_30,23337.9,26002.5,1382.65,13037.3,28103.6,14956.8
13_05_2026_09_35,23276.5,25896.4,1377.35,13008.7,28054.4,14914.1
13_05_2026_09_40,23308.5,25966.2,1388.7,13008.8,28054.5,14943.4
13_05_2026_09_45,23298.8,25880.6,1384.1,13025.3,28038.8,14918.5
13_05_2026_09_50,23367.6,25949.8,1389.05,13061.8,28115.7,14987.5
13_05_2026_09_55,23372.4,25963.2,1387.95,13063.3,28128.6,14990.1
13_05_2026_10_00,23392.4,26026.4,1388,13103,28158.6,15008.3
13_05_2026_10_05,23407.4,26039.8,1388.65,13110.5,28162.3,15011
13_05_2026_10_10,23403.1,25997.2,1391.75,13117.5,28158.1,15005.7
13_05_2026_10_15,23436.1,26058.4,1393.3,13144,28164.2,15032.8
13_05_2026_10_20,23460.8,26103.9,1396.25,13171.3,28197.3,15049.5
13_05_2026_10_25,23452.4,26115,1396.2,13192.3,28166.7,15045
13_05_2026_10_30,23475.9,26159.8,1396.9,13209.3,28163.4,15056.3
13_05_2026_10_35,23429.1,26079.9,1391.25,13195,28075.1,15031.7
13_05_2026_10_40,23464,26067.3,1394.35,13229.2,28126.1,15041.5
13_05_2026_10_45,23445.6,26054.6,1388.3,13219,28143.9,15034.5
13_05_2026_10_50,23440.8,26011.9,1388.95,13225.5,28139.7,15022.1
13_05_2026_10_55,23374.8,25893.9,1385.05,13186,28057.3,14975
13_05_2026_11_00,23402.1,25921.8,1386.2,13211.7,28069.4,14988.8
13_05_2026_11_05,23400.4,25906.9,1387.95,13222.1,28054.9,14988.8
13_05_2026_11_10,23403.9,25925.3,1391.7,13190.6,28084.1,14997.4
13_05_2026_11_15,23409.4,25921.7,1392.95,13204.8,28116.2,15009
13_05_2026_11_20,23409.6,25941.9,1391.45,13209.4,28138.9,15011.8
13_05_2026_11_25,23399,25955.2,1391.55,13201.8,28120.9,15013.8
13_05_2026_11_30,23406.9,25979.2,1390.65,13204.7,28163.3,15020.2
13_05_2026_11_35,23468.5,26035.2,1393.7,13204.7,28197,15061.1
13_05_2026_11_40,23498.6,26051,1393.1,13211,28185.8,15080.5
13_05_2026_11_45,23482.6,26029.3,1391.15,13218.6,28143.6,15068.4
13_05_2026_11_50,23474.5,26006.1,1391.3,13220.8,28133.4,15065.7
13_05_2026_11_55,23466.1,26010.6,1390,13222.5,28072.9,15061.6
13_05_2026_12_00,23486.7,25999.8,1391.3,13249.9,28101.8,15069.4
13_05_2026_12_05,23497.7,26016.5,1394.5,13240.7,28104.4,15077.2
13_05_2026_12_10,23512.8,26073.3,1395.7,13240.4,28167.7,15090.5
13_05_2026_12_15,23497.9,26053.2,1392.75,13246.3,28122.8,15073.3
13_05_2026_12_20,23488.5,26030.2,1395,13234.3,28089.8,15068
13_05_2026_12_25,23491,26048.7,1391.85,13234.8,28066.6,15069.5
13_05_2026_12_30,23478.9,26057.9,1392.2,13240.8,28072,15065.5
13_05_2026_12_35,23465.2,26023.8,1390.95,13226.5,28091.3,15051.5
13_05_2026_12_40,23453.9,26009.3,1389.25,13229.8,28042.7,15039
13_05_2026_12_45,23468.4,26025.9,1391.3,13236.5,28043,15049.3
13_05_2026_12_50,23525.8,26076.7,1394.5,13255.8,28089.6,15081
13_05_2026_12_55,23577.9,26128.5,1398.45,13278.6,28135.2,15111.6
13_05_2026_13_00,23559.3,26079.8,1396.6,13276,28085.3,15097.4
13_05_2026_13_05,23532.4,26059.3,1395.35,13286.2,28033.4,15090.2
13_05_2026_13_10,23538.5,26193.2,1396.25,13295,28054.2,15105.7
13_05_2026_13_15,23505.1,26079.9,1395.55,13273.5,28038.3,15080.8
13_05_2026_13_20,23508.3,26058.2,1396.1,13282.2,28031.8,15078.6
13_05_2026_13_25,23496.8,26042.8,1396.2,13275.5,28007.2,15073.7
13_05_2026_13_30,23533.6,26092.2,1399.2,13294.3,28031.2,15098.2
13_05_2026_13_35,23535.6,26089.6,1399.7,13290.5,28042.7,15096
13_05_2026_13_40,23523.3,26069.6,1398.25,13279.3,28029.6,15086.8
13_05_2026_13_45,23511.8,26045.8,1398.8,13278.3,28023.2,15078.5
13_05_2026_13_50,23508,26039.3,1404.05,13273,27990.5,15076.7
13_05_2026_13_55,23499.8,26026.7,1403.15,13267.6,28018.1,15070.3
13_05_2026_14_00,23490.2,26012.9,1399.6,13261.8,28015.1,15064.8
13_05_2026_14_05,23513,26022.6,1399.95,13281.5,28035.6,15082
13_05_2026_14_10,23516.8,26044.8,1400.3,13287.8,28048.2,15089.5
13_05_2026_14_15,23483.4,26005.3,1401.7,13280.8,28003.7,15072.4
13_05_2026_14_20,23510.6,26031.5,1399.9,13294.2,28017.8,15085.8
13_05_2026_14_25,23491.3,26040.4,1399,13294.5,28002.1,15079.5
13_05_2026_14_30,23498.2,26033.1,1397.3,13332.3,28003.4,15085.8
13_05_2026_14_35,23500.2,26052.2,1396.35,13338.2,27972.8,15093.7
13_05_2026_14_40,23467.5,26017.7,1395.15,13316.5,27985,15074.2
13_05_2026_14_45,23482.8,25995.2,1395,13321.5,27993.7,15075.1
13_05_2026_14_50,23485.1,25996.4,1397.65,13335.8,27999.8,15079.3
13_05_2026_14_55,23479.2,25984.4,1397.2,13324.6,27991.4,15073
13_05_2026_15_00,23418.3,25910.4,1395.1,13281.9,27915.2,15032.1
13_05_2026_15_05,23423.9,25916.9,1396.85,13297.1,27926.2,15033
13_05_2026_15_10,23425.7,25888.9,1395.85,13297.7,27911.7,15029
13_05_2026_15_15,23412.7,25877.2,1395.05,13297.7,27911.1,15019.6
13_05_2026_15_20,23398.2,25864.7,1393.65,13289.8,27899.6,15012
13_05_2026_15_25,23428.7,25939.2,1396.65,13319.7,27924.4,15035.9
14_05_2026_09_15,23550.1,25963.4,1401,13422.2,27676.3,15117.4
14_05_2026_09_20,23569.4,25931.4,1400.6,13476.5,27622.2,15116.8
14_05_2026_09_25,23581.3,25980.3,1405.3,13513.4,27648.7,15130.8
14_05_2026_09_30,23564.3,25967.1,1400.65,13508.4,27537.1,15134.7
14_05_2026_09_35,23524.5,25850.2,1394.2,13539.8,27407.8,15089.6
14_05_2026_09_40,23496.8,25770.3,1389.9,13521.5,27444.4,15054.2
14_05_2026_09_45,23492.7,25714.5,1391.35,13520.2,27403.9,15057
14_05_2026_09_50,23471.4,25613.3,1387.85,13470.2,27370.8,15027
14_05_2026_09_55,23464.4,25636.4,1382.45,13461.5,27344.8,15020.3
14_05_2026_10_00,23482.6,25635.6,1384.9,13456.3,27460.7,15031
14_05_2026_10_05,23484.9,25649.5,1386.2,13458.8,27450.9,15036.3
14_05_2026_10_10,23495.8,25715.7,1386.95,13470.8,27399.5,15053.4
14_05_2026_10_15,23513.7,25738.6,1388.65,13493.8,27376.9,15067.2
14_05_2026_10_20,23494.6,25733.4,1385.95,13485.5,27375.1,15060.8
14_05_2026_10_25,23506.4,25765.6,1385.9,13487.5,27378.1,15072.3
14_05_2026_10_30,23519.1,25787.1,1388.4,13500.3,27380.8,15086.5
14_05_2026_10_35,23529.4,25799.3,1388.85,13526.7,27397.1,15087.8
14_05_2026_10_40,23497.2,25763.4,1385.7,13506.4,27350.3,15071
14_05_2026_10_45,23437.2,25708.4,1383.65,13459.2,27256.6,15042
14_05_2026_10_50,23473,25753.8,1385.25,13490.1,27259.6,15062.1
14_05_2026_10_55,23430.4,25689.8,1382.35,13456,27192.6,15037.2
14_05_2026_11_00,23435.2,25653.4,1380.4,13450.4,27185.4,15027.1
14_05_2026_11_05,23432.1,25637,1378.1,13437.5,27168.3,15019.7
14_05_2026_11_10,23459.2,25691.1,1383.35,13456.2,27187,15042.3
14_05_2026_11_15,23502.9,25696.4,1384.35,13475.2,27255.5,15066.5
14_05_2026_11_20,23543.2,25686.1,1391.15,13480.3,27288.2,15080.8
14_05_2026_11_25,23567.4,25707.8,1390.85,13486,27234,15093.2
14_05_2026_11_30,23604.7,25715.3,1393.75,13508.2,27222.4,15111.7
14_05_2026_11_35,23628.1,25766.2,1393.1,13521.8,27214.1,15130
14_05_2026_11_40,23668.6,25796.6,1402.75,13531,27255.7,15141.7
14_05_2026_11_45,23681.2,25873.7,1402.8,13517.8,27276.9,15163.5
14_05_2026_11_50,23673.8,25899.1,1401.25,13515.6,27256.9,15163.5
14_05_2026_11_55,23684.6,25905.9,1403.25,13541.5,27215.8,15170.8
14_05_2026_12_00,23650.6,25859.7,1399.55,13524.2,27122.5,15156.7
14_05_2026_12_05,23650.7,25840.3,1400.95,13531,27135.2,15152.8
14_05_2026_12_10,23667.4,25864.8,1402.7,13545.2,27147.2,15169.5
14_05_2026_12_15,23681.7,25922.7,1401.5,13547.4,27158.9,15182.6
14_05_2026_12_20,23696.2,25939.5,1401.8,13550.8,27172.3,15196.5
14_05_2026_12_25,23692.7,25950.7,1400.8,13551.5,27138.2,15192.1
14_05_2026_12_30,23682.7,25938.4,1399.8,13540,27131.1,15188.5
14_05_2026_12_35,23677.3,25919.6,1399.55,13538.7,27102.8,15188.5
14_05_2026_12_40,23701.7,25966.9,1403.5,13542.2,27124.9,15208.8
14_05_2026_12_45,23710.6,25966.6,1401.1,13546.1,27148.9,15209.6
14_05_2026_12_50,23684.9,25942.4,1401.9,13532.8,27095.4,15199
14_05_2026_12_55,23689,25928.8,1400.65,13519.2,27105.2,15200.8
14_05_2026_13_00,23738.4,25987.8,1404.6,13544.4,27215.2,15234.8
14_05_2026_13_05,23722.8,25965.2,1404.85,13534.3,27239.2,15229.1
14_05_2026_13_10,23713.6,25979.7,1404.4,13523,27292.7,15218.8
14_05_2026_13_15,23721.2,25978.8,1406.7,13524.3,27366.5,15224.7
14_05_2026_13_20,23710.8,25959.4,1406.15,13509.3,27349.6,15204.5
14_05_2026_13_25,23715.2,25978.8,1404.4,13506.2,27334.2,15206.5
14_05_2026_13_30,23737.8,25981.9,1405.35,13523.8,27357.9,15222.8
14_05_2026_13_35,23739.2,25986.9,1403.2,13536.4,27360.3,15222.3
14_05_2026_13_40,23752.6,25982.1,1406.25,13545.8,27378.7,15225
14_05_2026_13_45,23740.9,25968.2,1404.95,13555.4,27413,15214.7
14_05_2026_13_50,23747.8,25989.8,1404.5,13547.1,27420.3,15220
14_05_2026_13_55,23751.3,26012.2,1404.45,13548,27461.2,15222.1
14_05_2026_14_00,23751.1,26012.8,1405.4,13555,27493.8,15224.2
14_05_2026_14_05,23758.1,26017.2,1408.6,13562.4,27492.1,15227.1
14_05_2026_14_10,23744.6,26014.7,1408.35,13561.1,27473.2,15222.2
14_05_2026_14_15,23724.9,25980,1408.7,13552.6,27471.5,15208
14_05_2026_14_20,23740.2,26026.7,1409.25,13550.1,27455.4,15221.8
14_05_2026_14_25,23755.3,26068.9,1409.45,13572,27454.2,15236
14_05_2026_14_30,23758.8,26067.4,1410.8,13573.7,27469,15244.3
14_05_2026_14_35,23737.8,26049.2,1408.65,13566.3,27423.6,15233.5
14_05_2026_14_40,23730.1,26044.8,1408.7,13557,27412.2,15232.5
14_05_2026_14_45,23694.7,26022.4,1406.25,13536.7,27385.7,15215.5
14_05_2026_14_50,23702.4,26020.1,1407.8,13537.9,27416.9,15215.6
14_05_2026_14_55,23710.2,26046.2,1412,13548.5,27400.4,15227.4
14_05_2026_15_00,23706.2,26046.7,1408.15,13560.3,27394.2,15224.8
14_05_2026_15_05,23672.9,26038.2,1407.6,13549.8,27361.6,15214.4
14_05_2026_15_10,23683.8,26041.7,1407.05,13563.5,27378.3,15217.9
14_05_2026_15_15,23687.3,26057.1,1407.3,13568.5,27357.3,15225.4
14_05_2026_15_20,23696.6,26064.8,1409.6,13563.5,27338.2,15230.5
14_05_2026_15_25,23713.8,26077.6,1411.1,13561.6,27365.6,15235.9
15_05_2026_09_15,23719.1,26178.7,1407.1,13405,27872.3,15216.8
15_05_2026_09_20,23764.9,26098.2,1410.05,13394,28085.5,15208.3
15_05_2026_09_25,23787.9,26135.1,1406.15,13429.4,28083.6,15230.4
15_05_2026_09_30,23749.6,26065.8,1421.7,13370.9,27927.5,15213
15_05_2026_09_35,23770.8,26132.2,1424.75,13400.5,27988.7,15228.3
15_05_2026_09_40,23802.1,26183.6,1415.55,13444,27992.1,15264.8
15_05_2026_09_45,23795.6,26186.8,1425.35,13452,28003.9,15280.1
15_05_2026_09_50,23823.2,26218.8,1427.9,13472.7,28063.2,15298
15_05_2026_09_55,23817.9,26248.5,1429.2,13474.6,28017.6,15303.1
15_05_2026_10_00,23818.3,26186.7,1427.35,13466.9,28033.1,15289.5
15_05_2026_10_05,23787.6,26130.1,1430.5,13463,27933.2,15259.3
15_05_2026_10_10,23800.2,26115.1,1433.35,13468.5,27963.2,15265.1
15_05_2026_10_15,23796.4,26114.5,1438.25,13501.4,27938.9,15269.8
15_05_2026_10_20,23820.5,26146.1,1443.95,13511,27951.8,15280.4
15_05_2026_10_25,23828.2,26169.2,1443.65,13555.4,27915.8,15293.8
15_05_2026_10_30,23815.2,26163.6,1448.4,13515.8,27881.4,15290.2
15_05_2026_10_35,23805.8,26174.2,1453.95,13489.8,27876.2,15283.6
15_05_2026_10_40,23817.1,26198.2,1458.15,13485.3,27921.4,15292.6
15_05_2026_10_45,23827,26201.1,1459.6,13489.3,27956.1,15293.9
15_05_2026_10_50,23830.4,26191.7,1459.3,13496,27962.2,15300.4
15_05_2026_10_55,23829.6,26197.9,1461.9,13500.3,27933.8,15300.7
15_05_2026_11_00,23782.3,26155.2,1463.15,13459.2,27880.7,15270.3
15_05_2026_11_05,23742.8,26089.1,1461.5,13413.2,27812.2,15247.7
15_05_2026_11_10,23743.6,26064.3,1461,13409.7,27772.7,15242.7
15_05_2026_11_15,23742.7,26059.6,1462.7,13419.3,27797.9,15241.7
15_05_2026_11_20,23726.3,26043.5,1462.75,13416.3,27784.3,15227.4
15_05_2026_11_25,23712.7,25997.1,1460.15,13411.9,27785.8,15216.8
15_05_2026_11_30,23716.8,25993.1,1457.45,13400.9,27769.4,15215.9
15_05_2026_11_35,23727,26022.9,1458.65,13386,27780.9,15221.9
15_05_2026_11_40,23721.8,26057.4,1455.8,13388.4,27789,15223.3
15_05_2026_11_45,23726.2,26083.1,1455.85,13392.5,27799.2,15232.3
15_05_2026_11_50,23720.9,26104.8,1459.25,13373.2,27798.7,15230.7
15_05_2026_11_55,23725.6,26113.1,1459.85,13391.3,27794.9,15231.3
15_05_2026_12_00,23754.1,26173.3,1462.1,13404.2,27830.8,15245
15_05_2026_12_05,23755.2,26176.1,1460.95,13419.8,27816.6,15248
15_05_2026_12_10,23751.2,26171.8,1460.25,13420.3,27831.7,15240.8
15_05_2026_12_15,23740.1,26149.3,1459.7,13415.2,27802.2,15236.8
15_05_2026_12_20,23725.5,26113.9,1458.6,13387.8,27787.4,15222.1
15_05_2026_12_25,23720.5,26119.8,1456.9,13376.8,27774.4,15218.1
15_05_2026_12_30,23736.3,26134.4,1457.55,13382.5,27815.1,15229.5
15_05_2026_12_35,23744.3,26145.2,1457.45,13379.1,27842.3,15240.2
15_05_2026_12_40,23767.5,26159.3,1457.65,13398.8,27873,15253.2
15_05_2026_12_45,23783.6,26204.6,1458.75,13401.6,27877.5,15266
15_05_2026_12_50,23782.3,26196.2,1458.25,13403.7,27872.2,15273.8
15_05_2026_12_55,23784.7,26197.2,1458.65,13399.5,27870.8,15273.3
15_05_2026_13_00,23775.4,26168.8,1458.25,13404.9,27840.8,15265
15_05_2026_13_05,23775.4,26143.3,1458.55,13399.7,27865.4,15258.5
15_05_2026_13_10,23780.7,26133.9,1460.75,13405.3,27893.9,15262.3
15_05_2026_13_15,23785.8,26121.8,1460.6,13400.3,27909.6,15263.2
15_05_2026_13_20,23776.1,26135.9,1454.75,13398.8,27882.8,15259.9
15_05_2026_13_25,23776.1,26112.8,1454.75,13401.7,27873.6,15258.2
15_05_2026_13_30,23761.6,26096.3,1453.6,13394.7,27824.8,15247.5
15_05_2026_13_35,23739.7,26056.4,1453.05,13368,27819.8,15233
15_05_2026_13_40,23739.2,26082.9,1451.85,13364.2,27795.6,15238.8
15_05_2026_13_45,23711,26067.7,1450.1,13348,27742.1,15221.2
15_05_2026_13_50,23728.7,26084.3,1448.7,13360,27767.6,15235.1
15_05_2026_13_55,23713.6,26073.3,1446.85,13342.3,27733.7,15227.1
15_05_2026_14_00,23694.9,26040.9,1443.85,13312.2,27701.4,15210.6
15_05_2026_14_05,23713.8,26072.8,1442.6,13334.1,27709.7,15224.3
15_05_2026_14_10,23722.3,26109.9,1441.25,13346.3,27703.1,15230.8
15_05_2026_14_15,23718.1,26097.2,1439.3,13350.7,27701.3,15223.7
15_05_2026_14_20,23706.8,26098.9,1439.7,13335.8,27690.3,15218.7
15_05_2026_14_25,23695.7,26097.8,1439.75,13330,27695.2,15213.4
15_05_2026_14_30,23695.1,26101.1,1438.75,13332.6,27695.7,15217.1
15_05_2026_14_35,23692.6,26097.3,1437.2,13339.5,27699.6,15213.8
15_05_2026_14_40,23690.8,26093.9,1439.05,13327.7,27710.7,15212.3
15_05_2026_14_45,23625.9,26007.7,1432.3,13276.5,27633.9,15172.7
15_05_2026_14_50,23618.7,26009.1,1430.7,13271.5,27660.6,15172.7
15_05_2026_14_55,23646.1,26039,1433.7,13280.8,27713.4,15190
15_05_2026_15_00,23674.2,26095.6,1436.4,13312.5,27738.2,15204.4
15_05_2026_15_05,23647.8,26065.5,1437.3,13310.8,27723.5,15187.2
15_05_2026_15_10,23644.1,26082.8,1437.35,13311.3,27729.9,15182.9
15_05_2026_15_15,23637.2,26088.4,1436.4,13300.6,27670.5,15183
15_05_2026_15_20,23632.8,26069.7,1431.35,13285.5,27696,15173.5
15_05_2026_15_25,23659.3,26095.6,1435.1,13295.3,27676.7,15179.9
18_05_2026_09_15,23400.5,25671.5,1412.85,13137.5,27908.3,14989.7
18_05_2026_09_20,23401.5,25615.1,1412.45,13132.6,27877,14986.8
18_05_2026_09_25,23373.1,25559.6,1413.4,13081.1,27799.2,14971.3
18_05_2026_09_30,23388.2,25620.6,1409.45,13085.3,27759.7,14986.1
18_05_2026_09_35,23358.4,25609.5,1405.75,13065.2,27762.9,14962
18_05_2026_09_40,23371.1,25585.7,1408,13065.2,27802.3,14963.7
18_05_2026_09_45,23342.4,25594.2,1405.35,13031.4,27807.8,14945.4
18_05_2026_09_50,23325.1,25504.3,1402.2,13000.2,27764.3,14924.3
18_05_2026_09_55,23341.2,25540.7,1399.6,12995.5,27792.9,14938.5
18_05_2026_10_00,23361.1,25547.7,1397.2,13020.5,27810.9,14951
18_05_2026_10_05,23350.9,25520.2,1396.5,13045.7,27741.3,14939.8
18_05_2026_10_10,23362.4,25577.9,1397.25,13087.9,27743,14947
18_05_2026_10_15,23384.9,25560.6,1397.8,13094.3,27836.2,14963
18_05_2026_10_20,23381.9,25544.2,1396.45,13072.1,27785.2,14954.2
18_05_2026_10_25,23379.8,25547.8,1393.6,13059.5,27761.9,14948.9
18_05_2026_10_30,23413.7,25588.8,1396.65,13071.3,27822.2,14970.4
18_05_2026_10_35,23429,25577.2,1400.35,13081.1,27949.5,14969.3
18_05_2026_10_40,23417.2,25556.6,1399.75,13054.2,27881.9,14966.2
18_05_2026_10_45,23408.7,25503.8,1398.1,13041.3,27904.5,14948.9
18_05_2026_10_50,23443.7,25546.1,1401.7,13054,28004.1,14976.5
18_05_2026_10_55,23465.1,25581.8,1403.9,13065.3,28049.6,14994.1
18_05_2026_11_00,23455.2,25587.8,1404.05,13062.8,28027.2,14989.5
18_05_2026_11_05,23476.4,25636.9,1401.8,13086.4,28001.2,15006.4
18_05_2026_11_10,23470.1,25634.1,1403,13090.2,27985.3,15003.1
18_05_2026_11_15,23494.1,25653.1,1401.8,13083,27990.9,15021.6
18_05_2026_11_20,23516.2,25679.9,1403.5,13101.4,28039.1,15033.7
18_05_2026_11_25,23495.8,25642.6,1403.55,13078.3,28093.6,15016.7
18_05_2026_11_30,23528.6,25680.6,1407.2,13080.5,28098,15034
18_05_2026_11_35,23560.7,25703.4,1408.5,13087.8,28114.9,15053.1
18_05_2026_11_40,23534.2,25665.4,1405.45,13071.3,28094.8,15038.2
18_05_2026_11_45,23512.7,25636.3,1402.4,13051.2,28061.4,15022
18_05_2026_11_50,23499.7,25611.8,1402.1,13045.7,28104.4,15013.5
18_05_2026_11_55,23474.7,25602.2,1401.8,13039.9,28077.9,15001.7
18_05_2026_12_00,23477.9,25601.3,1402.9,13034.5,28120.9,15003.2
18_05_2026_12_05,23492.5,25614.6,1402.9,13036.9,28153.4,15009
18_05_2026_12_10,23524.8,25624.5,1403.45,13045.1,28253.4,15028.2
18_05_2026_12_15,23520.7,25596.7,1403.7,13067.3,28216.6,15020.4
18_05_2026_12_20,23535.9,25594.3,1405.2,13072.4,28234.2,15031.5
18_05_2026_12_25,23553.4,25624.1,1405.55,13075.7,28265.2,15045.8
18_05_2026_12_30,23593.9,25687.5,1408.1,13108.5,28319.1,15065.7
18_05_2026_12_35,23604.4,25701.9,1406.15,13123.3,28347.9,15067.8
18_05_2026_12_40,23584.8,25672.9,1404.25,13106.8,28293.3,15054.6
18_05_2026_12_45,23578.8,25657.7,1404.65,13109,28287.5,15049.8
18_05_2026_12_50,23589.2,25669.8,1404.15,13103,28299.6,15057.9
18_05_2026_12_55,23636.9,25730.9,1405.55,13162.9,28301.9,15090
18_05_2026_13_00,23646.3,25727.3,1405.25,13168.2,28333.9,15092.2
18_05_2026_13_05,23610.3,25657.7,1404.5,13138.5,28281.5,15071.2
18_05_2026_13_10,23615.9,25661.6,1404.4,13139.2,28311.4,15068.8
18_05_2026_13_15,23620.3,25658.9,1404.05,13138.7,28314.2,15065.5
18_05_2026_13_20,23627.7,25662,1403.3,13146.8,28318.1,15071.6
18_05_2026_13_25,23618.9,25631.2,1404.7,13145.5,28310.4,15066.7
18_05_2026_13_30,23621.5,25647.2,1404.7,13158,28250.2,15070.2
18_05_2026_13_35,23607.1,25634.9,1404.5,13153.2,28265.8,15063
18_05_2026_13_40,23622.4,25640.3,1405.4,13171.9,28268.6,15070.1
18_05_2026_13_45,23624.4,25630.6,1404.8,13164.7,28254.1,15072.9
18_05_2026_13_50,23642.8,25632.9,1405.05,13188,28260.8,15077
18_05_2026_13_55,23640.9,25615.5,1408.25,13198.2,28287.1,15073.9
18_05_2026_14_00,23641.3,25642.3,1408.2,13198.3,28292.1,15081.8
18_05_2026_14_05,23615.2,25600.4,1407.5,13181.8,28268.6,15066.8
18_05_2026_14_10,23624.8,25609,1408.15,13188.5,28268.8,15076.8
18_05_2026_14_15,23612.2,25578.1,1405.6,13183,28254.4,15069.8
18_05_2026_14_20,23591.1,25538.7,1405.85,13178.2,28240.8,15054.2
18_05_2026_14_25,23614.3,25552.2,1407.1,13192.1,28293.1,15063.9
18_05_2026_14_30,23597.4,25542.9,1407.3,13174.2,28307.1,15056.7
18_05_2026_14_35,23587.1,25527.9,1407.2,13166.2,28293,15053.4
18_05_2026_14_40,23602.9,25563.1,1410.85,13168,28312.8,15066.5
18_05_2026_14_45,23585.8,25537.8,1409.4,13156.5,28317.3,15050.5
18_05_2026_14_50,23592.1,25557.8,1406.25,13154.4,28300.5,15053.5
18_05_2026_14_55,23591.5,25563.2,1404.1,13132.2,28293.7,15047.5
18_05_2026_15_00,23662.7,25649.1,1406.1,13184.3,28384.5,15102.5
18_05_2026_15_05,23637.7,25584.7,1404.75,13156.2,28359.7,15083.3
18_05_2026_15_10,23634.6,25614.5,1403.35,13164.5,28362.9,15088.5
18_05_2026_15_15,23626.9,25612.4,1405.05,13159.8,28373.8,15087.8
18_05_2026_15_20,23657.3,25637.6,1403.95,13179.2,28435.8,15105.9
18_05_2026_15_25,23644.4,25610.9,1403.85,13161,28464.9,15094
19_05_2026_09_15,23734.8,25619.4,1409.65,13153.8,29386.2,15118
19_05_2026_09_20,23748.9,25624.7,1409.5,13152.3,29435.2,15141.4
19_05_2026_09_25,23756.9,25718.4,1412.55,13138.6,29457.8,15165.5
19_05_2026_09_30,23684,25598.2,1404.2,13117.4,29465.4,15093.6
19_05_2026_09_35,23706.8,25610.8,1406.15,13143.2,29426.1,15114.2
19_05_2026_09_40,23749.2,25699.2,1408.75,13147,29449.6,15149.8
19_05_2026_09_45,23714.2,25701.5,1406.4,13147.8,29379.2,15139
19_05_2026_09_50,23695.1,25691.4,1406.8,13135.5,29399.6,15135
19_05_2026_09_55,23678.2,25637.7,1404.35,13114.2,29398.6,15116.8
19_05_2026_10_00,23699.2,25630.9,1406,13133.1,29384.2,15128.8
19_05_2026_10_05,23722.8,25662.9,1407.3,13152.5,29457.1,15138
19_05_2026_10_10,23753.4,25682.6,1411.15,13181.8,29452.8,15155
19_05_2026_10_15,23725.7,25666.2,1410.25,13162.5,29402.4,15141.9
19_05_2026_10_20,23739.2,25669.8,1412.55,13180.2,29412.7,15149.8
19_05_2026_10_25,23751.1,25664.8,1411.4,13186.8,29435.2,15156.1
19_05_2026_10_30,23744.8,25647.3,1413.5,13188.3,29469.8,15149.2
19_05_2026_10_35,23753.2,25658.4,1414.95,13197.3,29537.8,15153.6
19_05_2026_10_40,23764.8,25656,1414.35,13199.8,29596.3,15155.3
19_05_2026_10_45,23757.4,25656.6,1418,13202.5,29488.4,15156.6
19_05_2026_10_50,23742.1,25653.9,1416.4,13194.3,29472.9,15148.9
19_05_2026_10_55,23771.9,25683.4,1418.2,13216.2,29500.2,15166.7
19_05_2026_11_00,23751.6,25675.2,1421.25,13189.8,29525.3,15152.3
19_05_2026_11_05,23743.8,25655.8,1421.05,13180.6,29548.9,15141.7
19_05_2026_11_10,23719.8,25645.2,1419,13165.2,29578.1,15122.2
19_05_2026_11_15,23708,25650,1418.05,13168.8,29577.2,15115.7
19_05_2026_11_20,23713.8,25700.8,1419,13176.7,29576.2,15124.8
19_05_2026_11_25,23727.8,25741.1,1420.8,13188.8,29565.2,15137.5
19_05_2026_11_30,23718.2,25723.5,1419.75,13199.6,29481.5,15135.2
19_05_2026_11_35,23724.2,25729.9,1421.15,13194.3,29511.7,15138.5
19_05_2026_11_40,23750.1,25807.7,1420.75,13207.9,29501.8,15158.2
19_05_2026_11_45,23754.4,25880.4,1420.5,13204.3,29471.7,15166.3
19_05_2026_11_50,23760.2,25880.7,1420.85,13200.8,29462.6,15171.2
19_05_2026_11_55,23754.7,25852.1,1421.4,13188.5,29452.9,15168.7
19_05_2026_12_00,23741.4,25884.8,1419.15,13181,29417.3,15167.6
19_05_2026_12_05,23741.4,25903.2,1419.3,13183,29419.6,15164.4
19_05_2026_12_10,23743.1,25935.3,1420.6,13203.6,29403.6,15171.9
19_05_2026_12_15,23744.6,25920.9,1419.65,13199.9,29407.9,15168.5
19_05_2026_12_20,23733.6,25911.2,1420.7,13184.2,29372.1,15166.5
19_05_2026_12_25,23752.4,25899.4,1419.15,13186.8,29381,15167.1
19_05_2026_12_30,23736,25889.4,1418.8,13186.5,29376.1,15164.8
19_05_2026_12_35,23740.7,25899.3,1420.1,13195,29370.4,15173.7
19_05_2026_12_40,23738.1,25877.8,1420.45,13185.3,29367.3,15171.7
19_05_2026_12_45,23727.6,25844.3,1419.4,13182.7,29340.2,15162.6
19_05_2026_12_50,23728.4,25844.8,1420.35,13183.2,29308.7,15164
19_05_2026_12_55,23723.9,25871.1,1420.7,13183.3,29336.7,15164
19_05_2026_13_00,23713.3,25855.8,1420,13182.8,29341.2,15155.8
19_05_2026_13_05,23724.8,25831.4,1419.35,13202.2,29370.4,15157
19_05_2026_13_10,23708.3,25807.8,1418.75,13194.6,29357.1,15148
19_05_2026_13_15,23728.9,25840.3,1420.15,13200.3,29382.5,15160
19_05_2026_13_20,23732.8,25859.4,1425.5,13204.8,29382.3,15164
19_05_2026_13_25,23724.8,25844.1,1422.65,13206.8,29372.1,15153.6
19_05_2026_13_30,23730.9,25860.4,1424.7,13212.5,29354.2,15156.3
19_05_2026_13_35,23709.2,25821.8,1421.45,13190,29316.8,15140.5
19_05_2026_13_40,23696.8,25827.8,1421.6,13182.5,29294.4,15139.3
19_05_2026_13_45,23704.5,25851.1,1421.2,13188.8,29305.6,15147.2
19_05_2026_13_50,23699.6,25824.6,1419.8,13178.7,29298.1,15140.1
19_05_2026_13_55,23689.1,25820.1,1421.35,13173.2,29279.2,15135.5
19_05_2026_14_00,23714.9,25866.9,1420,13194.2,29327.8,15154
19_05_2026_14_05,23705.3,25842.3,1420.95,13197.5,29353.1,15148.9
19_05_2026_14_10,23717.3,25848.9,1422.5,13197.5,29359.3,15151.5
19_05_2026_14_15,23716.2,25860.8,1421.65,13197.1,29352.7,15154.7
19_05_2026_14_20,23710.2,25845.3,1422.4,13200,29354.5,15150
19_05_2026_14_25,23703.2,25830.9,1421.7,13206.8,29340.8,15147.5
19_05_2026_14_30,23701.2,25825.1,1420.7,13191.3,29356.2,15146
19_05_2026_14_35,23682,25790.7,1420.6,13180.2,29334.8,15131.8
19_05_2026_14_40,23657.2,25763.7,1419,13167,29337.2,15115
19_05_2026_14_45,23653,25732.4,1417.75,13164,29329.9,15114.8
19_05_2026_14_50,23647.2,25759.3,1420.2,13162.3,29356.6,15118.4
19_05_2026_14_55,23655.2,25757.9,1421.55,13159.2,29351.2,15119.8
19_05_2026_15_00,23632.3,25746.9,1420.85,13167.6,29315.8,15113.5
19_05_2026_15_05,23625.6,25744,1420.15,13168.8,29329.2,15107.8
19_05_2026_15_10,23624.4,25724.3,1419,13173,29323.2,15102.3
19_05_2026_15_15,23609.1,25667.9,1417.75,13159.8,29307.2,15085.6
19_05_2026_15_20,23597,25657,1419.65,13159.9,29286.8,15082
19_05_2026_15_25,23606.2,25646.1,1419.3,13145.7,29302.3,15080.1
20_05_2026_09_15,23459.9,25343.2,1393.95,13038,29335.3,14944.7
20_05_2026_09_20,23458.7,25416.6,1391.6,13059.2,29332,14944.2
20_05_2026_09_25,23476.9,25415.4,1394.8,13076,29361.8,14952
20_05_2026_09_30,23520.2,25496.2,1394.15,13073.6,29415.8,14975
20_05_2026_09_35,23533.2,25551.3,1395.5,13119,29482.2,14984
20_05_2026_09_40,23524.2,25575.4,1395.05,13096.2,29438.1,14988.8
20_05_2026_09_45,23522.2,25597.7,1394.7,13100.2,29471.7,14997
20_05_2026_09_50,23526.6,25671.1,1393.7,13094.4,29481.8,15004.8
20_05_2026_09_55,23541.9,25703,1395.1,13090.3,29457.7,15018.7
20_05_2026_10_00,23503.9,25681.9,1392.25,13088.2,29398.8,14993.2
20_05_2026_10_05,23500.4,25654.3,1389.7,13079.5,29385.8,14984.3
20_05_2026_10_10,23500.6,25673.9,1390.25,13060,29345.4,14989.5
20_05_2026_10_15,23500,25707.9,1390.4,13075.5,29312.8,14992.5
20_05_2026_10_20,23478.1,25686,1388.3,13074.3,29269.2,14984.2
20_05_2026_10_25,23519.9,25718.7,1390.1,13087.6,29337.2,15003.5
20_05_2026_10_30,23562.1,25743.7,1391.25,13102.8,29352.4,15016.9
20_05_2026_10_35,23562.7,25769.5,1392,13107.3,29326.6,15020.7
20_05_2026_10_40,23532.7,25732.8,1393.2,13107.5,29320.3,15002.9
20_05_2026_10_45,23506.4,25718.4,1393.55,13096.8,29318.4,14987.5
20_05_2026_10_50,23546.3,25777.1,1395.45,13106,29328.2,15013.7
20_05_2026_10_55,23546.4,25792.9,1395.5,13113.2,29334.8,15017.8
20_05_2026_11_00,23564.4,25815.2,1399,13116.5,29323.9,15029.9
20_05_2026_11_05,23575.6,25823.3,1401.1,13129,29347,15036.5
20_05_2026_11_10,23562.2,25827.2,1402.95,13117,29313.2,15030.8
20_05_2026_11_15,23564.9,25840.2,1399.7,13102,29312.6,15030
20_05_2026_11_20,23582.1,25880.6,1397.85,13114.8,29304.2,15047.5
20_05_2026_11_25,23599.8,25923.6,1397.75,13124.3,29293.8,15063.9
20_05_2026_11_30,23594.5,25896.8,1398.95,13123.8,29288.4,15058
20_05_2026_11_35,23609.3,25887.4,1400.1,13136.5,29279.2,15058.3
20_05_2026_11_40,23605.1,25871.2,1399.8,13131.5,29292.5,15053
20_05_2026_11_45,23635.6,25913.2,1400.35,13142.8,29356.8,15070.5
20_05_2026_11_50,23626.9,25905.4,1398.7,13138,29350.8,15069
20_05_2026_11_55,23608.2,25910.1,1399.95,13134.7,29316,15066.8
20_05_2026_12_00,23592.3,25895.1,1398.35,13130.6,29290.6,15060.2
20_05_2026_12_05,23580.1,25880.7,1396.8,13125.2,29316.8,15050.5
20_05_2026_12_10,23579.9,25876.9,1397.5,13117.5,29310.8,15048.7
20_05_2026_12_15,23583.6,25886.9,1396.85,13110,29299.3,15051.8
20_05_2026_12_20,23601.9,25907.7,1397.05,13114.9,29297.9,15065
20_05_2026_12_25,23588,25922.1,1396.55,13106,29289.4,15060.5
20_05_2026_12_30,23590.6,25925.2,1396.9,13113.8,29287.7,15063.3
20_05_2026_12_35,23600.2,25938.9,1398.1,13118.5,29263.9,15070.6
20_05_2026_12_40,23602.8,25899.9,1400.85,13116.5,29240.2,15067.7
20_05_2026_12_45,23601.9,25907.7,1400.6,13110.7,29236.2,15071.2
20_05_2026_12_50,23605.9,25925.3,1401.4,13113.9,29250.4,15076.5
20_05_2026_12_55,23612.8,25927.8,1402.8,13118.5,29264.4,15077.5
20_05_2026_13_00,23602.2,25910.1,1402.65,13109.5,29245.9,15068.9
20_05_2026_13_05,23601.9,25904.1,1402.2,13106.8,29230.4,15069.5
20_05_2026_13_10,23601.4,25903.2,1402.05,13099.2,29223.1,15065.5
20_05_2026_13_15,23585.3,25894.1,1401.3,13094.8,29226.2,15057
20_05_2026_13_20,23583.2,25885.9,1401.45,13098.3,29205.7,15056.1
20_05_2026_13_25,23567.1,25850.4,1399.6,13087.8,29197.4,15047.7
20_05_2026_13_30,23597.1,25883.1,1400.2,13097.8,29235.2,15063.9
20_05_2026_13_35,23604.1,25899.5,1399.95,13096.6,29236.2,15069.6
20_05_2026_13_40,23595.8,25882.6,1399.95,13090.7,29228.9,15062.5
20_05_2026_13_45,23597.3,25879.9,1400.1,13096.7,29215.9,15064
20_05_2026_13_50,23605.1,25887.7,1400.05,13102,29234,15064
20_05_2026_13_55,23628.2,25917.7,1400.55,13118.4,29235.1,15079.5
20_05_2026_14_00,23630.2,25914.6,1399.25,13114.5,29243.4,15078
20_05_2026_14_05,23661.1,25966.2,1400.35,13141.8,29287.2,15097.8
20_05_2026_14_10,23651.9,25953,1400.95,13164,29270.9,15090.8
20_05_2026_14_15,23647.4,25950.6,1401.9,13151.2,29252.9,15088.3
20_05_2026_14_20,23674.1,25961.4,1400.95,13162.4,29277.8,15105
20_05_2026_14_25,23665.3,25960.4,1400.9,13161.3,29281.4,15103
20_05_2026_14_30,23660.9,25971.3,1400.95,13157.8,29263.2,15098.5
20_05_2026_14_35,23668.4,25999.3,1400.95,13158.5,29255.9,15104.2
20_05_2026_14_40,23677.6,25978.6,1401.25,13170.5,29269.2,15112.2
20_05_2026_14_45,23684.1,25980.7,1401.9,13185.5,29264.3,15112.8
20_05_2026_14_50,23685.1,25982.8,1402.2,13183.8,29239.8,15114.9
20_05_2026_14_55,23679.2,25967.1,1402.15,13185,29221.3,15109.7
20_05_2026_15_00,23643.5,25891.2,1399.55,13170.6,29215.6,15088.9
20_05_2026_15_05,23672.3,25935.7,1399.8,13194.1,29247.1,15109.2
20_05_2026_15_10,23667.9,25919.6,1399.95,13194.8,29231.7,15104
20_05_2026_15_15,23659.5,25907.9,1400.65,13190.7,29184.6,15103.3
20_05_2026_15_20,23658.3,25907.3,1400.85,13191.6,29126.1,15107.3
20_05_2026_15_25,23664.2,25907.7,1400.3,13196,29166.7,15112.8
21_05_2026_09_15,23768.4,26085.4,1411.65,13276.8,29227.2,15183.5
21_05_2026_09_20,23775.1,26150.2,1412.2,13285.5,29259.3,15196
21_05_2026_09_25,23758.1,26068.3,1408.8,13278.8,29208.4,15174.6
21_05_2026_09_30,23738.3,26002.7,1406.9,13288.6,29166.7,15151.8
21_05_2026_09_35,23768.9,26070.7,1408.85,13294,29176.4,15172.6
21_05_2026_09_40,23793.2,26057.2,1408.85,13298.7,29173.4,15174.8
21_05_2026_09_45,23785.6,26011.1,1410.55,13305.8,29182.8,15166.8
21_05_2026_09_50,23807.1,26042.2,1410.65,13320,29245.8,15181
21_05_2026_09_55,23768.3,26015,1408.65,13338.2,29176.8,15162.2
21_05_2026_10_00,23781.8,26015,1409.6,13337.1,29192.5,15170.1
21_05_2026_10_05,23763.6,26009.1,1409.7,13315.3,29170.6,15161.2
21_05_2026_10_10,23767.4,26034,1408.45,13317.3,29155.7,15163.2
21_05_2026_10_15,23776.5,26081.3,1408.85,13316.5,29168,15162.3
21_05_2026_10_20,23770.6,26095.2,1409.9,13297.5,29176.1,15165.5
21_05_2026_10_25,23780,26103.7,1410.85,13297.8,29144.4,15176.5
21_05_2026_10_30,23762.2,26078.2,1409.1,13284.9,29070.7,15166.9
21_05_2026_10_35,23736.3,26057.7,1407.8,13268.9,29028.8,15150.8
21_05_2026_10_40,23764.8,26087.7,1409.4,13280.8,29079.4,15166.5
21_05_2026_10_45,23748.9,26071.8,1408.25,13283.1,29090.7,15157
21_05_2026_10_50,23748.8,26065.8,1408.8,13286.4,29142.3,15152.2
21_05_2026_10_55,23723.8,26020.4,1408.45,13277.3,29109.2,15134.6
21_05_2026_11_00,23713.4,26009.9,1405.8,13263.2,29103,15132
21_05_2026_11_05,23717.4,26004.3,1406.35,13267.5,29143.9,15134.2
21_05_2026_11_10,23697.1,25982.6,1404.9,13255.9,29112.8,15121.7
21_05_2026_11_15,23678.7,25952.8,1403.25,13250.9,29083.2,15108.2
21_05_2026_11_20,23713.6,26014.7,1403.5,13263.7,29115.8,15129.4
21_05_2026_11_25,23742.6,26077.6,1403.55,13266.3,29102.3,15150.1
21_05_2026_11_30,23735.1,26045.4,1405,13263.8,29078.6,15140.7
21_05_2026_11_35,23729.9,26045.7,1401.45,13255.5,29097.8,15133.2
21_05_2026_11_40,23731.2,26040.3,1402.25,13256,29059.9,15133.7
21_05_2026_11_45,23723.6,26039.2,1402.95,13254.5,29051.6,15131.8
21_05_2026_11_50,23726.7,26031.4,1404,13247.6,29059.4,15131.2
21_05_2026_11_55,23716.8,26011.8,1402.75,13247.5,29074.2,15126.3
21_05_2026_12_00,23732.1,26051.7,1403.4,13244,29090.5,15134.2
21_05_2026_12_05,23734,26066.7,1403.9,13249.2,29095.8,15139.2
21_05_2026_12_10,23705.1,26029,1402.7,13225.7,29068.1,15126.3
21_05_2026_12_15,23708.5,26024.1,1402.85,13230.3,29055.1,15126.1
21_05_2026_12_20,23692.2,26019.7,1402.9,13218.2,29047.8,15120.8
21_05_2026_12_25,23663.8,25976.9,1399.95,13210,29030.7,15102.6
21_05_2026_12_30,23669.6,25984.4,1400.15,13214.5,29016.9,15108.8
21_05_2026_12_35,23632.3,25953.6,1397.4,13196.6,28973.4,15087.2
21_05_2026_12_40,23640.1,25942.3,1396.5,13201.8,29014.8,15088.3
21_05_2026_12_45,23630.9,25948.8,1396.45,13192.3,29017.2,15087
21_05_2026_12_50,23641.7,25956.1,1397.35,13200.2,29039.8,15093.2
21_05_2026_12_55,23624.2,25970.8,1395.25,13199.7,29037.6,15084.9
21_05_2026_13_00,23620,25950.3,1393.95,13194.5,29051.3,15082.2
21_05_2026_13_05,23637.8,25958.3,1395.25,13201,29030.7,15090.2
21_05_2026_13_10,23640.7,25970.4,1396.25,13203.3,29006.5,15094.7
21_05_2026_13_15,23643.4,25971.7,1396.1,13204.2,29013.8,15090.5
21_05_2026_13_20,23636.7,25980.8,1397,13204,29029.4,15087.7
21_05_2026_13_25,23631.6,25978.7,1397.8,13206.3,29003.3,15086.2
21_05_2026_13_30,23647.3,26003.3,1398.6,13215.3,29035.2,15095
21_05_2026_13_35,23663.3,26003.2,1398.5,13228.2,29014.4,15104.6
21_05_2026_13_40,23681.3,26019.4,1399.15,13238.5,29023.4,15111
21_05_2026_13_45,23665.2,25996.2,1399.55,13222.5,29014.2,15099.3
21_05_2026_13_50,23650.6,25998,1397.65,13225.7,29018.9,15093.9
21_05_2026_13_55,23673.3,26024.4,1399.15,13233.3,29066.7,15109
21_05_2026_14_00,23648.6,25991.9,1399.3,13221,29048.9,15093.8
21_05_2026_14_05,23642.7,25986.5,1398.6,13214.8,29013.3,15088.5
21_05_2026_14_10,23652.2,25995.8,1399.25,13215.5,29000,15089.3
21_05_2026_14_15,23651.6,26003.2,1399.4,13216.8,28985.5,15091.7
21_05_2026_14_20,23672.7,26015.6,1400.8,13220.3,29025.8,15097.9
21_05_2026_14_25,23652.4,25986.5,1398.3,13197.6,29010.6,15083.8
21_05_2026_14_30,23663.6,25981.3,1397.3,13200.7,29008.9,15084.6
21_05_2026_14_35,23663.1,25989.1,1396.45,13209.2,28992.6,15086.3
21_05_2026_14_40,23671.8,25995.4,1397.65,13203.7,28987.2,15087.2
21_05_2026_14_45,23678.3,26012.8,1396,13212,28994.5,15093.5
21_05_2026_14_50,23686.6,26013.5,1396.35,13209.2,29014.6,15096.8
21_05_2026_14_55,23679.6,26006.1,1397.2,13214,29035.8,15091.8
21_05_2026_15_00,23669.4,25960.4,1396.45,13218.2,29029.1,15083.8
21_05_2026_15_05,23655.2,25994.2,1398.6,13204.5,29020.9,15076.3
21_05_2026_15_10,23639.1,25993.8,1396.3,13212.8,29017.4,15077.1
21_05_2026_15_15,23636.6,25972.3,1394.8,13215.2,29005.8,15073.8
21_05_2026_15_20,23644.5,25973.9,1393.2,13209.8,29006.9,15077.4
21_05_2026_15_25,23648.6,25989.1,1394.15,13216.6,28988.8,15083.7
22_05_2026_09_15,23693.5,26054.1,1386.85,13226,28883.9,15108.5
22_05_2026_09_20,23752.8,26096.4,1384.95,13255.5,28841.6,15134.5
22_05_2026_09_25,23738.6,26057.8,1378.25,13240.5,28811.7,15119.8
22_05_2026_09_30,23762.8,26068.8,1378,13235.9,28938.7,15125
22_05_2026_09_35,23755.8,26084.8,1379.45,13249.2,28888.8,15121.3
22_05_2026_09_40,23752.9,26023.9,1377.2,13246.4,28886.3,15114.7
22_05_2026_09_45,23740.8,26012.3,1373.8,13219.7,28853.9,15111.5
22_05_2026_09_50,23774.1,26059.2,1376.1,13233.8,28963.7,15130.7
22_05_2026_09_55,23779.7,26056,1376.45,13227.6,28980.8,15128.7
22_05_2026_10_00,23767.3,26052.3,1373.05,13213.9,28989.9,15123.7
22_05_2026_10_05,23785.5,26038.3,1374.15,13208.4,29004.8,15124.8
22_05_2026_10_10,23791.7,26050.5,1375.95,13252.3,28929,15130.2
22_05_2026_10_15,23764.1,26021.7,1374.6,13255.3,28907.1,15120.3
22_05_2026_10_20,23765.7,26034.3,1376,13257,28981.6,15118.8
22_05_2026_10_25,23761.4,26032.9,1376.55,13246.5,29050.7,15113
22_05_2026_10_30,23778.2,26056.3,1376.2,13257.7,29093.3,15130.8
22_05_2026_10_35,23773.1,26051.8,1377.6,13258.8,29119.6,15120.2
22_05_2026_10_40,23792.7,26059.8,1378.1,13290.8,29142.5,15128.3
22_05_2026_10_45,23783.9,26045.7,1377.4,13272.3,29131.4,15127
22_05_2026_10_50,23785.6,26041.4,1376.85,13267,29124.3,15131.8
22_05_2026_10_55,23780.8,26050.8,1377.3,13254.2,29091,15132.7
22_05_2026_11_00,23777.6,26031.2,1378.15,13251.2,29095.2,15134.7
22_05_2026_11_05,23775.1,26040.3,1378.05,13247.1,29119.9,15135.5
22_05_2026_11_10,23771.6,26041.6,1377.15,13244.4,29103.4,15137
22_05_2026_11_15,23766.6,26045.8,1377.7,13250.5,29079.2,15136.5
22_05_2026_11_20,23785,26040.8,1379.8,13250.5,29125.2,15143.9
22_05_2026_11_25,23758.9,26018.4,1377.8,13227.8,29126.1,15133.6
22_05_2026_11_30,23757.5,26035.8,1378.8,13231,29088.8,15133.4
22_05_2026_11_35,23774.1,26080,1377.95,13223.7,29099.4,15145.8
22_05_2026_11_40,23808.2,26115.9,1378.55,13236.7,29109.2,15164.3
22_05_2026_11_45,23809.2,26105.5,1377.95,13243.2,29087.1,15162.7
22_05_2026_11_50,23804.6,26105.6,1378.25,13244.4,29090.8,15160
22_05_2026_11_55,23804.8,26124.6,1378.35,13243.9,29082.1,15162.5
22_05_2026_12_00,23794.9,26131.9,1378.25,13230.2,29049.2,15164.2
22_05_2026_12_05,23791.3,26125.2,1377.95,13230.8,29033.8,15155.2
22_05_2026_12_10,23798.6,26128.8,1377.85,13230.4,29051.4,15156.9
22_05_2026_12_15,23794.3,26137.6,1377.65,13237,29009.8,15155
22_05_2026_12_20,23775.7,26115.5,1377.45,13225,28993.4,15141.8
22_05_2026_12_25,23774.8,26109.2,1377.15,13219,29001.2,15141.2
22_05_2026_12_30,23775.1,26125.7,1377.3,13218,29000.2,15144.7
22_05_2026_12_35,23778.9,26148.9,1377.4,13210.8,28987,15153.6
22_05_2026_12_40,23792.6,26164.8,1377.4,13211,28994.8,15162.4
22_05_2026_12_45,23813,26165.4,1378.4,13218,29005.2,15170.5
22_05_2026_12_50,23831.6,26197.4,1379.1,13224.5,29029.2,15180
22_05_2026_12_55,23827.4,26206.5,1379.2,13223.2,28999.1,15178.7
22_05_2026_13_00,23827.9,26198.7,1379.5,13220.5,28984.4,15176.8
22_05_2026_13_05,23819.4,26201.1,1379.6,13220.5,28964.8,15173.2
22_05_2026_13_10,23819.1,26190.8,1379.6,13230,28984,15176.2
22_05_2026_13_15,23812.1,26194.8,1378.45,13236.6,28970.5,15176
22_05_2026_13_20,23809.2,26174.7,1379.85,13234.7,28979.6,15170.2
22_05_2026_13_25,23809.4,26160.4,1378.75,13239.9,28998.7,15168.3
22_05_2026_13_30,23816.2,26155.2,1378.25,13251,28987.1,15171.1
22_05_2026_13_35,23809.1,26149.4,1378.55,13242.7,28962.3,15169
22_05_2026_13_40,23801.2,26137,1377.85,13247.8,28974.6,15161.3
22_05_2026_13_45,23803.9,26142.5,1377.85,13253,28973.2,15162.3
22_05_2026_13_50,23798,26119.8,1378.2,13250,28966.8,15159
22_05_2026_13_55,23792.2,26122.7,1378.35,13250,28949.7,15158.8
22_05_2026_14_00,23761.8,26077.8,1377.8,13227.2,28936.9,15140
22_05_2026_14_05,23778.3,26108.7,1376.5,13245.7,28954.5,15151
22_05_2026_14_10,23778.2,26109.5,1376.15,13248.5,28926.5,15154.5
22_05_2026_14_15,23761.4,26098.4,1375.7,13248.8,28927.9,15145.7
22_05_2026_14_20,23760,26076.6,1376.25,13254.8,28954.7,15144.7
22_05_2026_14_25,23739.3,26064.4,1376,13239.8,28926.4,15132.5
22_05_2026_14_30,23745.2,26051.6,1374.85,13241.7,28936.4,15137.2
22_05_2026_14_35,23723.9,26034.4,1373.95,13245.6,28912.6,15133.3
22_05_2026_14_40,23709.1,26006.1,1374.25,13244.7,28886.6,15121.3
22_05_2026_14_45,23726,26041.6,1375.1,13259.3,28934.9,15134.7
22_05_2026_14_50,23720.3,26037.9,1375.2,13260.7,28948.2,15135
22_05_2026_14_55,23724.4,26033.2,1374.85,13262.7,28941.9,15130.3
22_05_2026_15_00,23710.9,26001.8,1374.65,13262.4,28911.6,15116.4
22_05_2026_15_05,23708.7,26018.3,1375.7,13257.1,28929.3,15114.8
22_05_2026_15_10,23718.2,26031.8,1374.45,13266.7,28909.2,15119.9
22_05_2026_15_15,23725.3,26021.5,1375.35,13281.5,28919.2,15120.6
22_05_2026_15_20,23740.7,26033,1375,13282.8,28939.8,15123
22_05_2026_15_25,23748.8,26041.7,1374.45,13275,28932.5,15127.5
25_05_2026_09_15,23967.6,26580.3,1380.85,13309,28865.3,15300.9
25_05_2026_09_20,23978.3,26620,1381.8,13284,28850.9,15314.7
25_05_2026_09_25,23981.6,26645.8,1379.05,13293.5,28932.1,15316.2
25_05_2026_09_30,23959.2,26601.9,1378.1,13278.2,28880.3,15294.3
25_05_2026_09_35,23940,26538.4,1380.55,13287.9,28930.1,15273.2
25_05_2026_09_40,23947.5,26607.9,1381.9,13288.6,28915.1,15277.3
25_05_2026_09_45,23937.8,26578.3,1381.65,13285.7,28910.2,15271.7
25_05_2026_09_50,23936.8,26554.1,1381.55,13293.2,28882.6,15272.6
25_05_2026_09_55,23937.2,26516.2,1379.9,13302.8,28922.8,15277.4
25_05_2026_10_00,23943.2,26489.2,1381.05,13302.2,28900.1,15280
25_05_2026_10_05,23952.3,26468.9,1383.65,13314,28936.2,15282.2
25_05_2026_10_10,23952.1,26436,1388.3,13300,28962.8,15279.5
25_05_2026_10_15,23970.6,26460.9,1389.05,13291.3,28991.4,15286
25_05_2026_10_20,23966.8,26470.6,1389,13302.8,29020.8,15285.5
25_05_2026_10_25,23958.6,26439.4,1388.2,13306.5,28989.8,15277.9
25_05_2026_10_30,23973.3,26489.8,1387.2,13301.7,29009.2,15287.3
25_05_2026_10_35,23985.6,26493.8,1389.95,13297,29044.7,15293.6
25_05_2026_10_40,23987.4,26477.6,1392.45,13284.5,29100.5,15297.9
25_05_2026_10_45,23987.2,26488.8,1391.45,13290.2,29079.1,15298.3
25_05_2026_10_50,23988.8,26467.7,1393.05,13303.7,29082.7,15297
25_05_2026_10_55,23978.2,26452.3,1394.45,13304.7,29121.2,15292.2
25_05_2026_11_00,23982.8,26454.6,1396.5,13303.3,29140,15294
25_05_2026_11_05,23979.8,26445,1396.25,13303.5,29156.1,15290.1
25_05_2026_11_10,23987.6,26433.5,1397.4,13297.1,29170.1,15293.1
25_05_2026_11_15,23979.3,26407.8,1395.6,13300.4,29140.7,15291
25_05_2026_11_20,23979.5,26418.1,1396.4,13297.8,29127.5,15292.5
25_05_2026_11_25,23977.2,26404.1,1395.5,13294.7,29138.1,15287
25_05_2026_11_30,23962.4,26398.4,1394.15,13288.2,29119.6,15277.5
25_05_2026_11_35,23981.1,26427.6,1394.1,13292.7,29138.2,15290.4
25_05_2026_11_40,23980.9,26430.2,1394.05,13294.8,29115.6,15289.9
25_05_2026_11_45,23980.7,26423.9,1393.1,13295.1,29079,15289
25_05_2026_11_50,23987.7,26435.6,1390.55,13296.2,29090.2,15292.8
25_05_2026_11_55,23986.6,26429.1,1388.85,13306.8,29072.8,15291
25_05_2026_12_00,23969.8,26417.9,1388.6,13286.6,29077.8,15284.1
25_05_2026_12_05,23963.1,26431.6,1389.25,13284.8,29074.2,15278.7
25_05_2026_12_10,23963.9,26417.7,1389.6,13287,29062.8,15278
25_05_2026_12_15,23967.9,26437.2,1389.65,13285.2,29054.5,15283.5
25_05_2026_12_20,23961.6,26431.8,1389.2,13285.3,29039.2,15279.4
25_05_2026_12_25,23956.5,26441.1,1389.45,13285.2,29028.1,15281.3
25_05_2026_12_30,23960.4,26430.3,1388.45,13297.9,29012.1,15287.9
25_05_2026_12_35,23960.3,26441.8,1388.35,13298.8,29048.8,15286.7
25_05_2026_12_40,23958.6,26429.8,1388.45,13288.5,29039.9,15289.5
25_05_2026_12_45,23941.8,26396.1,1385.15,13282,29001.8,15278.5
25_05_2026_12_50,23952.6,26396.3,1385.5,13287.8,29016.5,15279.2
25_05_2026_12_55,23954.4,26393.1,1386.3,13288.6,29042.6,15280.5
25_05_2026_13_00,23971.8,26414.1,1385.55,13295.8,29067.4,15286.7
25_05_2026_13_05,23978.2,26405.8,1384.85,13305.2,29064.8,15285.4
25_05_2026_13_10,23977.2,26396.1,1386.45,13310.5,29044.3,15283.8
25_05_2026_13_15,23982.6,26408.9,1384.4,13310.3,29078.7,15288.2
25_05_2026_13_20,23981.6,26398.6,1385.45,13304.4,29117.6,15283
25_05_2026_13_25,23984.1,26391.3,1384.1,13304.8,29124.7,15283.5
25_05_2026_13_30,23988.1,26377.8,1385.05,13299.8,29162.6,15282.2
25_05_2026_13_35,23980.6,26388.8,1385.05,13312.7,29107.7,15280.2
25_05_2026_13_40,23963.9,26367.3,1385.6,13306.3,29074.6,15271
25_05_2026_13_45,23971.3,26372.6,1384.3,13311.2,29074.1,15273.8
25_05_2026_13_50,23972.1,26366.9,1383.65,13309.2,29063.2,15274.7
25_05_2026_13_55,23965.3,26360.3,1382.65,13309.4,29050.5,15268.3
25_05_2026_14_00,23976.7,26369.8,1380.35,13313.2,29052.9,15273.2
25_05_2026_14_05,23962.7,26355.2,1379.3,13311.1,29036.3,15264.2
25_05_2026_14_10,23958.6,26331,1379.15,13317.8,29026.9,15261
25_05_2026_14_15,23958,26333.1,1378.05,13319.8,29041.3,15261.3
25_05_2026_14_20,23965.4,26342.9,1377.75,13327.9,29035.8,15266.5
25_05_2026_14_25,23978.2,26361.2,1377.4,13336.1,29048.3,15271.3
25_05_2026_14_30,23987.2,26397.2,1376.7,13339.9,29052.1,15276.5
25_05_2026_14_35,23996,26428.4,1376.55,13331.6,29054.8,15282.2
25_05_2026_14_40,24007.8,26421.9,1377.1,13337,29048.6,15290.7
25_05_2026_14_45,24019.2,26427.2,1376.85,13340.2,29007.7,15298.4
25_05_2026_14_50,24029.5,26455.5,1376.45,13342.8,29023,15306.2
25_05_2026_14_55,24035,26461.6,1375.7,13345.4,29030.9,15310.5
25_05_2026_15_00,24032.6,26459.7,1374.85,13339.7,29000.6,15310.9
25_05_2026_15_05,24026,26446.6,1377.1,13349.5,28989.8,15305
25_05_2026_15_10,24035.2,26451.7,1379.6,13351.5,28981.5,15309.1
25_05_2026_15_15,24025.6,26451.6,1377.9,13344.3,28964.2,15307.9
25_05_2026_15_20,24032.4,26473.6,1379.25,13347.3,28964.6,15320.3
25_05_2026_15_25,24049.9,26501.3,1381.95,13352.5,28982.8,15331.9
26_05_2026_09_15,24012.6,26432.3,1385.65,13378.5,29200.1,15300.6
26_05_2026_09_20,24020.6,26470.6,1388.5,13415.2,29181.5,15302.7
26_05_2026_09_25,24034.1,26479.7,1390.7,13438.2,29081.3,15306.3
26_05_2026_09_30,24030.2,26440.4,1391.55,13405,29057.2,15296.4
26_05_2026_09_35,24069.4,26486.3,1390.85,13437.6,29100.2,15321.5
26_05_2026_09_40,24062.3,26481.3,1390,13443.4,29115.9,15321.4
26_05_2026_09_45,24051.8,26471.9,1386.25,13452.7,29078.3,15318.8
26_05_2026_09_50,24035.9,26485.9,1384.05,13445.8,29061.6,15313
26_05_2026_09_55,24028.8,26489.8,1384.35,13474.6,29042.8,15313.2
26_05_2026_10_00,24048.8,26523.8,1386.05,13463.3,29038.7,15334.3
26_05_2026_10_05,24048.3,26519.6,1386.4,13484.2,29020.7,15339.2
26_05_2026_10_10,24063,26542.5,1386.5,13480.2,29062.2,15348.5
26_05_2026_10_15,24052.9,26551.2,1387.9,13467.7,29045.3,15344.2
26_05_2026_10_20,24071.8,26559.6,1388.3,13476.7,29054,15348.2
26_05_2026_10_25,24071.4,26565.8,1388.5,13469.3,29062.8,15351.8
26_05_2026_10_30,24078.3,26584.3,1388.7,13471.3,29077.8,15355.8
26_05_2026_10_35,24085,26559.3,1389.5,13470,29096.8,15357.8
26_05_2026_10_40,24073.2,26545.9,1388.15,13473.7,29086.6,15349.3
26_05_2026_10_45,24070.2,26544.9,1386.95,13463.2,29085.3,15349.3
26_05_2026_10_50,24078.1,26563.1,1387.1,13463.5,29088.1,15358.8
26_05_2026_10_55,24071.8,26556.3,1387.15,13470.8,29089,15356
26_05_2026_11_00,24075.8,26555.9,1387.5,13479.5,29098.9,15355.8
26_05_2026_11_05,24074.9,26565.5,1386.7,13490.8,29118.7,15356.5
26_05_2026_11_10,24069.3,26558.9,1386,13479.8,29118.7,15344.5
26_05_2026_11_15,24067.8,26575.4,1385.15,13483,29133.2,15342.6
26_05_2026_11_20,24050.6,26565.3,1384.1,13473.5,29099.9,15333.7
26_05_2026_11_25,24044.8,26564.2,1383.65,13469.5,29043.7,15337.8
26_05_2026_11_30,24047.3,26562.8,1383.05,13464.3,29061.6,15339.5
26_05_2026_11_35,24069.9,26567.2,1382.05,13474.5,29086.8,15349
26_05_2026_11_40,24063.2,26579.4,1382.75,13476.8,29071.9,15348.6
26_05_2026_11_45,24057.9,26575.8,1382.55,13480.7,29080.2,15344.5
26_05_2026_11_50,24055.4,26574.8,1380.65,13489.5,29065.2,15338.2
26_05_2026_11_55,24039.9,26566.9,1379.75,13482,29071.2,15330.2
26_05_2026_12_00,24037,26565.4,1380.1,13476.8,29068.1,15330
26_05_2026_12_05,24029,26560.1,1380.05,13473.6,29093.9,15333.5
26_05_2026_12_10,24022.1,26583.4,1378.65,13469.2,29069.3,15332.7
26_05_2026_12_15,24033.9,26592.8,1379.85,13478,29090.7,15338.6
26_05_2026_12_20,24029.1,26560.7,1380.1,13475.9,29101.8,15330.7
26_05_2026_12_25,24021.9,26544.2,1378.65,13471.7,29110.2,15327.7
26_05_2026_12_30,24022.8,26543.1,1378.55,13467.5,29117.6,15331.9
26_05_2026_12_35,24021.8,26527.1,1377.7,13472.2,29111.8,15329.8
26_05_2026_12_40,24010.2,26520.8,1377.1,13469.5,29110.1,15324.5
26_05_2026_12_45,23997.6,26498.1,1376.4,13462.5,29111.6,15312.1
26_05_2026_12_50,23997.5,26497.2,1376.45,13462.3,29129.8,15314.1
26_05_2026_12_55,23998.6,26493.3,1376.85,13471.1,29124.2,15311
26_05_2026_13_00,23971.2,26465.2,1375.45,13459.3,29086.5,15297
26_05_2026_13_05,23972.4,26472.6,1376.25,13453.8,29078.7,15296.8
26_05_2026_13_10,23974.3,26450.2,1376.15,13458.2,29111.4,15293.8
26_05_2026_13_15,23982.1,26440.9,1375.4,13460.2,29119.2,15296.2
26_05_2026_13_20,23976.1,26456.8,1375.65,13462.5,29118.8,15300.9
26_05_2026_13_25,23987.5,26449.3,1376.1,13469.3,29115.7,15300.8
26_05_2026_13_30,23982.4,26465.6,1375.55,13472.2,29140.4,15301.8
26_05_2026_13_35,23974.6,26456.5,1375.5,13473,29120,15299
26_05_2026_13_40,23958.5,26443.9,1374.95,13472.1,29078.2,15292.8
26_05_2026_13_45,23961.4,26438.9,1375.6,13474.2,29044.2,15293.7
26_05_2026_13_50,23949.6,26443.2,1375.2,13471.2,29031.8,15291.2
26_05_2026_13_55,23937.2,26440.1,1375.25,13476.4,29010.6,15285.1
26_05_2026_14_00,23917.1,26414.6,1374.65,13460.4,28954.6,15271.8
26_05_2026_14_05,23925.9,26430.8,1374.9,13466.7,28984.1,15282.7
26_05_2026_14_10,23924.2,26442.4,1375.45,13468.4,28970.2,15283.9
26_05_2026_14_15,23924.4,26452.3,1374.9,13468,28948.8,15282.9
26_05_2026_14_20,23934.7,26474.1,1376.35,13480.9,28962.8,15289.4
26_05_2026_14_25,23922.6,26471.6,1375.25,13480.5,28956.3,15282.9
26_05_2026_14_30,23924.2,26478.7,1374.65,13476.2,28952.2,15291
26_05_2026_14_35,23904.8,26459.5,1374.05,13467,28941.6,15277.5
26_05_2026_14_40,23898.2,26436.7,1374.3,13463.7,28939.1,15271.2
26_05_2026_14_45,23896.2,26459.5,1375.5,13472,28931.1,15273.1
26_05_2026_14_50,23889.4,26435.2,1375.1,13458.4,28934.6,15264.3
26_05_2026_14_55,23913.1,26464.6,1376.15,13489.3,28960.4,15282.1
26_05_2026_15_00,23909.8,26473.2,1375.35,13485,28976.9,15275.8
26_05_2026_15_05,23928.7,26467.3,1376.3,13483,28975.7,15283.6
26_05_2026_15_10,23908.8,26487.2,1375.85,13489.6,28972.6,15280.5
26_05_2026_15_15,23911.1,26467.4,1375.1,13495.6,28975.3,15285.5
26_05_2026_15_20,23918,26476.9,1373.75,13496.3,28984.1,15285
26_05_2026_15_25,23933.8,26500.3,1374.35,13507.5,29001.9,15294.2
27_05_2026_09_15,23926,26547.9,1384.85,13681,28938.6,15347
27_05_2026_09_20,23933.7,26590.1,1383.5,13696.2,28938.8,15361
27_05_2026_09_25,23903.9,26586.1,1387.25,13682.5,28916,15344
27_05_2026_09_30,23883.1,26572.8,1388.5,13674.2,28944.2,15338.4
27_05_2026_09_35,23885.2,26526.6,1389.8,13668.2,28963.4,15323.3
27_05_2026_09_40,23908.6,26513.6,1390.35,13693,28945.3,15323.4
27_05_2026_09_45,23890.4,26614.4,1390.05,13673.3,28880.1,15322.2
27_05_2026_09_50,23883.9,26578.9,1388.2,13686.1,28888.1,15315.8
27_05_2026_09_55,23874.8,26550.2,1387.45,13714.6,28885.8,15313.8
27_05_2026_10_00,23912.9,26600.2,1387.1,13748.7,28907.1,15341.9
27_05_2026_10_05,23933.8,26619.3,1387.8,13752,28925.1,15351.3
27_05_2026_10_10,23942.8,26598.1,1388.2,13733,28943.2,15357.2
27_05_2026_10_15,23951.9,26598.1,1388.35,13744.1,29025.7,15359.9
27_05_2026_10_20,23953.7,26601,1388.5,13790.8,28961.6,15354
27_05_2026_10_25,23963.4,26625.1,1389.4,13862,28963.2,15355
27_05_2026_10_30,23958.1,26619.8,1390.1,13850,28956.4,15351.5
27_05_2026_10_35,23953.8,26619.2,1389.45,13852.6,28959.6,15346.2
27_05_2026_10_40,23936.2,26584.9,1389.1,13833.6,28969.8,15338.2
27_05_2026_10_45,23941.8,26588.2,1389.65,13823.2,28973.5,15341.7
27_05_2026_10_50,23966.9,26613.2,1390.45,13820.6,29030.5,15350.4
27_05_2026_10_55,23966.9,26639.6,1390.65,13804.7,29040.2,15355.7
27_05_2026_11_00,23954.4,26639.6,1391.95,13779.7,29039.6,15346
27_05_2026_11_05,23965.6,26658,1393.55,13783.2,29078.6,15352.8
27_05_2026_11_10,23961.9,26663.8,1392.1,13768.2,29065.2,15349.5
27_05_2026_11_15,23972.5,26676.2,1392.15,13773.2,29020.8,15358.2
27_05_2026_11_20,23973.5,26690.4,1392.45,13769.8,28996.3,15357.8
27_05_2026_11_25,23974.7,26716.6,1392.85,13769.2,28982.2,15367.6
27_05_2026_11_30,23970.6,26725.3,1401.8,13765,28948.2,15370.8
27_05_2026_11_35,23949.8,26705.2,1401.85,13752.2,28952.8,15358.3
27_05_2026_11_40,23953.5,26699.6,1400.3,13738.6,28967,15361.8
27_05_2026_11_45,23947.3,26696.3,1400.65,13733.7,28997.2,15356.5
27_05_2026_11_50,23939.2,26665.6,1403.6,13740.1,28978.8,15349.5
27_05_2026_11_55,23933.5,26648.4,1404.3,13732.9,28954.4,15342.6
27_05_2026_12_00,23928.1,26642.9,1414.45,13742.5,28944.4,15341.2
27_05_2026_12_05,23929.6,26643.3,1416.1,13748.6,28953.7,15342.2
27_05_2026_12_10,23922.6,26638.1,1426.4,13750.9,28947.7,15335.8
27_05_2026_12_15,23936.8,26655.8,1427.8,13748.2,28947.2,15344.1
27_05_2026_12_20,23931.7,26641.6,1425.8,13749.7,28918.8,15342.5
27_05_2026_12_25,23906.3,26619.7,1421.95,13733,28881.6,15329.4
27_05_2026_12_30,23914.4,26637.2,1426.4,13732.7,28885.2,15336.7
27_05_2026_12_35,23929.2,26659.1,1427.75,13727,28928.2,15349
27_05_2026_12_40,23936.1,26678.4,1429.05,13719,28938,15353.2
27_05_2026_12_45,23930.5,26683.4,1426.25,13718.3,28920.4,15353
27_05_2026_12_50,23911.8,26682.3,1426,13704,28909.3,15344.5
27_05_2026_12_55,23905.6,26700.2,1425.6,13703.8,28887.2,15344.8
27_05_2026_13_00,23914.3,26731.1,1429.25,13704.8,28889,15348.4
27_05_2026_13_05,23902.8,26745.8,1429,13698.7,28887.9,15345.7
27_05_2026_13_10,23897.2,26749.8,1429.15,13704.3,28872.8,15343.4
27_05_2026_13_15,23888.4,26750.2,1427.65,13692,28841.4,15338
27_05_2026_13_20,23899.8,26740.3,1425.8,13694.5,28857.2,15343
27_05_2026_13_25,23892.1,26725.8,1425.85,13687.7,28872.9,15343.8
27_05_2026_13_30,23900.4,26720.4,1429.95,13694.3,28904.2,15349
27_05_2026_13_35,23910.4,26726.8,1430.15,13698.7,28900.5,15352.2
27_05_2026_13_40,23891.2,26732.8,1430.9,13696.7,28871.2,15346.7
27_05_2026_13_45,23893.2,26712.2,1431.15,13696.4,28860.7,15345.6
27_05_2026_13_50,23911.3,26723.7,1430.2,13702.3,28871.2,15352.5
27_05_2026_13_55,23912.3,26736.4,1426.8,13702.8,28877.8,15353.1
27_05_2026_14_00,23917.9,26755.2,1424.8,13702.3,28876.2,15357.2
27_05_2026_14_05,23914.3,26734.3,1424.95,13703.8,28864.3,15351.5
27_05_2026_14_10,23895.9,26722.6,1423.9,13697.3,28842,15343.5
27_05_2026_14_15,23902.2,26734.1,1425.55,13694.1,28848.6,15345.4
27_05_2026_14_20,23920.2,26743.7,1423.95,13696,28872.7,15355.8
27_05_2026_14_25,23890.2,26708.6,1424.05,13679.2,28836.8,15351.4
27_05_2026_14_30,23873.9,26721.9,1421.3,13677.2,28836.2,15340.9
27_05_2026_14_35,23881.4,26750.6,1420.2,13693.7,28816.7,15341.9
27_05_2026_14_40,23875.4,26795.9,1419.35,13703.5,28817.3,15357
27_05_2026_14_45,23878.9,26812.8,1421.2,13705.9,28816.3,15357.3
27_05_2026_14_50,23881.3,26832.3,1421,13718.3,28832,15361.5
27_05_2026_14_55,23896.8,26847.2,1420.9,13723.2,28843.4,15370.5
27_05_2026_15_00,23888.2,26828.7,1417.7,13713.5,28837.1,15365.3
27_05_2026_15_05,23900.4,26823.9,1418.3,13721,28862,15374.7
27_05_2026_15_10,23903.8,26818.9,1418.4,13720.5,28888,15370.3
27_05_2026_15_15,23919.8,26857.8,1416.8,13721.7,28950.3,15384
27_05_2026_15_20,23916.4,26894.4,1415.75,13722.2,28961.8,15390.9
27_05_2026_15_25,23920.7,26949.1,1416,13715.4,28947.5,15396.6
29_05_2026_09_15,23963.3,26854.9,1418.25,13710.4,29650.9,15378
29_05_2026_09_20,23933.1,26898.2,1420.3,13711.7,29663.4,15376.2
29_05_2026_09_25,23893.4,26852.8,1418.5,13728.3,29455.7,15355.8
29_05_2026_09_30,23898.1,26880.4,1420.05,13746.7,29415,15361.9
29_05_2026_09_35,23922.7,26920.4,1420.6,13732.2,29517.4,15370.3
29_05_2026_09_40,23875.8,26813.9,1417.35,13680.2,29524.4,15318.5
29_05_2026_09_45,23912,26886.8,1419.05,13689.5,29628.4,15338.8
29_05_2026_09_50,23904.1,26851,1419.3,13661.7,29614.9,15334.8
29_05_2026_09_55,23907.4,26816.8,1420.1,13627.8,29631.7,15326.2
29_05_2026_10_00,23928.4,26846.2,1422.8,13641.1,29714.6,15339.6
29_05_2026_10_05,23943.2,26873.2,1424.7,13638.5,29702.4,15345.2
29_05_2026_10_10,23945.7,26862.3,1422.35,13637.1,29673.8,15346
29_05_2026_10_15,23933.9,26836.6,1424.15,13643.8,29706.2,15333.7
29_05_2026_10_20,23936.9,26807.9,1423.25,13648,29658.4,15334.6
29_05_2026_10_25,23911.7,26765.6,1421.3,13626.1,29628.8,15314.2
29_05_2026_10_30,23918.9,26764.4,1425.75,13636,29643.7,15317.2
29_05_2026_10_35,23916.6,26771.3,1426.5,13634.2,29617.3,15322.2
29_05_2026_10_40,23900.7,26745,1426,13616.6,29628.9,15308.3
29_05_2026_10_45,23896.2,26770.5,1426.15,13618.5,29613.2,15306.8
29_05_2026_10_50,23883.4,26742.4,1422.65,13619.3,29605.3,15297.6
29_05_2026_10_55,23903.1,26766.7,1423.25,13633.2,29604.2,15310.3
29_05_2026_11_00,23908.8,26779.7,1424.7,13629.4,29582.8,15314.9
29_05_2026_11_05,23908.3,26765.9,1426,13630.7,29612.2,15312.7
29_05_2026_11_10,23896.8,26707.3,1428.15,13624.7,29636.1,15296.4
29_05_2026_11_15,23903.9,26718.7,1428.6,13639.7,29653.3,15300.6
29_05_2026_11_20,23902.9,26751.2,1426.75,13642,29647.9,15303.6
29_05_2026_11_25,23889.6,26737.8,1426.1,13642,29620.9,15298.8
29_05_2026_11_30,23876.8,26709.1,1425.8,13639.4,29617,15287.9
29_05_2026_11_35,23886.8,26703.2,1425.4,13644.7,29664.4,15287.8
29_05_2026_11_40,23885.9,26683.7,1427.15,13628.8,29633.3,15283.5
29_05_2026_11_45,23892.9,26669.1,1426.9,13631.3,29620.6,15287.3
29_05_2026_11_50,23907.8,26720.5,1431.3,13640.3,29598.6,15297.7
29_05_2026_11_55,23890.8,26686.8,1427.95,13632.1,29585.8,15284.8
29_05_2026_12_00,23870.5,26693.2,1427.85,13632.1,29568.7,15274.3
29_05_2026_12_05,23867.4,26700.7,1429.9,13619.7,29549.2,15274.2
29_05_2026_12_10,23835.7,26655.6,1426.6,13599.1,29542.3,15249.2
29_05_2026_12_15,23839,26650.7,1425.05,13610.5,29557.8,15253.7
29_05_2026_12_20,23849.1,26673.3,1426.25,13618.3,29542.4,15262.5
29_05_2026_12_25,23855.8,26684.2,1425.7,13628.6,29526.8,15267.8
29_05_2026_12_30,23845.6,26655.9,1424.5,13619,29508.9,15263.9
29_05_2026_12_35,23856.8,26644.1,1424.05,13635.4,29533.6,15263.2
29_05_2026_12_40,23849.9,26683.4,1423.85,13637.8,29524.1,15266.5
29_05_2026_12_45,23851.2,26676.3,1422.55,13639.5,29528.8,15265.6
29_05_2026_12_50,23838.6,26649.2,1419.9,13622,29506.8,15254.1
29_05_2026_12_55,23837.6,26627.9,1419.1,13618,29484.9,15250.7
29_05_2026_13_00,23818.2,26594.2,1418.1,13604,29486.6,15236.2
29_05_2026_13_05,23798.4,26569.2,1417.65,13605.5,29485.3,15223.6
29_05_2026_13_10,23769.2,26543.8,1415.95,13585.5,29466.2,15203.2
29_05_2026_13_15,23780.7,26550.9,1415.8,13600.2,29470.2,15212.4
29_05_2026_13_20,23772.5,26541.5,1417.2,13590.5,29452.9,15211.2
29_05_2026_13_25,23775.6,26548.7,1417.35,13581.3,29463.6,15211
29_05_2026_13_30,23772.8,26566.9,1418.7,13593.5,29458.1,15214.8
29_05_2026_13_35,23769.4,26586.3,1420.8,13602,29472.3,15217
29_05_2026_13_40,23773.4,26599.2,1418.75,13602.3,29447.3,15220.5
29_05_2026_13_45,23754.1,26583.4,1418.9,13598.6,29415.6,15211.8
29_05_2026_13_50,23746.1,26591.8,1418.05,13599.5,29388.1,15208.5
29_05_2026_13_55,23757.7,26617.2,1419.35,13606.4,29412.8,15221.2
29_05_2026_14_00,23747.2,26579.9,1419.55,13595,29390.2,15214.7
29_05_2026_14_05,23744.2,26580.1,1418.45,13590.8,29414.4,15210.9
29_05_2026_14_10,23744.4,26558.5,1417.65,13587.8,29423.9,15208.8
29_05_2026_14_15,23736.8,26558.8,1417.15,13576.4,29401.9,15211.5
29_05_2026_14_20,23749.3,26584.5,1417.65,13584.8,29426.3,15219.3
29_05_2026_14_25,23760.1,26576.2,1420.15,13581,29411.2,15223.8
29_05_2026_14_30,23792.6,26621.2,1420.75,13597.8,29505.2,15241.1
29_05_2026_14_35,23789.6,26633.1,1424.65,13590.2,29492.1,15236
29_05_2026_14_40,23786.1,26631.8,1425.55,13596.5,29489.8,15241.2
29_05_2026_14_45,23785.4,26633.2,1425.95,13593.6,29500.3,15246
29_05_2026_14_50,23776.6,26614.1,1425.7,13583.6,29537.1,15234.3
29_05_2026_14_55,23773.3,26607.7,1424.1,13573.3,29491.1,15237.8
29_05_2026_15_00,23569.4,26366.8,1412.45,13451.8,29070.1,15137.7
29_05_2026_15_05,23512.8,26255.8,1408.85,13441.8,29019.8,15092
29_05_2026_15_10,23528.7,26277.9,1408.55,13442.5,29049,15094
29_05_2026_15_15,23538.3,26351.2,1406.1,13430.7,29078.2,15106.5
29_05_2026_15_20,23490.5,26245.2,1402.2,13402.7,28995,15073.4
29_05_2026_15_25,23609.3,26496.1,1405.55,13492.2,29021.7,15162.8
01_06_2026_09_15,23633,26343.8,1423.4,13514.7,29633.3,15138.3
01_06_2026_09_20,23598.9,26273.1,1423.95,13492.3,29693.1,15095.5
01_06_2026_09_25,23592.9,26219.8,1423.85,13490.5,29720.2,15082
01_06_2026_09_30,23609.6,26239.9,1432.2,13486.3,29767.6,15074.9
01_06_2026_09_35,23608.8,26223.1,1433.4,13478.2,29729.4,15066.2
01_06_2026_09_40,23576.7,26186.8,1435.5,13477.8,29834.2,15048.3
01_06_2026_09_45,23580.2,26235.8,1432.6,13467.9,29925.8,15046.8
01_06_2026_09_50,23585.6,26207.5,1434.55,13463.8,29985.5,15045.9
01_06_2026_09_55,23561.8,26181.4,1433.15,13449.7,29923.7,15036
01_06_2026_10_00,23538.7,26143.1,1430.9,13425,29881.4,15011.4
01_06_2026_10_05,23569.8,26180.4,1444.2,13444.2,29940.2,15028.6
01_06_2026_10_10,23553.2,26181.7,1443.05,13452.1,29965.4,15016.8
01_06_2026_10_15,23558.7,26154.8,1441.1,13449.2,29978.5,15010.2
01_06_2026_10_20,23549.6,26145.5,1441.8,13437.8,30024.4,15006.8
01_06_2026_10_25,23539.8,26154.9,1445.05,13441.3,30033.7,15000.6
01_06_2026_10_30,23530,26173.9,1442.65,13426.3,29981.9,14996.7
01_06_2026_10_35,23543.1,26201.2,1444.7,13438.2,29969.3,15007.8
01_06_2026_10_40,23538.2,26221,1446.1,13444.4,29941.3,15007.5
01_06_2026_10_45,23570.7,26258.2,1448.45,13473.3,29985.5,15028.3
01_06_2026_10_50,23593.7,26296.2,1449.15,13489,30022.9,15043.5
01_06_2026_10_55,23569.8,26294.8,1447.45,13478.7,30012.9,15027.2
01_06_2026_11_00,23593.2,26317.2,1451.25,13485,30055.7,15041.4
01_06_2026_11_05,23610.1,26352.6,1452.35,13495.8,30065.8,15056.2
01_06_2026_11_10,23606.2,26353.7,1452.15,13480.7,30110.7,15051.2
01_06_2026_11_15,23607.9,26344.7,1449.75,13479.2,30097.1,15054.7
01_06_2026_11_20,23581.1,26284.4,1448.35,13458.5,30108.8,15027.5
01_06_2026_11_25,23559.2,26224.7,1447.35,13443.7,30112.7,15004.5
01_06_2026_11_30,23545,26192.2,1443.05,13441.6,30122.9,14990.3
01_06_2026_11_35,23567.5,26263.4,1442.6,13442.2,30133.1,15011.3
01_06_2026_11_40,23550,26230.8,1441.8,13439.8,30142.8,14998.7
01_06_2026_11_45,23554.3,26234.8,1443.5,13435.2,30175.1,14999.2
01_06_2026_11_50,23554.8,26193.8,1444.8,13435.3,30173.9,14989.7
01_06_2026_11_55,23493.8,26160.9,1441,13399.8,30105.2,14956.2
01_06_2026_12_00,23499.2,26149.8,1443.3,13408.3,30094.8,14955.1
01_06_2026_12_05,23506.1,26136,1442.45,13414.9,30175.5,14960.8
01_06_2026_12_10,23530,26155.8,1439.75,13452.8,30201.1,14978
01_06_2026_12_15,23528.8,26112.8,1438.3,13461.7,30209.2,14971.2
01_06_2026_12_20,23518.8,26124.7,1439,13447.8,30203.8,14969
01_06_2026_12_25,23516.9,26092.2,1440.55,13449,30228.3,14962.3
01_06_2026_12_30,23513.4,26089.7,1435.5,13456.9,30215.6,14958.2
01_06_2026_12_35,23514.7,26107.3,1436.8,13484.2,30205.2,14958.8
01_06_2026_12_40,23515.8,26101.7,1434.35,13487.8,30187.6,14964
01_06_2026_12_45,23532.8,26115.8,1435.35,13510.3,30195.8,14968.3
01_06_2026_12_50,23528.2,26108.8,1435,13517.3,30207.4,14964.7
01_06_2026_12_55,23513.4,26098.2,1435,13511.7,30214.9,14956.5
01_06_2026_13_00,23496.5,26093.6,1433,13499.7,30196.7,14946.6
01_06_2026_13_05,23478.7,26054.1,1430.6,13491.7,30173.2,14934.1
01_06_2026_13_10,23460.7,26009.4,1427.25,13486.6,30180.5,14915.4
01_06_2026_13_15,23474.2,26027,1426.2,13502.5,30180.2,14921.8
01_06_2026_13_20,23469,26026.8,1427.1,13507.8,30157.5,14919.3
01_06_2026_13_25,23483.5,26076.2,1428.4,13505.1,30164.8,14935.4
01_06_2026_13_30,23485.7,26062.8,1429.3,13518.3,30158.7,14927
01_06_2026_13_35,23488.2,26066.2,1428.5,13521.5,30148.7,14923.6
01_06_2026_13_40,23482.9,26065.1,1427.85,13518.5,30140.9,14919.2
01_06_2026_13_45,23462.1,26038.6,1425.9,13505.2,30137.5,14908.6
01_06_2026_13_50,23452.9,26026.2,1425.65,13499.7,30119.4,14904.5
01_06_2026_13_55,23456.1,26009.7,1424.35,13500.7,30119.9,14900.3
01_06_2026_14_00,23442.7,26013,1423.25,13486.5,30073.2,14894.7
01_06_2026_14_05,23425.1,25994.8,1423.25,13487.1,30063.8,14885.6
01_06_2026_14_10,23416.9,25971.2,1422.25,13484,30051.2,14879
01_06_2026_14_15,23425.1,25986.4,1422.25,13500.2,30053.8,14884
01_06_2026_14_20,23393.1,25937.2,1421.1,13480.4,30009.4,14860
01_06_2026_14_25,23395,25951,1434.55,13488.3,30014.6,14862.7
01_06_2026_14_30,23394.6,25943.8,1433.1,13487.6,29969,14866.5
01_06_2026_14_35,23419.9,25956.9,1434.7,13502.5,30016.3,14882.3
01_06_2026_14_40,23417.3,25968.9,1437.05,13502.2,30000.2,14878.5
01_06_2026_14_45,23403.4,25949.4,1435.55,13507.2,29972.1,14865.7
01_06_2026_14_50,23381.3,25929.7,1431.15,13485.5,29942.1,14854.7
01_06_2026_14_55,23373.7,25911.8,1425.35,13481.3,29938.7,14844.5
01_06_2026_15_00,23391.7,25916.8,1426.55,13489.5,29913.3,14846.2
01_06_2026_15_05,23404.3,25921.4,1429.95,13511.3,29842.2,14852.5
01_06_2026_15_10,23389.2,25918.6,1430,13522.1,29851.5,14848.1
01_06_2026_15_15,23376.8,25873.6,1428.95,13517.5,29829.2,14835.4
01_06_2026_15_20,23370.9,25846.5,1427.05,13503.3,29827.9,14823
01_06_2026_15_25,23379.2,25880.6,1420.65,13524,29834.5,14842.3
02_06_2026_09_15,23286.5,25779.1,1412.95,13528.1,30457,14734.4
02_06_2026_09_20,23281.6,25861,1420,13523.2,30511.1,14746.2
02_06_2026_09_25,23282.1,25730.4,1420.4,13533.9,30550.3,14729
02_06_2026_09_30,23283.7,25698.6,1415.65,13540.2,30606.6,14702.8
02_06_2026_09_35,23295.7,25757.8,1427,13602.5,30563.9,14733.8
02_06_2026_09_40,23301.9,25751.6,1427.35,13601.8,30735.3,14720.3
02_06_2026_09_45,23283.3,25739.6,1425.15,13602.2,30686.3,14711.2
02_06_2026_09_50,23309.8,25746.6,1428.05,13604.8,30782.8,14729.2
02_06_2026_09_55,23316.2,25758.7,1427.1,13591,30808.8,14733.2
02_06_2026_10_00,23318.6,25803.2,1428.6,13575.1,30800.7,14747.3
02_06_2026_10_05,23295.4,25748.2,1425.4,13542.3,30905.9,14724
02_06_2026_10_10,23281.4,25754.7,1423.3,13517.2,30919.3,14715.7
02_06_2026_10_15,23308.4,25761.9,1423.4,13509.5,31009.2,14721.3
02_06_2026_10_20,23349.8,25806.1,1426.25,13544,30992.8,14747.8
02_06_2026_10_25,23371,25837.7,1428.3,13585.3,31026.2,14756.7
02_06_2026_10_30,23343.8,25784.1,1423.9,13554,31081.9,14734.8
02_06_2026_10_35,23351.2,25772.9,1425.3,13559.5,31169.9,14726
02_06_2026_10_40,23352.3,25794.6,1425.05,13565.5,31266.7,14727.5
02_06_2026_10_45,23330.7,25754.8,1421.4,13561.5,31189,14711.8
02_06_2026_10_50,23302.6,25702.5,1420.25,13530.7,31166.4,14688.2
02_06_2026_10_55,23301.2,25685.8,1419.5,13535.5,31085.6,14679.7
02_06_2026_11_00,23298.8,25687.9,1421.35,13554.6,31127.9,14680.1
02_06_2026_11_05,23293.3,25702.3,1421.55,13559,31132.2,14676.8
02_06_2026_11_10,23309.7,25730.1,1420.3,13560,31120.2,14691
02_06_2026_11_15,23309.4,25753.2,1417.65,13567.5,31196.2,14696.9
02_06_2026_11_20,23361.3,25789.1,1418.8,13573.2,31206.8,14725.3
02_06_2026_11_25,23340.4,25773.8,1419.15,13549.8,31228.8,14710.5
02_06_2026_11_30,23334.6,25756.8,1418.15,13530.9,31238.7,14705.5
02_06_2026_11_35,23292.3,25719.9,1416.1,13506.8,31237.7,14680.5
02_06_2026_11_40,23298.3,25741.8,1414.55,13507.4,31210.9,14686.5
02_06_2026_11_45,23302.8,25735.4,1415.45,13508.6,31179.1,14688.5
02_06_2026_11_50,23300.3,25763,1415.05,13505,31192.3,14689.2
02_06_2026_11_55,23284.1,25738.5,1413.65,13493.2,31187.2,14675.5
02_06_2026_12_00,23287.7,25747.9,1414.65,13462.2,31098.4,14679.3
02_06_2026_12_05,23302.6,25772.8,1416.2,13468.6,31127.3,14683
02_06_2026_12_10,23279.3,25777.3,1414.9,13466.7,31040.6,14672
02_06_2026_12_15,23287.8,25773.7,1414,13464.2,31016.2,14677.2
02_06_2026_12_20,23286.7,25791.2,1413.15,13465.4,30998.9,14673
02_06_2026_12_25,23274.8,25784.4,1411.8,13472.8,31054.9,14670.4
02_06_2026_12_30,23332,25855.2,1411.1,13495.5,31134.8,14702.8
02_06_2026_12_35,23337.8,25868.8,1411.5,13492.1,31089.3,14708.8
02_06_2026_12_40,23371.3,25922.3,1412.7,13514.5,31092.2,14740.1
02_06_2026_12_45,23426.2,25984.4,1414.5,13543.7,31103.1,14768.8
02_06_2026_12_50,23434.3,25986,1415.75,13548.9,31055.8,14780.8
02_06_2026_12_55,23456.9,26047.7,1418.35,13553.4,31068.2,14802.8
02_06_2026_13_00,23452.6,26047.2,1418.9,13544.6,31069.8,14805.2
02_06_2026_13_05,23457.4,26026.2,1419.25,13546.3,31101.4,14802.6
02_06_2026_13_10,23474.2,26042.6,1419.45,13551.3,31093.8,14810.5
02_06_2026_13_15,23467.1,26023.4,1420.05,13547.1,31045.4,14807.5
02_06_2026_13_20,23486.9,26048.8,1421.8,13548.4,31040.1,14819.3
02_06_2026_13_25,23502.9,26077.2,1422.35,13554.9,31036.1,14837.7
02_06_2026_13_30,23529.8,26096.6,1424.25,13573.8,31042.7,14855
02_06_2026_13_35,23507.5,26066,1422.45,13567.2,31029.9,14842.8
02_06_2026_13_40,23500.5,26051.7,1420.45,13557.4,31048.8,14837.9
02_06_2026_13_45,23520.6,26098.3,1422.25,13567.5,31053.2,14857.2
02_06_2026_13_50,23517.8,26077,1423.75,13577.7,31079.2,14856.3
02_06_2026_13_55,23515.2,26084.2,1424,13573.6,31073.2,14856.2
02_06_2026_14_00,23527.8,26091.2,1426.6,13573.8,31062.9,14861
02_06_2026_14_05,23544.7,26110.1,1426.4,13590,31097.8,14871.6
02_06_2026_14_10,23539.7,26118.2,1426.6,13571.5,31131.6,14873
02_06_2026_14_15,23514.6,26086.3,1425.55,13559,31092.6,14857.8
02_06_2026_14_20,23541.1,26104.7,1426.9,13574,31094.8,14876
02_06_2026_14_25,23516.8,26088.9,1426.8,13558.4,31075.1,14864.2
02_06_2026_14_30,23527.7,26077.3,1427.5,13563.8,31101.8,14872.9
02_06_2026_14_35,23478.4,26035.2,1423.5,13530.5,31086.4,14841.5
02_06_2026_14_40,23452.3,26026.9,1421.95,13526.5,31081,14824
02_06_2026_14_45,23464.6,26042.3,1422.85,13538.4,31079.2,14835.6
02_06_2026_14_50,23469.1,26037.7,1423.45,13541.5,31114.1,14845.3
02_06_2026_14_55,23441.6,26031,1423.8,13539.4,31094.6,14829.1
02_06_2026_15_00,23464.2,26069.4,1428.1,13540.2,31133.7,14843
02_06_2026_15_05,23486.9,26079.1,1428.2,13549.3,31091.8,14856.7
02_06_2026_15_10,23489.8,26074.1,1431.3,13555.9,31115.7,14852.2
02_06_2026_15_15,23510.8,26096.8,1432.5,13571.2,31127.3,14859.8
02_06_2026_15_20,23511.8,26088.4,1432.05,13568.4,31120.2,14856.2
02_06_2026_15_25,23523.3,26110.8,1427.6,13561.1,31108.9,14864.8
03_06_2026_09_15,23299.3,25903.6,1415.3,13555.3,30059.8,14752.3
03_06_2026_09_20,23304.2,25984.9,1414.95,13555,30013.3,14769.3
03_06_2026_09_25,23292.7,26017.2,1412.7,13553.7,29998.1,14754.8
03_06_2026_09_30,23248.4,25946.7,1412.2,13528.5,29912.2,14730.7
03_06_2026_09_35,23270.9,26050.5,1413.5,13528.3,29833.4,14764.9
03_06_2026_09_40,23268.9,26042.5,1414.05,13524.7,29792.6,14759.7
03_06_2026_09_45,23274.6,26125.3,1411.15,13493.2,29783.2,14767.7
03_06_2026_09_50,23244,26022.8,1410.9,13470.4,29766,14737.4
03_06_2026_09_55,23252.7,25992.4,1411.5,13464.7,29731.1,14741.3
03_06_2026_10_00,23281.2,26051.5,1410.05,13488.5,29731.1,14765
03_06_2026_10_05,23258,26028.1,1410.55,13464.9,29690.9,14757.8
03_06_2026_10_10,23240.5,25972.2,1409.75,13436.5,29678.4,14736.5
03_06_2026_10_15,23265.2,26032.9,1411.2,13450,29660.9,14759.5
03_06_2026_10_20,23261.4,26019.2,1412.85,13449.7,29678.8,14754.8
03_06_2026_10_25,23246.3,26008.1,1413.35,13438,29682.8,14740.2
03_06_2026_10_30,23215,25950.8,1411.25,13417.8,29647,14716.2
03_06_2026_10_35,23232.8,25965.1,1412.65,13429.9,29675.7,14727.9
03_06_2026_10_40,23227.2,25947.1,1413.15,13427.5,29640.4,14725.7
03_06_2026_10_45,23241.2,25937.2,1414.7,13435,29690.2,14726.3
03_06_2026_10_50,23242.9,25923.2,1412.9,13428.2,29771.8,14723.2
03_06_2026_10_55,23226.1,25910.8,1411.05,13425.3,29732.4,14715
03_06_2026_11_00,23219.2,25931.8,1407.65,13414.2,29656.7,14712.2
03_06_2026_11_05,23195.4,25916.2,1405.65,13402.2,29580.7,14701
03_06_2026_11_10,23202.8,25917.8,1405.3,13405.7,29594.6,14704.5
03_06_2026_11_15,23220.1,25928,1405.35,13420.2,29577.6,14714.2
03_06_2026_11_20,23224.8,25930.8,1406.7,13436.5,29617.8,14716.5
03_06_2026_11_25,23215.8,25908.8,1405.75,13431.5,29565.8,14707.1
03_06_2026_11_30,23221.7,25919.9,1404.7,13442.2,29547.6,14710
03_06_2026_11_35,23211.5,25911.7,1404.4,13437.8,29558.1,14704.7
03_06_2026_11_40,23214.2,25944.6,1401.65,13438.4,29537.3,14711.7
03_06_2026_11_45,23217.6,25973.4,1403.5,13434.2,29529.8,14714.9
03_06_2026_11_50,23219.4,25997.1,1403.3,13427.9,29446.3,14716.4
03_06_2026_11_55,23192.2,25978,1400.85,13414.5,29345.8,14703.3
03_06_2026_12_00,23170.4,25968.6,1400.95,13391.8,29348.8,14687.2
03_06_2026_12_05,23184.3,25983.2,1402.3,13405.3,29343,14696.8
03_06_2026_12_10,23180.7,25966.2,1399.55,13397,29321.2,14697.3
03_06_2026_12_15,23184.9,25971.1,1398.75,13411.1,29347.3,14701.7
03_06_2026_12_20,23187.9,25961.4,1395.4,13426.3,29331.8,14703.5
03_06_2026_12_25,23235.4,26003.1,1397.95,13446.5,29409.9,14727.3
03_06_2026_12_30,23289.9,26031.5,1402.15,13464.3,29440.3,14749
03_06_2026_12_35,23324.5,26070.6,1402.8,13492.5,29478.9,14773.7
03_06_2026_12_40,23323,26061.3,1405.05,13490.8,29476.7,14779
03_06_2026_12_45,23300.4,26037.1,1403.9,13474.3,29437.7,14761.8
03_06_2026_12_50,23275.2,25983.9,1404.35,13466.2,29428.4,14742.7
03_06_2026_12_55,23283.3,25994.6,1405.35,13466.4,29425.9,14746.3
03_06_2026_13_00,23292.2,26005.3,1403.35,13471.8,29421.7,14749.8
03_06_2026_13_05,23286.9,26003.7,1401.75,13467.8,29418.9,14744
03_06_2026_13_10,23298.3,26019.4,1402.4,13464.9,29430.1,14750.8
03_06_2026_13_15,23307.8,26028.8,1403.2,13479,29430.9,14755.7
03_06_2026_13_20,23338.1,26048.2,1405.15,13496.2,29457.3,14778.1
03_06_2026_13_25,23345,26063.2,1407.3,13492.8,29450.1,14782.7
03_06_2026_13_30,23344.6,26081.7,1406.75,13491.2,29440.2,14789
03_06_2026_13_35,23336.1,26075.2,1409.15,13484.4,29400.9,14787.5
03_06_2026_13_40,23320.6,26081.4,1410.7,13486.2,29397.6,14781.8
03_06_2026_13_45,23392.6,26148.2,1412.25,13522.3,29489.3,14815.1
03_06_2026_13_50,23375.8,26138.1,1411.75,13512.2,29475.5,14803.2
03_06_2026_13_55,23361.1,26098.1,1411.15,13505.2,29444.7,14791.8
03_06_2026_14_00,23394.9,26120.2,1411.4,13525.7,29471.3,14809.9
03_06_2026_14_05,23383.3,26095.8,1411.55,13518.8,29458,14805.3
03_06_2026_14_10,23388.2,26095.3,1412.3,13520,29405.3,14805.7
03_06_2026_14_15,23406.1,26137.8,1414.5,13547.3,29456.4,14822.6
03_06_2026_14_20,23433.7,26168.4,1412.75,13560,29456.1,14831.2
03_06_2026_14_25,23406.8,26174.6,1418.45,13552,29434.1,14824.2
03_06_2026_14_30,23424.5,26189.5,1417.35,13562.9,29438.3,14836.8
03_06_2026_14_35,23424.4,26174.2,1418.7,13572.4,29441.2,14834
03_06_2026_14_40,23439.8,26200.7,1422.05,13582.8,29440.3,14851.6
03_06_2026_14_45,23435.1,26196.9,1422.25,13570.5,29443.3,14853.9
03_06_2026_14_50,23450.3,26200.8,1423.1,13572.3,29436.1,14854.6
03_06_2026_14_55,23442.9,26180.8,1425.5,13564.8,29408.2,14851.4
03_06_2026_15_00,23431.2,26126.5,1425.6,13545.5,29434.8,14841.7
03_06_2026_15_05,23389.4,26076.8,1422.55,13525.1,29385.1,14818.1
03_06_2026_15_10,23395.8,26071.6,1420.9,13527.3,29402.6,14815.2
03_06_2026_15_15,23402.3,26080.7,1421,13534.1,29355.1,14819
03_06_2026_15_20,23400.2,26082.5,1420.05,13531.5,29371.6,14818.8
03_06_2026_15_25,23396.9,26070.8,1416.1,13527,29355.2,14817.9
04_06_2026_09_15,23345.9,26099.7,1415.6,13507.5,29294.7,14836.2
04_06_2026_09_20,23340.4,26046.2,1419.7,13504.7,29307.2,14831.8
04_06_2026_09_25,23334.8,26024.1,1418.3,13469.8,29239.9,14828.8
04_06_2026_09_30,23330.9,26017.2,1417.45,13481.3,29230.2,14827.7
04_06_2026_09_35,23321.4,26047.6,1416.85,13472.9,29196.4,14821
04_06_2026_09_40,23355.3,26105.1,1421.6,13473.5,29219.2,14844
04_06_2026_09_45,23388.3,26144.7,1426.1,13483,29218.5,14865.7
04_06_2026_09_50,23394.3,26142.8,1428.75,13490.1,29241.5,14870.8
04_06_2026_09_55,23407.8,26172.9,1431.5,13489.2,29260.7,14884.1
04_06_2026_10_00,23420.8,26291.8,1430.35,13486,29263.2,14900.2
04_06_2026_10_05,23433.8,26372.8,1431.05,13479.2,29308,14913.7
04_06_2026_10_10,23431.3,26398.4,1429.7,13490.8,29293.7,14918.2
04_06_2026_10_15,23442.8,26378.8,1430.75,13508.3,29303.8,14918.8
04_06_2026_10_20,23447.6,26380.1,1431.55,13515.2,29264.1,14922.3
04_06_2026_10_25,23423.5,26329.9,1429.7,13492.1,29210.1,14907.1
04_06_2026_10_30,23388,26258.9,1426,13467.3,29212.2,14876.6
04_06_2026_10_35,23385.9,26224.4,1427.65,13456.7,29216.2,14873.6
04_06_2026_10_40,23410.7,26253.4,1427.25,13468,29195.6,14892.7
04_06_2026_10_45,23420.1,26238.8,1427.55,13475.2,29227.8,14893.3
04_06_2026_10_50,23421.6,26248.2,1429.45,13470.5,29298.3,14889.3
04_06_2026_10_55,23424.9,26275.1,1427,13467.4,29343.6,14897.7
04_06_2026_11_00,23398.4,26225.4,1425.9,13452.6,29267.7,14878.5
04_06_2026_11_05,23385.4,26221.2,1423.5,13448,29294.1,14876
04_06_2026_11_10,23401.8,26243.8,1423.25,13458.8,29282.1,14884.7
04_06_2026_11_15,23385.1,26238,1423.4,13453.9,29264.3,14876.5
04_06_2026_11_20,23389.1,26252.9,1424.6,13455.7,29283.2,14881
04_06_2026_11_25,23392.7,26230.3,1424.1,13465.1,29278.7,14880.5
04_06_2026_11_30,23401.6,26227.3,1423.95,13472.5,29301.3,14876.8
04_06_2026_11_35,23445.7,26267.7,1429.45,13496.3,29367.1,14898.7
04_06_2026_11_40,23443.7,26265.2,1429.5,13491.6,29349.9,14896.7
04_06_2026_11_45,23439.9,26255.8,1427.55,13495.2,29354.9,14897
04_06_2026_11_50,23402.3,26203.6,1427.55,13477.3,29327.8,14873
04_06_2026_11_55,23419.1,26246.3,1429.05,13493,29317.8,14883.7
04_06_2026_12_00,23431.2,26281.2,1428.75,13497.8,29309.7,14893.3
04_06_2026_12_05,23445.2,26267.1,1430.05,13492.1,29283.2,14889.2
04_06_2026_12_10,23439.7,26287.3,1429.4,13494.1,29279.4,14893.8
04_06_2026_12_15,23430.6,26247.7,1428.6,13487.3,29258.9,14884.5
04_06_2026_12_20,23428.8,26262.8,1428.25,13479.5,29248.3,14888.8
04_06_2026_12_25,23430.7,26232.9,1427.35,13479,29241.2,14890.3
04_06_2026_12_30,23397.1,26184.3,1425.7,13464.3,29204.6,14868.3
04_06_2026_12_35,23402.1,26202.9,1425.05,13454.1,29220.7,14869.7
04_06_2026_12_40,23385.3,26210.7,1425.05,13449.7,29224.1,14866
04_06_2026_12_45,23399,26236.8,1425.4,13452.1,29287.1,14873.3
04_06_2026_12_50,23405,26292.3,1425.35,13447.5,29333.5,14878.5
04_06_2026_12_55,23415.9,26291.8,1426.2,13455.8,29344.6,14882.7
04_06_2026_13_00,23411.8,26288.4,1426.05,13459.2,29331.8,14879.9
04_06_2026_13_05,23405.8,26261.9,1426.6,13456.8,29337.2,14870.7
04_06_2026_13_10,23334.2,26176.3,1422.1,13419.5,29258.8,14829.3
04_06_2026_13_15,23353.3,26192.8,1422.35,13438.9,29303.1,14840.8
04_06_2026_13_20,23356.2,26201.3,1424,13448,29321.1,14843.3
04_06_2026_13_25,23362.2,26183.7,1423.8,13453.7,29312.1,14842
04_06_2026_13_30,23365.1,26188.6,1424.6,13446.4,29315.2,14843.7
04_06_2026_13_35,23372.2,26252.5,1424.55,13443,29326.4,14856.7
04_06_2026_13_40,23361.5,26268.2,1423.6,13436.5,29311.8,14855.3
04_06_2026_13_45,23369.9,26242.9,1424.4,13437.7,29306.5,14854.3
04_06_2026_13_50,23365.8,26247.1,1424.3,13427.8,29291.5,14854.5
04_06_2026_13_55,23367.9,26237.6,1423.45,13434.2,29297.7,14857.2
04_06_2026_14_00,23410.1,26263.4,1425.25,13449.2,29323,14869.4
04_06_2026_14_05,23424.6,26267.3,1424.9,13454.8,29317.3,14873.2
04_06_2026_14_10,23413.9,26263.1,1423.9,13447.2,29310.9,14867.3
04_06_2026_14_15,23417.3,26234.2,1422.65,13446.8,29315.1,14863.8
04_06_2026_14_20,23413.3,26228.8,1422,13437.9,29300,14862.6
04_06_2026_14_25,23419.8,26228.2,1423.35,13436.1,29308.8,14862.5
04_06_2026_14_30,23429,26236.8,1426.55,13437.1,29342.7,14867.9
04_06_2026_14_35,23448.5,26270,1426.2,13446.5,29338.9,14881.5
04_06_2026_14_40,23433.2,26225.9,1426,13440.7,29337.1,14871.8
04_06_2026_14_45,23437.6,26219.2,1430.8,13447.9,29346.7,14874.2
04_06_2026_14_50,23407.7,26174.8,1430.2,13435.7,29328.5,14860.7
04_06_2026_14_55,23415.2,26199.6,1435.8,13443.9,29335.2,14864.5
04_06_2026_15_00,23390.7,26113.1,1439.05,13425.5,29265.1,14852.2
04_06_2026_15_05,23412.7,26125.8,1448.1,13432.1,29269.6,14855.8
04_06_2026_15_10,23418.1,26133.4,1450.55,13433.6,29300.1,14857.3
04_06_2026_15_15,23419.7,26151.9,1455.75,13436.6,29301.6,14856.9
04_06_2026_15_20,23430.2,26160.4,1460.45,13442.5,29327.2,14862.2
04_06_2026_15_25,23438,26184.2,1460.15,13438.8,29332.1,14866.3
05_06_2026_09_15,23456.2,26259.4,1477.45,13344.8,29454.6,14917.5
05_06_2026_09_20,23451.2,26240,1478.2,13347.2,29379.8,14915.2
05_06_2026_09_25,23461.9,26226.9,1488.2,13348.2,29366.7,14911.7
05_06_2026_09_30,23461.1,26233.8,1492.75,13348.1,29310.7,14911
05_06_2026_09_35,23463.8,26209.4,1496.3,13378.8,29323.9,14915.5
05_06_2026_09_40,23476.3,26228.7,1496.95,13373.3,29295.7,14934.1
05_06_2026_09_45,23445.9,26170.1,1502.9,13324.8,29311.1,14914.8
05_06_2026_09_50,23457.9,26185.6,1503,13313.6,29345.9,14922.7
05_06_2026_09_55,23443.9,26136.2,1496.2,13325,29296.8,14916.2
05_06_2026_10_00,23469.2,26170.3,1494.65,13339.4,29308.6,14937.8
05_06_2026_10_05,23491.2,26217.9,1493.4,13354.9,29306.7,14966.8
05_06_2026_10_10,23468.5,26164.2,1491.2,13356,29348.8,14941.8
05_06_2026_10_15,23478.5,26177,1494.7,13356.8,29301,14945.1
05_06_2026_10_20,23490,26175.1,1494.1,13369.3,29270.2,14954.2
05_06_2026_10_25,23470.6,26130.4,1495,13365.4,29229.5,14939.5
05_06_2026_10_30,23431.1,26097.9,1500.05,13364.8,29190.2,14920
05_06_2026_10_35,23364.2,26035.3,1492.15,13310.3,29118.1,14874.6
05_06_2026_10_40,23359.8,26031.7,1498.4,13305.3,29194.4,14860.7
05_06_2026_10_45,23373.9,26063.7,1497.4,13302.7,29129.9,14872.2
05_06_2026_10_50,23382.8,26113.6,1504.1,13313.2,29144.1,14888.2
05_06_2026_10_55,23402.3,26155.4,1501.95,13314,29151.3,14903.8
05_06_2026_11_00,23453.9,26184.9,1503.8,13339.9,29169.3,14937.7
05_06_2026_11_05,23469.6,26214.9,1503.35,13341,29172.2,14951.3
05_06_2026_11_10,23444.4,26202,1501.85,13317,29131.7,14937.8
05_06_2026_11_15,23429.3,26193.8,1500.1,13311.1,29138.1,14930
05_06_2026_11_20,23412.1,26179.2,1495.15,13293.5,29114.1,14914.8
05_06_2026_11_25,23418.3,26180.6,1493.3,13302.5,29120.1,14918
05_06_2026_11_30,23422.9,26202.7,1492.75,13304.1,29159.3,14922.6
05_06_2026_11_35,23413.7,26201.4,1492.1,13290.7,29146.5,14917.8
05_06_2026_11_40,23422.8,26194.5,1494,13278.8,29176.6,14915
05_06_2026_11_45,23433.2,26242.5,1494.3,13277.7,29171.6,14925.3
05_06_2026_11_50,23413.7,26243.1,1490.85,13261.3,29132.4,14917.2
05_06_2026_11_55,23397.5,26207.1,1490.85,13264.3,29110.8,14903
05_06_2026_12_00,23429.3,26280.7,1492,13277.3,29090.6,14920.6
05_06_2026_12_05,23425.8,26270.4,1495.75,13284.2,29083.4,14916.4
05_06_2026_12_10,23439.5,26267.7,1496.85,13289,29114.6,14925.4
05_06_2026_12_15,23436,26267.4,1500.45,13293.8,29111.9,14921.5
05_06_2026_12_20,23444.8,26261.3,1499.85,13284.1,29081.4,14924
05_06_2026_12_25,23437,26248.8,1496.2,13274,29075.8,14914.7
05_06_2026_12_30,23413.2,26220.8,1494.75,13254.5,29052.4,14901.7
05_06_2026_12_35,23400.7,26226.5,1493.8,13228.2,29040.6,14893.2
05_06_2026_12_40,23374.7,26202.6,1494.2,13201,29008,14882.3
05_06_2026_12_45,23373.6,26183.6,1493.95,13193.7,28995.3,14879.2
05_06_2026_12_50,23366.1,26177.7,1492.65,13185.2,28981.6,14868.7
05_06_2026_12_55,23367.7,26171.8,1488.1,13191.8,28968.5,14865.5
05_06_2026_13_00,23374.1,26179.1,1490.9,13176.9,28992.2,14867.3
05_06_2026_13_05,23347.4,26162.8,1489.35,13140.5,28977.8,14853.7
05_06_2026_13_10,23337.5,26165.3,1486.9,13144.8,28964.5,14847.8
05_06_2026_13_15,23355.1,26207.3,1489.45,13165.5,28968.4,14860.2
05_06_2026_13_20,23325.8,26160.4,1485.4,13153.8,28930.9,14837.2
05_06_2026_13_25,23310.6,26134.8,1484.15,13152.5,28935.1,14830
05_06_2026_13_30,23310.2,26150.1,1482.15,13155.7,28958.2,14830.5
05_06_2026_13_35,23318.4,26136.7,1485.4,13146.5,28966.2,14830.1
05_06_2026_13_40,23300.1,26126.9,1483.55,13135.5,28947.5,14816.2
05_06_2026_13_45,23317,26138,1484.5,13147.3,28955.2,14825.2
05_06_2026_13_50,23312.6,26127.1,1481.2,13142.4,28952.5,14819.6
05_06_2026_13_55,23330.8,26139.4,1486.9,13159.7,28944.2,14834.6
05_06_2026_14_00,23328.3,26145.4,1489.7,13157.5,28957.7,14832.8
05_06_2026_14_05,23330.4,26142.8,1490.1,13174.5,28945.1,14837
05_06_2026_14_10,23320.2,26129.8,1488.3,13172.8,28944.5,14832.1
05_06_2026_14_15,23311.7,26141.4,1487.25,13180,28968,14828
05_06_2026_14_20,23324.2,26155.1,1484.9,13176.1,28992.4,14833.5
05_06_2026_14_25,23351.6,26180.8,1491,13206.3,28981.7,14855.7
05_06_2026_14_30,23345.8,26180.2,1490.65,13210,28990.5,14855.8
05_06_2026_14_35,23335.3,26178.4,1491.15,13207.2,28945.3,14850.7
05_06_2026_14_40,23398.8,26256.6,1498.1,13240.8,29010.5,14892.1
05_06_2026_14_45,23373,26219.6,1496.85,13226.2,28987.7,14873
05_06_2026_14_50,23383.4,26232,1495.65,13235.2,29016.2,14881.1
05_06_2026_14_55,23361.8,26209.6,1493.9,13218,29017.3,14867.5
05_06_2026_15_00,23360.5,26189.4,1499.75,13215.9,29028.1,14864.9
05_06_2026_15_05,23362.4,26172.6,1501.55,13218,29017.6,14866.3
05_06_2026_15_10,23365.8,26155.5,1501.4,13223.4,29028,14864.1
05_06_2026_15_15,23372.8,26151.1,1506.5,13230.7,29028.7,14867.8
05_06_2026_15_20,23371,26167.7,1507.6,13219,28982.8,14865
05_06_2026_15_25,23368.8,26149.4,1502.45,13228.3,28998.7,14858.4
08_06_2026_09_15,23130.6,25771.6,1511.6,13026.5,28565.7,14708.8
08_06_2026_09_20,23136,25802.8,1511.6,13018.2,28453.3,14717.5
08_06_2026_09_25,23155.5,25865.4,1505.95,13019.8,28497.2,14755.8
08_06_2026_09_30,23184.3,25888.6,1505.45,13045.8,28516.8,14780.7
08_06_2026_09_35,23155.6,25816.2,1497.35,13029,28494.4,14751.8
08_06_2026_09_40,23159.2,25823.5,1498.4,13035,28501.3,14758.6
08_06_2026_09_45,23134.5,25806.9,1499.5,13014,28517.8,14739.2
08_06_2026_09_50,23173.1,25865.6,1501.15,13038.2,28595.9,14760.5
08_06_2026_09_55,23199.5,25892.2,1502,13047.2,28653.3,14778.1
08_06_2026_10_00,23169.8,25862.2,1497.85,13021.5,28679.8,14758
08_06_2026_10_05,23187.8,25858.8,1498.45,13044.2,28695.8,14765.3
08_06_2026_10_10,23174.2,25832.6,1506.1,13030.7,28682.1,14755.9
08_06_2026_10_15,23186.1,25826.2,1509.7,13036.3,28692.8,14763.5
08_06_2026_10_20,23182.8,25820.2,1508.1,13041,28721.9,14757.7
08_06_2026_10_25,23172.4,25817,1512.25,13025.7,28689.8,14750.4
08_06_2026_10_30,23213.4,25877.4,1512.2,13050.7,28787.3,14784
08_06_2026_10_35,23207.9,25858.9,1511.1,13050.5,28859.3,14782.2
08_06_2026_10_40,23191.7,25833.3,1510.15,13031.3,28872.4,14767.3
08_06_2026_10_45,23202.6,25817.1,1509.5,13048.2,28858.8,14771.5
08_06_2026_10_50,23195.9,25827.7,1511.65,13039.8,28840.1,14773.5
08_06_2026_10_55,23217.4,25840.9,1510.05,13049.7,28861.2,14786
08_06_2026_11_00,23210.2,25836.4,1509.2,13047.7,28840.9,14787
08_06_2026_11_05,23206.2,25840.3,1508.15,13036.3,28821.7,14783.6
08_06_2026_11_10,23198.8,25860.1,1507.55,13031.7,28793.1,14785
08_06_2026_11_15,23182.6,25838.3,1505.2,13030.8,28795.1,14778.5
08_06_2026_11_20,23183.8,25809.1,1504.65,13022.9,28800.9,14775.5
08_06_2026_11_25,23186.2,25812.2,1503.75,13034.5,28796.5,14777.2
08_06_2026_11_30,23199.1,25838.3,1504.5,13024.3,28842.8,14782.2
08_06_2026_11_35,23206.3,25858.7,1505.2,13032,28863.6,14785.8
08_06_2026_11_40,23205.4,25890.8,1504.55,13036.5,28848.4,14789.7
08_06_2026_11_45,23213.9,25902.1,1504.95,13027.2,28891.6,14791.9
08_06_2026_11_50,23205.6,25923.3,1505.45,13016.5,28840.8,14792.1
08_06_2026_11_55,23205.4,25902.7,1500.25,13001,28828.4,14791.5
08_06_2026_12_00,23207.2,25876.3,1500.3,12991.7,28856.9,14786.8
08_06_2026_12_05,23204.4,25860.8,1501.1,12998,28862.9,14780.5
08_06_2026_12_10,23212.4,25876,1502.15,13013,28857.2,14785.5
08_06_2026_12_15,23212.7,25869.7,1500.95,13016.5,28851.8,14783.5
08_06_2026_12_20,23225.4,25876.1,1502.5,13030.8,28859.9,14793
08_06_2026_12_25,23218.8,25875.1,1502.25,13029.9,28838.6,14790.7
08_06_2026_12_30,23220.6,25871.9,1500.6,13031.7,28821.7,14791.8
08_06_2026_12_35,23222.3,25869.7,1500.25,13026.8,28808.8,14791.6
08_06_2026_12_40,23237.8,25878,1498.9,13044.7,28817.8,14796
08_06_2026_12_45,23245.3,25878.2,1499.9,13049.6,28828.8,14797.8
08_06_2026_12_50,23248.3,25879.6,1499.9,13067.7,28845.8,14799.8
08_06_2026_12_55,23246.2,25885.6,1499.55,13069,28810.8,14800.8
08_06_2026_13_00,23226.6,25888.1,1497.85,13055.6,28773.2,14794.6
08_06_2026_13_05,23219.5,25878.9,1499.15,13055.3,28718.9,14792.5
08_06_2026_13_10,23216.3,25867.9,1497.35,13046.1,28758.4,14787.2
08_06_2026_13_15,23215.2,25887.1,1498.15,13041.3,28733.8,14792.2
08_06_2026_13_20,23210.4,25876.5,1502.3,13033.2,28735.2,14791.4
08_06_2026_13_25,23209.1,25865.6,1500,13027.2,28744.8,14788.8
08_06_2026_13_30,23195.6,25838.4,1498.45,13014.6,28737.3,14781
08_06_2026_13_35,23195.7,25826.3,1499.4,13012.3,28729.3,14776.2
08_06_2026_13_40,23171,25775.9,1495.9,13000.3,28703.7,14758.3
08_06_2026_13_45,23170.3,25798.9,1495.45,13002.8,28709.8,14759
08_06_2026_13_50,23165.9,25784.8,1490.6,12993,28708.6,14751.3
08_06_2026_13_55,23172.4,25782.2,1487.95,12997.9,28722.9,14756.2
08_06_2026_14_00,23180.3,25808.9,1492.9,13002.3,28728.1,14764.5
08_06_2026_14_05,23163.1,25791,1493.7,12998.3,28701.8,14753.5
08_06_2026_14_10,23156.8,25783.8,1490.15,12995.6,28691.7,14748.6
08_06_2026_14_15,23168.8,25800.1,1490.15,12991.9,28696,14754.8
08_06_2026_14_20,23155.4,25779.9,1488.2,12975.7,28681.3,14743.1
08_06_2026_14_25,23149.1,25760.8,1486.55,12976.5,28670.5,14738.3
08_06_2026_14_30,23159.1,25763.8,1488.2,12983.5,28687.8,14742.4
08_06_2026_14_35,23158.2,25758.1,1484.25,12983.8,28684.3,14742.2
08_06_2026_14_40,23179.9,25783.3,1487.15,12992,28695.9,14756.5
08_06_2026_14_45,23174.8,25781.4,1489.2,12988.5,28701.7,14755.4
08_06_2026_14_50,23177.4,25750.3,1484.9,12973.4,28707.3,14745.7
08_06_2026_14_55,23179,25760.2,1484.9,12975.6,28743.5,14747.8
08_06_2026_15_00,23116.8,25650.4,1477.35,12936.5,28669.1,14697.4
08_06_2026_15_05,23131.9,25680.8,1480.45,12938.3,28648.6,14713.2
08_06_2026_15_10,23134.4,25704.1,1478.5,12936.7,28645.9,14713.3
08_06_2026_15_15,23124.2,25711.1,1478,12922.6,28624.2,14712.2
08_06_2026_15_20,23104,25638.3,1467.75,12866.2,28643.4,14677
08_06_2026_15_25,23103.7,25640.8,1469,12863.2,28630.1,14687.5
09_06_2026_09_15,23235.2,25880.4,1483.4,12950.3,28651.1,14795.8
09_06_2026_09_20,23237.9,25926.1,1483.3,12893.5,28645.9,14799.7
09_06_2026_09_25,23225.1,25911,1474.95,12883.5,28570.2,14783.6
09_06_2026_09_30,23239.5,25889.2,1478.4,12919.3,28610.4,14790.2
09_06_2026_09_35,23213.1,25879.2,1480.45,12923.9,28510.6,14777.2
09_06_2026_09_40,23196.8,25856.8,1472.65,12946.2,28445.4,14774.8
09_06_2026_09_45,23184.9,25859.1,1475.55,12914.2,28445.4,14774.2
09_06_2026_09_50,23212.9,25921.4,1478.8,12955,28453.2,14796.3
09_06_2026_09_55,23188.3,25920.5,1476.55,12930.3,28462.2,14782.1
09_06_2026_10_00,23168.2,25883.1,1475.25,12925.8,28447.7,14761.5
09_06_2026_10_05,23171.1,25890.4,1475,12930.2,28434.8,14765.5
09_06_2026_10_10,23167.8,25892.4,1476.8,12925.2,28389.9,14770.7
09_06_2026_10_15,23170,25889.4,1476.05,12911.8,28436.2,14768
09_06_2026_10_20,23158.2,25871.2,1476.1,12893.9,28423.7,14755.8
09_06_2026_10_25,23162.3,25883.2,1474.8,12898.2,28421.2,14759.8
09_06_2026_10_30,23158.3,25877,1473.95,12899.3,28405.5,14756
09_06_2026_10_35,23151.6,25879.6,1472,12896.5,28431.2,14753.8
09_06_2026_10_40,23164.6,25936.8,1473.55,12917.2,28436.9,14763.1
09_06_2026_10_45,23132.2,25929.7,1472.85,12902.8,28437.6,14746.5
09_06_2026_10_50,23155.2,25956.8,1472.3,12914.1,28433.9,14764
09_06_2026_10_55,23154.6,25985.4,1472.25,12916.5,28441.9,14774.2
09_06_2026_11_00,23154.8,25995.8,1474.35,12940,28446.9,14774.3
09_06_2026_11_05,23151.4,25988.1,1476.15,12942.7,28517.8,14771.1
09_06_2026_11_10,23146,25979.6,1473.35,12952.5,28502.6,14765.6
09_06_2026_11_15,23154.8,25989.2,1476.1,12958.8,28520.8,14767.6
09_06_2026_11_20,23113.1,25960.4,1471.8,12929.7,28466.8,14744
09_06_2026_11_25,23132.2,25974.1,1473.05,12937.2,28483.4,14754.9
09_06_2026_11_30,23137.4,25982.8,1474.75,12940,28493.3,14757.3
09_06_2026_11_35,23157.7,26008.6,1476.05,12951.8,28512.5,14764.6
09_06_2026_11_40,23150.8,26011.7,1475.1,12959.5,28505.2,14767.1
09_06_2026_11_45,23174.7,26030.8,1477.55,12991.5,28514.7,14781.6
09_06_2026_11_50,23174.6,26040.3,1476.8,12997.5,28509.4,14786.8
09_06_2026_11_55,23181.2,26049.5,1477.45,12999.3,28517.4,14796.1
09_06_2026_12_00,23185.1,26055.5,1475.05,12989,28521.1,14796.7
09_06_2026_12_05,23178.1,26047.4,1474.95,12962.2,28532.2,14794.3
09_06_2026_12_10,23187.7,26053.6,1474.5,12966.6,28506.2,14798.3
09_06_2026_12_15,23198.6,26062.7,1475.1,12971.7,28502.2,14802.7
09_06_2026_12_20,23198.5,26067.1,1477.7,12970.5,28493.1,14804
09_06_2026_12_25,23205.3,26081.3,1478.4,12963.2,28479.2,14809
09_06_2026_12_30,23219.3,26081.7,1478.65,12974.8,28471.2,14817.7
09_06_2026_12_35,23217.6,26095.7,1476.25,12967.2,28422.2,14820.3
09_06_2026_12_40,23207.4,26096.3,1475.55,12976.2,28368.8,14817.6
09_06_2026_12_45,23203.2,26084.2,1478.75,12971.2,28365.2,14814.6
09_06_2026_12_50,23199.2,26035.2,1476.9,12958.5,28378.5,14802.9
09_06_2026_12_55,23181.4,25981.7,1476.4,12920.4,28376.8,14785.5
09_06_2026_13_00,23193.7,25991.8,1476.2,12926.9,28383.3,14792.9
09_06_2026_13_05,23187.3,25983.1,1474.85,12928,28361,14792.6
09_06_2026_13_10,23208.8,26011.4,1477.25,12943.5,28379.3,14803.3
09_06_2026_13_15,23203.8,26005.8,1476.15,12940.8,28351.4,14805.4
09_06_2026_13_20,23200,26001.6,1476.25,12935.5,28325.2,14801.2
09_06_2026_13_25,23204.7,26005.3,1475.4,12934.8,28310.2,14799.2
09_06_2026_13_30,23200.7,25987.7,1472.95,12934.8,28302.5,14798.8
09_06_2026_13_35,23215.4,26009.8,1472.7,12962.4,28332.2,14810.7
09_06_2026_13_40,23218.7,26019.3,1474.5,12968.7,28352.2,14814.8
09_06_2026_13_45,23206.7,26023.6,1474.7,12969.7,28339.1,14812.9
09_06_2026_13_50,23192.9,26011.8,1474.5,12960.1,28331.4,14805
09_06_2026_13_55,23189.7,26010.2,1472,12945.6,28329.8,14802.2
09_06_2026_14_00,23187,26008.3,1472.9,12949.1,28307.8,14798.8
09_06_2026_14_05,23208,26010.2,1473.35,12980.2,28312.8,14809.2
09_06_2026_14_10,23206.1,26013.4,1473.85,12979.9,28327.6,14816.2
09_06_2026_14_15,23206.1,26027.4,1472.75,12984.8,28367.5,14815.6
09_06_2026_14_20,23195.2,26021.4,1472.05,12969.2,28375.6,14811
09_06_2026_14_25,23216.8,26039.6,1472.7,12985.5,28414.3,14821.7
09_06_2026_14_30,23216.5,26044.5,1471.35,12977.3,28428,14821
09_06_2026_14_35,23241.4,26069.4,1472.05,12984,28423.8,14838.8
09_06_2026_14_40,23251.2,26043.9,1474.15,12986.8,28431.5,14842
09_06_2026_14_45,23241.3,26046.1,1474.6,12967.1,28439.9,14834.7
09_06_2026_14_50,23267.2,26084.6,1476.8,12997.5,28465.9,14845.5
09_06_2026_14_55,23274.7,26093.7,1476.05,12996.9,28500.7,14853
09_06_2026_15_00,23237.9,26020.4,1474.5,12994,28478.2,14830.4
09_06_2026_15_05,23263.7,26053.8,1476.1,12998,28552.8,14837.5
09_06_2026_15_10,23244.2,26032.1,1477.3,12995.5,28525.3,14827.7
09_06_2026_15_15,23231.1,26022.3,1475.7,12987.1,28520,14820.7
09_06_2026_15_20,23239.7,26008.6,1471.6,12976.8,28522.2,14821
09_06_2026_15_25,23257.8,26032,1474.7,12983.7,28542.3,14835.5
10_06_2026_09_15,23326.4,25943.1,1473.75,12804.6,28647.9,14865.5
10_06_2026_09_20,23326.8,25970.8,1476.25,12808,28591.2,14872.2
10_06_2026_09_25,23339.8,26009.7,1478.85,12808.2,28565.8,14879.8
10_06_2026_09_30,23349.9,26003.6,1473.2,12834.8,28603.4,14881.2
10_06_2026_09_35,23337.8,25996.7,1468.7,12850.2,28554.9,14879.2
10_06_2026_09_40,23355.1,26036.9,1468.5,12845,28627.2,14887.2
10_06_2026_09_45,23379.2,26064.8,1470.95,12856.7,28726.7,14901.4
10_06_2026_09_50,23372.5,26016.7,1468.15,12841.9,28750.4,14890.4
10_06_2026_09_55,23366.6,25987.9,1464.4,12824,28722.4,14883
10_06_2026_10_00,23350.8,25971.2,1461.6,12838.5,28683.8,14877.8
10_06_2026_10_05,23350.8,25956.7,1462.8,12818.3,28667.2,14883.5
10_06_2026_10_10,23317,25919.5,1458.4,12796,28593,14862.2
10_06_2026_10_15,23334.7,25930.9,1460.7,12811.2,28644,14873
10_06_2026_10_20,23322.7,25922.2,1464.8,12816.2,28586.4,14869.5
10_06_2026_10_25,23319.4,25942.9,1465.2,12821.8,28593.2,14870
10_06_2026_10_30,23337.3,25982.3,1467.95,12834.3,28572.7,14884.4
10_06_2026_10_35,23333.2,25980.3,1469,12821,28556.1,14880.8
10_06_2026_10_40,23345.9,25994.8,1467.95,12831.5,28573.1,14887.3
10_06_2026_10_45,23352.3,25976.8,1466.7,12825.5,28581.4,14878.2
10_06_2026_10_50,23361.7,25955.7,1464.8,12841.2,28564.1,14875.8
10_06_2026_10_55,23378.6,25970.3,1464.2,12857.5,28574.8,14879.8
10_06_2026_11_00,23378.5,25991.3,1463.75,12867,28561.6,14883.6
10_06_2026_11_05,23377.4,26000.5,1462.75,12854.8,28608.8,14889.7
10_06_2026_11_10,23373.7,25987.8,1461.65,12868.5,28561.9,14893.2
10_06_2026_11_15,23360.4,25980.1,1460.9,12852.2,28528.7,14882.8
10_06_2026_11_20,23378.3,25990.4,1457.95,12866.3,28541.9,14887.2
10_06_2026_11_25,23396.8,25998.6,1455.45,12907.2,28557.7,14892
10_06_2026_11_30,23388.6,26012.9,1455.25,12894.7,28542.1,14889.2
10_06_2026_11_35,23406.2,26005.5,1455.25,12898.9,28548.3,14892.4
10_06_2026_11_40,23406,26025.5,1454.9,12905.5,28533.2,14893.1
10_06_2026_11_45,23400.1,26018.1,1455.15,12909,28512.6,14893.2
10_06_2026_11_50,23396.3,25997.2,1455.4,12913.3,28521.2,14890
10_06_2026_11_55,23402.8,25994.2,1455,12907.3,28579.2,14890.5
10_06_2026_12_00,23381.8,25981.4,1454.65,12891.1,28544.3,14880.3
10_06_2026_12_05,23390.3,25997.6,1455.7,12897.2,28533.9,14885.6
10_06_2026_12_10,23395.4,26025.7,1455.25,12897,28559.8,14889.8
10_06_2026_12_15,23390.3,26008.9,1453.65,12904.7,28529.8,14886.2
10_06_2026_12_20,23377.7,26002.2,1453.15,12894.5,28485.9,14880
10_06_2026_12_25,23375.2,26031.7,1452.05,12876.7,28471.3,14878.1
10_06_2026_12_30,23374.2,26032.2,1451.45,12874.8,28483.5,14876
10_06_2026_12_35,23373.2,26018.2,1450.75,12872.2,28473.9,14873.6
10_06_2026_12_40,23347.8,25981.2,1448.1,12850.1,28458.7,14861.3
10_06_2026_12_45,23361.7,25985.6,1448.15,12845.2,28472.1,14865
10_06_2026_12_50,23380.3,25995.4,1449.45,12855.5,28497.3,14878
10_06_2026_12_55,23380.1,26005.2,1450.3,12854.5,28492.7,14878.1
10_06_2026_13_00,23416.4,26057.2,1448.7,12855.2,28505.1,14896.6
10_06_2026_13_05,23412.8,26058.1,1449.7,12852.9,28483.8,14890.9
10_06_2026_13_10,23405.2,26067.4,1450.45,12852.5,28448.8,14884.5
10_06_2026_13_15,23396.8,26063.6,1453.6,12849.7,28439.7,14878.8
10_06_2026_13_20,23373.2,26039.2,1451.45,12842.3,28412.9,14867.8
10_06_2026_13_25,23398.3,26075.4,1451.55,12851.2,28477.4,14877.3
10_06_2026_13_30,23381.7,26064.4,1450.65,12821.2,28475.7,14869.2
10_06_2026_13_35,23378.2,26041.6,1449.9,12821.5,28478.7,14861.3
10_06_2026_13_40,23358.8,26014.7,1450.45,12812.2,28453.3,14853
10_06_2026_13_45,23362.5,26041.5,1451.25,12818,28442.1,14855.8
10_06_2026_13_50,23349.8,26015.8,1449.4,12804.8,28440.9,14844.6
10_06_2026_13_55,23352.9,26030.2,1446.45,12806.8,28449.7,14848.3
10_06_2026_14_00,23359.1,26039.3,1447.4,12815,28468.8,14856.1
10_06_2026_14_05,23339.8,26021.2,1446.6,12813.2,28438.7,14847.2
10_06_2026_14_10,23317.2,25995.2,1446.45,12803.4,28431.2,14832.4
10_06_2026_14_15,23327.8,25994.1,1446.55,12811.9,28426.4,14838.7
10_06_2026_14_20,23330.2,25991.8,1451.85,12814.6,28436.1,14840.8
10_06_2026_14_25,23315.5,25997.7,1449.4,12803,28406,14832.2
10_06_2026_14_30,23309.9,25980.7,1447.35,12798.5,28397.2,14820.8
10_06_2026_14_35,23281.8,25942.4,1444.45,12783.6,28384.7,14799.3
10_06_2026_14_40,23261.6,25935.6,1443.05,12769.8,28353.7,14784.8
10_06_2026_14_45,23249.2,25903.8,1443.1,12760.2,28323.2,14771.8
10_06_2026_14_50,23251.2,25911.2,1443.1,12763.2,28315.2,14779.7
10_06_2026_14_55,23256.8,25904.4,1443.7,12775,28311.4,14783.1
10_06_2026_15_00,23236.2,25865.2,1443.15,12782.3,28279.1,14768.3
10_06_2026_15_05,23235.3,25853.4,1444.35,12774.3,28292.4,14761.2
10_06_2026_15_10,23199.7,25798.6,1439.55,12754.3,28265.4,14737.8
10_06_2026_15_15,23208.2,25812.2,1437.95,12765.6,28293.8,14747
10_06_2026_15_20,23202.3,25816.3,1437.7,12751.3,28271.7,14742.3
10_06_2026_15_25,23216.1,25820.6,1439.9,12779,28260.5,14749.5
11_06_2026_09_15,23112.7,25602.9,1433.75,12698.5,27632.6,14680.2
11_06_2026_09_20,23114.9,25591.6,1450.6,12732,27625.8,14690.5
11_06_2026_09_25,23119.3,25638,1449.3,12726.7,27630.2,14691.3
11_06_2026_09_30,23108.4,25652.4,1447.1,12758.4,27550.9,14686.2
11_06_2026_09_35,23132.3,25646.2,1444.6,12769.1,27637.7,14703.5
11_06_2026_09_40,23143.6,25641.8,1447.05,12757.7,27656.1,14709.7
11_06_2026_09_45,23151.8,25658.8,1446.55,12747.3,27707.6,14706.5
11_06_2026_09_50,23150.7,25681.6,1445.45,12752.3,27637.3,14707
11_06_2026_09_55,23115.7,25633.2,1442.35,12721.6,27577.6,14683
11_06_2026_10_00,23108.6,25649.9,1444.75,12731,27576.4,14681
11_06_2026_10_05,23155,25691.4,1449.65,12766,27664.1,14704.3
11_06_2026_10_10,23145.5,25673.6,1448.55,12770.2,27626.4,14697.7
11_06_2026_10_15,23180.7,25743.2,1451.05,12785.2,27672.3,14718.3
11_06_2026_10_20,23176.9,25759.7,1450.35,12812.5,27670.4,14716.2
11_06_2026_10_25,23199.5,25764,1451.85,12806.3,27774.9,14719.7
11_06_2026_10_30,23198.4,25760.8,1451.25,12795.2,27838.8,14716
11_06_2026_10_35,23204.3,25778.7,1451.65,12805.5,27819.4,14715.7
11_06_2026_10_40,23203.2,25771.2,1451.4,12825.8,27831.9,14714.7
11_06_2026_10_45,23192.6,25769.6,1450.25,12819.7,27803.7,14706.6
11_06_2026_10_50,23172.5,25729.7,1446.75,12800.3,27831.8,14692.4
11_06_2026_10_55,23174.6,25724.1,1444.55,12781.1,27825.5,14689.2
11_06_2026_11_00,23179.2,25701.2,1443.9,12777.3,27843.9,14683.7
11_06_2026_11_05,23191.9,25727.8,1443.7,12797.3,27880.7,14693.2
11_06_2026_11_10,23181.7,25735.8,1442.8,12789.1,27837.3,14687.7
11_06_2026_11_15,23201.3,25741.3,1444.8,12790,27883.8,14697.2
11_06_2026_11_20,23217.2,25771.8,1446.1,12797.6,27839.8,14710.8
11_06_2026_11_25,23235.4,25805.1,1451.9,12797.8,27826.1,14723.4
11_06_2026_11_30,23225.4,25794.7,1451.9,12784.8,27923.3,14711
11_06_2026_11_35,23222.9,25774.4,1449.25,12770.1,27908.4,14704.7
11_06_2026_11_40,23251.7,25790.6,1449.65,12804.8,27915.6,14716.5
11_06_2026_11_45,23263.3,25787.3,1449.6,12802.8,27939.8,14718.3
11_06_2026_11_50,23271.3,25804.9,1451.85,12811,27933.8,14724.2
11_06_2026_11_55,23281.2,25823.6,1449.15,12792,27973,14731.6
11_06_2026_12_00,23285.6,25830.9,1449.7,12799.3,27990.8,14726.6
11_06_2026_12_05,23281.2,25841.6,1447.6,12779.4,27958.1,14716.5
11_06_2026_12_10,23285.2,25877.9,1448.15,12775.6,27929.2,14720.2
11_06_2026_12_15,23287.2,25881.6,1449.9,12769,27922.4,14724.7
11_06_2026_12_20,23288.7,25887.6,1450.15,12776.5,27909.8,14720.4
11_06_2026_12_25,23295.6,25902.1,1448.55,12774.2,27898.4,14726.7
11_06_2026_12_30,23319.9,25937.8,1449.25,12787.8,27928.4,14742.5
11_06_2026_12_35,23297.7,25902.2,1447.95,12782,27937.4,14733.2
11_06_2026_12_40,23294.4,25875.2,1446.25,12774.2,27874.6,14729
11_06_2026_12_45,23273.3,25842.8,1443.95,12766.8,27807.2,14712.6
11_06_2026_12_50,23280.6,25831.9,1442.95,12779.7,27817,14715.3
11_06_2026_12_55,23306.8,25882.8,1443.95,12800.5,27861.3,14732.5
11_06_2026_13_00,23300.3,25869.8,1443.1,12807.9,27837.6,14728.8
11_06_2026_13_05,23279.4,25840.2,1442.25,12786.8,27823.1,14713.2
11_06_2026_13_10,23257.7,25832.4,1442,12769.2,27836.3,14701.6
11_06_2026_13_15,23252.2,25823.8,1442.1,12761.5,27841.2,14703.1
11_06_2026_13_20,23239.3,25812.4,1442.25,12765,27823.4,14696.2
11_06_2026_13_25,23241,25811.7,1442.45,12767.8,27814.3,14693.2
11_06_2026_13_30,23243.7,25816.2,1442.15,12774.4,27803.2,14698
11_06_2026_13_35,23230,25806.7,1441.35,12759.3,27790.8,14689.3
11_06_2026_13_40,23220.1,25811.7,1439.2,12754.3,27770.8,14687
11_06_2026_13_45,23227.8,25810.9,1441.45,12761.7,27784.2,14692.5
11_06_2026_13_50,23231.8,25836.1,1441.25,12759.7,27770.4,14699.2
11_06_2026_13_55,23231.3,25842.4,1442.45,12765.9,27779.1,14699.3
11_06_2026_14_00,23235.1,25846.2,1444.8,12766.5,27794.1,14702.2
11_06_2026_14_05,23211.2,25846.1,1444.7,12746.3,27749.7,14685.7
11_06_2026_14_10,23218.8,25859.2,1445.35,12759.4,27777.4,14689.3
11_06_2026_14_15,23215.8,25857.7,1448.65,12751.2,27787.3,14687.5
11_06_2026_14_20,23206.4,25854,1450.2,12747.8,27782.3,14685.3
11_06_2026_14_25,23240.1,25895.2,1453.9,12773.7,27838.8,14710.4
11_06_2026_14_30,23231.7,25860.4,1459.55,12760.4,27872.5,14703.5
11_06_2026_14_35,23217.1,25838.1,1465.45,12743.7,27839.8,14692.7
11_06_2026_14_40,23198.2,25830.2,1466.15,12735.8,27811.2,14684.2
11_06_2026_14_45,23191.7,25802.4,1464.95,12734.5,27810.4,14676.7
11_06_2026_14_50,23170.3,25801.3,1467.8,12731,27795.8,14669.7
11_06_2026_14_55,23175.5,25808.9,1459.3,12729.8,27792.2,14674.3
11_06_2026_15_00,23145,25766.8,1458.4,12720,27744.2,14655
11_06_2026_15_05,23143.3,25787.9,1463.2,12721.3,27764.5,14656.5
11_06_2026_15_10,23165.8,25810.4,1462.4,12736.5,27817.3,14668.8
11_06_2026_15_15,23173.8,25793.9,1468.4,12737.7,27871.8,14675.1
11_06_2026_15_20,23173.6,25800.7,1469.45,12739.3,27870.2,14679
11_06_2026_15_25,23186.6,25834.8,1471.05,12748.5,27890.4,14693.4
12_06_2026_09_15,23444.7,26219.3,1488.4,12869.8,27920.4,14868.8
12_06_2026_09_20,23423.3,26258.7,1489.65,12827.8,27875.2,14868.6
12_06_2026_09_25,23401.2,26240.4,1489.2,12807.5,27845.7,14852.3
12_06_2026_09_30,23407.9,26179.4,1489.95,12822,27910.3,14847.4
12_06_2026_09_35,23396.1,26143.4,1484.8,12822.8,27860.9,14845.8
12_06_2026_09_40,23370.1,26078.2,1480.15,12818.1,27829.3,14824.7
12_06_2026_09_45,23379.3,26089.3,1484.65,12818.4,27789.9,14835.7
12_06_2026_09_50,23358.2,26046.6,1480.3,12811.8,27746.8,14821.9
12_06_2026_09_55,23346.6,25983.7,1481.4,12817.7,27755.7,14807.7
12_06_2026_10_00,23342.6,26006.5,1480.9,12829.3,27748.8,14813.6
12_06_2026_10_05,23347.6,26047.7,1487.65,12834.5,27729.1,14820.3
12_06_2026_10_10,23342.7,26012.8,1487.55,12833.7,27770,14814.5
12_06_2026_10_15,23326.8,25994.1,1485.3,12824.2,27776.6,14803.3
12_06_2026_10_20,23355.2,26007.6,1486.85,12846.5,27843.9,14821.7
12_06_2026_10_25,23345.8,25991.8,1486,12835.2,27822.6,14819
12_06_2026_10_30,23349.8,25958.4,1481.6,12839,27802.8,14815
12_06_2026_10_35,23354.2,25969.6,1483.5,12834.9,27837.2,14816.6
12_06_2026_10_40,23349.7,25942.5,1482.05,12835.1,27890.3,14811.5
12_06_2026_10_45,23345.5,25921.8,1482.35,12839.5,27883.7,14804
12_06_2026_10_50,23354.1,25943.8,1481.15,12834.7,27861.8,14815.3
12_06_2026_10_55,23358.2,25937.9,1481.8,12834.9,27865.7,14813.2
12_06_2026_11_00,23353.3,25948.1,1482,12828.8,27874.6,14814
12_06_2026_11_05,23355.3,25953.2,1480.4,12816,27973.6,14813.8
12_06_2026_11_10,23378.1,25984.8,1484,12844.3,27945.1,14831.7
12_06_2026_11_15,23361.4,25959.7,1481.7,12837,27943,14820.2
12_06_2026_11_20,23365.4,25963.7,1481.3,12834.7,27925.1,14819.8
12_06_2026_11_25,23357.4,25914.4,1480.15,12821.8,27867.4,14806.5
12_06_2026_11_30,23366.7,25932.6,1481.15,12819.5,27874.9,14817.2
12_06_2026_11_35,23368.9,25950.2,1480.45,12821,27882.3,14822
12_06_2026_11_40,23374.8,25963.7,1480.95,12815.7,27869.6,14825.5
12_06_2026_11_45,23385.4,25956.7,1479.95,12814.1,27900.2,14834.8
12_06_2026_11_50,23381.8,25944.3,1481.55,12811.2,27898,14830.8
12_06_2026_11_55,23378.2,25919.8,1480.5,12803.7,27881.8,14825.5
12_06_2026_12_00,23379.2,25937.1,1479.95,12811.8,27894.3,14825.5
12_06_2026_12_05,23363.4,25913.5,1478.7,12790.5,27872.2,14816.8
12_06_2026_12_10,23347.4,25913.2,1478.3,12773.7,27838.3,14807.3
12_06_2026_12_15,23346.2,25905.2,1477.9,12774.7,27842.4,14802.3
12_06_2026_12_20,23365.3,25947.1,1479.05,12793.1,27849.1,14815.5
12_06_2026_12_25,23365.3,25949.2,1478.65,12798.2,27840.3,14818.5
12_06_2026_12_30,23350.7,25936.9,1480.3,12788.9,27811.2,14808.2
12_06_2026_12_35,23342.7,25907.9,1478.2,12775.2,27800.2,14798.2
12_06_2026_12_40,23321.6,25888.2,1477.2,12747.5,27762.2,14782.7
12_06_2026_12_45,23317.2,25896.2,1471.7,12749.3,27733,14782.2
12_06_2026_12_50,23327.6,25904.8,1471,12755.2,27720.8,14785.3
12_06_2026_12_55,23325.3,25894.9,1471.05,12752.5,27712.6,14781.5
12_06_2026_13_00,23331.3,25905.9,1471.35,12754.2,27714.2,14786.7
12_06_2026_13_05,23334.2,25922.3,1470.9,12763.4,27713.8,14795.5
12_06_2026_13_10,23336.2,25917.1,1470.15,12761.6,27703.8,14794.1
12_06_2026_13_15,23343.2,25922.6,1468.8,12769.6,27699.4,14796
12_06_2026_13_20,23331.1,25906.4,1469,12770,27682,14784.8
12_06_2026_13_25,23388.9,25967.6,1469.65,12812.1,27725.3,14824
12_06_2026_13_30,23426.6,25997.2,1470.1,12812,27721.7,14843.4
12_06_2026_13_35,23461.7,26036.5,1470.15,12818.1,27777.2,14862
12_06_2026_13_40,23474.6,26057.8,1470.75,12824.5,27775.2,14874
12_06_2026_13_45,23492,26069.5,1475.1,12826.2,27811,14886.8
12_06_2026_13_50,23489.1,26083.6,1473.35,12839.8,27785.1,14886.6
12_06_2026_13_55,23507.4,26126.4,1474.65,12839.8,27785.7,14903.8
12_06_2026_14_00,23519.2,26126.3,1475.9,12832.5,27781.2,14901.8
12_06_2026_14_05,23509.3,26141.1,1476,12833.2,27777.4,14905
12_06_2026_14_10,23527.5,26154.1,1476.15,12840.1,27777.6,14907.5
12_06_2026_14_15,23535.8,26160.3,1479.25,12840,27786.3,14913.5
12_06_2026_14_20,23534.1,26188.9,1478.6,12839.5,27759.4,14917.3
12_06_2026_14_25,23547.8,26223.2,1477.75,12839.8,27740,14931.5
12_06_2026_14_30,23548.7,26238,1479.1,12842.8,27734.6,14937.2
12_06_2026_14_35,23568.1,26251.4,1477.8,12845.4,27746.4,14946
12_06_2026_14_40,23569.8,26252.5,1478.75,12859.8,27745.1,14949.4
12_06_2026_14_45,23588.8,26266.8,1477.4,12850.8,27751.1,14956.1
12_06_2026_14_50,23605.5,26275.4,1478.3,12841.5,27746.7,14958.6
12_06_2026_14_55,23608.2,26273.4,1480.4,12834.9,27760.4,14961.6
12_06_2026_15_00,23635.9,26300.3,1488.2,12869.7,27811.8,14985.3
12_06_2026_15_05,23620.1,26302.6,1488.65,12858.2,27805.1,14985
12_06_2026_15_10,23621.8,26293.4,1489.55,12858.7,27796.1,14985.9
12_06_2026_15_15,23629.1,26301.1,1487.65,12862.5,27801,14989
12_06_2026_15_20,23622.6,26301.7,1486.75,12847,27799.3,14986.4
12_06_2026_15_25,23631.8,26289.1,1482.7,12858.5,27835.2,14988.3
15_06_2026_09_15,23946.2,26809.5,1492.2,12999.3,28087.6,15246.8
15_06_2026_09_20,23956.8,26798.8,1489.25,12991.5,28138.9,15240.6
15_06_2026_09_25,23946.2,26797.9,1491.35,13014.8,28081.8,15238.5
15_06_2026_09_30,23946.7,26854.2,1492.1,12991.3,28022.3,15229.7
15_06_2026_09_35,23937.9,26863.4,1499.7,13526.5,28000.6,15225.4
15_06_2026_09_40,23965.7,26914.6,1501.9,13305.4,28069.6,15245.8
15_06_2026_09_45,23972.2,26936.4,1499.4,13292.5,28061.6,15246.6
15_06_2026_09_50,23958.1,27008.2,1498.7,13274.5,28055.4,15246.6
15_06_2026_09_55,23945.9,26964.8,1499,13250.7,28001.9,15243.1
15_06_2026_10_00,23958.2,26993.3,1498.1,13192,28007.9,15246.8
15_06_2026_10_05,23946.3,26978.3,1497.55,13171.2,27978.9,15243.2
15_06_2026_10_10,23945.1,26955.2,1498.45,13183.2,27978.7,15240.9
15_06_2026_10_15,23941.7,26970.7,1498.6,13176.5,28022.7,15245.2
15_06_2026_10_20,23948.8,26990.2,1498.7,13191,28046.4,15253.3
15_06_2026_10_25,23962.6,27009.2,1499.15,13190.8,28069,15254.8
15_06_2026_10_30,23972.6,27036.5,1498.65,13184.2,28069.8,15262.5
15_06_2026_10_35,23973.6,27035.3,1500.5,13181,28065.2,15262.8
15_06_2026_10_40,23978.4,27038.9,1500.55,13183.6,28090.9,15268.5
15_06_2026_10_45,23989.2,27047.2,1502.3,13197.2,28080.8,15278.7
15_06_2026_10_50,23995.5,27067.9,1501.85,13204.3,28140.9,15279.1
15_06_2026_10_55,24002.1,27063.9,1503.7,13208,28317.4,15277.9
15_06_2026_11_00,23982.1,27036.8,1504.35,13203.5,28263.2,15270.5
15_06_2026_11_05,23979.3,27048.9,1504.55,13208.8,28315.1,15268.5
15_06_2026_11_10,23967.8,27063.2,1504.4,13192.4,28324.2,15263
15_06_2026_11_15,23971.3,27062.1,1504.3,13203.2,28290.8,15267.8
15_06_2026_11_20,23964.8,27053.7,1503.7,13201,28277.1,15267.5
15_06_2026_11_25,23978.4,27075.9,1503.3,13201,28270.7,15275.3
15_06_2026_11_30,23965.3,27049.3,1500.85,13184.7,28213.4,15270.1
15_06_2026_11_35,23966.8,27062.2,1502.3,13188.8,28237.6,15270.8
15_06_2026_11_40,23957.2,27051.1,1503.25,13189.5,28186.8,15277.7
15_06_2026_11_45,23961.2,27073.7,1502.05,13186.1,28215.3,15276
15_06_2026_11_50,23966.8,27110.9,1502.35,13190.2,28207.6,15285.8
15_06_2026_11_55,23961.3,27089.4,1502.05,13186.2,28206.8,15284.3
15_06_2026_12_00,23949.9,27060.8,1502.2,13166.8,28206.9,15279.8
15_06_2026_12_05,23935.4,27045.9,1504.15,13172,28186.7,15268
15_06_2026_12_10,23931.8,27034.9,1501,13157,28182,15265.6
15_06_2026_12_15,23907.4,27034.9,1500.05,13148,28132.6,15252.2
15_06_2026_12_20,23913.2,27054.6,1499.7,13147.2,28130.7,15256.3
15_06_2026_12_25,23894.8,27023.1,1499.4,13143.3,28128.9,15246
15_06_2026_12_30,23906.3,27062.9,1499.95,13139.5,28154.5,15253.2
15_06_2026_12_35,23906.8,27030.8,1499.95,13140.8,28147.8,15248.8
15_06_2026_12_40,23912.8,27020.4,1501.4,13134.9,28175.2,15248.6
15_06_2026_12_45,23899.6,27032.4,1499.8,13133.5,28171.4,15243.7
15_06_2026_12_50,23903.4,27030.2,1499.75,13130.8,28171.3,15247.8
15_06_2026_12_55,23906.9,27050.6,1498.55,13136.7,28153.3,15253.3
15_06_2026_13_00,23897.6,27042.3,1497.65,13136,28146.2,15251.8
15_06_2026_13_05,23912.5,27064.8,1497.75,13140.2,28164,15256.8
15_06_2026_13_10,23916.1,27076.7,1499,13141.2,28159,15258.1
15_06_2026_13_15,23899.1,27069.3,1501.4,13125,28142.6,15251.5
15_06_2026_13_20,23913.3,27079.2,1499.45,13132.5,28142.5,15256
15_06_2026_13_25,23906.7,27086,1500.45,13124.3,28137.7,15258.2
15_06_2026_13_30,23907.8,27097.7,1499.9,13123.5,28137.2,15257.3
15_06_2026_13_35,23902.6,27095.2,1499.2,13117.6,28131.3,15254.7
15_06_2026_13_40,23893.9,27088.7,1499.2,13114.3,28119.4,15253.7
15_06_2026_13_45,23896.3,27110.3,1499.1,13125.3,28128.2,15264.2
15_06_2026_13_50,23886.8,27095.8,1498.55,13133.3,28116.2,15257.9
15_06_2026_13_55,23905.7,27116.4,1498.85,13137.9,28141.3,15270.8
15_06_2026_14_00,23895.8,27111.4,1499.1,13140.5,28145.8,15267.6
15_06_2026_14_05,23887.6,27106,1496.95,13129,28145.9,15265.5
15_06_2026_14_10,23889.3,27107.1,1496.3,13135.8,28139.1,15264.7
15_06_2026_14_15,23900.5,27096.8,1494.9,13132,28137.3,15268.6
15_06_2026_14_20,23909.8,27109.1,1496.15,13123.8,28128.3,15272.2
15_06_2026_14_25,23906.8,27107.2,1494.85,13123.5,28121.1,15275
15_06_2026_14_30,23924,27112.1,1495.4,13123.1,28138.1,15280.5
15_06_2026_14_35,23932.4,27118.6,1496.35,13126.4,28120.9,15285.6
15_06_2026_14_40,23924.2,27082.7,1495.05,13114.2,28121,15272.1
15_06_2026_14_45,23919.2,27053.8,1493.9,13118.3,28117.9,15266.2
15_06_2026_14_50,23896.9,27051.5,1493.4,13118.7,28111.3,15259.2
15_06_2026_14_55,23894.6,27033.2,1493.6,13114.5,28093.4,15256.3
15_06_2026_15_00,23866.5,26990.2,1488.9,13089.7,28072.9,15235.5
15_06_2026_15_05,23847.4,26971.4,1485.35,13081.7,28056.2,15220.7
15_06_2026_15_10,23843.6,26982.7,1486.4,13086.7,28060.6,15212.5
15_06_2026_15_15,23860.4,26989.9,1485.4,13090,28080.9,15218.9
15_06_2026_15_20,23856.8,26983.8,1481.1,13077.5,28078.1,15214.3
15_06_2026_15_25,23856.6,26981.2,1484.85,13088.5,28085.6,15217.4
16_06_2026_09_15,23933.1,27046.6,1498.15,12909.3,28317.4,15289
16_06_2026_09_20,23914.4,27031.7,1493.3,12893.4,28293.2,15273.1
16_06_2026_09_25,23938.1,27044.3,1495.6,12891.8,28324.8,15286.7
16_06_2026_09_30,23943.1,26995.3,1491.05,12892.3,28409.8,15277.7
16_06_2026_09_35,23934.4,26979.2,1493.95,12882.3,28473.6,15269.5
16_06_2026_09_40,23917.8,26985.2,1502.05,12882.1,28465.8,15257.8
16_06_2026_09_45,23935.1,26979.6,1506.95,12890.3,28426.1,15256.8
16_06_2026_09_50,23936.6,26971.4,1510.05,12922,28422.3,15263.3
16_06_2026_09_55,23939.7,26939.8,1514.45,12923.7,28463.6,15261.1
16_06_2026_10_00,23905.7,26895.2,1513.3,12892.5,28441.2,15246.8
16_06_2026_10_05,23900.7,26886.2,1511.15,12879.2,28451.6,15238.2
16_06_2026_10_10,23910.1,26902.9,1506.35,12874.6,28486.9,15242.3
16_06_2026_10_15,23927.9,26901.9,1504.2,12858.6,28552.8,15250.6
16_06_2026_10_20,23940.8,26910.8,1503.8,12860.2,28605,15251.7
16_06_2026_10_25,23943.3,26923.7,1503.45,12872.1,28568.5,15258.8
16_06_2026_10_30,23952.7,26936.4,1503.35,12894.7,28511.7,15270.7
16_06_2026_10_35,23964.2,26970.2,1502.85,12913.5,28515.7,15283.7
16_06_2026_10_40,23962.1,26966.6,1502.35,12923.8,28490.7,15277.5
16_06_2026_10_45,23976.3,26972.4,1502.45,12921,28473.9,15278
16_06_2026_10_50,23969.6,26964.1,1501.35,12907.7,28458.6,15274
16_06_2026_10_55,23966.7,26948.2,1500.15,12904.8,28456.3,15265.3
16_06_2026_11_00,23946.7,26925.4,1498,12881.6,28442.3,15251.8
16_06_2026_11_05,23943.2,26911.8,1498.05,12876.1,28427.2,15245.5
16_06_2026_11_10,23940.6,26907.8,1498.35,12870.1,28393.9,15245.1
16_06_2026_11_15,23930.1,26907,1499.6,12858.2,28379.3,15242.9
16_06_2026_11_20,23944.8,26923.6,1499.9,12870.5,28385.3,15249
16_06_2026_11_25,23929.4,26908.3,1498.5,12856.9,28337.4,15242.2
16_06_2026_11_30,23929.7,26917.4,1498.05,12850.2,28330,15242.1
16_06_2026_11_35,23922.6,26893.2,1496.5,12840.9,28301.8,15236.2
16_06_2026_11_40,23927.6,26887.1,1497.5,12849,28273.7,15230.2
16_06_2026_11_45,23933.4,26906.9,1498.85,12856.4,28300,15235.2
16_06_2026_11_50,23936.7,26921.9,1499.95,12849.8,28274.2,15238.2
16_06_2026_11_55,23938.5,26915.7,1501.45,12849.5,28278.5,15236.5
16_06_2026_12_00,23929.3,26893.2,1501.1,12834.5,28257,15229.7
16_06_2026_12_05,23932.8,26901,1502.05,12832.6,28274.4,15233.5
16_06_2026_12_10,23928.1,26894.8,1502.9,12828.5,28280.1,15232.1
16_06_2026_12_15,23915.4,26866.4,1501.3,12805.2,28276,15221.5
16_06_2026_12_20,23918.7,26878.7,1500.7,12806.2,28285.2,15227.7
16_06_2026_12_25,23940.2,26896.1,1500.55,12812.5,28314.2,15235.2
16_06_2026_12_30,23923.6,26909.5,1499.4,12805.7,28324.8,15231
16_06_2026_12_35,23936.1,26897.2,1500.05,12802.6,28369.2,15235.5
16_06_2026_12_40,23927.2,26877.9,1500.1,12796,28334.2,15224.8
16_06_2026_12_45,23934.3,26872.9,1499.85,12798,28329.6,15226.7
16_06_2026_12_50,23924.9,26861.2,1500.35,12790.3,28304.8,15221.1
16_06_2026_12_55,23935.7,26870.3,1501.65,12800.7,28322.6,15228.8
16_06_2026_13_00,23929.1,26865.3,1506.1,12795,28316,15228.4
16_06_2026_13_05,23938.2,26891.7,1506.9,12807.4,28351.6,15234.5
16_06_2026_13_10,23946.8,26902.9,1506.3,12812.9,28345,15237.2
16_06_2026_13_15,23939.7,26895.1,1505.9,12821.5,28341.8,15236.8
16_06_2026_13_20,23956.3,26900.3,1507.4,12837.7,28355.4,15242.5
16_06_2026_13_25,23966.8,26902.2,1505.5,12848.8,28387.3,15248.3
16_06_2026_13_30,23967.3,26885.3,1504.7,12853.5,28399.1,15250
16_06_2026_13_35,23968.9,26895.2,1505.4,12862.8,28388.1,15256.9
16_06_2026_13_40,23964.8,26908.3,1505.6,12854.2,28389.4,15259.5
16_06_2026_13_45,23971.9,26914,1504.35,12860.7,28386.4,15263.5
16_06_2026_13_50,23961.7,26912.7,1503.7,12859.8,28398.1,15258.2
16_06_2026_13_55,23967.1,26926.4,1504.05,12858.8,28409.8,15263
16_06_2026_14_00,23973.7,26942.6,1504.1,12857.9,28414.3,15267.5
16_06_2026_14_05,23982.1,26954.6,1503.05,12859,28415.2,15272.9
16_06_2026_14_10,23994.3,26971.5,1505.45,12861.2,28457,15282.8
16_06_2026_14_15,23992.3,26976.3,1505.35,12867.7,28446.9,15284.6
16_06_2026_14_20,23989.8,26945,1505.5,12870.8,28443.6,15276.7
16_06_2026_14_25,23984.2,26939.7,1508.45,12877.2,28467.6,15274.3
16_06_2026_14_30,23995.1,26935.5,1509.65,12893,28504.1,15281.3
16_06_2026_14_35,24001,26938.5,1507.2,12883.5,28542.9,15285.5
16_06_2026_14_40,23963.4,26889.8,1505.1,12862,28529,15266.8
16_06_2026_14_45,23980.8,26911.6,1506.75,12877,28571.3,15276.2
16_06_2026_14_50,23993.7,26940.6,1510.85,12886.3,28583.3,15288.7
16_06_2026_14_55,23986.4,26933.4,1511.95,12888.6,28569,15283.2
16_06_2026_15_00,23981.8,26900.2,1507.6,12883.9,28535.1,15278.6
16_06_2026_15_05,23989.6,26889.2,1508.85,12893.3,28565.3,15278
16_06_2026_15_10,23986.8,26888.6,1506.2,12885.3,28565.2,15277
16_06_2026_15_15,23983.4,26884.7,1505,12880.1,28574.8,15274.2
16_06_2026_15_20,23985.2,26878.7,1505.05,12868.3,28566.6,15277.8
16_06_2026_15_25,23995,26878.4,1504.8,12887.8,28592,15281.9
17_06_2026_09_15,23979.3,26843.1,1511.7,12795,28855.4,15258.9
17_06_2026_09_20,23987.6,26817.7,1515.25,12769.3,28853.6,15257.6
17_06_2026_09_25,24020.7,26910.6,1514.35,12783.5,28886.7,15286.7
17_06_2026_09_30,24032.1,26879.6,1515.95,12822.3,28951.4,15291.2
17_06_2026_09_35,24050.9,26930.8,1517.35,12824,28989.8,15296.9
17_06_2026_09_40,24061.6,26964.6,1518,12860,28886.2,15304.2
17_06_2026_09_45,24064.1,26976.2,1514,12839.5,28873.6,15309.2
17_06_2026_09_50,24063.8,26964.2,1514.3,12854,28850.4,15311.7
17_06_2026_09_55,24065.8,26947.2,1512.05,12859.8,28842.2,15312.6
17_06_2026_10_00,24046.1,26908.8,1510.3,12850.2,28752.8,15299.9
17_06_2026_10_05,24061.2,26939.2,1512.35,12856.5,28767.5,15308.8
17_06_2026_10_10,24047.7,26946.9,1508.95,12859.2,28706.6,15306.5
17_06_2026_10_15,24066.9,26971.2,1510.6,12865.5,28753.7,15324.2
17_06_2026_10_20,24078.7,26969.8,1510.85,12888.2,28757.2,15328
17_06_2026_10_25,24066.9,26939.3,1510.1,12920.7,28770.8,15312.8
17_06_2026_10_30,24075.7,26946.2,1511.85,12978.8,28794.2,15311.3
17_06_2026_10_35,24078.8,26928.8,1509.65,13037,28758.1,15310.2
17_06_2026_10_40,24085.8,26932,1510.6,13019.2,28797.9,15312.2
17_06_2026_10_45,24076.6,26905.6,1508.4,13014.7,28795.8,15309.2
17_06_2026_10_50,24083.4,26898.6,1510.8,12999.7,28860.8,15311.7
17_06_2026_10_55,24080,26905.3,1510,12965.5,28836.2,15309.7
17_06_2026_11_00,24073.2,26897.4,1509.95,12957.4,28817.5,15308.1
17_06_2026_11_05,24069.1,26883.8,1511.4,12969.4,28815.3,15304.2
17_06_2026_11_10,24081.7,26897.6,1513.25,12969.2,28825.9,15317
17_06_2026_11_15,24087.5,26892.2,1514.85,12976,28819.1,15317.8
17_06_2026_11_20,24084.6,26883.5,1510.1,12969.3,28833.9,15313.3
17_06_2026_11_25,24088.9,26875.2,1508.8,12984.8,28809.1,15311.5
17_06_2026_11_30,24098.7,26910.2,1511.45,12987.5,28838.4,15319.5
17_06_2026_11_35,24074.2,26862.4,1511,12994.8,28817.5,15304.8
17_06_2026_11_40,24083.3,26887.7,1509.95,12978.7,28789.8,15302.2
17_06_2026_11_45,24074.3,26870.2,1509.9,12975.1,28780.2,15296.5
17_06_2026_11_50,24068.6,26879.7,1509.85,12966,28779.6,15296
17_06_2026_11_55,24055.1,26866.5,1509.55,12947.1,28780.3,15288.9
17_06_2026_12_00,24063.3,26856.1,1509,12950.6,28777.4,15288.6
17_06_2026_12_05,24058.2,26874.1,1509.05,12938.3,28776.3,15293.8
17_06_2026_12_10,24050.3,26876.4,1508.7,12949.9,28795,15294.4
17_06_2026_12_15,24055.4,26844.2,1506.95,12950.2,28788.2,15294.8
17_06_2026_12_20,24044.1,26830.4,1506.25,12960,28764.3,15290.3
17_06_2026_12_25,24045.5,26818.6,1506.15,12967,28768.1,15290
17_06_2026_12_30,24040.2,26776.3,1506.25,12965.8,28755.8,15284.2
17_06_2026_12_35,24035.8,26767.3,1506.45,12955.6,28753.2,15278.5
17_06_2026_12_40,24044.2,26773.4,1506.35,12969.3,28778.6,15280.7
17_06_2026_12_45,24045.6,26761.8,1506.2,12965.8,28792.9,15281.7
17_06_2026_12_50,24028.6,26748.4,1505.4,12938.5,28799.4,15272.3
17_06_2026_12_55,24029.5,26743.6,1504.3,12932.8,28818.7,15268.1
17_06_2026_13_00,24037.7,26712.9,1504.9,12938.7,28814.4,15264.9
17_06_2026_13_05,24017.1,26625.8,1505.2,12923,28800.4,15247.7
17_06_2026_13_10,24009.8,26630.8,1505.5,12921.7,28782.2,15246.1
17_06_2026_13_15,24024.2,26666.5,1506,12930.5,28808.8,15255.7
17_06_2026_13_20,24033.6,26678.9,1506.5,12934.2,28814.5,15262.5
17_06_2026_13_25,24034.2,26692.6,1508.25,12941.4,28813.8,15264.2
17_06_2026_13_30,24044.1,26708,1508.5,12954.3,28814.6,15271.8
17_06_2026_13_35,24053.3,26722,1509.25,12963.6,28841.8,15277.1
17_06_2026_13_40,24055.7,26734.6,1509.65,13000.9,28832.3,15275.8
17_06_2026_13_45,24052.8,26674.8,1509.9,12990.5,28831.8,15270.2
17_06_2026_13_50,24045.4,26616.9,1508.45,12983.8,28800.4,15263.3
17_06_2026_13_55,24048.8,26601.8,1508.4,12996.2,28789.1,15262
17_06_2026_14_00,24049.2,26567.8,1507.8,12997.5,28816.2,15256.4
17_06_2026_14_05,24041.1,26587.1,1506.7,12982.7,28790.8,15259.4
17_06_2026_14_10,24047.8,26616.9,1506.75,12995,28779.8,15271.8
17_06_2026_14_15,24050.6,26627.1,1507.2,12996.2,28790.1,15273
17_06_2026_14_20,24040.6,26611.6,1507.15,12993,28784.5,15267.4
17_06_2026_14_25,24024.3,26594.9,1507.05,12987,28758.1,15258.8
17_06_2026_14_30,24028.2,26588.8,1507.4,12973.4,28759.8,15259.4
17_06_2026_14_35,24043.3,26622.8,1507,12980.6,28772.8,15271.8
17_06_2026_14_40,24041.2,26628.6,1507.15,12985,28792.7,15273
17_06_2026_14_45,24038.9,26646.2,1506.25,12982.9,28798.8,15274.7
17_06_2026_14_50,24050.6,26647.9,1506.6,12984.2,28788.4,15276.5
17_06_2026_14_55,24076.9,26701.2,1508.05,13002.8,28821.6,15297.7
17_06_2026_15_00,24087.7,26749,1507.1,13008.5,28820.6,15310.9
17_06_2026_15_05,24091.3,26736.5,1506.35,13012,28831.6,15312.5
17_06_2026_15_10,24083.6,26711.7,1505.45,13017.7,28804.3,15306
17_06_2026_15_15,24088.1,26709.9,1503.9,13007.3,28803.7,15309.6
17_06_2026_15_20,24081.4,26712,1505,13010.2,28795.8,15308
17_06_2026_15_25,24081.9,26716.8,1505.5,13015.9,28775.5,15308.2
18_06_2026_09_15,24082.7,26767.1,1507.15,13064.2,28344.6,15320.7
18_06_2026_09_20,24092.7,26751.7,1503.3,13091.3,28350,15323.7
18_06_2026_09_25,24090.2,26772.9,1509.85,13065.2,28358.3,15329.9
18_06_2026_09_30,24085.1,26768.8,1507.65,13047.4,28327.2,15330.6
18_06_2026_09_35,24085.7,26791.7,1507.6,13034.2,28307.8,15332.2
18_06_2026_09_40,24108.9,26806.2,1509.4,13066.8,28357.6,15337.2
18_06_2026_09_45,24126.7,26793.8,1509.2,13068,28398.1,15335.8
18_06_2026_09_50,24135.2,26805,1510.75,13053.4,28424.1,15347
18_06_2026_09_55,24123.2,26837.4,1511.65,13038.9,28439.1,15344
18_06_2026_10_00,24116.1,26822.7,1513.5,13036.8,28442.1,15338.7
18_06_2026_10_05,24126.9,26820.7,1514.55,13033,28571.7,15342
18_06_2026_10_10,24125.6,26788.6,1521.6,13020.6,28563.9,15333
18_06_2026_10_15,24114.6,26780.9,1520.2,13013.1,28545.1,15334.8
18_06_2026_10_20,24115.4,26791.4,1521.4,12994.7,28573.1,15332.8
18_06_2026_10_25,24109.2,26776.2,1519,12990.8,28612.2,15320.7
18_06_2026_10_30,24111.6,26783.6,1519.15,12989,28590.6,15322.8
18_06_2026_10_35,24078.8,26766.1,1517.55,12971.5,28566.4,15304.2
18_06_2026_10_40,24076.3,26779.6,1523,12968.7,28587.8,15307.5
18_06_2026_10_45,24075.1,26780.3,1522.8,12984.3,28611.7,15311
18_06_2026_10_50,24083.2,26759.7,1524.25,12993,28614.3,15317.7
18_06_2026_10_55,24092.6,26762.2,1524.3,12981.2,28614.3,15320.2
18_06_2026_11_00,24082.9,26754.9,1524.85,12971.4,28637,15312.8
18_06_2026_11_05,24077.9,26752.6,1521.35,12970.7,28644.8,15312.7
18_06_2026_11_10,24064.7,26717.2,1518.8,12957,28564.8,15306.6
18_06_2026_11_15,24048.3,26705.7,1520.75,12956.3,28508.9,15298.5
18_06_2026_11_20,24050.5,26711.4,1518.3,12967.2,28430.2,15299
18_06_2026_11_25,24054.9,26701.2,1518.5,12964.1,28409,15302
18_06_2026_11_30,24061.4,26709.1,1515.9,12985.8,28438.3,15312.2
18_06_2026_11_35,24053.1,26673.2,1513.8,12990.5,28425.7,15308.9
18_06_2026_11_40,24062.8,26676.9,1514.95,12996.3,28436.6,15312
18_06_2026_11_45,24063.7,26664.3,1515.1,12995.5,28434.7,15311.8
18_06_2026_11_50,24062.9,26676.3,1514.3,12969.5,28444.7,15310.5
18_06_2026_11_55,24071.9,26686.2,1515.75,12971.3,28453.4,15315.2
18_06_2026_12_00,24088.2,26689.7,1516.4,12972,28440.1,15315.8
18_06_2026_12_05,24094.1,26679.7,1512,12959.7,28436.3,15318.8
18_06_2026_12_10,24088.2,26692.8,1512.3,12961.9,28433.5,15314.3
18_06_2026_12_15,24095.6,26724.2,1511.45,12969.5,28426.7,15323.5
18_06_2026_12_20,24099.4,26724.1,1514.3,12982.9,28449.9,15324
18_06_2026_12_25,24118.7,26739.7,1516.05,12997.2,28457.2,15339.8
18_06_2026_12_30,24128.8,26741.5,1517.15,13002,28429.4,15348.5
18_06_2026_12_35,24118.8,26719.8,1516.4,12994.9,28428.4,15344.2
18_06_2026_12_40,24117.2,26704.2,1515.7,12984.5,28435.2,15343.7
18_06_2026_12_45,24117.4,26707,1514.75,12975.7,28428.8,15341.4
18_06_2026_12_50,24126.7,26707.4,1514.4,12977.9,28457.8,15342.3
18_06_2026_12_55,24125.7,26728.2,1514.65,12977,28478.9,15348.7
18_06_2026_13_00,24123.3,26725.7,1513.75,12974.9,28454.4,15349.6
18_06_2026_13_05,24126.3,26730.9,1518.8,12978.8,28451.3,15349.5
18_06_2026_13_10,24127.8,26726.9,1520.1,12990.8,28470.9,15347.8
18_06_2026_13_15,24116.9,26709.6,1519.2,12993.6,28463.8,15339
18_06_2026_13_20,24112.8,26701.9,1519.15,12991,28467.4,15337.2
18_06_2026_13_25,24120.4,26706.2,1519.9,12981.6,28470.9,15341.5
18_06_2026_13_30,24123.3,26730.4,1519.25,12983.6,28476.7,15345
18_06_2026_13_35,24120.9,26725.6,1517.85,12988.3,28459.2,15344
18_06_2026_13_40,24120.7,26717.6,1517.85,12976.6,28443.7,15340.5
18_06_2026_13_45,24116.2,26719.2,1517.15,12979.1,28455.8,15338.8
18_06_2026_13_50,24117.2,26708.4,1516.55,12981.3,28452.1,15339.5
18_06_2026_13_55,24108.3,26703.7,1515.6,12980.4,28440.8,15337.8
18_06_2026_14_00,24106.4,26699.7,1514.95,12978,28431.9,15338.4
18_06_2026_14_05,24096.1,26682.2,1513.35,12959.2,28423.2,15329.3
18_06_2026_14_10,24099.8,26696.4,1513.45,12972.7,28413.8,15334
18_06_2026_14_15,24088.2,26681.6,1513.2,12962.7,28389.8,15329.1
18_06_2026_14_20,24107.3,26706.9,1516.05,12981.8,28403.2,15339.3
18_06_2026_14_25,24088.3,26705.6,1517.1,12960.2,28397.6,15334.5
18_06_2026_14_30,24095.1,26704,1516.85,12959.3,28428.9,15339
18_06_2026_14_35,24096.4,26698.4,1517.45,12964.7,28427.6,15337.8
18_06_2026_14_40,24097.2,26691.1,1516.9,12968.9,28424.1,15337.2
18_06_2026_14_45,24084.2,26680.8,1514.35,12961.9,28402.4,15330.1
18_06_2026_14_50,24100.1,26699.8,1516.2,12966.3,28410.2,15337.9
18_06_2026_14_55,24121.4,26729.8,1516.65,12974,28421.3,15357
18_06_2026_15_00,24150.8,26735.7,1515.85,12986.8,28489.4,15375.2
18_06_2026_15_05,24175.6,26767.9,1514.45,13001.3,28491.4,15392.2
18_06_2026_15_10,24177.4,26753.3,1515.35,13009.8,28477.1,15392.2
18_06_2026_15_15,24182.9,26749,1513,13031.7,28467.9,15391.5
18_06_2026_15_20,24182.2,26734.7,1512.5,13038.3,28438.3,15392
18_06_2026_15_25,24179.4,26712.7,1514.6,13049.2,28452.8,15381.8
19_06_2026_09_15,23980.8,26639.1,1517.75,12955,26811.3,15342
19_06_2026_09_20,23963.1,26613.1,1516.4,12949.8,26826.3,15343.3
19_06_2026_09_25,23955.6,26637.2,1514.6,12958,26732.9,15349.4
19_06_2026_09_30,23950.1,26645.6,1514.65,12970.5,26801.9,15336.5
19_06_2026_09_35,23970.4,26655.3,1516.95,12977.1,26895.2,15344.8
19_06_2026_09_40,23975.2,26647.1,1517.7,12985.2,26876.7,15350.2
19_06_2026_09_45,23977.4,26617.2,1517.65,12972.8,26834.8,15353.2
19_06_2026_09_50,23985.1,26631.4,1521.55,12963.3,26972.4,15362.3
19_06_2026_09_55,23987.7,26617.4,1525.95,12965.6,26965.2,15362.8
19_06_2026_10_00,23973.6,26597.1,1527.65,12963.6,26947.8,15352.6
19_06_2026_10_05,23991.6,26610.6,1528.25,12971.2,26951.1,15370
19_06_2026_10_10,24010.3,26629.2,1526.75,12976,26985.5,15384.6
19_06_2026_10_15,23993.3,26599.9,1535,12976.8,26954.9,15373.5
19_06_2026_10_20,23981.9,26584.8,1531.6,12969,26933.1,15365.7
19_06_2026_10_25,23966.8,26567.7,1529.75,12977.8,26908.8,15354.6
19_06_2026_10_30,23960.8,26553.1,1533.8,12982.2,26912.2,15347
19_06_2026_10_35,23968.9,26550.2,1534.7,12986.7,26936.3,15353
19_06_2026_10_40,23970.2,26580.7,1534.85,12996,26939.6,15359.8
19_06_2026_10_45,23957.4,26563.7,1531.95,12994.5,26920.4,15349.4
19_06_2026_10_50,23946.6,26547.8,1529.65,12993.9,26890.9,15339.8
19_06_2026_10_55,23944.8,26565.6,1527.65,12985.6,26854.8,15342.7
19_06_2026_11_00,23945.6,26553.5,1524.4,12991.8,26854.4,15348.5
19_06_2026_11_05,23953.2,26541.7,1525,12989.8,26892.7,15350
19_06_2026_11_10,23964.5,26552.7,1527.45,12988,26913.3,15356
19_06_2026_11_15,23961.2,26561.4,1530.4,12982.7,26946.4,15356.4
19_06_2026_11_20,23947.9,26554.6,1527.6,12994.2,26952.5,15351.7
19_06_2026_11_25,23953.8,26544.2,1527.45,13004.2,26952,15347.5
19_06_2026_11_30,23960.7,26573,1528.15,13016.4,26965,15356.6
19_06_2026_11_35,23954.9,26546.6,1529.15,13006.9,26960.3,15344.8
19_06_2026_11_40,23954.4,26541.7,1525.65,12995.5,26965.4,15343.5
19_06_2026_11_45,23944.7,26527.9,1523.65,12976.5,26936.2,15337.5
19_06_2026_11_50,23944.5,26510.4,1521.8,12972.5,26917.5,15334.2
19_06_2026_11_55,23954.4,26532.4,1524.1,12978.4,26928.8,15339.3
19_06_2026_12_00,23952.9,26541.1,1524.95,12986.8,26973.4,15339.8
19_06_2026_12_05,23950.9,26541.8,1524.3,12987.2,26982.1,15334.9
19_06_2026_12_10,23959.4,26547.4,1523.75,12987,27008.8,15337.5
19_06_2026_12_15,23954.3,26541.2,1521,12987.3,26997,15334.7
19_06_2026_12_20,23964.2,26540.6,1521,12998.6,27011.2,15334.6
19_06_2026_12_25,23968.9,26543.8,1521.2,13004.8,27017.2,15336.6
19_06_2026_12_30,23965.5,26541.2,1519.25,13010,27005.8,15333.2
19_06_2026_12_35,23965.7,26539.5,1518.8,13017.2,26977.8,15332.7
19_06_2026_12_40,23951.9,26532.4,1517.25,12988.8,26975.4,15320.2
19_06_2026_12_45,23954.5,26552.6,1517.25,12994.5,27015.8,15323.5
19_06_2026_12_50,23949.9,26541.6,1515.9,12994.5,27018.8,15320.1
19_06_2026_12_55,23938,26541.8,1515.3,12989.5,27015.6,15313.5
19_06_2026_13_00,23917.3,26501.4,1513.45,12978.1,26996.6,15292.1
19_06_2026_13_05,23926.7,26498.2,1514.65,12976.7,26990.8,15299.5
19_06_2026_13_10,23930.3,26504.4,1514,12977.7,26985.1,15304.5
19_06_2026_13_15,23921.8,26495.8,1514.15,12972.9,26975.1,15301
19_06_2026_13_20,23916.4,26463.5,1513.75,12976.2,26968.2,15294.3
19_06_2026_13_25,23928.2,26483.5,1515.15,12983,26984.9,15298.5
19_06_2026_13_30,23941.1,26498.7,1515.55,12996.7,27000.6,15301.7
19_06_2026_13_35,23938.5,26509.5,1515.8,12998.2,27000.2,15304.6
19_06_2026_13_40,23946.8,26534.8,1518.35,13005.2,27014.9,15312.7
19_06_2026_13_45,23960.8,26540.8,1518.4,13010.7,27086.2,15317.2
19_06_2026_13_50,23945.7,26535.9,1516,12995.2,27075.4,15308.8
19_06_2026_13_55,23966.9,26555.9,1517,13014.1,27085.8,15315
19_06_2026_14_00,23977.2,26570.6,1516.4,13009.7,27056,15321.3
19_06_2026_14_05,23971.9,26580.1,1517.8,13015.8,27039.8,15324.7
19_06_2026_14_10,23992.3,26597.8,1519.8,13017.5,27064.3,15332.7
19_06_2026_14_15,23997.7,26591.8,1520.1,13021,27092.7,15341.5
19_06_2026_14_20,23960.1,26578.4,1517,13012,27093.9,15330.7
19_06_2026_14_25,23958.1,26591.3,1516.75,13010.5,27108.6,15330.9
19_06_2026_14_30,23972,26621.3,1517.9,13014.4,27110.9,15338
19_06_2026_14_35,23979.6,26623.2,1519.05,13021.8,27155,15337.5
19_06_2026_14_40,23973.2,26626.3,1518.3,13016,27172.1,15335.1
19_06_2026_14_45,23978.3,26598.7,1517.65,13011.5,27191.7,15333
19_06_2026_14_50,23929.7,26529.3,1515.5,12985.2,27159.9,15298.2
19_06_2026_14_55,23911.6,26515.8,1513.55,12976.2,27168.2,15287.5
19_06_2026_15_00,24007.3,26566.5,1515.4,13015.8,27348.8,15349.2
19_06_2026_15_05,24022.6,26582.8,1518.45,13017,27390.4,15361.7
19_06_2026_15_10,24026.9,26599.3,1518.9,13027.6,27471.8,15367.7
19_06_2026_15_15,24028.4,26588.8,1514.95,13026.7,27500.9,15372.5
19_06_2026_15_20,24033.9,26603,1516.85,13026,27501.9,15378.5
19_06_2026_15_25,24042.7,26621.8,1515.95,13050.5,27500.3,15385
22_06_2026_09_15,24122.2,26663.2,1522.3,13078.8,27729.2,15409.8
22_06_2026_09_20,24136.8,26638.1,1524,13065,27717.9,15391.1
22_06_2026_09_25,24131.2,26636.6,1522.6,13050.5,27694.2,15387.3
22_06_2026_09_30,24132.8,26658.3,1526.8,13043.3,27686.7,15386.8
22_06_2026_09_35,24124.8,26667.8,1526.75,13048.7,27701.4,15382.5
22_06_2026_09_40,24108.8,26670.9,1527.85,13038.7,27691.3,15380.7
22_06_2026_09_45,24108.9,26658.7,1525.45,13033,27710.8,15380.7
22_06_2026_09_50,24127.3,26703.8,1523.95,13034.8,27767.3,15384.6
22_06_2026_09_55,24141.2,26740.9,1523.35,13075.2,27767.4,15397.7
22_06_2026_10_00,24133.8,26773.2,1524.05,13078.8,27714.2,15400.6
22_06_2026_10_05,24154.9,26797.8,1523.5,13073.5,27705.7,15409.8
22_06_2026_10_10,24149.7,26778.9,1526.5,13062.4,27708.4,15408.8
22_06_2026_10_15,24149.9,26778.8,1525.25,13059.7,27707.2,15406.7
22_06_2026_10_20,24146.8,26771.1,1523.5,13046.8,27680.8,15404
22_06_2026_10_25,24152.8,26777.8,1523.6,13056.2,27677.8,15407.5
22_06_2026_10_30,24138.4,26756.4,1525,13063.3,27620.2,15401.8
22_06_2026_10_35,24153.2,26773.5,1525.5,13072.5,27642.8,15414
22_06_2026_10_40,24152.9,26786.2,1523.75,13080.8,27645,15420.1
22_06_2026_10_45,24151.1,26777.8,1523.65,13075.8,27668.1,15412.8
22_06_2026_10_50,24155.6,26776.9,1528.95,13076.5,27702.4,15417
22_06_2026_10_55,24162.8,26767.4,1530.4,13084.3,27756.4,15416
22_06_2026_11_00,24158.9,26750.4,1528.7,13083.3,27768.2,15414.7
22_06_2026_11_05,24161.9,26761.2,1528.5,13090.8,27812.7,15416.8
22_06_2026_11_10,24157.3,26734.9,1527.6,13088,27844.2,15414.9
22_06_2026_11_15,24152.1,26752,1530.95,13091.1,27814.4,15417.9
22_06_2026_11_20,24152.2,26753.9,1529.45,13086,27804.1,15416.2
22_06_2026_11_25,24160.7,26742.6,1528.75,13089.2,27835.7,15415.8
22_06_2026_11_30,24161.8,26740.4,1527.9,13091.7,27813,15419.4
22_06_2026_11_35,24158.4,26717.8,1528.2,13093.4,27799.1,15419.2
22_06_2026_11_40,24148.3,26693.1,1529,13091.7,27782.2,15410
22_06_2026_11_45,24147.6,26696.7,1527.7,13090.7,27770.8,15411.5
22_06_2026_11_50,24134.1,26713.8,1527,13080.6,27743.8,15406.2
22_06_2026_11_55,24140.4,26729.3,1526.6,13079.2,27749.8,15410.9
22_06_2026_12_00,24124.2,26720,1527,13067.2,27745.3,15404.1
22_06_2026_12_05,24123.7,26732.1,1525.1,13069.2,27738.4,15401
22_06_2026_12_10,24118.2,26746.3,1527.2,13066.8,27741.1,15398
22_06_2026_12_15,24122.7,26755.7,1531.9,13062.3,27747.8,15405.2
22_06_2026_12_20,24125.6,26761.2,1531.95,13062.7,27748.1,15406
22_06_2026_12_25,24119.8,26750.2,1534.8,13059,27733.7,15401.5
22_06_2026_12_30,24122.8,26757.7,1535.35,13059.8,27740.2,15405.7
22_06_2026_12_35,24119.6,26755.8,1538.15,13065.2,27752.5,15400.4
22_06_2026_12_40,24118.8,26769.6,1536.65,13061.2,27731.8,15398.9
22_06_2026_12_45,24119.4,26770.4,1537.55,13064.3,27733.3,15395.3
22_06_2026_12_50,24120.3,26778.8,1536.75,13068,27733.3,15398.7
22_06_2026_12_55,24123.5,26777.1,1535.6,13064.3,27728.6,15400.5
22_06_2026_13_00,24116.7,26769.8,1535.35,13052,27704.4,15399.3
22_06_2026_13_05,24112.5,26770,1533.2,13050,27700.2,15400.1
22_06_2026_13_10,24112.8,26753.8,1531.7,13054,27699.8,15394
22_06_2026_13_15,24123.2,26767.7,1533.3,13046.2,27712.5,15397.2
22_06_2026_13_20,24122.5,26771.7,1533.8,13049.3,27691.3,15398.5
22_06_2026_13_25,24118.7,26767.4,1533.7,13040.2,27697.9,15394.6
22_06_2026_13_30,24119.7,26751.8,1534,13027,27689.3,15396.1
22_06_2026_13_35,24115.5,26733.8,1533.55,13010.5,27674.7,15391.8
22_06_2026_13_40,24119.4,26743.9,1534.6,13003,27687.7,15392.7
22_06_2026_13_45,24119.1,26747.9,1536.55,13005,27657.7,15394.3
22_06_2026_13_50,24124.9,26746.2,1537.4,13006.2,27655.8,15396.8
22_06_2026_13_55,24126,26743,1536.65,13007.6,27686.8,15394.5
22_06_2026_14_00,24127,26742.1,1535.3,13005.2,27696.9,15393.2
22_06_2026_14_05,24119,26738.2,1534.75,12998.3,27718.8,15391.4
22_06_2026_14_10,24118.4,26748.8,1537.55,13007.5,27739.6,15390.8
22_06_2026_14_15,24122.7,26746.8,1537.55,13003.5,27744.4,15393.2
22_06_2026_14_20,24124.8,26753.1,1537.15,13012,27737.2,15393.7
22_06_2026_14_25,24138.8,26754.6,1538.15,13026.9,27795.5,15399.9
22_06_2026_14_30,24132.8,26736.2,1541.2,13016,27722.2,15397.5
22_06_2026_14_35,24136.3,26732.1,1540.2,13019.7,27718.5,15400.9
22_06_2026_14_40,24134.7,26720.8,1538.6,13048,27709.2,15403.6
22_06_2026_14_45,24141.3,26744.2,1538.7,13068.8,27700.4,15412.2
22_06_2026_14_50,24136.1,26736.9,1538.65,13075.7,27693.6,15409.3
22_06_2026_14_55,24132.6,26736,1536.95,13068,27689.9,15405.3
22_06_2026_15_00,24117.2,26723,1535.95,13088.2,27633.1,15411.1
22_06_2026_15_05,24103.3,26720.3,1536.65,13091.8,27611.1,15409.5
22_06_2026_15_10,24105.7,26713.5,1535.45,13099.6,27604.8,15406.3
22_06_2026_15_15,24093.8,26710.6,1537.35,13091.7,27605.1,15403.1
22_06_2026_15_20,24085.6,26679.3,1537.95,13098.1,27629.8,15391.7
22_06_2026_15_25,24086.8,26692.3,1535.35,13090.8,27632.1,15393.6
23_06_2026_09_15,24076.3,26695.7,1542.95,12937.2,27270.4,15399.7
23_06_2026_09_20,24087,26710.5,1544.5,12931.7,27283.2,15406.8
23_06_2026_09_25,24088.9,26711.8,1542.1,12919.2,27210.2,15410.8
23_06_2026_09_30,24101.9,26714.6,1543.15,12929.5,27200.3,15413.2
23_06_2026_09_35,24124.9,26686.4,1546.4,12931.1,27227.8,15415.3
23_06_2026_09_40,24115.5,26711.3,1542.3,12913,27180.1,15413.2
23_06_2026_09_45,24120.3,26729.3,1543.75,12931.2,27157.6,15423
23_06_2026_09_50,24125.7,26690.2,1540.9,12916.2,27195.6,15416.8
23_06_2026_09_55,24131.3,26670.1,1539.8,12923,27188.5,15415.2
23_06_2026_10_00,24124.9,26650.1,1538.95,12913.2,27212.2,15407.9
23_06_2026_10_05,24125.7,26679.2,1540.8,12909.2,27209.4,15404.5
23_06_2026_10_10,24123.4,26671.6,1538.5,12913.5,27187.9,15401.5
23_06_2026_10_15,24125.9,26673.2,1535.55,12910.2,27189.7,15400
23_06_2026_10_20,24120.1,26658.3,1534.15,12881.8,27198.8,15388.6
23_06_2026_10_25,24112.4,26643.5,1531.2,12867.8,27139.2,15382.5
23_06_2026_10_30,24110.2,26662.2,1533.65,12875,27122.8,15383.8
23_06_2026_10_35,24113.4,26675.8,1533.85,12877.5,27120.2,15387.9
23_06_2026_10_40,24105.7,26676.9,1533.15,12864.8,27136.6,15380.8
23_06_2026_10_45,24099.8,26660.1,1531.7,12861.7,27108.8,15374.8
23_06_2026_10_50,24098.6,26650.8,1530.85,12864.2,27096.2,15373
23_06_2026_10_55,24093.8,26650.4,1530.25,12862.2,27083.2,15374.4
23_06_2026_11_00,24096.6,26640.1,1529.65,12872.3,27057.4,15371.8
23_06_2026_11_05,24101.8,26661,1532.65,12871.1,27063.2,15379.3
23_06_2026_11_10,24114.4,26655.8,1533.05,12883.8,27079.7,15384.2
23_06_2026_11_15,24126,26683.2,1530.7,12887.2,27125.8,15398.2
23_06_2026_11_20,24122.1,26709,1530.25,12870.9,27108.2,15396.5
23_06_2026_11_25,24112.9,26711.2,1529.3,12873.1,27090.2,15395.3
23_06_2026_11_30,24101.8,26700.4,1529,12856.1,27083.7,15389
23_06_2026_11_35,24098.3,26672.4,1528.05,12839,27085.7,15384
23_06_2026_11_40,24083.1,26638.2,1525.4,12812,27075.8,15375.6
23_06_2026_11_45,24021.8,26583.4,1522.2,12768.6,27059.8,15336.1
23_06_2026_11_50,24014.8,26586.6,1522.05,12749,27079.4,15332.3
23_06_2026_11_55,23982.7,26546.2,1517.95,12741.5,27052,15310.8
23_06_2026_12_00,23970.3,26528.3,1516.45,12748,27068,15310.5
23_06_2026_12_05,23966.2,26535.1,1515.6,12743.5,27077.6,15307.8
23_06_2026_12_10,23965,26533.8,1513.15,12739.7,27063.8,15302.1
23_06_2026_12_15,23965.2,26544.1,1514.3,12744,27092.3,15303.2
23_06_2026_12_20,23921.9,26520.1,1517.25,12724.5,27063.8,15283.7
23_06_2026_12_25,23948.8,26543.8,1518.6,12741.2,27079.8,15300
23_06_2026_12_30,23936.9,26531.5,1517.5,12726.8,27050.1,15292
23_06_2026_12_35,23953.7,26548.8,1516.35,12735.5,27044.8,15302.5
23_06_2026_12_40,23948.4,26523.1,1516.7,12725.3,27039.4,15298
23_06_2026_12_45,23927.6,26512,1515.9,12702.8,27006.8,15284.8
23_06_2026_12_50,23930.9,26491.7,1514.4,12686.5,27028.1,15276.3
23_06_2026_12_55,23930.7,26504.9,1513.95,12684.5,27030.8,15275.9
23_06_2026_13_00,23919,26488.6,1512,12674.1,27011.7,15269.2
23_06_2026_13_05,23936,26511.4,1513.35,12683.5,27022.7,15282.8
23_06_2026_13_10,23922.6,26503.7,1512.6,12662.2,27008.7,15278.1
23_06_2026_13_15,23923.2,26505.3,1512.4,12659.8,27016.2,15276.8
23_06_2026_13_20,23923,26493.1,1511.9,12655.2,27026.8,15278.2
23_06_2026_13_25,23907.4,26477.3,1511,12649.7,26997.2,15268.8
23_06_2026_13_30,23869.9,26441.7,1509.8,12634.8,26988.9,15250.4
23_06_2026_13_35,23877.8,26454.6,1511.1,12642,26982.8,15255.6
23_06_2026_13_40,23893.2,26471.7,1513.35,12656.2,27011.1,15267.2
23_06_2026_13_45,23892.6,26495.1,1512.95,12658.7,27015.8,15275.6
23_06_2026_13_50,23875.8,26486.1,1511.9,12627.6,27014.9,15262.5
23_06_2026_13_55,23869.2,26470.9,1511.2,12626,26995.2,15258.6
23_06_2026_14_00,23894.2,26490.8,1512.95,12645.2,27019.3,15273.8
23_06_2026_14_05,23889.3,26476.2,1512.1,12636.7,27042.6,15269
23_06_2026_14_10,23910.8,26525.3,1514.15,12650.2,27060,15286.2
23_06_2026_14_15,23897.4,26527.5,1514.8,12636.2,27051.9,15278.4
23_06_2026_14_20,23917.9,26557.5,1516.35,12648.2,27114.2,15294
23_06_2026_14_25,23915.8,26580.1,1515.15,12639.5,27115.2,15296.4
23_06_2026_14_30,23914.5,26595.4,1515.1,12643.2,27099.6,15295.2
23_06_2026_14_35,23911,26567.7,1516.8,12659.2,27103.2,15291.2
23_06_2026_14_40,23927.2,26606.2,1519.15,12669.8,27110.6,15313.2
23_06_2026_14_45,23921.2,26619.1,1517.9,12671.5,27151.3,15311.8
23_06_2026_14_50,23921.2,26628.9,1517.65,12680.9,27143.6,15316.3
23_06_2026_14_55,23914.3,26631,1518.4,12694.2,27149.6,15314.2
23_06_2026_15_00,23833.4,26512.7,1512.7,12662.5,27028.9,15260.2
23_06_2026_15_05,23843.8,26522,1514.55,12682.6,27024.3,15268.4
23_06_2026_15_10,23827.7,26502.9,1514.35,12677.3,26991.1,15263.5
23_06_2026_15_15,23808.2,26473.1,1515.05,12657.7,26986.8,15252.9
23_06_2026_15_20,23796.2,26473.9,1513.25,12652.2,26970.2,15249.8
23_06_2026_15_25,23795.2,26454.2,1514.9,12658.7,27009.7,15249.3
24_06_2026_09_15,23848.4,26387.4,1509.65,12641.5,27291,15233
24_06_2026_09_20,23863.2,26418.1,1508.25,12627.9,27180.7,15244.8
24_06_2026_09_25,23879.4,26406.9,1507.3,12624.8,27193.1,15249.4
24_06_2026_09_30,23870.1,26411.1,1508.45,12608.6,27164.6,15234.4
24_06_2026_09_35,23879.4,26383.4,1509.35,12588.8,27202.7,15225.5
24_06_2026_09_40,23867.4,26336.1,1506.45,12556.6,27296.2,15205.8
24_06_2026_09_45,23819.3,26249.8,1499.45,12505.7,27316.5,15168.8
24_06_2026_09_50,23826.4,26288.1,1501.25,12517.9,27271.2,15180.8
24_06_2026_09_55,23841.7,26274.3,1503.95,12523,27257.2,15185
24_06_2026_10_00,23894,26334.1,1505.35,12560.3,27268.2,15221.8
24_06_2026_10_05,23909.2,26341.7,1505.4,12564,27259.4,15232.1
24_06_2026_10_10,23917.8,26368.6,1506.05,12563.2,27279.3,15233.2
24_06_2026_10_15,23915.8,26378.4,1507.45,12559,27320.1,15231
24_06_2026_10_20,23945.8,26397.9,1508.15,12593.3,27381.6,15244.8
24_06_2026_10_25,23947.8,26396.9,1507.55,12599.2,27415.3,15243.5
24_06_2026_10_30,23952.3,26397.9,1505.95,12613.8,27399.5,15240.6
24_06_2026_10_35,23946.3,26388.5,1506.35,12622.5,27431.2,15230
24_06_2026_10_40,23934.3,26396.4,1508.15,12637.9,27389.6,15230.2
24_06_2026_10_45,23947.9,26429.9,1508.6,12652.5,27361.2,15242.8
24_06_2026_10_50,23944.1,26435.5,1507.55,12645.4,27326.6,15238
24_06_2026_10_55,23952.4,26430.4,1507.45,12638,27310.8,15245.2
24_06_2026_11_00,23963.7,26414.8,1506.65,12644,27287.9,15247.7
24_06_2026_11_05,23987.6,26436.7,1505.1,12652.5,27289.6,15261.7
24_06_2026_11_10,23985.8,26422.8,1508.85,12645,27370.2,15263.5
24_06_2026_11_15,23970,26386.2,1508.9,12645.2,27382.1,15252.1
24_06_2026_11_20,23976.2,26393.2,1510.25,12652.6,27364.9,15258.8
24_06_2026_11_25,23974.9,26392.2,1510.85,12661.8,27323.8,15257.8
24_06_2026_11_30,23976.3,26382.7,1511.8,12649.7,27315.2,15259.1
24_06_2026_11_35,23983.3,26405.7,1513.55,12665.9,27360.3,15264.5
24_06_2026_11_40,24006.9,26408.4,1515.4,12668.2,27376.7,15273
24_06_2026_11_45,24006.4,26398.9,1514.45,12667.8,27375.6,15273.8
24_06_2026_11_50,24001.7,26405.3,1513.5,12654.5,27384.8,15268.5
24_06_2026_11_55,23996.9,26394.6,1511.65,12655,27386.4,15266.1
24_06_2026_12_00,24006.1,26389.6,1508.75,12659.5,27408.2,15268.3
24_06_2026_12_05,23987.8,26390.9,1507.15,12646.3,27338.1,15263.5
24_06_2026_12_10,23980.9,26367.8,1507.6,12647.5,27325.6,15260.3
24_06_2026_12_15,23997.8,26386.9,1508.35,12650,27321.2,15268.5
24_06_2026_12_20,24005.4,26392.2,1507.9,12646.3,27327.7,15274.9
24_06_2026_12_25,23995.7,26396.3,1507.15,12644.5,27292.8,15276.2
24_06_2026_12_30,23977.7,26374.3,1505.55,12635,27309.3,15271.3
24_06_2026_12_35,23979.1,26378.2,1506.35,12634,27310.7,15270.5
24_06_2026_12_40,23991.3,26357.5,1506.9,12644.4,27304.3,15273.7
24_06_2026_12_45,23985.1,26356.7,1506.35,12635,27343.3,15271.2
24_06_2026_12_50,23995,26399.8,1508.55,12646,27329.4,15284.8
24_06_2026_12_55,24004.3,26417.8,1509.45,12660.7,27340.4,15285.7
24_06_2026_13_00,23996.4,26417.1,1510.05,12657.2,27390.4,15287
24_06_2026_13_05,24020,26436.5,1510.5,12667.5,27482.8,15292.4
24_06_2026_13_10,24031.1,26431.4,1510.65,12669.5,27470.6,15298.2
24_06_2026_13_15,24046.8,26454,1511.35,12677.6,27465,15307.2
24_06_2026_13_20,24039.7,26472.1,1510.7,12671.3,27463.4,15306.7
24_06_2026_13_25,24052.4,26492.5,1509.65,12674.3,27477.1,15314
24_06_2026_13_30,24072.3,26522,1512.15,12702,27512.3,15325.5
24_06_2026_13_35,24070.4,26529.9,1509.95,12696.2,27488.1,15330.2
24_06_2026_13_40,24071.5,26507.1,1510.05,12682.5,27532.2,15330.5
24_06_2026_13_45,24070.9,26514.7,1511.1,12679.3,27555.2,15327.9
24_06_2026_13_50,24066.5,26528.9,1511.1,12679.5,27555.8,15324.7
24_06_2026_13_55,24055.8,26526.3,1511,12669.5,27542.8,15322.8
24_06_2026_14_00,24042.2,26504.2,1511.1,12661.9,27558.1,15314.2
24_06_2026_14_05,24043,26504.9,1511.65,12664.3,27551.1,15313.3
24_06_2026_14_10,24056.7,26516.9,1512.65,12662,27659.8,15316.8
24_06_2026_14_15,24058.1,26517,1513.2,12652.5,27692.5,15316
24_06_2026_14_20,24054.3,26519.8,1511.8,12645.8,27655.4,15308.5
24_06_2026_14_25,24054.8,26503,1512.4,12643.4,27662.9,15306.5
24_06_2026_14_30,24049.3,26486.3,1511.85,12651.2,27602.4,15307.2
24_06_2026_14_35,24039.9,26451.8,1512.5,12617.1,27633.4,15295.8
24_06_2026_14_40,24053.1,26457.8,1515.65,12629.8,27675.2,15300.9
24_06_2026_14_45,24046.9,26426.8,1519.35,12623,27674.8,15288.3
24_06_2026_14_50,24060.9,26430.8,1518.1,12627,27645.9,15298.7
24_06_2026_14_55,24050.8,26420.2,1518.4,12623.6,27610.1,15296.9
24_06_2026_15_00,24035.2,26410.9,1518.85,12621.8,27579.4,15288
24_06_2026_15_05,24027.6,26401.4,1520,12628.2,27584.3,15284.6
24_06_2026_15_10,24006.4,26378.4,1518.65,12619.8,27568.1,15269
24_06_2026_15_15,24010.5,26367.1,1519.05,12602.4,27564.4,15265
24_06_2026_15_20,24018.9,26365.5,1519.45,12616.7,27554.1,15266.7
24_06_2026_15_25,24013.2,26367,1519.25,12619.7,27553.4,15270.5
25_06_2026_09_15,24129.8,26823.6,1516.15,12516.8,27602.7,15384.5
25_06_2026_09_20,24157.1,26879.3,1518.1,12518.6,27557.6,15394.5
25_06_2026_09_25,24147.2,26942.1,1516.7,12526.5,27517.5,15404
25_06_2026_09_30,24142.8,26953.2,1515.7,12536.2,27441.6,15406
25_06_2026_09_35,24145.5,26924.6,1515.6,12567.5,27449.2,15403.6
25_06_2026_09_40,24141.7,26916.6,1517.7,12542.7,27520.1,15398.2
25_06_2026_09_45,24165.4,26933.3,1517.6,12541,27580.2,15407.7
25_06_2026_09_50,24172.3,26914.4,1517.05,12533.8,27571.6,15408.1
25_06_2026_09_55,24176.7,26929.3,1515.4,12518.1,27588.9,15409.2
25_06_2026_10_00,24177.3,26910.1,1516.85,12499,27747.1,15399.2
25_06_2026_10_05,24166.6,26936.2,1514.15,12506.4,27733.7,15396.5
25_06_2026_10_10,24184.5,26962.2,1513,12513.8,27722.9,15406.4
25_06_2026_10_15,24178.9,27035.3,1514.65,12516.8,27658,15412.7
25_06_2026_10_20,24168.8,27059.3,1513.05,12500.6,27651.9,15410.8
25_06_2026_10_25,24172.1,27063.4,1514.4,12490.4,27659.8,15407.6
25_06_2026_10_30,24172.6,27043.2,1515.7,12496.3,27686.6,15403.8
25_06_2026_10_35,24169.4,27026.2,1514,12503.1,27644.1,15403.8
25_06_2026_10_40,24182.8,27058.2,1514.15,12514.2,27646.8,15416.1
25_06_2026_10_45,24199.2,27119.3,1514.45,12515.5,27624.8,15430.7
25_06_2026_10_50,24180.8,27104.4,1513.3,12509,27616.2,15422.1
25_06_2026_10_55,24197.6,27117.2,1515.6,12522.5,27630.4,15432.5
25_06_2026_11_00,24180.7,27089.9,1514.55,12525.5,27589.9,15427.5
25_06_2026_11_05,24189.9,27108.7,1515.25,12534,27580.4,15430.4
25_06_2026_11_10,24196.1,27097.6,1512.5,12548.6,27612.3,15434.3
25_06_2026_11_15,24196.2,27119.4,1514.95,12540.2,27575.6,15438.7
25_06_2026_11_20,24192.4,27128.5,1515.45,12532.3,27553.1,15438.5
25_06_2026_11_25,24190.6,27148.9,1515.5,12527.2,27525.7,15438.2
25_06_2026_11_30,24190.8,27119.4,1515,12528,27552.1,15432.5
25_06_2026_11_35,24195.2,27136.6,1516.7,12522.9,27601.9,15436.1
25_06_2026_11_40,24195.6,27129.7,1518.9,12518.5,27594.8,15430
25_06_2026_11_45,24204.2,27137.5,1516.6,12517.7,27614.6,15432.4
25_06_2026_11_50,24208.4,27109.2,1515.95,12512.1,27594.4,15431.9
25_06_2026_11_55,24236.6,27115.2,1519.55,12532.9,27606.8,15439.5
25_06_2026_12_00,24247.2,27129.2,1520.25,12535,27617.4,15442.2
25_06_2026_12_05,24249.5,27139.2,1520.4,12536.3,27634.1,15440.6
25_06_2026_12_10,24243.5,27159.1,1520.25,12530.4,27599.2,15441.5
25_06_2026_12_15,24243.9,27189.3,1519.85,12517.4,27574.2,15444
25_06_2026_12_20,24226.1,27192.7,1520.4,12502.2,27573.8,15434.9
25_06_2026_12_25,24201.9,27158.9,1519.5,12496.2,27575.9,15421
25_06_2026_12_30,24189.8,27166.2,1515.15,12482.5,27513.5,15417.8
25_06_2026_12_35,24207.3,27166.4,1518.2,12487.8,27548.8,15425.7
25_06_2026_12_40,24192.8,27149.2,1514.25,12479.7,27522.9,15414.3
25_06_2026_12_45,24193.4,27150.7,1516,12481.2,27517.5,15411.7
25_06_2026_12_50,24198.9,27155.9,1516.7,12473,27521.9,15416.2
25_06_2026_12_55,24196.8,27169.9,1514.35,12465.1,27511.3,15416.3
25_06_2026_13_00,24203.1,27168.9,1515.85,12479.2,27528,15421.5
25_06_2026_13_05,24195.8,27148.4,1516,12472,27510.8,15415.8
25_06_2026_13_10,24172.8,27117.1,1515.4,12469.6,27499.8,15403.8
25_06_2026_13_15,24196.8,27159.5,1517.1,12486.9,27569.2,15418.9
25_06_2026_13_20,24189.1,27170.3,1519.8,12490.5,27528.7,15423.8
25_06_2026_13_25,24181.5,27167.8,1518.7,12488.2,27528.4,15416.9
25_06_2026_13_30,24191.9,27180.9,1519.75,12501.6,27530.8,15421
25_06_2026_13_35,24199.9,27199.6,1517.75,12502,27540.9,15432.2
25_06_2026_13_40,24200.3,27200.1,1519.2,12500.9,27550.1,15430.8
25_06_2026_13_45,24202.5,27231.3,1521.25,12496.8,27547.2,15431.8
25_06_2026_13_50,24190.3,27208.1,1519.2,12490.4,27528.1,15426.7
25_06_2026_13_55,24178.4,27187.2,1518.3,12473.3,27544,15420.8
25_06_2026_14_00,24183.3,27190.3,1519.65,12469.8,27569.3,15418.8
25_06_2026_14_05,24171.9,27195,1519.55,12464.2,27600,15407
25_06_2026_14_10,24139.2,27140.4,1518,12470.1,27543.4,15392.5
25_06_2026_14_15,24119.8,27106.6,1514.85,12452.1,27534.9,15383.4
25_06_2026_14_20,24110.5,27085.2,1515.05,12451.5,27464.4,15379.8
25_06_2026_14_25,24108.2,27087.6,1515.4,12456.8,27436.4,15381.3
25_06_2026_14_30,24105.9,27093.8,1515.55,12462.5,27458.4,15379.6
25_06_2026_14_35,24101.2,27064.7,1515.4,12451.7,27425.2,15372.6
25_06_2026_14_40,24071.1,27018.8,1512.9,12449.2,27397.9,15353.2
25_06_2026_14_45,24071.8,27013.6,1511.15,12450,27384.9,15351.1
25_06_2026_14_50,24103.1,27030.2,1512.85,12462.7,27410.9,15364.9
25_06_2026_14_55,24090.4,27024.8,1512.2,12455,27387.1,15356.6
25_06_2026_15_00,24060.9,26967,1511.1,12445.7,27353,15337.1
25_06_2026_15_05,24059.7,26956.3,1515.25,12447.7,27349.2,15335.5
25_06_2026_15_10,24056,26972.6,1512.45,12450.7,27319.6,15335
25_06_2026_15_15,24058.3,26994.8,1509.35,12444.3,27315.6,15337.8
25_06_2026_15_20,24046.2,26986.9,1506.6,12434.9,27328.7,15327.5
25_06_2026_15_25,24052.9,27002.4,1505.55,12445.8,27352.2,15337.9
29_06_2026_09_15,24084.1,26938.4,1507.2,12521.1,27048.6,15333.7
29_06_2026_09_20,24080.1,26826.8,1503.2,12506.8,27177.8,15316.8
29_06_2026_09_25,24064.8,26830.4,1500.9,12505.7,27158.8,15311.7
29_06_2026_09_30,24017.1,26788.3,1495,12459.8,27082.8,15296.8
29_06_2026_09_35,24060.1,26857.8,1497.15,12482.8,27103.7,15321.7
29_06_2026_09_40,24094,26828.8,1499.45,12492.2,27100.8,15324.8
29_06_2026_09_45,24082.7,26822.8,1497.4,12500.3,27059.1,15316.8
29_06_2026_09_50,24072.2,26781.3,1492.95,12527.8,27030.9,15306
29_06_2026_09_55,24075.6,26760.9,1496.1,12527.5,27092.8,15301
29_06_2026_10_00,24053.4,26763.7,1496.95,12511.8,27072.3,15287.7
29_06_2026_10_05,24069.2,26754.9,1500.3,12518.4,27072.2,15293.8
29_06_2026_10_10,24061.8,26729.4,1498.25,12518,27053.4,15284.6
29_06_2026_10_15,24063.9,26694.4,1498.65,12533.8,27081.3,15275.9
29_06_2026_10_20,24103.1,26722.6,1497.4,12547.8,27179.3,15287.2
29_06_2026_10_25,24112.2,26722.8,1497.8,12540.2,27147.1,15291.6
29_06_2026_10_30,24105.3,26721.6,1498.7,12533.5,27114.3,15288.4
29_06_2026_10_35,24100.2,26697.3,1496.4,12538.5,27083.8,15280.7
29_06_2026_10_40,24112.3,26690.7,1496.95,12533.7,27097.1,15279.9
29_06_2026_10_45,24082.7,26642.6,1495.1,12525.7,27087.2,15262.5
29_06_2026_10_50,24056.8,26596.8,1496.3,12528.2,27046.8,15249.8
29_06_2026_10_55,24066.3,26612.6,1499.45,12534.2,27037.9,15254
29_06_2026_11_00,24084.8,26616.3,1499.2,12539.6,27063.2,15260.5
29_06_2026_11_05,24078,26569.4,1498.2,12536.5,27054.1,15248
29_06_2026_11_10,24073,26551.1,1497.3,12551.2,27065.8,15239.6
29_06_2026_11_15,24078.6,26534.4,1498.55,12558,27071,15241.7
29_06_2026_11_20,24063.3,26528.3,1497.55,12544.7,27081.1,15235.2
29_06_2026_11_25,24061.2,26509.4,1497.1,12543.8,27085.2,15228.7
29_06_2026_11_30,24027.9,26497.4,1496.6,12529.8,27028.4,15211.2
29_06_2026_11_35,24042.2,26523.9,1498.75,12548.2,27062.6,15219
29_06_2026_11_40,24031.6,26512.8,1499,12539.3,27047,15212.4
29_06_2026_11_45,24026.7,26494.4,1500.2,12544.2,27049.4,15208.2
29_06_2026_11_50,24003.2,26477.9,1501.15,12543.5,27032.4,15199
29_06_2026_11_55,24011.2,26477.7,1499.45,12534.7,27029.2,15200.5
29_06_2026_12_00,24009.2,26482.3,1499.55,12537.5,27043.7,15200.3
29_06_2026_12_05,24012.9,26455.8,1498.35,12538.9,27046.7,15197.2
29_06_2026_12_10,23993.7,26458.6,1497.6,12533.2,27056.2,15189.3
29_06_2026_12_15,23974.2,26455.2,1498.15,12543.8,27003.7,15176.3
29_06_2026_12_20,23979.2,26486.7,1498,12541.8,27015.4,15184.3
29_06_2026_12_25,23968.4,26448.5,1495.35,12534.3,27004.7,15172.9
29_06_2026_12_30,23943.4,26400.8,1492.25,12518.2,26983.1,15159.5
29_06_2026_12_35,23933.6,26383.7,1491.45,12518.7,26984.3,15154.6
29_06_2026_12_40,23944.4,26371.4,1491.25,12507.8,26988.7,15160.5
29_06_2026_12_45,23945.6,26397.2,1492.8,12504,27016.2,15160.3
29_06_2026_12_50,23951.9,26392.8,1491.15,12505.3,27004.6,15162.2
29_06_2026_12_55,23963.3,26391.7,1491.5,12508.6,27030.3,15168.9
29_06_2026_13_00,23961.5,26391.8,1492.6,12511.3,27050.9,15167.8
29_06_2026_13_05,23979.1,26418.8,1492.1,12522.1,27024.7,15177
29_06_2026_13_10,23962.7,26398.1,1491.55,12529.8,27000.2,15166.8
29_06_2026_13_15,23950.4,26392.3,1489.75,12513.8,26975.7,15160.2
29_06_2026_13_20,23950.6,26381.8,1488.85,12521.3,26986.4,15163.5
29_06_2026_13_25,23965.2,26383.6,1489.8,12527.7,27019.3,15165
29_06_2026_13_30,23954.4,26375.8,1488.55,12535.5,26997.8,15164
29_06_2026_13_35,23958.8,26388.2,1488.2,12545.5,26986,15171.4
29_06_2026_13_40,23940.4,26348.9,1488.5,12545.5,26972.7,15161.9
29_06_2026_13_45,23938.8,26369.7,1487.95,12545.6,27007.6,15168.5
29_06_2026_13_50,23949,26405.5,1488.6,12536,26983,15177.6
29_06_2026_13_55,23947.7,26409.8,1488.05,12530,26998.9,15179.2
29_06_2026_14_00,23952.1,26409.8,1488.8,12530.8,27002.9,15183.3
29_06_2026_14_05,23953.1,26408.8,1489,12533.5,27002.3,15185.5
29_06_2026_14_10,23958.3,26424.2,1490.65,12534.2,27036.3,15195.3
29_06_2026_14_15,23963.7,26420.3,1491.8,12528.2,27036.4,15193.5
29_06_2026_14_20,23948.2,26408.1,1492.3,12519.7,27025.9,15182.7
29_06_2026_14_25,23950.8,26419.6,1493.25,12521.5,27049.1,15189.2
29_06_2026_14_30,23964.4,26448.2,1491.1,12526.8,27043.7,15200.2
29_06_2026_14_35,23949.2,26431.5,1490.3,12515.2,27032.7,15193.5
29_06_2026_14_40,23964.2,26449.7,1491.6,12520.6,27048.9,15204.2
29_06_2026_14_45,23965.8,26436.2,1491.6,12514.5,27046.5,15194.2
29_06_2026_14_50,23945,26423.8,1492.15,12533,27022.8,15181.9
29_06_2026_14_55,23930.6,26378.3,1492.05,12497.3,27025.1,15167.9
29_06_2026_15_00,23942,26377.7,1489.3,12527.3,27056.5,15171.2
29_06_2026_15_05,23949.8,26419.5,1494.1,12539,27050.9,15173.8
29_06_2026_15_10,23943.2,26408.2,1491.25,12538.3,27044.7,15169.2
29_06_2026_15_15,23949.2,26455.7,1491.2,12566.2,27020.5,15166.7
29_06_2026_15_20,23950.6,26458.9,1485.85,12565.3,26984.7,15179.1
29_06_2026_15_25,23978.5,26532.3,1487.65,12553.5,27035.3,15207
30_06_2026_09_15,23942.2,26197.7,1489.7,12456.8,26840.3,15154.5
30_06_2026_09_20,23901.5,26163.9,1486.25,12469.1,26741.8,15124.5
30_06_2026_09_25,23896.9,26142.8,1491.1,12482,26709.9,15127.7
30_06_2026_09_30,23873.3,26132.3,1486.45,12474.8,26534.6,15126.5
30_06_2026_09_35,23875.1,26230.5,1486.5,12477,26522.2,15142.3
30_06_2026_09_40,23870.3,26226.1,1482.3,12474.5,26472.3,15140.9
30_06_2026_09_45,23856.7,26244.8,1484.4,12479.3,26463.2,15137.4
30_06_2026_09_50,23865.9,26251.8,1485.2,12490.8,26531.9,15143.8
30_06_2026_09_55,23881.7,26250.4,1486.15,12501.2,26564.3,15152.5
30_06_2026_10_00,23914.9,26279.6,1486.5,12494.3,26608.2,15170.4
30_06_2026_10_05,23874.2,26267.9,1484.75,12473.5,26573.8,15153.2
30_06_2026_10_10,23889.8,26324.2,1483.45,12487.8,26550.7,15165.9
30_06_2026_10_15,23890.9,26376.1,1484.05,12469.8,26564.4,15170.2
30_06_2026_10_20,23892.8,26369,1482.55,12467.4,26596.3,15165.8
30_06_2026_10_25,23891.4,26392.2,1483.65,12470.5,26585.8,15169.2
30_06_2026_10_30,23899.1,26394.8,1484.05,12477.1,26576.8,15173.3
30_06_2026_10_35,23894.6,26426.1,1483.65,12469.9,26560.4,15179.2
30_06_2026_10_40,23890.5,26403.9,1483.4,12458.9,26559.1,15176.7
30_06_2026_10_45,23915.1,26446.8,1483.4,12474.1,26534.6,15193.9
30_06_2026_10_50,23907,26457.8,1483.5,12474.7,26549.9,15198.7
30_06_2026_10_55,23878.7,26450.6,1482.65,12463.2,26531.1,15188
30_06_2026_11_00,23883,26448.3,1482.2,12458.2,26515.1,15191.2
30_06_2026_11_05,23892.2,26445.8,1480.95,12449.8,26530.5,15194
30_06_2026_11_10,23938.1,26481.6,1484.25,12475,26579.6,15218.2
30_06_2026_11_15,23934.4,26501.5,1483.6,12476,26575.6,15221.3
30_06_2026_11_20,23997,26614,1485.75,12505,26646.7,15264
30_06_2026_11_25,23976.6,26607.8,1485.35,12482,26593.8,15252
30_06_2026_11_30,23946.3,26587.8,1484.45,12479.2,26531.2,15237.9
30_06_2026_11_35,23945.4,26588.9,1482.95,12475.8,26518.1,15237.7
30_06_2026_11_40,23932.6,26584.2,1482.4,12469.5,26529.5,15228.1
30_06_2026_11_45,23930,26585.2,1482.7,12476.5,26520.2,15223.3
30_06_2026_11_50,23940.8,26569.2,1483.95,12491.6,26515.9,15224.5
30_06_2026_11_55,23946.2,26593.1,1485.3,12504.3,26517.8,15234.2
30_06_2026_12_00,23935.1,26580.9,1483.55,12512.5,26498.6,15229.9
30_06_2026_12_05,23927.9,26552.2,1484,12536,26469.3,15221
30_06_2026_12_10,23925.9,26597.1,1483.15,12524.3,26435.4,15221.7
30_06_2026_12_15,23925.2,26629.1,1483.25,12528.2,26441.5,15222
30_06_2026_12_20,23937.4,26634.3,1485.05,12521.2,26463.6,15227.6
30_06_2026_12_25,23933.2,26619.2,1483.05,12530.3,26465.7,15223.2
30_06_2026_12_30,23921.5,26576.4,1482.25,12518.8,26473.6,15213.1
30_06_2026_12_35,23944.7,26585.1,1483.35,12525.7,26488.7,15220.8
30_06_2026_12_40,23951.1,26585,1483.7,12518.5,26512.8,15223.6
30_06_2026_12_45,23948.1,26576.7,1484.05,12527,26499.7,15226
30_06_2026_12_50,23946.3,26582,1483.6,12537.9,26487.1,15223.7
30_06_2026_12_55,23952.4,26563.7,1484.15,12537,26485.5,15226.5
30_06_2026_13_00,23945.2,26552.9,1484.35,12527.5,26474.7,15221.3
30_06_2026_13_05,23933.7,26543.8,1483,12528.2,26457.7,15215
30_06_2026_13_10,23934,26554.3,1482.1,12530.8,26448.7,15216.7
30_06_2026_13_15,23927.8,26558.1,1482.9,12552.7,26457.2,15214.8
30_06_2026_13_20,23919.5,26570.4,1482.7,12535.8,26449.3,15211.5
30_06_2026_13_25,23935.2,26596.5,1483.05,12553.8,26465.4,15223.7
30_06_2026_13_30,23937.3,26617.9,1483.3,12551.5,26446.7,15229
30_06_2026_13_35,23937.6,26627.8,1484.45,12543,26436.6,15227.5
30_06_2026_13_40,23946.8,26636.7,1484.15,12547.7,26451.6,15232.7
30_06_2026_13_45,23940.5,26634.3,1482.95,12543.3,26462,15229.3
30_06_2026_13_50,23931.1,26630.6,1482.15,12539.8,26466.3,15221.1
30_06_2026_13_55,23929.4,26638,1481.9,12540,26459.1,15222
30_06_2026_14_00,23887.8,26619.4,1481.55,12522.7,26415,15203.3
30_06_2026_14_05,23895.9,26638.8,1481.25,12529.5,26416.8,15211.7
30_06_2026_14_10,23885.2,26595.4,1481.1,12527.3,26369.3,15204.3
30_06_2026_14_15,23879.8,26597.6,1481.1,12525,26338.3,15204.7
30_06_2026_14_20,23947.8,26635.6,1482.95,12555.5,26406.2,15238
30_06_2026_14_25,23944.4,26645.9,1482,12552.5,26375.1,15239.2
30_06_2026_14_30,23942.8,26625.4,1481.8,12549.4,26368.1,15237.5
30_06_2026_14_35,23940.8,26617.6,1480.95,12543.6,26381.8,15231.5
30_06_2026_14_40,23945.7,26622.8,1482.5,12548.5,26388.2,15237.3
30_06_2026_14_45,23940.8,26611,1480.45,12547.5,26380.8,15233.8
30_06_2026_14_50,23936,26613.1,1479.45,12553,26373.4,15233.5
30_06_2026_14_55,23905.3,26581.1,1479.35,12542.2,26322.7,15221.5
30_06_2026_15_00,23841.2,26465.2,1477.45,12502.1,26219.9,15168.5
30_06_2026_15_05,23850.2,26489.1,1479,12520.5,26300.8,15172.5
30_06_2026_15_10,23864.8,26469.9,1481.05,12525.2,26318.1,15174.4
30_06_2026_15_15,23880.6,26473.6,1477.15,12522.9,26321.2,15179.6
30_06_2026_15_20,23884.5,26474.2,1480.4,12527.7,26316.6,15184.3
30_06_2026_15_25,23917.8,26522.9,1483.4,12539.2,26355.2,15207.2
01_07_2026_09_15,23918,26708.8,1500.35,12434.4,26477.8,15225.7
01_07_2026_09_20,23912.8,26701.3,1501.9,12431.2,26444.3,15228
01_07_2026_09_25,23922.9,26675.7,1506.1,12441.8,26439.2,15235.2
01_07_2026_09_30,23919.6,26681.2,1520.4,12420.2,26353.4,15248.2
01_07_2026_09_35,23940.1,26702.6,1518.65,12431,26303.9,15268.2
01_07_2026_09_40,23944.2,26756.3,1521.15,12415.8,26277.1,15283.8
01_07_2026_09_45,23949.7,26821.8,1530.4,12422.2,26357.3,15285.3
01_07_2026_09_50,23963.2,26922.4,1521.75,12435,26296.6,15307
01_07_2026_09_55,23981.7,26934.6,1523.5,12451.9,26248.4,15315
01_07_2026_10_00,23968.1,26847.1,1521.05,12452.1,26240.1,15298.8
01_07_2026_10_05,23982.9,26873,1523.4,12444.8,26240.5,15311.5
01_07_2026_10_10,23987.1,26857.9,1524.65,12449.8,26239.3,15318.1
01_07_2026_10_15,24005.8,26856.9,1528,12492.3,26236.8,15328.1
01_07_2026_10_20,24009.3,26840.2,1524.5,12476,26214.6,15330.8
01_07_2026_10_25,23997.2,26808.9,1526.3,12478.6,26175.6,15323.8
01_07_2026_10_30,23986.4,26779.9,1526.9,12483.9,26201.8,15318.2
01_07_2026_10_35,23975.1,26785,1520.85,12467.8,26199.9,15316.1
01_07_2026_10_40,23954.1,26759.3,1522.8,12457.9,26179.9,15300.5
01_07_2026_10_45,23973.8,26755.8,1523.15,12484.7,26202.8,15316
01_07_2026_10_50,23979.7,26763.7,1520.85,12472.2,26200.7,15319
01_07_2026_10_55,23976.4,26771.7,1522.8,12467.1,26194.7,15320.2
01_07_2026_11_00,23982.7,26762.4,1522.45,12454.8,26195.1,15329.8
01_07_2026_11_05,23994.1,26773.2,1523.4,12456.8,26190.1,15337.9
01_07_2026_11_10,24019.5,26825,1526.6,12452.6,26187.8,15344.9
01_07_2026_11_15,24020.8,26833.2,1525.6,12444.5,26163.8,15348.3
01_07_2026_11_20,24007.8,26801.6,1524.2,12443.3,26165.7,15345.7
01_07_2026_11_25,24008.8,26801.3,1522.8,12444.5,26144.8,15342.8
01_07_2026_11_30,23993.4,26782.6,1520.35,12447.9,26114.1,15337.8
01_07_2026_11_35,23997.4,26759.1,1520.45,12442.7,26133.1,15339.5
01_07_2026_11_40,24011.7,26756.4,1520.9,12449.4,26136.2,15344
01_07_2026_11_45,24019.3,26722.3,1521.1,12448.1,26141.9,15339.9
01_07_2026_11_50,24004.1,26707.6,1519.2,12431.8,26136.8,15328.2
01_07_2026_11_55,24026.5,26719.1,1515.85,12434.3,26158.5,15337.8
01_07_2026_12_00,24023.3,26742.4,1511.95,12432.8,26161.2,15339.8
01_07_2026_12_05,24045.1,26751.6,1510.65,12443.1,26165.8,15351.2
01_07_2026_12_10,24023.5,26671.6,1509.95,12429.2,26104.8,15335.6
01_07_2026_12_15,24028.6,26669.7,1509.85,12429,26086.2,15340.8
01_07_2026_12_20,24034.3,26655.2,1509.85,12422.5,26087,15346.7
01_07_2026_12_25,23997.6,26613.4,1508.25,12384.3,26008.9,15324.8
01_07_2026_12_30,24029.3,26651.3,1508.7,12409.7,26057.8,15341.5
01_07_2026_12_35,24037.9,26724.7,1507.55,12412.1,26074.8,15351.8
01_07_2026_12_40,24024.1,26722.6,1507.35,12385.3,26074.9,15347.2
01_07_2026_12_45,24024.8,26731.7,1508.3,12388.6,26053.2,15351
01_07_2026_12_50,24020.2,26709.3,1507.5,12390.9,26028.8,15347.2
01_07_2026_12_55,24022.9,26719.9,1509.15,12391.5,26021.3,15347.8
01_07_2026_13_00,24010.8,26665,1509.4,12383.2,26008.4,15335.7
01_07_2026_13_05,24015.2,26674.8,1513.5,12384.7,26005.4,15340.5
01_07_2026_13_10,24028.1,26662.4,1514.15,12394.8,26011.1,15347
01_07_2026_13_15,24030.1,26681.3,1511.9,12404.4,25980.1,15346.4
01_07_2026_13_20,24017.9,26672.6,1510.75,12408.4,25925.5,15345
01_07_2026_13_25,24012.8,26687.7,1509.6,12406,25911.6,15339.6
01_07_2026_13_30,24017.4,26720.4,1508.4,12407.6,25903.6,15348.6
01_07_2026_13_35,24040.5,26741.2,1510.2,12415,25911.9,15360.1
01_07_2026_13_40,24029.6,26750,1509.4,12421.5,25906.5,15361.8
01_07_2026_13_45,24024.9,26748.3,1510,12423.4,25902.6,15362.3
01_07_2026_13_50,24020.3,26741.3,1511.05,12408.8,25910.6,15359.1
01_07_2026_13_55,24018.3,26734.8,1509.95,12403.3,25893.9,15354.8
01_07_2026_14_00,24025.3,26749.9,1508.95,12403.6,25890.1,15361.5
01_07_2026_14_05,24034.4,26775.2,1509.25,12404.3,25886.9,15365.8
01_07_2026_14_10,24035.3,26783.1,1507.7,12395.8,25872.2,15366.2
01_07_2026_14_15,24030.6,26777.8,1507.2,12389.3,25879.9,15364.7
01_07_2026_14_20,24038,26790,1507.75,12395.5,25869.8,15370.2
01_07_2026_14_25,24028.6,26798.4,1506.6,12402.4,25837.8,15365.1
01_07_2026_14_30,24016.3,26792.6,1504.05,12404.5,25821.6,15361.2
01_07_2026_14_35,23999.4,26753.7,1501.35,12388.2,25801,15349.7
01_07_2026_14_40,24020.8,26773.2,1509,12404.3,25881.2,15360.2
01_07_2026_14_45,24011.2,26761.8,1506.85,12380,25895.5,15357.7
01_07_2026_14_50,24023.4,26769.6,1505,12387.9,25843.2,15368.3
01_07_2026_14_55,24035.7,26781.7,1507.55,12391.8,25843.8,15375.3
01_07_2026_15_00,24018.7,26782.8,1511.75,12401.3,25820.2,15371.1
01_07_2026_15_05,24002.3,26771.8,1510.45,12405,25783.4,15360.7
01_07_2026_15_10,24006.2,26792.8,1506.9,12392.8,25779.4,15362.2
01_07_2026_15_15,23998.6,26791.2,1505.1,12388.2,25757.7,15360.8
01_07_2026_15_20,23999.9,26777.9,1505.5,12397.5,25729.4,15354.8
01_07_2026_15_25,23987.9,26768.9,1508.95,12396.3,25763.7,15349.3
02_07_2026_09_15,24094.2,26900.6,1506.35,12496.2,26546.8,15368.3
02_07_2026_09_20,24122.8,26945.4,1506.6,12499,26670.1,15370.9
02_07_2026_09_25,24111.7,26890.4,1510.95,12503.7,26637.2,15368.8
02_07_2026_09_30,24124.9,26864.7,1509.1,12489.7,26626.8,15367.4
02_07_2026_09_35,24148.2,26829.9,1508.25,12517.3,26716.9,15376.2
02_07_2026_09_40,24148.1,26854.3,1508.1,12513.7,26773.7,15372.5
02_07_2026_09_45,24146.9,26832.1,1507.4,12515.4,26705,15380.5
02_07_2026_09_50,24136.2,26818.8,1511.5,12530.4,26722.6,15377.9
02_07_2026_09_55,24129.4,26810.9,1510.35,12532.2,26803.6,15374.6
02_07_2026_10_00,24117.3,26820.5,1518.05,12537.5,26761.8,15370
02_07_2026_10_05,24099.8,26836.3,1516.35,12553.3,26729.8,15368.3
02_07_2026_10_10,24075.8,26841.2,1514.75,12565.9,26715.2,15365
02_07_2026_10_15,24088.9,26845.7,1513.55,12554.5,26781.2,15372.4
02_07_2026_10_20,24099.4,26850.8,1512.85,12548.7,26826.9,15370.6
02_07_2026_10_25,24107.1,26874.4,1512.65,12550.3,26775.3,15380.5
02_07_2026_10_30,24094.2,26856.6,1510.8,12540.2,26731.8,15377.1
02_07_2026_10_35,24113.8,26893.2,1510.95,12556.8,26736.5,15390.7
02_07_2026_10_40,24110.6,26891.2,1510.1,12550,26733.1,15389.7
02_07_2026_10_45,24108.8,26861.1,1511.15,12537.8,26745.1,15387.9
02_07_2026_10_50,24106.7,26843.5,1510.1,12536.2,26763.8,15386.5
02_07_2026_10_55,24111.1,26841.1,1509.35,12551.2,26767.6,15396
02_07_2026_11_00,24108.1,26856.6,1510.25,12530.8,26741.8,15403
02_07_2026_11_05,24098.7,26830.3,1510.9,12534.6,26766.1,15390.8
02_07_2026_11_10,24103.8,26823.6,1510.65,12516.6,26804.2,15391.3
02_07_2026_11_15,24101.4,26858.2,1512.2,12505.7,26842.6,15395.6
02_07_2026_11_20,24101.6,26871.9,1511.95,12496.3,26853.2,15394.9
02_07_2026_11_25,24087.3,26837.9,1510.9,12477,26839.2,15390.2
02_07_2026_11_30,24085.2,26846.1,1511.05,12459.5,26841.2,15391.6
02_07_2026_11_35,24074.2,26836.3,1509.25,12455.5,26852.2,15384.8
02_07_2026_11_40,24083.8,26856.4,1511.2,12452,26821.4,15388.9
02_07_2026_11_45,24086,26877.8,1510.75,12463.2,26845.2,15396.1
02_07_2026_11_50,24095.8,26875.6,1511.55,12473.3,26874.4,15398.8
02_07_2026_11_55,24099.6,26896.2,1510.05,12475,26893.8,15402.2
02_07_2026_12_00,24101.8,26897.2,1512.8,12474.8,26892.7,15401.7
02_07_2026_12_05,24107.5,26888.2,1510.85,12469.8,26922.5,15396.6
02_07_2026_12_10,24112.8,26884.6,1511.35,12475.7,26933.6,15397.4
02_07_2026_12_15,24124.1,26913.7,1510.8,12484.2,26916.3,15410.2
02_07_2026_12_20,24124,26925.1,1510.6,12476,26920.8,15411
02_07_2026_12_25,24131.8,26935.9,1510.05,12484.5,26928.1,15407
02_07_2026_12_30,24122.4,26954.8,1511.1,12484,26902,15404.5
02_07_2026_12_35,24132.7,26948.6,1510.95,12481.3,26916.2,15416.8
02_07_2026_12_40,24121.8,26917.4,1510.9,12473.6,26891.6,15409.1
02_07_2026_12_45,24129.6,26937.4,1510.75,12467.5,26927,15409
02_07_2026_12_50,24124.3,26953.6,1510.9,12463.6,26925.8,15406.1
02_07_2026_12_55,24119.4,26963.4,1510.5,12463.1,26889,15405.4
02_07_2026_13_00,24133.6,26967.4,1510.15,12477,26909.8,15415.2
02_07_2026_13_05,24141.6,26995.6,1510.6,12484,26916.2,15422.5
02_07_2026_13_10,24143.2,27020.2,1522.7,12488.2,26905.1,15424.8
02_07_2026_13_15,24151.6,27055.9,1517.05,12484.7,26897.7,15433.2
02_07_2026_13_20,24149.2,27066.3,1516.75,12487.2,26878.3,15434.6
02_07_2026_13_25,24141.8,27059.6,1517.75,12473.1,26925.1,15429.2
02_07_2026_13_30,24146.6,27039.8,1515.8,12487.2,26924.1,15427.5
02_07_2026_13_35,24139.3,27011.3,1516.15,12484.1,26921.6,15421.8
02_07_2026_13_40,24134.2,27003.2,1519.25,12482.5,26928.5,15421.3
02_07_2026_13_45,24130.9,26984.5,1517.85,12485.8,26948.6,15417.5
02_07_2026_13_50,24133.4,26987.5,1519,12485.8,26936.5,15423.8
02_07_2026_13_55,24131.2,27007.2,1518.2,12488.2,26916.8,15425.2
02_07_2026_14_00,24137.4,27004.9,1518.4,12491,26913.2,15427
02_07_2026_14_05,24132.9,26998.3,1518.05,12491.3,26894.4,15423.8
02_07_2026_14_10,24132.3,26984.5,1517.7,12488.7,26923.3,15418.8
02_07_2026_14_15,24132.7,27007.1,1517.6,12492,26907.8,15423.7
02_07_2026_14_20,24147.1,27029.3,1519.8,12489.2,26927.1,15432.5
02_07_2026_14_25,24140.2,27027.8,1518.45,12482.3,26913.6,15430.5
02_07_2026_14_30,24149.7,27038.4,1517.7,12482.2,26918.8,15436.7
02_07_2026_14_35,24173.4,27038.7,1519.5,12491.8,26962.2,15445.8
02_07_2026_14_40,24176.8,27056.6,1520.45,12492.4,26986,15449.2
02_07_2026_14_45,24182.7,27066.9,1521.7,12485.7,26991.6,15456.3
02_07_2026_14_50,24182.8,27071,1521.7,12484.5,26966,15451.7
02_07_2026_14_55,24190.8,27089.4,1521.4,12493.5,26935.9,15456.8
02_07_2026_15_00,24171.9,27062.2,1521.2,12500,26922.8,15445
02_07_2026_15_05,24178.9,27084.8,1521.45,12502.2,26941,15454
02_07_2026_15_10,24176.5,27112.6,1519.85,12499.4,26958.4,15454.4
02_07_2026_15_15,24156,27097.3,1519,12497.3,26956.9,15447
02_07_2026_15_20,24167.2,27120.2,1517.2,12495,27015.8,15449.7
02_07_2026_15_25,24167.2,27122,1519.35,12507.8,26994.7,15445.8
03_07_2026_09_15,24302.6,27144.2,1525.2,12704.2,27496.6,15501.5
03_07_2026_09_20,24335.1,27101.2,1526,12682.2,27482.3,15514
03_07_2026_09_25,24347.8,27073.8,1521.9,12711,27521.2,15504.7
03_07_2026_09_30,24355.7,27091.8,1523.55,12725,27457.8,15511.5
03_07_2026_09_35,24359.5,27095.3,1522.9,12734.5,27448.4,15507
03_07_2026_09_40,24336.8,27092.8,1518.8,12729.5,27302.2,15503.1
03_07_2026_09_45,24329.9,27039.9,1518.55,12713.1,27320.4,15488.4
03_07_2026_09_50,24337,27059.8,1518.7,12721.5,27346.2,15491.7
03_07_2026_09_55,24333.2,27056.1,1521.1,12717.9,27419.2,15484.5
03_07_2026_10_00,24315.2,27061.8,1522.8,12689.4,27395.4,15479.2
03_07_2026_10_05,24337.5,27094.8,1521.95,12701.8,27440.1,15487.8
03_07_2026_10_10,24330.6,27129,1522.3,12692.7,27454.7,15492.6
03_07_2026_10_15,24326.7,27119,1521.65,12658.5,27417.7,15493.5
03_07_2026_10_20,24339.4,27157.2,1519.45,12660.2,27398.6,15504.9
03_07_2026_10_25,24345.1,27184.1,1521.45,12648.2,27413.1,15512.4
03_07_2026_10_30,24344.7,27185.2,1519.95,12629.2,27468.8,15515
03_07_2026_10_35,24340.2,27167.4,1520.05,12615.9,27514.9,15510.7
03_07_2026_10_40,24340.3,27180.2,1520,12614,27473.6,15504.7
03_07_2026_10_45,24347.1,27192.6,1520.5,12624.1,27518.6,15510.8
03_07_2026_10_50,24346.8,27184.8,1520.3,12610.7,27557.1,15506.6
03_07_2026_10_55,24340.8,27143.3,1519.95,12607.3,27567.8,15498.4
03_07_2026_11_00,24346.5,27130.9,1518.4,12605.5,27692.1,15495.7
03_07_2026_11_05,24332.4,27123.7,1519.15,12611,27665,15486.8
03_07_2026_11_10,24322.7,27118.2,1518.8,12613.5,27635.2,15482.3
03_07_2026_11_15,24330.2,27135.2,1518.75,12619.2,27656.3,15483.8
03_07_2026_11_20,24324.6,27142.2,1518.65,12619.7,27614.9,15478.2
03_07_2026_11_25,24328.3,27115.1,1519.55,12609.5,27644.3,15476.8
03_07_2026_11_30,24327.8,27114.7,1519.25,12609.8,27637.8,15478.4
03_07_2026_11_35,24335.7,27129.5,1518.55,12619.2,27676.2,15483.1
03_07_2026_11_40,24338.2,27119.6,1518.25,12626,27681.9,15485.8
03_07_2026_11_45,24337.6,27123.9,1519.1,12632.2,27659.2,15484.8
03_07_2026_11_50,24347.2,27141.1,1519.1,12645.8,27665.4,15500.4
03_07_2026_11_55,24353.4,27167.4,1517.85,12652.6,27569.4,15508
03_07_2026_12_00,24357.8,27151.4,1518,12637.1,27565.4,15506.3
03_07_2026_12_05,24364.4,27133.9,1518.95,12637,27614.8,15509.3
03_07_2026_12_10,24369.7,27135.2,1519.95,12638.5,27631.7,15509.2
03_07_2026_12_15,24366.9,27104.7,1520.2,12626.5,27675.4,15506.3
03_07_2026_12_20,24360.8,27103.2,1519.85,12616.5,27747.2,15494.4
03_07_2026_12_25,24362.2,27110.6,1519.85,12624.5,27720.1,15500.2
03_07_2026_12_30,24351.9,27103.8,1518.75,12624.4,27693.3,15492.2
03_07_2026_12_35,24349.7,27104.8,1519.25,12617,27636.2,15486.2
03_07_2026_12_40,24345.6,27100,1520.7,12613.3,27633.8,15488.3
03_07_2026_12_45,24354.2,27102.3,1521.95,12644.9,27646,15490
03_07_2026_12_50,24354.8,27116.3,1519.95,12645.8,27626.2,15490.8
03_07_2026_12_55,24353.4,27113.7,1519.4,12648.3,27618.4,15489.7
03_07_2026_13_00,24336.9,27088.2,1517.1,12644.5,27614.3,15479.7
03_07_2026_13_05,24319.2,27045.4,1514.9,12639.2,27594.2,15463.6
03_07_2026_13_10,24324.3,27061.1,1514.45,12643.1,27592.2,15473.2
03_07_2026_13_15,24315.7,27068.7,1514.8,12643.2,27603.7,15470.2
03_07_2026_13_20,24311.2,27074,1515.45,12645.8,27511.1,15472
03_07_2026_13_25,24305.9,27083.4,1514.45,12630,27485,15471
03_07_2026_13_30,24291.8,27078.3,1514.4,12625.8,27475.5,15465
03_07_2026_13_35,24289.8,27084.2,1513.6,12624.2,27480.9,15461
03_07_2026_13_40,24288.9,27030.4,1513.45,12621.7,27471.5,15458.3
03_07_2026_13_45,24292.3,27039.4,1513.65,12625.7,27465.2,15458
03_07_2026_13_50,24295.1,27038,1513.95,12622.6,27455.8,15458.8
03_07_2026_13_55,24285.4,27033.9,1514.15,12621,27441,15449.8
03_07_2026_14_00,24279.7,27031.2,1515,12606.2,27449.6,15446.5
03_07_2026_14_05,24291.2,27036.9,1515,12609.3,27465.2,15455.2
03_07_2026_14_10,24287.4,27021.3,1514.6,12595.5,27454.2,15455.1
03_07_2026_14_15,24276.9,27009.8,1515.1,12592.6,27466.9,15450.7
03_07_2026_14_20,24271.5,26995.8,1513.85,12599,27467.1,15448.3
03_07_2026_14_25,24267.8,27009.8,1513.75,12595.2,27459.9,15443.5
03_07_2026_14_30,24279.8,27022.3,1514.8,12603.1,27443.7,15454.8
03_07_2026_14_35,24279.1,26979.4,1514.6,12593.8,27440.8,15451.6
03_07_2026_14_40,24271.7,26977.3,1514.9,12588,27429.5,15450.5
03_07_2026_14_45,24278.9,26985.8,1515.45,12600.6,27454.7,15457.1
03_07_2026_14_50,24261.7,26967.2,1515.25,12589.2,27459.6,15445.4
03_07_2026_14_55,24256.2,26958.7,1514.65,12583,27447.1,15441
03_07_2026_15_00,24273.7,26991.8,1514.6,12595.2,27460.3,15458.5
03_07_2026_15_05,24279.3,26993.6,1516.05,12601.7,27447.1,15462.9
03_07_2026_15_10,24272.1,26993.5,1512.2,12596.2,27438.1,15458.7
03_07_2026_15_15,24268.1,26986.3,1512.5,12591.8,27427.9,15454.1
03_07_2026_15_20,24264.2,26979.2,1508.95,12597.8,27422.1,15452.5
03_07_2026_15_25,24271.2,26981.1,1511.9,12604.7,27416.5,15454.8
06_07_2026_09_15,24354.3,27029.4,1507.55,12671.8,27322.8,15474.8
06_07_2026_09_20,24344.2,27001.1,1504.5,12629.8,27391.8,15467.8
06_07_2026_09_25,24352.5,27091.3,1504.3,12634.1,27447.6,15479.2
06_07_2026_09_30,24369.3,27086.8,1502.35,12655,27400.3,15483.9
06_07_2026_09_35,24372.3,27093.5,1503,12665.5,27411.6,15485.7
06_07_2026_09_40,24368.9,27092.4,1503.85,12707.8,27431.6,15482.5
06_07_2026_09_45,24382,27112.3,1503.6,12692.5,27343.2,15494.8
06_07_2026_09_50,24382,27132.3,1506,12702.2,27299.6,15502.2
06_07_2026_09_55,24384.7,27181,1505.95,12692,27254.8,15504.3
06_07_2026_10_00,24382.8,27159.8,1508.9,12692.4,27185.3,15504.7
06_07_2026_10_05,24382.7,27171.8,1510.9,12687.5,27169.3,15508.5
06_07_2026_10_10,24370.2,27168.7,1508.05,12697.3,27154.3,15507.3
06_07_2026_10_15,24390.4,27239.8,1509.95,12720.2,27242.3,15524.8
06_07_2026_10_20,24397.2,27243.1,1509.2,12723,27270.9,15528.5
06_07_2026_10_25,24405.9,27245.9,1508,12715.9,27296.6,15531
06_07_2026_10_30,24402.2,27241.1,1507.15,12696.4,27289.7,15527.3
06_07_2026_10_35,24393.7,27270.2,1506.5,12718.5,27233.8,15536.8
06_07_2026_10_40,24403.1,27290.2,1505.5,12713,27211.9,15537.5
06_07_2026_10_45,24416.2,27297.8,1505.35,12714.3,27239.2,15543
06_07_2026_10_50,24413.5,27278.2,1504.6,12713.5,27235.5,15535.3
06_07_2026_10_55,24424,27269.2,1502.25,12703.9,27250.6,15532.7
06_07_2026_11_00,24417.9,27344.1,1503.8,12708.5,27235.4,15546.2
06_07_2026_11_05,24414.5,27368.7,1500.35,12705.5,27172.8,15550.1
06_07_2026_11_10,24415.8,27338.2,1499.8,12701.8,27195.8,15544.8
06_07_2026_11_15,24405.6,27348.1,1500.4,12701.2,27206.9,15541.1
06_07_2026_11_20,24423.2,27362.1,1499.75,12722.2,27204.2,15549.5
06_07_2026_11_25,24419.2,27375.8,1498.8,12715.6,27198.7,15550.9
06_07_2026_11_30,24418.8,27345.8,1498.75,12710.3,27190.1,15548.8
06_07_2026_11_35,24418.3,27358.7,1498.85,12711.7,27241.6,15549.4
06_07_2026_11_40,24417.3,27356.8,1500.05,12713.6,27213.3,15557.2
06_07_2026_11_45,24420.5,27325.6,1500.6,12708.7,27237.6,15549.1
06_07_2026_11_50,24415.3,27311.8,1495.9,12699.9,27233.6,15544.7
06_07_2026_11_55,24425.2,27323.5,1496,12712.2,27217.6,15553.5
06_07_2026_12_00,24427.7,27318.8,1496.2,12722.8,27208.7,15550.8
06_07_2026_12_05,24430.3,27312.9,1496.1,12717.7,27168.7,15550.6
06_07_2026_12_10,24443.2,27316.8,1494.75,12717.5,27168.7,15558.5
06_07_2026_12_15,24442.4,27312.9,1491,12704.5,27199.3,15554.1
06_07_2026_12_20,24441.1,27307.7,1490.95,12703.2,27205.6,15553.6
06_07_2026_12_25,24441.2,27325.9,1491.45,12700.1,27189.3,15560.3
06_07_2026_12_30,24450.8,27314.8,1489.95,12711.7,27200.8,15561.3
06_07_2026_12_35,24440.5,27306.8,1489.9,12704.7,27198.1,15551.7
06_07_2026_12_40,24444.3,27312.8,1491.05,12704.2,27215.2,15553.7
06_07_2026_12_45,24436.8,27293.9,1490.45,12710.8,27204.1,15557
06_07_2026_12_50,24430.5,27294.5,1490.25,12706,27199.1,15553.8
06_07_2026_12_55,24439.2,27310.3,1490.9,12704.5,27204.2,15559.5
06_07_2026_13_00,24442.6,27310.8,1492,12705.6,27215.2,15560.8
06_07_2026_13_05,24448.9,27309.2,1492.7,12703.1,27219.2,15561
06_07_2026_13_10,24449.2,27304.9,1492.7,12716.8,27202.3,15565.8
06_07_2026_13_15,24440.4,27291.8,1491.2,12728.2,27180.1,15567.4
06_07_2026_13_20,24442.6,27288.8,1491.55,12733.2,27205.3,15566.2
06_07_2026_13_25,24442.8,27293,1492.8,12736.3,27220.1,15565.5
06_07_2026_13_30,24438.5,27280.1,1493.1,12732,27222.6,15563.6
06_07_2026_13_35,24451.9,27300.7,1493.05,12732,27245.2,15568.3
06_07_2026_13_40,24437.6,27281.1,1492.6,12725.8,27240.2,15562.6
06_07_2026_13_45,24430.9,27280.3,1493.4,12718.3,27209.6,15558.4
06_07_2026_13_50,24416.5,27272,1494.65,12712.8,27175.8,15546.9
06_07_2026_13_55,24409.2,27259.8,1494.55,12704.9,27170.3,15535.2
06_07_2026_14_00,24417.2,27275.7,1494.6,12713.5,27155.7,15540.6
06_07_2026_14_05,24408.2,27283.4,1496.3,12705.3,27160.2,15532.8
06_07_2026_14_10,24400.8,27289.7,1496.1,12714.7,27147.9,15529.8
06_07_2026_14_15,24401.4,27280.7,1496.25,12713.2,27155.7,15528.8
06_07_2026_14_20,24410.4,27286.2,1496.4,12721.2,27163.8,15531.9
06_07_2026_14_25,24405.6,27287.7,1495.9,12717.5,27158.2,15529.5
06_07_2026_14_30,24409.4,27298.6,1495.3,12717.3,27145.6,15531
06_07_2026_14_35,24410.3,27301.3,1496.45,12719,27143,15534.2
06_07_2026_14_40,24397.1,27284.1,1497.35,12710.8,27133.8,15524.2
06_07_2026_14_45,24384.3,27290.3,1496.55,12704,27137.2,15518.8
06_07_2026_14_50,24409.9,27312.8,1495.85,12712.2,27212.2,15532.2
06_07_2026_14_55,24404.6,27321.1,1496.05,12719.8,27221.2,15530.2
06_07_2026_15_00,24428.3,27342.6,1495.65,12730.2,27252.8,15540.9
06_07_2026_15_05,24440.6,27362.3,1497.3,12726.2,27280.8,15550.5
06_07_2026_15_10,24437.2,27355.8,1497.6,12723.3,27280.9,15546.9
06_07_2026_15_15,24433.1,27355.4,1496.75,12716.5,27286.8,15547.4
06_07_2026_15_20,24437.5,27356.2,1497.95,12714.4,27307.9,15550
06_07_2026_15_25,24423.9,27351.9,1498.35,12706.6,27310.3,15545.4
07_07_2026_09_15,24460.7,27423.3,1496.55,12609.5,27623,15573.7
07_07_2026_09_20,24458.1,27411.9,1492.3,12616.4,27609.1,15574.5
07_07_2026_09_25,24455.8,27391.7,1493.25,12635.9,27600,15562
07_07_2026_09_30,24427.1,27326.2,1488.65,12602.8,27574.4,15533.2
07_07_2026_09_35,24439.2,27317.7,1487.8,12620.7,27655.5,15538
07_07_2026_09_40,24459.2,27316.2,1487.6,12622.2,27720.3,15540.5
07_07_2026_09_45,24465.6,27261.8,1486.1,12633.6,27751.1,15527.7
07_07_2026_09_50,24464,27261.3,1481.85,12627.4,27729.5,15530.4
07_07_2026_09_55,24475.6,27289.2,1483.1,12644.3,27762.8,15537
07_07_2026_10_00,24479,27309,1479.85,12636.3,27800.1,15536.5
07_07_2026_10_05,24489.2,27335.1,1480.3,12633.3,27848.4,15545.3
07_07_2026_10_10,24483.2,27356.3,1477.15,12611.8,27882.9,15539.3
07_07_2026_10_15,24494.8,27372.6,1477.6,12630.4,27874.7,15553
07_07_2026_10_20,24493.4,27350.8,1476.55,12621.2,27971.3,15544.5
07_07_2026_10_25,24490.4,27335.1,1474.4,12623.5,27938.2,15547
07_07_2026_10_30,24490.8,27352.2,1477.1,12630.8,27861.6,15561.3
07_07_2026_10_35,24484.8,27331.8,1478.45,12639.1,27805.9,15560.5
07_07_2026_10_40,24470.2,27277.1,1477.4,12604.3,27804.1,15545.6
07_07_2026_10_45,24488.9,27304.8,1477.1,12608.8,27825.8,15557.5
07_07_2026_10_50,24479.8,27279.3,1475.8,12611.5,27828.6,15549.5
07_07_2026_10_55,24480.8,27296.8,1475.55,12610.4,27843.6,15545.3
07_07_2026_11_00,24493.8,27318.6,1476.75,12606.5,27929.6,15554
07_07_2026_11_05,24504.6,27365.8,1476.5,12615.5,27949.1,15558.2
07_07_2026_11_10,24512.6,27397.8,1478.7,12615.9,28023.9,15563.8
07_07_2026_11_15,24506.5,27428,1478.65,12622.5,28010.7,15566.3
07_07_2026_11_20,24510.1,27431.7,1478.4,12623.3,28018.6,15565
07_07_2026_11_25,24519.6,27418.3,1478.2,12640.5,28039.5,15573
07_07_2026_11_30,24515.1,27409.3,1487.25,12633.4,28029,15569.3
07_07_2026_11_35,24516,27406.8,1488.6,12632.8,28038,15573.1
07_07_2026_11_40,24510.4,27350.3,1489.55,12631.5,28118.3,15562.7
07_07_2026_11_45,24506.1,27362,1491.2,12634.5,28096.8,15561.2
07_07_2026_11_50,24520.6,27374.6,1491.1,12618.8,28116.6,15569.7
07_07_2026_11_55,24524.6,27378.8,1491.35,12625.7,28116.3,15573.2
07_07_2026_12_00,24521.2,27373.8,1493.45,12610.6,28123.8,15572.1
07_07_2026_12_05,24518.9,27378.3,1491.75,12605.1,28111.3,15568.5
07_07_2026_12_10,24504.8,27367.5,1494.2,12602,28070.6,15562
07_07_2026_12_15,24486.7,27346.8,1494.4,12588.7,28091.2,15549.3
07_07_2026_12_20,24493.7,27330.7,1495.5,12593.4,28085.7,15556.2
07_07_2026_12_25,24493.1,27347.6,1495.2,12604.8,28021.8,15567.7
07_07_2026_12_30,24474,27321.5,1493.25,12596.8,27990.6,15550.5
07_07_2026_12_35,24464.6,27322.8,1493.75,12597.5,27981.9,15552.1
07_07_2026_12_40,24472.4,27324.7,1493.15,12607.5,27997.2,15552.5
07_07_2026_12_45,24468.6,27325.2,1491.8,12607.4,27976.3,15549.9
07_07_2026_12_50,24463.7,27320.3,1491.15,12607.5,27999.7,15547.9
07_07_2026_12_55,24468.6,27351.7,1491.45,12618,27987.8,15557.1
07_07_2026_13_00,24460.7,27330.9,1491.1,12599.6,27984.8,15552.3
07_07_2026_13_05,24449.2,27329.5,1491.4,12592.2,28000.3,15546.3
07_07_2026_13_10,24436.4,27327,1489.45,12583.5,27983.4,15540
07_07_2026_13_15,24424.8,27318.5,1487.5,12580.8,27968.7,15534.2
07_07_2026_13_20,24426.1,27334.8,1487.55,12584.2,27969.6,15536.9
07_07_2026_13_25,24443.1,27362.7,1488.85,12599.9,27979.2,15545.5
07_07_2026_13_30,24431.2,27358.1,1489.25,12584.2,27959.3,15541.8
07_07_2026_13_35,24426.4,27348.6,1488.4,12580.5,27966.7,15540.8
07_07_2026_13_40,24438.2,27374,1490.1,12580,27982.5,15551
07_07_2026_13_45,24435.6,27360.8,1490.35,12580.3,27994.7,15549.9
07_07_2026_13_50,24435.4,27377.5,1491.8,12582.2,28026.9,15558.2
07_07_2026_13_55,24452.2,27373.4,1490.75,12580.2,28048,15569.7
07_07_2026_14_00,24453.4,27387.7,1491.4,12580.2,28028.7,15570.4
07_07_2026_14_05,24463.7,27398.5,1492.05,12581.6,28069.8,15577.2
07_07_2026_14_10,24461.4,27394.9,1492.6,12584.8,28068,15577.7
07_07_2026_14_15,24456.4,27374.6,1492.4,12581.3,28058.1,15570.7
07_07_2026_14_20,24448.3,27362.7,1491,12575.7,28026.3,15567.6
07_07_2026_14_25,24453.6,27362.3,1490.7,12581.5,28015.6,15571.2
07_07_2026_14_30,24459,27372.8,1490.65,12588.7,28023.6,15579.8
07_07_2026_14_35,24465.8,27374.9,1490.8,12599.7,28000.2,15583.5
07_07_2026_14_40,24465.6,27373.9,1490.85,12595.1,27995.8,15583
07_07_2026_14_45,24466,27379.6,1490.2,12595.8,28010.8,15586.6
07_07_2026_14_50,24464.4,27386.9,1489.05,12606.8,27991.8,15587.3
07_07_2026_14_55,24456.1,27381.4,1488.2,12606.8,27980.8,15579.8
07_07_2026_15_00,24426.9,27387.7,1485.7,12596.6,27946.5,15566.5
07_07_2026_15_05,24405.1,27359.6,1490.65,12585,27927.4,15554.9
07_07_2026_15_10,24397.8,27343.3,1488.35,12583.1,27941.4,15547.5
07_07_2026_15_15,24389,27316.4,1486.9,12577,27949.6,15535.7
07_07_2026_15_20,24368.7,27314.3,1484.75,12572.7,27938.9,15530.7
07_07_2026_15_25,24355.1,27304.2,1484.85,12562.3,27940.8,15522.7
08_07_2026_09_15,24284.4,27146.7,1474.7,12532.2,27987.8,15434.8
08_07_2026_09_20,24246,27066.7,1475.2,12552.4,27997.9,15412
08_07_2026_09_25,24239.2,26981.7,1473.05,12568.7,28000.4,15393.3
08_07_2026_09_30,24220.1,26980.8,1473.9,12540.9,27946.8,15379.5
08_07_2026_09_35,24217.2,26988.4,1472.15,12537.5,27873.4,15374.8
08_07_2026_09_40,24226.2,27004.2,1472.7,12575.3,27887.6,15379.7
08_07_2026_09_45,24248.9,27060.2,1470,12572,27870.6,15392.3
08_07_2026_09_50,24251.1,27085,1468.35,12568.8,27808,15391.7
08_07_2026_09_55,24251.8,27059.8,1468.25,12595.2,27861.2,15391.6
08_07_2026_10_00,24241.3,27068.6,1469,12603.8,27832.1,15389.2
08_07_2026_10_05,24240.7,27068.7,1468.2,12612.2,27793.7,15390.2
08_07_2026_10_10,24238.2,27057.4,1470.3,12613.8,27848.7,15387
08_07_2026_10_15,24250.8,27080.9,1470.15,12618.8,27809.2,15397.9
08_07_2026_10_20,24224.2,27037.3,1470,12619.5,27792.2,15384.2
08_07_2026_10_25,24245.2,27060.9,1470.45,12653.5,27811.8,15397.3
08_07_2026_10_30,24254.2,27130.6,1471.05,12631.7,27794.2,15415.5
08_07_2026_10_35,24283.3,27171.4,1471.5,12645.6,27824.2,15432.2
08_07_2026_10_40,24279.2,27195.3,1472.4,12644.3,27825.4,15433
08_07_2026_10_45,24277.4,27189.6,1474.05,12633.9,27781.2,15429.7
08_07_2026_10_50,24273.2,27180.6,1472.7,12620.1,27816.4,15426
08_07_2026_10_55,24293.5,27232.1,1472.85,12622.3,27859.7,15441.2
08_07_2026_11_00,24288.8,27206.6,1471.85,12629.6,27849.4,15445.6
08_07_2026_11_05,24290.2,27218.8,1471.75,12632.5,27836.1,15452.8
08_07_2026_11_10,24290.6,27212.8,1474.55,12623,27857.4,15456.1
08_07_2026_11_15,24282.7,27194.3,1473.85,12618.3,27955.9,15447.8
08_07_2026_11_20,24286.5,27209.4,1474.25,12612.4,27920.7,15456.8
08_07_2026_11_25,24285.2,27264.3,1473.25,12616,27878.8,15461.8
08_07_2026_11_30,24269.5,27227.3,1472.3,12613,27871.8,15451.3
08_07_2026_11_35,24267.2,27218.1,1470.95,12613.7,27853.1,15449.1
08_07_2026_11_40,24259,27219.8,1470.7,12605.7,27821.6,15448
08_07_2026_11_45,24251.2,27220.6,1470.65,12621.6,27820.9,15443.5
08_07_2026_11_50,24252.8,27204.2,1470.1,12616.2,27840,15444.1
08_07_2026_11_55,24248.9,27174.7,1470.75,12623.4,27861.6,15438.4
08_07_2026_12_00,24234.9,27187.7,1470.5,12613.5,27841.1,15433.1
08_07_2026_12_05,24226.9,27199.9,1470.2,12606.9,27832.7,15427.5
08_07_2026_12_10,24222.4,27203.7,1468.75,12606.2,27834.8,15424.6
08_07_2026_12_15,24230.5,27225.9,1469.95,12614,27869.4,15428.7
08_07_2026_12_20,24206,27185.6,1469.75,12599.3,27822.6,15413.5
08_07_2026_12_25,24206.6,27191.9,1468.05,12592.7,27834.2,15413.3
08_07_2026_12_30,24195.4,27197,1467.4,12587.4,27811.6,15410.8
08_07_2026_12_35,24191.8,27187.4,1467.1,12583.4,27796.2,15411
08_07_2026_12_40,24204.7,27227.1,1467.95,12591.3,27806.7,15420.5
08_07_2026_12_45,24204.6,27241.8,1470.3,12595.3,27790.9,15422.5
08_07_2026_12_50,24219.3,27264.7,1474.35,12614,27767.8,15429.5
08_07_2026_12_55,24215.9,27287.1,1475.1,12606.5,27776.8,15432.5
08_07_2026_13_00,24225.2,27300.2,1480.4,12611.8,27760.3,15434.5
08_07_2026_13_05,24218.8,27330.7,1480.6,12599.8,27753.2,15435.7
08_07_2026_13_10,24216.9,27329.9,1478.75,12605.2,27762.2,15434.5
08_07_2026_13_15,24224.4,27331.6,1480.3,12605.7,27799.9,15434
08_07_2026_13_20,24225.7,27323.2,1482.8,12603.2,27799.9,15429
08_07_2026_13_25,24216.3,27301.3,1482.15,12599.2,27791,15426.1
08_07_2026_13_30,24208.8,27282.7,1480.8,12596.8,27792.6,15422.3
08_07_2026_13_35,24214.2,27286.9,1479.35,12601.1,27788.8,15426.1
08_07_2026_13_40,24205.2,27268.2,1480.15,12594.1,27808.8,15425.4
08_07_2026_13_45,24120.2,27159.9,1476.95,12557.1,27738.8,15371.8
08_07_2026_13_50,24064.2,27039.3,1471.7,12537.7,27708.8,15319.7
08_07_2026_13_55,24009.6,26973.6,1465.5,12518.2,27662.4,15277.5
08_07_2026_14_00,23976.4,26923.6,1461.6,12509.4,27644.3,15248
08_07_2026_14_05,23923.8,26833.6,1458.4,12464,27599.6,15211.5
08_07_2026_14_10,23897.6,26770.8,1454.6,12437.5,27552.6,15190.4
08_07_2026_14_15,23912.4,26781.4,1453.35,12450,27563.1,15199
08_07_2026_14_20,23905.3,26799.4,1453.35,12453.9,27572.4,15199.7
08_07_2026_14_25,23874.4,26762.1,1451.45,12432.5,27523.8,15182.3
08_07_2026_14_30,23882.7,26770.4,1450.95,12437.2,27517.7,15190.2
08_07_2026_14_35,23859.3,26720.3,1450.7,12428.5,27499.7,15168.2
08_07_2026_14_40,23863.2,26724.6,1452.3,12430,27525.4,15170.7
08_07_2026_14_45,23840.6,26673.2,1449,12426.3,27497,15154
08_07_2026_14_50,23820.7,26645.8,1447.9,12415.5,27489.8,15135.1
08_07_2026_14_55,23828.7,26652.4,1449.9,12406.8,27490.8,15141.2
08_07_2026_15_00,23854.2,26684.8,1453.25,12426.1,27514.3,15161.8
08_07_2026_15_05,23861.5,26688.7,1454.35,12435.6,27522.7,15158.3
08_07_2026_15_10,23883.3,26710.8,1453.95,12446.9,27586.6,15174
08_07_2026_15_15,23903,26773.2,1452.6,12486.5,27559.2,15201.2
08_07_2026_15_20,23900.9,26779.9,1451.9,12496.1,27551.6,15203.2
08_07_2026_15_25,23895.7,26775.1,1451,12501.2,27542.2,15197.8
09_07_2026_09_15,23993.4,26899.3,1455.95,12475.7,27075.8,15284.7
09_07_2026_09_20,24024.3,26905,1463.45,12477.2,27207.8,15284.5
09_07_2026_09_25,24024.2,26863.3,1466,12469.9,27164.8,15289.8
09_07_2026_09_30,24037.8,26843.8,1469.35,12460.3,27262.2,15292.7
09_07_2026_09_35,24050.7,26826.4,1470.55,12455.2,27273.1,15300.4
09_07_2026_09_40,24047.2,26788.1,1472,12431.5,27301.6,15296.3
09_07_2026_09_45,24044.3,26802.3,1472.15,12442,27246.3,15303.7
09_07_2026_09_50,24049.3,26803.1,1472.85,12433.3,27251.7,15310.5
09_07_2026_09_55,24044.7,26798.6,1473.85,12429.3,27308.6,15302.7
09_07_2026_10_00,24052.3,26793.8,1474.7,12470.7,27321.8,15306.5
09_07_2026_10_05,24065.6,26786.2,1475.8,12478,27351.1,15322.5
09_07_2026_10_10,24044.2,26728.1,1477.25,12462.5,27329.2,15317
09_07_2026_10_15,24034.1,26762.9,1478,12457.2,27310.2,15315.8
09_07_2026_10_20,24055.3,26783.2,1477.6,12457.8,27383.7,15317.1
09_07_2026_10_25,24042.8,26744.8,1480.3,12453.5,27383.4,15308.4
09_07_2026_10_30,24040.2,26702.2,1479.35,12456.2,27465.1,15299.6
09_07_2026_10_35,24039.4,26715.3,1478.35,12448.1,27401.6,15300.7
09_07_2026_10_40,24077.4,26736.7,1480.9,12476.3,27413.1,15327.7
09_07_2026_10_45,24015.6,26699.5,1478.5,12450.5,27343.9,15303.8
09_07_2026_10_50,24033.1,26704.1,1478.2,12462.8,27346.1,15315.9
09_07_2026_10_55,24013.9,26661.4,1477.85,12450,27335.1,15297.2
09_07_2026_11_00,24019.3,26643.1,1477.45,12442.7,27333.2,15297.2
09_07_2026_11_05,24010.8,26644.3,1479.25,12448,27316.7,15295
09_07_2026_11_10,24015.2,26683.6,1478.3,12441.5,27319,15305.2
09_07_2026_11_15,24027.7,26764.3,1479.4,12446.2,27336.1,15316.9
09_07_2026_11_20,24039.7,26776,1479.1,12449.8,27344.6,15328.3
09_07_2026_11_25,24079.8,26794.9,1481.25,12478.2,27345.8,15353
09_07_2026_11_30,24061.4,26781.4,1481.3,12477.3,27343.5,15342.8
09_07_2026_11_35,24053.3,26783.8,1478.25,12485.7,27335.7,15344
09_07_2026_11_40,24056.4,26762.6,1480.6,12487,27409.3,15338
09_07_2026_11_45,24048.6,26777.6,1480.65,12508,27436.7,15339.3
09_07_2026_11_50,24047.1,26775.9,1481.75,12499.4,27449.2,15336.5
09_07_2026_11_55,24047.7,26782.5,1482.45,12514.8,27470.2,15345.2
09_07_2026_12_00,24073.9,26805.4,1484.95,12519.3,27496.6,15356.2
09_07_2026_12_05,24065.7,26810.4,1487.2,12516,27484,15352.8
09_07_2026_12_10,24060.4,26811.1,1489.45,12515.9,27455.9,15346.7
09_07_2026_12_15,24057.2,26808.7,1491.65,12515.3,27472.5,15341.7
09_07_2026_12_20,24065.2,26814.2,1489.25,12517.2,27492.8,15343.5
09_07_2026_12_25,24063.3,26815.3,1489.45,12528.1,27492,15348.2
09_07_2026_12_30,24044.1,26751.9,1487.2,12526.5,27475.3,15338.7
09_07_2026_12_35,24038.1,26737.7,1488.9,12526.5,27475.9,15330.4
09_07_2026_12_40,24023.3,26751.1,1487.7,12520.5,27492.7,15319.9
09_07_2026_12_45,24035.6,26746.8,1486.9,12535.5,27623.4,15319.5
09_07_2026_12_50,24049.5,26748.5,1488.4,12544.5,27614.9,15325.2
09_07_2026_12_55,24038.4,26748.8,1488.15,12538.8,27580.1,15323.7
09_07_2026_13_00,24046,26757.9,1487.95,12541.5,27599.6,15323.7
09_07_2026_13_05,24047.3,26749.4,1487.5,12547,27582.1,15317.2
09_07_2026_13_10,24051.7,26772.1,1488.3,12558.3,27563.8,15321.7
09_07_2026_13_15,24052.3,26771.4,1488.15,12551.2,27606.4,15321.7
09_07_2026_13_20,24037.4,26763.8,1486.75,12547.2,27574.8,15313.2
09_07_2026_13_25,24035.6,26749.2,1486.4,12542.2,27552.7,15309.7
09_07_2026_13_30,24060.8,26784.7,1487.05,12563.2,27586.8,15326.8
09_07_2026_13_35,24074.1,26816.9,1487.65,12571,27609.2,15338
09_07_2026_13_40,24069.3,26797.8,1486.8,12565,27584.8,15335.9
09_07_2026_13_45,24065.3,26785,1486.15,12548.2,27571.1,15336.3
09_07_2026_13_50,24054.1,26764.6,1486.7,12540.2,27563.2,15329.8
09_07_2026_13_55,24050.1,26760.3,1486.75,12543.2,27575.7,15326
09_07_2026_14_00,24046.7,26774.1,1486.35,12544.9,27568.5,15328
09_07_2026_14_05,24038.7,26783.1,1485.4,12537.1,27561.2,15327
09_07_2026_14_10,24049,26787.1,1490.35,12539,27604.8,15331.3
09_07_2026_14_15,24041.2,26772.1,1488.65,12536.9,27598.7,15328.5
09_07_2026_14_20,24051.3,26780.8,1487.05,12542.6,27596.2,15331
09_07_2026_14_25,24058.8,26784.2,1487.8,12536.3,27600.3,15331.2
09_07_2026_14_30,24067.8,26803.1,1489.35,12536.7,27629.8,15334.8
09_07_2026_14_35,24043.1,26779.2,1487.45,12521.5,27587.3,15321.7
09_07_2026_14_40,24026.2,26760.4,1486.3,12527,27582.9,15308.5
09_07_2026_14_45,24018.3,26749,1485.65,12521.2,27573.5,15306.5
09_07_2026_14_50,24033.2,26742.4,1486.1,12522.8,27584.3,15314.2
09_07_2026_14_55,24039.7,26730.8,1485.7,12530.7,27596.6,15319
09_07_2026_15_00,23968.7,26686.9,1481.4,12504.8,27473.8,15278.2
09_07_2026_15_05,23956,26687,1479.7,12497.5,27432.2,15271
09_07_2026_15_10,23940.5,26670.7,1480.6,12488,27411,15261.2
09_07_2026_15_15,23958.1,26667.2,1481.45,12508.5,27454.2,15268.3
09_07_2026_15_20,23969.7,26670.9,1483.15,12509.9,27496.5,15267.9
09_07_2026_15_25,23981.9,26685.4,1485.5,12497,27564.5,15280.8
10_07_2026_09_15,24162.7,26833.9,1494,12682.5,28369.8,15360.7
10_07_2026_09_20,24174.8,26862.3,1493.35,12677,28137.5,15368.8
10_07_2026_09_25,24168.4,26871.6,1491.65,12696.5,28017.8,15370.2
10_07_2026_09_30,24186,26950.8,1494.55,12699.2,27898.8,15393.8
10_07_2026_09_35,24192.2,26931.9,1495.7,12704,28007.7,15388.8
10_07_2026_09_40,24195.1,26930.7,1498.15,12716.7,27985.1,15387.2
10_07_2026_09_45,24208.3,26905.2,1502.95,12756.2,27998.9,15395.8
10_07_2026_09_50,24201.7,26906.8,1504.4,12772.3,27969.4,15391.3
10_07_2026_09_55,24216.8,26923.3,1501.75,12798.4,28009.3,15404.1
10_07_2026_10_00,24208.4,26928.9,1500.25,12821.1,28042.9,15401.6
10_07_2026_10_05,24210.8,26925.7,1500.7,12796.8,28012.9,15406
10_07_2026_10_10,24211.2,26923.4,1502.8,12799.8,28035.3,15406
10_07_2026_10_15,24211.7,26925.7,1504.85,12786.2,28027.2,15403.2
10_07_2026_10_20,24207.6,26899.2,1502.25,12790.9,28009.6,15404.8
10_07_2026_10_25,24203.3,26890.2,1500.75,12768.2,28019,15402.2
10_07_2026_10_30,24194.2,26870.4,1501.35,12760.3,27976,15395.7
10_07_2026_10_35,24195.4,26847.3,1501.55,12771.3,27969.8,15389.5
10_07_2026_10_40,24210.8,26851,1500.55,12760.2,28029.4,15397.5
10_07_2026_10_45,24205.2,26811.8,1500.15,12768.7,27991.7,15388.9
10_07_2026_10_50,24205.9,26832.9,1499.85,12765.3,27980.2,15389.7
10_07_2026_10_55,24199.1,26824.6,1499.85,12767.2,27972.5,15389
10_07_2026_11_00,24197.1,26823.9,1499.1,12758.8,27971.9,15388
10_07_2026_11_05,24183.8,26811.4,1498.4,12750.2,27983.4,15376.8
10_07_2026_11_10,24180,26810.2,1497.2,12742.4,27938.8,15380.5
10_07_2026_11_15,24173.3,26807.9,1495.25,12739,27952.2,15372
10_07_2026_11_20,24175.6,26806.4,1495.15,12729.8,27975.9,15372.1
10_07_2026_11_25,24157.8,26802.2,1494.95,12717.7,27962.7,15365
10_07_2026_11_30,24167.2,26832.4,1495,12714.5,27991.3,15366.5
10_07_2026_11_35,24162.3,26824.8,1494.6,12710.5,27964.6,15363.8
10_07_2026_11_40,24163.1,26825.2,1493.7,12701.5,27977.2,15360.5
10_07_2026_11_45,24175.7,26849.8,1494.05,12711.5,27960.4,15374
10_07_2026_11_50,24157.3,26844.5,1492.85,12700,27880.6,15367.2
10_07_2026_11_55,24170.4,26842.2,1493.95,12716.7,27879.8,15368.8
10_07_2026_12_00,24178.8,26868.2,1493.4,12715.9,27915.4,15371.8
10_07_2026_12_05,24176.1,26860.5,1493.95,12724.5,27951.4,15372.5
10_07_2026_12_10,24164.8,26854.8,1493.2,12718,27976.7,15369.8
10_07_2026_12_15,24164.2,26852.3,1496.25,12714.3,27995.2,15370.5
10_07_2026_12_20,24172.8,26865.4,1494.8,12707,28021.8,15370.3
10_07_2026_12_25,24189.2,26880.5,1494.8,12722.3,28015.8,15379.8
10_07_2026_12_30,24183.8,26866.8,1494.4,12714.5,28013.4,15375.7
10_07_2026_12_35,24183.2,26847.4,1493.55,12710,28004.4,15374
10_07_2026_12_40,24188.2,26853.8,1493.7,12715.6,27961.1,15391
10_07_2026_12_45,24188.1,26851.2,1494.05,12721.5,27941,15395.8
10_07_2026_12_50,24189,26839.8,1492.55,12721.2,27952.8,15389.4
10_07_2026_12_55,24181.3,26830.8,1493.05,12717.6,27963.2,15387.6
10_07_2026_13_00,24197.2,26833.5,1493.65,12731.2,27996.6,15399.2
10_07_2026_13_05,24181.6,26805.6,1493.15,12716.7,27982.2,15394
10_07_2026_13_10,24185.8,26807.3,1493.85,12717,27986.1,15392.7
10_07_2026_13_15,24172.6,26797.9,1493.2,12695,27957.7,15383.3
10_07_2026_13_20,24164,26789.6,1492.1,12699.6,27943.4,15375
10_07_2026_13_25,24176.6,26812.7,1492.05,12701.5,27976.2,15380.2
10_07_2026_13_30,24185.4,26823.3,1491.95,12701.2,27973.1,15383
10_07_2026_13_35,24196.1,26840.3,1493.4,12693.8,28000.8,15390.5
10_07_2026_13_40,24196.8,26843.8,1492.45,12702.4,27988.8,15391.5
10_07_2026_13_45,24192.7,26839.1,1489.8,12705.6,27968.1,15388.1
10_07_2026_13_50,24194.5,26857.6,1489.85,12709.8,27962,15399.3
10_07_2026_13_55,24193.3,26874.1,1490.95,12697.2,27955.2,15399.2
10_07_2026_14_00,24192.8,26898,1492.5,12694.3,27964.7,15404
10_07_2026_14_05,24177.4,26859.7,1492.4,12689.1,27973.3,15391.3
10_07_2026_14_10,24186.4,26867.7,1491.55,12695,27961.2,15395.3
10_07_2026_14_15,24189.1,26872.7,1491,12691,27965.8,15399.3
10_07_2026_14_20,24202.1,26874.9,1491.2,12693.7,27981.1,15406.1
10_07_2026_14_25,24212.3,26888.9,1490.05,12691.9,27999.2,15405.9
10_07_2026_14_30,24204.8,26889.1,1488.15,12686.1,28001.7,15404.5
10_07_2026_14_35,24212.3,26881.9,1487,12683.9,28026.1,15403.3
10_07_2026_14_40,24208.5,26883.4,1486.4,12690.1,28001.2,15406
10_07_2026_14_45,24220.1,26877.2,1488.05,12690.2,27998.3,15411.7
10_07_2026_14_50,24201.7,26849.2,1487.45,12680.2,27990.5,15407.9
10_07_2026_14_55,24198.4,26849.4,1487.85,12681.5,27995.2,15407.1
10_07_2026_15_00,24198.6,26860.2,1484.9,12686.3,27967.1,15407.7
10_07_2026_15_05,24211.2,26873.8,1484.45,12685.3,28035.6,15411.9
10_07_2026_15_10,24208.7,26861.9,1486.05,12690.7,28021.4,15410
10_07_2026_15_15,24203.9,26854.8,1484.9,12683.3,28020,15402.5
10_07_2026_15_20,24209.1,26863.9,1482.9,12693.8,28013.2,15409.8
10_07_2026_15_25,24211.7,26867.1,1481.9,12691.8,28022.4,15411
13_07_2026_09_15,24027.4,26611.9,1480.85,12547.3,28183.9,15283.2
13_07_2026_09_20,24023.5,26613.7,1488.4,12565.6,28022.1,15288
13_07_2026_09_25,24027.4,26607.6,1492.65,12572.6,27987.5,15302
13_07_2026_09_30,24028.1,26561.8,1492.6,12557.3,27987.6,15293.7
13_07_2026_09_35,24067.9,26626.8,1489.15,12578.9,28151.4,15317.2
13_07_2026_09_40,24075,26628.6,1491.7,12574.2,28143.2,15329.6
13_07_2026_09_45,24107.4,26645.2,1490.3,12586.2,28247.9,15340.2
13_07_2026_09_50,24116,26650.1,1489.6,12589,28225.4,15339.4
13_07_2026_09_55,24121.2,26677,1488.55,12595.1,28205.7,15346.2
13_07_2026_10_00,24110.1,26692.3,1486.85,12599.5,28217.9,15348.8
13_07_2026_10_05,24109.3,26725.2,1486.45,12597.5,28181.2,15347.7
13_07_2026_10_10,24114.2,26735.9,1487.6,12593.9,28171.8,15347.7
13_07_2026_10_15,24113.8,26730.6,1489.05,12588.8,28186.8,15351
13_07_2026_10_20,24119.1,26745.3,1492.5,12579.2,28177.1,15352.7
13_07_2026_10_25,24145.8,26775.2,1491.55,12576.8,28277.4,15361.8
13_07_2026_10_30,24154.8,26843.9,1494.2,12592.8,28287.4,15374.8
13_07_2026_10_35,24134.5,26822.2,1493.65,12583.8,28306.3,15365
13_07_2026_10_40,24141.7,26834.3,1498.3,12585,28327.8,15367.1
13_07_2026_10_45,24137.3,26800.1,1495.9,12574.8,28467.2,15355.8
13_07_2026_10_50,24123.2,26781.8,1499.55,12552.5,28515.9,15344.3
13_07_2026_10_55,24132.6,26822.3,1498.3,12559.7,28520.4,15352.2
13_07_2026_11_00,24139.9,26818.2,1498.4,12571.5,28550.9,15351.7
13_07_2026_11_05,24144.4,26827.9,1500.75,12578.2,28565.3,15351.1
13_07_2026_11_10,24146.7,26848.9,1500.55,12572,28622.8,15352.7
13_07_2026_11_15,24137.6,26879.5,1499.65,12560.8,28640.2,15348.8
13_07_2026_11_20,24146.7,26972.2,1500.2,12558,28587.7,15360
13_07_2026_11_25,24138.2,26933.1,1499.05,12538.8,28614.8,15353.3
13_07_2026_11_30,24148.3,26918.4,1499.3,12544,28674.5,15359.2
13_07_2026_11_35,24136,26920.9,1498.5,12538.1,28629.4,15352.9
13_07_2026_11_40,24130.7,26891.2,1498.8,12534.7,28664.6,15347.2
13_07_2026_11_45,24144.8,26876.3,1497,12540.8,28743.2,15343
13_07_2026_11_50,24142.1,26870.8,1497.3,12529.8,28820.9,15341
13_07_2026_11_55,24140.5,26877.2,1495.85,12513.2,28937.5,15344.2
13_07_2026_12_00,24154.2,26896.8,1497.05,12528.7,28984.8,15346.7
13_07_2026_12_05,24156.7,26885.8,1499.35,12523.1,29010.2,15344
13_07_2026_12_10,24182,26888.2,1501.85,12540.5,29053.8,15354
13_07_2026_12_15,24190.7,26891.6,1504.9,12550,29017.4,15357.8
13_07_2026_12_20,24183.9,26909.3,1502.25,12535.5,29045.2,15356.2
13_07_2026_12_25,24181.8,26864.3,1500.95,12544.2,29002.4,15353.3
13_07_2026_12_30,24200.8,26853.4,1500.5,12544.5,29160.9,15353.2
13_07_2026_12_35,24212.1,26878.8,1501.05,12553.7,29198.2,15361.5
13_07_2026_12_40,24214.8,26878.9,1503.25,12555.9,29196.6,15363.5
13_07_2026_12_45,24216.7,26890.3,1502.8,12553.9,29225.6,15369
13_07_2026_12_50,24238.6,26916.4,1503,12568.4,29242.8,15380.3
13_07_2026_12_55,24223.8,26909.7,1502.85,12557.8,29240.9,15372.3
13_07_2026_13_00,24211.2,26879.9,1502.05,12558.8,29252.9,15364.8
13_07_2026_13_05,24218.7,26887.2,1502.85,12562,29226.2,15366.3
13_07_2026_13_10,24222,26893.2,1503.45,12568.7,29250.7,15370.8
13_07_2026_13_15,24215.5,26880.6,1502.8,12571.7,29178.2,15364.2
13_07_2026_13_20,24201.8,26879.8,1501.2,12566.2,29094.9,15357.7
13_07_2026_13_25,24171.4,26847.2,1500.6,12557.6,29050.6,15338.2
13_07_2026_13_30,24185.1,26851.8,1500.65,12560.4,29107.7,15343.8
13_07_2026_13_35,24199.2,26884.8,1501.3,12574.2,29106.8,15354.8
13_07_2026_13_40,24191,26880.8,1501.95,12586.5,29079.6,15352
13_07_2026_13_45,24200.6,26899.9,1503.4,12585.2,29067.1,15360.8
13_07_2026_13_50,24192,26887.8,1511.1,12586.3,29052.2,15356
13_07_2026_13_55,24197.3,26888.6,1509.55,12588.1,29044.6,15359.3
13_07_2026_14_00,24200.8,26905.8,1510.2,12582.4,29068.7,15364.2
13_07_2026_14_05,24203.2,26927.9,1511.4,12586.8,29065.7,15367.5
13_07_2026_14_10,24215.3,26924.8,1513,12587.7,29048.2,15371.3
13_07_2026_14_15,24223.2,26940.8,1512.55,12589.1,29062.5,15375.2
13_07_2026_14_20,24229.3,26946.9,1513.05,12587.5,29050.8,15380.7
13_07_2026_14_25,24229.4,26941.1,1512.05,12596.2,29024.1,15378.9
13_07_2026_14_30,24233.7,26990.9,1516.85,12608,29048.8,15384.2
13_07_2026_14_35,24217.8,26970.3,1517.8,12590.4,29039.8,15377.1
13_07_2026_14_40,24227.9,26976.2,1517.75,12602.8,29060.5,15381.1
13_07_2026_14_45,24237.3,27013.5,1520.65,12604.7,29070.4,15388.7
13_07_2026_14_50,24250.3,27033.2,1519.75,12611.7,29079.6,15395.5
13_07_2026_14_55,24229.7,27011.8,1515.4,12604.9,29077.1,15383.8
13_07_2026_15_00,24227.4,26978.4,1518.1,12602,29051.7,15378
13_07_2026_15_05,24214.8,26975.8,1515.3,12599,29001.7,15376.5
13_07_2026_15_10,24205.7,26974.3,1514.75,12606.5,28984,15370.7
13_07_2026_15_15,24195.8,26978.2,1515.25,12595.8,28989.8,15366.8
13_07_2026_15_20,24202.4,26982.2,1514.75,12600.8,29010.8,15370.8
13_07_2026_15_25,24211.2,26995.8,1515.5,12602.5,29023.2,15374.8
14_07_2026_09_15,24109.8,26749.3,1504.95,12656,29136.4,15289.3
14_07_2026_09_20,24144.8,26704.9,1508.9,12668.2,29157.3,15304.5
14_07_2026_09_25,24140.9,26623.8,1518.15,12687.1,29195.2,15300.6
14_07_2026_09_30,24134.4,26649.6,1519.25,12736.2,29059.2,15308.5
14_07_2026_09_35,24104.9,26613.2,1516.8,12689.2,29073.8,15288.7
14_07_2026_09_40,24100.2,26607.8,1513.4,12702.8,29010.4,15273.7
14_07_2026_09_45,24079.1,26565.2,1514,12673.2,29020.4,15259.5
14_07_2026_09_50,24064.7,26514.9,1516.05,12672.8,28964.4,15249.2
14_07_2026_09_55,24077.6,26530.9,1514.25,12641.7,28926.7,15258.3
14_07_2026_10_00,24086.8,26598.3,1516.75,12651.2,28898,15271.2
14_07_2026_10_05,24094.5,26597.2,1520.15,12675.3,28928.4,15270
14_07_2026_10_10,24085.2,26574.9,1516.75,12709.7,28907.2,15267.4
14_07_2026_10_15,24047.7,26525.7,1514.7,12693.8,28865.8,15243.1
14_07_2026_10_20,24063.4,26578.8,1518.3,12704,28891.7,15255.8
14_07_2026_10_25,24086.6,26560.2,1519.35,12724.2,29086.6,15257.6
14_07_2026_10_30,24101.1,26583.3,1521.35,12738.3,29081.3,15269.2
14_07_2026_10_35,24094.3,26566.1,1517.5,12736.2,29058.6,15263
14_07_2026_10_40,24100.5,26564.7,1516.9,12735.2,28952.6,15267.6
14_07_2026_10_45,24119.8,26602.2,1517.85,12723.8,28940.4,15279.5
14_07_2026_10_50,24114.1,26601.3,1519.3,12743.4,28940.2,15278
14_07_2026_10_55,24121.3,26608.6,1518.1,12757.7,28956.8,15280
14_07_2026_11_00,24123.5,26617.4,1517.25,12747.9,28934.2,15290
14_07_2026_11_05,24128.4,26597.7,1517.3,12731.9,28981.2,15286.8
14_07_2026_11_10,24139.2,26616.8,1518.35,12748.6,28994.5,15304.2
14_07_2026_11_15,24133.1,26612.3,1518.15,12754.2,28998.9,15302
14_07_2026_11_20,24138.8,26617.4,1515.6,12758.2,28973.7,15307.5
14_07_2026_11_25,24141.2,26603.3,1516.55,12761.5,28990.2,15303.3
14_07_2026_11_30,24128.8,26601.9,1516.1,12742.2,28952.5,15297.6
14_07_2026_11_35,24117,26604.1,1515.75,12734,28946.5,15288.5
14_07_2026_11_40,24105,26614.4,1517.05,12736,28948.2,15287.1
14_07_2026_11_45,24108.5,26607.1,1516.1,12751.8,28913.4,15285.2
14_07_2026_11_50,24109.7,26624.1,1517.05,12746.8,28895.3,15286.4
14_07_2026_11_55,24102.2,26607.3,1516.35,12725.2,28895.1,15283.3
14_07_2026_12_00,24107.2,26615.7,1516.9,12737.4,28857.4,15288.7
14_07_2026_12_05,24096.2,26614.4,1516.85,12725.3,28827.8,15285.7
14_07_2026_12_10,24091.9,26608.6,1515.1,12723.8,28791.4,15287.8
14_07_2026_12_15,24086.3,26612.8,1515.15,12702.5,28803.6,15283.5
14_07_2026_12_20,24080.7,26600,1514.2,12685.2,28842.7,15277.5
14_07_2026_12_25,24059.6,26557.8,1513.25,12673.9,28827.6,15258.7
14_07_2026_12_30,24066.5,26582.7,1513.05,12677.5,28812.2,15267.5
14_07_2026_12_35,24071.9,26608.1,1512.75,12685.7,28780.2,15278.8
14_07_2026_12_40,24079.2,26619.7,1512.85,12686.7,28783.9,15284.1
14_07_2026_12_45,24082.6,26609.6,1513.6,12683.5,28814.2,15279.8
14_07_2026_12_50,24082.4,26591.5,1512.45,12675,28822.7,15278.5
14_07_2026_12_55,24078,26585,1512,12669.3,28803.5,15277
14_07_2026_13_00,24083.8,26599.1,1512.6,12678.7,28792.9,15277.8
14_07_2026_13_05,24087.4,26604.5,1512.4,12682.8,28765.2,15281.9
14_07_2026_13_10,24081.4,26589.2,1512.35,12683.4,28754.7,15278.2
14_07_2026_13_15,24086.4,26599.3,1510.2,12691,28774.8,15277.5
14_07_2026_13_20,24089.3,26607.5,1510.95,12685.3,28765.7,15284.7
14_07_2026_13_25,24093.3,26629.3,1510.1,12684,28760.4,15288
14_07_2026_13_30,24075.2,26610.5,1511.5,12676.7,28748.7,15280.5
14_07_2026_13_35,24047.7,26560.8,1510.15,12671.8,28748.8,15261.3
14_07_2026_13_40,24052.2,26559.3,1510.2,12678.8,28744.9,15263.4
14_07_2026_13_45,24067.3,26561.2,1511.05,12688.6,28771.4,15272.7
14_07_2026_13_50,24060.3,26550.3,1510.3,12683.7,28748.4,15270.5
14_07_2026_13_55,24065.1,26560.3,1510.2,12680.3,28767.2,15272.3
14_07_2026_14_00,24065.2,26553.2,1510.35,12684.3,28758.7,15276.4
14_07_2026_14_05,24052.4,26523.7,1510.25,12673.5,28751.4,15264.3
14_07_2026_14_10,24064.4,26553.8,1510.25,12676.5,28806.3,15272.3
14_07_2026_14_15,24058.4,26535.2,1510.5,12671,28790.2,15266.9
14_07_2026_14_20,24056.3,26533.1,1508.25,12663.2,28786.7,15265.6
14_07_2026_14_25,24046.4,26527.3,1509,12658.4,28761.7,15257.9
14_07_2026_14_30,24057.3,26529.2,1507.85,12658.8,28786.3,15261.8
14_07_2026_14_35,24055.5,26542.1,1508.65,12663.8,28795.8,15262.9
14_07_2026_14_40,24051.2,26531.9,1509.35,12664.2,28746.5,15262.7
14_07_2026_14_45,24029.8,26522.8,1508.85,12657.8,28733.3,15249.7
14_07_2026_14_50,24030.3,26527.9,1508.4,12666.2,28728.5,15248.3
14_07_2026_14_55,24040.6,26522.1,1510.25,12663,28710.1,15250
14_07_2026_15_00,24060.2,26552.8,1511.35,12682.5,28735.4,15266.5
14_07_2026_15_05,24064.3,26561.3,1511.35,12683,28729.5,15269.6
14_07_2026_15_10,24052.1,26546.4,1510,12679,28711.6,15254.8
14_07_2026_15_15,24041.7,26540.4,1509.55,12677.2,28723.4,15253.2
14_07_2026_15_20,24043.3,26544.2,1509.95,12680.8,28706.8,15253
14_07_2026_15_25,24035.2,26539.2,1510.85,12670.8,28693.4,15246.8
15_07_2026_09_15,24147.3,26737.3,1503.6,12689.7,28316.6,15353.3
15_07_2026_09_20,24190.6,26752.6,1503.9,12671.5,28500.7,15362.3
15_07_2026_09_25,24195.7,26724.2,1508,12660.3,28629.3,15364.2
15_07_2026_09_30,24199.8,26771.9,1510,12661.4,28581.3,15375.4
15_07_2026_09_35,24195.5,26831.7,1514.75,12650.9,28535.7,15380.8
15_07_2026_09_40,24195.1,26808.8,1516.5,12666.6,28555.8,15374.8
15_07_2026_09_45,24191.8,26784.6,1516.75,12678.5,28522.8,15374.5
15_07_2026_09_50,24199.2,26793.6,1516.95,12680,28527.8,15387.2
15_07_2026_09_55,24184.9,26746.8,1518,12667.3,28558.8,15374.6
15_07_2026_10_00,24187.3,26698.3,1515.8,12660,28590.8,15361.2
15_07_2026_10_05,24195.1,26692.1,1516.85,12666,28582.4,15363
15_07_2026_10_10,24202.3,26719.9,1514.05,12658.8,28690.3,15365.3
15_07_2026_10_15,24213.1,26719.9,1512.65,12669.8,28701.8,15371
15_07_2026_10_20,24213.4,26705.7,1512.05,12664.2,28674.7,15369.7
15_07_2026_10_25,24204.9,26702.9,1510.1,12653.3,28640.5,15368.4
15_07_2026_10_30,24203.5,26762.3,1513,12658.5,28568.1,15377.7
15_07_2026_10_35,24197.9,26731.4,1511.65,12654.8,28541.8,15377
15_07_2026_10_40,24207.8,26707.1,1509.75,12653.3,28592.7,15378.3
15_07_2026_10_45,24202.5,26682.6,1510,12656.5,28593.9,15371.8
15_07_2026_10_50,24194.7,26684.8,1509.2,12664.2,28531.9,15372.3
15_07_2026_10_55,24185,26692.7,1508.55,12657.7,28549.3,15365.8
15_07_2026_11_00,24192.3,26685.7,1506.95,12658,28547.5,15366.8
15_07_2026_11_05,24194.8,26680.3,1510,12656.8,28570.2,15368.9
15_07_2026_11_10,24172.8,26654.4,1508.55,12654.5,28515.8,15356.4
15_07_2026_11_15,24187.6,26658.2,1509.75,12655.2,28561.2,15357
15_07_2026_11_20,24182.2,26652.7,1510.25,12652.8,28552.7,15356.8
15_07_2026_11_25,24202.7,26672.9,1510.8,12653.7,28612.4,15363.8
15_07_2026_11_30,24210.9,26711.8,1510.95,12661.4,28609.2,15372.4
15_07_2026_11_35,24191.9,26708.3,1509.85,12646.6,28622.9,15367.5
15_07_2026_11_40,24174.4,26716.6,1508.35,12646.5,28618.6,15368.7
15_07_2026_11_45,24174.8,26706.4,1508.65,12636,28618.6,15365.2
15_07_2026_11_50,24177.5,26727.2,1509.75,12632,28620.8,15363
15_07_2026_11_55,24180.8,26731.4,1507.6,12628.2,28614.4,15360.9
15_07_2026_12_00,24181.9,26734.8,1507.45,12622.7,28632.7,15358.6
15_07_2026_12_05,24184.3,26739.2,1507,12625.2,28627.3,15358.7
15_07_2026_12_10,24191.1,26740.9,1507.65,12626.5,28624.8,15369
15_07_2026_12_15,24191.2,26726.3,1510.2,12629.1,28626.4,15366.6
15_07_2026_12_20,24186.2,26709.7,1509.45,12629.2,28623.9,15359
15_07_2026_12_25,24168.4,26694.4,1507.8,12632.8,28620.2,15351.7
15_07_2026_12_30,24166.7,26705.2,1506.15,12628.7,28615.6,15349.4
15_07_2026_12_35,24145.8,26680.8,1504.85,12620.3,28591,15336.9
15_07_2026_12_40,24160.1,26700.8,1504.35,12625.2,28605.8,15344.7
15_07_2026_12_45,24148,26700.1,1503.85,12624.7,28560.4,15339.7
15_07_2026_12_50,24125.9,26681.9,1504.5,12622.2,28562.2,15327.2
15_07_2026_12_55,24054,26608.2,1501,12586.8,28459.6,15289.1
15_07_2026_13_00,24069.2,26618.8,1504.8,12592,28488.9,15297
15_07_2026_13_05,24045.8,26598.4,1505.4,12577.8,28501.4,15277
15_07_2026_13_10,24054.4,26607.7,1505.2,12577.8,28531.8,15279.8
15_07_2026_13_15,24085.3,26641.5,1505.8,12595,28550.1,15304.2
15_07_2026_13_20,24072.4,26625.2,1504.95,12588,28544.8,15293.5
15_07_2026_13_25,24074.9,26626.9,1506.05,12589.8,28531.5,15293.4
15_07_2026_13_30,24063,26618.5,1505,12592.8,28525.8,15288
15_07_2026_13_35,24064.3,26624.5,1504.7,12597.3,28534.8,15284.8
15_07_2026_13_40,24061.6,26616.9,1504.2,12591,28546.8,15283.2
15_07_2026_13_45,24067.8,26627.3,1504,12594,28528.8,15290.1
15_07_2026_13_50,24053.1,26613.3,1503.3,12584.2,28550.7,15278.7
15_07_2026_13_55,24078.3,26639.4,1504.1,12587.5,28614.2,15293.5
15_07_2026_14_00,24077.4,26643.5,1503.15,12593.6,28583.6,15296
15_07_2026_14_05,24089.1,26647.3,1503.35,12606.7,28589.2,15303
15_07_2026_14_10,24086.4,26641.3,1503.4,12605.8,28615.3,15301.1
15_07_2026_14_15,24082.7,26641.3,1504.55,12605.7,28638.1,15301.5
15_07_2026_14_20,24072.2,26640.8,1503.2,12599.6,28620.2,15299.3
15_07_2026_14_25,24077.7,26643.6,1502.95,12597.5,28610.2,15299.8
15_07_2026_14_30,24075.2,26640.6,1504.3,12587.2,28599.4,15301.6
15_07_2026_14_35,24105.1,26670.4,1504.2,12607.8,28614.9,15319
15_07_2026_14_40,24101.5,26651.4,1504.4,12575.4,28630.2,15314
15_07_2026_14_45,24082.6,26628.2,1503.55,12567.5,28573.8,15310.7
15_07_2026_14_50,24082.6,26640.6,1504.25,12562.2,28565.4,15310.7
15_07_2026_14_55,24067.8,26638.1,1504.85,12559.3,28535.8,15304.8
15_07_2026_15_00,24073.7,26635.2,1503.45,12542.4,28542.4,15306.7
15_07_2026_15_05,24072.7,26635.2,1502.3,12535,28528.5,15303.3
15_07_2026_15_10,24077.8,26641.1,1503.45,12538.2,28516.7,15304.7
15_07_2026_15_15,24079.1,26634.2,1504.05,12537.2,28508.3,15308.8
15_07_2026_15_20,24086.3,26649.3,1501.75,12535.9,28541.7,15314.4
15_07_2026_15_25,24073.4,26646.4,1504.6,12538.3,28550.2,15311.2
16_07_2026_09_15,24157.1,26804.7,1506.15,12570.8,28973.7,15362.1
16_07_2026_09_20,24140.4,26846.7,1504.4,12535.7,28936.2,15355.2
16_07_2026_09_25,24127.5,26842.1,1500.75,12531.7,28905.7,15349.7
16_07_2026_09_30,24110.4,26812.2,1500.55,12526.3,28801.3,15336.9
16_07_2026_09_35,24108.1,26800.3,1503.2,12526.8,28816.7,15340.3
16_07_2026_09_40,24140.8,26810.1,1504.5,12544.6,28840.2,15351
16_07_2026_09_45,24122.6,26821.7,1503.8,12533.5,28800.6,15352.5
16_07_2026_09_50,24125.6,26835.9,1503,12540.7,28858.4,15352
16_07_2026_09_55,24128.1,26826.3,1504.7,12547.7,28926.8,15356.2
16_07_2026_10_00,24130.3,26838.3,1509.15,12544.1,28976.6,15357.2
16_07_2026_10_05,24125.6,26800.2,1519.65,12556.4,28899.7,15354.2
16_07_2026_10_10,24126.4,26804.2,1518.45,12562.9,28951.4,15354.7
16_07_2026_10_15,24125.8,26800.2,1515.9,12560.5,28969.1,15351.1
16_07_2026_10_20,24130.2,26819.3,1517.25,12580.7,28962.2,15357.5
16_07_2026_10_25,24123.5,26818.2,1517.95,12590.8,28965.8,15354.5
16_07_2026_10_30,24116.4,26828.3,1518.85,12575.5,28977,15349.2
16_07_2026_10_35,24113.8,26811.8,1517.1,12574,29012.8,15349.2
16_07_2026_10_40,24126.6,26811.8,1519.5,12581.3,28956.2,15355
16_07_2026_10_45,24146.3,26849.3,1521.5,12585.2,28997.7,15373
16_07_2026_10_50,24150.9,26847.5,1522.6,12582.7,28979.9,15375.7
16_07_2026_10_55,24168.6,26864.9,1522.9,12586.7,28997.5,15385
16_07_2026_11_00,24173.6,26887.2,1527.2,12584.9,29011.7,15390.2
16_07_2026_11_05,24169.6,26879.4,1526.35,12580.3,28993.3,15388.5
16_07_2026_11_10,24157.9,26874.8,1524.4,12565,28971.8,15381.2
16_07_2026_11_15,24148.2,26872.7,1523.6,12574.2,28958.3,15380.3
16_07_2026_11_20,24151.8,26879.2,1522.5,12575,28960.4,15383
16_07_2026_11_25,24146.3,26871.1,1522.3,12583.2,28964.2,15381
16_07_2026_11_30,24150.6,26861.2,1518.95,12575.2,28936.7,15387.2
16_07_2026_11_35,24160,26883.7,1519.2,12574.2,28924.9,15395.8
16_07_2026_11_40,24149.5,26858,1519.25,12566.1,28940.3,15386.3
16_07_2026_11_45,24148.6,26837.3,1519.5,12567.7,28937.8,15381.7
16_07_2026_11_50,24152.8,26834.6,1519.65,12555.3,28995,15378.2
16_07_2026_11_55,24151,26834.7,1518.75,12554.8,28982.5,15376.8
16_07_2026_12_00,24138.7,26821.8,1519.65,12542.5,28989.3,15369.2
16_07_2026_12_05,24139.6,26825.2,1519.65,12541.8,28970.8,15372.5
16_07_2026_12_10,24133.9,26823,1518.75,12550.5,28916.8,15371
16_07_2026_12_15,24138.5,26829.2,1518.45,12550.8,28931,15375
16_07_2026_12_20,24138.2,26808.8,1518.45,12542,28956.5,15376.8
16_07_2026_12_25,24159.6,26803.6,1519.95,12547.8,28973.7,15383.7
16_07_2026_12_30,24146.5,26794.9,1519.45,12540.8,28964.1,15374.4
16_07_2026_12_35,24141.4,26773,1521.5,12534.7,28969.2,15368
16_07_2026_12_40,24130.4,26757.6,1520.8,12531.9,28966.6,15362.7
16_07_2026_12_45,24131.9,26774.6,1519.75,12536.2,28912.2,15368
16_07_2026_12_50,24125.6,26769.9,1518.55,12530.7,28890.1,15365.8
16_07_2026_12_55,24124.6,26762.9,1519,12528.2,28908.1,15362.8
16_07_2026_13_00,24125.1,26771.2,1520.45,12526.5,28887.1,15360.8
16_07_2026_13_05,24125.5,26757.5,1522.25,12523.5,28893.8,15364.4
16_07_2026_13_10,24120.6,26783.8,1522.4,12522.5,28915.1,15366.2
16_07_2026_13_15,24115.4,26784.1,1521.45,12517.1,28882.8,15363.6
16_07_2026_13_20,24114.3,26793.2,1521.5,12518,28851.2,15365
16_07_2026_13_25,24105.8,26791.6,1518,12517,28850,15360.1
16_07_2026_13_30,24090.6,26773.8,1517.85,12515,28844.3,15349.5
16_07_2026_13_35,24070.4,26748.8,1516.25,12490.3,28831.4,15335.5
16_07_2026_13_40,24053.5,26718.5,1516.4,12486,28823.5,15322.9
16_07_2026_13_45,24060.4,26727.8,1516.5,12490.2,28809.2,15325.7
16_07_2026_13_50,24075.2,26748.4,1517.5,12494.7,28834.1,15335.7
16_07_2026_13_55,24096.4,26772.4,1518.15,12503.2,28857.9,15348.9
16_07_2026_14_00,24091.8,26778.5,1517.85,12496.8,28840.4,15347.9
16_07_2026_14_05,24091.1,26774.4,1518.15,12498.1,28847.9,15345.5
16_07_2026_14_10,24094.2,26797.1,1516.95,12501,28837.2,15348.5
16_07_2026_14_15,24102.9,26798.3,1517.95,12513.5,28863.5,15353.5
16_07_2026_14_20,24090.6,26794.8,1515.65,12494.2,28855.7,15343.8
16_07_2026_14_25,24085.8,26789.7,1515.8,12492.8,28862.4,15339.1
16_07_2026_14_30,24095.2,26801,1515.95,12495,28867,15341.6
16_07_2026_14_35,24097.3,26794.7,1515.9,12492.4,28859.2,15340
16_07_2026_14_40,24096,26796.3,1517.4,12492.6,28850.2,15341.2
16_07_2026_14_45,24092.2,26784,1519,12493.2,28839.1,15339.8
16_07_2026_14_50,24096.3,26815.6,1520.15,12495.5,28828.7,15346
16_07_2026_14_55,24111.7,26814.8,1521.9,12493.2,28834.1,15348.1
16_07_2026_15_00,24067.7,26778.2,1522.9,12489.3,28726.8,15324.7
16_07_2026_15_05,24075.6,26773.9,1522.75,12489.7,28734.4,15323.5
16_07_2026_15_10,24071.1,26759.8,1519.85,12495.2,28697.9,15319.2
16_07_2026_15_15,24065.7,26760.4,1520.95,12500,28706.9,15319.5
16_07_2026_15_20,24058.9,26754.7,1519.6,12499,28703.6,15320.3
16_07_2026_15_25,24081.1,26779.9,1519,12504.4,28766.8,15321.8
17_07_2026_09_15,24187.8,26931.6,1509.4,12468.7,29264.4,15324.7
17_07_2026_09_20,24191.9,26944.9,1503.85,12458.1,29247.7,15317.7
17_07_2026_09_25,24210,27000.8,1504.35,12460.8,29145.5,15346.7
17_07_2026_09_30,24206.6,27009.7,1509.7,12489.7,29102.8,15355.8
17_07_2026_09_35,24219.2,26967.2,1506.95,12459.5,29131.2,15347
17_07_2026_09_40,24231.3,26970.1,1504.55,12480,29135.3,15348.8
17_07_2026_09_45,24236.8,26986.9,1504.1,12455.7,29015.9,15357.8
17_07_2026_09_50,24240,26958.8,1504.95,12444.8,29106.5,15347.7
17_07_2026_09_55,24228.8,26959.2,1504.2,12431.3,29055.2,15340.4
17_07_2026_10_00,24214.5,26920.9,1503.35,12436,29037.3,15327.8
17_07_2026_10_05,24231.9,26962.4,1506.25,12450,29080.4,15341.9
17_07_2026_10_10,24239.8,26960.9,1509.95,12447.8,29073.6,15341
17_07_2026_10_15,24273.9,26991.7,1513.95,12464.7,29066.7,15365.2
17_07_2026_10_20,24255.6,26981.8,1515,12455.2,29046.4,15356.5
17_07_2026_10_25,24281.6,27018.2,1513.65,12479.8,28969.5,15369.7
17_07_2026_10_30,24284.3,27033.2,1513.45,12475.2,28998.3,15372.2
17_07_2026_10_35,24267.2,26982.4,1513.45,12460.4,29038.1,15355.4
17_07_2026_10_40,24259.1,26957.4,1514.55,12461.8,29006.9,15351.9
17_07_2026_10_45,24249.9,26967.9,1513.25,12456,29011,15343.3
17_07_2026_10_50,24255.6,26949.7,1512.65,12454.2,29007.2,15349.7
17_07_2026_10_55,24257,26952.4,1513.8,12448.7,29012.4,15346.2
17_07_2026_11_00,24258.2,26973.4,1514.6,12451.3,29052.5,15343.8
17_07_2026_11_05,24241.9,26962.1,1513.2,12448.3,29031.3,15335.2
17_07_2026_11_10,24235.7,26964.4,1511.6,12441.8,29009.6,15332.2
17_07_2026_11_15,24241.7,26957.3,1509.95,12435,29037.7,15329.5
17_07_2026_11_20,24246.2,26955.6,1510,12426.5,29044.9,15327.3
17_07_2026_11_25,24243,26956.1,1508.5,12421.8,29003.2,15323.5
17_07_2026_11_30,24252.6,26968.8,1508,12408.7,29070.2,15323.8
17_07_2026_11_35,24257.1,26961.8,1506.25,12403.4,29108.2,15330.2
17_07_2026_11_40,24267.2,26974.7,1506.1,12420.3,29094.2,15331.5
17_07_2026_11_45,24267.7,26973.7,1506.15,12416.5,29096.9,15332
17_07_2026_11_50,24279,26985.2,1505.25,12414.9,29114.7,15337.7
17_07_2026_11_55,24277.8,26970.2,1505.6,12417.3,29099.7,15332.3
17_07_2026_12_00,24274.8,26981.3,1505,12423,29085.9,15332.8
17_07_2026_12_05,24274.2,26965.9,1504.8,12413.2,29141.9,15330
17_07_2026_12_10,24276.6,26975.4,1504.85,12410.5,29088.9,15329.4
17_07_2026_12_15,24275.4,26973.6,1504.9,12413.8,29078.7,15330.2
17_07_2026_12_20,24281.8,26980.6,1506.05,12422.1,29142.7,15335.3
17_07_2026_12_25,24277.7,26960.8,1507.7,12415,29162.7,15332.3
17_07_2026_12_30,24281.2,26968.8,1507.2,12417.8,29200.1,15334.8
17_07_2026_12_35,24277.8,26979.5,1507.35,12410,29182.5,15339
17_07_2026_12_40,24277.1,26970.9,1508.6,12403,29207.9,15347.2
17_07_2026_12_45,24294,27000.4,1508.55,12400.2,29191.3,15359.1
17_07_2026_12_50,24273.9,27000.1,1508.1,12393,29180.8,15351.9
17_07_2026_12_55,24283.3,27025.2,1508.1,12397,29243.9,15352.5
17_07_2026_13_00,24279.8,27061.3,1508.95,12397,29236.4,15357.8
17_07_2026_13_05,24278,27064,1508.4,12403.5,29216.2,15358.8
17_07_2026_13_10,24282.6,27058.6,1508.6,12402,29229.8,15360.8
17_07_2026_13_15,24273.6,27049,1508.25,12390.4,29237.4,15355.8
17_07_2026_13_20,24266.4,27046,1506.5,12384.2,29249.7,15353
17_07_2026_13_25,24267.3,27034.1,1506.95,12381.8,29259.1,15350.3
17_07_2026_13_30,24265.7,27048,1507.5,12374.7,29263.2,15350.7
17_07_2026_13_35,24269.5,27064.9,1509.6,12369.2,29237.3,15352
17_07_2026_13_40,24254.2,27050.6,1509.6,12351.3,29249.8,15347.4
17_07_2026_13_45,24239.9,27040.9,1508.45,12341,29260.3,15341.8
17_07_2026_13_50,24232,27025.3,1508.8,12329.6,29243.8,15335.2
17_07_2026_13_55,24250.1,27044.5,1510.25,12346.8,29274.1,15349.4
17_07_2026_14_00,24250.3,27052.2,1513.15,12343,29275.9,15347.3
17_07_2026_14_05,24252.9,27032.1,1512.05,12332.8,29267.9,15344.5
17_07_2026_14_10,24280.6,27034.4,1512.6,12360.2,29272.2,15350.8
17_07_2026_14_15,24308.4,27060.2,1515.45,12366,29264.8,15367.1
17_07_2026_14_20,24297.4,27061.2,1515.2,12364.2,29240.9,15356.9
17_07_2026_14_25,24287.4,27048.1,1516.65,12364.8,29207.5,15353.3
17_07_2026_14_30,24298,27053.5,1516.6,12373.2,29278.7,15358.8
17_07_2026_14_35,24297.9,27058.7,1516.05,12381.2,29266.2,15367
17_07_2026_14_40,24317.7,27082.2,1516.5,12402.7,29265.1,15376.5
17_07_2026_14_45,24324,27094.7,1518.05,12427.2,29304.9,15380.2
17_07_2026_14_50,24320.9,27098.1,1516.3,12402,29310.8,15383.4
17_07_2026_14_55,24311.8,27095.2,1515.95,12427.4,29295.1,15379.8
17_07_2026_15_00,24322.1,27108.3,1521.75,12439.7,29290.8,15385.2
17_07_2026_15_05,24333.6,27099.2,1522,12437.6,29269.8,15384.4
17_07_2026_15_10,24328.8,27112.2,1518.75,12436.7,29242.4,15381.3
17_07_2026_15_15,24329,27091.7,1518.2,12426,29210.8,15366.2
17_07_2026_15_20,24342.8,27102.7,1519.05,12437.3,29168.6,15369
17_07_2026_15_25,24346.7,27099.4,1518.65,12426.2,29178.6,15362.2
20_07_2026_09_15,24209.7,26977.2,1527.4,12494.6,29372.8,15369
20_07_2026_09_20,24212.7,26981.8,1527.75,12514.7,29351.2,15381.8
20_07_2026_09_25,24191.7,26942.6,1532.5,12512.5,29251.5,15375.8
20_07_2026_09_30,24180.4,26945.1,1536.3,12516.6,29221.6,15373
20_07_2026_09_35,24162.8,26931.2,1539.35,12507.8,29191.4,15380.8
20_07_2026_09_40,24171.4,26942.2,1545.65,12502.5,29299,15373.2
20_07_2026_09_45,24163.3,26983.7,1540.5,12526.8,29211.7,15380.9
20_07_2026_09_50,24178.2,26975.2,1536.25,12520.5,29249.7,15385.7
20_07_2026_09_55,24190.2,26968.4,1538.25,12531.2,29231.7,15394
20_07_2026_10_00,24194.6,26947.2,1538.2,12558,29239,15391.5
20_07_2026_10_05,24201.6,26966.3,1538,12559.5,29217.1,15394.5
20_07_2026_10_10,24209.9,26973.9,1537.35,12584,29177.2,15405.3
20_07_2026_10_15,24228.1,27021.4,1536.25,12569,29214.9,15423.3
20_07_2026_10_20,24213.8,27025.2,1536.4,12571.8,29284.6,15414
20_07_2026_10_25,24230.2,27024.3,1537.4,12570.9,29250.3,15424.8
20_07_2026_10_30,24224.2,26995.1,1539.3,12562.8,29269.6,15428
20_07_2026_10_35,24224.2,26984.7,1536.8,12557,29246.2,15421.9
20_07_2026_10_40,24218.4,26990,1534.85,12556.7,29230.1,15422
20_07_2026_10_45,24225.8,26994.7,1534.2,12570.8,29240.9,15424.7
20_07_2026_10_50,24223.2,26994.7,1534.2,12582.8,29236.2,15425.9
20_07_2026_10_55,24228.7,26996.4,1535.05,12574.4,29264.8,15436.7
20_07_2026_11_00,24222.8,26979.2,1535.55,12562,29265.8,15429.9
20_07_2026_11_05,24229.2,26978.7,1534.85,12569.4,29263.8,15429.3
20_07_2026_11_10,24214.6,26980.9,1534.6,12571.6,29252.3,15423.3
20_07_2026_11_15,24216.7,26961.2,1534.1,12582,29277.2,15417.4
20_07_2026_11_20,24211.5,26939.3,1535.6,12580.8,29257.5,15413.2
20_07_2026_11_25,24209.9,26938.3,1536.65,12585,29228,15416
20_07_2026_11_30,24207.2,26953.1,1535.85,12576.1,29229.2,15420.1
20_07_2026_11_35,24209.8,26962.2,1536.65,12571.7,29223.3,15419.8
20_07_2026_11_40,24196.2,26976.7,1535.65,12565.8,29202.8,15410.2
20_07_2026_11_45,24191.9,26947.6,1535.7,12567.4,29202.6,15407
20_07_2026_11_50,24179.5,26907.7,1534.9,12559.7,29159.9,15399.3
20_07_2026_11_55,24189.5,26907.4,1535.9,12557.5,29159.5,15399.5
20_07_2026_12_00,24177.1,26901.4,1534.8,12538,29156.1,15392
20_07_2026_12_05,24179.5,26907.7,1535.2,12543.7,29185.8,15392.8
20_07_2026_12_10,24187.7,26929.5,1537.3,12550.5,29134.2,15403
20_07_2026_12_15,24196,26933.8,1538.3,12544.5,29139.4,15406.9
20_07_2026_12_20,24179.8,26917.7,1537.5,12534.9,29136.4,15398.8
20_07_2026_12_25,24171.7,26917.9,1535.2,12534.9,29149,15396.3
20_07_2026_12_30,24175.2,26899.6,1536.9,12533.8,29134.7,15395.5
20_07_2026_12_35,24166.2,26892.8,1536.5,12527,29157.8,15394.7
20_07_2026_12_40,24157.2,26837.1,1536.55,12527.6,29172.2,15384
20_07_2026_12_45,24143.5,26809.9,1536.7,12520.8,29166.4,15376.8
20_07_2026_12_50,24164.8,26835.2,1536.9,12528.5,29165.9,15388.3
20_07_2026_12_55,24186.8,26860.7,1538.3,12541.2,29188.3,15402.8
20_07_2026_13_00,24185.2,26873.5,1540.45,12543.8,29189.5,15402.2
20_07_2026_13_05,24179.8,26840.1,1541.05,12545,29175.2,15393.8
20_07_2026_13_10,24225,26899,1541.3,12561.2,29234,15420.8
20_07_2026_13_15,24219.9,26879.9,1541.2,12556.2,29184.1,15422.2
20_07_2026_13_20,24234.7,26925.8,1541,12556.8,29197.2,15433.6
20_07_2026_13_25,24243.3,26932.9,1540.55,12553.7,29189.4,15436.4
20_07_2026_13_30,24236.4,26942.6,1541.65,12557.5,29185.7,15436.8
20_07_2026_13_35,24241.2,26959.6,1542.8,12558.7,29202.7,15439
20_07_2026_13_40,24228.8,26933.9,1541.05,12549.6,29190.7,15430.6
20_07_2026_13_45,24252.4,26951.8,1539.45,12562.2,29209.3,15449.8
20_07_2026_13_50,24240.5,26957.7,1539.2,12561,29191.3,15444.2
20_07_2026_13_55,24254.7,26971.6,1539.5,12565.3,29195.5,15453.8
20_07_2026_14_00,24262.2,26987.1,1538.95,12571,29191.9,15463.5
20_07_2026_14_05,24254.1,26987.8,1538,12559.7,29186.7,15463.5
20_07_2026_14_10,24250.9,26972.8,1535.5,12555.6,29206.8,15464.2
20_07_2026_14_15,24254.2,26984.8,1535.3,12548.4,29218.7,15466.2
20_07_2026_14_20,24253.9,26983.2,1533.65,12546.8,29194.6,15470.8
20_07_2026_14_25,24254.8,26983.2,1535.4,12552.7,29201.4,15475
20_07_2026_14_30,24242.9,26978.3,1534.25,12542.6,29214,15467.5
20_07_2026_14_35,24230.2,26944.1,1535,12542.4,29212.5,15458.4
20_07_2026_14_40,24237.1,26949.8,1534.65,12541.4,29230.3,15462.5
20_07_2026_14_45,24237.3,26976.3,1536.7,12548.8,29229.4,15464.4
20_07_2026_14_50,24243.9,27006.8,1538.25,12556.8,29226.8,15470.5
20_07_2026_14_55,24230.7,27000.3,1537.75,12545.6,29215.8,15467.7
20_07_2026_15_00,24233.4,27013.9,1537,12541.4,29174.6,15475.3
20_07_2026_15_05,24235.4,27019.6,1537.7,12541.3,29173.1,15472.4
20_07_2026_15_10,24238.2,27028.7,1537.7,12543,29156.9,15475.8
20_07_2026_15_15,24239.2,27031,1538.6,12540.8,29161.9,15480.5
20_07_2026_15_20,24245.2,27044.4,1538.3,12548.2,29181.5,15486
20_07_2026_15_25,24239.5,27041.2,1536.8,12543.7,29159.3,15481.7
21_07_2026_09_15,24255.6,27066.5,1539.55,12621.8,29177.8,15517.8
21_07_2026_09_20,24236.6,27022.7,1544.15,12593,29322.9,15500.3
21_07_2026_09_25,24247.8,27057.7,1546.7,12596.6,29388.3,15502.6
21_07_2026_09_30,24225.8,27033.8,1549.55,12588.8,29371.6,15502.2
21_07_2026_09_35,24226.1,27049.4,1550.6,12580,29292,15509.1
21_07_2026_09_40,24236.9,27056.2,1551.35,12579.2,29235.3,15515.5
21_07_2026_09_45,24222.2,27064.7,1545.85,12578.8,29121.5,15512.9
21_07_2026_09_50,24230.6,27073.3,1548.8,12584.2,29170.8,15516.2
21_07_2026_09_55,24229.4,27040.4,1546.95,12570.8,29126.2,15516.5
21_07_2026_10_00,24220.2,27025.6,1546.6,12559.2,29174.9,15513.5
21_07_2026_10_05,24226.6,27032.8,1545.3,12565.5,29183.8,15516
21_07_2026_10_10,24212.3,26988.5,1545.8,12560.8,29179.8,15504.5
21_07_2026_10_15,24207.3,26984,1544.45,12554.3,29172.8,15504.1
21_07_2026_10_20,24192.4,26976,1544.65,12565.8,29036.9,15497.7
21_07_2026_10_25,24199.6,26980.4,1544.5,12556.5,29044.1,15498.9
21_07_2026_10_30,24187.3,26941.6,1542.95,12551.8,29038.3,15490.2
21_07_2026_10_35,24176.9,26932.8,1544,12542.6,29016.1,15474.2
21_07_2026_10_40,24187.8,26951.1,1544.8,12543.7,29020.9,15485.8
21_07_2026_10_45,24176.9,26947.7,1544.5,12535.6,28982.6,15475.8
21_07_2026_10_50,24169,26925.1,1542.95,12539.5,28953.8,15471.8
21_07_2026_10_55,24185.2,26952.1,1541.45,12547,28942.9,15486.2
21_07_2026_11_00,24190.8,26943.4,1542.3,12551.8,28994.8,15484.3
21_07_2026_11_05,24181.5,26931.7,1541.85,12560,29015.7,15478.6
21_07_2026_11_10,24186.5,26937.7,1541.7,12555.3,29002.4,15475.2
21_07_2026_11_15,24184.1,26965.7,1540.95,12552.7,29015.8,15477
21_07_2026_11_20,24175.2,26972.6,1540.45,12558.2,29005.1,15469.2
21_07_2026_11_25,24173.1,27000.6,1540.65,12559.3,29023.8,15467.2
21_07_2026_11_30,24184.2,27022.3,1540.1,12563.4,29040.9,15473
21_07_2026_11_35,24172.3,27006,1540.35,12563.8,29020.9,15467.6
21_07_2026_11_40,24161.7,27000.1,1539.7,12567,29016.3,15461.3
21_07_2026_11_45,24164.4,27016.8,1540.5,12565.3,29018.6,15462.2
21_07_2026_11_50,24164.4,27022.7,1539.4,12572.5,29062,15459.7
21_07_2026_11_55,24169.3,27048.4,1542.1,12563.8,29076.1,15467.2
21_07_2026_12_00,24181.5,27085.8,1541.4,12567,29081.8,15477.4
21_07_2026_12_05,24174.8,27066.3,1540.3,12584,29064.3,15474.5
21_07_2026_12_10,24173.7,27065.1,1540.5,12581.8,29048.2,15477.3
21_07_2026_12_15,24171.9,27066.2,1540,12585.8,28991.1,15480.2
21_07_2026_12_20,24173.3,27064.6,1540.05,12610.2,28998.2,15478.8
21_07_2026_12_25,24171.9,27064.8,1541.1,12608.2,28976.1,15480.5
21_07_2026_12_30,24180.8,27074.1,1541.8,12615.8,28969.5,15483.5
21_07_2026_12_35,24179,27062.2,1541.8,12608.9,28968.6,15483.3
21_07_2026_12_40,24172.8,27073.8,1542.6,12603.2,28943.1,15481.2
21_07_2026_12_45,24174.2,27071.1,1541.55,12598.7,28958.2,15478
21_07_2026_12_50,24169.1,27058.4,1540.15,12599,28986.2,15473.3
21_07_2026_12_55,24151.1,27000.8,1539.05,12589.2,28967.9,15459
21_07_2026_13_00,24142,27005.5,1538.55,12587,28971.3,15461.6
21_07_2026_13_05,24152.4,27027.4,1538.7,12594.3,28973.8,15465
21_07_2026_13_10,24151.6,27026.1,1538.9,12604,28953.4,15467.2
21_07_2026_13_15,24153.5,27020.8,1541.15,12607.6,28938.8,15466.8
21_07_2026_13_20,24165.5,27055,1542,12623.8,28951.2,15473.8
21_07_2026_13_25,24171.8,27060,1541.8,12623.2,28947.2,15477
21_07_2026_13_30,24180.7,27085.1,1540.8,12629.2,28971.2,15487
21_07_2026_13_35,24190.1,27090.2,1541.2,12634.7,28994.2,15492.8
21_07_2026_13_40,24190.4,27087.9,1542.75,12636,28982.2,15494.9
21_07_2026_13_45,24188.2,27086.7,1543.2,12626,28987.9,15494.2
21_07_2026_13_50,24179.8,27084.6,1543.75,12629.8,28991.8,15492.7
21_07_2026_13_55,24163.2,27064.8,1541.45,12625.7,28977.7,15481
21_07_2026_14_00,24175,27063.9,1540.85,12634.3,29005.9,15491
21_07_2026_14_05,24166.8,27140.2,1539.95,12631.2,28968.9,15496.5
21_07_2026_14_10,24163.2,27136.9,1539.95,12628.7,28988.3,15496.8
21_07_2026_14_15,24178.2,27194.7,1539.95,12629.3,28987.8,15504.7
21_07_2026_14_20,24174.6,27212.5,1542.35,12615.8,29006.7,15506.5
21_07_2026_14_25,24167.9,27255.2,1542.65,12618.7,28978.1,15508.2
21_07_2026_14_30,24167.2,27239.5,1542.15,12611.2,28977.1,15505
21_07_2026_14_35,24159.6,27241.7,1541.95,12612.8,28957.6,15507.2
21_07_2026_14_40,24173,27243,1542.1,12612.8,28975.9,15511.8
21_07_2026_14_45,24184.8,27247.3,1542.6,12624.5,28975.5,15518.3
21_07_2026_14_50,24180.5,27232.4,1541.85,12620.5,28998.9,15513.4
21_07_2026_14_55,24182.1,27225.7,1540.55,12624.9,29030.7,15509.8
21_07_2026_15_00,24181.7,27236.5,1539.45,12627.7,28996.8,15516.3
21_07_2026_15_05,24185.8,27254.4,1539.65,12622.5,28982.3,15520.5
21_07_2026_15_10,24184.1,27288.6,1539.1,12620.9,28979.2,15521.8
21_07_2026_15_15,24185.8,27297.7,1538.45,12626.2,28984.6,15525.8
21_07_2026_15_20,24188.6,27311.7,1536.05,12624.3,28979.1,15533.3
21_07_2026_15_25,24193.1,27320.1,1537.2,12635.5,28956.4,15532
22_07_2026_09_15,24094.1,27478.6,1531.65,12643.3,28772.2,15522
22_07_2026_09_20,24095.3,27515.4,1529.7,12613.3,28806.3,15512.1
22_07_2026_09_25,24048.9,27404.5,1526.75,12615,28801.8,15463.7
22_07_2026_09_30,24024.2,27365.1,1525.4,12610.8,28771.2,15453.5
22_07_2026_09_35,24024.1,27384.8,1524.45,12577,28761.1,15455.8
22_07_2026_09_40,24027,27413.8,1525.15,12563.5,28783.3,15456.2
22_07_2026_09_45,24014.4,27359.4,1521.3,12571.9,28753.8,15439.8
22_07_2026_09_50,24020.4,27349.2,1525.05,12565.2,28756.9,15439.6
22_07_2026_09_55,24020.2,27332.7,1526.35,12573.8,28787.9,15439.6
22_07_2026_10_00,24025.1,27364.4,1527.05,12576.4,28762.9,15452.5
22_07_2026_10_05,24050.9,27368.7,1529.3,12594.8,28857.6,15467.7
22_07_2026_10_10,24033.4,27387.2,1526.7,12577.8,28794.8,15457.5
22_07_2026_10_15,24021.4,27372.2,1523.45,12567.5,28775.7,15456.3
22_07_2026_10_20,24001.8,27355.8,1521.2,12574.7,28699.8,15448.2
22_07_2026_10_25,24007.6,27337.2,1519.65,12576.5,28701.7,15440.8
22_07_2026_10_30,24002.1,27342.3,1520.6,12589,28641.2,15443.9
22_07_2026_10_35,23994.1,27322.9,1518.5,12584.3,28657.9,15441.4
22_07_2026_10_40,23989.2,27342.4,1518.8,12581.3,28652.1,15444.7
22_07_2026_10_45,24010.9,27375.3,1519.55,12594.2,28667.9,15459.3
22_07_2026_10_50,24017.7,27388.9,1521.85,12592.8,28693.1,15464.5
22_07_2026_10_55,24025.9,27409.2,1521.75,12596.8,28731.8,15467
22_07_2026_11_00,24018.3,27368.1,1521.65,12600.2,28686.6,15459.5
22_07_2026_11_05,24022.3,27370.1,1522.65,12603.3,28717.1,15461.5
22_07_2026_11_10,24013.7,27380.6,1522.65,12597.8,28681.2,15462.8
22_07_2026_11_15,24024.9,27398.8,1524.6,12598.1,28690.4,15472.4
22_07_2026_11_20,24037.7,27423.4,1523.9,12600.7,28758.6,15484.2
22_07_2026_11_25,24041.6,27447.5,1524.95,12594.2,28769.4,15485
22_07_2026_11_30,24047.7,27462.2,1524.6,12596.5,28782.7,15492.5
22_07_2026_11_35,24041.8,27458.7,1524.25,12586,28768.4,15488
22_07_2026_11_40,24045.7,27458.9,1523.2,12599.5,28775.2,15494.6
22_07_2026_11_45,24039.2,27449.3,1523.5,12598.7,28782.7,15484.8
22_07_2026_11_50,24030.1,27440.8,1521.6,12584.2,28754.1,15480.5
22_07_2026_11_55,24022,27449,1522.65,12582.7,28736.6,15465.8
22_07_2026_12_00,24009.2,27443.2,1520.2,12575.4,28720.4,15457.2
22_07_2026_12_05,23999.4,27432.2,1519.2,12560.5,28718.9,15445.8
22_07_2026_12_10,23996.2,27423.2,1519,12568.5,28727.5,15444.3
22_07_2026_12_15,23978.8,27386.9,1516.9,12558.3,28693.9,15439.9
22_07_2026_12_20,23988.8,27401.3,1516.15,12559.9,28649.2,15447.6
22_07_2026_12_25,23980.9,27393.4,1516.3,12556.2,28642.1,15452.8
22_07_2026_12_30,23974.9,27371.7,1515.9,12548.2,28622.8,15446.7
22_07_2026_12_35,23965.2,27340,1514.65,12549.2,28575.7,15435.3
22_07_2026_12_40,23983.2,27347.4,1514.2,12563,28547.1,15449.3
22_07_2026_12_45,24003.1,27373.8,1517.1,12577.3,28561.3,15468.8
22_07_2026_12_50,24006.7,27392.8,1516.35,12568.1,28566.8,15475
22_07_2026_12_55,24003.6,27420.2,1515.8,12565.8,28548.4,15477.4
22_07_2026_13_00,23985.1,27400.2,1515.55,12560.2,28550.7,15467
22_07_2026_13_05,23988.8,27388.5,1515.5,12553.5,28526.1,15469.3
22_07_2026_13_10,23978.8,27367.6,1515.2,12554.2,28528.9,15457.2
22_07_2026_13_15,23979.9,27344.3,1514.8,12556.7,28546.9,15450.7
22_07_2026_13_20,23978.7,27338.2,1514,12558.5,28530.9,15452.3
22_07_2026_13_25,23979.3,27344.9,1513.9,12559.8,28532.9,15449.2
22_07_2026_13_30,23994.2,27372.1,1515.2,12581.6,28541.1,15463.1
22_07_2026_13_35,23997.8,27392,1516.65,12591,28561.3,15473.5
22_07_2026_13_40,23995.3,27374.1,1515.4,12584.1,28567.1,15469.3
22_07_2026_13_45,23981.6,27354,1514.5,12575,28559.8,15460.1
22_07_2026_13_50,23977.8,27369.2,1514.3,12573.8,28557.1,15458.5
22_07_2026_13_55,23976.5,27352.9,1509.4,12577.6,28550.3,15456.9
22_07_2026_14_00,23976,27351.5,1505.85,12574.5,28554.2,15449.5
22_07_2026_14_05,23977.4,27334.8,1504.75,12571.5,28560.8,15450.2
22_07_2026_14_10,23973.3,27307.8,1505,12559,28551.9,15439.5
22_07_2026_14_15,23984.3,27316.8,1503.5,12564.2,28552.6,15449.5
22_07_2026_14_20,23981.2,27324,1502.3,12551.7,28537.8,15444.7
22_07_2026_14_25,23972.3,27291.2,1500.15,12542.9,28515,15434.7
22_07_2026_14_30,23977.8,27305.1,1498.7,12549.8,28521.4,15440.3
22_07_2026_14_35,23983.3,27304.6,1498.75,12555.8,28540.9,15443
22_07_2026_14_40,23976.3,27304.3,1497.35,12552.5,28532.8,15440.5
22_07_2026_14_45,23981.6,27300.3,1498.2,12557.3,28525.3,15438.3
22_07_2026_14_50,23987.4,27319.1,1498.1,12553.7,28538.3,15443.7
22_07_2026_14_55,23979.9,27321.8,1497.25,12549.8,28531.9,15442.2
22_07_2026_15_00,23981.7,27305.1,1496.45,12561.3,28546,15442.3
22_07_2026_15_05,23997.9,27340.4,1497.85,12570,28559,15464.8
22_07_2026_15_10,24021.2,27342.3,1497.6,12570.5,28575.9,15467.2
22_07_2026_15_15,24016.2,27337.2,1496.55,12567.2,28551.3,15467.5
22_07_2026_15_20,23999.2,27331.1,1496.95,12556.2,28546.2,15464
22_07_2026_15_25,23991.1,27328,1497.3,12551.8,28519,15458.6
23_07_2026_09_15,23915.3,27364.9,1495.45,12537,28416.8,15423.2
23_07_2026_09_20,23950.2,27403,1497.65,12603,28408.1,15444
23_07_2026_09_25,23921.6,27390.5,1498.75,12611.4,28291.9,15439.4
23_07_2026_09_30,23917.7,27373.7,1498.05,12602.5,28348.4,15423.8
23_07_2026_09_35,23916.4,27355.1,1498.35,12575,28427.2,15413.8
23_07_2026_09_40,23907.8,27321.7,1500.15,12562.8,28399.7,15402.8
23_07_2026_09_45,23917.2,27323.2,1497.9,12554,28472.3,15404.9
23_07_2026_09_50,23922.8,27351.7,1498.05,12547.5,28406,15412.5
23_07_2026_09_55,23942.9,27394.8,1500.45,12560.2,28416.4,15431.8
23_07_2026_10_00,23962.4,27435,1505.65,12576.8,28426.1,15452.5
23_07_2026_10_05,23965.6,27453.2,1504.6,12564.9,28429.8,15453.6
23_07_2026_10_10,23957.3,27510.3,1506.5,12553.3,28449.8,15447.5
23_07_2026_10_15,23955.8,27625.4,1504.1,12565.5,28440.2,15457.3
23_07_2026_10_20,23954.8,27618.9,1501.65,12546.2,28496.6,15450.4
23_07_2026_10_25,23969.7,27624.6,1502.85,12568.2,28488.2,15457.8
23_07_2026_10_30,23962.8,27642.2,1502.5,12554,28455.8,15446.2
23_07_2026_10_35,23969.8,27682.7,1502.05,12552.3,28471.1,15456.5
23_07_2026_10_40,23974.9,27685.5,1505.85,12567.8,28511.8,15464.8
23_07_2026_10_45,23979.6,27682.6,1506.65,12567.4,28559.3,15466.7
23_07_2026_10_50,23967,27685.9,1505.65,12563.1,28508.5,15461.8
23_07_2026_10_55,23977.3,27684.1,1506.9,12576,28505.8,15470.1
23_07_2026_11_00,23986.7,27718.2,1507.55,12586.6,28476.8,15479.2
23_07_2026_11_05,23986.3,27730.8,1507.65,12593.2,28493.5,15479.2
23_07_2026_11_10,23972.1,27708.2,1507.9,12575.2,28526.8,15467.3
23_07_2026_11_15,23962.1,27728.4,1508.15,12572.2,28516.4,15466.3
23_07_2026_11_20,23954.6,27693.8,1505.8,12561,28469.5,15456
23_07_2026_11_25,23945.1,27709.2,1505.9,12548.5,28355.4,15458.5
23_07_2026_11_30,23953.2,27755.2,1505.45,12552.3,28332.3,15464
23_07_2026_11_35,23944,27745.8,1506.2,12555.5,28409.8,15458.2
23_07_2026_11_40,23947.6,27747.8,1506.85,12548.2,28431.3,15461.5
23_07_2026_11_45,23945.4,27713.2,1502.5,12548.5,28479.6,15457.8
23_07_2026_11_50,23938.2,27692.8,1502.5,12543.1,28505.9,15452.4
23_07_2026_11_55,23953.5,27713,1502.75,12562,28530.4,15465.2
23_07_2026_12_00,23945.6,27696.4,1502.9,12553.8,28574.8,15458.8
23_07_2026_12_05,23959.3,27709.5,1502.85,12561.1,28643.8,15464.2
23_07_2026_12_10,23934.8,27682.6,1499.65,12540.5,28596.8,15452.5
23_07_2026_12_15,23935.8,27684.3,1499.75,12538.5,28542.5,15453.2
23_07_2026_12_20,23925.1,27666.7,1499.1,12527.7,28539.1,15448
23_07_2026_12_25,23911.8,27641.5,1498.2,12517,28496.9,15442.3
23_07_2026_12_30,23899.7,27625.1,1497,12505.4,28488.1,15435.3
23_07_2026_12_35,23886.8,27606.8,1503.3,12493.2,28468.7,15429.8
23_07_2026_12_40,23856.9,27580.9,1502.75,12473.3,28429.3,15410.9
23_07_2026_12_45,23852.2,27592.2,1503.1,12467.8,28423.6,15409.2
23_07_2026_12_50,23854.6,27580.9,1503.15,12471.5,28402.8,15406.4
23_07_2026_12_55,23852.6,27583.4,1499.95,12474.7,28403.2,15403.3
23_07_2026_13_00,23842.6,27560.1,1498.2,12457.8,28370.4,15396.5
23_07_2026_13_05,23833.1,27553.1,1500.5,12458,28380.8,15389.8
23_07_2026_13_10,23831.9,27540.1,1503,12455.7,28407.8,15384.4
23_07_2026_13_15,23831,27529.8,1511.05,12446,28424.7,15383.2
23_07_2026_13_20,23839.8,27526.1,1510.95,12452.8,28409.6,15388.4
23_07_2026_13_25,23838.1,27548.6,1508.05,12450,28415.2,15387.2
23_07_2026_13_30,23829.8,27545.7,1508.65,12444.5,28427.5,15378.7
23_07_2026_13_35,23855,27555.8,1507.6,12468.9,28462.2,15393
23_07_2026_13_40,23850.8,27542.4,1507.75,12463.3,28481.8,15391.8
23_07_2026_13_45,23863.5,27542.3,1508.35,12465,28504.6,15397.4
23_07_2026_13_50,23857.6,27540.4,1508.55,12454.8,28497.4,15393.8
23_07_2026_13_55,23861.9,27537.8,1509.3,12454.3,28527.8,15394.6
23_07_2026_14_00,23864.2,27530.1,1507.65,12451,28531.5,15386.5
23_07_2026_14_05,23852.7,27530.8,1505.7,12436.7,28532.7,15381.2
23_07_2026_14_10,23850.6,27512.2,1507.9,12434.8,28512.1,15379.5
23_07_2026_14_15,23852.2,27504.8,1512.55,12427.2,28540.1,15374
23_07_2026_14_20,23864.2,27507.6,1513.1,12438.5,28538.9,15376.8
23_07_2026_14_25,23859.7,27523.4,1511.35,12441.1,28566,15374
23_07_2026_14_30,23888.8,27552.6,1515.4,12462.2,28677.7,15389.3
23_07_2026_14_35,23851.5,27494.3,1511.8,12446.9,28558.7,15361.2
23_07_2026_14_40,23835.8,27469.9,1512.1,12432.3,28512.8,15353.8
23_07_2026_14_45,23817.9,27462.4,1510.9,12430.2,28481.2,15347.5
23_07_2026_14_50,23823.8,27471.2,1510.4,12443.5,28516.8,15354.4
23_07_2026_14_55,23840.3,27481.9,1504.1,12446.2,28501.3,15362.2
23_07_2026_15_00,23847.1,27501.1,1498.7,12462.3,28503.9,15367.7
23_07_2026_15_05,23868.9,27538.6,1500.15,12480.6,28540.6,15382.9
23_07_2026_15_10,23873.1,27538.6,1499.05,12477.8,28512.7,15385.8
23_07_2026_15_15,23866.7,27522.6,1498.95,12468.5,28525.1,15381.6
23_07_2026_15_20,23881.9,27515.6,1498.9,12472,28582.9,15386.7
23_07_2026_15_25,23871.7,27516.2,1500.55,12471.2,28618.2,15382.8
24_07_2026_09_15,23751.7,27301.4,1500.95,12387.7,28756.6,15258.7
24_07_2026_09_20,23731.4,27259.1,1499.5,12365.5,28663.4,15251.9
24_07_2026_09_25,23703.6,27254.8,1497.8,12361.2,28600.3,15233.2
24_07_2026_09_30,23688.6,27261.4,1501.75,12351.8,28604.1,15234.8
24_07_2026_09_35,23669.4,27202.8,1497.95,12355,28434.2,15226.8
24_07_2026_09_40,23656.7,27205.2,1498.2,12336.1,28454.1,15216.8
24_07_2026_09_45,23649,27163.4,1495.15,12320.2,28560.2,15198.4
24_07_2026_09_50,23653.7,27144.6,1494.4,12317,28568.8,15196.6
24_07_2026_09_55,23646.1,27146.7,1492.8,12319.5,28470.3,15201
24_07_2026_10_00,23624.7,27087.7,1492.15,12309.2,28483.9,15182.2
24_07_2026_10_05,23619.1,27071,1490.4,12318.5,28417.3,15174.2
24_07_2026_10_10,23608.7,27046.1,1488.85,12307.2,28390.3,15160.2
24_07_2026_10_15,23611.9,27064.8,1488.9,12302.7,28429.1,15166.2
24_07_2026_10_20,23620,27052.8,1488.6,12297.2,28291.2,15177.3
24_07_2026_10_25,23622.2,27078.9,1487.1,12309.2,28260.2,15179.3
24_07_2026_10_30,23614.9,27087.8,1485.75,12306.2,28239,15172.8
24_07_2026_10_35,23637.2,27131.6,1491.15,12328.7,28301.6,15192.5
24_07_2026_10_40,23640.9,27121.1,1489.65,12322,28323.8,15192.7
24_07_2026_10_45,23649.1,27131.2,1492.85,12329.5,28334.8,15196.2
24_07_2026_10_50,23637.1,27102.9,1490.9,12323.5,28278.1,15195.8
24_07_2026_10_55,23627.7,27082.3,1489.4,12306.6,28270.9,15186.2
24_07_2026_11_00,23633.7,27073.2,1492.3,12308.3,28262.5,15186.1
24_07_2026_11_05,23628.8,27064.6,1492.55,12303.9,28242.5,15184.4
24_07_2026_11_10,23624.2,27100.6,1491.8,12312.5,28242.7,15184.7
24_07_2026_11_15,23651.8,27172.8,1495.55,12333.2,28255.3,15210.5
24_07_2026_11_20,23670.2,27181.7,1498.65,12347.8,28260.6,15221.8
24_07_2026_11_25,23655.7,27172.2,1498.85,12337.8,28219.4,15213
24_07_2026_11_30,23653.3,27189.4,1498.65,12343.4,28161.8,15216.2
24_07_2026_11_35,23663.2,27179.6,1499.3,12344.9,28238.2,15219.2
24_07_2026_11_40,23682.2,27180.6,1501.85,12357.8,28328.2,15227.6
24_07_2026_11_45,23698.2,27211.4,1506.4,12376.7,28335.1,15240.8
24_07_2026_11_50,23704.1,27245.5,1506.85,12386.8,28347.9,15248.6
24_07_2026_11_55,23696.7,27227.3,1509.25,12379.8,28313.6,15245.5
24_07_2026_12_00,23713.9,27207.3,1508.4,12387.5,28331.8,15253.7
24_07_2026_12_05,23713.1,27181.3,1507.9,12389.2,28332.4,15254.7
24_07_2026_12_10,23702.8,27158.1,1508.3,12387.8,28339.4,15247.9
24_07_2026_12_15,23717.2,27171,1508.95,12382.4,28393.1,15252.8
24_07_2026_12_20,23737.4,27207.1,1510.8,12395.2,28449.8,15261.8
24_07_2026_12_25,23784.2,27234.9,1514.55,12416.5,28469.7,15285
24_07_2026_12_30,23766.5,27224.8,1518.1,12405.8,28471.7,15271.5
24_07_2026_12_35,23771.2,27227.7,1518.05,12400.4,28489.9,15279.7
24_07_2026_12_40,23793.7,27253,1520.35,12419.2,28552.8,15293.8
24_07_2026_12_45,23799.9,27268.8,1519.6,12426.4,28511.7,15295.2
24_07_2026_12_50,23795.4,27297.9,1519.85,12418.2,28505.4,15295.8
24_07_2026_12_55,23797.5,27293.5,1521,12418.5,28536.2,15295.2
24_07_2026_13_00,23774.7,27270.9,1521.35,12411,28511.3,15285.2
24_07_2026_13_05,23767.5,27246.7,1520.65,12405.1,28514.1,15275.2
24_07_2026_13_10,23783.8,27262.7,1519.8,12416.5,28519.8,15286.7
24_07_2026_13_15,23790.9,27263.5,1521.15,12416,28534.3,15290.2
24_07_2026_13_20,23791.1,27262.6,1521.95,12410.1,28567,15290.5
24_07_2026_13_25,23790.7,27250.1,1523.45,12407.8,28576.2,15290.2
24_07_2026_13_30,23765.7,27211.1,1520.8,12387,28550.1,15270.2
24_07_2026_13_35,23766.3,27214.4,1522.2,12399.5,28527.6,15270.8
24_07_2026_13_40,23747.8,27194.7,1522.45,12391.6,28506.5,15259.2
24_07_2026_13_45,23762.3,27212.3,1523.2,12393.6,28510.8,15275
24_07_2026_13_50,23784.1,27217.6,1522.95,12397.8,28514.4,15292.8
24_07_2026_13_55,23802.9,27254.1,1524.35,12405.4,28559.8,15301.1
24_07_2026_14_00,23817.2,27272.7,1525.9,12414,28632,15308.2
24_07_2026_14_05,23800.3,27259.6,1524.75,12410.7,28605.7,15298.6
24_07_2026_14_10,23797.4,27245.5,1524.1,12403.8,28668.4,15286.4
24_07_2026_14_15,23789.9,27234.8,1523.2,12408.8,28676.1,15284.2
24_07_2026_14_20,23776,27214.6,1521.6,12403.9,28673.9,15276.1
24_07_2026_14_25,23777.7,27214.8,1521.3,12416.7,28641.7,15271.7
24_07_2026_14_30,23767.2,27217.3,1519.1,12417.2,28653.4,15267.8
24_07_2026_14_35,23772.3,27200.8,1519.05,12407.9,28718.8,15265
24_07_2026_14_40,23768.4,27231.6,1520,12411.6,28695,15274.7
24_07_2026_14_45,23773.7,27212.4,1520.8,12406.3,28763.4,15271
24_07_2026_14_50,23790.4,27239.9,1522.35,12409.9,28730,15290.2
24_07_2026_14_55,23776.8,27220.9,1520.25,12402.8,28749.1,15277.5
24_07_2026_15_00,23756.4,27212.4,1520.3,12396.2,28790.8,15272.2
24_07_2026_15_05,23757.2,27202.4,1521.4,12395.3,28769.6,15272.8
24_07_2026_15_10,23771.9,27221.2,1524.35,12405.2,28793.8,15283.5
24_07_2026_15_15,23772.7,27224.7,1530.15,12400,28786.7,15287.4
24_07_2026_15_20,23779.4,27233.6,1531.05,12408.3,28759.8,15292.2
24_07_2026_15_25,23787,27237.4,1528.4,12408.1,28715.2,15294
