Date,Open,High,Low,Close,Volume,
27_03_2026_09_15,15628.90,15638.90,15494.00,15497.40,0,
27_03_2026_09_20,15496.80,15598.80,15490.50,15569.80,0,
27_03_2026_09_25,15570.50,15594.60,15564.80,15569.80,0,
27_03_2026_09_30,15568.80,15572.70,15529.60,15529.60,0,
27_03_2026_09_35,15529.80,15532.40,15500.50,15529.30,0,
27_03_2026_09_40,15529.90,15560.80,15529.90,15558.00,0,
27_03_2026_09_45,15558.30,15559.10,15541.80,15551.80,0,
27_03_2026_09_50,15551.20,15551.50,15514.80,15514.80,0,
27_03_2026_09_55,15514.80,15515.20,15483.80,15495.50,0,
27_03_2026_10_00,15495.30,15522.60,15488.80,15504.00,0,
27_03_2026_10_05,15503.60,15504.20,15477.50,15486.60,0,
27_03_2026_10_10,15486.40,15486.40,15455.20,15459.00,0,
27_03_2026_10_15,15459.50,15459.50,15427.30,15431.30,0,
27_03_2026_10_20,15431.40,15444.20,15423.20,15444.20,0,
27_03_2026_10_25,15443.80,15458.50,15438.30,15446.80,0,
27_03_2026_10_30,15446.80,15477.20,15445.40,15448.50,0,
27_03_2026_10_35,15448.50,15459.80,15443.50,15459.20,0,
27_03_2026_10_40,15459.10,15459.40,15447.00,15449.10,0,
27_03_2026_10_45,15449.50,15449.50,15438.00,15441.10,0,
27_03_2026_10_50,15441.50,15447.20,15426.30,15426.70,0,
27_03_2026_10_55,15426.70,15446.60,15425.20,15438.20,0,
27_03_2026_11_00,15438.40,15454.20,15433.00,15440.00,0,
27_03_2026_11_05,15440.00,15452.70,15434.00,15452.50,0,
27_03_2026_11_10,15452.00,15461.40,15438.00,15444.40,0,
27_03_2026_11_15,15443.50,15455.70,15435.50,15438.10,0,
27_03_2026_11_20,15438.20,15439.00,15421.80,15422.60,0,
27_03_2026_11_25,15422.10,15436.00,15410.50,15414.20,0,
27_03_2026_11_30,15413.80,15429.70,15412.80,15419.30,0,
27_03_2026_11_35,15419.40,15449.50,15419.40,15440.20,0,
27_03_2026_11_40,15440.10,15440.20,15420.60,15438.20,0,
27_03_2026_11_45,15438.00,15445.80,15426.70,15431.70,0,
27_03_2026_11_50,15431.00,15453.80,15427.70,15450.40,0,
27_03_2026_11_55,15450.30,15451.50,15428.20,15448.80,0,
27_03_2026_12_00,15447.50,15447.50,15426.50,15440.70,0,
27_03_2026_12_05,15440.50,15445.80,15427.70,15437.50,0,
27_03_2026_12_10,15436.70,15447.50,15431.30,15434.20,0,
27_03_2026_12_15,15434.20,15435.10,15405.80,15409.30,0,
27_03_2026_12_20,15409.60,15428.60,15405.00,15428.20,0,
27_03_2026_12_25,15428.40,15471.00,15428.20,15460.30,0,
27_03_2026_12_30,15460.00,15460.00,15435.50,15454.40,0,
27_03_2026_12_35,15454.20,15459.90,15437.20,15444.20,0,
27_03_2026_12_40,15444.30,15459.40,15437.80,15457.80,0,
27_03_2026_12_45,15457.50,15461.80,15445.90,15458.20,0,
27_03_2026_12_50,15458.20,15481.80,15448.00,15463.70,0,
27_03_2026_12_55,15463.00,15470.00,15456.90,15460.00,0,
27_03_2026_13_00,15459.90,15469.40,15457.30,15457.80,0,
27_03_2026_13_05,15457.60,15466.70,15455.70,15458.80,0,
27_03_2026_13_10,15459.00,15484.00,15457.20,15483.00,0,
27_03_2026_13_15,15483.30,15527.00,15478.20,15511.40,0,
27_03_2026_13_20,15511.00,15511.00,15486.50,15493.70,0,
27_03_2026_13_25,15493.80,15506.00,15471.80,15473.60,0,
27_03_2026_13_30,15473.50,15483.50,15465.20,15475.00,0,
27_03_2026_13_35,15475.00,15487.20,15464.70,15470.30,0,
27_03_2026_13_40,15470.50,15501.30,15468.30,15486.90,0,
27_03_2026_13_45,15487.50,15497.40,15479.50,15481.20,0,
27_03_2026_13_50,15480.60,15494.40,15478.40,15488.50,0,
27_03_2026_13_55,15488.70,15497.20,15473.00,15482.40,0,
27_03_2026_14_00,15482.30,15486.20,15473.70,15483.90,0,
27_03_2026_14_05,15483.80,15485.70,15456.30,15466.50,0,
27_03_2026_14_10,15466.70,15473.80,15450.80,15473.40,0,
27_03_2026_14_15,15473.20,15473.20,15449.20,15450.90,0,
27_03_2026_14_20,15450.70,15456.50,15436.30,15448.80,0,
27_03_2026_14_25,15449.00,15455.70,15435.20,15445.50,0,
27_03_2026_14_30,15445.00,15446.20,15422.00,15426.00,0,
27_03_2026_14_35,15426.50,15440.10,15418.20,15421.50,0,
27_03_2026_14_40,15421.20,15448.30,15416.70,15432.30,0,
27_03_2026_14_45,15432.20,15443.50,15427.20,15434.80,0,
27_03_2026_14_50,15435.20,15445.00,15429.20,15436.30,0,
27_03_2026_14_55,15436.70,15437.70,15411.30,15411.30,0,
27_03_2026_15_00,15410.70,15410.70,15367.50,15379.70,0,
27_03_2026_15_05,15379.20,15392.30,15372.50,15391.70,0,
27_03_2026_15_10,15392.50,15409.20,15392.00,15400.50,0,
27_03_2026_15_15,15400.80,15413.80,15396.50,15410.70,0,
27_03_2026_15_20,15409.20,15411.70,15394.30,15406.80,0,
27_03_2026_15_25,15405.50,15408.90,15389.20,15396.70,0,
30_03_2026_09_15,15214.20,15228.90,15094.80,15134.00,0,
30_03_2026_09_20,15133.30,15167.80,15126.90,15130.30,0,
30_03_2026_09_25,15127.80,15154.00,15121.70,15149.20,0,
30_03_2026_09_30,15151.20,15205.90,15151.00,15205.00,0,
30_03_2026_09_35,15204.70,15213.80,15181.50,15181.50,0,
30_03_2026_09_40,15180.70,15201.20,15168.30,15186.70,0,
30_03_2026_09_45,15186.30,15215.30,15173.20,15173.50,0,
30_03_2026_09_50,15173.00,15206.00,15166.80,15171.50,0,
30_03_2026_09_55,15171.00,15174.30,15145.10,15157.70,0,
30_03_2026_10_00,15157.30,15186.00,15154.10,15178.80,0,
30_03_2026_10_05,15177.90,15177.90,15128.20,15132.20,0,
30_03_2026_10_10,15130.80,15131.70,15099.10,15128.20,0,
30_03_2026_10_15,15128.00,15135.20,15089.90,15092.10,0,
30_03_2026_10_20,15092.20,15098.70,15082.30,15092.40,0,
30_03_2026_10_25,15091.30,15104.00,15082.20,15083.50,0,
30_03_2026_10_30,15083.80,15089.00,15073.80,15088.50,0,
30_03_2026_10_35,15088.50,15119.00,15087.20,15111.80,0,
30_03_2026_10_40,15112.00,15113.70,15075.50,15076.20,0,
30_03_2026_10_45,15076.30,15088.00,15072.70,15082.50,0,
30_03_2026_10_50,15082.90,15090.00,15057.60,15060.80,0,
30_03_2026_10_55,15061.20,15082.00,15053.50,15055.50,0,
30_03_2026_11_00,15055.50,15065.00,15052.10,15062.00,0,
30_03_2026_11_05,15062.20,15064.30,15049.80,15049.80,0,
30_03_2026_11_10,15048.50,15052.20,15035.20,15045.50,0,
30_03_2026_11_15,15044.50,15065.80,15044.00,15057.00,0,
30_03_2026_11_20,15056.50,15075.80,15051.00,15052.50,0,
30_03_2026_11_25,15052.50,15053.70,15042.00,15045.30,0,
30_03_2026_11_30,15044.30,15067.20,15041.80,15064.50,0,
30_03_2026_11_35,15063.70,15092.50,15063.70,15071.50,0,
30_03_2026_11_40,15070.30,15071.90,15045.60,15045.80,0,
30_03_2026_11_45,15045.00,15049.50,15037.50,15045.80,0,
30_03_2026_11_50,15045.50,15056.80,15033.20,15053.80,0,
30_03_2026_11_55,15053.50,15073.00,15053.50,15067.30,0,
30_03_2026_12_00,15066.80,15128.50,15063.20,15114.20,0,
30_03_2026_12_05,15114.10,15133.50,15088.30,15101.00,0,
30_03_2026_12_10,15101.00,15115.30,15099.80,15109.50,0,
30_03_2026_12_15,15108.80,15117.50,15098.80,15110.80,0,
30_03_2026_12_20,15110.60,15137.40,15096.30,15096.30,0,
30_03_2026_12_25,15096.70,15099.80,15076.30,15092.40,0,
30_03_2026_12_30,15091.80,15098.70,15084.20,15089.50,0,
30_03_2026_12_35,15089.50,15121.00,15087.50,15118.80,0,
30_03_2026_12_40,15118.20,15127.20,15113.20,15117.90,0,
30_03_2026_12_45,15118.20,15119.20,15090.70,15091.20,0,
30_03_2026_12_50,15091.70,15098.00,15064.40,15078.20,0,
30_03_2026_12_55,15077.60,15080.50,15069.40,15078.50,0,
30_03_2026_13_00,15077.20,15083.20,15066.40,15072.00,0,
30_03_2026_13_05,15072.00,15110.00,15071.30,15089.50,0,
30_03_2026_13_10,15089.00,15108.30,15079.30,15095.00,0,
30_03_2026_13_15,15094.50,15111.30,15094.00,15097.00,0,
30_03_2026_13_20,15096.60,15102.00,15091.00,15093.50,0,
30_03_2026_13_25,15093.00,15093.90,15072.90,15088.00,0,
30_03_2026_13_30,15087.20,15114.90,15079.80,15114.90,0,
30_03_2026_13_35,15115.50,15130.30,15108.70,15114.50,0,
30_03_2026_13_40,15114.20,15118.00,15072.80,15081.40,0,
30_03_2026_13_45,15080.60,15086.80,15070.80,15072.50,0,
30_03_2026_13_50,15071.90,15076.90,15051.90,15053.00,0,
30_03_2026_13_55,15051.00,15053.60,15039.30,15041.00,0,
30_03_2026_14_00,15040.20,15098.20,15039.60,15080.30,0,
30_03_2026_14_05,15080.60,15090.80,15075.30,15075.40,0,
30_03_2026_14_10,15074.20,15074.90,15050.00,15058.80,0,
30_03_2026_14_15,15058.20,15064.20,15052.50,15055.90,0,
30_03_2026_14_20,15055.30,15069.30,15029.70,15031.30,0,
30_03_2026_14_25,15031.00,15042.30,15026.10,15026.70,0,
30_03_2026_14_30,15025.30,15051.80,15008.40,15008.70,0,
30_03_2026_14_35,15008.00,15024.30,15001.50,15015.50,0,
30_03_2026_14_40,15015.50,15032.50,15011.40,15021.50,0,
30_03_2026_14_45,15019.50,15030.70,15003.50,15012.30,0,
30_03_2026_14_50,15010.70,15021.20,14990.50,14992.00,0,
30_03_2026_14_55,14992.00,14999.40,14981.70,14987.00,0,
30_03_2026_15_00,14987.60,14988.20,14954.90,14959.30,0,
30_03_2026_15_05,14959.90,14973.50,14959.80,14967.60,0,
30_03_2026_15_10,14967.80,15003.20,14967.60,14990.80,0,
30_03_2026_15_15,14991.00,14998.30,14984.50,14985.00,0,
30_03_2026_15_20,14985.10,14998.10,14982.60,14996.50,0,
30_03_2026_15_25,14996.30,15014.00,14974.20,14986.80,0,
01_04_2026_09_15,15377.80,15417.80,15351.90,15412.80,0,
01_04_2026_09_20,15411.80,15451.40,15411.80,15448.50,0,
01_04_2026_09_25,15449.20,15487.20,15449.20,15485.80,0,
01_04_2026_09_30,15486.50,15500.00,15422.50,15423.50,0,
01_04_2026_09_35,15423.20,15423.20,15400.50,15400.60,0,
01_04_2026_09_40,15400.70,15445.60,15400.50,15422.80,0,
01_04_2026_09_45,15422.50,15452.70,15412.70,15452.50,0,
01_04_2026_09_50,15452.50,15476.70,15445.80,15467.00,0,
01_04_2026_09_55,15466.80,15468.00,15441.40,15449.80,0,
01_04_2026_10_00,15450.20,15474.20,15450.00,15463.70,0,
01_04_2026_10_05,15463.70,15466.70,15434.00,15434.90,0,
01_04_2026_10_10,15434.50,15434.70,15414.20,15421.80,0,
01_04_2026_10_15,15421.60,15433.10,15415.30,15423.70,0,
01_04_2026_10_20,15423.90,15435.50,15383.00,15383.50,0,
01_04_2026_10_25,15383.80,15383.80,15357.70,15378.70,0,
01_04_2026_10_30,15382.00,15401.70,15368.00,15387.80,0,
01_04_2026_10_35,15387.50,15400.20,15384.50,15397.80,0,
01_04_2026_10_40,15398.80,15398.80,15376.30,15384.00,0,
01_04_2026_10_45,15384.20,15388.50,15367.60,15373.00,0,
01_04_2026_10_50,15373.00,15373.30,15353.30,15354.10,0,
01_04_2026_10_55,15353.80,15353.80,15328.20,15335.00,0,
01_04_2026_11_00,15335.10,15335.10,15312.30,15313.00,0,
01_04_2026_11_05,15313.30,15342.80,15301.10,15321.50,0,
01_04_2026_11_10,15321.80,15341.80,15312.40,15319.20,0,
01_04_2026_11_15,15318.80,15326.70,15313.80,15326.70,0,
01_04_2026_11_20,15326.70,15344.70,15323.20,15342.30,0,
01_04_2026_11_25,15342.50,15348.50,15338.70,15341.20,0,
01_04_2026_11_30,15341.20,15367.60,15340.50,15352.00,0,
01_04_2026_11_35,15352.10,15370.00,15350.00,15369.00,0,
01_04_2026_11_40,15369.50,15373.70,15355.90,15358.50,0,
01_04_2026_11_45,15358.30,15358.80,15322.00,15334.30,0,
01_04_2026_11_50,15334.00,15342.60,15323.60,15324.50,0,
01_04_2026_11_55,15324.50,15352.60,15319.00,15351.20,0,
01_04_2026_12_00,15350.90,15390.90,15350.40,15384.50,0,
01_04_2026_12_05,15384.20,15404.50,15376.50,15403.00,0,
01_04_2026_12_10,15403.20,15431.00,15402.50,15429.00,0,
01_04_2026_12_15,15429.20,15437.00,15423.80,15431.70,0,
01_04_2026_12_20,15431.30,15434.40,15425.70,15427.90,0,
01_04_2026_12_25,15427.70,15448.10,15425.80,15447.80,0,
01_04_2026_12_30,15447.20,15460.70,15442.30,15442.80,0,
01_04_2026_12_35,15442.40,15459.00,15439.30,15458.30,0,
01_04_2026_12_40,15458.00,15467.50,15448.10,15453.00,0,
01_04_2026_12_45,15453.10,15489.20,15452.20,15478.10,0,
01_04_2026_12_50,15478.00,15478.50,15462.80,15476.80,0,
01_04_2026_12_55,15476.50,15476.70,15460.30,15461.80,0,
01_04_2026_13_00,15462.20,15479.20,15460.20,15463.70,0,
01_04_2026_13_05,15463.90,15480.20,15463.70,15470.00,0,
01_04_2026_13_10,15470.00,15473.20,15447.80,15473.10,0,
01_04_2026_13_15,15473.10,15485.50,15449.70,15451.80,0,
01_04_2026_13_20,15451.00,15451.30,15424.90,15435.70,0,
01_04_2026_13_25,15436.10,15439.00,15423.00,15436.20,0,
01_04_2026_13_30,15436.00,15436.30,15407.20,15420.10,0,
01_04_2026_13_35,15420.20,15420.70,15389.00,15405.50,0,
01_04_2026_13_40,15405.60,15405.60,15311.40,15342.70,0,
01_04_2026_13_45,15343.50,15366.80,15320.00,15352.60,0,
01_04_2026_13_50,15352.70,15359.20,15349.30,15353.70,0,
01_04_2026_13_55,15353.30,15372.20,15347.40,15353.60,0,
01_04_2026_14_00,15353.80,15367.00,15342.70,15355.80,0,
01_04_2026_14_05,15356.20,15360.70,15348.20,15357.00,0,
01_04_2026_14_10,15356.70,15369.60,15342.30,15367.80,0,
01_04_2026_14_15,15368.00,15368.00,15335.20,15352.70,0,
01_04_2026_14_20,15352.50,15354.40,15327.50,15340.40,0,
01_04_2026_14_25,15340.50,15345.90,15336.00,15343.30,0,
01_04_2026_14_30,15343.30,15345.90,15321.20,15326.10,0,
01_04_2026_14_35,15326.60,15326.60,15290.80,15294.50,0,
01_04_2026_14_40,15293.70,15296.00,15270.30,15280.10,0,
01_04_2026_14_45,15280.00,15280.00,15235.30,15255.70,0,
01_04_2026_14_50,15256.30,15265.10,15241.00,15254.50,0,
01_04_2026_14_55,15254.50,15280.20,15253.30,15262.20,0,
01_04_2026_15_00,15262.50,15305.30,15262.50,15300.90,0,
01_04_2026_15_05,15302.10,15323.20,15299.90,15320.30,0,
01_04_2026_15_10,15321.70,15325.00,15289.70,15291.50,0,
01_04_2026_15_15,15291.30,15302.70,15282.20,15293.60,0,
01_04_2026_15_20,15296.20,15297.90,15289.10,15295.80,0,
01_04_2026_15_25,15296.70,15298.90,15285.50,15298.80,0,
02_04_2026_09_15,15114.30,15117.30,14897.50,14902.10,0,
02_04_2026_09_20,14902.20,14905.00,14842.20,14882.70,0,
02_04_2026_09_25,14883.20,14890.80,14865.00,14874.20,0,
02_04_2026_09_30,14873.60,14890.50,14865.00,14876.20,0,
02_04_2026_09_35,14876.70,14917.10,14867.10,14883.80,0,
02_04_2026_09_40,14883.30,14913.20,14881.20,14905.60,0,
02_04_2026_09_45,14906.20,14909.30,14855.80,14858.80,0,
02_04_2026_09_50,14859.20,14872.30,14845.80,14848.80,0,
02_04_2026_09_55,14848.80,14854.50,14835.50,14835.70,0,
02_04_2026_10_00,14835.30,14861.00,14831.80,14839.60,0,
02_04_2026_10_05,14838.50,14839.20,14807.40,14807.40,0,
02_04_2026_10_10,14806.70,14858.00,14804.50,14853.20,0,
02_04_2026_10_15,14853.80,14853.80,14827.00,14834.60,0,
02_04_2026_10_20,14834.90,14855.80,14820.20,14820.50,0,
02_04_2026_10_25,14820.80,14852.10,14820.00,14846.10,0,
02_04_2026_10_30,14845.70,14872.00,14841.30,14856.60,0,
02_04_2026_10_35,14856.20,14877.30,14851.50,14871.10,0,
02_04_2026_10_40,14874.80,14896.50,14872.90,14884.30,0,
02_04_2026_10_45,14884.50,14886.60,14849.80,14862.70,0,
02_04_2026_10_50,14862.50,14885.80,14850.10,14880.80,0,
02_04_2026_10_55,14880.80,14894.00,14873.60,14893.30,0,
02_04_2026_11_00,14893.20,14921.70,14893.20,14907.00,0,
02_04_2026_11_05,14907.20,14923.70,14906.20,14914.50,0,
02_04_2026_11_10,14914.80,14915.80,14898.80,14906.70,0,
02_04_2026_11_15,14907.20,14926.40,14906.40,14921.40,0,
02_04_2026_11_20,14921.50,14925.70,14912.70,14922.40,0,
02_04_2026_11_25,14922.80,14938.10,14920.70,14922.80,0,
02_04_2026_11_30,14923.20,14949.10,14922.00,14943.80,0,
02_04_2026_11_35,14944.50,14967.20,14943.80,14967.20,0,
02_04_2026_11_40,14967.50,14969.70,14952.80,14965.80,0,
02_04_2026_11_45,14965.80,14981.00,14965.70,14975.50,0,
02_04_2026_11_50,14974.90,14986.50,14972.70,14986.00,0,
02_04_2026_11_55,14986.10,15019.90,14984.80,14994.80,0,
02_04_2026_12_00,14995.30,15004.80,14974.70,14974.70,0,
02_04_2026_12_05,14974.60,14976.50,14956.30,14972.80,0,
02_04_2026_12_10,14973.20,14987.30,14972.60,14986.80,0,
02_04_2026_12_15,14987.30,14993.40,14982.80,14985.00,0,
02_04_2026_12_20,14985.00,14986.40,14944.20,14974.20,0,
02_04_2026_12_25,14974.10,14993.80,14971.50,14993.80,0,
02_04_2026_12_30,14993.50,15019.50,14993.50,15009.70,0,
02_04_2026_12_35,15009.70,15040.80,15007.20,15024.60,0,
02_04_2026_12_40,15025.20,15041.50,15023.80,15035.30,0,
02_04_2026_12_45,15035.80,15036.70,15004.50,15015.20,0,
02_04_2026_12_50,15015.50,15020.80,15001.20,15004.20,0,
02_04_2026_12_55,15004.60,15041.30,15004.50,15037.70,0,
02_04_2026_13_00,15037.80,15057.20,15035.90,15036.60,0,
02_04_2026_13_05,15037.00,15039.10,15005.40,15034.00,0,
02_04_2026_13_10,15034.20,15034.20,15018.70,15031.80,0,
02_04_2026_13_15,15032.00,15051.00,15027.70,15048.50,0,
02_04_2026_13_20,15048.30,15082.20,15046.60,15081.80,0,
02_04_2026_13_25,15083.10,15107.30,15069.80,15106.30,0,
02_04_2026_13_30,15106.70,15124.70,15086.70,15101.30,0,
02_04_2026_13_35,15102.00,15126.80,15087.70,15125.20,0,
02_04_2026_13_40,15125.30,15137.10,15120.20,15132.50,0,
02_04_2026_13_45,15132.20,15146.80,15129.60,15133.30,0,
02_04_2026_13_50,15133.30,15151.30,15125.70,15138.70,0,
02_04_2026_13_55,15138.50,15147.60,15124.70,15147.60,0,
02_04_2026_14_00,15147.40,15171.60,15145.20,15171.00,0,
02_04_2026_14_05,15171.10,15174.80,15150.60,15167.80,0,
02_04_2026_14_10,15168.00,15207.00,15168.00,15206.80,0,
02_04_2026_14_15,15207.00,15229.00,15195.00,15220.20,0,
02_04_2026_14_20,15220.20,15230.30,15213.80,15229.00,0,
02_04_2026_14_25,15229.60,15240.50,15211.30,15222.20,0,
02_04_2026_14_30,15222.50,15250.00,15213.90,15242.20,0,
02_04_2026_14_35,15242.80,15243.00,15200.20,15203.80,0,
02_04_2026_14_40,15204.50,15206.50,15151.00,15152.70,0,
02_04_2026_14_45,15153.50,15189.20,15141.40,15172.70,0,
02_04_2026_14_50,15172.30,15207.90,15167.20,15206.00,0,
02_04_2026_14_55,15205.90,15211.50,15195.20,15208.50,0,
02_04_2026_15_00,15208.70,15244.60,15208.70,15242.30,0,
02_04_2026_15_05,15243.70,15298.20,15243.70,15297.40,0,
02_04_2026_15_10,15299.80,15305.20,15288.30,15293.80,0,
02_04_2026_15_15,15294.80,15299.00,15265.40,15265.40,0,
02_04_2026_15_20,15264.80,15270.80,15248.00,15268.80,0,
02_04_2026_15_25,15269.60,15273.50,15257.30,15273.50,0,
06_04_2026_09_15,15302.20,15352.00,15096.70,15153.30,0,
06_04_2026_09_20,15157.60,15202.50,15138.20,15168.20,0,
06_04_2026_09_25,15168.70,15199.20,15154.80,15185.30,0,
06_04_2026_09_30,15183.80,15273.90,15179.20,15267.20,0,
06_04_2026_09_35,15267.00,15335.80,15265.60,15302.30,0,
06_04_2026_09_40,15302.80,15311.30,15247.80,15276.70,0,
06_04_2026_09_45,15276.80,15296.70,15255.30,15259.50,0,
06_04_2026_09_50,15258.90,15259.00,15220.00,15239.50,0,
06_04_2026_09_55,15239.20,15251.20,15232.70,15233.70,0,
06_04_2026_10_00,15235.80,15255.40,15220.10,15249.20,0,
06_04_2026_10_05,15249.10,15282.30,15239.10,15266.50,0,
06_04_2026_10_10,15267.00,15303.80,15256.30,15303.80,0,
06_04_2026_10_15,15303.30,15324.80,15266.20,15288.50,0,
06_04_2026_10_20,15288.30,15308.30,15286.20,15286.30,0,
06_04_2026_10_25,15284.80,15286.20,15258.60,15277.80,0,
06_04_2026_10_30,15278.00,15285.80,15252.00,15280.40,0,
06_04_2026_10_35,15280.50,15302.20,15277.20,15301.80,0,
06_04_2026_10_40,15301.80,15304.70,15284.70,15303.30,0,
06_04_2026_10_45,15303.80,15323.80,15300.60,15322.70,0,
06_04_2026_10_50,15323.00,15335.10,15285.50,15292.80,0,
06_04_2026_10_55,15292.60,15312.00,15285.40,15303.50,0,
06_04_2026_11_00,15303.70,15304.50,15274.80,15275.80,0,
06_04_2026_11_05,15276.00,15287.30,15266.20,15282.50,0,
06_04_2026_11_10,15282.50,15282.50,15232.00,15253.30,0,
06_04_2026_11_15,15253.60,15266.70,15237.70,15266.30,0,
06_04_2026_11_20,15266.80,15279.80,15253.60,15268.30,0,
06_04_2026_11_25,15267.40,15295.20,15262.70,15294.80,0,
06_04_2026_11_30,15294.70,15298.40,15267.50,15275.90,0,
06_04_2026_11_35,15276.30,15309.50,15271.20,15285.10,0,
06_04_2026_11_40,15284.90,15296.40,15277.20,15290.70,0,
06_04_2026_11_45,15291.40,15311.10,15288.80,15306.70,0,
06_04_2026_11_50,15306.50,15324.50,15305.00,15315.20,0,
06_04_2026_11_55,15315.40,15346.40,15313.00,15313.90,0,
06_04_2026_12_00,15313.80,15326.80,15311.50,15313.20,0,
06_04_2026_12_05,15313.20,15323.20,15310.00,15313.50,0,
06_04_2026_12_10,15312.10,15312.90,15305.20,15309.70,0,
06_04_2026_12_15,15310.00,15319.80,15305.40,15305.60,0,
06_04_2026_12_20,15305.80,15346.30,15305.20,15333.70,0,
06_04_2026_12_25,15333.00,15349.70,15331.50,15346.50,0,
06_04_2026_12_30,15346.00,15348.80,15300.90,15300.90,0,
06_04_2026_12_35,15301.00,15314.80,15297.60,15313.30,0,
06_04_2026_12_40,15313.40,15323.00,15303.50,15315.50,0,
06_04_2026_12_45,15315.50,15353.00,15314.20,15349.70,0,
06_04_2026_12_50,15349.90,15369.30,15349.90,15365.50,0,
06_04_2026_12_55,15365.80,15382.80,15365.20,15381.90,0,
06_04_2026_13_00,15381.80,15392.80,15352.30,15358.00,0,
06_04_2026_13_05,15358.20,15382.80,15358.20,15381.70,0,
06_04_2026_13_10,15382.20,15404.90,15382.20,15404.90,0,
06_04_2026_13_15,15405.10,15413.70,15390.50,15411.00,0,
06_04_2026_13_20,15410.80,15424.20,15407.50,15416.30,0,
06_04_2026_13_25,15416.00,15421.00,15395.00,15399.00,0,
06_04_2026_13_30,15399.90,15420.80,15399.60,15418.50,0,
06_04_2026_13_35,15418.50,15433.50,15412.00,15412.00,0,
06_04_2026_13_40,15412.40,15419.50,15394.70,15397.80,0,
06_04_2026_13_45,15397.50,15415.50,15393.00,15399.00,0,
06_04_2026_13_50,15399.70,15428.30,15399.00,15427.30,0,
06_04_2026_13_55,15427.00,15428.80,15414.20,15415.70,0,
06_04_2026_14_00,15415.80,15437.00,15413.40,15437.00,0,
06_04_2026_14_05,15436.70,15440.80,15412.10,15416.20,0,
06_04_2026_14_10,15416.30,15443.50,15416.00,15441.90,0,
06_04_2026_14_15,15442.70,15465.50,15442.20,15464.30,0,
06_04_2026_14_20,15464.90,15488.10,15463.20,15477.70,0,
06_04_2026_14_25,15477.00,15480.80,15457.20,15480.80,0,
06_04_2026_14_30,15480.80,15493.30,15480.70,15483.00,0,
06_04_2026_14_35,15483.00,15491.00,15467.70,15473.50,0,
06_04_2026_14_40,15473.50,15481.60,15468.00,15477.00,0,
06_04_2026_14_45,15477.70,15485.80,15475.70,15482.80,0,
06_04_2026_14_50,15482.80,15489.70,15473.00,15477.00,0,
06_04_2026_14_55,15477.10,15489.80,15455.00,15483.20,0,
06_04_2026_15_00,15483.40,15512.70,15475.00,15512.20,0,
06_04_2026_15_05,15512.40,15519.70,15505.60,15514.30,0,
06_04_2026_15_10,15516.00,15525.10,15506.00,15511.60,0,
06_04_2026_15_15,15511.50,15518.30,15498.20,15499.30,0,
06_04_2026_15_20,15500.40,15501.70,15484.10,15497.50,0,
06_04_2026_15_25,15498.70,15506.00,15489.20,15501.00,0,
07_04_2026_09_15,15424.80,15430.70,15252.50,15292.20,0,
07_04_2026_09_20,15293.70,15378.70,15289.80,15370.70,0,
07_04_2026_09_25,15371.50,15418.00,15366.40,15409.80,0,
07_04_2026_09_30,15409.40,15427.50,15390.20,15390.20,0,
07_04_2026_09_35,15390.30,15390.70,15366.60,15369.10,0,
07_04_2026_09_40,15368.80,15382.30,15326.90,15327.80,0,
07_04_2026_09_45,15328.00,15367.30,15327.10,15330.20,0,
07_04_2026_09_50,15330.00,15358.60,15327.00,15356.00,0,
07_04_2026_09_55,15356.20,15386.20,15356.20,15383.40,0,
07_04_2026_10_00,15383.70,15418.30,15381.30,15418.30,0,
07_04_2026_10_05,15418.20,15425.90,15398.30,15407.50,0,
07_04_2026_10_10,15407.20,15422.00,15396.20,15418.80,0,
07_04_2026_10_15,15417.80,15458.30,15417.20,15457.80,0,
07_04_2026_10_20,15458.30,15480.30,15420.00,15446.20,0,
07_04_2026_10_25,15446.00,15488.20,15443.30,15486.30,0,
07_04_2026_10_30,15486.80,15501.30,15475.20,15483.20,0,
07_04_2026_10_35,15483.50,15491.30,15462.20,15491.10,0,
07_04_2026_10_40,15491.20,15519.00,15490.10,15517.30,0,
07_04_2026_10_45,15517.30,15521.70,15485.60,15486.50,0,
07_04_2026_10_50,15486.50,15486.50,15438.60,15447.80,0,
07_04_2026_10_55,15448.10,15461.30,15433.20,15438.30,0,
07_04_2026_11_00,15438.20,15445.80,15424.70,15440.70,0,
07_04_2026_11_05,15440.40,15456.40,15436.00,15446.70,0,
07_04_2026_11_10,15446.40,15451.40,15427.20,15430.40,0,
07_04_2026_11_15,15430.00,15464.50,15429.30,15464.50,0,
07_04_2026_11_20,15464.00,15480.20,15463.30,15474.50,0,
07_04_2026_11_25,15474.60,15496.60,15471.20,15490.80,0,
07_04_2026_11_30,15490.60,15497.80,15485.00,15495.70,0,
07_04_2026_11_35,15495.80,15506.30,15491.50,15498.50,0,
07_04_2026_11_40,15498.20,15498.20,15475.80,15489.50,0,
07_04_2026_11_45,15489.30,15499.50,15485.80,15494.20,0,
07_04_2026_11_50,15493.80,15503.50,15488.80,15503.50,0,
07_04_2026_11_55,15503.20,15530.80,15503.00,15528.20,0,
07_04_2026_12_00,15528.30,15529.50,15499.00,15503.40,0,
07_04_2026_12_05,15503.30,15505.80,15492.60,15503.40,0,
07_04_2026_12_10,15503.90,15508.20,15486.10,15506.50,0,
07_04_2026_12_15,15506.80,15507.80,15497.30,15501.70,0,
07_04_2026_12_20,15501.70,15503.30,15487.20,15492.20,0,
07_04_2026_12_25,15492.20,15500.20,15490.90,15500.00,0,
07_04_2026_12_30,15500.20,15514.00,15500.20,15506.20,0,
07_04_2026_12_35,15506.40,15516.10,15500.70,15514.80,0,
07_04_2026_12_40,15515.40,15522.00,15511.50,15515.90,0,
07_04_2026_12_45,15515.50,15515.50,15497.40,15502.60,0,
07_04_2026_12_50,15502.60,15505.30,15490.70,15494.00,0,
07_04_2026_12_55,15494.40,15496.50,15471.30,15471.80,0,
07_04_2026_13_00,15471.60,15489.00,15466.00,15487.00,0,
07_04_2026_13_05,15487.30,15490.30,15478.20,15480.20,0,
07_04_2026_13_10,15480.00,15503.40,15477.30,15495.10,0,
07_04_2026_13_15,15495.00,15514.00,15495.00,15512.60,0,
07_04_2026_13_20,15512.80,15512.80,15493.80,15498.50,0,
07_04_2026_13_25,15498.90,15506.00,15493.70,15504.70,0,
07_04_2026_13_30,15505.40,15539.10,15505.40,15526.50,0,
07_04_2026_13_35,15527.10,15547.00,15527.10,15545.70,0,
07_04_2026_13_40,15545.30,15552.20,15539.10,15545.90,0,
07_04_2026_13_45,15545.80,15550.10,15526.20,15528.80,0,
07_04_2026_13_50,15527.90,15539.20,15511.80,15537.30,0,
07_04_2026_13_55,15536.80,15538.50,15504.50,15514.50,0,
07_04_2026_14_00,15513.80,15543.90,15513.40,15542.00,0,
07_04_2026_14_05,15542.00,15545.30,15532.80,15537.50,0,
07_04_2026_14_10,15537.10,15537.10,15508.50,15526.70,0,
07_04_2026_14_15,15526.60,15537.30,15511.20,15511.20,0,
07_04_2026_14_20,15511.00,15520.20,15503.50,15516.80,0,
07_04_2026_14_25,15517.20,15535.30,15517.00,15526.50,0,
07_04_2026_14_30,15526.80,15538.00,15525.00,15527.50,0,
07_04_2026_14_35,15527.30,15527.30,15501.00,15510.80,0,
07_04_2026_14_40,15510.50,15535.20,15510.20,15535.20,0,
07_04_2026_14_45,15535.00,15545.80,15532.00,15542.20,0,
07_04_2026_14_50,15542.50,15553.20,15542.30,15553.20,0,
07_04_2026_14_55,15552.80,15572.30,15552.50,15571.00,0,
07_04_2026_15_00,15569.80,15591.30,15549.70,15589.40,0,
07_04_2026_15_05,15589.80,15595.30,15583.90,15586.20,0,
07_04_2026_15_10,15586.10,15587.80,15571.10,15580.70,0,
07_04_2026_15_15,15581.40,15584.20,15563.90,15564.20,0,
07_04_2026_15_20,15564.20,15564.80,15558.20,15564.00,0,
07_04_2026_15_25,15564.30,15578.80,15561.30,15566.30,0,
08_04_2026_09_15,16081.80,16121.30,16023.30,16103.40,0,
08_04_2026_09_20,16101.80,16125.30,16068.10,16071.90,0,
08_04_2026_09_25,16071.80,16099.30,16056.20,16065.50,0,
08_04_2026_09_30,16064.80,16099.70,16060.20,16093.50,0,
08_04_2026_09_35,16093.30,16106.20,16092.40,16101.50,0,
08_04_2026_09_40,16102.10,16120.10,16102.00,16117.20,0,
08_04_2026_09_45,16116.20,16167.50,16116.20,16157.50,0,
08_04_2026_09_50,16156.80,16171.60,16134.10,16140.00,0,
08_04_2026_09_55,16138.80,16142.80,16114.00,16114.80,0,
08_04_2026_10_00,16113.80,16126.30,16103.30,16109.50,0,
08_04_2026_10_05,16108.90,16135.90,16108.90,16130.50,0,
08_04_2026_10_10,16129.70,16138.60,16121.60,16124.30,0,
08_04_2026_10_15,16124.20,16137.30,16112.50,16136.80,0,
08_04_2026_10_20,16137.00,16140.00,16116.80,16122.80,0,
08_04_2026_10_25,16122.00,16145.50,16120.80,16142.50,0,
08_04_2026_10_30,16142.30,16160.80,16142.30,16153.60,0,
08_04_2026_10_35,16154.00,16169.20,16149.20,16160.20,0,
08_04_2026_10_40,16160.80,16167.00,16153.80,16164.20,0,
08_04_2026_10_45,16163.80,16174.00,16146.50,16152.00,0,
08_04_2026_10_50,16152.00,16174.00,16150.90,16173.70,0,
08_04_2026_10_55,16173.60,16189.20,16173.20,16186.80,0,
08_04_2026_11_00,16186.80,16198.00,16186.30,16192.20,0,
08_04_2026_11_05,16193.90,16201.80,16186.80,16190.00,0,
08_04_2026_11_10,16190.50,16195.70,16179.50,16188.30,0,
08_04_2026_11_15,16188.10,16202.50,16187.70,16198.80,0,
08_04_2026_11_20,16199.10,16212.50,16197.80,16210.00,0,
08_04_2026_11_25,16209.70,16210.00,16193.60,16204.30,0,
08_04_2026_11_30,16203.90,16209.50,16200.80,16203.20,0,
08_04_2026_11_35,16204.30,16212.20,16191.90,16194.20,0,
08_04_2026_11_40,16194.30,16202.70,16190.10,16193.20,0,
08_04_2026_11_45,16192.80,16207.10,16192.70,16203.70,0,
08_04_2026_11_50,16203.80,16205.30,16169.50,16196.00,0,
08_04_2026_11_55,16195.60,16195.60,16175.80,16184.80,0,
08_04_2026_12_00,16185.00,16196.40,16174.80,16191.80,0,
08_04_2026_12_05,16192.00,16195.80,16188.10,16193.90,0,
08_04_2026_12_10,16193.70,16204.40,16191.80,16203.50,0,
08_04_2026_12_15,16204.20,16209.30,16202.50,16205.10,0,
08_04_2026_12_20,16205.20,16221.30,16204.80,16218.80,0,
08_04_2026_12_25,16218.50,16223.80,16211.80,16211.80,0,
08_04_2026_12_30,16211.50,16212.70,16189.20,16192.00,0,
08_04_2026_12_35,16192.00,16199.10,16187.60,16191.50,0,
08_04_2026_12_40,16191.00,16211.30,16189.00,16209.50,0,
08_04_2026_12_45,16209.00,16213.50,16204.20,16212.00,0,
08_04_2026_12_50,16212.40,16215.40,16208.80,16212.90,0,
08_04_2026_12_55,16212.80,16225.60,16212.80,16218.70,0,
08_04_2026_13_00,16218.70,16219.50,16208.00,16209.80,0,
08_04_2026_13_05,16209.70,16212.00,16201.40,16207.00,0,
08_04_2026_13_10,16206.70,16212.20,16201.50,16204.20,0,
08_04_2026_13_15,16204.20,16211.80,16201.00,16201.50,0,
08_04_2026_13_20,16202.10,16202.20,16197.00,16201.30,0,
08_04_2026_13_25,16201.30,16212.50,16200.30,16211.30,0,
08_04_2026_13_30,16210.80,16215.50,16201.30,16215.00,0,
08_04_2026_13_35,16214.80,16226.00,16213.70,16220.80,0,
08_04_2026_13_40,16220.20,16221.50,16207.70,16211.30,0,
08_04_2026_13_45,16211.20,16215.30,16203.00,16212.90,0,
08_04_2026_13_50,16212.70,16218.50,16203.20,16205.50,0,
08_04_2026_13_55,16205.20,16207.60,16193.50,16195.20,0,
08_04_2026_14_00,16195.20,16195.70,16177.80,16178.20,0,
08_04_2026_14_05,16178.30,16184.20,16169.60,16173.30,0,
08_04_2026_14_10,16173.30,16174.20,16158.50,16163.80,0,
08_04_2026_14_15,16163.90,16181.00,16163.90,16178.80,0,
08_04_2026_14_20,16179.00,16188.50,16176.50,16182.80,0,
08_04_2026_14_25,16182.90,16190.20,16180.00,16189.40,0,
08_04_2026_14_30,16189.80,16195.80,16182.00,16183.80,0,
08_04_2026_14_35,16184.10,16196.70,16183.20,16195.50,0,
08_04_2026_14_40,16194.90,16205.20,16192.50,16197.80,0,
08_04_2026_14_45,16197.20,16207.20,16180.90,16183.20,0,
08_04_2026_14_50,16183.00,16186.30,16174.10,16185.50,0,
08_04_2026_14_55,16186.00,16201.70,16184.50,16201.70,0,
08_04_2026_15_00,16201.20,16201.20,16161.20,16195.20,0,
08_04_2026_15_05,16194.50,16210.20,16194.20,16202.30,0,
08_04_2026_15_10,16202.20,16208.20,16199.20,16205.00,0,
08_04_2026_15_15,16205.30,16218.90,16203.70,16217.00,0,
08_04_2026_15_20,16217.50,16226.80,16212.40,16225.60,0,
08_04_2026_15_25,16227.70,16237.30,16221.00,16235.80,0,
09_04_2026_09_15,16212.20,16238.20,16094.30,16236.00,0,
09_04_2026_09_20,16235.80,16258.20,16218.20,16256.60,0,
09_04_2026_09_25,16255.50,16285.70,16250.70,16284.20,0,
09_04_2026_09_30,16283.80,16285.80,16219.10,16221.80,0,
09_04_2026_09_35,16221.00,16252.30,16207.20,16209.20,0,
09_04_2026_09_40,16210.00,16213.80,16163.30,16164.80,0,
09_04_2026_09_45,16165.20,16178.00,16120.20,16120.20,0,
09_04_2026_09_50,16119.50,16119.90,16093.60,16098.80,0,
09_04_2026_09_55,16098.80,16099.20,16076.40,16079.00,0,
09_04_2026_10_00,16077.30,16122.00,16056.60,16120.10,0,
09_04_2026_10_05,16120.10,16137.20,16114.50,16134.20,0,
09_04_2026_10_10,16134.20,16157.70,16132.70,16145.00,0,
09_04_2026_10_15,16145.00,16177.70,16127.50,16168.40,0,
09_04_2026_10_20,16167.20,16174.00,16153.80,16173.80,0,
09_04_2026_10_25,16173.50,16174.80,16142.50,16174.70,0,
09_04_2026_10_30,16175.20,16200.30,16175.20,16189.20,0,
09_04_2026_10_35,16188.20,16202.40,16175.80,16177.20,0,
09_04_2026_10_40,16177.50,16179.20,16163.70,16166.50,0,
09_04_2026_10_45,16166.60,16192.30,16166.60,16191.30,0,
09_04_2026_10_50,16190.80,16191.20,16175.50,16186.80,0,
09_04_2026_10_55,16187.00,16202.80,16187.00,16194.20,0,
09_04_2026_11_00,16194.20,16226.20,16193.70,16213.00,0,
09_04_2026_11_05,16212.80,16240.20,16202.70,16237.50,0,
09_04_2026_11_10,16237.20,16238.30,16222.30,16229.20,0,
09_04_2026_11_15,16229.40,16238.80,16210.20,16215.70,0,
09_04_2026_11_20,16215.60,16223.80,16203.40,16219.20,0,
09_04_2026_11_25,16219.10,16235.20,16219.00,16234.50,0,
09_04_2026_11_30,16234.00,16249.70,16232.50,16238.60,0,
09_04_2026_11_35,16238.70,16259.90,16238.50,16258.60,0,
09_04_2026_11_40,16258.40,16274.70,16255.50,16274.20,0,
09_04_2026_11_45,16273.50,16291.80,16266.10,16291.20,0,
09_04_2026_11_50,16290.80,16292.50,16273.50,16276.30,0,
09_04_2026_11_55,16276.30,16290.70,16272.80,16288.20,0,
09_04_2026_12_00,16287.80,16298.80,16287.80,16293.40,0,
09_04_2026_12_05,16293.30,16320.00,16286.80,16319.00,0,
09_04_2026_12_10,16319.70,16324.70,16300.60,16303.50,0,
09_04_2026_12_15,16303.80,16320.20,16303.50,16317.20,0,
09_04_2026_12_20,16316.90,16325.20,16314.00,16315.50,0,
09_04_2026_12_25,16315.80,16329.80,16306.40,16326.50,0,
09_04_2026_12_30,16326.00,16332.40,16317.20,16321.80,0,
09_04_2026_12_35,16321.50,16328.80,16311.30,16324.70,0,
09_04_2026_12_40,16324.80,16336.60,16312.50,16313.80,0,
09_04_2026_12_45,16313.80,16313.80,16273.20,16273.50,0,
09_04_2026_12_50,16273.80,16303.30,16272.80,16301.80,0,
09_04_2026_12_55,16301.80,16308.50,16286.50,16287.80,0,
09_04_2026_13_00,16288.00,16297.30,16282.50,16291.80,0,
09_04_2026_13_05,16292.00,16296.50,16281.80,16292.20,0,
09_04_2026_13_10,16291.80,16292.10,16258.70,16279.00,0,
09_04_2026_13_15,16278.80,16279.00,16262.00,16262.80,0,
09_04_2026_13_20,16262.80,16264.00,16228.30,16248.50,0,
09_04_2026_13_25,16247.70,16252.80,16231.20,16231.80,0,
09_04_2026_13_30,16231.50,16245.30,16217.60,16236.50,0,
09_04_2026_13_35,16236.60,16245.00,16225.20,16229.80,0,
09_04_2026_13_40,16229.70,16230.20,16213.90,16215.30,0,
09_04_2026_13_45,16215.20,16220.50,16196.70,16209.50,0,
09_04_2026_13_50,16209.50,16225.20,16205.90,16222.50,0,
09_04_2026_13_55,16222.30,16235.50,16220.20,16227.00,0,
09_04_2026_14_00,16227.50,16241.50,16217.80,16235.20,0,
09_04_2026_14_05,16235.00,16246.70,16225.50,16240.00,0,
09_04_2026_14_10,16240.30,16240.30,16215.50,16220.80,0,
09_04_2026_14_15,16221.00,16221.70,16208.80,16208.80,0,
09_04_2026_14_20,16208.50,16215.50,16188.20,16200.20,0,
09_04_2026_14_25,16200.00,16200.00,16184.30,16190.20,0,
09_04_2026_14_30,16190.20,16196.50,16164.70,16187.90,0,
09_04_2026_14_35,16188.00,16201.70,16186.80,16201.50,0,
09_04_2026_14_40,16202.10,16217.00,16195.70,16213.10,0,
09_04_2026_14_45,16213.20,16219.40,16200.00,16218.30,0,
09_04_2026_14_50,16218.50,16224.50,16207.00,16222.50,0,
09_04_2026_14_55,16222.20,16224.60,16213.70,16222.00,0,
09_04_2026_15_00,16221.80,16257.50,16204.80,16229.70,0,
09_04_2026_15_05,16229.00,16268.90,16226.20,16268.00,0,
09_04_2026_15_10,16268.20,16270.60,16259.00,16261.90,0,
09_04_2026_15_15,16261.50,16266.10,16245.80,16245.80,0,
09_04_2026_15_20,16246.00,16246.50,16234.80,16241.00,0,
09_04_2026_15_25,16240.80,16246.30,16226.50,16232.80,0,
10_04_2026_09_15,16332.30,16429.60,16318.80,16428.30,0,
10_04_2026_09_20,16428.20,16431.30,16370.60,16376.80,0,
10_04_2026_09_25,16377.80,16387.60,16334.50,16370.00,0,
10_04_2026_09_30,16369.50,16392.90,16361.20,16382.10,0,
10_04_2026_09_35,16382.00,16383.00,16355.00,16367.70,0,
10_04_2026_09_40,16367.80,16371.80,16348.00,16349.20,0,
10_04_2026_09_45,16349.80,16380.50,16349.20,16371.70,0,
10_04_2026_09_50,16371.30,16378.50,16360.50,16365.90,0,
10_04_2026_09_55,16365.50,16390.60,16365.50,16382.20,0,
10_04_2026_10_00,16382.60,16385.50,16359.90,16360.00,0,
10_04_2026_10_05,16359.80,16359.80,16263.80,16319.00,0,
10_04_2026_10_10,16318.30,16346.70,16316.50,16345.50,0,
10_04_2026_10_15,16345.80,16353.80,16337.50,16350.70,0,
10_04_2026_10_20,16350.90,16360.90,16347.20,16359.50,0,
10_04_2026_10_25,16359.70,16364.10,16346.50,16353.00,0,
10_04_2026_10_30,16353.20,16365.00,16352.00,16365.00,0,
10_04_2026_10_35,16365.30,16373.70,16364.50,16372.20,0,
10_04_2026_10_40,16372.60,16379.00,16366.00,16376.20,0,
10_04_2026_10_45,16376.00,16378.50,16363.20,16364.20,0,
10_04_2026_10_50,16364.40,16371.00,16362.40,16369.40,0,
10_04_2026_10_55,16369.20,16380.80,16355.80,16380.80,0,
10_04_2026_11_00,16381.50,16382.10,16364.50,16368.80,0,
10_04_2026_11_05,16369.10,16381.80,16366.00,16381.50,0,
10_04_2026_11_10,16381.90,16387.40,16378.90,16380.20,0,
10_04_2026_11_15,16380.70,16385.90,16372.70,16378.80,0,
10_04_2026_11_20,16378.90,16382.80,16372.10,16372.50,0,
10_04_2026_11_25,16372.70,16385.80,16372.30,16377.80,0,
10_04_2026_11_30,16377.90,16398.40,16377.90,16397.60,0,
10_04_2026_11_35,16397.90,16400.20,16390.20,16391.30,0,
10_04_2026_11_40,16391.40,16401.10,16390.50,16395.20,0,
10_04_2026_11_45,16395.10,16399.10,16359.20,16362.20,0,
10_04_2026_11_50,16362.20,16388.80,16362.00,16375.80,0,
10_04_2026_11_55,16376.30,16391.60,16376.00,16390.60,0,
10_04_2026_12_00,16390.70,16414.20,16389.10,16413.60,0,
10_04_2026_12_05,16413.80,16413.90,16406.20,16406.90,0,
10_04_2026_12_10,16407.20,16408.90,16399.60,16402.30,0,
10_04_2026_12_15,16402.40,16404.30,16390.80,16399.20,0,
10_04_2026_12_20,16398.90,16412.00,16391.60,16412.00,0,
10_04_2026_12_25,16412.20,16417.40,16401.70,16406.40,0,
10_04_2026_12_30,16406.30,16415.80,16405.80,16411.70,0,
10_04_2026_12_35,16411.50,16428.40,16411.20,16427.30,0,
10_04_2026_12_40,16427.30,16428.20,16410.20,16410.80,0,
10_04_2026_12_45,16411.20,16431.90,16408.20,16428.20,0,
10_04_2026_12_50,16428.20,16428.40,16410.10,16420.50,0,
10_04_2026_12_55,16420.40,16432.30,16420.00,16428.30,0,
10_04_2026_13_00,16428.40,16436.80,16427.40,16436.20,0,
10_04_2026_13_05,16436.20,16446.80,16434.30,16446.10,0,
10_04_2026_13_10,16446.00,16446.00,16434.80,16438.80,0,
10_04_2026_13_15,16438.60,16443.30,16432.80,16433.40,0,
10_04_2026_13_20,16433.40,16441.50,16432.90,16433.20,0,
10_04_2026_13_25,16432.60,16438.60,16429.10,16437.30,0,
10_04_2026_13_30,16437.90,16439.40,16428.70,16433.80,0,
10_04_2026_13_35,16434.60,16444.20,16432.80,16444.10,0,
10_04_2026_13_40,16444.40,16464.50,16443.30,16460.70,0,
10_04_2026_13_45,16460.40,16461.40,16444.20,16445.20,0,
10_04_2026_13_50,16445.40,16452.10,16441.30,16449.70,0,
10_04_2026_13_55,16449.60,16455.10,16447.20,16450.90,0,
10_04_2026_14_00,16450.80,16453.70,16443.40,16444.60,0,
10_04_2026_14_05,16445.30,16449.40,16442.20,16444.20,0,
10_04_2026_14_10,16443.90,16452.10,16415.10,16433.90,0,
10_04_2026_14_15,16433.90,16433.90,16359.70,16415.20,0,
10_04_2026_14_20,16415.80,16423.10,16393.30,16395.60,0,
10_04_2026_14_25,16395.40,16395.40,16382.20,16391.60,0,
10_04_2026_14_30,16391.80,16400.60,16390.20,16394.80,0,
10_04_2026_14_35,16394.80,16395.30,16380.10,16390.70,0,
10_04_2026_14_40,16390.80,16400.20,16389.30,16398.60,0,
10_04_2026_14_45,16398.60,16430.60,16393.20,16427.00,0,
10_04_2026_14_50,16427.30,16428.70,16417.20,16426.50,0,
10_04_2026_14_55,16426.60,16434.90,16425.90,16429.80,0,
10_04_2026_15_00,16431.30,16451.20,16430.80,16450.90,0,
10_04_2026_15_05,16451.20,16463.70,16450.10,16461.70,0,
10_04_2026_15_10,16461.80,16465.50,16457.20,16458.20,0,
10_04_2026_15_15,16458.30,16464.60,16453.40,16455.80,0,
10_04_2026_15_20,16455.20,16458.20,16451.10,16454.10,0,
10_04_2026_15_25,16453.10,16455.90,16442.80,16448.90,0,
13_04_2026_09_15,16150.80,16184.10,16020.90,16086.00,0,
13_04_2026_09_20,16084.90,16178.30,16084.10,16178.30,0,
13_04_2026_09_25,16176.80,16219.80,16174.80,16211.20,0,
13_04_2026_09_30,16209.50,16212.20,16193.20,16202.70,0,
13_04_2026_09_35,16202.80,16202.80,16122.00,16125.20,0,
13_04_2026_09_40,16125.50,16185.80,16122.20,16167.50,0,
13_04_2026_09_45,16168.00,16182.30,16155.20,16180.60,0,
13_04_2026_09_50,16180.80,16219.20,16180.50,16215.40,0,
13_04_2026_09_55,16215.60,16242.30,16215.50,16241.20,0,
13_04_2026_10_00,16240.80,16241.90,16211.00,16226.40,0,
13_04_2026_10_05,16225.90,16251.00,16225.70,16244.80,0,
13_04_2026_10_10,16245.70,16256.30,16225.40,16227.30,0,
13_04_2026_10_15,16227.20,16239.80,16204.60,16239.80,0,
13_04_2026_10_20,16239.50,16270.00,16239.50,16262.00,0,
13_04_2026_10_25,16261.90,16286.70,16261.00,16285.70,0,
13_04_2026_10_30,16286.20,16292.20,16269.50,16275.00,0,
13_04_2026_10_35,16274.70,16290.70,16259.70,16289.20,0,
13_04_2026_10_40,16289.30,16293.80,16230.00,16259.20,0,
13_04_2026_10_45,16258.70,16304.80,16258.00,16299.00,0,
13_04_2026_10_50,16299.50,16323.00,16298.10,16321.30,0,
13_04_2026_10_55,16321.80,16335.90,16321.60,16329.70,0,
13_04_2026_11_00,16329.00,16330.30,16320.50,16328.80,0,
13_04_2026_11_05,16329.00,16339.50,16328.00,16328.60,0,
13_04_2026_11_10,16328.30,16329.50,16306.70,16320.00,0,
13_04_2026_11_15,16320.00,16337.80,16320.00,16336.50,0,
13_04_2026_11_20,16336.50,16353.20,16329.00,16343.80,0,
13_04_2026_11_25,16343.50,16354.20,16334.20,16334.50,0,
13_04_2026_11_30,16334.50,16343.50,16327.90,16330.30,0,
13_04_2026_11_35,16330.30,16340.70,16327.20,16327.30,0,
13_04_2026_11_40,16328.20,16329.50,16323.70,16328.50,0,
13_04_2026_11_45,16328.80,16342.20,16326.80,16341.20,0,
13_04_2026_11_50,16342.30,16351.00,16339.00,16350.00,0,
13_04_2026_11_55,16350.40,16353.50,16337.20,16338.80,0,
13_04_2026_12_00,16339.40,16348.30,16338.90,16339.20,0,
13_04_2026_12_05,16339.30,16348.50,16338.50,16346.50,0,
13_04_2026_12_10,16346.20,16348.80,16333.00,16341.30,0,
13_04_2026_12_15,16341.80,16345.70,16334.20,16341.10,0,
13_04_2026_12_20,16341.50,16344.30,16327.90,16334.40,0,
13_04_2026_12_25,16333.70,16344.40,16332.50,16344.40,0,
13_04_2026_12_30,16344.90,16347.00,16333.70,16335.50,0,
13_04_2026_12_35,16334.90,16359.80,16334.20,16352.70,0,
13_04_2026_12_40,16352.80,16361.00,16345.80,16358.40,0,
13_04_2026_12_45,16358.90,16360.00,16349.00,16357.20,0,
13_04_2026_12_50,16357.00,16369.70,16353.00,16358.70,0,
13_04_2026_12_55,16358.30,16359.00,16322.00,16351.70,0,
13_04_2026_13_00,16351.80,16352.00,16320.20,16332.70,0,
13_04_2026_13_05,16332.50,16358.50,16332.50,16353.70,0,
13_04_2026_13_10,16352.50,16365.70,16349.10,16365.50,0,
13_04_2026_13_15,16366.00,16372.50,16356.50,16364.90,0,
13_04_2026_13_20,16364.80,16368.20,16355.90,16359.00,0,
13_04_2026_13_25,16359.10,16365.00,16355.80,16356.10,0,
13_04_2026_13_30,16357.00,16370.80,16356.20,16368.20,0,
13_04_2026_13_35,16368.50,16370.50,16360.20,16363.50,0,
13_04_2026_13_40,16363.30,16365.30,16355.70,16357.30,0,
13_04_2026_13_45,16357.50,16359.00,16348.80,16357.00,0,
13_04_2026_13_50,16357.50,16380.70,16354.00,16380.50,0,
13_04_2026_13_55,16380.20,16393.20,16379.40,16383.60,0,
13_04_2026_14_00,16383.80,16389.30,16379.90,16385.30,0,
13_04_2026_14_05,16385.80,16385.80,16357.80,16358.20,0,
13_04_2026_14_10,16358.00,16363.90,16350.90,16363.70,0,
13_04_2026_14_15,16364.50,16366.20,16354.90,16359.00,0,
13_04_2026_14_20,16359.50,16363.80,16355.30,16361.60,0,
13_04_2026_14_25,16361.80,16369.80,16360.00,16361.30,0,
13_04_2026_14_30,16361.50,16379.70,16361.20,16375.30,0,
13_04_2026_14_35,16375.20,16383.20,16371.50,16372.70,0,
13_04_2026_14_40,16372.30,16381.20,16361.80,16371.00,0,
13_04_2026_14_45,16371.20,16387.80,16367.90,16383.90,0,
13_04_2026_14_50,16383.10,16383.80,16369.20,16373.00,0,
13_04_2026_14_55,16372.90,16374.20,16360.20,16365.50,0,
13_04_2026_15_00,16365.20,16365.20,16310.50,16328.80,0,
13_04_2026_15_05,16328.50,16339.40,16317.30,16318.50,0,
13_04_2026_15_10,16317.50,16346.70,16314.40,16334.00,0,
13_04_2026_15_15,16333.50,16336.50,16312.50,16312.60,0,
13_04_2026_15_20,16312.00,16326.60,16306.00,16320.10,0,
13_04_2026_15_25,16319.00,16333.50,16315.20,16327.40,0,
15_04_2026_09_15,16587.90,16685.00,16563.50,16682.40,0,
15_04_2026_09_20,16682.60,16690.80,16650.30,16654.10,0,
15_04_2026_09_25,16653.50,16657.90,16617.20,16627.10,0,
15_04_2026_09_30,16627.70,16635.50,16608.30,16611.20,0,
15_04_2026_09_35,16611.30,16619.90,16601.30,16605.10,0,
15_04_2026_09_40,16605.60,16651.70,16603.20,16645.20,0,
15_04_2026_09_45,16644.80,16654.20,16616.80,16617.60,0,
15_04_2026_09_50,16618.20,16637.80,16609.70,16633.80,0,
15_04_2026_09_55,16633.90,16641.20,16625.20,16629.80,0,
15_04_2026_10_00,16630.10,16643.80,16619.60,16643.10,0,
15_04_2026_10_05,16642.80,16654.90,16640.80,16644.20,0,
15_04_2026_10_10,16643.70,16660.40,16641.70,16650.60,0,
15_04_2026_10_15,16651.10,16672.70,16651.10,16668.80,0,
15_04_2026_10_20,16668.90,16672.20,16651.30,16668.90,0,
15_04_2026_10_25,16668.30,16669.50,16659.90,16662.80,0,
15_04_2026_10_30,16662.90,16679.90,16661.80,16673.30,0,
15_04_2026_10_35,16673.20,16675.50,16666.10,16669.30,0,
15_04_2026_10_40,16669.20,16679.40,16669.00,16671.10,0,
15_04_2026_10_45,16671.30,16675.30,16668.20,16670.20,0,
15_04_2026_10_50,16669.80,16669.80,16634.20,16640.70,0,
15_04_2026_10_55,16640.30,16657.10,16638.70,16651.50,0,
15_04_2026_11_00,16651.80,16657.20,16644.20,16653.70,0,
15_04_2026_11_05,16653.90,16653.90,16642.90,16647.20,0,
15_04_2026_11_10,16647.60,16652.20,16640.30,16646.60,0,
15_04_2026_11_15,16646.70,16658.80,16641.90,16644.80,0,
15_04_2026_11_20,16644.90,16664.60,16644.40,16662.00,0,
15_04_2026_11_25,16661.80,16663.80,16654.80,16661.60,0,
15_04_2026_11_30,16661.60,16678.70,16660.90,16677.70,0,
15_04_2026_11_35,16677.80,16691.50,16677.10,16686.40,0,
15_04_2026_11_40,16686.90,16698.00,16685.10,16697.90,0,
15_04_2026_11_45,16698.20,16710.20,16694.20,16710.20,0,
15_04_2026_11_50,16710.40,16714.20,16707.50,16713.20,0,
15_04_2026_11_55,16713.40,16713.40,16698.20,16700.50,0,
15_04_2026_12_00,16700.50,16715.90,16700.40,16715.80,0,
15_04_2026_12_05,16715.70,16716.70,16706.80,16711.20,0,
15_04_2026_12_10,16711.60,16719.30,16710.80,16713.30,0,
15_04_2026_12_15,16713.70,16719.60,16710.30,16716.90,0,
15_04_2026_12_20,16717.00,16720.00,16712.90,16718.20,0,
15_04_2026_12_25,16718.30,16724.30,16712.80,16712.80,0,
15_04_2026_12_30,16712.30,16713.60,16702.20,16706.30,0,
15_04_2026_12_35,16706.50,16711.60,16702.60,16702.80,0,
15_04_2026_12_40,16703.20,16703.20,16694.20,16700.20,0,
15_04_2026_12_45,16700.10,16703.90,16688.30,16695.40,0,
15_04_2026_12_50,16695.60,16703.40,16690.50,16692.40,0,
15_04_2026_12_55,16691.90,16699.20,16688.00,16689.10,0,
15_04_2026_13_00,16689.60,16697.10,16686.20,16690.80,0,
15_04_2026_13_05,16690.80,16694.40,16690.20,16693.40,0,
15_04_2026_13_10,16694.30,16701.50,16692.50,16696.20,0,
15_04_2026_13_15,16696.20,16701.30,16693.20,16698.50,0,
15_04_2026_13_20,16698.60,16699.20,16674.20,16678.00,0,
15_04_2026_13_25,16678.30,16688.10,16677.10,16679.60,0,
15_04_2026_13_30,16679.10,16697.40,16677.40,16688.70,0,
15_04_2026_13_35,16688.60,16692.70,16677.80,16679.10,0,
15_04_2026_13_40,16679.10,16696.30,16678.70,16693.70,0,
15_04_2026_13_45,16693.30,16695.60,16686.10,16691.90,0,
15_04_2026_13_50,16691.80,16694.80,16679.00,16680.60,0,
15_04_2026_13_55,16680.20,16698.80,16679.70,16697.40,0,
15_04_2026_14_00,16697.10,16702.90,16696.90,16697.20,0,
15_04_2026_14_05,16697.00,16699.90,16694.80,16698.60,0,
15_04_2026_14_10,16697.40,16702.50,16691.80,16696.40,0,
15_04_2026_14_15,16696.00,16702.80,16690.20,16694.80,0,
15_04_2026_14_20,16694.60,16701.80,16693.70,16694.50,0,
15_04_2026_14_25,16694.20,16699.50,16692.70,16698.10,0,
15_04_2026_14_30,16698.20,16708.10,16692.10,16693.90,0,
15_04_2026_14_35,16693.70,16696.80,16685.20,16689.10,0,
15_04_2026_14_40,16689.20,16705.40,16689.20,16699.90,0,
15_04_2026_14_45,16699.50,16707.80,16695.20,16706.70,0,
15_04_2026_14_50,16706.20,16714.40,16703.80,16709.80,0,
15_04_2026_14_55,16708.70,16718.00,16708.70,16714.70,0,
15_04_2026_15_00,16717.50,16719.10,16702.20,16717.70,0,
15_04_2026_15_05,16718.30,16719.40,16699.60,16703.40,0,
15_04_2026_15_10,16705.30,16705.30,16692.80,16693.70,0,
15_04_2026_15_15,16694.50,16699.60,16687.40,16695.50,0,
15_04_2026_15_20,16695.30,16701.20,16693.30,16700.10,0,
15_04_2026_15_25,16699.80,16700.80,16688.20,16693.20,0,
16_04_2026_09_15,16835.60,16887.30,16778.90,16871.90,0,
16_04_2026_09_20,16872.20,16873.40,16828.90,16839.10,0,
16_04_2026_09_25,16838.80,16845.60,16823.70,16823.70,0,
16_04_2026_09_30,16823.80,16827.20,16797.60,16801.20,0,
16_04_2026_09_35,16801.40,16803.20,16767.80,16783.20,0,
16_04_2026_09_40,16783.90,16793.70,16764.60,16764.70,0,
16_04_2026_09_45,16764.60,16779.30,16748.70,16778.70,0,
16_04_2026_09_50,16778.60,16782.40,16770.10,16777.30,0,
16_04_2026_09_55,16777.30,16777.30,16726.40,16727.30,0,
16_04_2026_10_00,16727.40,16767.80,16716.70,16767.60,0,
16_04_2026_10_05,16767.30,16772.30,16754.60,16765.10,0,
16_04_2026_10_10,16766.30,16774.20,16752.80,16760.40,0,
16_04_2026_10_15,16759.70,16770.30,16745.20,16745.80,0,
16_04_2026_10_20,16745.80,16757.40,16732.80,16750.70,0,
16_04_2026_10_25,16750.70,16775.70,16747.80,16767.60,0,
16_04_2026_10_30,16767.70,16788.00,16767.50,16784.40,0,
16_04_2026_10_35,16784.10,16792.40,16770.20,16775.40,0,
16_04_2026_10_40,16775.50,16790.80,16772.60,16784.30,0,
16_04_2026_10_45,16784.30,16792.90,16783.70,16785.40,0,
16_04_2026_10_50,16785.60,16786.10,16771.40,16775.70,0,
16_04_2026_10_55,16775.70,16777.80,16768.70,16775.30,0,
16_04_2026_11_00,16774.60,16786.40,16774.60,16783.10,0,
16_04_2026_11_05,16783.80,16786.30,16772.30,16785.10,0,
16_04_2026_11_10,16785.90,16785.90,16768.70,16776.10,0,
16_04_2026_11_15,16777.00,16784.10,16769.30,16777.80,0,
16_04_2026_11_20,16777.80,16780.90,16759.40,16761.50,0,
16_04_2026_11_25,16761.20,16767.80,16752.70,16765.30,0,
16_04_2026_11_30,16766.30,16773.50,16763.50,16771.40,0,
16_04_2026_11_35,16771.60,16777.70,16761.20,16763.20,0,
16_04_2026_11_40,16763.30,16763.70,16753.50,16754.10,0,
16_04_2026_11_45,16753.80,16753.80,16714.90,16741.20,0,
16_04_2026_11_50,16741.20,16741.40,16726.40,16727.50,0,
16_04_2026_11_55,16727.10,16729.90,16702.20,16703.40,0,
16_04_2026_12_00,16703.40,16703.50,16683.00,16685.00,0,
16_04_2026_12_05,16684.40,16705.80,16680.90,16705.20,0,
16_04_2026_12_10,16704.90,16717.90,16704.20,16715.10,0,
16_04_2026_12_15,16715.00,16720.70,16700.30,16720.60,0,
16_04_2026_12_20,16720.30,16724.20,16703.70,16709.00,0,
16_04_2026_12_25,16708.90,16720.60,16708.10,16714.30,0,
16_04_2026_12_30,16714.20,16715.60,16698.60,16698.60,0,
16_04_2026_12_35,16698.50,16712.10,16691.70,16711.20,0,
16_04_2026_12_40,16711.30,16712.40,16698.70,16698.80,0,
16_04_2026_12_45,16697.90,16700.70,16687.90,16691.20,0,
16_04_2026_12_50,16691.30,16707.30,16677.80,16683.20,0,
16_04_2026_12_55,16683.30,16690.30,16677.00,16689.30,0,
16_04_2026_13_00,16689.20,16690.90,16680.90,16689.20,0,
16_04_2026_13_05,16689.60,16695.30,16668.80,16669.60,0,
16_04_2026_13_10,16669.80,16674.80,16659.60,16666.80,0,
16_04_2026_13_15,16667.10,16679.90,16663.80,16679.30,0,
16_04_2026_13_20,16679.20,16682.20,16665.40,16666.10,0,
16_04_2026_13_25,16665.90,16673.20,16660.70,16671.90,0,
16_04_2026_13_30,16671.90,16686.40,16669.80,16683.40,0,
16_04_2026_13_35,16684.00,16684.20,16673.70,16677.20,0,
16_04_2026_13_40,16677.10,16687.70,16674.00,16686.90,0,
16_04_2026_13_45,16686.70,16704.10,16686.70,16703.80,0,
16_04_2026_13_50,16703.20,16718.50,16703.20,16717.60,0,
16_04_2026_13_55,16717.10,16725.90,16715.90,16725.70,0,
16_04_2026_14_00,16725.80,16728.60,16705.10,16709.20,0,
16_04_2026_14_05,16709.10,16717.80,16703.80,16710.40,0,
16_04_2026_14_10,16710.60,16726.30,16710.40,16725.70,0,
16_04_2026_14_15,16726.20,16734.60,16722.60,16733.80,0,
16_04_2026_14_20,16734.10,16739.60,16725.50,16732.80,0,
16_04_2026_14_25,16732.70,16743.40,16731.50,16737.40,0,
16_04_2026_14_30,16737.70,16758.60,16737.70,16758.60,0,
16_04_2026_14_35,16758.40,16780.20,16758.30,16779.20,0,
16_04_2026_14_40,16779.40,16789.80,16779.20,16788.10,0,
16_04_2026_14_45,16789.10,16802.60,16788.00,16800.40,0,
16_04_2026_14_50,16800.90,16818.30,16800.60,16817.00,0,
16_04_2026_14_55,16816.90,16827.00,16814.20,16822.80,0,
16_04_2026_15_00,16824.60,16830.30,16763.50,16799.60,0,
16_04_2026_15_05,16799.60,16802.60,16791.90,16794.60,0,
16_04_2026_15_10,16794.40,16810.80,16794.40,16809.90,0,
16_04_2026_15_15,16810.30,16811.50,16802.60,16808.80,0,
16_04_2026_15_20,16808.10,16817.90,16805.20,16814.90,0,
16_04_2026_15_25,16814.70,16816.40,16802.80,16810.20,0,
17_04_2026_09_15,16836.90,16869.20,16769.30,16864.60,0,
17_04_2026_09_20,16865.20,16890.30,16862.60,16862.60,0,
17_04_2026_09_25,16862.20,16885.40,16853.60,16880.80,0,
17_04_2026_09_30,16880.80,16882.80,16849.80,16852.40,0,
17_04_2026_09_35,16852.10,16879.20,16821.90,16873.30,0,
17_04_2026_09_40,16874.00,16878.60,16820.00,16828.60,0,
17_04_2026_09_45,16828.80,16862.80,16824.30,16862.80,0,
17_04_2026_09_50,16863.20,16883.30,16861.70,16879.00,0,
17_04_2026_09_55,16878.90,16908.70,16874.80,16904.40,0,
17_04_2026_10_00,16904.10,16927.20,16869.60,16923.20,0,
17_04_2026_10_05,16923.70,16953.10,16923.20,16949.60,0,
17_04_2026_10_10,16949.30,16960.30,16947.70,16959.20,0,
17_04_2026_10_15,16959.10,16970.40,16959.10,16959.80,0,
17_04_2026_10_20,16959.80,16966.20,16958.90,16962.60,0,
17_04_2026_10_25,16962.80,16970.30,16959.70,16961.10,0,
17_04_2026_10_30,16960.90,16962.70,16939.10,16940.90,0,
17_04_2026_10_35,16940.90,16953.80,16924.60,16925.70,0,
17_04_2026_10_40,16925.60,16946.90,16920.30,16943.50,0,
17_04_2026_10_45,16943.00,16950.40,16939.50,16950.30,0,
17_04_2026_10_50,16950.10,16951.00,16938.00,16942.60,0,
17_04_2026_10_55,16942.10,16947.40,16935.10,16940.40,0,
17_04_2026_11_00,16940.00,16941.20,16907.90,16922.40,0,
17_04_2026_11_05,16922.70,16932.30,16920.30,16924.00,0,
17_04_2026_11_10,16924.10,16939.20,16923.80,16928.60,0,
17_04_2026_11_15,16929.20,16934.20,16926.20,16932.70,0,
17_04_2026_11_20,16932.90,16943.50,16932.20,16935.10,0,
17_04_2026_11_25,16935.00,16940.20,16932.50,16939.00,0,
17_04_2026_11_30,16939.00,16944.20,16934.20,16937.90,0,
17_04_2026_11_35,16937.90,16944.80,16937.40,16940.20,0,
17_04_2026_11_40,16940.30,16946.10,16929.10,16938.80,0,
17_04_2026_11_45,16939.30,16941.00,16931.20,16936.70,0,
17_04_2026_11_50,16936.80,16945.70,16933.50,16945.70,0,
17_04_2026_11_55,16945.10,16950.10,16936.50,16936.60,0,
17_04_2026_12_00,16936.80,16937.40,16923.40,16927.40,0,
17_04_2026_12_05,16927.10,16939.10,16921.60,16936.50,0,
17_04_2026_12_10,16936.20,16941.80,16934.40,16937.70,0,
17_04_2026_12_15,16937.50,16944.10,16933.60,16941.30,0,
17_04_2026_12_20,16941.80,16951.70,16938.10,16951.70,0,
17_04_2026_12_25,16951.60,16958.10,16949.10,16951.00,0,
17_04_2026_12_30,16950.80,16951.40,16933.10,16938.20,0,
17_04_2026_12_35,16938.10,16945.50,16933.40,16940.80,0,
17_04_2026_12_40,16940.80,16941.50,16932.90,16938.40,0,
17_04_2026_12_45,16938.20,16943.20,16935.30,16938.80,0,
17_04_2026_12_50,16938.80,16942.20,16931.40,16933.10,0,
17_04_2026_12_55,16933.30,16939.70,16932.30,16939.20,0,
17_04_2026_13_00,16939.40,16946.20,16936.80,16941.90,0,
17_04_2026_13_05,16942.20,16951.90,16940.90,16950.90,0,
17_04_2026_13_10,16950.70,16954.00,16944.60,16946.90,0,
17_04_2026_13_15,16947.20,16952.40,16945.80,16949.60,0,
17_04_2026_13_20,16949.50,16962.80,16949.30,16954.80,0,
17_04_2026_13_25,16955.10,16968.30,16952.10,16967.30,0,
17_04_2026_13_30,16967.90,16982.20,16967.90,16980.40,0,
17_04_2026_13_35,16980.10,16981.60,16969.80,16973.90,0,
17_04_2026_13_40,16973.70,16985.30,16972.80,16977.20,0,
17_04_2026_13_45,16976.70,16987.90,16976.70,16985.50,0,
17_04_2026_13_50,16985.70,16988.00,16980.40,16986.40,0,
17_04_2026_13_55,16986.30,16990.00,16979.70,16986.80,0,
17_04_2026_14_00,16985.90,16989.50,16981.00,16981.80,0,
17_04_2026_14_05,16981.80,16984.10,16976.80,16979.80,0,
17_04_2026_14_10,16980.00,16983.20,16972.30,16972.90,0,
17_04_2026_14_15,16972.50,16979.10,16971.30,16972.50,0,
17_04_2026_14_20,16972.40,16980.80,16972.10,16977.20,0,
17_04_2026_14_25,16977.80,16977.90,16968.30,16969.00,0,
17_04_2026_14_30,16969.60,16980.10,16968.60,16978.70,0,
17_04_2026_14_35,16978.60,16992.60,16978.40,16990.00,0,
17_04_2026_14_40,16989.90,17012.40,16989.90,17012.30,0,
17_04_2026_14_45,17012.30,17018.90,17009.20,17016.10,0,
17_04_2026_14_50,17016.30,17025.20,17016.00,17021.90,0,
17_04_2026_14_55,17021.90,17023.60,17013.90,17013.90,0,
17_04_2026_15_00,17014.80,17022.80,16974.70,16996.70,0,
17_04_2026_15_05,16996.70,17009.20,16996.20,17007.90,0,
17_04_2026_15_10,17006.90,17017.20,17005.80,17012.40,0,
17_04_2026_15_15,17011.90,17020.00,17009.20,17019.30,0,
17_04_2026_15_20,17019.80,17026.90,17017.50,17024.40,0,
17_04_2026_15_25,17024.90,17035.30,17018.20,17024.60,0,
20_04_2026_09_15,17057.40,17059.70,16893.20,17015.30,0,
20_04_2026_09_20,17017.80,17117.00,17017.80,17111.20,0,
20_04_2026_09_25,17111.70,17116.60,17036.00,17036.00,0,
20_04_2026_09_30,17036.20,17037.70,16982.90,16996.80,0,
20_04_2026_09_35,16996.60,17006.50,16958.20,16960.80,0,
20_04_2026_09_40,16960.30,16969.10,16921.50,16922.70,0,
20_04_2026_09_45,16922.30,16930.30,16917.90,16927.20,0,
20_04_2026_09_50,16926.90,16980.00,16925.50,16979.40,0,
20_04_2026_09_55,16979.10,16980.20,16953.20,16957.40,0,
20_04_2026_10_00,16957.50,16985.60,16954.20,16977.70,0,
20_04_2026_10_05,16977.90,17006.40,16976.90,17005.00,0,
20_04_2026_10_10,17005.70,17005.80,16984.60,16998.10,0,
20_04_2026_10_15,16997.90,17019.50,16994.80,17019.10,0,
20_04_2026_10_20,17019.30,17038.80,17015.60,17033.30,0,
20_04_2026_10_25,17032.70,17041.20,17018.60,17041.20,0,
20_04_2026_10_30,17041.60,17056.00,17041.60,17054.40,0,
20_04_2026_10_35,17054.20,17064.80,17043.30,17049.60,0,
20_04_2026_10_40,17049.90,17077.30,17049.20,17075.00,0,
20_04_2026_10_45,17074.50,17074.50,17047.90,17063.80,0,
20_04_2026_10_50,17063.70,17074.20,17054.30,17067.60,0,
20_04_2026_10_55,17067.80,17075.40,17060.80,17072.60,0,
20_04_2026_11_00,17072.80,17073.60,17057.20,17069.20,0,
20_04_2026_11_05,17069.20,17070.90,17049.40,17049.70,0,
20_04_2026_11_10,17049.30,17052.80,17038.80,17042.70,0,
20_04_2026_11_15,17042.90,17056.60,17042.80,17051.80,0,
20_04_2026_11_20,17051.60,17064.80,17051.60,17063.30,0,
20_04_2026_11_25,17062.90,17070.80,17061.10,17069.10,0,
20_04_2026_11_30,17069.20,17070.70,17052.30,17054.30,0,
20_04_2026_11_35,17054.60,17068.70,17053.70,17068.20,0,
20_04_2026_11_40,17068.00,17075.30,17067.10,17069.80,0,
20_04_2026_11_45,17069.50,17075.80,17062.30,17068.50,0,
20_04_2026_11_50,17068.20,17069.10,17058.80,17068.90,0,
20_04_2026_11_55,17069.00,17078.40,17064.90,17078.40,0,
20_04_2026_12_00,17078.80,17086.80,17078.80,17082.60,0,
20_04_2026_12_05,17082.70,17084.20,17071.40,17075.60,0,
20_04_2026_12_10,17075.30,17080.80,17068.50,17073.50,0,
20_04_2026_12_15,17073.10,17081.60,17071.50,17076.20,0,
20_04_2026_12_20,17075.90,17088.30,17075.90,17082.80,0,
20_04_2026_12_25,17082.80,17093.80,17078.60,17093.30,0,
20_04_2026_12_30,17093.30,17096.10,17083.80,17089.80,0,
20_04_2026_12_35,17089.00,17090.80,17074.80,17081.70,0,
20_04_2026_12_40,17081.70,17089.80,17080.30,17085.80,0,
20_04_2026_12_45,17086.20,17092.20,17083.90,17085.80,0,
20_04_2026_12_50,17086.20,17093.50,17085.90,17090.40,0,
20_04_2026_12_55,17090.70,17090.80,17080.80,17081.60,0,
20_04_2026_13_00,17081.70,17083.20,17034.90,17058.70,0,
20_04_2026_13_05,17058.70,17071.30,17049.80,17049.80,0,
20_04_2026_13_10,17049.20,17057.30,17036.60,17054.50,0,
20_04_2026_13_15,17054.80,17058.10,17042.40,17053.10,0,
20_04_2026_13_20,17053.00,17053.00,17023.70,17029.40,0,
20_04_2026_13_25,17029.30,17029.30,16995.40,17014.90,0,
20_04_2026_13_30,17016.90,17022.40,17011.60,17021.60,0,
20_04_2026_13_35,17021.50,17021.80,17005.60,17009.70,0,
20_04_2026_13_40,17009.10,17019.00,17007.10,17015.40,0,
20_04_2026_13_45,17014.90,17016.10,17005.30,17011.20,0,
20_04_2026_13_50,17011.80,17013.70,17004.40,17012.80,0,
20_04_2026_13_55,17012.60,17013.20,16998.70,17007.30,0,
20_04_2026_14_00,17006.40,17006.50,16993.50,17004.10,0,
20_04_2026_14_05,17003.60,17003.90,16983.00,16986.20,0,
20_04_2026_14_10,16986.30,16998.60,16986.10,16996.30,0,
20_04_2026_14_15,16996.30,17011.10,16994.60,17006.80,0,
20_04_2026_14_20,17006.50,17026.40,17004.40,17023.60,0,
20_04_2026_14_25,17023.40,17042.50,17022.70,17040.40,0,
20_04_2026_14_30,17040.20,17042.30,17032.10,17038.30,0,
20_04_2026_14_35,17038.40,17044.50,17030.40,17031.10,0,
20_04_2026_14_40,17031.50,17032.20,17022.80,17026.20,0,
20_04_2026_14_45,17026.70,17029.70,17019.10,17029.10,0,
20_04_2026_14_50,17029.10,17031.40,17026.30,17030.20,0,
20_04_2026_14_55,17030.20,17030.90,17024.70,17025.60,0,
20_04_2026_15_00,17026.30,17032.70,17014.20,17016.60,0,
20_04_2026_15_05,17016.80,17018.50,17001.40,17009.80,0,
20_04_2026_15_10,17009.50,17013.70,17001.10,17001.50,0,
20_04_2026_15_15,17002.20,17002.30,16958.00,16959.30,0,
20_04_2026_15_20,16959.40,16965.40,16949.70,16951.50,0,
20_04_2026_15_25,16950.80,16959.80,16942.30,16952.40,0,
21_04_2026_09_15,17009.40,17070.70,17002.10,17062.00,0,
21_04_2026_09_20,17062.90,17068.40,17053.20,17053.40,0,
21_04_2026_09_25,17053.40,17059.10,17040.60,17049.20,0,
21_04_2026_09_30,17049.10,17069.80,17041.20,17064.60,0,
21_04_2026_09_35,17064.30,17072.70,17052.30,17063.80,0,
21_04_2026_09_40,17065.20,17077.40,17060.20,17075.80,0,
21_04_2026_09_45,17076.40,17106.20,17075.60,17106.10,0,
21_04_2026_09_50,17106.20,17107.80,17075.70,17085.20,0,
21_04_2026_09_55,17085.20,17099.10,17083.90,17099.10,0,
21_04_2026_10_00,17099.10,17114.20,17099.10,17113.90,0,
21_04_2026_10_05,17113.40,17115.90,17106.60,17113.40,0,
21_04_2026_10_10,17113.30,17128.70,17107.30,17125.60,0,
21_04_2026_10_15,17125.30,17127.60,17108.30,17111.20,0,
21_04_2026_10_20,17110.90,17111.60,17101.20,17104.40,0,
21_04_2026_10_25,17104.30,17104.80,17098.00,17102.90,0,
21_04_2026_10_30,17102.80,17112.60,17099.60,17111.90,0,
21_04_2026_10_35,17112.20,17122.40,17112.20,17117.20,0,
21_04_2026_10_40,17117.30,17119.00,17105.00,17109.80,0,
21_04_2026_10_45,17109.80,17118.90,17108.40,17118.50,0,
21_04_2026_10_50,17118.40,17122.20,17112.90,17117.80,0,
21_04_2026_10_55,17117.80,17124.60,17105.40,17105.40,0,
21_04_2026_11_00,17105.80,17106.40,17094.60,17102.10,0,
21_04_2026_11_05,17102.30,17112.80,17101.90,17109.20,0,
21_04_2026_11_10,17109.30,17116.70,17106.60,17116.60,0,
21_04_2026_11_15,17116.00,17118.30,17111.20,17115.20,0,
21_04_2026_11_20,17115.60,17117.20,17105.40,17106.40,0,
21_04_2026_11_25,17106.40,17107.60,17093.30,17098.00,0,
21_04_2026_11_30,17097.90,17098.40,17086.40,17088.10,0,
21_04_2026_11_35,17088.20,17097.90,17083.40,17093.80,0,
21_04_2026_11_40,17093.80,17101.50,17090.70,17100.00,0,
21_04_2026_11_45,17100.20,17113.60,17100.20,17106.90,0,
21_04_2026_11_50,17107.10,17107.90,17096.50,17103.70,0,
21_04_2026_11_55,17103.20,17113.20,17102.90,17111.70,0,
21_04_2026_12_00,17111.80,17118.80,17111.80,17116.80,0,
21_04_2026_12_05,17116.90,17116.90,17104.70,17105.80,0,
21_04_2026_12_10,17105.80,17110.20,17097.40,17100.70,0,
21_04_2026_12_15,17100.90,17102.50,17088.00,17089.90,0,
21_04_2026_12_20,17090.00,17097.10,17087.40,17091.10,0,
21_04_2026_12_25,17090.90,17094.80,17088.80,17090.30,0,
21_04_2026_12_30,17090.70,17105.40,17090.70,17093.20,0,
21_04_2026_12_35,17092.80,17097.70,17091.40,17095.70,0,
21_04_2026_12_40,17094.90,17095.90,17089.40,17094.20,0,
21_04_2026_12_45,17094.70,17095.60,17081.30,17084.40,0,
21_04_2026_12_50,17084.20,17087.30,17079.10,17085.40,0,
21_04_2026_12_55,17085.30,17098.20,17081.90,17097.60,0,
21_04_2026_13_00,17098.10,17102.80,17085.20,17085.60,0,
21_04_2026_13_05,17085.30,17088.30,17083.70,17085.30,0,
21_04_2026_13_10,17085.00,17093.60,17081.80,17091.10,0,
21_04_2026_13_15,17091.20,17098.40,17089.40,17092.90,0,
21_04_2026_13_20,17092.10,17099.40,17092.10,17098.10,0,
21_04_2026_13_25,17098.20,17103.60,17096.60,17098.80,0,
21_04_2026_13_30,17098.60,17104.70,17086.10,17102.00,0,
21_04_2026_13_35,17102.20,17102.70,17086.20,17090.00,0,
21_04_2026_13_40,17089.40,17092.80,17074.90,17079.80,0,
21_04_2026_13_45,17079.60,17087.50,17078.20,17087.20,0,
21_04_2026_13_50,17087.40,17094.20,17086.90,17091.80,0,
21_04_2026_13_55,17092.20,17095.00,17089.10,17089.80,0,
21_04_2026_14_00,17089.90,17090.90,17076.50,17077.60,0,
21_04_2026_14_05,17076.90,17078.40,17070.10,17070.30,0,
21_04_2026_14_10,17070.40,17079.10,17066.80,17076.20,0,
21_04_2026_14_15,17076.30,17083.20,17075.40,17079.40,0,
21_04_2026_14_20,17078.80,17089.20,17078.00,17088.40,0,
21_04_2026_14_25,17088.70,17088.90,17074.40,17080.30,0,
21_04_2026_14_30,17080.20,17081.70,17066.90,17066.90,0,
21_04_2026_14_35,17066.60,17070.00,17061.40,17062.20,0,
21_04_2026_14_40,17062.20,17066.10,17057.20,17063.10,0,
21_04_2026_14_45,17062.90,17070.10,17060.80,17068.40,0,
21_04_2026_14_50,17068.40,17075.80,17068.30,17071.70,0,
21_04_2026_14_55,17071.40,17077.80,17069.50,17072.90,0,
21_04_2026_15_00,17072.70,17072.70,17056.50,17059.90,0,
21_04_2026_15_05,17059.70,17062.90,17056.30,17060.70,0,
21_04_2026_15_10,17060.80,17063.00,17054.20,17058.30,0,
21_04_2026_15_15,17057.80,17065.10,17053.00,17062.90,0,
21_04_2026_15_20,17062.30,17063.70,17055.80,17062.30,0,
21_04_2026_15_25,17062.70,17070.80,17056.60,17069.40,0,
22_04_2026_09_15,17025.10,17075.70,16989.80,17042.40,0,
22_04_2026_09_20,17039.00,17042.50,17010.70,17031.20,0,
22_04_2026_09_25,17030.40,17030.40,17005.90,17008.20,0,
22_04_2026_09_30,17007.70,17038.70,17002.70,17038.20,0,
22_04_2026_09_35,17038.30,17058.10,17026.70,17041.20,0,
22_04_2026_09_40,17041.30,17056.00,17025.60,17046.10,0,
22_04_2026_09_45,17044.90,17053.20,17027.40,17043.70,0,
22_04_2026_09_50,17043.80,17054.60,17027.20,17044.90,0,
22_04_2026_09_55,17044.70,17047.50,17026.80,17028.60,0,
22_04_2026_10_00,17029.40,17046.70,17016.10,17037.80,0,
22_04_2026_10_05,17037.80,17037.80,17019.90,17035.50,0,
22_04_2026_10_10,17035.50,17043.30,17028.70,17030.00,0,
22_04_2026_10_15,17029.80,17039.20,17024.80,17029.20,0,
22_04_2026_10_20,17029.00,17035.10,17019.00,17032.90,0,
22_04_2026_10_25,17032.40,17048.30,17030.30,17046.80,0,
22_04_2026_10_30,17046.80,17053.90,17041.90,17052.80,0,
22_04_2026_10_35,17053.00,17058.90,17046.90,17058.80,0,
22_04_2026_10_40,17058.80,17063.10,17056.40,17061.70,0,
22_04_2026_10_45,17061.50,17077.90,17055.60,17071.00,0,
22_04_2026_10_50,17071.40,17092.90,17071.10,17088.20,0,
22_04_2026_10_55,17088.40,17093.70,17079.60,17082.20,0,
22_04_2026_11_00,17082.30,17085.80,17074.10,17084.20,0,
22_04_2026_11_05,17084.60,17085.30,17072.20,17072.90,0,
22_04_2026_11_10,17072.80,17075.50,17064.60,17073.60,0,
22_04_2026_11_15,17073.50,17081.80,17067.20,17080.60,0,
22_04_2026_11_20,17080.80,17083.40,17072.70,17082.40,0,
22_04_2026_11_25,17082.80,17084.10,17077.40,17080.40,0,
22_04_2026_11_30,17080.70,17083.50,17074.20,17079.30,0,
22_04_2026_11_35,17078.90,17081.60,17074.50,17078.80,0,
22_04_2026_11_40,17079.10,17090.80,17078.80,17085.20,0,
22_04_2026_11_45,17085.20,17085.20,17066.40,17075.80,0,
22_04_2026_11_50,17076.10,17082.70,17073.00,17080.00,0,
22_04_2026_11_55,17080.10,17091.10,17079.10,17091.10,0,
22_04_2026_12_00,17090.90,17095.70,17090.30,17095.30,0,
22_04_2026_12_05,17094.90,17096.70,17089.20,17089.80,0,
22_04_2026_12_10,17090.10,17091.30,17080.70,17080.70,0,
22_04_2026_12_15,17080.80,17085.00,17076.70,17080.00,0,
22_04_2026_12_20,17080.20,17087.90,17078.80,17080.60,0,
22_04_2026_12_25,17080.80,17085.70,17078.80,17085.30,0,
22_04_2026_12_30,17084.70,17089.40,17082.40,17088.20,0,
22_04_2026_12_35,17088.30,17089.60,17075.50,17083.20,0,
22_04_2026_12_40,17082.60,17085.70,17075.80,17078.80,0,
22_04_2026_12_45,17078.80,17080.70,17068.20,17070.90,0,
22_04_2026_12_50,17071.20,17080.70,17068.70,17076.40,0,
22_04_2026_12_55,17076.40,17084.70,17076.00,17082.20,0,
22_04_2026_13_00,17082.10,17084.80,17072.30,17084.30,0,
22_04_2026_13_05,17084.80,17090.10,17083.90,17086.00,0,
22_04_2026_13_10,17085.70,17088.80,17076.20,17083.90,0,
22_04_2026_13_15,17083.20,17084.70,17072.20,17074.20,0,
22_04_2026_13_20,17073.90,17074.40,17056.30,17068.80,0,
22_04_2026_13_25,17068.60,17079.00,17068.20,17076.30,0,
22_04_2026_13_30,17075.60,17082.00,17074.60,17078.40,0,
22_04_2026_13_35,17077.60,17083.20,17077.20,17078.40,0,
22_04_2026_13_40,17077.80,17086.80,17077.50,17085.90,0,
22_04_2026_13_45,17086.10,17087.20,17080.20,17086.00,0,
22_04_2026_13_50,17085.00,17087.10,17079.80,17084.10,0,
22_04_2026_13_55,17084.30,17098.20,17083.10,17095.00,0,
22_04_2026_14_00,17095.40,17099.30,17071.60,17073.30,0,
22_04_2026_14_05,17072.90,17075.90,17065.70,17071.90,0,
22_04_2026_14_10,17071.80,17072.50,17059.80,17067.70,0,
22_04_2026_14_15,17067.00,17068.40,17045.20,17054.10,0,
22_04_2026_14_20,17053.70,17060.40,17049.70,17060.40,0,
22_04_2026_14_25,17060.80,17069.00,17060.80,17065.60,0,
22_04_2026_14_30,17065.60,17073.20,17062.20,17072.80,0,
22_04_2026_14_35,17072.60,17087.60,17069.70,17087.10,0,
22_04_2026_14_40,17088.10,17098.10,17087.90,17096.30,0,
22_04_2026_14_45,17095.70,17110.90,17095.00,17100.70,0,
22_04_2026_14_50,17100.30,17106.40,17096.80,17104.40,0,
22_04_2026_14_55,17104.60,17113.40,17104.60,17107.80,0,
22_04_2026_15_00,17107.40,17107.40,17061.40,17062.40,0,
22_04_2026_15_05,17062.50,17062.60,17045.20,17047.40,0,
22_04_2026_15_10,17048.10,17052.10,17045.20,17046.30,0,
22_04_2026_15_15,17046.20,17055.70,17045.20,17053.40,0,
22_04_2026_15_20,17053.80,17059.10,17052.10,17055.60,0,
22_04_2026_15_25,17055.80,17060.60,17043.10,17053.90,0,
23_04_2026_09_15,16994.50,16996.80,16920.20,16973.00,0,
23_04_2026_09_20,16972.40,16999.80,16956.30,16970.90,0,
23_04_2026_09_25,16970.90,16970.90,16941.30,16951.20,0,
23_04_2026_09_30,16952.20,16964.80,16925.70,16943.20,0,
23_04_2026_09_35,16944.90,16970.80,16931.80,16959.30,0,
23_04_2026_09_40,16958.90,16982.10,16953.20,16975.20,0,
23_04_2026_09_45,16975.80,17010.50,16973.20,17009.50,0,
23_04_2026_09_50,17009.20,17027.30,17009.20,17013.00,0,
23_04_2026_09_55,17012.40,17020.70,17007.30,17010.30,0,
23_04_2026_10_00,17010.80,17027.70,16982.90,17025.70,0,
23_04_2026_10_05,17026.10,17034.80,17010.80,17013.60,0,
23_04_2026_10_10,17013.50,17013.50,16993.80,17006.70,0,
23_04_2026_10_15,17006.20,17011.90,17000.30,17010.30,0,
23_04_2026_10_20,17010.70,17013.70,16997.40,17005.70,0,
23_04_2026_10_25,17005.30,17009.60,16995.10,16996.60,0,
23_04_2026_10_30,16996.20,16996.60,16978.20,16984.20,0,
23_04_2026_10_35,16984.20,16988.80,16966.60,16973.60,0,
23_04_2026_10_40,16973.60,16974.90,16967.10,16970.70,0,
23_04_2026_10_45,16970.60,16973.10,16958.10,16966.60,0,
23_04_2026_10_50,16966.30,16973.80,16959.00,16970.50,0,
23_04_2026_10_55,16970.90,16974.90,16959.20,16973.80,0,
23_04_2026_11_00,16974.10,16985.90,16971.40,16984.90,0,
23_04_2026_11_05,16985.10,16991.30,16981.90,16984.50,0,
23_04_2026_11_10,16984.40,16984.60,16966.20,16966.20,0,
23_04_2026_11_15,16967.00,16973.00,16964.80,16969.20,0,
23_04_2026_11_20,16969.20,16975.70,16963.30,16964.70,0,
23_04_2026_11_25,16965.10,16975.10,16963.10,16973.70,0,
23_04_2026_11_30,16973.80,16974.80,16967.80,16968.90,0,
23_04_2026_11_35,16969.00,16969.00,16962.20,16965.50,0,
23_04_2026_11_40,16966.30,16968.90,16960.70,16961.80,0,
23_04_2026_11_45,16962.60,16968.20,16958.20,16966.80,0,
23_04_2026_11_50,16966.60,16967.90,16960.10,16962.00,0,
23_04_2026_11_55,16962.20,16972.90,16959.40,16972.10,0,
23_04_2026_12_00,16971.70,16977.80,16964.80,16965.30,0,
23_04_2026_12_05,16966.20,16975.50,16963.70,16970.40,0,
23_04_2026_12_10,16970.20,16978.90,16967.60,16977.90,0,
23_04_2026_12_15,16977.20,16984.20,16974.10,16974.80,0,
23_04_2026_12_20,16974.80,16988.30,16973.50,16981.20,0,
23_04_2026_12_25,16981.10,16981.20,16949.30,16952.80,0,
23_04_2026_12_30,16952.40,16959.30,16943.40,16955.00,0,
23_04_2026_12_35,16954.70,16967.30,16945.10,16965.20,0,
23_04_2026_12_40,16965.70,16966.20,16952.80,16959.20,0,
23_04_2026_12_45,16959.80,16961.00,16945.20,16947.70,0,
23_04_2026_12_50,16948.40,16959.40,16945.70,16958.70,0,
23_04_2026_12_55,16958.60,16965.90,16955.80,16961.00,0,
23_04_2026_13_00,16960.80,16971.40,16957.60,16970.00,0,
23_04_2026_13_05,16970.30,16983.80,16967.40,16983.80,0,
23_04_2026_13_10,16984.10,16985.70,16975.60,16983.10,0,
23_04_2026_13_15,16983.20,16996.70,16973.60,16995.40,0,
23_04_2026_13_20,16995.80,17006.50,16994.80,17001.80,0,
23_04_2026_13_25,17002.20,17004.80,16992.80,17003.70,0,
23_04_2026_13_30,17003.90,17007.80,16988.80,16988.80,0,
23_04_2026_13_35,16988.80,16988.80,16966.80,16970.00,0,
23_04_2026_13_40,16970.20,16975.40,16967.20,16974.60,0,
23_04_2026_13_45,16974.90,16975.10,16967.20,16971.70,0,
23_04_2026_13_50,16971.40,16977.60,16966.30,16968.20,0,
23_04_2026_13_55,16968.10,16981.20,16968.10,16976.80,0,
23_04_2026_14_00,16976.30,16984.20,16971.80,16981.20,0,
23_04_2026_14_05,16980.90,16982.40,16968.40,16969.80,0,
23_04_2026_14_10,16970.30,16970.30,16954.30,16954.80,0,
23_04_2026_14_15,16955.20,16963.80,16954.90,16955.20,0,
23_04_2026_14_20,16955.30,16962.90,16949.70,16956.20,0,
23_04_2026_14_25,16956.40,16956.80,16942.30,16942.30,0,
23_04_2026_14_30,16943.00,16943.40,16924.10,16924.10,0,
23_04_2026_14_35,16924.30,16926.80,16916.80,16917.40,0,
23_04_2026_14_40,16917.40,16925.60,16907.40,16915.20,0,
23_04_2026_14_45,16915.10,16939.40,16911.60,16930.00,0,
23_04_2026_14_50,16930.10,16941.40,16929.70,16938.90,0,
23_04_2026_14_55,16938.70,16942.30,16927.90,16939.20,0,
23_04_2026_15_00,16940.20,16971.80,16940.20,16951.60,0,
23_04_2026_15_05,16951.90,16961.30,16946.20,16947.80,0,
23_04_2026_15_10,16950.20,16951.80,16933.20,16933.40,0,
23_04_2026_15_15,16933.70,16936.00,16925.30,16931.50,0,
23_04_2026_15_20,16930.60,16938.10,16927.60,16928.80,0,
23_04_2026_15_25,16928.80,16937.70,16920.80,16935.60,0,
24_04_2026_09_15,16959.60,16995.30,16898.50,16957.90,0,
24_04_2026_09_20,16957.70,16978.20,16919.10,16958.60,0,
24_04_2026_09_25,16958.20,16959.10,16904.30,16905.60,0,
24_04_2026_09_30,16904.70,16932.60,16852.30,16857.00,0,
24_04_2026_09_35,16857.30,16864.80,16826.10,16836.70,0,
24_04_2026_09_40,16836.70,16852.80,16820.80,16849.60,0,
24_04_2026_09_45,16849.80,16849.80,16826.70,16837.50,0,
24_04_2026_09_50,16837.80,16850.20,16811.40,16812.70,0,
24_04_2026_09_55,16812.60,16823.90,16801.20,16811.80,0,
24_04_2026_10_00,16812.20,16856.60,16812.20,16855.70,0,
24_04_2026_10_05,16855.90,16869.20,16853.80,16858.20,0,
24_04_2026_10_10,16857.80,16868.00,16848.50,16856.70,0,
24_04_2026_10_15,16854.80,16854.80,16837.30,16838.90,0,
24_04_2026_10_20,16838.80,16840.70,16816.30,16816.60,0,
24_04_2026_10_25,16816.70,16834.60,16814.20,16819.90,0,
24_04_2026_10_30,16818.80,16819.80,16799.70,16800.80,0,
24_04_2026_10_35,16800.40,16802.70,16785.20,16792.60,0,
24_04_2026_10_40,16792.60,16798.60,16777.70,16778.60,0,
24_04_2026_10_45,16778.10,16786.20,16758.90,16762.80,0,
24_04_2026_10_50,16762.70,16782.20,16761.80,16776.20,0,
24_04_2026_10_55,16776.30,16778.60,16755.00,16755.50,0,
24_04_2026_11_00,16755.70,16757.70,16739.60,16746.20,0,
24_04_2026_11_05,16745.90,16755.10,16739.20,16739.30,0,
24_04_2026_11_10,16739.20,16745.80,16731.20,16731.80,0,
24_04_2026_11_15,16731.90,16736.20,16717.80,16734.20,0,
24_04_2026_11_20,16733.30,16745.60,16731.80,16737.20,0,
24_04_2026_11_25,16738.10,16744.20,16733.60,16736.90,0,
24_04_2026_11_30,16736.80,16755.10,16736.60,16751.40,0,
24_04_2026_11_35,16751.10,16752.90,16738.40,16747.80,0,
24_04_2026_11_40,16747.80,16747.80,16734.40,16739.80,0,
24_04_2026_11_45,16739.30,16740.00,16722.60,16724.30,0,
24_04_2026_11_50,16724.40,16724.40,16706.10,16708.00,0,
24_04_2026_11_55,16708.00,16717.00,16706.80,16712.30,0,
24_04_2026_12_00,16712.80,16715.10,16704.70,16714.30,0,
24_04_2026_12_05,16714.20,16726.90,16710.20,16725.20,0,
24_04_2026_12_10,16724.30,16755.30,16724.30,16753.10,0,
24_04_2026_12_15,16753.80,16756.70,16743.80,16751.30,0,
24_04_2026_12_20,16750.80,16751.70,16718.10,16718.80,0,
24_04_2026_12_25,16719.20,16721.40,16707.20,16708.70,0,
24_04_2026_12_30,16708.50,16716.40,16707.20,16712.60,0,
24_04_2026_12_35,16712.30,16723.90,16708.80,16720.20,0,
24_04_2026_12_40,16719.60,16728.30,16706.30,16706.30,0,
24_04_2026_12_45,16706.50,16732.90,16705.60,16726.20,0,
24_04_2026_12_50,16726.10,16742.20,16720.10,16730.60,0,
24_04_2026_12_55,16730.60,16740.90,16722.30,16736.50,0,
24_04_2026_13_00,16736.70,16736.80,16711.10,16712.60,0,
24_04_2026_13_05,16712.40,16717.90,16702.20,16702.80,0,
24_04_2026_13_10,16702.80,16702.80,16686.00,16697.70,0,
24_04_2026_13_15,16697.70,16701.80,16688.50,16701.60,0,
24_04_2026_13_20,16701.90,16707.20,16696.70,16698.70,0,
24_04_2026_13_25,16698.70,16714.50,16697.20,16714.10,0,
24_04_2026_13_30,16713.90,16714.40,16696.50,16698.90,0,
24_04_2026_13_35,16698.80,16705.80,16679.00,16685.20,0,
24_04_2026_13_40,16685.10,16690.20,16670.10,16672.70,0,
24_04_2026_13_45,16672.20,16692.10,16672.20,16683.40,0,
24_04_2026_13_50,16683.40,16697.80,16682.60,16696.30,0,
24_04_2026_13_55,16695.80,16696.80,16679.70,16689.60,0,
24_04_2026_14_00,16690.30,16694.80,16683.00,16685.30,0,
24_04_2026_14_05,16685.30,16689.60,16671.30,16683.80,0,
24_04_2026_14_10,16684.20,16695.90,16683.30,16688.90,0,
24_04_2026_14_15,16688.80,16709.20,16687.70,16706.90,0,
24_04_2026_14_20,16707.20,16738.80,16706.60,16724.40,0,
24_04_2026_14_25,16724.20,16741.90,16719.00,16739.30,0,
24_04_2026_14_30,16739.30,16758.90,16736.40,16751.20,0,
24_04_2026_14_35,16751.30,16771.40,16751.10,16770.60,0,
24_04_2026_14_40,16771.40,16771.80,16757.60,16769.40,0,
24_04_2026_14_45,16769.30,16773.20,16748.20,16761.20,0,
24_04_2026_14_50,16760.40,16767.90,16737.60,16750.20,0,
24_04_2026_14_55,16750.20,16760.40,16745.70,16751.80,0,
24_04_2026_15_00,16750.80,16750.80,16711.00,16715.80,0,
24_04_2026_15_05,16715.50,16740.50,16708.80,16739.90,0,
24_04_2026_15_10,16739.80,16744.60,16727.20,16738.40,0,
24_04_2026_15_15,16738.10,16769.50,16738.10,16761.60,0,
24_04_2026_15_20,16761.30,16765.70,16743.60,16750.70,0,
24_04_2026_15_25,16749.80,16758.20,16740.80,16757.30,0,
27_04_2026_09_15,16803.10,16940.30,16796.60,16903.20,0,
27_04_2026_09_20,16903.80,16958.10,16903.80,16911.70,0,
27_04_2026_09_25,16909.20,16918.20,16853.90,16878.30,0,
27_04_2026_09_30,16880.10,16902.60,16862.20,16869.40,0,
27_04_2026_09_35,16869.30,16901.20,16866.30,16880.80,0,
27_04_2026_09_40,16880.80,16935.80,16880.80,16932.80,0,
27_04_2026_09_45,16933.20,16961.40,16933.20,16959.80,0,
27_04_2026_09_50,16958.90,16981.80,16949.40,16980.20,0,
27_04_2026_09_55,16979.90,16996.30,16979.90,16985.10,0,
27_04_2026_10_00,16985.20,16986.30,16960.70,16960.70,0,
27_04_2026_10_05,16960.20,16965.90,16943.40,16943.90,0,
27_04_2026_10_10,16944.00,16948.40,16931.40,16931.80,0,
27_04_2026_10_15,16932.30,16967.30,16932.30,16958.20,0,
27_04_2026_10_20,16957.90,16958.10,16937.60,16946.00,0,
27_04_2026_10_25,16945.70,16949.20,16931.70,16946.30,0,
27_04_2026_10_30,16946.50,16951.80,16926.40,16935.20,0,
27_04_2026_10_35,16935.70,16936.20,16927.20,16931.30,0,
27_04_2026_10_40,16931.70,16942.90,16929.90,16939.80,0,
27_04_2026_10_45,16939.80,16954.60,16928.70,16953.20,0,
27_04_2026_10_50,16952.80,16962.80,16952.30,16960.70,0,
27_04_2026_10_55,16960.60,16969.50,16958.40,16958.40,0,
27_04_2026_11_00,16958.30,16965.70,16944.10,16959.80,0,
27_04_2026_11_05,16959.70,16965.30,16939.60,16942.80,0,
27_04_2026_11_10,16943.80,16959.30,16943.80,16956.90,0,
27_04_2026_11_15,16956.60,16965.80,16951.30,16951.70,0,
27_04_2026_11_20,16951.30,16952.40,16946.80,16948.10,0,
27_04_2026_11_25,16947.70,16953.10,16939.90,16942.40,0,
27_04_2026_11_30,16942.20,16946.30,16933.50,16937.80,0,
27_04_2026_11_35,16936.90,16940.40,16918.20,16932.00,0,
27_04_2026_11_40,16931.90,16942.70,16927.70,16939.30,0,
27_04_2026_11_45,16939.00,16950.40,16933.90,16949.60,0,
27_04_2026_11_50,16949.40,16949.40,16935.80,16945.30,0,
27_04_2026_11_55,16945.20,16955.20,16944.30,16953.80,0,
27_04_2026_12_00,16953.80,16954.80,16937.90,16943.00,0,
27_04_2026_12_05,16943.30,16951.70,16942.20,16944.50,0,
27_04_2026_12_10,16944.30,16966.70,16943.20,16963.20,0,
27_04_2026_12_15,16963.30,16977.20,16961.10,16973.70,0,
27_04_2026_12_20,16974.30,16976.90,16963.80,16975.50,0,
27_04_2026_12_25,16975.40,16982.30,16974.80,16976.10,0,
27_04_2026_12_30,16975.70,16989.20,16975.30,16987.60,0,
27_04_2026_12_35,16987.80,17000.60,16987.40,16990.90,0,
27_04_2026_12_40,16990.90,16994.00,16984.40,16988.90,0,
27_04_2026_12_45,16988.80,16993.80,16985.90,16991.80,0,
27_04_2026_12_50,16991.60,17001.30,16986.40,16990.90,0,
27_04_2026_12_55,16991.20,16994.80,16987.90,16990.60,0,
27_04_2026_13_00,16990.40,17003.60,16989.70,16998.30,0,
27_04_2026_13_05,16997.90,17014.60,16994.20,17014.10,0,
27_04_2026_13_10,17014.60,17019.80,17004.90,17019.20,0,
27_04_2026_13_15,17019.40,17032.20,17016.90,17016.90,0,
27_04_2026_13_20,17017.20,17019.20,17010.10,17010.70,0,
27_04_2026_13_25,17010.40,17016.00,17004.80,17010.30,0,
27_04_2026_13_30,17010.00,17018.70,17008.20,17014.80,0,
27_04_2026_13_35,17015.10,17022.90,17012.80,17022.20,0,
27_04_2026_13_40,17021.80,17028.50,17011.40,17011.60,0,
27_04_2026_13_45,17011.80,17019.30,17001.80,17001.80,0,
27_04_2026_13_50,17000.90,17012.60,16998.30,17012.40,0,
27_04_2026_13_55,17012.10,17014.60,17006.80,17011.10,0,
27_04_2026_14_00,17011.30,17013.90,17002.80,17006.20,0,
27_04_2026_14_05,17006.40,17009.90,16994.70,16995.90,0,
27_04_2026_14_10,16995.30,17006.90,16995.00,17003.70,0,
27_04_2026_14_15,17003.60,17009.60,17001.50,17006.90,0,
27_04_2026_14_20,17007.00,17008.30,16999.10,17005.80,0,
27_04_2026_14_25,17005.40,17012.20,17003.70,17005.90,0,
27_04_2026_14_30,17006.40,17007.60,16977.40,16980.20,0,
27_04_2026_14_35,16980.00,17002.20,16979.80,17001.90,0,
27_04_2026_14_40,17001.80,17001.80,16991.50,16997.40,0,
27_04_2026_14_45,16997.40,17004.60,16993.70,17002.00,0,
27_04_2026_14_50,17001.40,17005.20,17000.00,17003.10,0,
27_04_2026_14_55,17003.80,17006.70,16995.30,17000.30,0,
27_04_2026_15_00,16999.30,16999.30,16980.60,16989.90,0,
27_04_2026_15_05,16989.80,16990.70,16981.30,16981.70,0,
27_04_2026_15_10,16981.30,16994.30,16979.60,16989.70,0,
27_04_2026_15_15,16988.80,17001.70,16988.70,16999.10,0,
27_04_2026_15_20,17000.50,17015.60,17000.40,17011.40,0,
27_04_2026_15_25,17009.60,17013.80,16998.60,17007.70,0,
28_04_2026_09_15,17015.40,17064.80,16985.70,17029.10,0,
28_04_2026_09_20,17030.30,17032.40,16998.00,17013.30,0,
28_04_2026_09_25,17012.70,17053.60,17011.90,17020.10,0,
28_04_2026_09_30,17020.80,17023.60,17005.30,17012.10,0,
28_04_2026_09_35,17011.80,17030.70,16993.90,17020.80,0,
28_04_2026_09_40,17021.10,17029.60,17018.20,17023.40,0,
28_04_2026_09_45,17024.50,17034.10,17015.40,17015.60,0,
28_04_2026_09_50,17016.20,17030.80,17015.50,17029.70,0,
28_04_2026_09_55,17029.90,17047.40,17029.80,17046.30,0,
28_04_2026_10_00,17046.80,17055.80,17044.30,17051.30,0,
28_04_2026_10_05,17051.90,17056.00,17043.90,17049.30,0,
28_04_2026_10_10,17049.70,17050.40,17042.60,17046.20,0,
28_04_2026_10_15,17046.40,17067.10,17042.80,17066.80,0,
28_04_2026_10_20,17066.60,17078.90,17063.90,17075.20,0,
28_04_2026_10_25,17074.80,17075.60,17062.40,17064.20,0,
28_04_2026_10_30,17064.00,17065.40,17044.70,17045.40,0,
28_04_2026_10_35,17045.10,17047.10,17037.60,17040.60,0,
28_04_2026_10_40,17041.10,17041.10,17024.40,17035.30,0,
28_04_2026_10_45,17035.70,17042.90,17034.40,17035.60,0,
28_04_2026_10_50,17035.40,17045.60,17033.70,17045.60,0,
28_04_2026_10_55,17045.40,17049.60,17041.70,17043.10,0,
28_04_2026_11_00,17042.60,17050.80,17042.50,17050.30,0,
28_04_2026_11_05,17050.20,17050.20,17039.20,17043.10,0,
28_04_2026_11_10,17043.20,17051.60,17038.30,17049.10,0,
28_04_2026_11_15,17049.30,17050.20,17039.80,17044.30,0,
28_04_2026_11_20,17044.20,17052.90,17039.30,17039.70,0,
28_04_2026_11_25,17039.80,17039.90,17016.40,17017.80,0,
28_04_2026_11_30,17017.60,17027.70,17009.70,17025.90,0,
28_04_2026_11_35,17025.80,17034.60,17025.30,17032.70,0,
28_04_2026_11_40,17032.20,17046.70,17031.30,17044.80,0,
28_04_2026_11_45,17044.80,17051.20,17039.50,17044.00,0,
28_04_2026_11_50,17043.80,17046.80,17038.60,17040.70,0,
28_04_2026_11_55,17040.90,17042.60,17023.30,17025.00,0,
28_04_2026_12_00,17025.20,17026.10,17011.30,17020.80,0,
28_04_2026_12_05,17020.20,17020.60,17012.20,17013.40,0,
28_04_2026_12_10,17012.60,17024.70,17010.60,17021.90,0,
28_04_2026_12_15,17021.80,17031.00,17021.80,17022.90,0,
28_04_2026_12_20,17022.70,17026.80,17006.90,17018.20,0,
28_04_2026_12_25,17018.30,17027.20,17015.20,17020.20,0,
28_04_2026_12_30,17019.30,17019.30,17005.80,17016.60,0,
28_04_2026_12_35,17017.10,17030.60,17016.60,17020.10,0,
28_04_2026_12_40,17020.50,17034.70,17018.50,17030.90,0,
28_04_2026_12_45,17030.30,17034.40,17021.80,17029.10,0,
28_04_2026_12_50,17028.60,17032.60,17024.10,17027.00,0,
28_04_2026_12_55,17027.20,17032.40,17022.20,17024.30,0,
28_04_2026_13_00,17024.60,17030.60,17017.40,17024.60,0,
28_04_2026_13_05,17024.80,17033.30,17023.20,17030.60,0,
28_04_2026_13_10,17030.40,17033.80,17023.30,17023.60,0,
28_04_2026_13_15,17023.20,17035.40,17022.10,17031.60,0,
28_04_2026_13_20,17031.90,17039.90,17028.70,17038.20,0,
28_04_2026_13_25,17038.50,17044.40,17027.70,17028.10,0,
28_04_2026_13_30,17027.70,17029.70,17016.10,17016.80,0,
28_04_2026_13_35,17017.10,17019.40,17003.10,17009.30,0,
28_04_2026_13_40,17008.80,17023.10,17006.40,17018.00,0,
28_04_2026_13_45,17017.90,17017.90,17001.20,17001.20,0,
28_04_2026_13_50,17001.40,17021.20,16999.80,17019.80,0,
28_04_2026_13_55,17019.50,17032.60,17014.70,17017.20,0,
28_04_2026_14_00,17017.10,17017.50,17009.50,17010.50,0,
28_04_2026_14_05,17010.20,17010.60,16997.60,17007.50,0,
28_04_2026_14_10,17007.50,17007.80,16988.90,16988.90,0,
28_04_2026_14_15,16989.40,17003.80,16981.60,17001.40,0,
28_04_2026_14_20,17001.40,17019.40,17000.10,17016.30,0,
28_04_2026_14_25,17016.60,17019.10,17007.20,17012.70,0,
28_04_2026_14_30,17014.90,17056.40,17014.90,17039.00,0,
28_04_2026_14_35,17038.70,17058.30,17038.70,17056.60,0,
28_04_2026_14_40,17056.40,17067.00,17050.60,17065.30,0,
28_04_2026_14_45,17065.20,17082.30,17063.80,17072.20,0,
28_04_2026_14_50,17072.20,17084.60,17071.10,17082.20,0,
28_04_2026_14_55,17082.60,17092.30,17080.60,17086.00,0,
28_04_2026_15_00,17086.60,17093.60,17027.40,17028.90,0,
28_04_2026_15_05,17029.70,17031.40,17013.80,17021.10,0,
28_04_2026_15_10,17020.70,17024.80,17013.90,17021.80,0,
28_04_2026_15_15,17021.70,17038.90,17015.80,17035.60,0,
28_04_2026_15_20,17035.70,17047.40,17030.20,17047.10,0,
28_04_2026_15_25,17047.50,17079.70,17047.50,17069.90,0,
29_04_2026_09_15,17141.10,17168.20,17101.30,17117.40,0,
29_04_2026_09_20,17122.20,17138.50,17070.30,17087.60,0,
29_04_2026_09_25,17089.00,17149.10,17088.60,17149.10,0,
29_04_2026_09_30,17148.80,17152.80,17118.00,17120.10,0,
29_04_2026_09_35,17120.00,17135.40,17107.80,17122.00,0,
29_04_2026_09_40,17122.30,17141.60,17121.90,17135.80,0,
29_04_2026_09_45,17136.40,17152.90,17135.10,17151.00,0,
29_04_2026_09_50,17150.10,17171.10,17149.10,17168.30,0,
29_04_2026_09_55,17167.80,17172.10,17158.80,17168.70,0,
29_04_2026_10_00,17169.20,17189.10,17169.20,17180.00,0,
29_04_2026_10_05,17179.80,17191.10,17175.60,17176.60,0,
29_04_2026_10_10,17176.70,17185.20,17172.60,17184.10,0,
29_04_2026_10_15,17184.60,17201.20,17183.20,17194.60,0,
29_04_2026_10_20,17194.80,17204.20,17190.80,17194.70,0,
29_04_2026_10_25,17194.70,17206.80,17191.40,17202.70,0,
29_04_2026_10_30,17202.80,17203.90,17185.70,17185.90,0,
29_04_2026_10_35,17186.10,17190.80,17180.40,17183.80,0,
29_04_2026_10_40,17184.10,17193.40,17182.30,17182.80,0,
29_04_2026_10_45,17183.50,17188.00,17177.70,17186.80,0,
29_04_2026_10_50,17186.80,17196.10,17183.80,17185.90,0,
29_04_2026_10_55,17186.20,17191.30,17182.50,17190.30,0,
29_04_2026_11_00,17190.90,17197.10,17175.60,17175.60,0,
29_04_2026_11_05,17175.20,17193.90,17173.10,17190.60,0,
29_04_2026_11_10,17191.10,17196.70,17189.60,17193.70,0,
29_04_2026_11_15,17193.90,17199.90,17193.10,17197.70,0,
29_04_2026_11_20,17197.70,17208.10,17193.60,17201.90,0,
29_04_2026_11_25,17202.10,17209.90,17191.60,17192.20,0,
29_04_2026_11_30,17192.30,17198.60,17185.60,17191.10,0,
29_04_2026_11_35,17191.50,17195.20,17190.10,17193.10,0,
29_04_2026_11_40,17193.40,17197.80,17184.50,17184.70,0,
29_04_2026_11_45,17184.90,17187.20,17179.50,17181.20,0,
29_04_2026_11_50,17181.80,17183.20,17173.80,17180.70,0,
29_04_2026_11_55,17180.80,17192.00,17179.10,17188.20,0,
29_04_2026_12_00,17188.30,17189.20,17179.10,17182.90,0,
29_04_2026_12_05,17183.30,17191.40,17177.90,17190.30,0,
29_04_2026_12_10,17190.60,17192.50,17184.10,17186.40,0,
29_04_2026_12_15,17186.10,17195.80,17185.30,17191.70,0,
29_04_2026_12_20,17191.90,17193.40,17183.80,17188.20,0,
29_04_2026_12_25,17189.10,17193.60,17185.30,17186.80,0,
29_04_2026_12_30,17186.70,17192.60,17184.60,17189.90,0,
29_04_2026_12_35,17190.20,17191.10,17176.60,17177.10,0,
29_04_2026_12_40,17177.30,17184.70,17175.90,17183.20,0,
29_04_2026_12_45,17183.60,17188.40,17181.80,17182.80,0,
29_04_2026_12_50,17182.50,17184.70,17176.00,17177.20,0,
29_04_2026_12_55,17177.20,17181.70,17176.90,17177.10,0,
29_04_2026_13_00,17176.90,17182.40,17175.90,17178.80,0,
29_04_2026_13_05,17179.20,17187.10,17178.30,17182.10,0,
29_04_2026_13_10,17182.30,17187.90,17173.90,17174.80,0,
29_04_2026_13_15,17174.80,17177.10,17164.70,17168.90,0,
29_04_2026_13_20,17168.80,17171.80,17159.90,17161.00,0,
29_04_2026_13_25,17161.30,17167.70,17159.40,17159.40,0,
29_04_2026_13_30,17159.60,17161.40,17148.20,17148.80,0,
29_04_2026_13_35,17149.60,17152.70,17115.10,17116.90,0,
29_04_2026_13_40,17117.20,17117.80,17089.80,17093.20,0,
29_04_2026_13_45,17093.40,17094.30,17080.10,17087.50,0,
29_04_2026_13_50,17088.10,17127.10,17088.10,17110.90,0,
29_04_2026_13_55,17111.20,17119.40,17094.70,17094.70,0,
29_04_2026_14_00,17094.00,17094.60,17052.70,17055.30,0,
29_04_2026_14_05,17055.80,17070.40,17052.50,17057.40,0,
29_04_2026_14_10,17058.10,17060.00,17035.90,17052.20,0,
29_04_2026_14_15,17052.40,17056.70,17028.20,17032.90,0,
29_04_2026_14_20,17032.90,17056.20,17015.90,17054.50,0,
29_04_2026_14_25,17054.20,17054.20,17030.60,17030.80,0,
29_04_2026_14_30,17030.90,17042.80,17025.30,17041.80,0,
29_04_2026_14_35,17041.70,17043.80,17029.70,17043.20,0,
29_04_2026_14_40,17043.80,17072.80,17043.60,17070.80,0,
29_04_2026_14_45,17071.40,17072.40,17055.30,17059.60,0,
29_04_2026_14_50,17060.70,17061.60,17051.10,17053.20,0,
29_04_2026_14_55,17053.30,17054.00,17023.30,17029.30,0,
29_04_2026_15_00,17028.90,17074.80,17027.30,17051.30,0,
29_04_2026_15_05,17051.40,17071.20,17051.20,17063.80,0,
29_04_2026_15_10,17064.20,17064.20,17036.90,17037.60,0,
29_04_2026_15_15,17037.10,17037.10,17002.80,17007.10,0,
29_04_2026_15_20,17006.40,17016.80,17001.70,17011.50,0,
29_04_2026_15_25,17010.80,17025.70,17006.40,17017.20,0,
30_04_2026_09_15,16960.30,16962.30,16818.90,16843.10,0,
30_04_2026_09_20,16846.80,16864.00,16828.50,16844.40,0,
30_04_2026_09_25,16844.00,16856.90,16820.60,16828.60,0,
30_04_2026_09_30,16824.80,16876.00,16817.30,16876.00,0,
30_04_2026_09_35,16875.90,16879.40,16833.80,16834.10,0,
30_04_2026_09_40,16833.90,16874.10,16818.50,16873.40,0,
30_04_2026_09_45,16873.10,16892.80,16866.10,16878.40,0,
30_04_2026_09_50,16878.70,16879.70,16863.40,16864.10,0,
30_04_2026_09_55,16863.70,16865.50,16834.70,16837.40,0,
30_04_2026_10_00,16837.20,16837.80,16802.90,16804.20,0,
30_04_2026_10_05,16804.50,16816.20,16788.50,16789.60,0,
30_04_2026_10_10,16789.60,16789.60,16762.60,16764.80,0,
30_04_2026_10_15,16764.40,16781.30,16748.80,16776.20,0,
30_04_2026_10_20,16775.80,16783.20,16752.10,16759.40,0,
30_04_2026_10_25,16759.20,16762.80,16742.90,16743.50,0,
30_04_2026_10_30,16743.70,16756.10,16741.90,16748.30,0,
30_04_2026_10_35,16748.20,16776.90,16747.40,16776.00,0,
30_04_2026_10_40,16776.00,16780.80,16762.00,16773.20,0,
30_04_2026_10_45,16773.20,16773.80,16744.70,16748.30,0,
30_04_2026_10_50,16747.70,16756.20,16742.40,16750.40,0,
30_04_2026_10_55,16750.30,16760.80,16747.80,16757.70,0,
30_04_2026_11_00,16758.20,16761.70,16749.10,16749.40,0,
30_04_2026_11_05,16749.30,16767.70,16749.20,16767.10,0,
30_04_2026_11_10,16767.10,16769.00,16756.20,16759.00,0,
30_04_2026_11_15,16759.50,16774.20,16757.10,16771.50,0,
30_04_2026_11_20,16771.30,16772.60,16764.90,16771.90,0,
30_04_2026_11_25,16771.70,16790.60,16771.20,16789.90,0,
30_04_2026_11_30,16790.20,16792.20,16776.30,16783.00,0,
30_04_2026_11_35,16783.40,16803.80,16783.40,16799.60,0,
30_04_2026_11_40,16799.90,16800.90,16779.40,16779.40,0,
30_04_2026_11_45,16779.50,16782.70,16770.20,16780.90,0,
30_04_2026_11_50,16780.80,16782.90,16769.00,16773.10,0,
30_04_2026_11_55,16772.70,16782.80,16772.30,16772.30,0,
30_04_2026_12_00,16772.10,16782.70,16766.20,16779.40,0,
30_04_2026_12_05,16779.00,16790.60,16774.90,16780.90,0,
30_04_2026_12_10,16780.80,16793.40,16779.70,16792.70,0,
30_04_2026_12_15,16792.90,16799.20,16786.00,16786.10,0,
30_04_2026_12_20,16785.40,16809.30,16780.10,16807.10,0,
30_04_2026_12_25,16807.10,16813.70,16803.40,16804.10,0,
30_04_2026_12_30,16803.40,16809.40,16800.00,16803.10,0,
30_04_2026_12_35,16802.50,16804.70,16794.80,16799.80,0,
30_04_2026_12_40,16800.20,16811.70,16799.50,16808.40,0,
30_04_2026_12_45,16808.30,16824.20,16807.20,16821.70,0,
30_04_2026_12_50,16822.00,16823.80,16812.90,16818.00,0,
30_04_2026_12_55,16818.20,16824.70,16810.70,16821.80,0,
30_04_2026_13_00,16822.20,16829.00,16817.70,16817.80,0,
30_04_2026_13_05,16817.80,16824.50,16807.90,16822.40,0,
30_04_2026_13_10,16822.70,16826.20,16816.10,16818.20,0,
30_04_2026_13_15,16818.00,16822.20,16809.80,16810.30,0,
30_04_2026_13_20,16810.60,16816.90,16806.90,16815.60,0,
30_04_2026_13_25,16815.90,16826.40,16815.80,16821.40,0,
30_04_2026_13_30,16821.30,16829.20,16814.20,16828.50,0,
30_04_2026_13_35,16827.80,16841.40,16827.70,16836.20,0,
30_04_2026_13_40,16836.40,16869.20,16836.00,16868.80,0,
30_04_2026_13_45,16868.80,16874.60,16865.30,16870.70,0,
30_04_2026_13_50,16870.90,16875.40,16852.90,16860.00,0,
30_04_2026_13_55,16860.20,16875.90,16860.20,16874.80,0,
30_04_2026_14_00,16874.80,16876.10,16852.40,16852.40,0,
30_04_2026_14_05,16852.60,16853.80,16833.50,16848.80,0,
30_04_2026_14_10,16848.70,16858.80,16843.90,16850.90,0,
30_04_2026_14_15,16850.90,16865.30,16843.20,16843.20,0,
30_04_2026_14_20,16843.20,16858.80,16837.60,16855.80,0,
30_04_2026_14_25,16856.00,16869.20,16850.60,16867.50,0,
30_04_2026_14_30,16867.70,16909.40,16867.60,16909.00,0,
30_04_2026_14_35,16909.20,16926.00,16907.80,16925.10,0,
30_04_2026_14_40,16925.20,16931.90,16916.60,16929.30,0,
30_04_2026_14_45,16928.90,16932.70,16915.80,16915.80,0,
30_04_2026_14_50,16915.70,16920.90,16902.70,16920.60,0,
30_04_2026_14_55,16920.60,16951.40,16918.70,16947.30,0,
30_04_2026_15_00,16948.60,16948.60,16888.60,16893.00,0,
30_04_2026_15_05,16893.70,16893.70,16866.50,16867.30,0,
30_04_2026_15_10,16866.90,16873.90,16858.60,16873.10,0,
30_04_2026_15_15,16873.60,16887.30,16872.20,16882.40,0,
30_04_2026_15_20,16883.10,16883.10,16861.20,16875.60,0,
30_04_2026_15_25,16876.80,16906.90,16875.60,16900.00,0,
04_05_2026_09_15,17001.20,17039.80,16967.70,16974.00,0,
04_05_2026_09_20,16976.10,17023.60,16976.10,17023.20,0,
04_05_2026_09_25,17022.70,17046.70,17022.70,17039.00,0,
04_05_2026_09_30,17036.80,17068.80,17036.80,17050.60,0,
04_05_2026_09_35,17051.90,17074.90,17050.70,17067.60,0,
04_05_2026_09_40,17067.00,17078.90,17067.00,17069.00,0,
04_05_2026_09_45,17070.10,17076.60,17061.40,17073.90,0,
04_05_2026_09_50,17073.90,17074.20,17036.50,17044.50,0,
04_05_2026_09_55,17044.50,17071.00,17042.50,17071.00,0,
04_05_2026_10_00,17070.60,17085.50,17042.80,17048.90,0,
04_05_2026_10_05,17049.50,17062.10,17045.80,17050.30,0,
04_05_2026_10_10,17049.80,17060.30,17031.40,17034.20,0,
04_05_2026_10_15,17033.80,17039.90,17020.80,17028.70,0,
04_05_2026_10_20,17028.30,17028.30,16990.40,16990.40,0,
04_05_2026_10_25,16990.80,17025.20,16988.40,17022.60,0,
04_05_2026_10_30,17023.10,17034.70,17014.70,17017.60,0,
04_05_2026_10_35,17017.30,17034.70,17007.70,17032.20,0,
04_05_2026_10_40,17032.10,17033.40,17010.40,17017.20,0,
04_05_2026_10_45,17017.90,17030.50,17011.40,17023.60,0,
04_05_2026_10_50,17023.10,17031.90,17009.10,17011.90,0,
04_05_2026_10_55,17010.80,17010.80,16980.60,16984.80,0,
04_05_2026_11_00,16983.80,17022.60,16983.00,17021.70,0,
04_05_2026_11_05,17022.00,17032.90,17017.90,17030.10,0,
04_05_2026_11_10,17029.90,17038.20,17028.90,17036.70,0,
04_05_2026_11_15,17036.80,17056.50,17036.40,17052.70,0,
04_05_2026_11_20,17052.70,17066.20,17048.10,17065.70,0,
04_05_2026_11_25,17064.80,17080.90,17061.20,17077.80,0,
04_05_2026_11_30,17077.30,17080.70,17065.60,17065.80,0,
04_05_2026_11_35,17065.90,17076.10,17061.90,17073.10,0,
04_05_2026_11_40,17073.30,17076.90,17062.80,17073.00,0,
04_05_2026_11_45,17072.80,17088.00,17072.80,17086.00,0,
04_05_2026_11_50,17085.90,17098.70,17084.10,17091.70,0,
04_05_2026_11_55,17092.60,17096.90,17080.80,17083.50,0,
04_05_2026_12_00,17084.00,17087.70,17075.10,17075.80,0,
04_05_2026_12_05,17076.70,17082.00,17068.20,17073.70,0,
04_05_2026_12_10,17073.30,17073.90,17007.30,17008.10,0,
04_05_2026_12_15,17007.80,17023.20,17001.90,17023.10,0,
04_05_2026_12_20,17023.60,17028.90,17013.20,17017.70,0,
04_05_2026_12_25,17017.70,17027.50,17009.40,17011.60,0,
04_05_2026_12_30,17011.60,17012.80,16985.80,16985.80,0,
04_05_2026_12_35,16986.80,17002.50,16984.90,16995.50,0,
04_05_2026_12_40,16995.80,17001.80,16969.40,16969.40,0,
04_05_2026_12_45,16970.30,16975.30,16934.40,16940.20,0,
04_05_2026_12_50,16940.80,16956.40,16936.50,16948.30,0,
04_05_2026_12_55,16948.20,16955.20,16941.70,16947.10,0,
04_05_2026_13_00,16947.20,16949.50,16941.30,16947.10,0,
04_05_2026_13_05,16946.80,16954.20,16941.00,16953.70,0,
04_05_2026_13_10,16954.40,16965.40,16951.80,16960.40,0,
04_05_2026_13_15,16959.80,16961.00,16935.70,16942.80,0,
04_05_2026_13_20,16943.10,16943.40,16923.80,16934.40,0,
04_05_2026_13_25,16934.60,16939.40,16900.30,16900.40,0,
04_05_2026_13_30,16899.70,16905.20,16887.50,16889.20,0,
04_05_2026_13_35,16888.60,16905.00,16876.40,16904.30,0,
04_05_2026_13_40,16905.30,16942.00,16904.40,16941.90,0,
04_05_2026_13_45,16941.30,16946.40,16935.70,16945.60,0,
04_05_2026_13_50,16945.50,16958.10,16934.50,16937.00,0,
04_05_2026_13_55,16936.50,16939.40,16910.90,16929.00,0,
04_05_2026_14_00,16929.80,16937.90,16921.90,16937.30,0,
04_05_2026_14_05,16937.90,16952.10,16937.10,16951.70,0,
04_05_2026_14_10,16953.50,16982.30,16953.50,16980.50,0,
04_05_2026_14_15,16981.90,17004.80,16981.80,17002.90,0,
04_05_2026_14_20,17001.80,17012.20,16987.60,16995.40,0,
04_05_2026_14_25,16995.80,16997.40,16984.20,16989.50,0,
04_05_2026_14_30,16989.80,16994.20,16972.90,16980.10,0,
04_05_2026_14_35,16978.60,16980.00,16966.60,16968.40,0,
04_05_2026_14_40,16968.40,16973.40,16949.10,16967.40,0,
04_05_2026_14_45,16967.30,16967.30,16952.40,16955.40,0,
04_05_2026_14_50,16955.60,16960.20,16947.70,16959.20,0,
04_05_2026_14_55,16959.60,16963.20,16948.80,16959.70,0,
04_05_2026_15_00,16959.80,16972.40,16951.20,16970.40,0,
04_05_2026_15_05,16971.30,16990.30,16967.40,16987.10,0,
04_05_2026_15_10,16988.30,16992.70,16976.80,16982.80,0,
04_05_2026_15_15,16982.90,16985.30,16968.80,16976.70,0,
04_05_2026_15_20,16977.40,16991.30,16977.40,16990.10,0,
04_05_2026_15_25,16990.20,17006.90,16987.80,17001.70,0,
05_05_2026_09_15,16983.70,16986.00,16922.70,16967.90,0,
05_05_2026_09_20,16967.70,16985.20,16942.70,16961.80,0,
05_05_2026_09_25,16961.80,16964.80,16939.50,16947.80,0,
05_05_2026_09_30,16947.70,16983.60,16946.30,16975.50,0,
05_05_2026_09_35,16975.70,16994.20,16961.10,16968.30,0,
05_05_2026_09_40,16968.10,16988.60,16957.20,16976.30,0,
05_05_2026_09_45,16977.20,16992.10,16963.80,16986.50,0,
05_05_2026_09_50,16987.20,17004.00,16979.90,16994.90,0,
05_05_2026_09_55,16995.00,17001.20,16982.60,16992.50,0,
05_05_2026_10_00,16993.10,17000.50,16973.20,16981.70,0,
05_05_2026_10_05,16981.90,16984.80,16959.20,16962.70,0,
05_05_2026_10_10,16962.70,16963.60,16944.60,16949.40,0,
05_05_2026_10_15,16949.80,16955.90,16936.20,16952.10,0,
05_05_2026_10_20,16952.30,16958.80,16939.20,16941.30,0,
05_05_2026_10_25,16941.20,16941.70,16913.30,16919.80,0,
05_05_2026_10_30,16919.80,16926.30,16908.30,16910.80,0,
05_05_2026_10_35,16910.50,16912.30,16895.20,16903.40,0,
05_05_2026_10_40,16903.70,16905.90,16898.60,16899.20,0,
05_05_2026_10_45,16899.20,16905.20,16892.90,16903.70,0,
05_05_2026_10_50,16903.60,16904.50,16889.20,16895.20,0,
05_05_2026_10_55,16894.90,16899.20,16887.20,16896.10,0,
05_05_2026_11_00,16896.00,16918.80,16891.30,16918.80,0,
05_05_2026_11_05,16918.70,16919.40,16907.60,16912.10,0,
05_05_2026_11_10,16912.20,16931.60,16910.50,16929.30,0,
05_05_2026_11_15,16929.60,16953.40,16928.70,16940.00,0,
05_05_2026_11_20,16940.10,16944.10,16928.20,16935.30,0,
05_05_2026_11_25,16934.90,16946.90,16932.80,16941.80,0,
05_05_2026_11_30,16941.70,16953.40,16937.40,16952.80,0,
05_05_2026_11_35,16953.30,16956.20,16945.20,16947.60,0,
05_05_2026_11_40,16947.50,16949.10,16928.80,16928.80,0,
05_05_2026_11_45,16929.20,16933.20,16916.70,16919.10,0,
05_05_2026_11_50,16919.10,16919.20,16905.40,16906.10,0,
05_05_2026_11_55,16906.70,16907.10,16896.20,16900.80,0,
05_05_2026_12_00,16900.80,16910.20,16898.50,16908.60,0,
05_05_2026_12_05,16908.80,16914.80,16903.40,16912.80,0,
05_05_2026_12_10,16912.40,16929.30,16908.20,16929.30,0,
05_05_2026_12_15,16929.50,16944.90,16928.30,16935.10,0,
05_05_2026_12_20,16934.70,16958.20,16934.40,16949.80,0,
05_05_2026_12_25,16950.60,16954.30,16933.80,16936.20,0,
05_05_2026_12_30,16935.40,16938.50,16926.60,16936.00,0,
05_05_2026_12_35,16936.30,16959.80,16934.00,16959.80,0,
05_05_2026_12_40,16959.20,16965.50,16953.20,16954.10,0,
05_05_2026_12_45,16954.60,16959.40,16949.10,16958.80,0,
05_05_2026_12_50,16958.70,16972.30,16958.60,16963.90,0,
05_05_2026_12_55,16963.60,16978.20,16961.10,16976.40,0,
05_05_2026_13_00,16976.70,16985.20,16974.80,16982.00,0,
05_05_2026_13_05,16982.00,17009.10,16981.20,17004.20,0,
05_05_2026_13_10,17003.70,17013.10,16996.80,17012.60,0,
05_05_2026_13_15,17013.60,17023.20,16990.80,16993.70,0,
05_05_2026_13_20,16994.30,17000.90,16988.60,16994.90,0,
05_05_2026_13_25,16995.20,16999.80,16985.70,16989.60,0,
05_05_2026_13_30,16989.30,16995.60,16978.80,16982.10,0,
05_05_2026_13_35,16981.80,16988.80,16978.20,16979.10,0,
05_05_2026_13_40,16980.00,16992.40,16979.90,16990.70,0,
05_05_2026_13_45,16990.70,16998.00,16986.80,16991.10,0,
05_05_2026_13_50,16990.40,16993.30,16955.40,16957.70,0,
05_05_2026_13_55,16957.10,16976.30,16957.10,16965.20,0,
05_05_2026_14_00,16963.50,16970.60,16961.20,16963.80,0,
05_05_2026_14_05,16963.80,16964.10,16945.90,16951.60,0,
05_05_2026_14_10,16951.50,16963.20,16950.50,16957.30,0,
05_05_2026_14_15,16957.40,16972.20,16956.70,16971.50,0,
05_05_2026_14_20,16971.80,16986.30,16970.40,16983.40,0,
05_05_2026_14_25,16983.20,16987.80,16981.40,16987.20,0,
05_05_2026_14_30,16987.20,16990.50,16980.40,16984.30,0,
05_05_2026_14_35,16983.70,16991.20,16982.30,16991.20,0,
05_05_2026_14_40,16991.10,17002.20,16988.80,16995.40,0,
05_05_2026_14_45,16995.50,16995.80,16980.20,16980.40,0,
05_05_2026_14_50,16980.90,16985.20,16972.80,16984.20,0,
05_05_2026_14_55,16984.50,16992.30,16980.40,16987.80,0,
05_05_2026_15_00,16989.30,16990.90,16977.90,16981.80,0,
05_05_2026_15_05,16983.60,16993.70,16976.40,16991.80,0,
05_05_2026_15_10,16992.70,17001.20,16989.90,17000.50,0,
05_05_2026_15_15,17000.10,17005.70,16997.10,17001.90,0,
05_05_2026_15_20,17003.20,17006.40,16997.80,17000.80,0,
05_05_2026_15_25,17001.20,17029.30,17001.20,17016.20,0,
06_05_2026_09_15,17196.20,17222.20,17168.00,17186.90,0,
06_05_2026_09_20,17188.00,17216.80,17187.70,17209.50,0,
06_05_2026_09_25,17209.00,17220.80,17185.90,17185.90,0,
06_05_2026_09_30,17186.80,17198.50,17181.70,17192.20,0,
06_05_2026_09_35,17191.80,17209.80,17183.20,17204.10,0,
06_05_2026_09_40,17204.90,17204.90,17179.10,17181.80,0,
06_05_2026_09_45,17181.80,17202.60,17181.70,17192.20,0,
06_05_2026_09_50,17192.70,17201.70,17183.60,17196.60,0,
06_05_2026_09_55,17197.20,17205.90,17191.00,17191.70,0,
06_05_2026_10_00,17191.80,17206.10,17189.70,17199.10,0,
06_05_2026_10_05,17198.80,17199.90,17189.40,17191.30,0,
06_05_2026_10_10,17191.60,17217.10,17189.30,17216.00,0,
06_05_2026_10_15,17216.20,17221.10,17211.20,17217.00,0,
06_05_2026_10_20,17215.70,17218.80,17211.80,17213.40,0,
06_05_2026_10_25,17212.80,17229.10,17211.80,17216.00,0,
06_05_2026_10_30,17215.40,17218.60,17207.10,17207.40,0,
06_05_2026_10_35,17207.20,17216.30,17198.60,17215.90,0,
06_05_2026_10_40,17214.90,17242.80,17214.60,17237.20,0,
06_05_2026_10_45,17237.10,17239.30,17224.00,17231.20,0,
06_05_2026_10_50,17231.70,17234.60,17200.40,17204.60,0,
06_05_2026_10_55,17204.40,17224.10,17199.90,17218.90,0,
06_05_2026_11_00,17218.90,17227.10,17189.50,17192.20,0,
06_05_2026_11_05,17191.70,17215.80,17188.20,17213.70,0,
06_05_2026_11_10,17212.40,17213.40,17196.20,17205.60,0,
06_05_2026_11_15,17204.50,17217.90,17204.40,17207.80,0,
06_05_2026_11_20,17207.20,17226.90,17204.50,17226.20,0,
06_05_2026_11_25,17225.90,17239.90,17221.10,17239.20,0,
06_05_2026_11_30,17238.40,17247.20,17237.20,17241.20,0,
06_05_2026_11_35,17240.70,17241.40,17216.00,17225.10,0,
06_05_2026_11_40,17224.90,17234.80,17219.90,17231.60,0,
06_05_2026_11_45,17231.00,17242.10,17227.40,17237.50,0,
06_05_2026_11_50,17237.80,17238.00,17229.20,17234.10,0,
06_05_2026_11_55,17233.90,17241.80,17232.40,17237.10,0,
06_05_2026_12_00,17237.90,17247.00,17232.70,17238.80,0,
06_05_2026_12_05,17238.90,17238.90,17226.80,17235.80,0,
06_05_2026_12_10,17235.20,17239.10,17230.80,17236.00,0,
06_05_2026_12_15,17236.20,17236.70,17222.50,17233.10,0,
06_05_2026_12_20,17233.10,17233.80,17206.20,17217.90,0,
06_05_2026_12_25,17217.90,17231.10,17215.20,17226.50,0,
06_05_2026_12_30,17226.40,17226.40,17215.60,17220.30,0,
06_05_2026_12_35,17220.30,17220.80,17206.80,17207.90,0,
06_05_2026_12_40,17208.00,17213.90,17199.10,17199.30,0,
06_05_2026_12_45,17199.40,17202.10,17183.60,17193.70,0,
06_05_2026_12_50,17192.40,17207.50,17191.20,17198.20,0,
06_05_2026_12_55,17197.90,17203.30,17193.80,17194.50,0,
06_05_2026_13_00,17194.20,17194.90,17182.80,17185.10,0,
06_05_2026_13_05,17184.60,17219.20,17183.80,17218.50,0,
06_05_2026_13_10,17218.60,17229.50,17216.70,17225.40,0,
06_05_2026_13_15,17225.60,17240.80,17223.20,17236.20,0,
06_05_2026_13_20,17236.40,17253.20,17235.80,17252.70,0,
06_05_2026_13_25,17252.30,17256.60,17245.90,17250.60,0,
06_05_2026_13_30,17251.40,17270.20,17251.40,17263.10,0,
06_05_2026_13_35,17263.90,17274.60,17263.80,17270.20,0,
06_05_2026_13_40,17270.80,17273.00,17260.20,17271.70,0,
06_05_2026_13_45,17271.70,17271.90,17262.60,17267.80,0,
06_05_2026_13_50,17267.70,17286.30,17263.70,17286.10,0,
06_05_2026_13_55,17286.50,17286.80,17266.90,17268.90,0,
06_05_2026_14_00,17268.80,17273.70,17262.20,17269.10,0,
06_05_2026_14_05,17269.40,17273.40,17265.10,17270.30,0,
06_05_2026_14_10,17270.20,17284.70,17269.30,17280.10,0,
06_05_2026_14_15,17280.60,17288.70,17278.50,17278.50,0,
06_05_2026_14_20,17278.80,17336.50,17278.80,17335.90,0,
06_05_2026_14_25,17336.20,17360.80,17335.80,17351.30,0,
06_05_2026_14_30,17351.60,17366.70,17341.70,17348.60,0,
06_05_2026_14_35,17348.70,17359.20,17341.40,17351.30,0,
06_05_2026_14_40,17351.10,17369.20,17350.60,17358.40,0,
06_05_2026_14_45,17359.70,17367.80,17350.60,17364.20,0,
06_05_2026_14_50,17364.30,17364.60,17353.30,17357.80,0,
06_05_2026_14_55,17358.30,17378.80,17356.70,17368.20,0,
06_05_2026_15_00,17369.30,17379.40,17349.90,17371.30,0,
06_05_2026_15_05,17372.20,17375.30,17364.30,17369.80,0,
06_05_2026_15_10,17370.70,17373.30,17364.80,17366.70,0,
06_05_2026_15_15,17367.10,17384.80,17365.10,17383.10,0,
06_05_2026_15_20,17382.60,17383.60,17372.30,17380.10,0,
06_05_2026_15_25,17379.90,17395.20,17375.90,17389.80,0,
07_05_2026_09_15,17468.10,17485.30,17442.30,17447.30,0,
07_05_2026_09_20,17446.20,17470.80,17433.90,17469.60,0,
07_05_2026_09_25,17469.70,17484.20,17454.10,17480.50,0,
07_05_2026_09_30,17481.20,17486.30,17471.60,17472.20,0,
07_05_2026_09_35,17473.50,17490.70,17473.20,17474.20,0,
07_05_2026_09_40,17474.00,17491.90,17473.60,17485.80,0,
07_05_2026_09_45,17484.90,17484.90,17466.30,17474.80,0,
07_05_2026_09_50,17474.90,17475.10,17440.70,17445.40,0,
07_05_2026_09_55,17446.10,17456.00,17432.80,17433.30,0,
07_05_2026_10_00,17433.20,17452.80,17423.80,17428.60,0,
07_05_2026_10_05,17428.80,17446.00,17428.20,17433.00,0,
07_05_2026_10_10,17432.90,17441.60,17420.60,17429.80,0,
07_05_2026_10_15,17430.80,17466.70,17429.60,17466.40,0,
07_05_2026_10_20,17466.20,17476.90,17465.40,17475.60,0,
07_05_2026_10_25,17475.60,17488.20,17469.20,17471.60,0,
07_05_2026_10_30,17471.70,17486.60,17468.40,17484.10,0,
07_05_2026_10_35,17484.50,17500.20,17481.80,17499.60,0,
07_05_2026_10_40,17499.90,17506.60,17494.30,17505.50,0,
07_05_2026_10_45,17505.40,17510.70,17500.10,17500.80,0,
07_05_2026_10_50,17500.10,17501.10,17486.80,17493.60,0,
07_05_2026_10_55,17493.80,17502.30,17490.70,17493.60,0,
07_05_2026_11_00,17493.80,17502.20,17492.10,17493.00,0,
07_05_2026_11_05,17492.80,17495.10,17475.30,17476.70,0,
07_05_2026_11_10,17476.90,17481.60,17469.40,17473.70,0,
07_05_2026_11_15,17473.60,17479.10,17466.40,17466.40,0,
07_05_2026_11_20,17466.30,17474.80,17466.30,17472.80,0,
07_05_2026_11_25,17472.60,17474.20,17463.80,17471.50,0,
07_05_2026_11_30,17471.80,17487.20,17470.80,17482.70,0,
07_05_2026_11_35,17483.40,17490.00,17479.10,17487.10,0,
07_05_2026_11_40,17487.30,17491.80,17475.30,17476.30,0,
07_05_2026_11_45,17476.30,17491.30,17472.90,17491.20,0,
07_05_2026_11_50,17491.90,17513.40,17491.90,17503.30,0,
07_05_2026_11_55,17503.20,17512.70,17500.90,17508.20,0,
07_05_2026_12_00,17508.40,17521.80,17507.50,17517.30,0,
07_05_2026_12_05,17518.10,17531.80,17517.90,17528.10,0,
07_05_2026_12_10,17527.90,17546.60,17526.80,17539.20,0,
07_05_2026_12_15,17539.70,17550.30,17538.70,17543.30,0,
07_05_2026_12_20,17543.30,17549.70,17542.80,17548.20,0,
07_05_2026_12_25,17548.10,17561.10,17545.60,17553.20,0,
07_05_2026_12_30,17552.50,17563.00,17545.80,17559.50,0,
07_05_2026_12_35,17560.10,17587.30,17558.80,17585.10,0,
07_05_2026_12_40,17585.60,17594.70,17583.70,17587.60,0,
07_05_2026_12_45,17586.70,17590.30,17572.90,17580.60,0,
07_05_2026_12_50,17580.40,17583.50,17563.70,17579.40,0,
07_05_2026_12_55,17580.20,17585.90,17570.20,17574.10,0,
07_05_2026_13_00,17574.90,17583.90,17574.20,17577.20,0,
07_05_2026_13_05,17577.10,17603.00,17576.60,17601.30,0,
07_05_2026_13_10,17600.90,17605.70,17589.80,17601.90,0,
07_05_2026_13_15,17601.80,17602.70,17557.50,17574.60,0,
07_05_2026_13_20,17575.10,17584.20,17559.50,17565.20,0,
07_05_2026_13_25,17565.60,17577.10,17561.80,17570.40,0,
07_05_2026_13_30,17570.50,17582.40,17566.20,17581.20,0,
07_05_2026_13_35,17580.90,17589.30,17578.60,17582.70,0,
07_05_2026_13_40,17583.10,17595.60,17580.80,17588.80,0,
07_05_2026_13_45,17588.70,17589.50,17580.70,17587.40,0,
07_05_2026_13_50,17587.30,17606.80,17587.10,17606.10,0,
07_05_2026_13_55,17606.70,17610.30,17593.20,17608.30,0,
07_05_2026_14_00,17608.60,17617.30,17605.80,17612.50,0,
07_05_2026_14_05,17612.50,17622.60,17608.30,17621.80,0,
07_05_2026_14_10,17622.00,17627.20,17617.10,17617.90,0,
07_05_2026_14_15,17617.70,17620.70,17609.20,17610.20,0,
07_05_2026_14_20,17610.80,17621.20,17608.60,17620.20,0,
07_05_2026_14_25,17620.60,17625.00,17615.30,17620.50,0,
07_05_2026_14_30,17621.10,17626.20,17616.30,17621.20,0,
07_05_2026_14_35,17621.80,17630.80,17620.30,17624.80,0,
07_05_2026_14_40,17624.90,17633.80,17620.30,17621.20,0,
07_05_2026_14_45,17621.70,17628.10,17614.10,17616.30,0,
07_05_2026_14_50,17616.40,17627.70,17611.30,17624.30,0,
07_05_2026_14_55,17624.30,17630.60,17619.20,17625.10,0,
07_05_2026_15_00,17625.80,17631.80,17605.70,17613.60,0,
07_05_2026_15_05,17614.30,17618.90,17602.70,17605.50,0,
07_05_2026_15_10,17605.60,17605.70,17595.80,17600.30,0,
07_05_2026_15_15,17600.50,17619.20,17600.00,17616.60,0,
07_05_2026_15_20,17617.60,17626.90,17613.10,17624.80,0,
07_05_2026_15_25,17624.90,17644.10,17624.70,17635.20,0,
08_05_2026_09_15,17635.40,17645.30,17555.40,17612.60,0,
08_05_2026_09_20,17613.00,17646.00,17600.70,17615.10,0,
08_05_2026_09_25,17615.70,17665.70,17607.80,17658.80,0,
08_05_2026_09_30,17657.40,17657.40,17637.10,17648.80,0,
08_05_2026_09_35,17648.50,17649.70,17627.80,17634.30,0,
08_05_2026_09_40,17633.80,17636.90,17609.30,17618.10,0,
08_05_2026_09_45,17618.20,17631.40,17592.80,17628.90,0,
08_05_2026_09_50,17628.20,17648.20,17621.90,17648.20,0,
08_05_2026_09_55,17647.90,17659.00,17646.30,17655.00,0,
08_05_2026_10_00,17654.90,17656.20,17644.80,17651.90,0,
08_05_2026_10_05,17652.20,17656.60,17639.70,17639.70,0,
08_05_2026_10_10,17640.60,17647.20,17618.30,17646.30,0,
08_05_2026_10_15,17647.70,17667.10,17643.20,17664.50,0,
08_05_2026_10_20,17664.70,17685.40,17663.90,17680.60,0,
08_05_2026_10_25,17681.20,17682.30,17664.80,17673.60,0,
08_05_2026_10_30,17673.10,17685.90,17672.80,17682.60,0,
08_05_2026_10_35,17682.00,17682.00,17659.50,17665.90,0,
08_05_2026_10_40,17666.10,17671.20,17660.40,17665.20,0,
08_05_2026_10_45,17665.60,17669.80,17662.50,17665.90,0,
08_05_2026_10_50,17666.20,17670.80,17659.70,17665.20,0,
08_05_2026_10_55,17665.10,17681.90,17664.20,17668.80,0,
08_05_2026_11_00,17668.40,17675.80,17658.80,17673.10,0,
08_05_2026_11_05,17673.20,17682.60,17668.70,17670.10,0,
08_05_2026_11_10,17670.00,17674.90,17668.20,17674.50,0,
08_05_2026_11_15,17674.70,17686.30,17665.90,17665.90,0,
08_05_2026_11_20,17665.50,17674.60,17661.80,17664.80,0,
08_05_2026_11_25,17664.40,17664.50,17652.30,17656.30,0,
08_05_2026_11_30,17656.20,17656.80,17646.40,17651.20,0,
08_05_2026_11_35,17651.40,17652.20,17638.70,17641.60,0,
08_05_2026_11_40,17641.40,17651.30,17639.50,17643.00,0,
08_05_2026_11_45,17642.30,17644.60,17630.30,17631.10,0,
08_05_2026_11_50,17630.90,17640.90,17628.70,17637.20,0,
08_05_2026_11_55,17637.40,17637.40,17625.50,17636.20,0,
08_05_2026_12_00,17635.70,17640.80,17623.70,17638.40,0,
08_05_2026_12_05,17638.80,17640.40,17625.40,17628.10,0,
08_05_2026_12_10,17628.10,17635.60,17624.10,17628.00,0,
08_05_2026_12_15,17627.90,17628.40,17612.10,17616.20,0,
08_05_2026_12_20,17616.10,17621.80,17605.40,17612.30,0,
08_05_2026_12_25,17612.30,17626.40,17609.80,17618.80,0,
08_05_2026_12_30,17618.30,17624.20,17611.30,17615.10,0,
08_05_2026_12_35,17614.80,17618.70,17604.10,17605.60,0,
08_05_2026_12_40,17605.30,17614.50,17601.50,17601.80,0,
08_05_2026_12_45,17602.00,17602.00,17585.10,17600.60,0,
08_05_2026_12_50,17600.80,17607.10,17587.20,17598.60,0,
08_05_2026_12_55,17598.80,17601.30,17588.80,17599.40,0,
08_05_2026_13_00,17599.70,17600.10,17590.90,17594.40,0,
08_05_2026_13_05,17594.10,17603.80,17589.20,17602.40,0,
08_05_2026_13_10,17602.10,17613.60,17594.80,17604.80,0,
08_05_2026_13_15,17604.80,17609.70,17598.80,17604.80,0,
08_05_2026_13_20,17605.10,17623.80,17605.10,17622.90,0,
08_05_2026_13_25,17622.40,17649.80,17621.10,17646.20,0,
08_05_2026_13_30,17647.60,17649.30,17630.00,17639.60,0,
08_05_2026_13_35,17639.40,17639.40,17616.70,17621.10,0,
08_05_2026_13_40,17620.70,17632.70,17620.30,17628.50,0,
08_05_2026_13_45,17628.90,17630.20,17616.80,17619.80,0,
08_05_2026_13_50,17619.70,17621.60,17606.40,17620.80,0,
08_05_2026_13_55,17621.30,17628.60,17601.10,17609.20,0,
08_05_2026_14_00,17608.90,17628.50,17602.40,17626.20,0,
08_05_2026_14_05,17625.80,17643.60,17624.70,17641.80,0,
08_05_2026_14_10,17641.90,17646.80,17620.60,17621.40,0,
08_05_2026_14_15,17621.10,17625.10,17611.10,17617.60,0,
08_05_2026_14_20,17617.10,17627.30,17607.90,17610.70,0,
08_05_2026_14_25,17609.70,17636.10,17609.20,17635.20,0,
08_05_2026_14_30,17635.60,17655.80,17633.60,17650.30,0,
08_05_2026_14_35,17650.20,17674.60,17650.20,17671.30,0,
08_05_2026_14_40,17671.30,17678.30,17662.80,17667.90,0,
08_05_2026_14_45,17668.10,17673.70,17661.60,17672.10,0,
08_05_2026_14_50,17672.00,17678.80,17671.90,17673.20,0,
08_05_2026_14_55,17672.90,17674.80,17651.20,17657.60,0,
08_05_2026_15_00,17657.60,17657.60,17631.50,17632.10,0,
08_05_2026_15_05,17633.50,17642.90,17631.40,17637.20,0,
08_05_2026_15_10,17637.30,17641.20,17629.40,17633.20,0,
08_05_2026_15_15,17633.20,17641.80,17624.90,17630.10,0,
08_05_2026_15_20,17630.40,17632.70,17612.80,17619.30,0,
08_05_2026_15_25,17618.80,17623.60,17608.90,17615.60,0,
11_05_2026_09_15,17533.40,17543.90,17426.30,17461.80,0,
11_05_2026_09_20,17461.60,17518.60,17432.20,17504.00,0,
11_05_2026_09_25,17504.10,17508.20,17470.80,17492.50,0,
11_05_2026_09_30,17492.70,17494.80,17456.20,17472.40,0,
11_05_2026_09_35,17471.50,17471.50,17397.40,17405.60,0,
11_05_2026_09_40,17405.00,17415.20,17393.40,17401.70,0,
11_05_2026_09_45,17402.10,17422.10,17391.60,17420.20,0,
11_05_2026_09_50,17420.00,17448.50,17417.20,17447.80,0,
11_05_2026_09_55,17447.60,17451.40,17415.80,17429.70,0,
11_05_2026_10_00,17431.40,17483.90,17431.10,17479.30,0,
11_05_2026_10_05,17478.40,17495.20,17472.10,17494.10,0,
11_05_2026_10_10,17494.00,17522.20,17493.70,17515.00,0,
11_05_2026_10_15,17514.80,17516.90,17482.00,17482.00,0,
11_05_2026_10_20,17481.90,17496.60,17475.80,17488.80,0,
11_05_2026_10_25,17489.00,17489.00,17471.70,17477.30,0,
11_05_2026_10_30,17477.60,17481.60,17463.20,17465.10,0,
11_05_2026_10_35,17465.30,17468.40,17435.50,17443.20,0,
11_05_2026_10_40,17443.20,17443.50,17427.90,17431.30,0,
11_05_2026_10_45,17431.40,17436.30,17413.30,17428.00,0,
11_05_2026_10_50,17428.30,17455.60,17426.10,17455.60,0,
11_05_2026_10_55,17454.70,17471.30,17446.20,17467.70,0,
11_05_2026_11_00,17468.20,17485.80,17467.70,17484.40,0,
11_05_2026_11_05,17484.30,17500.30,17483.40,17499.20,0,
11_05_2026_11_10,17499.80,17520.40,17499.80,17507.10,0,
11_05_2026_11_15,17506.80,17513.80,17497.40,17506.50,0,
11_05_2026_11_20,17506.80,17515.10,17495.30,17495.40,0,
11_05_2026_11_25,17495.10,17508.10,17490.60,17502.40,0,
11_05_2026_11_30,17502.50,17505.40,17493.60,17498.20,0,
11_05_2026_11_35,17498.00,17510.40,17497.20,17510.40,0,
11_05_2026_11_40,17510.80,17522.20,17509.20,17519.30,0,
11_05_2026_11_45,17519.70,17520.30,17503.10,17503.80,0,
11_05_2026_11_50,17503.90,17515.20,17503.90,17510.60,0,
11_05_2026_11_55,17510.40,17514.80,17505.80,17513.10,0,
11_05_2026_12_00,17513.10,17525.20,17507.20,17507.20,0,
11_05_2026_12_05,17506.80,17517.10,17503.10,17513.20,0,
11_05_2026_12_10,17513.40,17525.80,17509.80,17515.40,0,
11_05_2026_12_15,17515.40,17516.60,17501.80,17513.50,0,
11_05_2026_12_20,17513.10,17521.70,17506.80,17520.20,0,
11_05_2026_12_25,17520.40,17523.30,17509.20,17509.30,0,
11_05_2026_12_30,17508.40,17510.10,17494.90,17506.90,0,
11_05_2026_12_35,17507.10,17514.00,17489.30,17500.20,0,
11_05_2026_12_40,17501.40,17524.70,17500.60,17520.80,0,
11_05_2026_12_45,17520.80,17527.80,17519.20,17525.30,0,
11_05_2026_12_50,17525.70,17536.40,17524.90,17533.50,0,
11_05_2026_12_55,17533.80,17536.20,17527.70,17531.80,0,
11_05_2026_13_00,17531.90,17542.00,17524.80,17527.00,0,
11_05_2026_13_05,17527.20,17536.60,17512.90,17536.60,0,
11_05_2026_13_10,17536.70,17540.40,17530.80,17535.20,0,
11_05_2026_13_15,17535.70,17537.80,17516.20,17518.40,0,
11_05_2026_13_20,17519.10,17542.10,17519.10,17536.30,0,
11_05_2026_13_25,17536.20,17538.20,17528.30,17537.30,0,
11_05_2026_13_30,17537.90,17550.20,17537.80,17550.00,0,
11_05_2026_13_35,17550.50,17578.60,17550.40,17555.50,0,
11_05_2026_13_40,17555.20,17574.80,17545.60,17568.10,0,
11_05_2026_13_45,17568.00,17587.40,17567.80,17579.70,0,
11_05_2026_13_50,17580.30,17601.90,17578.20,17600.30,0,
11_05_2026_13_55,17600.60,17602.20,17576.40,17576.60,0,
11_05_2026_14_00,17575.60,17590.30,17569.90,17576.90,0,
11_05_2026_14_05,17577.40,17590.80,17572.20,17581.90,0,
11_05_2026_14_10,17582.20,17588.70,17560.90,17562.60,0,
11_05_2026_14_15,17563.60,17572.80,17561.30,17569.30,0,
11_05_2026_14_20,17569.40,17580.80,17569.40,17578.40,0,
11_05_2026_14_25,17578.00,17585.20,17573.00,17582.10,0,
11_05_2026_14_30,17581.90,17603.50,17581.90,17602.80,0,
11_05_2026_14_35,17602.70,17609.30,17580.40,17581.10,0,
11_05_2026_14_40,17580.60,17585.30,17567.60,17570.60,0,
11_05_2026_14_45,17570.00,17573.90,17543.90,17549.70,0,
11_05_2026_14_50,17549.70,17561.20,17544.70,17545.20,0,
11_05_2026_14_55,17545.30,17557.30,17541.60,17550.60,0,
11_05_2026_15_00,17549.10,17551.20,17494.40,17503.20,0,
11_05_2026_15_05,17501.70,17504.90,17470.60,17473.20,0,
11_05_2026_15_10,17473.60,17473.90,17459.80,17464.40,0,
11_05_2026_15_15,17463.50,17479.80,17463.50,17470.10,0,
11_05_2026_15_20,17469.20,17471.60,17458.20,17469.90,0,
11_05_2026_15_25,17467.70,17481.40,17462.80,17474.40,0,
12_05_2026_09_15,17459.90,17494.90,17412.30,17452.80,0,
12_05_2026_09_20,17452.50,17452.50,17369.70,17371.20,0,
12_05_2026_09_25,17370.20,17370.20,17322.40,17322.80,0,
12_05_2026_09_30,17321.30,17329.10,17287.80,17297.70,0,
12_05_2026_09_35,17296.40,17336.40,17286.50,17290.20,0,
12_05_2026_09_40,17290.30,17354.90,17289.90,17345.10,0,
12_05_2026_09_45,17344.20,17371.90,17340.20,17369.20,0,
12_05_2026_09_50,17368.30,17379.20,17362.70,17366.20,0,
12_05_2026_09_55,17365.40,17369.30,17344.80,17346.40,0,
12_05_2026_10_00,17346.80,17354.20,17334.60,17336.30,0,
12_05_2026_10_05,17335.80,17345.20,17323.10,17326.80,0,
12_05_2026_10_10,17326.10,17351.70,17322.90,17347.70,0,
12_05_2026_10_15,17348.10,17374.90,17347.60,17369.90,0,
12_05_2026_10_20,17369.00,17377.80,17350.60,17352.20,0,
12_05_2026_10_25,17352.60,17353.20,17335.20,17338.80,0,
12_05_2026_10_30,17338.20,17338.20,17313.30,17313.30,0,
12_05_2026_10_35,17313.20,17323.80,17307.60,17314.80,0,
12_05_2026_10_40,17314.60,17349.70,17314.40,17340.40,0,
12_05_2026_10_45,17339.90,17340.30,17319.40,17322.20,0,
12_05_2026_10_50,17321.50,17324.80,17316.50,17318.30,0,
12_05_2026_10_55,17317.90,17328.30,17316.20,17325.60,0,
12_05_2026_11_00,17324.70,17326.20,17304.30,17305.40,0,
12_05_2026_11_05,17305.20,17309.10,17284.80,17286.60,0,
12_05_2026_11_10,17286.00,17289.80,17257.70,17260.00,0,
12_05_2026_11_15,17260.00,17278.10,17257.40,17274.30,0,
12_05_2026_11_20,17273.90,17276.20,17268.90,17269.90,0,
12_05_2026_11_25,17269.40,17271.80,17260.80,17261.10,0,
12_05_2026_11_30,17260.10,17270.20,17253.70,17269.90,0,
12_05_2026_11_35,17269.60,17282.70,17264.50,17281.20,0,
12_05_2026_11_40,17280.90,17308.80,17279.80,17294.30,0,
12_05_2026_11_45,17294.00,17294.40,17279.10,17285.80,0,
12_05_2026_11_50,17285.80,17291.60,17280.00,17289.70,0,
12_05_2026_11_55,17288.90,17301.90,17285.20,17287.80,0,
12_05_2026_12_00,17287.30,17289.30,17275.50,17279.20,0,
12_05_2026_12_05,17279.10,17279.60,17262.70,17267.30,0,
12_05_2026_12_10,17266.80,17280.70,17265.70,17268.20,0,
12_05_2026_12_15,17267.10,17289.80,17267.10,17274.80,0,
12_05_2026_12_20,17274.30,17279.20,17267.70,17279.10,0,
12_05_2026_12_25,17279.10,17281.60,17263.70,17263.80,0,
12_05_2026_12_30,17263.80,17264.40,17234.60,17235.70,0,
12_05_2026_12_35,17236.00,17236.80,17224.20,17227.60,0,
12_05_2026_12_40,17227.30,17243.10,17225.60,17241.40,0,
12_05_2026_12_45,17240.80,17253.60,17231.40,17238.10,0,
12_05_2026_12_50,17237.30,17249.90,17236.80,17238.90,0,
12_05_2026_12_55,17238.50,17245.30,17236.00,17238.60,0,
12_05_2026_13_00,17237.80,17249.30,17237.80,17244.30,0,
12_05_2026_13_05,17244.10,17246.30,17222.80,17223.40,0,
12_05_2026_13_10,17222.70,17242.70,17215.10,17241.80,0,
12_05_2026_13_15,17241.90,17267.10,17241.90,17256.80,0,
12_05_2026_13_20,17255.80,17257.30,17242.60,17245.30,0,
12_05_2026_13_25,17245.00,17251.60,17237.50,17245.60,0,
12_05_2026_13_30,17244.40,17246.30,17235.80,17241.10,0,
12_05_2026_13_35,17240.40,17240.50,17216.70,17217.80,0,
12_05_2026_13_40,17217.50,17219.40,17196.20,17201.80,0,
12_05_2026_13_45,17201.10,17206.40,17185.10,17200.10,0,
12_05_2026_13_50,17199.30,17227.70,17199.30,17215.20,0,
12_05_2026_13_55,17214.60,17214.60,17192.10,17193.20,0,
12_05_2026_14_00,17192.90,17193.00,17174.00,17184.20,0,
12_05_2026_14_05,17183.70,17188.20,17161.80,17163.10,0,
12_05_2026_14_10,17162.60,17165.80,17153.50,17155.90,0,
12_05_2026_14_15,17154.90,17171.40,17151.60,17158.50,0,
12_05_2026_14_20,17158.60,17197.20,17147.80,17192.70,0,
12_05_2026_14_25,17191.80,17193.70,17161.40,17167.00,0,
12_05_2026_14_30,17166.50,17167.80,17141.00,17141.40,0,
12_05_2026_14_35,17140.90,17162.20,17137.60,17148.40,0,
12_05_2026_14_40,17147.20,17157.80,17141.80,17143.70,0,
12_05_2026_14_45,17144.20,17146.40,17129.30,17130.40,0,
12_05_2026_14_50,17130.90,17131.60,17102.60,17109.30,0,
12_05_2026_14_55,17110.10,17111.00,17091.20,17095.10,0,
12_05_2026_15_00,17095.40,17095.40,17036.30,17056.10,0,
12_05_2026_15_05,17058.30,17064.30,17037.30,17042.30,0,
12_05_2026_15_10,17042.80,17052.70,17040.60,17044.10,0,
12_05_2026_15_15,17043.80,17072.20,17042.80,17070.80,0,
12_05_2026_15_20,17071.30,17074.20,17047.30,17060.80,0,
12_05_2026_15_25,17061.10,17087.80,17050.90,17085.00,0,
13_05_2026_09_15,17094.90,17187.90,17080.90,17134.60,0,
13_05_2026_09_20,17131.00,17162.80,17098.50,17141.60,0,
13_05_2026_09_25,17142.70,17157.20,17104.40,17105.20,0,
13_05_2026_09_30,17105.90,17122.80,17072.80,17075.20,0,
13_05_2026_09_35,17075.30,17076.90,17002.80,17017.70,0,
13_05_2026_09_40,17018.10,17060.80,17007.50,17057.60,0,
13_05_2026_09_45,17057.60,17077.30,17043.60,17056.30,0,
13_05_2026_09_50,17055.80,17107.70,17053.90,17106.80,0,
13_05_2026_09_55,17107.20,17131.20,17080.80,17098.60,0,
13_05_2026_10_00,17097.40,17129.60,17087.40,17123.80,0,
13_05_2026_10_05,17124.10,17141.80,17123.90,17126.40,0,
13_05_2026_10_10,17126.70,17132.30,17109.80,17126.60,0,
13_05_2026_10_15,17126.10,17177.70,17123.90,17177.20,0,
13_05_2026_10_20,17177.10,17200.80,17176.20,17192.40,0,
13_05_2026_10_25,17192.60,17203.00,17186.70,17187.50,0,
13_05_2026_10_30,17187.40,17195.00,17184.30,17191.60,0,
13_05_2026_10_35,17191.20,17193.80,17163.00,17166.90,0,
13_05_2026_10_40,17166.40,17187.80,17166.30,17173.20,0,
13_05_2026_10_45,17173.70,17181.90,17168.90,17170.10,0,
13_05_2026_10_50,17170.20,17170.40,17151.90,17155.50,0,
13_05_2026_10_55,17155.60,17156.90,17104.20,17104.20,0,
13_05_2026_11_00,17104.10,17121.10,17098.10,17119.00,0,
13_05_2026_11_05,17118.70,17122.30,17094.80,17101.20,0,
13_05_2026_11_10,17100.60,17102.10,17084.50,17101.90,0,
13_05_2026_11_15,17101.70,17122.80,17100.80,17118.80,0,
13_05_2026_11_20,17118.80,17129.80,17110.70,17124.80,0,
13_05_2026_11_25,17124.70,17136.80,17116.00,17135.80,0,
13_05_2026_11_30,17135.20,17153.30,17134.70,17150.40,0,
13_05_2026_11_35,17150.80,17192.80,17150.70,17192.80,0,
13_05_2026_11_40,17193.40,17213.30,17193.40,17213.10,0,
13_05_2026_11_45,17213.40,17226.20,17201.90,17202.90,0,
13_05_2026_11_50,17203.70,17217.80,17196.70,17203.50,0,
13_05_2026_11_55,17203.40,17217.00,17202.80,17208.10,0,
13_05_2026_12_00,17208.40,17223.10,17208.40,17220.10,0,
13_05_2026_12_05,17219.60,17241.70,17216.70,17240.20,0,
13_05_2026_12_10,17239.70,17263.50,17239.10,17262.10,0,
13_05_2026_12_15,17261.40,17266.70,17242.30,17255.30,0,
13_05_2026_12_20,17255.20,17257.70,17245.20,17256.00,0,
13_05_2026_12_25,17255.70,17259.20,17246.80,17247.90,0,
13_05_2026_12_30,17247.90,17248.80,17231.40,17234.20,0,
13_05_2026_12_35,17234.10,17237.90,17208.40,17218.50,0,
13_05_2026_12_40,17218.80,17219.10,17196.30,17206.20,0,
13_05_2026_12_45,17205.70,17214.40,17203.40,17213.80,0,
13_05_2026_12_50,17213.90,17248.10,17213.90,17248.10,0,
13_05_2026_12_55,17247.90,17287.20,17247.90,17283.70,0,
13_05_2026_13_00,17283.20,17285.90,17267.30,17270.70,0,
13_05_2026_13_05,17269.50,17278.70,17259.30,17261.00,0,
13_05_2026_13_10,17260.70,17280.40,17259.80,17268.80,0,
13_05_2026_13_15,17269.20,17270.50,17250.20,17253.40,0,
13_05_2026_13_20,17253.20,17262.80,17252.60,17261.00,0,
13_05_2026_13_25,17261.10,17263.30,17249.20,17250.70,0,
13_05_2026_13_30,17250.20,17281.80,17247.90,17277.50,0,
13_05_2026_13_35,17276.80,17280.10,17258.80,17276.40,0,
13_05_2026_13_40,17276.20,17278.20,17261.20,17264.60,0,
13_05_2026_13_45,17264.20,17275.40,17255.20,17258.60,0,
13_05_2026_13_50,17258.10,17261.70,17251.70,17254.20,0,
13_05_2026_13_55,17254.10,17254.80,17228.60,17248.60,0,
13_05_2026_14_00,17248.80,17261.90,17233.20,17244.50,0,
13_05_2026_14_05,17244.60,17270.70,17244.60,17270.40,0,
13_05_2026_14_10,17270.80,17288.80,17270.70,17288.30,0,
13_05_2026_14_15,17288.10,17293.80,17269.30,17269.60,0,
13_05_2026_14_20,17268.20,17277.80,17252.60,17275.80,0,
13_05_2026_14_25,17274.90,17276.90,17260.10,17266.60,0,
13_05_2026_14_30,17266.70,17278.60,17266.70,17272.10,0,
13_05_2026_14_35,17271.70,17278.60,17264.30,17275.60,0,
13_05_2026_14_40,17276.00,17276.00,17256.70,17257.30,0,
13_05_2026_14_45,17257.50,17257.50,17238.10,17242.40,0,
13_05_2026_14_50,17241.40,17247.60,17235.60,17240.60,0,
13_05_2026_14_55,17240.60,17241.80,17226.90,17229.10,0,
13_05_2026_15_00,17229.20,17229.20,17165.80,17173.10,0,
13_05_2026_15_05,17173.50,17173.80,17146.40,17156.20,0,
13_05_2026_15_10,17156.40,17158.00,17143.00,17155.30,0,
13_05_2026_15_15,17155.20,17170.70,17143.80,17144.90,0,
13_05_2026_15_20,17145.10,17145.80,17127.90,17137.00,0,
13_05_2026_15_25,17137.30,17168.80,17136.70,17154.80,0,
14_05_2026_09_15,17258.20,17291.40,17232.20,17250.20,0,
14_05_2026_09_20,17247.90,17282.90,17247.90,17265.60,0,
14_05_2026_09_25,17265.70,17302.90,17265.60,17298.70,0,
14_05_2026_09_30,17298.90,17304.60,17285.20,17285.30,0,
14_05_2026_09_35,17284.60,17284.60,17223.00,17223.40,0,
14_05_2026_09_40,17223.80,17224.00,17175.90,17184.90,0,
14_05_2026_09_45,17184.60,17206.30,17162.30,17163.60,0,
14_05_2026_09_50,17163.80,17165.50,17119.60,17120.70,0,
14_05_2026_09_55,17120.20,17123.40,17098.10,17110.80,0,
14_05_2026_10_00,17111.60,17139.80,17093.20,17132.10,0,
14_05_2026_10_05,17132.00,17145.40,17113.80,17134.70,0,
14_05_2026_10_10,17133.20,17155.60,17118.80,17152.20,0,
14_05_2026_10_15,17152.20,17185.70,17145.30,17185.50,0,
14_05_2026_10_20,17185.30,17193.30,17156.80,17182.40,0,
14_05_2026_10_25,17182.10,17207.80,17176.70,17196.00,0,
14_05_2026_10_30,17196.40,17210.70,17193.50,17210.70,0,
14_05_2026_10_35,17209.90,17217.60,17204.30,17208.80,0,
14_05_2026_10_40,17209.40,17210.60,17180.80,17181.20,0,
14_05_2026_10_45,17182.20,17182.20,17136.80,17136.80,0,
14_05_2026_10_50,17136.70,17170.50,17133.30,17161.60,0,
14_05_2026_10_55,17161.30,17161.30,17126.80,17126.80,0,
14_05_2026_11_00,17127.70,17136.20,17114.70,17114.80,0,
14_05_2026_11_05,17114.70,17119.20,17102.70,17104.40,0,
14_05_2026_11_10,17104.50,17144.20,17102.60,17142.10,0,
14_05_2026_11_15,17142.20,17171.80,17142.20,17171.80,0,
14_05_2026_11_20,17171.80,17193.80,17167.60,17188.70,0,
14_05_2026_11_25,17188.80,17193.60,17166.40,17185.70,0,
14_05_2026_11_30,17185.60,17205.00,17185.20,17203.10,0,
14_05_2026_11_35,17203.20,17226.30,17202.50,17225.60,0,
14_05_2026_11_40,17225.80,17245.00,17216.10,17244.40,0,
14_05_2026_11_45,17247.10,17259.60,17235.00,17259.40,0,
14_05_2026_11_50,17259.60,17277.80,17256.60,17262.30,0,
14_05_2026_11_55,17262.10,17275.70,17260.30,17275.30,0,
14_05_2026_12_00,17274.60,17276.20,17263.60,17265.60,0,
14_05_2026_12_05,17265.90,17280.90,17259.80,17262.40,0,
14_05_2026_12_10,17262.20,17273.80,17253.00,17273.70,0,
14_05_2026_12_15,17273.70,17316.70,17273.70,17298.20,0,
14_05_2026_12_20,17299.50,17312.60,17293.80,17308.90,0,
14_05_2026_12_25,17308.80,17312.20,17298.80,17299.40,0,
14_05_2026_12_30,17299.20,17303.60,17290.70,17298.20,0,
14_05_2026_12_35,17298.30,17300.70,17287.80,17294.30,0,
14_05_2026_12_40,17294.30,17312.80,17294.10,17309.40,0,
14_05_2026_12_45,17309.80,17312.40,17290.70,17305.40,0,
14_05_2026_12_50,17305.20,17305.70,17281.20,17286.70,0,
14_05_2026_12_55,17287.10,17290.10,17279.90,17283.90,0,
14_05_2026_13_00,17284.10,17315.20,17284.00,17311.50,0,
14_05_2026_13_05,17311.40,17316.10,17305.10,17306.60,0,
14_05_2026_13_10,17306.90,17314.30,17296.20,17305.00,0,
14_05_2026_13_15,17305.10,17310.60,17300.10,17307.70,0,
14_05_2026_13_20,17307.90,17311.80,17291.30,17291.30,0,
14_05_2026_13_25,17291.60,17310.40,17290.90,17295.30,0,
14_05_2026_13_30,17296.10,17309.00,17293.60,17306.40,0,
14_05_2026_13_35,17306.80,17327.40,17305.30,17318.60,0,
14_05_2026_13_40,17318.30,17334.40,17317.00,17334.40,0,
14_05_2026_13_45,17334.70,17345.20,17326.80,17328.40,0,
14_05_2026_13_50,17327.80,17336.20,17317.90,17328.70,0,
14_05_2026_13_55,17328.70,17347.10,17328.10,17342.70,0,
14_05_2026_14_00,17342.80,17355.20,17341.10,17352.90,0,
14_05_2026_14_05,17352.80,17374.50,17347.60,17369.60,0,
14_05_2026_14_10,17370.10,17375.70,17366.10,17368.10,0,
14_05_2026_14_15,17367.80,17382.10,17359.50,17360.70,0,
14_05_2026_14_20,17359.90,17374.40,17358.60,17367.50,0,
14_05_2026_14_25,17367.70,17383.80,17367.40,17380.90,0,
14_05_2026_14_30,17380.70,17389.10,17376.90,17376.90,0,
14_05_2026_14_35,17377.90,17377.90,17357.30,17367.80,0,
14_05_2026_14_40,17368.00,17370.20,17357.10,17361.10,0,
14_05_2026_14_45,17360.80,17363.30,17334.40,17335.60,0,
14_05_2026_14_50,17336.10,17349.20,17332.20,17345.50,0,
14_05_2026_14_55,17345.90,17367.80,17340.10,17358.40,0,
14_05_2026_15_00,17356.00,17359.60,17337.90,17352.00,0,
14_05_2026_15_05,17350.70,17356.70,17332.80,17342.30,0,
14_05_2026_15_10,17340.80,17349.70,17336.50,17347.20,0,
14_05_2026_15_15,17346.30,17364.90,17343.10,17360.50,0,
14_05_2026_15_20,17359.40,17369.60,17352.50,17369.20,0,
14_05_2026_15_25,17368.60,17385.70,17366.20,17374.10,0,
15_05_2026_09_15,17405.40,17407.60,17337.80,17346.80,0,
15_05_2026_09_20,17346.70,17366.10,17322.40,17353.80,0,
15_05_2026_09_25,17353.40,17377.90,17338.40,17362.60,0,
15_05_2026_09_30,17363.60,17365.60,17333.20,17336.10,0,
15_05_2026_09_35,17335.30,17360.90,17317.70,17357.20,0,
15_05_2026_09_40,17357.20,17400.90,17355.80,17400.70,0,
15_05_2026_09_45,17401.40,17432.70,17401.40,17406.60,0,
15_05_2026_09_50,17406.70,17426.90,17399.40,17426.10,0,
15_05_2026_09_55,17426.20,17429.80,17405.90,17406.00,0,
15_05_2026_10_00,17405.80,17407.70,17379.70,17403.80,0,
15_05_2026_10_05,17404.00,17406.10,17368.30,17369.40,0,
15_05_2026_10_10,17369.10,17381.30,17367.60,17375.20,0,
15_05_2026_10_15,17376.10,17397.50,17376.10,17387.40,0,
15_05_2026_10_20,17387.70,17404.90,17386.20,17404.60,0,
15_05_2026_10_25,17405.30,17411.40,17394.20,17400.20,0,
15_05_2026_10_30,17400.40,17400.40,17382.70,17391.20,0,
15_05_2026_10_35,17390.80,17391.00,17370.70,17375.00,0,
15_05_2026_10_40,17374.60,17381.20,17359.60,17364.80,0,
15_05_2026_10_45,17363.40,17384.80,17363.40,17384.40,0,
15_05_2026_10_50,17384.40,17410.20,17384.40,17399.30,0,
15_05_2026_10_55,17398.80,17404.90,17383.80,17399.10,0,
15_05_2026_11_00,17398.10,17399.80,17358.60,17358.90,0,
15_05_2026_11_05,17357.20,17360.10,17323.00,17329.30,0,
15_05_2026_11_10,17328.90,17338.50,17316.70,17321.20,0,
15_05_2026_11_15,17320.30,17321.10,17294.50,17313.20,0,
15_05_2026_11_20,17313.50,17315.80,17298.70,17301.00,0,
15_05_2026_11_25,17300.90,17305.00,17287.60,17289.00,0,
15_05_2026_11_30,17289.20,17292.70,17274.20,17288.20,0,
15_05_2026_11_35,17288.70,17291.40,17274.90,17282.80,0,
15_05_2026_11_40,17283.20,17297.00,17282.20,17295.60,0,
15_05_2026_11_45,17295.50,17307.30,17286.10,17305.70,0,
15_05_2026_11_50,17305.50,17316.50,17298.10,17303.90,0,
15_05_2026_11_55,17303.80,17305.90,17292.80,17305.80,0,
15_05_2026_12_00,17305.80,17321.90,17298.80,17321.20,0,
15_05_2026_12_05,17321.30,17350.20,17321.30,17335.10,0,
15_05_2026_12_10,17334.80,17344.90,17329.20,17330.70,0,
15_05_2026_12_15,17331.00,17334.10,17315.40,17318.20,0,
15_05_2026_12_20,17317.80,17318.80,17291.70,17292.20,0,
15_05_2026_12_25,17291.80,17308.80,17289.30,17292.20,0,
15_05_2026_12_30,17292.70,17311.80,17290.30,17311.80,0,
15_05_2026_12_35,17311.40,17330.20,17311.40,17327.80,0,
15_05_2026_12_40,17327.80,17362.90,17327.80,17361.40,0,
15_05_2026_12_45,17361.70,17369.40,17359.90,17367.20,0,
15_05_2026_12_50,17367.10,17375.80,17360.60,17366.10,0,
15_05_2026_12_55,17365.80,17372.20,17362.80,17369.40,0,
15_05_2026_13_00,17369.90,17374.30,17364.20,17369.90,0,
15_05_2026_13_05,17370.20,17378.00,17365.40,17371.50,0,
15_05_2026_13_10,17371.70,17386.30,17371.70,17380.30,0,
15_05_2026_13_15,17379.90,17386.50,17373.80,17385.40,0,
15_05_2026_13_20,17386.00,17394.90,17381.70,17389.90,0,
15_05_2026_13_25,17390.10,17391.20,17377.30,17378.90,0,
15_05_2026_13_30,17378.40,17380.80,17362.00,17365.20,0,
15_05_2026_13_35,17365.20,17374.60,17348.10,17352.20,0,
15_05_2026_13_40,17352.70,17360.90,17346.40,17360.90,0,
15_05_2026_13_45,17360.80,17371.30,17327.10,17333.60,0,
15_05_2026_13_50,17333.20,17352.70,17326.60,17351.20,0,
15_05_2026_13_55,17351.10,17356.80,17324.60,17332.90,0,
15_05_2026_14_00,17332.90,17333.20,17306.90,17307.70,0,
15_05_2026_14_05,17307.60,17325.90,17306.30,17325.80,0,
15_05_2026_14_10,17325.80,17340.30,17321.70,17332.70,0,
15_05_2026_14_15,17332.20,17334.90,17310.00,17324.00,0,
15_05_2026_14_20,17323.90,17325.90,17315.20,17320.00,0,
15_05_2026_14_25,17320.20,17321.70,17305.30,17314.40,0,
15_05_2026_14_30,17316.20,17321.70,17296.60,17309.10,0,
15_05_2026_14_35,17308.80,17322.70,17306.90,17312.30,0,
15_05_2026_14_40,17311.70,17330.60,17310.20,17313.00,0,
15_05_2026_14_45,17312.90,17312.90,17264.20,17264.80,0,
15_05_2026_14_50,17264.80,17274.90,17254.10,17267.90,0,
15_05_2026_14_55,17268.20,17297.10,17248.90,17280.60,0,
15_05_2026_15_00,17280.00,17299.30,17262.50,17299.30,0,
15_05_2026_15_05,17299.00,17304.70,17275.20,17279.50,0,
15_05_2026_15_10,17279.10,17285.70,17277.70,17283.30,0,
15_05_2026_15_15,17282.70,17283.80,17255.70,17278.80,0,
15_05_2026_15_20,17278.60,17284.90,17262.80,17265.50,0,
15_05_2026_15_25,17265.20,17279.30,17260.20,17264.60,0,
18_05_2026_09_15,17163.90,17169.80,17059.10,17117.90,0,
18_05_2026_09_20,17118.20,17132.40,17085.60,17108.30,0,
18_05_2026_09_25,17108.30,17109.50,17028.70,17039.90,0,
18_05_2026_09_30,17040.40,17082.10,17027.60,17074.60,0,
18_05_2026_09_35,17075.10,17097.20,17053.20,17069.60,0,
18_05_2026_09_40,17071.50,17080.20,17045.20,17059.30,0,
18_05_2026_09_45,17059.60,17059.60,17017.20,17025.30,0,
18_05_2026_09_50,17025.40,17027.20,16992.00,16992.90,0,
18_05_2026_09_55,16992.70,17001.80,16981.60,17001.20,0,
18_05_2026_10_00,17002.20,17011.50,16995.30,17010.80,0,
18_05_2026_10_05,17011.40,17015.60,16995.80,17001.80,0,
18_05_2026_10_10,17002.40,17016.80,17001.90,17016.30,0,
18_05_2026_10_15,17017.20,17058.40,17011.40,17055.70,0,
18_05_2026_10_20,17056.40,17060.10,17028.20,17029.90,0,
18_05_2026_10_25,17029.70,17029.70,17010.70,17015.70,0,
18_05_2026_10_30,17015.10,17033.10,16982.60,17033.10,0,
18_05_2026_10_35,17034.10,17056.40,17030.40,17046.40,0,
18_05_2026_10_40,17046.40,17055.10,17023.80,17041.90,0,
18_05_2026_10_45,17041.70,17042.00,17011.70,17017.70,0,
18_05_2026_10_50,17018.20,17067.80,17018.20,17065.70,0,
18_05_2026_10_55,17066.10,17085.90,17064.90,17084.10,0,
18_05_2026_11_00,17084.60,17098.80,17074.70,17091.10,0,
18_05_2026_11_05,17091.00,17109.80,17090.40,17108.80,0,
18_05_2026_11_10,17108.70,17110.30,17092.20,17093.00,0,
18_05_2026_11_15,17093.60,17106.60,17091.60,17101.40,0,
18_05_2026_11_20,17102.00,17108.20,17088.00,17106.60,0,
18_05_2026_11_25,17106.60,17108.00,17089.80,17101.20,0,
18_05_2026_11_30,17101.30,17131.00,17101.30,17117.60,0,
18_05_2026_11_35,17118.00,17145.80,17114.50,17143.00,0,
18_05_2026_11_40,17142.70,17143.10,17113.70,17121.90,0,
18_05_2026_11_45,17122.70,17124.10,17094.20,17097.60,0,
18_05_2026_11_50,17098.60,17100.70,17093.10,17094.80,0,
18_05_2026_11_55,17095.00,17099.70,17073.90,17074.80,0,
18_05_2026_12_00,17075.60,17083.90,17070.90,17077.20,0,
18_05_2026_12_05,17077.30,17103.50,17076.30,17089.80,0,
18_05_2026_12_10,17090.10,17113.30,17089.80,17112.40,0,
18_05_2026_12_15,17113.40,17118.40,17091.30,17093.30,0,
18_05_2026_12_20,17094.20,17109.50,17087.90,17108.80,0,
18_05_2026_12_25,17108.70,17126.70,17108.70,17125.80,0,
18_05_2026_12_30,17126.90,17151.70,17126.90,17148.00,0,
18_05_2026_12_35,17148.70,17165.10,17148.10,17163.90,0,
18_05_2026_12_40,17164.50,17170.80,17151.10,17155.30,0,
18_05_2026_12_45,17155.10,17156.10,17145.70,17151.90,0,
18_05_2026_12_50,17152.20,17152.80,17145.90,17151.00,0,
18_05_2026_12_55,17151.20,17185.60,17150.70,17185.20,0,
18_05_2026_13_00,17186.10,17214.90,17186.00,17207.00,0,
18_05_2026_13_05,17207.50,17207.90,17171.90,17177.20,0,
18_05_2026_13_10,17177.80,17181.30,17163.30,17180.60,0,
18_05_2026_13_15,17180.80,17193.90,17179.70,17185.10,0,
18_05_2026_13_20,17185.10,17200.00,17172.90,17198.90,0,
18_05_2026_13_25,17199.20,17207.20,17187.90,17195.80,0,
18_05_2026_13_30,17197.40,17206.30,17195.30,17202.30,0,
18_05_2026_13_35,17202.80,17207.20,17191.20,17201.60,0,
18_05_2026_13_40,17202.00,17215.30,17196.60,17208.00,0,
18_05_2026_13_45,17208.50,17217.10,17196.80,17216.20,0,
18_05_2026_13_50,17218.60,17228.80,17216.60,17219.30,0,
18_05_2026_13_55,17219.70,17236.80,17211.80,17225.00,0,
18_05_2026_14_00,17225.30,17229.30,17216.80,17225.70,0,
18_05_2026_14_05,17226.10,17228.30,17201.60,17210.10,0,
18_05_2026_14_10,17210.70,17229.20,17202.90,17222.70,0,
18_05_2026_14_15,17222.00,17222.80,17203.70,17213.20,0,
18_05_2026_14_20,17213.20,17219.80,17201.20,17201.20,0,
18_05_2026_14_25,17200.70,17220.50,17193.70,17218.40,0,
18_05_2026_14_30,17218.60,17226.30,17209.60,17211.20,0,
18_05_2026_14_35,17211.80,17214.30,17200.60,17200.90,0,
18_05_2026_14_40,17200.80,17224.10,17199.40,17217.60,0,
18_05_2026_14_45,17217.70,17219.20,17197.30,17197.70,0,
18_05_2026_14_50,17198.60,17201.30,17192.30,17199.20,0,
18_05_2026_14_55,17198.90,17198.90,17178.20,17184.60,0,
18_05_2026_15_00,17185.80,17280.90,17185.80,17270.70,0,
18_05_2026_15_05,17270.80,17279.60,17244.50,17251.30,0,
18_05_2026_15_10,17251.70,17264.20,17246.20,17255.80,0,
18_05_2026_15_15,17255.30,17267.40,17249.60,17259.80,0,
18_05_2026_15_20,17260.00,17284.40,17258.30,17282.30,0,
18_05_2026_15_25,17282.80,17283.70,17265.40,17271.30,0,
19_05_2026_09_15,17319.10,17358.90,17318.60,17344.50,0,
19_05_2026_09_20,17343.40,17393.90,17343.40,17388.10,0,
19_05_2026_09_25,17387.40,17426.40,17384.90,17425.60,0,
19_05_2026_09_30,17426.20,17433.90,17370.60,17372.00,0,
19_05_2026_09_35,17370.20,17403.50,17355.20,17403.50,0,
19_05_2026_09_40,17403.40,17452.80,17403.10,17450.20,0,
19_05_2026_09_45,17450.40,17453.70,17436.80,17439.00,0,
19_05_2026_09_50,17438.80,17452.40,17434.20,17448.20,0,
19_05_2026_09_55,17449.20,17458.90,17441.40,17441.40,0,
19_05_2026_10_00,17442.20,17486.90,17439.80,17479.20,0,
19_05_2026_10_05,17479.10,17495.00,17472.20,17485.80,0,
19_05_2026_10_10,17486.10,17509.10,17480.80,17497.90,0,
19_05_2026_10_15,17497.60,17510.20,17488.80,17488.80,0,
19_05_2026_10_20,17488.60,17501.90,17486.80,17498.30,0,
19_05_2026_10_25,17498.40,17508.90,17497.70,17500.20,0,
19_05_2026_10_30,17500.40,17513.20,17500.20,17502.20,0,
19_05_2026_10_35,17501.50,17512.10,17499.10,17511.30,0,
19_05_2026_10_40,17510.90,17511.70,17498.80,17505.70,0,
19_05_2026_10_45,17506.10,17517.80,17505.80,17515.80,0,
19_05_2026_10_50,17515.70,17527.40,17503.50,17509.40,0,
19_05_2026_10_55,17509.20,17535.20,17509.00,17523.90,0,
19_05_2026_11_00,17523.90,17525.70,17507.60,17510.30,0,
19_05_2026_11_05,17510.60,17513.90,17499.20,17502.90,0,
19_05_2026_11_10,17502.30,17509.70,17488.70,17489.00,0,
19_05_2026_11_15,17489.20,17493.80,17479.90,17480.20,0,
19_05_2026_11_20,17480.20,17492.00,17475.70,17484.70,0,
19_05_2026_11_25,17485.30,17489.00,17481.90,17487.80,0,
19_05_2026_11_30,17488.80,17489.70,17474.20,17480.30,0,
19_05_2026_11_35,17480.80,17496.40,17477.20,17495.40,0,
19_05_2026_11_40,17495.10,17516.30,17493.90,17510.90,0,
19_05_2026_11_45,17511.10,17521.20,17510.10,17520.10,0,
19_05_2026_11_50,17519.30,17527.70,17515.90,17522.00,0,
19_05_2026_11_55,17522.30,17523.60,17509.10,17510.90,0,
19_05_2026_12_00,17511.00,17513.20,17502.30,17502.70,0,
19_05_2026_12_05,17503.60,17514.20,17502.40,17513.20,0,
19_05_2026_12_10,17513.50,17527.40,17512.90,17527.00,0,
19_05_2026_12_15,17526.80,17531.40,17514.90,17529.40,0,
19_05_2026_12_20,17529.80,17533.20,17521.20,17521.60,0,
19_05_2026_12_25,17522.10,17538.00,17521.20,17534.90,0,
19_05_2026_12_30,17534.80,17549.30,17530.90,17535.60,0,
19_05_2026_12_35,17535.60,17541.80,17523.80,17538.70,0,
19_05_2026_12_40,17538.60,17539.80,17525.80,17525.80,0,
19_05_2026_12_45,17526.40,17534.40,17512.90,17513.20,0,
19_05_2026_12_50,17513.60,17521.40,17510.20,17519.80,0,
19_05_2026_12_55,17519.70,17520.60,17510.80,17514.60,0,
19_05_2026_13_00,17514.90,17523.30,17511.20,17512.60,0,
19_05_2026_13_05,17512.60,17519.70,17511.50,17516.60,0,
19_05_2026_13_10,17516.90,17517.20,17505.40,17505.80,0,
19_05_2026_13_15,17505.80,17524.40,17502.10,17519.70,0,
19_05_2026_13_20,17520.10,17524.50,17513.80,17522.80,0,
19_05_2026_13_25,17522.70,17526.30,17518.60,17523.10,0,
19_05_2026_13_30,17523.80,17526.70,17513.50,17515.70,0,
19_05_2026_13_35,17515.90,17516.60,17472.00,17482.20,0,
19_05_2026_13_40,17481.90,17491.00,17466.30,17478.30,0,
19_05_2026_13_45,17477.80,17502.10,17477.80,17493.60,0,
19_05_2026_13_50,17493.30,17494.40,17479.50,17479.50,0,
19_05_2026_13_55,17479.60,17479.60,17465.20,17475.10,0,
19_05_2026_14_00,17474.90,17507.20,17474.90,17505.10,0,
19_05_2026_14_05,17504.70,17506.90,17497.40,17501.20,0,
19_05_2026_14_10,17500.90,17502.80,17484.90,17492.20,0,
19_05_2026_14_15,17491.50,17498.60,17491.30,17493.30,0,
19_05_2026_14_20,17493.30,17503.40,17492.90,17496.80,0,
19_05_2026_14_25,17496.80,17496.80,17490.80,17495.20,0,
19_05_2026_14_30,17494.70,17496.90,17481.20,17483.70,0,
19_05_2026_14_35,17483.30,17484.40,17461.20,17472.70,0,
19_05_2026_14_40,17473.20,17473.40,17443.90,17444.90,0,
19_05_2026_14_45,17444.60,17445.90,17429.90,17439.00,0,
19_05_2026_14_50,17440.60,17452.80,17436.10,17436.10,0,
19_05_2026_14_55,17436.50,17447.20,17431.80,17442.50,0,
19_05_2026_15_00,17445.00,17445.40,17431.40,17433.70,0,
19_05_2026_15_05,17435.20,17444.90,17429.80,17431.80,0,
19_05_2026_15_10,17433.40,17433.80,17420.40,17432.80,0,
19_05_2026_15_15,17432.70,17433.60,17402.90,17403.10,0,
19_05_2026_15_20,17403.10,17406.60,17393.60,17394.80,0,
19_05_2026_15_25,17395.30,17405.50,17386.80,17398.20,0,
20_05_2026_09_15,17293.40,17297.20,17248.90,17276.20,0,
20_05_2026_09_20,17277.20,17318.30,17269.90,17307.70,0,
20_05_2026_09_25,17307.10,17330.30,17301.10,17313.40,0,
20_05_2026_09_30,17313.10,17367.30,17308.60,17342.20,0,
20_05_2026_09_35,17342.40,17355.70,17325.60,17354.60,0,
20_05_2026_09_40,17354.40,17354.40,17323.20,17329.20,0,
20_05_2026_09_45,17329.70,17361.80,17326.70,17358.30,0,
20_05_2026_09_50,17359.20,17390.20,17355.70,17379.70,0,
20_05_2026_09_55,17379.70,17392.30,17373.20,17387.80,0,
20_05_2026_10_00,17387.80,17388.60,17354.90,17365.10,0,
20_05_2026_10_05,17364.80,17364.80,17337.00,17351.60,0,
20_05_2026_10_10,17352.20,17360.60,17345.70,17353.60,0,
20_05_2026_10_15,17353.90,17367.70,17350.80,17354.90,0,
20_05_2026_10_20,17353.90,17362.80,17331.30,17332.80,0,
20_05_2026_10_25,17332.70,17362.60,17332.20,17361.40,0,
20_05_2026_10_30,17362.10,17384.80,17362.10,17379.80,0,
20_05_2026_10_35,17380.20,17387.70,17375.80,17375.80,0,
20_05_2026_10_40,17376.90,17377.30,17362.90,17365.30,0,
20_05_2026_10_45,17365.10,17365.50,17350.20,17350.20,0,
20_05_2026_10_50,17351.10,17385.90,17350.80,17385.70,0,
20_05_2026_10_55,17385.50,17394.30,17383.40,17392.30,0,
20_05_2026_11_00,17393.20,17404.20,17390.50,17394.70,0,
20_05_2026_11_05,17394.80,17410.80,17394.60,17403.20,0,
20_05_2026_11_10,17402.90,17405.20,17388.70,17389.30,0,
20_05_2026_11_15,17389.50,17395.40,17380.00,17383.40,0,
20_05_2026_11_20,17382.90,17411.40,17381.60,17407.10,0,
20_05_2026_11_25,17406.90,17419.20,17406.70,17417.90,0,
20_05_2026_11_30,17418.10,17422.60,17408.80,17412.90,0,
20_05_2026_11_35,17413.40,17431.80,17411.10,17424.80,0,
20_05_2026_11_40,17424.90,17426.60,17417.80,17420.60,0,
20_05_2026_11_45,17420.20,17445.00,17420.20,17444.20,0,
20_05_2026_11_50,17444.40,17448.10,17428.10,17432.00,0,
20_05_2026_11_55,17432.70,17439.20,17426.00,17426.70,0,
20_05_2026_12_00,17426.70,17430.40,17417.20,17417.80,0,
20_05_2026_12_05,17417.80,17421.40,17408.10,17416.60,0,
20_05_2026_12_10,17416.20,17419.40,17407.60,17411.40,0,
20_05_2026_12_15,17412.20,17426.40,17411.70,17420.60,0,
20_05_2026_12_20,17421.60,17437.70,17419.20,17432.20,0,
20_05_2026_12_25,17432.60,17432.60,17419.80,17425.30,0,
20_05_2026_12_30,17425.50,17430.10,17422.60,17424.50,0,
20_05_2026_12_35,17424.50,17436.20,17424.20,17435.60,0,
20_05_2026_12_40,17436.20,17438.10,17429.10,17434.40,0,
20_05_2026_12_45,17434.90,17438.00,17429.40,17434.20,0,
20_05_2026_12_50,17434.20,17448.30,17434.20,17448.30,0,
20_05_2026_12_55,17448.20,17456.20,17445.80,17452.80,0,
20_05_2026_13_00,17452.60,17453.70,17437.90,17439.20,0,
20_05_2026_13_05,17439.00,17439.80,17429.80,17437.00,0,
20_05_2026_13_10,17436.80,17440.90,17433.80,17434.80,0,
20_05_2026_13_15,17434.80,17435.50,17411.20,17413.70,0,
20_05_2026_13_20,17413.80,17420.30,17409.20,17412.80,0,
20_05_2026_13_25,17413.00,17421.20,17394.10,17396.40,0,
20_05_2026_13_30,17395.70,17415.40,17393.80,17415.10,0,
20_05_2026_13_35,17415.20,17428.70,17410.80,17420.80,0,
20_05_2026_13_40,17421.20,17424.80,17413.60,17417.10,0,
20_05_2026_13_45,17417.70,17420.20,17406.70,17416.60,0,
20_05_2026_13_50,17416.80,17424.10,17409.00,17423.70,0,
20_05_2026_13_55,17423.90,17448.70,17422.40,17448.70,0,
20_05_2026_14_00,17449.80,17459.60,17444.20,17450.10,0,
20_05_2026_14_05,17449.90,17469.80,17447.50,17468.80,0,
20_05_2026_14_10,17468.70,17472.30,17459.40,17462.60,0,
20_05_2026_14_15,17462.60,17465.60,17453.80,17454.10,0,
20_05_2026_14_20,17453.70,17480.40,17450.70,17477.20,0,
20_05_2026_14_25,17477.70,17482.20,17467.20,17481.90,0,
20_05_2026_14_30,17481.80,17497.70,17476.70,17478.30,0,
20_05_2026_14_35,17477.90,17484.50,17471.50,17483.40,0,
20_05_2026_14_40,17482.30,17492.10,17481.90,17490.70,0,
20_05_2026_14_45,17490.70,17503.90,17490.20,17503.70,0,
20_05_2026_14_50,17504.20,17507.10,17496.50,17502.70,0,
20_05_2026_14_55,17502.90,17504.20,17488.70,17489.10,0,
20_05_2026_15_00,17488.80,17488.80,17454.40,17468.90,0,
20_05_2026_15_05,17469.00,17502.10,17468.20,17501.90,0,
20_05_2026_15_10,17502.20,17513.60,17498.10,17504.80,0,
20_05_2026_15_15,17504.90,17517.80,17504.60,17506.90,0,
20_05_2026_15_20,17507.70,17507.90,17499.80,17506.90,0,
20_05_2026_15_25,17507.20,17521.20,17503.10,17518.60,0,
21_05_2026_09_15,17622.80,17660.00,17594.80,17596.20,0,
21_05_2026_09_20,17596.00,17634.10,17593.70,17628.10,0,
21_05_2026_09_25,17628.30,17634.80,17596.30,17596.60,0,
21_05_2026_09_30,17596.80,17599.20,17566.20,17574.80,0,
21_05_2026_09_35,17575.30,17609.30,17569.80,17606.30,0,
21_05_2026_09_40,17606.00,17606.80,17588.70,17597.70,0,
21_05_2026_09_45,17596.90,17605.30,17589.10,17589.70,0,
21_05_2026_09_50,17589.20,17604.60,17582.90,17603.30,0,
21_05_2026_09_55,17602.70,17603.30,17587.40,17588.90,0,
21_05_2026_10_00,17588.30,17600.20,17578.80,17586.90,0,
21_05_2026_10_05,17587.30,17588.50,17558.20,17567.80,0,
21_05_2026_10_10,17568.30,17574.40,17562.80,17564.80,0,
21_05_2026_10_15,17565.00,17575.20,17559.70,17561.80,0,
21_05_2026_10_20,17562.10,17568.80,17558.20,17563.30,0,
21_05_2026_10_25,17563.30,17573.80,17560.40,17570.20,0,
21_05_2026_10_30,17569.80,17572.60,17543.80,17545.50,0,
21_05_2026_10_35,17546.00,17552.70,17529.10,17533.70,0,
21_05_2026_10_40,17533.80,17550.90,17533.20,17550.30,0,
21_05_2026_10_45,17550.10,17552.70,17538.50,17541.20,0,
21_05_2026_10_50,17541.30,17546.10,17533.90,17545.70,0,
21_05_2026_10_55,17546.10,17546.20,17533.60,17536.30,0,
21_05_2026_11_00,17535.60,17536.20,17514.60,17515.00,0,
21_05_2026_11_05,17515.70,17526.30,17514.90,17523.30,0,
21_05_2026_11_10,17523.60,17526.00,17501.90,17502.00,0,
21_05_2026_11_15,17502.20,17503.70,17462.80,17487.20,0,
21_05_2026_11_20,17487.10,17508.40,17485.20,17507.20,0,
21_05_2026_11_25,17507.20,17522.10,17504.20,17518.20,0,
21_05_2026_11_30,17518.50,17520.40,17509.80,17516.60,0,
21_05_2026_11_35,17516.80,17517.40,17508.80,17510.30,0,
21_05_2026_11_40,17510.30,17520.80,17510.20,17514.90,0,
21_05_2026_11_45,17514.80,17522.20,17512.50,17515.60,0,
21_05_2026_11_50,17515.50,17524.80,17511.40,17512.60,0,
21_05_2026_11_55,17512.80,17513.20,17499.30,17505.10,0,
21_05_2026_12_00,17505.10,17523.80,17505.10,17516.60,0,
21_05_2026_12_05,17516.50,17530.80,17515.00,17530.00,0,
21_05_2026_12_10,17529.90,17530.90,17511.30,17511.30,0,
21_05_2026_12_15,17512.10,17518.10,17508.20,17513.70,0,
21_05_2026_12_20,17514.20,17514.60,17502.40,17503.80,0,
21_05_2026_12_25,17503.60,17507.20,17482.60,17487.30,0,
21_05_2026_12_30,17487.70,17488.10,17471.20,17485.70,0,
21_05_2026_12_35,17485.30,17485.30,17459.20,17463.70,0,
21_05_2026_12_40,17463.60,17467.00,17446.90,17464.70,0,
21_05_2026_12_45,17464.80,17464.80,17447.90,17456.40,0,
21_05_2026_12_50,17456.40,17472.20,17455.60,17468.60,0,
21_05_2026_12_55,17467.80,17468.20,17444.80,17450.30,0,
21_05_2026_13_00,17450.20,17451.20,17413.60,17436.60,0,
21_05_2026_13_05,17437.30,17452.90,17435.80,17450.40,0,
21_05_2026_13_10,17449.80,17460.30,17449.80,17454.40,0,
21_05_2026_13_15,17453.80,17456.50,17442.00,17448.60,0,
21_05_2026_13_20,17448.50,17456.30,17441.90,17443.00,0,
21_05_2026_13_25,17443.40,17447.40,17441.90,17443.20,0,
21_05_2026_13_30,17443.20,17456.20,17437.50,17455.10,0,
21_05_2026_13_35,17454.80,17479.80,17454.50,17476.20,0,
21_05_2026_13_40,17475.40,17486.20,17472.40,17481.50,0,
21_05_2026_13_45,17480.80,17483.70,17458.80,17459.70,0,
21_05_2026_13_50,17459.80,17462.60,17447.90,17458.60,0,
21_05_2026_13_55,17458.00,17473.20,17447.90,17471.60,0,
21_05_2026_14_00,17470.30,17470.70,17448.20,17454.90,0,
21_05_2026_14_05,17454.40,17454.80,17442.80,17452.10,0,
21_05_2026_14_10,17451.30,17455.30,17445.70,17448.30,0,
21_05_2026_14_15,17448.80,17454.20,17442.90,17452.20,0,
21_05_2026_14_20,17452.90,17462.00,17451.90,17462.00,0,
21_05_2026_14_25,17462.20,17469.20,17440.30,17442.10,0,
21_05_2026_14_30,17441.90,17458.90,17440.70,17447.10,0,
21_05_2026_14_35,17446.90,17456.70,17436.90,17439.30,0,
21_05_2026_14_40,17439.10,17459.70,17435.40,17437.80,0,
21_05_2026_14_45,17437.50,17453.90,17436.70,17451.40,0,
21_05_2026_14_50,17451.40,17459.60,17450.60,17452.90,0,
21_05_2026_14_55,17453.10,17459.70,17445.20,17448.70,0,
21_05_2026_15_00,17448.50,17466.30,17442.30,17453.60,0,
21_05_2026_15_05,17454.30,17468.50,17440.20,17446.00,0,
21_05_2026_15_10,17446.10,17463.20,17445.90,17457.90,0,
21_05_2026_15_15,17459.30,17459.30,17444.70,17450.50,0,
21_05_2026_15_20,17450.20,17458.40,17448.20,17455.90,0,
21_05_2026_15_25,17456.20,17466.60,17449.30,17454.70,0,
22_05_2026_09_15,17510.30,17516.10,17427.20,17451.70,0,
22_05_2026_09_20,17452.30,17474.80,17449.70,17462.80,0,
22_05_2026_09_25,17462.90,17472.10,17437.70,17437.70,0,
22_05_2026_09_30,17437.80,17459.40,17433.20,17453.60,0,
22_05_2026_09_35,17452.60,17455.70,17413.80,17414.70,0,
22_05_2026_09_40,17413.80,17424.50,17393.00,17419.90,0,
22_05_2026_09_45,17419.30,17431.40,17403.40,17404.70,0,
22_05_2026_09_50,17404.60,17437.30,17403.80,17436.20,0,
22_05_2026_09_55,17435.90,17438.60,17416.40,17420.80,0,
22_05_2026_10_00,17421.40,17427.70,17414.10,17414.10,0,
22_05_2026_10_05,17413.80,17422.40,17408.60,17420.30,0,
22_05_2026_10_10,17420.50,17430.90,17418.90,17422.40,0,
22_05_2026_10_15,17422.20,17423.40,17406.00,17413.80,0,
22_05_2026_10_20,17413.60,17433.40,17413.10,17423.10,0,
22_05_2026_10_25,17422.90,17434.40,17420.80,17421.40,0,
22_05_2026_10_30,17421.30,17440.00,17421.30,17437.50,0,
22_05_2026_10_35,17437.20,17440.30,17424.60,17433.30,0,
22_05_2026_10_40,17433.30,17457.20,17432.80,17456.60,0,
22_05_2026_10_45,17456.80,17475.60,17456.80,17458.80,0,
22_05_2026_10_50,17459.20,17466.30,17448.80,17461.60,0,
22_05_2026_10_55,17461.50,17463.90,17454.00,17461.70,0,
22_05_2026_11_00,17461.60,17462.30,17454.20,17459.60,0,
22_05_2026_11_05,17458.90,17462.30,17452.90,17461.30,0,
22_05_2026_11_10,17461.20,17479.70,17461.20,17476.50,0,
22_05_2026_11_15,17476.30,17480.50,17473.40,17473.50,0,
22_05_2026_11_20,17473.40,17481.90,17467.90,17475.20,0,
22_05_2026_11_25,17475.20,17475.60,17457.90,17463.50,0,
22_05_2026_11_30,17463.50,17463.80,17451.30,17456.70,0,
22_05_2026_11_35,17456.40,17465.40,17454.90,17465.20,0,
22_05_2026_11_40,17465.10,17479.00,17463.70,17479.00,0,
22_05_2026_11_45,17479.10,17491.30,17477.90,17489.00,0,
22_05_2026_11_50,17488.50,17497.90,17486.70,17492.50,0,
22_05_2026_11_55,17492.40,17500.80,17490.40,17493.20,0,
22_05_2026_12_00,17493.50,17495.30,17484.10,17490.40,0,
22_05_2026_12_05,17490.70,17491.70,17476.60,17477.30,0,
22_05_2026_12_10,17477.20,17486.30,17470.30,17470.50,0,
22_05_2026_12_15,17470.90,17475.00,17463.60,17466.20,0,
22_05_2026_12_20,17465.90,17466.60,17450.80,17450.80,0,
22_05_2026_12_25,17450.00,17462.40,17447.10,17456.80,0,
22_05_2026_12_30,17456.80,17459.40,17445.20,17458.60,0,
22_05_2026_12_35,17459.10,17465.40,17457.00,17462.30,0,
22_05_2026_12_40,17462.20,17472.80,17461.90,17469.70,0,
22_05_2026_12_45,17469.80,17482.80,17468.90,17479.30,0,
22_05_2026_12_50,17479.10,17488.20,17479.10,17487.20,0,
22_05_2026_12_55,17487.20,17488.20,17480.00,17481.80,0,
22_05_2026_13_00,17481.60,17483.20,17473.40,17477.80,0,
22_05_2026_13_05,17477.60,17481.30,17472.30,17480.40,0,
22_05_2026_13_10,17480.70,17489.20,17479.80,17487.40,0,
22_05_2026_13_15,17487.20,17507.70,17486.70,17495.70,0,
22_05_2026_13_20,17496.20,17509.40,17495.90,17503.80,0,
22_05_2026_13_25,17504.70,17506.00,17497.70,17503.70,0,
22_05_2026_13_30,17504.10,17505.20,17500.20,17504.80,0,
22_05_2026_13_35,17504.30,17505.60,17493.30,17495.20,0,
22_05_2026_13_40,17494.80,17495.60,17486.80,17487.60,0,
22_05_2026_13_45,17487.60,17497.20,17484.80,17489.90,0,
22_05_2026_13_50,17489.20,17494.10,17481.70,17482.10,0,
22_05_2026_13_55,17481.60,17483.20,17470.70,17480.50,0,
22_05_2026_14_00,17481.40,17481.70,17452.30,17452.80,0,
22_05_2026_14_05,17453.10,17470.20,17442.50,17468.10,0,
22_05_2026_14_10,17467.80,17473.10,17461.70,17472.30,0,
22_05_2026_14_15,17472.20,17475.30,17465.40,17470.20,0,
22_05_2026_14_20,17470.30,17478.90,17463.80,17474.70,0,
22_05_2026_14_25,17474.80,17479.20,17467.30,17468.10,0,
22_05_2026_14_30,17467.70,17476.20,17454.80,17469.10,0,
22_05_2026_14_35,17469.40,17469.50,17459.10,17464.80,0,
22_05_2026_14_40,17465.00,17468.90,17451.10,17452.80,0,
22_05_2026_14_45,17453.80,17481.40,17452.60,17480.80,0,
22_05_2026_14_50,17480.40,17493.90,17478.40,17488.80,0,
22_05_2026_14_55,17488.70,17488.80,17476.90,17479.60,0,
22_05_2026_15_00,17478.80,17480.00,17453.80,17467.40,0,
22_05_2026_15_05,17467.50,17475.70,17464.10,17473.40,0,
22_05_2026_15_10,17474.40,17483.60,17473.70,17483.10,0,
22_05_2026_15_15,17483.80,17489.40,17481.00,17483.20,0,
22_05_2026_15_20,17484.10,17486.90,17475.30,17483.70,0,
22_05_2026_15_25,17485.10,17490.80,17481.30,17489.80,0,
25_05_2026_09_15,17640.10,17651.00,17590.30,17599.30,0,
25_05_2026_09_20,17599.00,17616.60,17588.40,17606.30,0,
25_05_2026_09_25,17606.40,17638.60,17606.40,17632.40,0,
25_05_2026_09_30,17633.40,17635.10,17605.40,17607.10,0,
25_05_2026_09_35,17607.20,17615.30,17602.40,17605.90,0,
25_05_2026_09_40,17606.20,17609.60,17593.20,17600.00,0,
25_05_2026_09_45,17600.20,17620.40,17599.00,17618.50,0,
25_05_2026_09_50,17617.80,17619.80,17599.70,17605.60,0,
25_05_2026_09_55,17605.20,17610.10,17598.10,17603.80,0,
25_05_2026_10_00,17604.10,17610.10,17597.20,17606.20,0,
25_05_2026_10_05,17606.30,17607.60,17595.30,17607.00,0,
25_05_2026_10_10,17606.90,17616.30,17601.30,17602.90,0,
25_05_2026_10_15,17602.90,17617.90,17601.10,17613.00,0,
25_05_2026_10_20,17613.00,17621.60,17611.80,17618.50,0,
25_05_2026_10_25,17619.40,17621.20,17613.20,17614.70,0,
25_05_2026_10_30,17615.30,17626.90,17615.30,17624.80,0,
25_05_2026_10_35,17624.90,17637.60,17623.50,17636.00,0,
25_05_2026_10_40,17636.20,17638.60,17632.10,17635.80,0,
25_05_2026_10_45,17636.30,17640.50,17630.30,17633.60,0,
25_05_2026_10_50,17634.10,17640.30,17632.90,17635.00,0,
25_05_2026_10_55,17634.50,17634.90,17623.30,17629.60,0,
25_05_2026_11_00,17630.10,17632.60,17623.70,17628.30,0,
25_05_2026_11_05,17627.80,17633.80,17624.30,17629.20,0,
25_05_2026_11_10,17629.40,17631.90,17627.30,17630.10,0,
25_05_2026_11_15,17629.50,17632.70,17627.30,17630.60,0,
25_05_2026_11_20,17631.00,17637.70,17627.10,17637.70,0,
25_05_2026_11_25,17637.30,17639.10,17629.70,17631.00,0,
25_05_2026_11_30,17631.20,17635.20,17626.20,17634.70,0,
25_05_2026_11_35,17634.30,17646.20,17634.30,17645.20,0,
25_05_2026_11_40,17645.20,17646.80,17637.10,17640.60,0,
25_05_2026_11_45,17640.80,17641.10,17635.90,17638.30,0,
25_05_2026_11_50,17638.10,17646.60,17635.90,17644.30,0,
25_05_2026_11_55,17644.30,17648.90,17641.40,17643.80,0,
25_05_2026_12_00,17643.60,17643.80,17633.00,17637.30,0,
25_05_2026_12_05,17637.30,17637.50,17630.70,17632.30,0,
25_05_2026_12_10,17632.00,17635.20,17626.80,17628.40,0,
25_05_2026_12_15,17628.30,17640.20,17627.70,17638.80,0,
25_05_2026_12_20,17638.90,17640.70,17632.60,17639.60,0,
25_05_2026_12_25,17640.40,17645.40,17638.30,17641.00,0,
25_05_2026_12_30,17640.80,17640.80,17631.70,17633.10,0,
25_05_2026_12_35,17634.00,17638.10,17631.60,17636.90,0,
25_05_2026_12_40,17636.80,17637.50,17630.90,17631.80,0,
25_05_2026_12_45,17632.40,17632.40,17606.40,17607.70,0,
25_05_2026_12_50,17607.90,17607.90,17600.30,17603.70,0,
25_05_2026_12_55,17604.20,17607.00,17598.90,17605.60,0,
25_05_2026_13_00,17606.10,17611.90,17598.50,17608.40,0,
25_05_2026_13_05,17608.60,17620.00,17608.20,17615.40,0,
25_05_2026_13_10,17615.20,17617.60,17609.80,17611.30,0,
25_05_2026_13_15,17611.60,17626.90,17610.80,17625.70,0,
25_05_2026_13_20,17626.30,17627.10,17622.10,17624.10,0,
25_05_2026_13_25,17623.90,17627.60,17622.60,17627.00,0,
25_05_2026_13_30,17627.30,17627.70,17614.20,17619.80,0,
25_05_2026_13_35,17620.10,17620.20,17611.10,17615.20,0,
25_05_2026_13_40,17615.30,17616.20,17602.80,17606.70,0,
25_05_2026_13_45,17607.30,17617.80,17603.50,17617.20,0,
25_05_2026_13_50,17617.40,17622.70,17614.90,17622.10,0,
25_05_2026_13_55,17622.70,17622.70,17613.90,17615.20,0,
25_05_2026_14_00,17615.30,17620.80,17612.90,17618.80,0,
25_05_2026_14_05,17619.40,17621.60,17610.40,17613.60,0,
25_05_2026_14_10,17613.10,17617.70,17609.70,17609.70,0,
25_05_2026_14_15,17609.60,17621.60,17606.10,17613.90,0,
25_05_2026_14_20,17614.80,17621.50,17613.60,17620.60,0,
25_05_2026_14_25,17621.10,17624.70,17618.70,17620.10,0,
25_05_2026_14_30,17620.10,17623.30,17612.40,17622.60,0,
25_05_2026_14_35,17623.20,17625.50,17618.30,17624.60,0,
25_05_2026_14_40,17624.30,17625.60,17612.90,17623.70,0,
25_05_2026_14_45,17623.60,17641.20,17622.60,17629.90,0,
25_05_2026_14_50,17630.20,17637.80,17630.20,17635.90,0,
25_05_2026_14_55,17635.90,17643.50,17633.10,17638.60,0,
25_05_2026_15_00,17641.00,17642.80,17632.20,17640.70,0,
25_05_2026_15_05,17641.00,17649.20,17635.70,17645.40,0,
25_05_2026_15_10,17645.60,17650.70,17641.60,17643.20,0,
25_05_2026_15_15,17643.50,17648.70,17635.70,17641.90,0,
25_05_2026_15_20,17640.90,17658.10,17637.40,17655.30,0,
25_05_2026_15_25,17653.70,17672.30,17651.90,17667.80,0,
26_05_2026_09_15,17667.20,17697.00,17633.80,17677.00,0,
26_05_2026_09_20,17676.20,17686.20,17669.80,17680.60,0,
26_05_2026_09_25,17680.40,17688.40,17669.90,17686.20,0,
26_05_2026_09_30,17686.40,17688.20,17665.10,17665.50,0,
26_05_2026_09_35,17665.40,17688.00,17649.90,17688.00,0,
26_05_2026_09_40,17687.70,17690.80,17673.70,17683.20,0,
26_05_2026_09_45,17683.60,17684.10,17674.30,17677.80,0,
26_05_2026_09_50,17677.20,17682.30,17674.20,17676.40,0,
26_05_2026_09_55,17674.70,17678.60,17666.30,17675.90,0,
26_05_2026_10_00,17676.10,17681.60,17671.90,17676.90,0,
26_05_2026_10_05,17676.20,17679.30,17666.60,17676.20,0,
26_05_2026_10_10,17676.20,17690.20,17675.90,17688.90,0,
26_05_2026_10_15,17688.80,17694.30,17681.90,17682.10,0,
26_05_2026_10_20,17682.30,17703.30,17677.80,17702.60,0,
26_05_2026_10_25,17702.60,17706.80,17694.00,17698.10,0,
26_05_2026_10_30,17697.80,17705.10,17695.70,17700.70,0,
26_05_2026_10_35,17701.40,17717.90,17697.80,17717.10,0,
26_05_2026_10_40,17716.60,17723.20,17712.30,17715.80,0,
26_05_2026_10_45,17715.20,17717.90,17709.30,17717.20,0,
26_05_2026_10_50,17717.10,17726.60,17712.20,17723.30,0,
26_05_2026_10_55,17723.00,17733.80,17720.80,17730.30,0,
26_05_2026_11_00,17730.80,17741.90,17730.80,17736.60,0,
26_05_2026_11_05,17736.70,17738.60,17730.60,17736.40,0,
26_05_2026_11_10,17736.60,17738.50,17724.90,17726.70,0,
26_05_2026_11_15,17726.70,17734.10,17726.30,17729.80,0,
26_05_2026_11_20,17729.70,17731.80,17714.80,17715.70,0,
26_05_2026_11_25,17715.90,17724.20,17715.90,17717.60,0,
26_05_2026_11_30,17717.60,17722.40,17710.20,17721.30,0,
26_05_2026_11_35,17720.80,17731.00,17718.90,17730.40,0,
26_05_2026_11_40,17730.20,17732.80,17726.50,17728.20,0,
26_05_2026_11_45,17727.80,17731.00,17725.20,17729.20,0,
26_05_2026_11_50,17729.40,17732.70,17723.90,17726.80,0,
26_05_2026_11_55,17726.90,17733.10,17717.30,17718.60,0,
26_05_2026_12_00,17718.50,17720.40,17705.60,17720.20,0,
26_05_2026_12_05,17720.30,17727.50,17716.40,17723.80,0,
26_05_2026_12_10,17723.40,17725.80,17717.10,17717.50,0,
26_05_2026_12_15,17717.30,17725.90,17713.40,17725.70,0,
26_05_2026_12_20,17726.10,17729.10,17717.20,17718.00,0,
26_05_2026_12_25,17717.70,17717.90,17706.80,17712.60,0,
26_05_2026_12_30,17712.70,17721.60,17712.70,17718.80,0,
26_05_2026_12_35,17718.80,17720.40,17711.60,17714.60,0,
26_05_2026_12_40,17715.20,17717.20,17704.70,17709.10,0,
26_05_2026_12_45,17709.00,17709.60,17693.20,17698.90,0,
26_05_2026_12_50,17699.10,17700.50,17688.60,17696.20,0,
26_05_2026_12_55,17696.30,17699.20,17689.70,17694.50,0,
26_05_2026_13_00,17695.20,17698.30,17678.80,17679.20,0,
26_05_2026_13_05,17680.30,17687.60,17677.20,17684.80,0,
26_05_2026_13_10,17684.60,17690.80,17679.60,17679.80,0,
26_05_2026_13_15,17679.40,17688.50,17674.20,17688.10,0,
26_05_2026_13_20,17688.30,17705.00,17686.90,17695.00,0,
26_05_2026_13_25,17694.90,17698.50,17689.40,17697.40,0,
26_05_2026_13_30,17697.20,17702.80,17694.80,17697.10,0,
26_05_2026_13_35,17697.10,17703.90,17689.70,17693.10,0,
26_05_2026_13_40,17692.90,17699.20,17691.20,17692.80,0,
26_05_2026_13_45,17692.20,17697.40,17690.40,17693.10,0,
26_05_2026_13_50,17693.30,17694.70,17684.70,17694.30,0,
26_05_2026_13_55,17694.60,17694.80,17683.20,17686.40,0,
26_05_2026_14_00,17686.50,17686.90,17670.10,17672.90,0,
26_05_2026_14_05,17673.10,17685.20,17667.80,17681.80,0,
26_05_2026_14_10,17681.60,17685.90,17675.40,17685.90,0,
26_05_2026_14_15,17686.50,17690.90,17681.90,17688.50,0,
26_05_2026_14_20,17688.80,17705.90,17688.70,17702.70,0,
26_05_2026_14_25,17702.80,17708.80,17693.20,17701.70,0,
26_05_2026_14_30,17701.70,17713.60,17699.20,17710.80,0,
26_05_2026_14_35,17711.60,17715.00,17693.20,17694.40,0,
26_05_2026_14_40,17694.20,17694.70,17685.00,17685.60,0,
26_05_2026_14_45,17685.60,17696.60,17681.70,17694.60,0,
26_05_2026_14_50,17694.80,17695.70,17688.90,17691.60,0,
26_05_2026_14_55,17691.60,17715.20,17690.70,17713.70,0,
26_05_2026_15_00,17714.50,17735.50,17704.60,17721.80,0,
26_05_2026_15_05,17722.60,17743.30,17719.80,17739.80,0,
26_05_2026_15_10,17741.10,17751.00,17737.90,17750.20,0,
26_05_2026_15_15,17749.70,17752.20,17743.40,17746.60,0,
26_05_2026_15_20,17746.30,17750.20,17743.30,17749.20,0,
26_05_2026_15_25,17749.80,17764.80,17743.80,17755.70,0,
27_05_2026_09_15,17768.60,17809.60,17760.40,17804.80,0,
27_05_2026_09_20,17807.40,17824.20,17804.10,17817.10,0,
27_05_2026_09_25,17817.40,17820.00,17794.40,17795.70,0,
27_05_2026_09_30,17792.50,17803.60,17781.80,17801.90,0,
27_05_2026_09_35,17801.70,17813.10,17788.90,17789.40,0,
27_05_2026_09_40,17788.50,17802.80,17775.30,17789.00,0,
27_05_2026_09_45,17789.10,17793.60,17758.80,17789.40,0,
27_05_2026_09_50,17789.40,17798.60,17778.70,17788.00,0,
27_05_2026_09_55,17788.50,17803.60,17787.80,17792.70,0,
27_05_2026_10_00,17792.20,17811.40,17787.40,17808.40,0,
27_05_2026_10_05,17809.30,17823.80,17803.80,17815.70,0,
27_05_2026_10_10,17815.40,17821.30,17809.40,17812.70,0,
27_05_2026_10_15,17812.90,17838.30,17812.20,17835.90,0,
27_05_2026_10_20,17836.40,17843.00,17810.50,17814.60,0,
27_05_2026_10_25,17814.80,17823.40,17813.80,17821.40,0,
27_05_2026_10_30,17821.30,17823.30,17802.20,17802.20,0,
27_05_2026_10_35,17801.90,17806.20,17794.70,17797.40,0,
27_05_2026_10_40,17797.20,17804.40,17786.30,17787.20,0,
27_05_2026_10_45,17787.30,17788.80,17773.70,17788.80,0,
27_05_2026_10_50,17788.80,17795.40,17785.70,17793.50,0,
27_05_2026_10_55,17793.30,17794.90,17782.60,17791.00,0,
27_05_2026_11_00,17791.40,17792.70,17773.90,17775.30,0,
27_05_2026_11_05,17775.20,17789.80,17769.60,17777.90,0,
27_05_2026_11_10,17777.90,17778.80,17765.50,17765.70,0,
27_05_2026_11_15,17765.90,17779.10,17762.30,17775.80,0,
27_05_2026_11_20,17776.20,17783.20,17771.70,17778.90,0,
27_05_2026_11_25,17779.20,17783.80,17773.20,17783.30,0,
27_05_2026_11_30,17783.40,17789.60,17775.30,17775.60,0,
27_05_2026_11_35,17775.30,17776.20,17764.90,17767.90,0,
27_05_2026_11_40,17768.30,17783.80,17767.60,17777.60,0,
27_05_2026_11_45,17777.40,17789.30,17769.40,17770.30,0,
27_05_2026_11_50,17770.30,17771.90,17756.20,17764.60,0,
27_05_2026_11_55,17764.40,17765.80,17735.60,17744.30,0,
27_05_2026_12_00,17744.90,17754.70,17729.20,17739.20,0,
27_05_2026_12_05,17737.80,17751.20,17737.60,17749.30,0,
27_05_2026_12_10,17749.40,17750.40,17740.20,17741.90,0,
27_05_2026_12_15,17742.00,17753.70,17737.90,17753.40,0,
27_05_2026_12_20,17753.60,17754.60,17741.20,17742.10,0,
27_05_2026_12_25,17741.40,17743.90,17717.30,17717.80,0,
27_05_2026_12_30,17718.40,17721.60,17709.30,17720.80,0,
27_05_2026_12_35,17720.80,17743.00,17719.60,17740.80,0,
27_05_2026_12_40,17740.20,17750.10,17734.90,17746.60,0,
27_05_2026_12_45,17746.70,17748.70,17739.40,17745.70,0,
27_05_2026_12_50,17745.40,17747.60,17737.50,17739.40,0,
27_05_2026_12_55,17739.30,17749.50,17738.60,17740.10,0,
27_05_2026_13_00,17740.60,17743.10,17731.60,17743.10,0,
27_05_2026_13_05,17743.20,17753.60,17736.90,17737.00,0,
27_05_2026_13_10,17736.70,17741.90,17734.80,17736.30,0,
27_05_2026_13_15,17736.20,17736.20,17724.70,17726.50,0,
27_05_2026_13_20,17726.20,17742.10,17723.40,17739.40,0,
27_05_2026_13_25,17739.90,17744.40,17736.70,17739.30,0,
27_05_2026_13_30,17740.10,17754.40,17734.90,17754.20,0,
27_05_2026_13_35,17754.60,17756.10,17744.80,17746.90,0,
27_05_2026_13_40,17746.90,17752.90,17738.90,17741.20,0,
27_05_2026_13_45,17740.30,17745.70,17738.20,17742.80,0,
27_05_2026_13_50,17743.40,17759.40,17742.40,17754.30,0,
27_05_2026_13_55,17754.00,17754.70,17747.20,17752.40,0,
27_05_2026_14_00,17752.00,17765.40,17752.00,17764.70,0,
27_05_2026_14_05,17764.60,17767.30,17757.20,17763.60,0,
27_05_2026_14_10,17763.70,17763.70,17744.20,17746.30,0,
27_05_2026_14_15,17745.50,17753.10,17744.10,17751.20,0,
27_05_2026_14_20,17751.20,17763.40,17748.10,17758.50,0,
27_05_2026_14_25,17758.00,17759.00,17740.10,17743.80,0,
27_05_2026_14_30,17743.50,17745.10,17734.40,17736.40,0,
27_05_2026_14_35,17736.20,17737.00,17724.70,17732.30,0,
27_05_2026_14_40,17732.30,17737.80,17725.80,17726.90,0,
27_05_2026_14_45,17725.70,17729.30,17715.60,17724.70,0,
27_05_2026_14_50,17724.50,17733.10,17721.20,17732.20,0,
27_05_2026_14_55,17732.60,17736.70,17724.60,17724.60,0,
27_05_2026_15_00,17725.00,17734.80,17720.40,17727.50,0,
27_05_2026_15_05,17727.60,17756.20,17724.50,17755.60,0,
27_05_2026_15_10,17755.30,17758.20,17740.70,17748.30,0,
27_05_2026_15_15,17747.60,17756.40,17745.00,17753.40,0,
27_05_2026_15_20,17753.20,17772.90,17752.70,17771.00,0,
27_05_2026_15_25,17770.80,17780.80,17763.50,17767.70,0,
29_05_2026_09_15,17852.20,17859.10,17773.90,17815.60,0,
29_05_2026_09_20,17814.50,17827.70,17795.50,17801.20,0,
29_05_2026_09_25,17800.00,17803.90,17761.90,17762.60,0,
29_05_2026_09_30,17756.10,17790.40,17746.60,17754.60,0,
29_05_2026_09_35,17754.30,17788.80,17754.30,17773.90,0,
29_05_2026_09_40,17773.60,17776.70,17693.80,17697.70,0,
29_05_2026_09_45,17697.00,17743.90,17682.60,17743.10,0,
29_05_2026_09_50,17743.20,17763.80,17733.30,17733.70,0,
29_05_2026_09_55,17732.60,17732.60,17715.80,17726.60,0,
29_05_2026_10_00,17727.00,17747.10,17717.40,17737.70,0,
29_05_2026_10_05,17738.10,17761.40,17737.60,17751.30,0,
29_05_2026_10_10,17751.40,17757.30,17733.00,17738.60,0,
29_05_2026_10_15,17738.80,17742.60,17729.70,17734.40,0,
29_05_2026_10_20,17734.10,17743.90,17729.70,17736.40,0,
29_05_2026_10_25,17736.20,17744.80,17727.50,17729.20,0,
29_05_2026_10_30,17730.10,17746.90,17725.80,17744.50,0,
29_05_2026_10_35,17744.70,17749.40,17732.50,17732.50,0,
29_05_2026_10_40,17732.40,17734.60,17721.20,17722.30,0,
29_05_2026_10_45,17721.70,17721.70,17709.80,17717.90,0,
29_05_2026_10_50,17717.80,17728.40,17716.20,17722.00,0,
29_05_2026_10_55,17722.40,17733.10,17716.10,17729.90,0,
29_05_2026_11_00,17730.10,17736.60,17728.30,17734.20,0,
29_05_2026_11_05,17734.50,17736.60,17727.50,17731.60,0,
29_05_2026_11_10,17731.60,17731.80,17712.90,17718.40,0,
29_05_2026_11_15,17718.40,17736.70,17718.10,17730.00,0,
29_05_2026_11_20,17730.10,17741.70,17728.90,17737.80,0,
29_05_2026_11_25,17737.70,17741.60,17733.80,17734.60,0,
29_05_2026_11_30,17734.40,17736.30,17718.30,17719.00,0,
29_05_2026_11_35,17718.80,17728.20,17716.80,17726.70,0,
29_05_2026_11_40,17726.90,17727.30,17702.90,17712.70,0,
29_05_2026_11_45,17712.80,17721.40,17705.40,17718.20,0,
29_05_2026_11_50,17718.40,17725.90,17705.40,17720.60,0,
29_05_2026_11_55,17720.40,17720.40,17708.20,17712.10,0,
29_05_2026_12_00,17712.40,17715.30,17703.60,17706.20,0,
29_05_2026_12_05,17706.30,17707.70,17698.80,17699.00,0,
29_05_2026_12_10,17699.00,17699.00,17657.10,17664.90,0,
29_05_2026_12_15,17664.60,17676.20,17652.00,17676.20,0,
29_05_2026_12_20,17675.90,17686.40,17665.40,17685.80,0,
29_05_2026_12_25,17685.20,17694.60,17684.90,17692.30,0,
29_05_2026_12_30,17692.20,17693.40,17674.40,17674.90,0,
29_05_2026_12_35,17674.60,17680.10,17665.20,17679.20,0,
29_05_2026_12_40,17679.40,17681.70,17673.60,17678.40,0,
29_05_2026_12_45,17678.70,17680.00,17670.70,17672.20,0,
29_05_2026_12_50,17672.30,17672.60,17656.80,17657.10,0,
29_05_2026_12_55,17657.10,17657.10,17633.70,17643.60,0,
29_05_2026_13_00,17643.60,17644.30,17620.70,17622.20,0,
29_05_2026_13_05,17621.80,17621.80,17609.80,17610.40,0,
29_05_2026_13_10,17610.80,17610.80,17582.80,17582.80,0,
29_05_2026_13_15,17582.80,17608.00,17576.90,17598.80,0,
29_05_2026_13_20,17599.00,17603.30,17585.10,17593.70,0,
29_05_2026_13_25,17594.40,17601.80,17587.10,17592.10,0,
29_05_2026_13_30,17591.80,17603.80,17591.60,17595.40,0,
29_05_2026_13_35,17595.10,17596.70,17582.40,17591.20,0,
29_05_2026_13_40,17590.80,17604.40,17589.30,17597.30,0,
29_05_2026_13_45,17597.20,17602.90,17590.30,17593.60,0,
29_05_2026_13_50,17593.10,17601.40,17576.70,17578.80,0,
29_05_2026_13_55,17579.60,17610.50,17578.20,17610.50,0,
29_05_2026_14_00,17611.20,17611.20,17595.50,17596.30,0,
29_05_2026_14_05,17597.00,17600.70,17585.80,17595.80,0,
29_05_2026_14_10,17596.30,17598.60,17590.80,17594.70,0,
29_05_2026_14_15,17595.30,17604.30,17587.30,17588.50,0,
29_05_2026_14_20,17589.20,17604.20,17586.60,17601.10,0,
29_05_2026_14_25,17602.00,17609.40,17594.30,17607.90,0,
29_05_2026_14_30,17608.40,17639.10,17607.30,17633.90,0,
29_05_2026_14_35,17634.20,17636.90,17617.30,17624.80,0,
29_05_2026_14_40,17624.70,17638.60,17617.30,17626.30,0,
29_05_2026_14_45,17627.70,17638.20,17625.90,17632.90,0,
29_05_2026_14_50,17633.30,17637.10,17619.50,17626.00,0,
29_05_2026_14_55,17626.70,17633.80,17600.90,17620.60,0,
29_05_2026_15_00,17620.80,17620.80,17484.50,17488.20,0,
29_05_2026_15_05,17487.50,17494.30,17457.70,17468.40,0,
29_05_2026_15_10,17469.90,17479.10,17456.20,17479.10,0,
29_05_2026_15_15,17478.60,17501.20,17478.10,17499.40,0,
29_05_2026_15_20,17500.80,17502.40,17454.80,17460.00,0,
29_05_2026_15_25,17458.30,17546.00,17448.70,17530.20,0,
01_06_2026_09_15,17559.50,17583.80,17511.10,17521.00,0,
01_06_2026_09_20,17522.60,17525.20,17469.20,17480.90,0,
01_06_2026_09_25,17481.20,17489.10,17447.70,17448.60,0,
01_06_2026_09_30,17448.40,17455.70,17420.70,17421.40,0,
01_06_2026_09_35,17421.00,17421.00,17358.40,17397.80,0,
01_06_2026_09_40,17398.20,17432.20,17398.20,17403.40,0,
01_06_2026_09_45,17403.70,17435.60,17390.90,17401.50,0,
01_06_2026_09_50,17402.60,17420.90,17356.20,17380.40,0,
01_06_2026_09_55,17379.80,17391.40,17365.70,17379.10,0,
01_06_2026_10_00,17378.60,17384.90,17334.20,17334.40,0,
01_06_2026_10_05,17334.10,17360.20,17325.80,17358.50,0,
01_06_2026_10_10,17358.70,17374.90,17353.20,17356.10,0,
01_06_2026_10_15,17356.20,17360.50,17345.60,17350.70,0,
01_06_2026_10_20,17350.80,17364.20,17344.20,17354.90,0,
01_06_2026_10_25,17354.80,17369.10,17336.60,17339.10,0,
01_06_2026_10_30,17338.80,17349.90,17331.30,17343.20,0,
01_06_2026_10_35,17342.40,17367.20,17335.80,17355.40,0,
01_06_2026_10_40,17355.00,17387.60,17349.60,17380.60,0,
01_06_2026_10_45,17380.40,17435.70,17380.40,17427.80,0,
01_06_2026_10_50,17426.80,17458.90,17424.70,17458.70,0,
01_06_2026_10_55,17458.20,17470.50,17441.20,17441.40,0,
01_06_2026_11_00,17441.40,17467.20,17441.40,17467.10,0,
01_06_2026_11_05,17467.60,17480.30,17465.80,17480.30,0,
01_06_2026_11_10,17481.10,17486.40,17476.20,17479.60,0,
01_06_2026_11_15,17480.60,17493.30,17479.30,17489.60,0,
01_06_2026_11_20,17488.60,17489.20,17453.40,17453.40,0,
01_06_2026_11_25,17453.80,17455.90,17415.10,17417.40,0,
01_06_2026_11_30,17417.90,17420.50,17399.10,17408.80,0,
01_06_2026_11_35,17408.80,17419.60,17406.10,17415.20,0,
01_06_2026_11_40,17414.40,17415.10,17394.30,17395.90,0,
01_06_2026_11_45,17396.30,17404.70,17381.90,17401.80,0,
01_06_2026_11_50,17401.80,17414.80,17397.50,17413.10,0,
01_06_2026_11_55,17412.50,17412.80,17359.80,17360.40,0,
01_06_2026_12_00,17360.50,17363.00,17351.80,17360.80,0,
01_06_2026_12_05,17360.10,17378.20,17360.10,17370.70,0,
01_06_2026_12_10,17370.60,17388.60,17365.20,17386.20,0,
01_06_2026_12_15,17385.80,17387.60,17373.70,17379.70,0,
01_06_2026_12_20,17379.70,17380.10,17363.90,17376.70,0,
01_06_2026_12_25,17376.90,17380.60,17363.90,17367.70,0,
01_06_2026_12_30,17367.40,17372.10,17358.60,17361.80,0,
01_06_2026_12_35,17361.80,17372.80,17360.60,17366.80,0,
01_06_2026_12_40,17367.10,17373.80,17354.20,17373.70,0,
01_06_2026_12_45,17374.10,17389.80,17367.90,17384.70,0,
01_06_2026_12_50,17384.20,17388.10,17379.90,17387.20,0,
01_06_2026_12_55,17387.10,17388.10,17369.30,17378.90,0,
01_06_2026_13_00,17378.90,17386.90,17365.80,17369.90,0,
01_06_2026_13_05,17369.70,17371.70,17341.30,17342.20,0,
01_06_2026_13_10,17343.00,17343.00,17314.30,17316.90,0,
01_06_2026_13_15,17316.80,17337.10,17316.40,17335.30,0,
01_06_2026_13_20,17335.40,17338.60,17322.80,17323.40,0,
01_06_2026_13_25,17323.90,17339.10,17320.00,17338.70,0,
01_06_2026_13_30,17339.50,17344.80,17328.70,17333.30,0,
01_06_2026_13_35,17333.50,17340.70,17322.30,17335.30,0,
01_06_2026_13_40,17335.30,17340.00,17326.20,17326.20,0,
01_06_2026_13_45,17326.40,17328.80,17316.90,17317.70,0,
01_06_2026_13_50,17317.40,17324.20,17312.90,17314.40,0,
01_06_2026_13_55,17314.50,17324.80,17311.40,17316.50,0,
01_06_2026_14_00,17316.80,17320.30,17290.70,17303.70,0,
01_06_2026_14_05,17303.70,17306.70,17292.60,17296.70,0,
01_06_2026_14_10,17296.60,17302.30,17283.80,17286.80,0,
01_06_2026_14_15,17286.70,17312.10,17277.80,17310.50,0,
01_06_2026_14_20,17308.80,17308.80,17285.80,17285.80,0,
01_06_2026_14_25,17286.30,17302.10,17285.90,17292.70,0,
01_06_2026_14_30,17292.60,17309.10,17283.80,17299.80,0,
01_06_2026_14_35,17299.70,17331.60,17299.60,17331.10,0,
01_06_2026_14_40,17331.20,17335.80,17321.80,17329.40,0,
01_06_2026_14_45,17329.10,17357.40,17319.00,17328.40,0,
01_06_2026_14_50,17329.10,17330.20,17298.40,17307.30,0,
01_06_2026_14_55,17307.10,17308.20,17281.40,17284.10,0,
01_06_2026_15_00,17284.30,17291.20,17259.80,17289.30,0,
01_06_2026_15_05,17290.30,17304.70,17272.70,17296.30,0,
01_06_2026_15_10,17297.80,17307.80,17283.80,17284.30,0,
01_06_2026_15_15,17284.60,17309.60,17276.30,17276.30,0,
01_06_2026_15_20,17275.70,17279.90,17253.10,17258.10,0,
01_06_2026_15_25,17256.90,17274.10,17255.80,17270.40,0,
02_06_2026_09_15,17173.30,17194.20,17088.20,17159.70,0,
02_06_2026_09_20,17159.40,17191.20,17147.10,17178.10,0,
02_06_2026_09_25,17176.10,17178.10,17149.80,17163.50,0,
02_06_2026_09_30,17164.20,17166.80,17119.80,17134.70,0,
02_06_2026_09_35,17134.60,17211.90,17128.20,17195.70,0,
02_06_2026_09_40,17195.80,17216.40,17181.60,17186.80,0,
02_06_2026_09_45,17187.10,17191.30,17156.00,17169.30,0,
02_06_2026_09_50,17168.90,17221.70,17163.30,17216.40,0,
02_06_2026_09_55,17216.10,17236.20,17212.20,17229.70,0,
02_06_2026_10_00,17230.20,17246.60,17221.60,17245.50,0,
02_06_2026_10_05,17244.90,17251.70,17215.30,17223.30,0,
02_06_2026_10_10,17223.40,17223.60,17184.80,17185.30,0,
02_06_2026_10_15,17185.10,17198.10,17160.80,17195.70,0,
02_06_2026_10_20,17195.80,17230.70,17193.70,17229.80,0,
02_06_2026_10_25,17229.20,17247.20,17226.20,17240.30,0,
02_06_2026_10_30,17240.40,17247.70,17208.10,17210.60,0,
02_06_2026_10_35,17210.20,17216.20,17205.30,17211.10,0,
02_06_2026_10_40,17210.80,17234.10,17207.20,17228.40,0,
02_06_2026_10_45,17228.10,17228.10,17197.80,17199.60,0,
02_06_2026_10_50,17199.40,17203.40,17156.30,17159.20,0,
02_06_2026_10_55,17159.10,17159.20,17131.30,17143.40,0,
02_06_2026_11_00,17143.90,17163.60,17143.80,17162.80,0,
02_06_2026_11_05,17164.40,17169.80,17155.10,17158.90,0,
02_06_2026_11_10,17159.10,17186.20,17157.70,17176.90,0,
02_06_2026_11_15,17177.20,17202.20,17174.90,17202.20,0,
02_06_2026_11_20,17202.10,17222.00,17201.30,17220.50,0,
02_06_2026_11_25,17219.90,17221.40,17190.10,17202.30,0,
02_06_2026_11_30,17202.40,17203.20,17184.30,17189.50,0,
02_06_2026_11_35,17189.80,17190.80,17160.20,17161.90,0,
02_06_2026_11_40,17162.20,17172.80,17161.20,17162.30,0,
02_06_2026_11_45,17163.20,17167.80,17143.10,17155.20,0,
02_06_2026_11_50,17155.70,17160.90,17151.10,17151.20,0,
02_06_2026_11_55,17151.20,17160.20,17131.30,17133.30,0,
02_06_2026_12_00,17132.30,17137.20,17119.60,17119.80,0,
02_06_2026_12_05,17119.60,17119.80,17102.80,17116.80,0,
02_06_2026_12_10,17116.50,17121.40,17095.20,17095.60,0,
02_06_2026_12_15,17096.20,17114.80,17096.20,17103.10,0,
02_06_2026_12_20,17102.70,17103.80,17094.90,17096.40,0,
02_06_2026_12_25,17096.30,17101.80,17088.80,17092.00,0,
02_06_2026_12_30,17091.90,17126.20,17088.20,17115.30,0,
02_06_2026_12_35,17115.80,17120.80,17110.10,17111.20,0,
02_06_2026_12_40,17112.10,17155.90,17110.80,17155.40,0,
02_06_2026_12_45,17155.20,17203.50,17155.20,17197.60,0,
02_06_2026_12_50,17197.90,17228.30,17197.90,17213.90,0,
02_06_2026_12_55,17214.20,17240.80,17211.80,17235.80,0,
02_06_2026_13_00,17235.60,17240.10,17214.90,17223.10,0,
02_06_2026_13_05,17223.80,17236.60,17223.30,17232.10,0,
02_06_2026_13_10,17231.80,17247.20,17222.40,17227.10,0,
02_06_2026_13_15,17226.50,17242.70,17226.30,17233.80,0,
02_06_2026_13_20,17233.30,17263.50,17228.60,17262.80,0,
02_06_2026_13_25,17263.40,17271.50,17257.50,17271.30,0,
02_06_2026_13_30,17271.30,17293.00,17271.30,17289.30,0,
02_06_2026_13_35,17290.20,17290.30,17269.60,17275.70,0,
02_06_2026_13_40,17275.40,17283.80,17266.80,17272.60,0,
02_06_2026_13_45,17272.20,17292.40,17270.00,17289.80,0,
02_06_2026_13_50,17289.80,17300.40,17284.60,17295.50,0,
02_06_2026_13_55,17295.50,17300.60,17287.10,17291.80,0,
02_06_2026_14_00,17291.70,17304.60,17290.80,17304.40,0,
02_06_2026_14_05,17304.30,17318.70,17304.30,17316.80,0,
02_06_2026_14_10,17317.10,17317.10,17296.40,17303.20,0,
02_06_2026_14_15,17303.60,17312.90,17278.80,17279.50,0,
02_06_2026_14_20,17279.40,17304.30,17279.30,17288.30,0,
02_06_2026_14_25,17288.60,17299.20,17278.70,17291.70,0,
02_06_2026_14_30,17292.10,17300.20,17288.30,17295.80,0,
02_06_2026_14_35,17296.10,17296.20,17256.10,17256.80,0,
02_06_2026_14_40,17256.90,17256.90,17227.60,17237.30,0,
02_06_2026_14_45,17237.30,17258.20,17224.10,17258.10,0,
02_06_2026_14_50,17259.80,17272.50,17256.50,17271.00,0,
02_06_2026_14_55,17270.40,17278.10,17257.70,17257.70,0,
02_06_2026_15_00,17258.60,17290.20,17232.00,17282.80,0,
02_06_2026_15_05,17282.80,17300.40,17280.70,17293.30,0,
02_06_2026_15_10,17292.90,17297.30,17286.70,17289.20,0,
02_06_2026_15_15,17288.80,17306.80,17288.30,17300.40,0,
02_06_2026_15_20,17299.40,17302.60,17288.90,17291.70,0,
02_06_2026_15_25,17291.70,17299.40,17284.00,17299.30,0,
03_06_2026_09_15,17271.30,17280.20,17144.90,17153.90,0,
03_06_2026_09_20,17153.80,17155.80,17134.20,17153.00,0,
03_06_2026_09_25,17154.10,17154.70,17113.70,17123.70,0,
03_06_2026_09_30,17123.80,17135.80,17092.70,17093.10,0,
03_06_2026_09_35,17093.20,17131.10,17082.40,17128.60,0,
03_06_2026_09_40,17128.20,17128.30,17104.30,17119.60,0,
03_06_2026_09_45,17120.10,17145.40,17106.70,17133.70,0,
03_06_2026_09_50,17133.20,17150.80,17093.80,17093.80,0,
03_06_2026_09_55,17094.00,17099.20,17059.70,17080.10,0,
03_06_2026_10_00,17080.30,17114.20,17073.40,17114.20,0,
03_06_2026_10_05,17115.00,17126.30,17109.20,17111.90,0,
03_06_2026_10_10,17111.90,17111.90,17079.60,17086.20,0,
03_06_2026_10_15,17085.80,17108.40,17076.20,17100.90,0,
03_06_2026_10_20,17101.00,17121.80,17097.90,17098.20,0,
03_06_2026_10_25,17098.20,17105.80,17077.30,17078.30,0,
03_06_2026_10_30,17078.20,17087.80,17046.80,17052.20,0,
03_06_2026_10_35,17052.00,17070.60,17048.10,17062.30,0,
03_06_2026_10_40,17062.70,17070.20,17058.80,17060.70,0,
03_06_2026_10_45,17060.90,17065.60,17051.90,17063.20,0,
03_06_2026_10_50,17063.30,17066.50,17045.20,17059.10,0,
03_06_2026_10_55,17058.70,17059.30,17040.20,17051.70,0,
03_06_2026_11_00,17052.10,17060.70,17034.80,17035.10,0,
03_06_2026_11_05,17033.90,17034.20,17015.00,17018.10,0,
03_06_2026_11_10,17018.20,17030.70,17012.80,17020.20,0,
03_06_2026_11_15,17020.20,17042.80,17014.80,17034.90,0,
03_06_2026_11_20,17035.20,17062.80,17032.50,17050.60,0,
03_06_2026_11_25,17050.00,17061.80,17044.50,17052.60,0,
03_06_2026_11_30,17052.80,17059.40,17041.30,17048.20,0,
03_06_2026_11_35,17047.90,17050.00,17027.40,17034.70,0,
03_06_2026_11_40,17034.80,17038.50,17023.90,17028.80,0,
03_06_2026_11_45,17028.90,17039.00,17028.70,17036.60,0,
03_06_2026_11_50,17036.80,17042.60,17026.70,17030.80,0,
03_06_2026_11_55,17030.30,17032.60,17010.60,17011.30,0,
03_06_2026_12_00,17010.50,17014.40,16975.10,16981.80,0,
03_06_2026_12_05,16981.70,16994.20,16980.70,16993.20,0,
03_06_2026_12_10,16993.60,16995.90,16982.90,16987.10,0,
03_06_2026_12_15,16987.20,16990.40,16978.40,16989.50,0,
03_06_2026_12_20,16989.80,17006.60,16988.40,16994.10,0,
03_06_2026_12_25,16994.30,17034.20,16991.80,17034.20,0,
03_06_2026_12_30,17034.50,17073.80,17034.50,17072.40,0,
03_06_2026_12_35,17073.20,17112.10,17071.30,17107.10,0,
03_06_2026_12_40,17107.40,17134.30,17107.20,17114.60,0,
03_06_2026_12_45,17113.90,17121.20,17087.90,17092.20,0,
03_06_2026_12_50,17092.70,17097.80,17076.20,17076.60,0,
03_06_2026_12_55,17076.50,17090.30,17074.40,17080.30,0,
03_06_2026_13_00,17080.70,17091.60,17078.40,17081.10,0,
03_06_2026_13_05,17081.40,17086.20,17074.20,17077.70,0,
03_06_2026_13_10,17078.20,17084.20,17070.60,17084.20,0,
03_06_2026_13_15,17090.00,17107.30,17090.00,17093.60,0,
03_06_2026_13_20,17096.20,17118.30,17095.80,17111.80,0,
03_06_2026_13_25,17112.00,17119.90,17106.60,17111.00,0,
03_06_2026_13_30,17111.70,17115.20,17090.20,17107.10,0,
03_06_2026_13_35,17106.80,17107.70,17092.80,17095.70,0,
03_06_2026_13_40,17095.30,17116.90,17095.30,17101.20,0,
03_06_2026_13_45,17101.70,17153.20,17100.00,17142.80,0,
03_06_2026_13_50,17142.70,17151.10,17124.60,17136.60,0,
03_06_2026_13_55,17135.70,17136.20,17124.90,17136.10,0,
03_06_2026_14_00,17136.90,17158.90,17136.80,17158.30,0,
03_06_2026_14_05,17158.20,17162.40,17143.10,17147.80,0,
03_06_2026_14_10,17147.90,17147.90,17129.50,17145.90,0,
03_06_2026_14_15,17146.10,17177.30,17146.10,17175.20,0,
03_06_2026_14_20,17176.10,17201.10,17170.20,17194.70,0,
03_06_2026_14_25,17194.90,17200.10,17182.60,17198.30,0,
03_06_2026_14_30,17197.30,17208.90,17195.80,17206.80,0,
03_06_2026_14_35,17205.90,17207.20,17187.20,17203.80,0,
03_06_2026_14_40,17202.80,17225.30,17202.80,17216.90,0,
03_06_2026_14_45,17215.80,17224.20,17209.70,17222.30,0,
03_06_2026_14_50,17221.10,17239.20,17217.80,17230.30,0,
03_06_2026_14_55,17229.10,17230.70,17212.80,17219.60,0,
03_06_2026_15_00,17223.90,17237.80,17180.00,17210.80,0,
03_06_2026_15_05,17212.70,17231.60,17190.60,17192.40,0,
03_06_2026_15_10,17193.40,17197.20,17157.20,17178.70,0,
03_06_2026_15_15,17180.80,17187.30,17175.30,17179.20,0,
03_06_2026_15_20,17180.30,17189.80,17179.40,17182.80,0,
03_06_2026_15_25,17182.30,17193.70,17178.90,17187.70,0,
04_06_2026_09_15,17147.90,17204.50,17080.70,17199.90,0,
04_06_2026_09_20,17198.80,17228.40,17188.60,17214.10,0,
04_06_2026_09_25,17213.20,17224.90,17194.90,17209.10,0,
04_06_2026_09_30,17207.60,17217.10,17188.70,17214.10,0,
04_06_2026_09_35,17213.80,17250.90,17197.70,17197.80,0,
04_06_2026_09_40,17197.50,17217.90,17176.80,17213.10,0,
04_06_2026_09_45,17213.00,17253.30,17213.00,17252.80,0,
04_06_2026_09_50,17252.70,17273.30,17242.20,17271.80,0,
04_06_2026_09_55,17270.20,17291.60,17268.10,17285.20,0,
04_06_2026_10_00,17284.40,17305.80,17276.90,17294.60,0,
04_06_2026_10_05,17295.20,17314.10,17294.00,17313.20,0,
04_06_2026_10_10,17311.90,17323.40,17311.40,17315.60,0,
04_06_2026_10_15,17315.80,17334.70,17307.10,17333.80,0,
04_06_2026_10_20,17334.20,17342.20,17326.20,17341.20,0,
04_06_2026_10_25,17341.80,17343.60,17306.20,17306.20,0,
04_06_2026_10_30,17306.30,17306.40,17274.90,17275.70,0,
04_06_2026_10_35,17275.20,17285.10,17263.80,17269.50,0,
04_06_2026_10_40,17269.70,17293.90,17266.20,17293.80,0,
04_06_2026_10_45,17293.90,17309.50,17293.70,17298.80,0,
04_06_2026_10_50,17298.70,17313.80,17295.60,17313.00,0,
04_06_2026_10_55,17312.90,17327.40,17312.70,17317.90,0,
04_06_2026_11_00,17317.50,17318.30,17276.70,17281.80,0,
04_06_2026_11_05,17281.30,17295.00,17270.90,17291.10,0,
04_06_2026_11_10,17290.40,17302.00,17289.50,17300.30,0,
04_06_2026_11_15,17299.80,17312.10,17297.20,17305.30,0,
04_06_2026_11_20,17305.00,17320.60,17304.50,17315.80,0,
04_06_2026_11_25,17315.90,17326.40,17305.40,17317.60,0,
04_06_2026_11_30,17316.80,17316.80,17285.80,17308.80,0,
04_06_2026_11_35,17308.20,17336.10,17305.60,17333.80,0,
04_06_2026_11_40,17334.20,17342.20,17324.60,17331.20,0,
04_06_2026_11_45,17331.00,17339.30,17328.90,17338.70,0,
04_06_2026_11_50,17338.70,17342.20,17320.60,17323.80,0,
04_06_2026_11_55,17324.30,17341.60,17320.30,17341.20,0,
04_06_2026_12_00,17340.70,17353.30,17329.00,17347.40,0,
04_06_2026_12_05,17347.60,17350.30,17344.50,17347.70,0,
04_06_2026_12_10,17347.70,17349.30,17334.20,17343.60,0,
04_06_2026_12_15,17344.10,17344.80,17328.20,17335.40,0,
04_06_2026_12_20,17336.20,17341.80,17330.20,17336.90,0,
04_06_2026_12_25,17336.30,17344.80,17333.80,17344.80,0,
04_06_2026_12_30,17343.90,17345.30,17333.00,17333.20,0,
04_06_2026_12_35,17333.10,17342.70,17328.40,17342.70,0,
04_06_2026_12_40,17342.20,17348.80,17337.90,17343.40,0,
04_06_2026_12_45,17343.20,17352.90,17336.30,17352.90,0,
04_06_2026_12_50,17352.30,17353.90,17347.80,17348.30,0,
04_06_2026_12_55,17348.30,17358.80,17347.90,17358.20,0,
04_06_2026_13_00,17358.20,17362.60,17354.20,17357.80,0,
04_06_2026_13_05,17356.80,17357.10,17340.80,17355.40,0,
04_06_2026_13_10,17355.10,17355.10,17294.50,17296.20,0,
04_06_2026_13_15,17295.40,17315.50,17284.90,17315.50,0,
04_06_2026_13_20,17315.20,17327.60,17309.40,17322.80,0,
04_06_2026_13_25,17321.80,17325.80,17311.40,17317.20,0,
04_06_2026_13_30,17317.20,17317.80,17301.30,17317.60,0,
04_06_2026_13_35,17317.70,17323.90,17315.30,17322.20,0,
04_06_2026_13_40,17322.60,17324.20,17301.50,17316.60,0,
04_06_2026_13_45,17316.70,17323.90,17313.60,17318.50,0,
04_06_2026_13_50,17318.70,17319.90,17305.30,17317.30,0,
04_06_2026_13_55,17316.80,17317.20,17299.60,17309.40,0,
04_06_2026_14_00,17309.30,17331.10,17308.90,17313.90,0,
04_06_2026_14_05,17313.50,17319.50,17309.60,17319.50,0,
04_06_2026_14_10,17319.80,17323.70,17305.10,17305.80,0,
04_06_2026_14_15,17305.70,17312.30,17300.40,17301.50,0,
04_06_2026_14_20,17301.30,17301.70,17281.20,17285.70,0,
04_06_2026_14_25,17284.80,17295.40,17284.60,17288.80,0,
04_06_2026_14_30,17288.80,17304.70,17284.80,17298.20,0,
04_06_2026_14_35,17298.50,17318.70,17297.20,17316.10,0,
04_06_2026_14_40,17315.70,17317.20,17301.20,17307.20,0,
04_06_2026_14_45,17306.90,17322.30,17296.50,17299.90,0,
04_06_2026_14_50,17299.80,17306.80,17280.20,17281.90,0,
04_06_2026_14_55,17281.80,17296.70,17281.80,17289.20,0,
04_06_2026_15_00,17289.40,17291.30,17252.60,17252.60,0,
04_06_2026_15_05,17252.30,17265.60,17248.60,17255.80,0,
04_06_2026_15_10,17255.70,17264.80,17254.80,17256.80,0,
04_06_2026_15_15,17257.80,17270.20,17255.10,17267.80,0,
04_06_2026_15_20,17267.30,17280.90,17259.10,17275.90,0,
04_06_2026_15_25,17276.10,17284.60,17267.40,17270.60,0,
05_06_2026_09_15,17328.90,17361.60,17311.20,17341.80,0,
05_06_2026_09_20,17340.80,17362.90,17340.70,17355.00,0,
05_06_2026_09_25,17355.00,17358.80,17337.40,17353.20,0,
05_06_2026_09_30,17353.30,17373.90,17338.70,17351.30,0,
05_06_2026_09_35,17352.40,17372.30,17343.20,17352.50,0,
05_06_2026_09_40,17352.40,17355.70,17325.60,17342.30,0,
05_06_2026_09_45,17342.50,17343.40,17303.90,17306.50,0,
05_06_2026_09_50,17305.30,17311.70,17290.60,17298.20,0,
05_06_2026_09_55,17298.30,17308.10,17296.90,17298.90,0,
05_06_2026_10_00,17298.80,17336.50,17284.00,17335.20,0,
05_06_2026_10_05,17334.70,17363.80,17310.10,17360.00,0,
05_06_2026_10_10,17360.10,17373.20,17343.10,17343.20,0,
05_06_2026_10_15,17343.20,17358.00,17335.70,17350.50,0,
05_06_2026_10_20,17351.30,17353.80,17339.00,17353.30,0,
05_06_2026_10_25,17353.20,17361.30,17336.50,17340.30,0,
05_06_2026_10_30,17340.10,17349.90,17322.90,17322.90,0,
05_06_2026_10_35,17322.70,17323.30,17271.50,17277.90,0,
05_06_2026_10_40,17278.80,17283.30,17262.70,17272.70,0,
05_06_2026_10_45,17273.00,17282.20,17246.50,17281.60,0,
05_06_2026_10_50,17282.20,17317.20,17282.20,17312.70,0,
05_06_2026_10_55,17313.20,17338.10,17310.10,17338.10,0,
05_06_2026_11_00,17338.10,17363.60,17337.60,17362.60,0,
05_06_2026_11_05,17362.60,17382.10,17362.60,17377.00,0,
05_06_2026_11_10,17377.10,17379.90,17349.60,17351.50,0,
05_06_2026_11_15,17351.80,17361.30,17341.60,17347.90,0,
05_06_2026_11_20,17346.90,17347.70,17311.90,17325.60,0,
05_06_2026_11_25,17324.80,17341.90,17319.10,17340.90,0,
05_06_2026_11_30,17340.70,17355.10,17339.50,17343.30,0,
05_06_2026_11_35,17342.40,17343.90,17318.40,17329.20,0,
05_06_2026_11_40,17328.70,17343.80,17327.00,17328.80,0,
05_06_2026_11_45,17328.80,17341.80,17327.00,17335.30,0,
05_06_2026_11_50,17334.80,17335.30,17318.30,17318.30,0,
05_06_2026_11_55,17320.00,17324.90,17307.90,17307.90,0,
05_06_2026_12_00,17308.10,17333.90,17308.10,17330.70,0,
05_06_2026_12_05,17330.80,17336.50,17327.80,17329.40,0,
05_06_2026_12_10,17329.20,17340.30,17316.30,17340.00,0,
05_06_2026_12_15,17339.80,17350.40,17335.30,17342.10,0,
05_06_2026_12_20,17341.60,17347.80,17340.30,17346.90,0,
05_06_2026_12_25,17346.60,17355.20,17335.70,17336.80,0,
05_06_2026_12_30,17337.40,17341.00,17312.00,17318.70,0,
05_06_2026_12_35,17318.20,17324.30,17302.70,17311.30,0,
05_06_2026_12_40,17310.80,17312.50,17287.00,17292.70,0,
05_06_2026_12_45,17291.90,17297.20,17275.20,17275.20,0,
05_06_2026_12_50,17275.10,17275.10,17240.80,17251.60,0,
05_06_2026_12_55,17251.60,17258.30,17247.20,17247.50,0,
05_06_2026_13_00,17247.70,17247.70,17221.00,17229.60,0,
05_06_2026_13_05,17230.00,17232.80,17186.40,17195.20,0,
05_06_2026_13_10,17194.40,17195.90,17160.80,17161.10,0,
05_06_2026_13_15,17160.10,17204.60,17150.20,17195.10,0,
05_06_2026_13_20,17194.70,17196.80,17156.00,17163.80,0,
05_06_2026_13_25,17163.70,17184.30,17156.30,17170.70,0,
05_06_2026_13_30,17168.90,17181.80,17153.20,17172.60,0,
05_06_2026_13_35,17172.90,17177.30,17164.40,17167.60,0,
05_06_2026_13_40,17167.20,17168.50,17129.00,17143.90,0,
05_06_2026_13_45,17143.90,17161.90,17138.80,17156.80,0,
05_06_2026_13_50,17155.50,17161.20,17149.30,17154.20,0,
05_06_2026_13_55,17153.30,17163.80,17150.70,17163.40,0,
05_06_2026_14_00,17165.80,17178.40,17159.10,17168.10,0,
05_06_2026_14_05,17167.80,17179.90,17163.20,17163.70,0,
05_06_2026_14_10,17162.90,17172.10,17158.90,17163.00,0,
05_06_2026_14_15,17162.10,17172.00,17155.00,17172.00,0,
05_06_2026_14_20,17170.40,17188.60,17166.40,17187.40,0,
05_06_2026_14_25,17185.90,17216.90,17185.90,17212.90,0,
05_06_2026_14_30,17212.30,17220.70,17198.10,17199.90,0,
05_06_2026_14_35,17199.40,17199.80,17174.70,17191.70,0,
05_06_2026_14_40,17192.00,17250.90,17187.30,17246.60,0,
05_06_2026_14_45,17246.20,17258.30,17201.10,17210.20,0,
05_06_2026_14_50,17210.20,17226.70,17209.80,17224.80,0,
05_06_2026_14_55,17224.90,17236.80,17209.20,17212.80,0,
05_06_2026_15_00,17214.80,17218.20,17178.30,17197.40,0,
05_06_2026_15_05,17197.50,17205.40,17188.70,17203.30,0,
05_06_2026_15_10,17203.30,17211.20,17195.40,17205.20,0,
05_06_2026_15_15,17205.20,17218.80,17205.20,17207.90,0,
05_06_2026_15_20,17207.80,17209.40,17184.50,17188.30,0,
05_06_2026_15_25,17187.80,17199.20,17187.20,17189.40,0,
08_06_2026_09_15,16978.90,17091.90,16936.60,17091.70,0,
08_06_2026_09_20,17093.30,17094.40,17067.40,17081.10,0,
08_06_2026_09_25,17080.20,17121.70,17057.80,17118.50,0,
08_06_2026_09_30,17118.30,17128.20,17099.80,17117.00,0,
08_06_2026_09_35,17117.10,17117.60,17066.00,17084.60,0,
08_06_2026_09_40,17084.80,17114.20,17084.80,17114.20,0,
08_06_2026_09_45,17115.60,17143.80,17080.80,17081.40,0,
08_06_2026_09_50,17080.50,17122.70,17073.10,17122.10,0,
08_06_2026_09_55,17121.40,17155.20,17116.90,17155.10,0,
08_06_2026_10_00,17154.80,17155.70,17115.80,17115.80,0,
08_06_2026_10_05,17114.20,17139.80,17098.20,17131.20,0,
08_06_2026_10_10,17131.00,17133.60,17115.10,17115.10,0,
08_06_2026_10_15,17115.50,17121.20,17108.20,17121.00,0,
08_06_2026_10_20,17120.80,17140.10,17111.80,17135.20,0,
08_06_2026_10_25,17134.40,17139.00,17111.20,17128.20,0,
08_06_2026_10_30,17127.70,17166.20,17123.80,17164.10,0,
08_06_2026_10_35,17164.20,17178.70,17160.10,17177.90,0,
08_06_2026_10_40,17177.90,17189.10,17166.50,17166.50,0,
08_06_2026_10_45,17166.20,17172.60,17157.60,17169.80,0,
08_06_2026_10_50,17169.60,17180.10,17164.40,17165.20,0,
08_06_2026_10_55,17164.80,17182.10,17156.30,17178.80,0,
08_06_2026_11_00,17180.60,17183.60,17175.80,17177.10,0,
08_06_2026_11_05,17177.00,17178.30,17161.80,17171.90,0,
08_06_2026_11_10,17171.80,17173.90,17158.90,17163.50,0,
08_06_2026_11_15,17163.30,17173.40,17160.00,17163.20,0,
08_06_2026_11_20,17162.90,17165.20,17149.90,17151.80,0,
08_06_2026_11_25,17151.10,17163.40,17149.80,17157.60,0,
08_06_2026_11_30,17158.30,17164.30,17156.10,17160.70,0,
08_06_2026_11_35,17160.80,17173.60,17157.10,17172.30,0,
08_06_2026_11_40,17171.80,17178.30,17168.80,17176.20,0,
08_06_2026_11_45,17176.10,17180.90,17171.80,17177.90,0,
08_06_2026_11_50,17178.30,17178.30,17168.90,17174.80,0,
08_06_2026_11_55,17174.80,17177.60,17163.70,17168.80,0,
08_06_2026_12_00,17168.40,17176.60,17165.40,17172.40,0,
08_06_2026_12_05,17172.00,17177.30,17165.30,17170.10,0,
08_06_2026_12_10,17170.20,17186.10,17170.10,17175.80,0,
08_06_2026_12_15,17175.30,17177.40,17168.40,17172.40,0,
08_06_2026_12_20,17171.60,17183.20,17170.50,17177.80,0,
08_06_2026_12_25,17177.40,17184.50,17172.90,17181.90,0,
08_06_2026_12_30,17181.90,17184.40,17175.80,17183.10,0,
08_06_2026_12_35,17183.00,17191.70,17178.70,17179.70,0,
08_06_2026_12_40,17179.70,17195.90,17179.20,17193.80,0,
08_06_2026_12_45,17193.60,17198.10,17189.90,17197.30,0,
08_06_2026_12_50,17197.10,17208.40,17195.90,17202.30,0,
08_06_2026_12_55,17202.20,17206.70,17197.40,17199.20,0,
08_06_2026_13_00,17198.60,17203.70,17191.30,17192.20,0,
08_06_2026_13_05,17191.90,17198.40,17182.60,17183.90,0,
08_06_2026_13_10,17184.20,17184.20,17174.80,17175.90,0,
08_06_2026_13_15,17180.10,17183.80,17170.30,17171.40,0,
08_06_2026_13_20,17171.30,17174.20,17166.90,17169.40,0,
08_06_2026_13_25,17169.20,17170.20,17153.70,17160.10,0,
08_06_2026_13_30,17158.70,17163.60,17146.30,17147.20,0,
08_06_2026_13_35,17147.80,17149.90,17138.20,17144.00,0,
08_06_2026_13_40,17143.80,17144.40,17121.20,17121.20,0,
08_06_2026_13_45,17121.20,17128.70,17108.00,17125.90,0,
08_06_2026_13_50,17125.80,17130.30,17117.40,17120.90,0,
08_06_2026_13_55,17120.70,17131.20,17116.80,17130.20,0,
08_06_2026_14_00,17130.20,17148.40,17130.20,17146.80,0,
08_06_2026_14_05,17146.50,17148.90,17132.90,17136.90,0,
08_06_2026_14_10,17136.90,17139.90,17126.30,17126.40,0,
08_06_2026_14_15,17126.60,17136.00,17116.10,17133.70,0,
08_06_2026_14_20,17133.00,17133.10,17114.80,17114.80,0,
08_06_2026_14_25,17114.40,17116.70,17107.60,17109.90,0,
08_06_2026_14_30,17110.20,17127.20,17110.20,17120.40,0,
08_06_2026_14_35,17120.40,17130.70,17118.80,17123.30,0,
08_06_2026_14_40,17122.70,17135.70,17112.70,17135.30,0,
08_06_2026_14_45,17136.20,17149.60,17130.30,17134.80,0,
08_06_2026_14_50,17135.80,17141.80,17123.20,17124.10,0,
08_06_2026_14_55,17124.60,17137.80,17109.90,17125.60,0,
08_06_2026_15_00,17127.50,17127.50,17054.00,17058.30,0,
08_06_2026_15_05,17058.90,17071.70,17046.60,17066.40,0,
08_06_2026_15_10,17067.30,17073.50,17057.00,17060.60,0,
08_06_2026_15_15,17059.70,17065.00,17050.60,17058.20,0,
08_06_2026_15_20,17058.80,17058.80,16978.00,16979.00,0,
08_06_2026_15_25,16980.50,17003.70,16971.80,16998.90,0,
09_06_2026_09_15,17126.80,17214.80,17123.20,17213.60,0,
09_06_2026_09_20,17212.90,17222.50,17187.00,17221.10,0,
09_06_2026_09_25,17220.50,17229.30,17202.70,17208.80,0,
09_06_2026_09_30,17208.80,17242.10,17208.80,17239.60,0,
09_06_2026_09_35,17238.80,17242.90,17227.10,17237.60,0,
09_06_2026_09_40,17236.90,17238.10,17205.80,17207.70,0,
09_06_2026_09_45,17207.80,17239.70,17207.80,17218.00,0,
09_06_2026_09_50,17218.30,17254.50,17217.80,17246.80,0,
09_06_2026_09_55,17246.30,17246.30,17217.30,17227.10,0,
09_06_2026_10_00,17227.20,17234.60,17206.80,17207.90,0,
09_06_2026_10_05,17207.80,17218.20,17203.80,17215.40,0,
09_06_2026_10_10,17215.40,17227.90,17215.40,17219.60,0,
09_06_2026_10_15,17220.30,17227.80,17215.60,17224.40,0,
09_06_2026_10_20,17224.10,17224.60,17199.80,17200.60,0,
09_06_2026_10_25,17200.40,17222.40,17199.80,17219.60,0,
09_06_2026_10_30,17219.80,17221.80,17206.20,17210.30,0,
09_06_2026_10_35,17210.30,17212.60,17197.50,17208.00,0,
09_06_2026_10_40,17207.80,17218.70,17203.80,17216.90,0,
09_06_2026_10_45,17217.80,17226.20,17207.40,17207.40,0,
09_06_2026_10_50,17207.30,17212.80,17192.30,17212.60,0,
09_06_2026_10_55,17212.00,17218.00,17205.90,17215.60,0,
09_06_2026_11_00,17215.70,17228.20,17212.90,17226.50,0,
09_06_2026_11_05,17226.00,17231.60,17214.90,17216.10,0,
09_06_2026_11_10,17216.30,17216.40,17202.00,17204.00,0,
09_06_2026_11_15,17204.50,17213.90,17200.30,17209.40,0,
09_06_2026_11_20,17209.80,17210.30,17176.60,17178.90,0,
09_06_2026_11_25,17178.70,17193.80,17173.80,17190.80,0,
09_06_2026_11_30,17190.20,17198.50,17184.20,17196.60,0,
09_06_2026_11_35,17196.60,17207.40,17196.20,17204.10,0,
09_06_2026_11_40,17204.20,17204.80,17190.40,17199.40,0,
09_06_2026_11_45,17199.90,17228.20,17196.40,17220.60,0,
09_06_2026_11_50,17220.90,17226.40,17214.30,17222.00,0,
09_06_2026_11_55,17221.40,17227.60,17219.90,17225.00,0,
09_06_2026_12_00,17224.40,17241.80,17223.10,17234.20,0,
09_06_2026_12_05,17235.30,17242.20,17225.20,17227.60,0,
09_06_2026_12_10,17227.40,17231.00,17226.50,17227.70,0,
09_06_2026_12_15,17227.30,17239.10,17227.30,17239.10,0,
09_06_2026_12_20,17239.20,17245.70,17235.50,17236.00,0,
09_06_2026_12_25,17235.70,17242.20,17235.70,17239.80,0,
09_06_2026_12_30,17239.90,17240.60,17225.90,17228.80,0,
09_06_2026_12_35,17228.60,17231.50,17215.40,17218.40,0,
09_06_2026_12_40,17218.40,17219.20,17205.70,17211.20,0,
09_06_2026_12_45,17211.20,17215.50,17209.30,17210.80,0,
09_06_2026_12_50,17210.30,17210.30,17193.70,17194.90,0,
09_06_2026_12_55,17194.80,17194.80,17174.30,17176.10,0,
09_06_2026_13_00,17175.90,17184.20,17175.90,17182.20,0,
09_06_2026_13_05,17181.90,17188.00,17179.90,17185.10,0,
09_06_2026_13_10,17184.80,17198.10,17180.80,17197.50,0,
09_06_2026_13_15,17197.10,17199.80,17190.10,17195.40,0,
09_06_2026_13_20,17195.70,17197.60,17186.70,17188.20,0,
09_06_2026_13_25,17187.90,17191.20,17180.00,17181.10,0,
09_06_2026_13_30,17181.20,17181.60,17166.10,17172.50,0,
09_06_2026_13_35,17171.90,17185.50,17169.10,17183.10,0,
09_06_2026_13_40,17182.60,17188.20,17178.20,17183.70,0,
09_06_2026_13_45,17183.70,17190.00,17180.80,17184.70,0,
09_06_2026_13_50,17185.50,17190.40,17182.20,17183.90,0,
09_06_2026_13_55,17183.20,17184.70,17168.30,17179.00,0,
09_06_2026_14_00,17179.30,17179.30,17165.90,17167.60,0,
09_06_2026_14_05,17167.30,17190.90,17166.40,17190.70,0,
09_06_2026_14_10,17190.40,17197.20,17188.30,17191.10,0,
09_06_2026_14_15,17191.10,17200.10,17186.20,17196.40,0,
09_06_2026_14_20,17196.10,17196.20,17181.80,17184.70,0,
09_06_2026_14_25,17184.40,17194.70,17184.40,17194.20,0,
09_06_2026_14_30,17194.10,17196.10,17186.80,17188.20,0,
09_06_2026_14_35,17188.30,17205.90,17180.80,17204.80,0,
09_06_2026_14_40,17204.90,17223.60,17204.70,17220.60,0,
09_06_2026_14_45,17220.60,17220.70,17211.30,17212.70,0,
09_06_2026_14_50,17212.60,17248.90,17211.40,17248.90,0,
09_06_2026_14_55,17248.70,17266.40,17248.20,17262.70,0,
09_06_2026_15_00,17260.90,17260.90,17218.80,17253.00,0,
09_06_2026_15_05,17253.90,17274.80,17253.90,17268.30,0,
09_06_2026_15_10,17269.20,17269.20,17251.30,17262.40,0,
09_06_2026_15_15,17262.20,17262.20,17241.20,17242.10,0,
09_06_2026_15_20,17241.80,17249.80,17238.20,17242.50,0,
09_06_2026_15_25,17242.80,17250.50,17237.20,17247.60,0,
10_06_2026_09_15,17261.80,17268.20,17224.40,17230.60,0,
10_06_2026_09_20,17230.20,17231.40,17196.20,17225.20,0,
10_06_2026_09_25,17224.20,17238.10,17212.90,17238.10,0,
10_06_2026_09_30,17238.20,17254.20,17228.60,17253.90,0,
10_06_2026_09_35,17255.10,17256.00,17236.60,17244.80,0,
10_06_2026_09_40,17243.40,17264.20,17237.70,17262.70,0,
10_06_2026_09_45,17263.30,17284.30,17253.90,17284.20,0,
10_06_2026_09_50,17284.40,17287.10,17262.80,17267.80,0,
10_06_2026_09_55,17266.90,17280.80,17259.70,17259.70,0,
10_06_2026_10_00,17259.90,17262.20,17234.10,17235.90,0,
10_06_2026_10_05,17235.40,17240.90,17232.20,17234.80,0,
10_06_2026_10_10,17235.30,17238.30,17206.80,17206.80,0,
10_06_2026_10_15,17207.30,17229.60,17193.40,17226.50,0,
10_06_2026_10_20,17226.60,17229.80,17215.10,17222.70,0,
10_06_2026_10_25,17222.40,17225.20,17217.00,17225.20,0,
10_06_2026_10_30,17225.20,17256.20,17224.50,17256.10,0,
10_06_2026_10_35,17256.50,17266.10,17246.90,17247.10,0,
10_06_2026_10_40,17246.80,17259.30,17244.80,17255.00,0,
10_06_2026_10_45,17254.70,17256.30,17247.50,17249.60,0,
10_06_2026_10_50,17250.10,17257.30,17246.90,17249.80,0,
10_06_2026_10_55,17250.30,17251.30,17244.10,17249.50,0,
10_06_2026_11_00,17249.70,17251.90,17237.70,17247.80,0,
10_06_2026_11_05,17247.50,17262.40,17238.00,17262.10,0,
10_06_2026_11_10,17262.60,17282.60,17262.20,17269.10,0,
10_06_2026_11_15,17269.20,17276.90,17247.70,17247.70,0,
10_06_2026_11_20,17247.80,17262.20,17244.20,17261.70,0,
10_06_2026_11_25,17261.30,17270.20,17258.80,17265.70,0,
10_06_2026_11_30,17266.20,17267.60,17257.40,17267.40,0,
10_06_2026_11_35,17267.60,17270.20,17251.30,17255.50,0,
10_06_2026_11_40,17255.50,17266.60,17254.80,17262.20,0,
10_06_2026_11_45,17262.10,17262.40,17250.00,17252.10,0,
10_06_2026_11_50,17251.90,17255.70,17242.20,17245.80,0,
10_06_2026_11_55,17245.90,17249.00,17238.90,17240.10,0,
10_06_2026_12_00,17240.20,17240.90,17215.60,17222.80,0,
10_06_2026_12_05,17222.80,17232.20,17213.70,17229.50,0,
10_06_2026_12_10,17229.40,17236.70,17220.60,17233.60,0,
10_06_2026_12_15,17233.70,17235.90,17226.20,17233.30,0,
10_06_2026_12_20,17232.90,17235.60,17212.80,17213.80,0,
10_06_2026_12_25,17214.20,17215.20,17204.80,17204.80,0,
10_06_2026_12_30,17204.80,17205.20,17194.70,17196.20,0,
10_06_2026_12_35,17196.30,17198.10,17181.80,17182.70,0,
10_06_2026_12_40,17182.60,17182.60,17159.20,17159.50,0,
10_06_2026_12_45,17159.70,17172.40,17149.80,17166.30,0,
10_06_2026_12_50,17166.00,17187.80,17163.20,17185.30,0,
10_06_2026_12_55,17185.20,17187.20,17177.20,17187.20,0,
10_06_2026_13_00,17187.60,17200.80,17187.40,17197.80,0,
10_06_2026_13_05,17198.10,17207.20,17196.50,17205.30,0,
10_06_2026_13_10,17205.00,17206.60,17189.60,17196.80,0,
10_06_2026_13_15,17197.30,17202.50,17188.30,17188.40,0,
10_06_2026_13_20,17188.30,17190.80,17176.40,17176.60,0,
10_06_2026_13_25,17176.10,17189.60,17169.30,17188.70,0,
10_06_2026_13_30,17188.60,17190.90,17168.20,17173.90,0,
10_06_2026_13_35,17173.40,17175.90,17163.50,17167.70,0,
10_06_2026_13_40,17167.90,17182.20,17155.40,17158.20,0,
10_06_2026_13_45,17157.80,17163.80,17154.40,17157.60,0,
10_06_2026_13_50,17157.60,17158.40,17143.80,17145.60,0,
10_06_2026_13_55,17145.80,17146.80,17134.60,17137.60,0,
10_06_2026_14_00,17137.20,17163.60,17136.80,17159.20,0,
10_06_2026_14_05,17159.10,17161.20,17150.00,17151.10,0,
10_06_2026_14_10,17151.20,17152.60,17132.10,17132.90,0,
10_06_2026_14_15,17133.20,17148.20,17127.20,17146.70,0,
10_06_2026_14_20,17146.70,17155.90,17143.80,17152.40,0,
10_06_2026_14_25,17152.70,17152.80,17133.40,17137.30,0,
10_06_2026_14_30,17137.30,17137.30,17116.80,17124.70,0,
10_06_2026_14_35,17125.10,17133.00,17087.50,17088.10,0,
10_06_2026_14_40,17088.10,17099.10,17065.20,17066.10,0,
10_06_2026_14_45,17066.30,17070.60,17047.20,17047.20,0,
10_06_2026_14_50,17047.40,17057.40,17040.60,17048.30,0,
10_06_2026_14_55,17047.90,17066.30,17047.90,17058.90,0,
10_06_2026_15_00,17058.90,17061.00,17037.40,17039.60,0,
10_06_2026_15_05,17039.30,17039.90,17010.80,17029.50,0,
10_06_2026_15_10,17029.80,17034.70,16983.30,16984.80,0,
10_06_2026_15_15,16984.90,17000.10,16966.60,16998.00,0,
10_06_2026_15_20,16997.60,17006.60,16982.30,16996.20,0,
10_06_2026_15_25,16996.30,17017.10,16996.30,17011.40,0,
11_06_2026_09_15,16918.10,16927.80,16857.30,16908.40,0,
11_06_2026_09_20,16907.90,16962.30,16901.50,16924.20,0,
11_06_2026_09_25,16921.60,16945.20,16906.30,16936.20,0,
11_06_2026_09_30,16936.40,16950.30,16914.70,16934.20,0,
11_06_2026_09_35,16934.30,16965.80,16928.60,16964.80,0,
11_06_2026_09_40,16965.30,16978.40,16951.90,16969.40,0,
11_06_2026_09_45,16969.90,16977.70,16957.70,16968.70,0,
11_06_2026_09_50,16968.70,16976.90,16955.40,16955.80,0,
11_06_2026_09_55,16955.40,16956.20,16918.20,16918.20,0,
11_06_2026_10_00,16918.20,16940.80,16918.10,16923.70,0,
11_06_2026_10_05,16923.80,16967.30,16917.80,16962.80,0,
11_06_2026_10_10,16962.50,16968.40,16945.90,16946.10,0,
11_06_2026_10_15,16946.30,16973.80,16944.20,16973.80,0,
11_06_2026_10_20,16974.10,16980.20,16970.30,16972.60,0,
11_06_2026_10_25,16972.50,16983.60,16968.10,16972.40,0,
11_06_2026_10_30,16972.80,16975.80,16959.90,16971.80,0,
11_06_2026_10_35,16972.00,16977.30,16956.40,16963.30,0,
11_06_2026_10_40,16963.10,16972.20,16961.30,16970.20,0,
11_06_2026_10_45,16970.10,16971.40,16951.70,16951.80,0,
11_06_2026_10_50,16951.70,16951.70,16915.40,16921.20,0,
11_06_2026_10_55,16921.20,16925.30,16910.00,16914.40,0,
11_06_2026_11_00,16914.10,16920.70,16899.60,16912.40,0,
11_06_2026_11_05,16912.40,16934.80,16912.40,16929.50,0,
11_06_2026_11_10,16929.80,16929.80,16906.90,16911.50,0,
11_06_2026_11_15,16911.80,16933.10,16910.20,16927.90,0,
11_06_2026_11_20,16928.10,16945.80,16928.10,16935.40,0,
11_06_2026_11_25,16935.10,16956.80,16934.20,16952.40,0,
11_06_2026_11_30,16952.30,16959.50,16941.30,16950.40,0,
11_06_2026_11_35,16950.60,16955.30,16924.70,16932.40,0,
11_06_2026_11_40,16932.20,16955.10,16931.30,16954.70,0,
11_06_2026_11_45,16955.10,16966.40,16952.20,16960.90,0,
11_06_2026_11_50,16960.60,16970.70,16959.80,16967.60,0,
11_06_2026_11_55,16967.90,16977.10,16963.40,16964.90,0,
11_06_2026_12_00,16965.20,16975.90,16964.90,16967.10,0,
11_06_2026_12_05,16966.60,16967.60,16946.80,16946.80,0,
11_06_2026_12_10,16946.90,16947.20,16931.20,16935.80,0,
11_06_2026_12_15,16935.40,16954.40,16935.30,16943.80,0,
11_06_2026_12_20,16943.40,16944.30,16933.00,16938.50,0,
11_06_2026_12_25,16938.80,16953.70,16937.10,16952.90,0,
11_06_2026_12_30,16953.10,16971.40,16952.80,16968.70,0,
11_06_2026_12_35,16970.10,16971.80,16952.30,16957.40,0,
11_06_2026_12_40,16957.70,16958.10,16943.90,16950.80,0,
11_06_2026_12_45,16951.20,16951.20,16922.10,16922.50,0,
11_06_2026_12_50,16922.10,16935.40,16921.40,16926.10,0,
11_06_2026_12_55,16926.10,16945.40,16918.00,16942.70,0,
11_06_2026_13_00,16942.70,16951.30,16933.00,16937.30,0,
11_06_2026_13_05,16937.60,16940.20,16915.80,16915.80,0,
11_06_2026_13_10,16915.90,16920.40,16899.60,16902.80,0,
11_06_2026_13_15,16902.50,16904.50,16886.10,16887.80,0,
11_06_2026_13_20,16887.30,16891.40,16867.50,16881.60,0,
11_06_2026_13_25,16881.70,16884.10,16867.30,16877.60,0,
11_06_2026_13_30,16877.80,16909.50,16877.80,16890.30,0,
11_06_2026_13_35,16890.10,16898.70,16871.90,16873.80,0,
11_06_2026_13_40,16872.80,16880.10,16866.20,16873.60,0,
11_06_2026_13_45,16873.40,16894.90,16872.10,16883.20,0,
11_06_2026_13_50,16883.20,16895.30,16880.20,16894.50,0,
11_06_2026_13_55,16894.70,16909.80,16891.50,16898.50,0,
11_06_2026_14_00,16899.00,16907.70,16896.70,16907.70,0,
11_06_2026_14_05,16906.80,16911.80,16879.70,16883.30,0,
11_06_2026_14_10,16883.30,16897.70,16876.80,16891.50,0,
11_06_2026_14_15,16891.60,16891.70,16878.80,16886.00,0,
11_06_2026_14_20,16886.70,16897.70,16881.50,16883.30,0,
11_06_2026_14_25,16883.40,16926.40,16882.50,16920.30,0,
11_06_2026_14_30,16920.30,16924.10,16907.80,16914.00,0,
11_06_2026_14_35,16914.20,16921.50,16878.80,16888.70,0,
11_06_2026_14_40,16888.40,16889.40,16875.30,16878.60,0,
11_06_2026_14_45,16878.90,16880.50,16850.40,16870.80,0,
11_06_2026_14_50,16870.20,16870.20,16857.80,16864.30,0,
11_06_2026_14_55,16864.80,16873.20,16860.10,16872.20,0,
11_06_2026_15_00,16873.10,16894.40,16839.40,16842.10,0,
11_06_2026_15_05,16841.90,16847.90,16832.90,16838.40,0,
11_06_2026_15_10,16837.30,16865.70,16836.70,16865.10,0,
11_06_2026_15_15,16864.20,16887.20,16862.60,16876.30,0,
11_06_2026_15_20,16875.00,16881.90,16866.00,16880.00,0,
11_06_2026_15_25,16879.40,16901.20,16874.70,16900.70,0,
12_06_2026_09_15,17071.90,17130.20,17066.70,17115.20,0,
12_06_2026_09_20,17113.40,17122.40,17098.60,17101.80,0,
12_06_2026_09_25,17101.60,17108.90,17079.90,17080.60,0,
12_06_2026_09_30,17081.10,17094.50,17076.70,17094.50,0,
12_06_2026_09_35,17094.70,17096.20,17074.00,17079.30,0,
12_06_2026_09_40,17078.30,17081.20,17054.40,17058.10,0,
12_06_2026_09_45,17058.30,17072.80,17049.30,17072.50,0,
12_06_2026_09_50,17072.70,17080.20,17046.10,17046.10,0,
12_06_2026_09_55,17045.80,17047.30,17027.20,17028.00,0,
12_06_2026_10_00,17028.30,17030.20,17003.80,17020.20,0,
12_06_2026_10_05,17020.10,17043.90,17020.10,17026.70,0,
12_06_2026_10_10,17026.30,17040.90,17018.30,17035.80,0,
12_06_2026_10_15,17035.90,17042.20,17030.60,17037.60,0,
12_06_2026_10_20,17037.50,17066.60,17034.30,17062.40,0,
12_06_2026_10_25,17062.70,17071.10,17048.80,17055.00,0,
12_06_2026_10_30,17054.90,17061.00,17049.00,17052.30,0,
12_06_2026_10_35,17052.10,17057.50,17047.10,17055.20,0,
12_06_2026_10_40,17055.10,17057.10,17044.80,17048.90,0,
12_06_2026_10_45,17048.90,17048.90,17027.90,17042.70,0,
12_06_2026_10_50,17042.70,17048.10,17038.10,17047.60,0,
12_06_2026_10_55,17047.80,17053.30,17045.40,17052.20,0,
12_06_2026_11_00,17052.10,17054.60,17045.20,17048.20,0,
12_06_2026_11_05,17047.90,17057.30,17045.90,17053.20,0,
12_06_2026_11_10,17053.10,17069.40,17051.10,17067.90,0,
12_06_2026_11_15,17069.10,17078.30,17068.60,17070.40,0,
12_06_2026_11_20,17070.20,17077.30,17063.20,17074.40,0,
12_06_2026_11_25,17074.60,17075.00,17050.20,17051.90,0,
12_06_2026_11_30,17052.00,17067.40,17049.60,17064.60,0,
12_06_2026_11_35,17064.20,17073.30,17060.70,17071.50,0,
12_06_2026_11_40,17071.10,17073.20,17066.10,17068.20,0,
12_06_2026_11_45,17068.30,17078.80,17066.00,17076.40,0,
12_06_2026_11_50,17075.90,17077.20,17063.30,17065.60,0,
12_06_2026_11_55,17066.00,17075.20,17062.20,17062.80,0,
12_06_2026_12_00,17062.80,17067.80,17058.50,17067.30,0,
12_06_2026_12_05,17067.80,17067.90,17039.60,17040.90,0,
12_06_2026_12_10,17041.00,17041.10,17018.60,17024.80,0,
12_06_2026_12_15,17024.90,17030.50,17016.30,17020.50,0,
12_06_2026_12_20,17020.90,17035.30,17020.90,17033.80,0,
12_06_2026_12_25,17033.80,17042.30,17033.40,17039.20,0,
12_06_2026_12_30,17039.20,17039.50,17025.00,17029.60,0,
12_06_2026_12_35,17029.60,17030.20,17014.70,17018.80,0,
12_06_2026_12_40,17019.20,17021.40,16998.30,16999.40,0,
12_06_2026_12_45,16999.40,17003.80,16987.20,16987.70,0,
12_06_2026_12_50,16988.20,17001.60,16986.30,16994.00,0,
12_06_2026_12_55,16993.90,16997.90,16985.30,16991.90,0,
12_06_2026_13_00,16992.30,16997.70,16986.30,16995.20,0,
12_06_2026_13_05,16995.40,17008.70,16995.10,17006.20,0,
12_06_2026_13_10,17006.80,17014.20,17002.20,17009.30,0,
12_06_2026_13_15,17009.80,17015.10,17006.10,17014.20,0,
12_06_2026_13_20,17014.20,17018.20,17003.20,17003.90,0,
12_06_2026_13_25,17003.50,17048.30,16996.30,17046.30,0,
12_06_2026_13_30,17046.40,17066.60,17046.40,17062.80,0,
12_06_2026_13_35,17064.10,17095.10,17060.80,17093.80,0,
12_06_2026_13_40,17094.10,17116.40,17094.00,17112.30,0,
12_06_2026_13_45,17112.20,17128.70,17106.30,17123.60,0,
12_06_2026_13_50,17124.20,17125.90,17106.40,17111.30,0,
12_06_2026_13_55,17111.20,17131.80,17106.50,17130.20,0,
12_06_2026_14_00,17129.70,17135.10,17126.90,17128.10,0,
12_06_2026_14_05,17128.80,17138.70,17124.80,17131.60,0,
12_06_2026_14_10,17130.40,17144.10,17121.30,17143.80,0,
12_06_2026_14_15,17144.10,17167.80,17143.90,17163.20,0,
12_06_2026_14_20,17162.80,17176.60,17158.80,17169.70,0,
12_06_2026_14_25,17169.80,17186.60,17164.10,17185.70,0,
12_06_2026_14_30,17185.80,17198.50,17184.40,17195.50,0,
12_06_2026_14_35,17195.70,17206.10,17186.90,17205.00,0,
12_06_2026_14_40,17205.00,17220.50,17205.00,17219.80,0,
12_06_2026_14_45,17219.90,17227.60,17216.30,17227.40,0,
12_06_2026_14_50,17227.70,17231.30,17217.40,17228.20,0,
12_06_2026_14_55,17227.80,17235.80,17222.80,17229.10,0,
12_06_2026_15_00,17227.60,17270.30,17215.80,17269.40,0,
12_06_2026_15_05,17269.80,17277.90,17262.70,17266.30,0,
12_06_2026_15_10,17265.80,17269.60,17248.60,17264.70,0,
12_06_2026_15_15,17263.80,17281.80,17262.20,17275.70,0,
12_06_2026_15_20,17274.90,17276.30,17266.10,17267.30,0,
12_06_2026_15_25,17267.70,17275.30,17260.10,17263.20,0,
15_06_2026_09_15,17526.10,17541.80,17478.80,17480.00,0,
15_06_2026_09_20,17478.10,17503.70,17475.70,17496.30,0,
15_06_2026_09_25,17495.50,17499.50,17476.60,17491.80,0,
15_06_2026_09_30,17491.70,17507.20,17491.30,17505.20,0,
15_06_2026_09_35,17505.20,17511.80,17488.70,17510.10,0,
15_06_2026_09_40,17509.80,17527.60,17507.80,17523.70,0,
15_06_2026_09_45,17523.20,17530.40,17517.30,17519.80,0,
15_06_2026_09_50,17519.20,17524.60,17513.20,17519.70,0,
15_06_2026_09_55,17519.30,17519.70,17496.10,17497.80,0,
15_06_2026_10_00,17498.50,17515.30,17497.80,17512.80,0,
15_06_2026_10_05,17512.60,17514.10,17505.10,17511.30,0,
15_06_2026_10_10,17510.80,17516.10,17501.80,17505.80,0,
15_06_2026_10_15,17506.10,17516.20,17505.00,17513.40,0,
15_06_2026_10_20,17513.20,17524.80,17510.90,17523.20,0,
15_06_2026_10_25,17522.60,17538.20,17519.40,17537.30,0,
15_06_2026_10_30,17537.20,17543.60,17528.10,17528.80,0,
15_06_2026_10_35,17527.90,17530.00,17514.00,17526.20,0,
15_06_2026_10_40,17525.90,17533.10,17523.40,17528.80,0,
15_06_2026_10_45,17528.20,17547.40,17528.20,17546.40,0,
15_06_2026_10_50,17547.20,17567.60,17546.40,17559.70,0,
15_06_2026_10_55,17560.20,17577.40,17558.20,17576.30,0,
15_06_2026_11_00,17575.80,17583.20,17567.10,17581.20,0,
15_06_2026_11_05,17580.30,17584.70,17572.40,17582.60,0,
15_06_2026_11_10,17582.40,17591.70,17578.10,17578.60,0,
15_06_2026_11_15,17577.90,17584.10,17573.80,17581.80,0,
15_06_2026_11_20,17582.10,17582.60,17572.20,17573.00,0,
15_06_2026_11_25,17572.90,17580.20,17572.30,17575.70,0,
15_06_2026_11_30,17575.90,17578.70,17569.00,17574.00,0,
15_06_2026_11_35,17574.20,17576.10,17566.10,17572.20,0,
15_06_2026_11_40,17572.10,17581.60,17571.30,17578.90,0,
15_06_2026_11_45,17578.60,17582.30,17575.10,17581.20,0,
15_06_2026_11_50,17581.10,17584.90,17577.60,17581.30,0,
15_06_2026_11_55,17580.90,17584.00,17574.70,17576.90,0,
15_06_2026_12_00,17576.70,17583.30,17572.50,17573.00,0,
15_06_2026_12_05,17573.00,17573.80,17562.50,17563.70,0,
15_06_2026_12_10,17562.50,17568.30,17559.10,17563.20,0,
15_06_2026_12_15,17563.10,17564.20,17538.40,17539.30,0,
15_06_2026_12_20,17538.50,17546.20,17535.90,17544.10,0,
15_06_2026_12_25,17543.60,17545.40,17528.80,17530.00,0,
15_06_2026_12_30,17530.00,17534.60,17524.20,17533.20,0,
15_06_2026_12_35,17533.00,17543.40,17532.90,17541.60,0,
15_06_2026_12_40,17540.20,17544.20,17532.70,17540.00,0,
15_06_2026_12_45,17539.30,17539.70,17526.60,17528.80,0,
15_06_2026_12_50,17527.60,17534.60,17524.80,17530.40,0,
15_06_2026_12_55,17529.70,17532.80,17527.10,17528.20,0,
15_06_2026_13_00,17528.30,17537.60,17524.80,17531.90,0,
15_06_2026_13_05,17531.30,17541.20,17525.60,17540.90,0,
15_06_2026_13_10,17540.40,17554.80,17540.30,17546.10,0,
15_06_2026_13_15,17545.60,17550.70,17540.10,17543.30,0,
15_06_2026_13_20,17542.90,17551.80,17540.80,17550.70,0,
15_06_2026_13_25,17550.40,17550.40,17538.50,17543.90,0,
15_06_2026_13_30,17542.80,17545.60,17538.60,17543.20,0,
15_06_2026_13_35,17543.10,17546.90,17537.90,17546.70,0,
15_06_2026_13_40,17545.70,17546.70,17538.50,17542.20,0,
15_06_2026_13_45,17541.30,17547.90,17539.80,17547.40,0,
15_06_2026_13_50,17546.90,17550.20,17530.40,17540.10,0,
15_06_2026_13_55,17539.40,17563.80,17536.80,17560.20,0,
15_06_2026_14_00,17560.20,17566.30,17558.30,17559.70,0,
15_06_2026_14_05,17559.40,17561.70,17552.60,17554.60,0,
15_06_2026_14_10,17554.60,17560.70,17551.60,17556.70,0,
15_06_2026_14_15,17555.60,17556.40,17545.10,17552.90,0,
15_06_2026_14_20,17552.50,17561.20,17550.80,17559.10,0,
15_06_2026_14_25,17558.70,17559.70,17547.80,17553.80,0,
15_06_2026_14_30,17553.10,17564.30,17552.60,17560.60,0,
15_06_2026_14_35,17560.70,17574.90,17560.30,17573.70,0,
15_06_2026_14_40,17573.50,17576.20,17550.90,17556.80,0,
15_06_2026_14_45,17557.00,17563.50,17552.50,17558.80,0,
15_06_2026_14_50,17559.00,17562.30,17540.50,17552.40,0,
15_06_2026_14_55,17552.60,17556.30,17543.30,17551.40,0,
15_06_2026_15_00,17551.30,17562.60,17507.40,17519.10,0,
15_06_2026_15_05,17519.10,17519.90,17498.20,17502.50,0,
15_06_2026_15_10,17502.50,17504.20,17471.30,17498.60,0,
15_06_2026_15_15,17497.60,17514.40,17497.60,17505.40,0,
15_06_2026_15_20,17504.60,17505.80,17488.80,17495.40,0,
15_06_2026_15_25,17495.30,17503.00,17482.20,17501.20,0,
16_06_2026_09_15,17567.20,17584.50,17535.10,17575.20,0,
16_06_2026_09_20,17576.00,17577.70,17548.50,17556.90,0,
16_06_2026_09_25,17556.90,17583.10,17556.90,17579.30,0,
16_06_2026_09_30,17579.30,17587.70,17569.30,17582.10,0,
16_06_2026_09_35,17581.90,17587.40,17561.00,17563.70,0,
16_06_2026_09_40,17562.80,17570.90,17556.00,17559.60,0,
16_06_2026_09_45,17559.40,17572.40,17552.80,17557.70,0,
16_06_2026_09_50,17558.00,17590.20,17545.80,17583.10,0,
16_06_2026_09_55,17583.90,17597.70,17581.40,17585.80,0,
16_06_2026_10_00,17586.70,17594.30,17562.90,17576.90,0,
16_06_2026_10_05,17576.80,17582.70,17568.50,17576.10,0,
16_06_2026_10_10,17576.20,17583.20,17570.30,17577.90,0,
16_06_2026_10_15,17578.40,17592.60,17577.20,17584.30,0,
16_06_2026_10_20,17585.20,17596.80,17581.40,17584.40,0,
16_06_2026_10_25,17585.10,17585.90,17572.20,17578.20,0,
16_06_2026_10_30,17578.20,17580.70,17569.00,17577.30,0,
16_06_2026_10_35,17577.70,17591.00,17571.60,17586.00,0,
16_06_2026_10_40,17586.00,17586.00,17575.30,17583.70,0,
16_06_2026_10_45,17583.80,17595.60,17582.80,17593.30,0,
16_06_2026_10_50,17593.40,17594.10,17580.10,17581.20,0,
16_06_2026_10_55,17581.10,17587.20,17570.20,17570.20,0,
16_06_2026_11_00,17570.10,17570.50,17549.30,17549.90,0,
16_06_2026_11_05,17549.70,17557.80,17538.40,17541.90,0,
16_06_2026_11_10,17541.90,17543.10,17526.80,17537.00,0,
16_06_2026_11_15,17537.00,17547.40,17535.20,17537.10,0,
16_06_2026_11_20,17536.80,17550.60,17533.90,17550.20,0,
16_06_2026_11_25,17550.10,17550.90,17535.00,17539.40,0,
16_06_2026_11_30,17539.50,17545.10,17530.30,17544.90,0,
16_06_2026_11_35,17545.20,17545.20,17527.40,17531.30,0,
16_06_2026_11_40,17531.60,17535.10,17525.60,17529.70,0,
16_06_2026_11_45,17529.90,17542.10,17529.10,17539.60,0,
16_06_2026_11_50,17539.80,17551.80,17538.70,17548.30,0,
16_06_2026_11_55,17548.10,17548.10,17522.20,17528.90,0,
16_06_2026_12_00,17529.10,17529.30,17499.40,17511.30,0,
16_06_2026_12_05,17511.30,17521.80,17508.60,17517.70,0,
16_06_2026_12_10,17517.10,17518.30,17512.30,17512.90,0,
16_06_2026_12_15,17513.40,17514.60,17498.40,17498.70,0,
16_06_2026_12_20,17499.20,17505.40,17483.70,17505.20,0,
16_06_2026_12_25,17505.30,17519.80,17501.50,17517.30,0,
16_06_2026_12_30,17517.20,17528.60,17516.90,17520.40,0,
16_06_2026_12_35,17520.30,17529.70,17519.90,17529.50,0,
16_06_2026_12_40,17529.30,17529.90,17509.70,17514.80,0,
16_06_2026_12_45,17515.20,17517.60,17506.00,17511.30,0,
16_06_2026_12_50,17511.60,17512.20,17489.80,17494.50,0,
16_06_2026_12_55,17494.80,17504.30,17490.60,17496.00,0,
16_06_2026_13_00,17496.30,17501.50,17489.80,17499.70,0,
16_06_2026_13_05,17499.30,17511.70,17497.00,17511.70,0,
16_06_2026_13_10,17511.30,17520.20,17505.20,17512.20,0,
16_06_2026_13_15,17512.20,17528.20,17511.30,17521.60,0,
16_06_2026_13_20,17521.60,17542.40,17520.20,17541.20,0,
16_06_2026_13_25,17540.80,17548.20,17535.90,17547.90,0,
16_06_2026_13_30,17547.80,17551.30,17543.20,17550.50,0,
16_06_2026_13_35,17550.90,17560.50,17549.40,17554.20,0,
16_06_2026_13_40,17554.20,17558.60,17543.80,17555.40,0,
16_06_2026_13_45,17555.60,17567.90,17555.60,17566.90,0,
16_06_2026_13_50,17567.80,17567.80,17552.40,17559.40,0,
16_06_2026_13_55,17559.00,17572.70,17559.00,17563.60,0,
16_06_2026_14_00,17563.70,17568.90,17556.90,17562.80,0,
16_06_2026_14_05,17562.70,17570.20,17562.00,17569.50,0,
16_06_2026_14_10,17568.90,17579.80,17568.90,17578.80,0,
16_06_2026_14_15,17578.70,17581.10,17575.20,17576.10,0,
16_06_2026_14_20,17575.80,17577.30,17562.70,17567.80,0,
16_06_2026_14_25,17568.30,17574.20,17566.20,17571.70,0,
16_06_2026_14_30,17571.40,17590.60,17571.40,17585.90,0,
16_06_2026_14_35,17586.30,17594.60,17581.50,17593.60,0,
16_06_2026_14_40,17593.80,17598.80,17577.80,17577.80,0,
16_06_2026_14_45,17578.40,17589.00,17574.00,17586.20,0,
16_06_2026_14_50,17586.40,17611.20,17585.90,17610.20,0,
16_06_2026_14_55,17609.80,17612.50,17598.60,17605.80,0,
16_06_2026_15_00,17605.20,17613.90,17604.90,17607.70,0,
16_06_2026_15_05,17606.20,17615.90,17604.90,17608.70,0,
16_06_2026_15_10,17607.80,17608.70,17602.70,17604.70,0,
16_06_2026_15_15,17604.20,17612.70,17600.40,17601.50,0,
16_06_2026_15_20,17601.20,17609.90,17597.80,17603.10,0,
16_06_2026_15_25,17603.80,17611.80,17601.20,17611.70,0,
17_06_2026_09_15,17656.20,17675.80,17632.30,17644.90,0,
17_06_2026_09_20,17647.60,17657.10,17633.60,17641.50,0,
17_06_2026_09_25,17640.50,17659.90,17636.40,17656.60,0,
17_06_2026_09_30,17657.20,17662.90,17650.20,17653.40,0,
17_06_2026_09_35,17653.10,17667.40,17639.20,17667.30,0,
17_06_2026_09_40,17667.20,17668.70,17649.80,17665.00,0,
17_06_2026_09_45,17664.40,17674.20,17652.30,17673.80,0,
17_06_2026_09_50,17673.50,17676.10,17665.60,17670.80,0,
17_06_2026_09_55,17671.60,17681.60,17667.80,17678.40,0,
17_06_2026_10_00,17677.50,17679.00,17654.10,17658.10,0,
17_06_2026_10_05,17657.70,17676.70,17654.80,17675.80,0,
17_06_2026_10_10,17675.40,17679.60,17663.60,17663.80,0,
17_06_2026_10_15,17662.50,17689.70,17660.90,17689.20,0,
17_06_2026_10_20,17688.80,17695.60,17681.40,17691.20,0,
17_06_2026_10_25,17691.70,17691.70,17669.10,17669.50,0,
17_06_2026_10_30,17669.90,17681.50,17668.10,17679.60,0,
17_06_2026_10_35,17680.00,17688.20,17680.00,17684.10,0,
17_06_2026_10_40,17683.80,17688.40,17677.70,17684.40,0,
17_06_2026_10_45,17683.80,17685.90,17675.80,17679.40,0,
17_06_2026_10_50,17679.40,17685.90,17673.20,17679.90,0,
17_06_2026_10_55,17680.20,17683.60,17671.90,17674.20,0,
17_06_2026_11_00,17674.20,17676.80,17663.70,17667.20,0,
17_06_2026_11_05,17667.40,17673.30,17663.30,17664.10,0,
17_06_2026_11_10,17664.60,17674.80,17662.30,17673.60,0,
17_06_2026_11_15,17673.80,17676.40,17660.20,17661.20,0,
17_06_2026_11_20,17661.40,17666.80,17653.50,17657.00,0,
17_06_2026_11_25,17657.40,17657.40,17627.80,17639.60,0,
17_06_2026_11_30,17639.90,17649.20,17633.70,17644.80,0,
17_06_2026_11_35,17645.30,17652.60,17638.40,17644.30,0,
17_06_2026_11_40,17644.80,17646.10,17635.80,17639.60,0,
17_06_2026_11_45,17639.80,17641.30,17623.20,17629.30,0,
17_06_2026_11_50,17629.60,17635.80,17625.30,17634.40,0,
17_06_2026_11_55,17634.90,17637.80,17627.60,17627.90,0,
17_06_2026_12_00,17627.90,17629.80,17614.60,17621.80,0,
17_06_2026_12_05,17621.50,17626.20,17618.10,17620.70,0,
17_06_2026_12_10,17620.60,17630.40,17620.60,17627.30,0,
17_06_2026_12_15,17627.40,17627.80,17618.20,17627.50,0,
17_06_2026_12_20,17627.20,17627.20,17617.80,17624.10,0,
17_06_2026_12_25,17624.30,17624.80,17611.80,17618.80,0,
17_06_2026_12_30,17618.60,17618.80,17599.70,17600.40,0,
17_06_2026_12_35,17600.40,17605.80,17592.40,17594.30,0,
17_06_2026_12_40,17594.10,17604.60,17591.60,17603.70,0,
17_06_2026_12_45,17604.00,17607.60,17598.10,17606.30,0,
17_06_2026_12_50,17606.70,17608.60,17592.80,17592.80,0,
17_06_2026_12_55,17593.00,17594.80,17588.20,17588.90,0,
17_06_2026_13_00,17589.10,17589.20,17578.20,17582.80,0,
17_06_2026_13_05,17582.60,17584.20,17569.00,17570.00,0,
17_06_2026_13_10,17569.90,17577.10,17566.70,17576.20,0,
17_06_2026_13_15,17575.80,17598.20,17573.60,17594.90,0,
17_06_2026_13_20,17595.10,17602.20,17594.30,17598.40,0,
17_06_2026_13_25,17598.40,17608.10,17597.30,17605.90,0,
17_06_2026_13_30,17605.90,17610.60,17599.80,17609.80,0,
17_06_2026_13_35,17609.90,17617.40,17607.70,17614.80,0,
17_06_2026_13_40,17614.70,17615.90,17599.70,17600.80,0,
17_06_2026_13_45,17601.40,17602.20,17579.20,17591.30,0,
17_06_2026_13_50,17591.70,17591.70,17569.40,17578.80,0,
17_06_2026_13_55,17579.30,17589.40,17574.10,17583.40,0,
17_06_2026_14_00,17583.90,17587.80,17575.30,17577.40,0,
17_06_2026_14_05,17577.40,17577.40,17565.80,17573.40,0,
17_06_2026_14_10,17574.30,17594.60,17567.60,17592.70,0,
17_06_2026_14_15,17592.50,17600.70,17590.70,17600.30,0,
17_06_2026_14_20,17600.30,17602.10,17591.80,17593.10,0,
17_06_2026_14_25,17593.60,17594.90,17584.40,17594.20,0,
17_06_2026_14_30,17593.90,17602.60,17590.90,17593.60,0,
17_06_2026_14_35,17593.60,17608.20,17590.30,17608.10,0,
17_06_2026_14_40,17607.90,17610.60,17605.80,17606.90,0,
17_06_2026_14_45,17607.00,17614.90,17605.40,17611.50,0,
17_06_2026_14_50,17611.70,17616.70,17602.80,17611.40,0,
17_06_2026_14_55,17610.80,17632.60,17609.40,17631.60,0,
17_06_2026_15_00,17631.20,17663.00,17630.70,17655.20,0,
17_06_2026_15_05,17655.80,17666.30,17655.80,17664.20,0,
17_06_2026_15_10,17663.80,17665.40,17652.80,17654.30,0,
17_06_2026_15_15,17654.10,17663.10,17647.60,17660.30,0,
17_06_2026_15_20,17659.80,17666.00,17654.20,17664.80,0,
17_06_2026_15_25,17664.90,17668.40,17656.60,17661.60,0,
18_06_2026_09_15,17687.90,17698.80,17661.40,17683.60,0,
18_06_2026_09_20,17683.40,17689.30,17669.80,17686.20,0,
18_06_2026_09_25,17685.60,17689.90,17677.90,17686.80,0,
18_06_2026_09_30,17684.80,17695.20,17669.90,17670.10,0,
18_06_2026_09_35,17670.20,17670.70,17650.50,17665.70,0,
18_06_2026_09_40,17664.50,17695.20,17664.50,17666.50,0,
18_06_2026_09_45,17667.30,17674.80,17663.90,17665.20,0,
18_06_2026_09_50,17665.20,17678.90,17663.30,17673.90,0,
18_06_2026_09_55,17674.00,17675.60,17665.10,17669.00,0,
18_06_2026_10_00,17668.20,17669.40,17658.60,17664.10,0,
18_06_2026_10_05,17665.30,17682.20,17662.80,17682.20,0,
18_06_2026_10_10,17681.60,17701.40,17679.20,17701.30,0,
18_06_2026_10_15,17700.90,17703.20,17687.70,17694.80,0,
18_06_2026_10_20,17694.90,17716.00,17694.60,17706.20,0,
18_06_2026_10_25,17705.70,17706.90,17687.20,17691.80,0,
18_06_2026_10_30,17691.30,17701.10,17682.70,17701.10,0,
18_06_2026_10_35,17700.90,17705.70,17683.20,17684.40,0,
18_06_2026_10_40,17683.70,17691.90,17670.60,17687.90,0,
18_06_2026_10_45,17687.30,17707.70,17685.40,17699.40,0,
18_06_2026_10_50,17699.80,17701.90,17692.40,17695.90,0,
18_06_2026_10_55,17696.00,17705.40,17693.70,17701.20,0,
18_06_2026_11_00,17702.20,17702.80,17693.20,17701.80,0,
18_06_2026_11_05,17701.30,17721.60,17695.70,17720.00,0,
18_06_2026_11_10,17720.20,17720.60,17691.20,17691.80,0,
18_06_2026_11_15,17690.80,17693.10,17679.80,17685.10,0,
18_06_2026_11_20,17684.90,17685.20,17676.10,17679.40,0,
18_06_2026_11_25,17680.00,17686.60,17679.80,17682.00,0,
18_06_2026_11_30,17682.20,17703.20,17681.40,17702.40,0,
18_06_2026_11_35,17702.30,17702.80,17689.60,17693.30,0,
18_06_2026_11_40,17693.10,17698.80,17689.70,17697.40,0,
18_06_2026_11_45,17697.10,17699.20,17685.30,17686.10,0,
18_06_2026_11_50,17685.60,17685.80,17671.30,17675.60,0,
18_06_2026_11_55,17675.70,17682.50,17672.80,17676.90,0,
18_06_2026_12_00,17677.80,17682.50,17674.30,17676.80,0,
18_06_2026_12_05,17676.40,17679.20,17667.40,17667.40,0,
18_06_2026_12_10,17667.80,17670.50,17662.30,17668.30,0,
18_06_2026_12_15,17669.00,17689.40,17668.10,17688.90,0,
18_06_2026_12_20,17688.60,17693.80,17686.10,17691.20,0,
18_06_2026_12_25,17691.20,17698.00,17685.10,17698.00,0,
18_06_2026_12_30,17698.20,17701.90,17692.80,17696.10,0,
18_06_2026_12_35,17695.90,17696.20,17684.60,17691.30,0,
18_06_2026_12_40,17691.20,17691.90,17681.00,17684.30,0,
18_06_2026_12_45,17684.70,17686.80,17678.60,17683.30,0,
18_06_2026_12_50,17683.20,17686.80,17677.90,17685.70,0,
18_06_2026_12_55,17684.90,17692.60,17684.70,17687.80,0,
18_06_2026_13_00,17688.10,17695.60,17683.40,17694.20,0,
18_06_2026_13_05,17694.20,17694.70,17687.10,17692.70,0,
18_06_2026_13_10,17692.70,17698.80,17690.30,17698.80,0,
18_06_2026_13_15,17698.50,17702.00,17691.20,17694.60,0,
18_06_2026_13_20,17694.20,17698.20,17691.20,17697.20,0,
18_06_2026_13_25,17697.10,17697.10,17685.50,17695.40,0,
18_06_2026_13_30,17695.30,17700.90,17691.80,17698.20,0,
18_06_2026_13_35,17698.20,17698.40,17691.50,17694.20,0,
18_06_2026_13_40,17694.40,17695.20,17687.20,17693.30,0,
18_06_2026_13_45,17693.20,17699.20,17687.20,17690.30,0,
18_06_2026_13_50,17690.20,17693.20,17686.80,17689.30,0,
18_06_2026_13_55,17689.20,17694.20,17687.60,17687.60,0,
18_06_2026_14_00,17687.80,17689.20,17682.10,17682.80,0,
18_06_2026_14_05,17682.60,17686.10,17665.80,17667.90,0,
18_06_2026_14_10,17667.70,17677.90,17667.70,17674.10,0,
18_06_2026_14_15,17674.30,17674.30,17661.60,17664.90,0,
18_06_2026_14_20,17664.90,17690.20,17662.40,17690.20,0,
18_06_2026_14_25,17690.50,17697.60,17680.20,17686.30,0,
18_06_2026_14_30,17686.60,17693.90,17673.60,17693.90,0,
18_06_2026_14_35,17693.70,17699.20,17689.40,17689.60,0,
18_06_2026_14_40,17689.50,17691.80,17680.30,17684.30,0,
18_06_2026_14_45,17684.50,17684.80,17669.40,17671.70,0,
18_06_2026_14_50,17672.10,17679.30,17668.80,17676.30,0,
18_06_2026_14_55,17675.90,17700.60,17674.70,17699.80,0,
18_06_2026_15_00,17702.10,17717.20,17697.10,17716.70,0,
18_06_2026_15_05,17716.10,17730.40,17715.50,17727.60,0,
18_06_2026_15_10,17727.70,17729.20,17717.40,17719.00,0,
18_06_2026_15_15,17718.80,17722.40,17714.00,17718.80,0,
18_06_2026_15_20,17718.90,17722.50,17710.50,17715.30,0,
18_06_2026_15_25,17714.90,17725.30,17712.50,17722.80,0,
19_06_2026_09_15,17603.40,17636.80,17579.60,17634.80,0,
19_06_2026_09_20,17634.60,17638.60,17618.70,17622.40,0,
19_06_2026_09_25,17622.20,17635.80,17614.70,17627.30,0,
19_06_2026_09_30,17627.70,17630.60,17612.30,17622.60,0,
19_06_2026_09_35,17622.10,17649.10,17616.90,17648.30,0,
19_06_2026_09_40,17648.80,17664.60,17648.60,17654.20,0,
19_06_2026_09_45,17654.20,17663.70,17647.60,17660.70,0,
19_06_2026_09_50,17660.50,17664.90,17646.30,17663.80,0,
19_06_2026_09_55,17663.70,17668.40,17656.70,17659.80,0,
19_06_2026_10_00,17659.70,17660.40,17635.40,17644.40,0,
19_06_2026_10_05,17643.30,17656.90,17636.80,17654.80,0,
19_06_2026_10_10,17654.90,17679.70,17652.20,17673.10,0,
19_06_2026_10_15,17673.10,17673.30,17659.70,17664.20,0,
19_06_2026_10_20,17664.60,17668.70,17653.20,17659.70,0,
19_06_2026_10_25,17660.70,17664.90,17642.20,17643.60,0,
19_06_2026_10_30,17643.70,17650.70,17641.80,17647.70,0,
19_06_2026_10_35,17648.10,17655.80,17637.10,17655.00,0,
19_06_2026_10_40,17654.90,17660.20,17644.80,17657.40,0,
19_06_2026_10_45,17657.30,17657.30,17645.40,17647.70,0,
19_06_2026_10_50,17647.80,17650.80,17635.90,17642.60,0,
19_06_2026_10_55,17642.40,17645.10,17636.20,17642.20,0,
19_06_2026_11_00,17642.40,17649.90,17639.40,17647.50,0,
19_06_2026_11_05,17648.00,17660.80,17645.90,17659.90,0,
19_06_2026_11_10,17660.40,17676.90,17659.30,17675.30,0,
19_06_2026_11_15,17675.30,17678.30,17666.20,17678.30,0,
19_06_2026_11_20,17677.90,17683.90,17675.40,17679.70,0,
19_06_2026_11_25,17679.80,17687.30,17675.40,17686.70,0,
19_06_2026_11_30,17687.20,17709.20,17685.20,17707.40,0,
19_06_2026_11_35,17707.40,17708.70,17690.80,17691.60,0,
19_06_2026_11_40,17691.60,17697.20,17689.20,17695.60,0,
19_06_2026_11_45,17695.60,17695.60,17677.10,17677.60,0,
19_06_2026_11_50,17677.90,17682.80,17676.80,17678.80,0,
19_06_2026_11_55,17679.40,17689.80,17677.30,17689.80,0,
19_06_2026_12_00,17689.80,17702.00,17689.80,17692.70,0,
19_06_2026_12_05,17692.80,17695.30,17686.30,17687.20,0,
19_06_2026_12_10,17687.70,17692.20,17683.10,17690.70,0,
19_06_2026_12_15,17690.70,17696.00,17688.80,17690.30,0,
19_06_2026_12_20,17690.40,17701.40,17689.30,17698.20,0,
19_06_2026_12_25,17698.20,17704.90,17695.60,17697.90,0,
19_06_2026_12_30,17698.10,17699.70,17692.70,17699.60,0,
19_06_2026_12_35,17700.10,17700.30,17693.80,17694.50,0,
19_06_2026_12_40,17694.40,17694.40,17664.20,17680.90,0,
19_06_2026_12_45,17681.20,17698.70,17681.20,17695.90,0,
19_06_2026_12_50,17695.70,17698.40,17688.80,17688.90,0,
19_06_2026_12_55,17689.20,17690.80,17677.80,17685.80,0,
19_06_2026_13_00,17685.20,17687.30,17663.00,17663.20,0,
19_06_2026_13_05,17663.10,17674.60,17661.10,17671.20,0,
19_06_2026_13_10,17671.20,17675.40,17666.30,17675.20,0,
19_06_2026_13_15,17675.20,17677.20,17668.20,17670.80,0,
19_06_2026_13_20,17670.70,17673.20,17664.30,17665.10,0,
19_06_2026_13_25,17664.90,17672.40,17661.40,17668.70,0,
19_06_2026_13_30,17669.00,17674.80,17666.70,17672.60,0,
19_06_2026_13_35,17672.40,17675.80,17666.80,17675.60,0,
19_06_2026_13_40,17675.00,17688.00,17675.00,17686.70,0,
19_06_2026_13_45,17686.40,17691.90,17680.60,17691.80,0,
19_06_2026_13_50,17691.50,17692.10,17681.20,17685.20,0,
19_06_2026_13_55,17685.40,17694.00,17685.40,17692.60,0,
19_06_2026_14_00,17692.50,17697.40,17684.40,17690.60,0,
19_06_2026_14_05,17690.80,17698.80,17686.40,17694.80,0,
19_06_2026_14_10,17694.50,17698.10,17690.90,17696.20,0,
19_06_2026_14_15,17696.70,17698.20,17690.80,17696.80,0,
19_06_2026_14_20,17696.80,17698.00,17676.20,17678.10,0,
19_06_2026_14_25,17678.70,17687.30,17676.90,17685.30,0,
19_06_2026_14_30,17685.70,17701.00,17685.40,17699.80,0,
19_06_2026_14_35,17699.90,17717.20,17698.30,17706.40,0,
19_06_2026_14_40,17706.80,17706.80,17692.60,17701.30,0,
19_06_2026_14_45,17702.20,17705.30,17694.30,17698.30,0,
19_06_2026_14_50,17696.20,17698.10,17640.40,17647.80,0,
19_06_2026_14_55,17648.00,17648.30,17626.70,17641.20,0,
19_06_2026_15_00,17637.40,17732.90,17629.40,17728.20,0,
19_06_2026_15_05,17728.90,17741.90,17727.70,17738.10,0,
19_06_2026_15_10,17738.50,17755.70,17738.00,17740.40,0,
19_06_2026_15_15,17740.10,17749.00,17726.10,17748.70,0,
19_06_2026_15_20,17748.50,17751.10,17739.80,17745.70,0,
19_06_2026_15_25,17745.80,17754.40,17745.00,17751.60,0,
22_06_2026_09_15,17804.70,17843.80,17786.80,17820.60,0,
22_06_2026_09_20,17821.60,17827.40,17809.80,17815.50,0,
22_06_2026_09_25,17816.20,17818.30,17793.00,17793.80,0,
22_06_2026_09_30,17794.10,17797.80,17773.70,17780.50,0,
22_06_2026_09_35,17780.50,17781.30,17760.10,17777.90,0,
22_06_2026_09_40,17777.90,17789.70,17771.50,17772.20,0,
22_06_2026_09_45,17772.70,17776.00,17759.90,17762.10,0,
22_06_2026_09_50,17762.40,17773.80,17760.10,17770.10,0,
22_06_2026_09_55,17769.70,17781.60,17768.70,17777.20,0,
22_06_2026_10_00,17777.80,17780.60,17765.60,17765.60,0,
22_06_2026_10_05,17765.30,17782.30,17763.00,17781.80,0,
22_06_2026_10_10,17783.20,17787.10,17778.60,17785.20,0,
22_06_2026_10_15,17785.50,17791.20,17783.20,17786.90,0,
22_06_2026_10_20,17786.50,17788.30,17777.40,17778.20,0,
22_06_2026_10_25,17777.70,17783.50,17774.70,17782.40,0,
22_06_2026_10_30,17782.60,17784.80,17773.60,17773.60,0,
22_06_2026_10_35,17773.70,17786.70,17772.20,17786.70,0,
22_06_2026_10_40,17786.50,17792.30,17782.60,17791.70,0,
22_06_2026_10_45,17791.70,17795.20,17786.20,17788.90,0,
22_06_2026_10_50,17788.80,17793.20,17784.30,17787.80,0,
22_06_2026_10_55,17788.20,17791.40,17784.20,17786.60,0,
22_06_2026_11_00,17786.70,17788.80,17778.70,17780.20,0,
22_06_2026_11_05,17779.90,17788.60,17777.50,17784.50,0,
22_06_2026_11_10,17785.00,17793.20,17783.90,17792.40,0,
22_06_2026_11_15,17792.80,17795.60,17788.40,17792.50,0,
22_06_2026_11_20,17792.80,17796.90,17791.20,17793.70,0,
22_06_2026_11_25,17793.60,17794.20,17786.30,17791.90,0,
22_06_2026_11_30,17791.80,17804.40,17789.70,17803.60,0,
22_06_2026_11_35,17803.20,17805.30,17800.10,17803.40,0,
22_06_2026_11_40,17804.10,17804.10,17791.20,17793.20,0,
22_06_2026_11_45,17792.90,17795.70,17787.90,17791.90,0,
22_06_2026_11_50,17792.10,17794.90,17788.80,17791.30,0,
22_06_2026_11_55,17791.40,17796.60,17787.80,17794.80,0,
22_06_2026_12_00,17794.90,17796.40,17788.90,17796.20,0,
22_06_2026_12_05,17796.80,17796.90,17789.60,17791.10,0,
22_06_2026_12_10,17790.80,17794.80,17789.20,17791.40,0,
22_06_2026_12_15,17791.30,17798.60,17790.90,17797.40,0,
22_06_2026_12_20,17797.40,17809.10,17796.20,17806.40,0,
22_06_2026_12_25,17806.80,17808.90,17796.40,17801.20,0,
22_06_2026_12_30,17801.20,17803.90,17798.10,17800.80,0,
22_06_2026_12_35,17801.10,17808.10,17798.20,17807.80,0,
22_06_2026_12_40,17807.20,17807.20,17801.50,17802.30,0,
22_06_2026_12_45,17802.70,17804.30,17799.20,17800.40,0,
22_06_2026_12_50,17800.40,17805.30,17800.20,17804.50,0,
22_06_2026_12_55,17804.70,17807.00,17801.10,17803.20,0,
22_06_2026_13_00,17802.90,17806.20,17800.30,17801.70,0,
22_06_2026_13_05,17801.80,17805.10,17795.70,17795.90,0,
22_06_2026_13_10,17795.60,17796.10,17785.40,17792.70,0,
22_06_2026_13_15,17792.40,17799.30,17791.80,17796.80,0,
22_06_2026_13_20,17796.50,17799.60,17795.80,17798.60,0,
22_06_2026_13_25,17798.30,17801.70,17795.60,17798.60,0,
22_06_2026_13_30,17798.90,17801.20,17794.60,17794.60,0,
22_06_2026_13_35,17794.20,17798.80,17791.30,17792.80,0,
22_06_2026_13_40,17792.70,17797.70,17785.20,17794.60,0,
22_06_2026_13_45,17794.70,17798.20,17789.00,17790.30,0,
22_06_2026_13_50,17790.50,17791.70,17785.60,17789.60,0,
22_06_2026_13_55,17789.30,17798.60,17785.60,17795.10,0,
22_06_2026_14_00,17794.90,17795.20,17785.70,17786.90,0,
22_06_2026_14_05,17786.90,17790.30,17780.40,17782.20,0,
22_06_2026_14_10,17782.10,17788.70,17781.70,17787.20,0,
22_06_2026_14_15,17787.40,17791.30,17783.70,17789.20,0,
22_06_2026_14_20,17789.00,17797.60,17788.10,17796.40,0,
22_06_2026_14_25,17797.00,17804.20,17793.90,17804.10,0,
22_06_2026_14_30,17804.10,17806.80,17791.90,17795.90,0,
22_06_2026_14_35,17796.10,17799.70,17792.20,17793.40,0,
22_06_2026_14_40,17792.90,17805.20,17792.30,17802.60,0,
22_06_2026_14_45,17803.00,17818.20,17802.10,17818.00,0,
22_06_2026_14_50,17818.30,17833.20,17818.30,17824.90,0,
22_06_2026_14_55,17825.10,17825.30,17812.30,17815.10,0,
22_06_2026_15_00,17816.70,17830.20,17804.50,17806.70,0,
22_06_2026_15_05,17807.80,17809.80,17798.30,17800.70,0,
22_06_2026_15_10,17800.90,17808.20,17798.10,17802.60,0,
22_06_2026_15_15,17803.60,17804.80,17797.30,17800.40,0,
22_06_2026_15_20,17801.30,17802.10,17787.70,17789.40,0,
22_06_2026_15_25,17788.60,17795.80,17782.80,17791.60,0,
23_06_2026_09_15,17819.30,17832.10,17788.80,17826.60,0,
23_06_2026_09_20,17825.90,17834.40,17822.20,17824.20,0,
23_06_2026_09_25,17825.40,17830.10,17810.90,17816.80,0,
23_06_2026_09_30,17815.80,17823.80,17808.60,17817.40,0,
23_06_2026_09_35,17817.40,17831.50,17815.70,17828.20,0,
23_06_2026_09_40,17828.70,17831.90,17821.20,17824.30,0,
23_06_2026_09_45,17824.00,17838.60,17822.10,17837.30,0,
23_06_2026_09_50,17837.70,17853.80,17835.50,17838.50,0,
23_06_2026_09_55,17838.40,17847.10,17835.60,17846.90,0,
23_06_2026_10_00,17846.50,17853.20,17843.90,17849.90,0,
23_06_2026_10_05,17850.40,17850.40,17840.30,17845.80,0,
23_06_2026_10_10,17845.70,17849.40,17841.10,17841.70,0,
23_06_2026_10_15,17842.30,17846.10,17834.70,17837.40,0,
23_06_2026_10_20,17836.90,17841.60,17825.80,17827.00,0,
23_06_2026_10_25,17826.60,17829.30,17813.70,17817.30,0,
23_06_2026_10_30,17816.80,17817.80,17807.10,17815.00,0,
23_06_2026_10_35,17814.50,17823.10,17808.30,17811.50,0,
23_06_2026_10_40,17811.20,17818.50,17809.70,17812.10,0,
23_06_2026_10_45,17812.10,17812.10,17796.70,17798.70,0,
23_06_2026_10_50,17798.30,17804.20,17791.00,17794.30,0,
23_06_2026_10_55,17794.20,17806.70,17794.20,17803.20,0,
23_06_2026_11_00,17803.40,17804.80,17791.30,17796.40,0,
23_06_2026_11_05,17796.10,17801.70,17791.70,17801.70,0,
23_06_2026_11_10,17801.90,17811.60,17800.80,17811.10,0,
23_06_2026_11_15,17810.80,17819.60,17810.20,17812.80,0,
23_06_2026_11_20,17812.60,17813.40,17791.90,17798.10,0,
23_06_2026_11_25,17797.80,17803.40,17791.10,17791.80,0,
23_06_2026_11_30,17791.80,17793.90,17785.30,17786.00,0,
23_06_2026_11_35,17786.20,17787.70,17768.30,17769.30,0,
23_06_2026_11_40,17769.60,17769.60,17746.50,17750.60,0,
23_06_2026_11_45,17750.60,17750.60,17722.50,17724.70,0,
23_06_2026_11_50,17724.90,17733.70,17712.90,17729.30,0,
23_06_2026_11_55,17729.80,17730.40,17688.80,17696.90,0,
23_06_2026_12_00,17696.80,17712.20,17689.60,17694.20,0,
23_06_2026_12_05,17694.80,17699.80,17688.30,17695.20,0,
23_06_2026_12_10,17695.00,17699.70,17679.50,17683.10,0,
23_06_2026_12_15,17683.20,17699.60,17679.40,17694.30,0,
23_06_2026_12_20,17693.70,17693.80,17654.50,17662.90,0,
23_06_2026_12_25,17663.30,17700.60,17663.20,17693.20,0,
23_06_2026_12_30,17693.60,17694.80,17684.30,17689.60,0,
23_06_2026_12_35,17689.60,17704.40,17688.10,17700.40,0,
23_06_2026_12_40,17700.60,17703.10,17689.70,17690.90,0,
23_06_2026_12_45,17691.40,17696.60,17671.60,17673.00,0,
23_06_2026_12_50,17672.50,17677.10,17664.20,17666.60,0,
23_06_2026_12_55,17665.90,17666.10,17656.00,17659.90,0,
23_06_2026_13_00,17660.30,17660.30,17642.70,17653.80,0,
23_06_2026_13_05,17653.50,17666.40,17653.50,17658.40,0,
23_06_2026_13_10,17658.40,17658.80,17638.80,17639.60,0,
23_06_2026_13_15,17638.90,17639.70,17625.80,17637.70,0,
23_06_2026_13_20,17637.30,17652.70,17636.80,17642.30,0,
23_06_2026_13_25,17642.80,17643.70,17625.80,17630.80,0,
23_06_2026_13_30,17631.70,17631.70,17614.90,17616.20,0,
23_06_2026_13_35,17616.30,17623.50,17611.90,17623.10,0,
23_06_2026_13_40,17623.20,17643.20,17623.20,17641.10,0,
23_06_2026_13_45,17640.80,17659.20,17639.40,17657.10,0,
23_06_2026_13_50,17657.30,17657.30,17627.50,17629.20,0,
23_06_2026_13_55,17629.70,17630.50,17620.00,17622.40,0,
23_06_2026_14_00,17621.80,17651.40,17618.80,17649.70,0,
23_06_2026_14_05,17649.20,17651.90,17633.80,17644.10,0,
23_06_2026_14_10,17643.80,17663.80,17643.80,17662.60,0,
23_06_2026_14_15,17662.50,17673.20,17652.60,17653.30,0,
23_06_2026_14_20,17652.30,17671.30,17646.30,17669.60,0,
23_06_2026_14_25,17670.20,17671.40,17654.20,17660.50,0,
23_06_2026_14_30,17660.60,17663.80,17653.80,17654.90,0,
23_06_2026_14_35,17655.10,17659.40,17645.70,17652.60,0,
23_06_2026_14_40,17652.70,17680.40,17646.80,17679.50,0,
23_06_2026_14_45,17679.70,17688.20,17669.40,17682.50,0,
23_06_2026_14_50,17682.80,17692.50,17675.10,17687.30,0,
23_06_2026_14_55,17687.30,17700.20,17684.50,17688.00,0,
23_06_2026_15_00,17690.60,17699.80,17631.90,17646.30,0,
23_06_2026_15_05,17646.30,17673.50,17646.20,17654.40,0,
23_06_2026_15_10,17654.80,17662.20,17646.00,17646.00,0,
23_06_2026_15_15,17646.20,17650.00,17618.80,17628.90,0,
23_06_2026_15_20,17628.80,17634.60,17619.80,17624.70,0,
23_06_2026_15_25,17624.10,17630.50,17618.30,17628.80,0,
24_06_2026_09_15,17632.60,17701.40,17627.60,17677.00,0,
24_06_2026_09_20,17676.60,17699.90,17673.60,17685.40,0,
24_06_2026_09_25,17685.20,17692.70,17669.70,17677.70,0,
24_06_2026_09_30,17677.30,17684.60,17652.90,17653.80,0,
24_06_2026_09_35,17653.60,17672.20,17642.50,17648.70,0,
24_06_2026_09_40,17648.80,17655.20,17623.60,17626.00,0,
24_06_2026_09_45,17626.90,17630.10,17558.10,17560.10,0,
24_06_2026_09_50,17559.50,17583.80,17552.20,17582.90,0,
24_06_2026_09_55,17582.50,17610.70,17582.20,17591.60,0,
24_06_2026_10_00,17592.10,17641.50,17592.10,17639.90,0,
24_06_2026_10_05,17639.50,17641.20,17623.10,17632.30,0,
24_06_2026_10_10,17632.30,17641.30,17624.20,17636.00,0,
24_06_2026_10_15,17636.40,17642.50,17630.00,17631.20,0,
24_06_2026_10_20,17631.20,17645.60,17629.80,17644.20,0,
24_06_2026_10_25,17644.10,17659.80,17641.20,17646.80,0,
24_06_2026_10_30,17647.60,17655.10,17635.10,17645.90,0,
24_06_2026_10_35,17646.00,17646.50,17634.30,17635.50,0,
24_06_2026_10_40,17635.10,17647.30,17634.60,17639.60,0,
24_06_2026_10_45,17639.80,17670.20,17639.70,17665.20,0,
24_06_2026_10_50,17665.10,17673.80,17662.30,17665.30,0,
24_06_2026_10_55,17664.90,17674.90,17659.90,17668.90,0,
24_06_2026_11_00,17669.30,17681.30,17667.20,17669.90,0,
24_06_2026_11_05,17669.80,17674.90,17663.30,17674.20,0,
24_06_2026_11_10,17673.90,17677.80,17671.10,17675.80,0,
24_06_2026_11_15,17675.70,17677.80,17664.90,17665.80,0,
24_06_2026_11_20,17665.70,17673.30,17663.90,17670.40,0,
24_06_2026_11_25,17670.10,17678.90,17667.40,17674.20,0,
24_06_2026_11_30,17673.80,17674.40,17654.90,17667.80,0,
24_06_2026_11_35,17666.70,17684.20,17664.10,17684.20,0,
24_06_2026_11_40,17683.80,17697.30,17677.60,17696.00,0,
24_06_2026_11_45,17695.50,17703.20,17689.40,17701.60,0,
24_06_2026_11_50,17701.40,17710.60,17700.20,17702.00,0,
24_06_2026_11_55,17701.80,17703.40,17692.40,17693.70,0,
24_06_2026_12_00,17693.60,17701.40,17691.80,17698.60,0,
24_06_2026_12_05,17698.80,17701.80,17685.10,17685.10,0,
24_06_2026_12_10,17685.40,17688.90,17677.00,17682.60,0,
24_06_2026_12_15,17682.30,17689.60,17678.80,17683.70,0,
24_06_2026_12_20,17683.40,17686.10,17679.80,17684.30,0,
24_06_2026_12_25,17684.60,17684.60,17675.20,17679.10,0,
24_06_2026_12_30,17679.00,17689.70,17669.20,17688.90,0,
24_06_2026_12_35,17688.90,17692.80,17685.20,17690.70,0,
24_06_2026_12_40,17690.70,17693.10,17685.80,17691.30,0,
24_06_2026_12_45,17692.20,17696.20,17687.00,17691.50,0,
24_06_2026_12_50,17691.20,17704.20,17689.90,17701.00,0,
24_06_2026_12_55,17701.20,17714.80,17699.40,17714.20,0,
24_06_2026_13_00,17714.20,17723.50,17712.80,17721.20,0,
24_06_2026_13_05,17721.20,17733.60,17719.40,17733.30,0,
24_06_2026_13_10,17733.60,17736.10,17729.60,17733.70,0,
24_06_2026_13_15,17733.60,17742.30,17731.80,17741.80,0,
24_06_2026_13_20,17742.20,17746.60,17735.60,17736.40,0,
24_06_2026_13_25,17736.30,17737.90,17732.80,17734.20,0,
24_06_2026_13_30,17734.70,17741.40,17729.60,17740.60,0,
24_06_2026_13_35,17740.30,17748.00,17732.20,17732.20,0,
24_06_2026_13_40,17731.80,17733.80,17725.80,17732.10,0,
24_06_2026_13_45,17732.10,17749.90,17731.50,17743.50,0,
24_06_2026_13_50,17743.30,17745.90,17738.40,17740.10,0,
24_06_2026_13_55,17740.30,17747.40,17737.20,17741.10,0,
24_06_2026_14_00,17740.60,17742.10,17732.30,17737.90,0,
24_06_2026_14_05,17738.20,17742.00,17729.10,17737.60,0,
24_06_2026_14_10,17737.20,17747.10,17736.30,17745.60,0,
24_06_2026_14_15,17746.10,17747.30,17738.10,17742.20,0,
24_06_2026_14_20,17742.10,17744.80,17737.40,17742.70,0,
24_06_2026_14_25,17742.10,17747.90,17739.30,17745.30,0,
24_06_2026_14_30,17746.10,17746.10,17727.60,17731.30,0,
24_06_2026_14_35,17731.10,17732.80,17717.40,17720.70,0,
24_06_2026_14_40,17720.60,17735.70,17719.20,17723.30,0,
24_06_2026_14_45,17724.10,17724.70,17704.80,17714.60,0,
24_06_2026_14_50,17714.60,17730.90,17713.90,17721.60,0,
24_06_2026_14_55,17721.70,17724.90,17709.30,17719.00,0,
24_06_2026_15_00,17719.30,17729.90,17694.70,17711.30,0,
24_06_2026_15_05,17712.00,17712.00,17696.30,17703.20,0,
24_06_2026_15_10,17703.80,17703.80,17685.70,17686.50,0,
24_06_2026_15_15,17686.10,17694.20,17677.20,17678.30,0,
24_06_2026_15_20,17678.20,17681.10,17671.40,17680.10,0,
24_06_2026_15_25,17678.80,17694.80,17676.30,17694.10,0,
25_06_2026_09_15,17763.10,17800.80,17749.20,17757.90,0,
25_06_2026_09_20,17758.60,17765.80,17742.40,17750.10,0,
25_06_2026_09_25,17749.80,17752.40,17733.80,17741.80,0,
25_06_2026_09_30,17742.60,17748.30,17716.10,17721.70,0,
25_06_2026_09_35,17721.60,17733.60,17714.70,17733.10,0,
25_06_2026_09_40,17733.20,17736.40,17722.60,17729.40,0,
25_06_2026_09_45,17729.10,17744.90,17724.20,17744.90,0,
25_06_2026_09_50,17744.40,17751.10,17735.80,17737.10,0,
25_06_2026_09_55,17737.10,17744.90,17734.10,17740.80,0,
25_06_2026_10_00,17741.60,17746.30,17735.80,17739.60,0,
25_06_2026_10_05,17739.60,17743.30,17724.90,17736.10,0,
25_06_2026_10_10,17736.00,17736.60,17723.90,17733.70,0,
25_06_2026_10_15,17734.00,17738.20,17723.70,17729.80,0,
25_06_2026_10_20,17729.70,17731.00,17721.90,17722.80,0,
25_06_2026_10_25,17722.90,17725.20,17716.00,17725.00,0,
25_06_2026_10_30,17724.90,17752.50,17724.90,17747.80,0,
25_06_2026_10_35,17748.10,17757.80,17746.80,17750.10,0,
25_06_2026_10_40,17750.60,17753.10,17747.20,17748.70,0,
25_06_2026_10_45,17749.10,17757.20,17747.40,17755.90,0,
25_06_2026_10_50,17756.00,17756.80,17745.40,17746.80,0,
25_06_2026_10_55,17747.00,17756.50,17743.60,17755.80,0,
25_06_2026_11_00,17756.20,17756.60,17739.70,17745.20,0,
25_06_2026_11_05,17745.40,17749.30,17741.20,17743.30,0,
25_06_2026_11_10,17743.20,17748.80,17741.90,17744.40,0,
25_06_2026_11_15,17744.60,17746.10,17733.10,17734.30,0,
25_06_2026_11_20,17734.30,17738.20,17729.50,17731.40,0,
25_06_2026_11_25,17731.70,17738.10,17730.30,17737.80,0,
25_06_2026_11_30,17738.40,17739.90,17731.60,17738.30,0,
25_06_2026_11_35,17738.80,17744.20,17736.20,17743.30,0,
25_06_2026_11_40,17743.40,17744.40,17727.10,17727.60,0,
25_06_2026_11_45,17728.00,17734.60,17724.70,17732.80,0,
25_06_2026_11_50,17732.90,17734.90,17719.20,17721.20,0,
25_06_2026_11_55,17721.20,17731.80,17721.20,17729.80,0,
25_06_2026_12_00,17730.30,17739.60,17729.30,17739.60,0,
25_06_2026_12_05,17739.40,17744.20,17733.60,17743.40,0,
25_06_2026_12_10,17743.50,17745.90,17736.40,17737.10,0,
25_06_2026_12_15,17737.50,17737.50,17727.60,17728.40,0,
25_06_2026_12_20,17728.70,17730.10,17722.30,17728.00,0,
25_06_2026_12_25,17727.40,17728.90,17701.90,17706.60,0,
25_06_2026_12_30,17706.50,17708.80,17686.10,17696.80,0,
25_06_2026_12_35,17696.80,17716.20,17696.80,17715.10,0,
25_06_2026_12_40,17715.00,17716.20,17700.30,17701.20,0,
25_06_2026_12_45,17701.50,17704.30,17693.40,17695.70,0,
25_06_2026_12_50,17696.00,17707.50,17694.70,17704.80,0,
25_06_2026_12_55,17704.80,17707.80,17693.80,17699.20,0,
25_06_2026_13_00,17699.30,17713.30,17692.20,17709.30,0,
25_06_2026_13_05,17708.80,17712.30,17700.60,17705.30,0,
25_06_2026_13_10,17705.30,17711.10,17681.60,17682.80,0,
25_06_2026_13_15,17683.30,17708.30,17682.30,17707.30,0,
25_06_2026_13_20,17707.80,17717.80,17706.70,17716.20,0,
25_06_2026_13_25,17716.60,17716.60,17698.40,17702.20,0,
25_06_2026_13_30,17701.90,17708.30,17693.30,17703.80,0,
25_06_2026_13_35,17703.00,17715.20,17698.30,17714.30,0,
25_06_2026_13_40,17713.90,17718.60,17708.60,17712.40,0,
25_06_2026_13_45,17712.20,17716.40,17708.60,17713.30,0,
25_06_2026_13_50,17714.20,17717.90,17699.10,17699.10,0,
25_06_2026_13_55,17699.40,17703.50,17689.40,17694.40,0,
25_06_2026_14_00,17694.00,17697.80,17689.00,17695.20,0,
25_06_2026_14_05,17694.80,17694.80,17679.30,17680.00,0,
25_06_2026_14_10,17680.10,17681.80,17661.20,17663.40,0,
25_06_2026_14_15,17663.20,17663.20,17644.00,17647.20,0,
25_06_2026_14_20,17647.10,17651.40,17635.60,17641.60,0,
25_06_2026_14_25,17641.80,17649.70,17634.50,17647.80,0,
25_06_2026_14_30,17647.30,17654.80,17646.80,17651.70,0,
25_06_2026_14_35,17651.60,17663.90,17641.80,17641.80,0,
25_06_2026_14_40,17642.20,17643.20,17616.20,17618.80,0,
25_06_2026_14_45,17618.40,17629.90,17610.00,17615.20,0,
25_06_2026_14_50,17614.50,17638.30,17610.20,17629.90,0,
25_06_2026_14_55,17628.80,17628.80,17610.70,17615.80,0,
25_06_2026_15_00,17614.90,17615.10,17583.80,17599.70,0,
25_06_2026_15_05,17600.20,17608.30,17589.90,17592.20,0,
25_06_2026_15_10,17592.60,17597.10,17587.40,17588.90,0,
25_06_2026_15_15,17588.90,17592.80,17581.30,17583.90,0,
25_06_2026_15_20,17584.80,17585.80,17568.50,17577.90,0,
25_06_2026_15_25,17577.40,17596.90,17568.10,17595.50,0,
29_06_2026_09_15,17575.30,17635.80,17562.70,17599.00,0,
29_06_2026_09_20,17598.70,17623.70,17586.40,17586.90,0,
29_06_2026_09_25,17586.80,17597.70,17575.70,17587.30,0,
29_06_2026_09_30,17586.80,17605.60,17576.70,17580.80,0,
29_06_2026_09_35,17580.40,17606.10,17561.90,17598.70,0,
29_06_2026_09_40,17598.00,17613.70,17593.40,17601.20,0,
29_06_2026_09_45,17601.10,17602.20,17578.50,17580.30,0,
29_06_2026_09_50,17579.70,17597.80,17579.10,17586.80,0,
29_06_2026_09_55,17586.40,17590.30,17570.50,17573.50,0,
29_06_2026_10_00,17574.00,17583.90,17560.20,17563.20,0,
29_06_2026_10_05,17562.00,17588.80,17558.70,17586.60,0,
29_06_2026_10_10,17586.40,17588.70,17571.10,17572.40,0,
29_06_2026_10_15,17571.40,17574.30,17554.10,17556.30,0,
29_06_2026_10_20,17556.80,17575.90,17549.90,17573.10,0,
29_06_2026_10_25,17573.10,17596.50,17572.70,17588.00,0,
29_06_2026_10_30,17587.40,17589.90,17577.60,17579.10,0,
29_06_2026_10_35,17578.10,17581.00,17563.80,17567.80,0,
29_06_2026_10_40,17568.10,17579.20,17559.20,17572.20,0,
29_06_2026_10_45,17571.80,17572.60,17555.50,17556.70,0,
29_06_2026_10_50,17556.40,17556.40,17531.80,17534.80,0,
29_06_2026_10_55,17534.60,17546.10,17531.70,17533.80,0,
29_06_2026_11_00,17533.20,17538.50,17527.20,17537.20,0,
29_06_2026_11_05,17537.10,17537.80,17518.40,17533.70,0,
29_06_2026_11_10,17533.10,17538.00,17525.30,17525.30,0,
29_06_2026_11_15,17525.10,17534.20,17519.50,17533.50,0,
29_06_2026_11_20,17533.50,17539.40,17527.80,17532.10,0,
29_06_2026_11_25,17532.30,17535.70,17526.40,17531.80,0,
29_06_2026_11_30,17530.10,17539.80,17500.50,17504.80,0,
29_06_2026_11_35,17504.60,17525.80,17504.30,17517.10,0,
29_06_2026_11_40,17517.10,17521.80,17509.70,17510.80,0,
29_06_2026_11_45,17509.30,17518.00,17506.20,17508.60,0,
29_06_2026_11_50,17508.70,17515.30,17502.30,17504.00,0,
29_06_2026_11_55,17504.20,17509.70,17497.60,17498.20,0,
29_06_2026_12_00,17499.80,17508.90,17496.40,17503.10,0,
29_06_2026_12_05,17503.30,17504.70,17488.10,17493.10,0,
29_06_2026_12_10,17492.60,17493.70,17475.10,17478.80,0,
29_06_2026_12_15,17479.30,17481.10,17458.80,17460.80,0,
29_06_2026_12_20,17460.80,17472.30,17458.60,17465.60,0,
29_06_2026_12_25,17465.70,17467.30,17449.70,17455.70,0,
29_06_2026_12_30,17455.70,17459.90,17442.30,17450.40,0,
29_06_2026_12_35,17450.90,17455.30,17443.20,17443.20,0,
29_06_2026_12_40,17443.50,17449.80,17437.20,17449.30,0,
29_06_2026_12_45,17449.40,17462.40,17447.90,17452.30,0,
29_06_2026_12_50,17451.80,17466.80,17451.40,17463.60,0,
29_06_2026_12_55,17463.20,17478.20,17462.20,17474.90,0,
29_06_2026_13_00,17474.70,17481.80,17468.20,17473.80,0,
29_06_2026_13_05,17473.60,17481.80,17468.10,17480.20,0,
29_06_2026_13_10,17480.50,17491.40,17478.40,17489.40,0,
29_06_2026_13_15,17489.40,17490.70,17471.30,17476.10,0,
29_06_2026_13_20,17476.50,17487.80,17474.30,17480.70,0,
29_06_2026_13_25,17480.70,17494.30,17479.90,17492.80,0,
29_06_2026_13_30,17492.40,17499.90,17483.60,17484.30,0,
29_06_2026_13_35,17483.90,17495.40,17480.30,17493.40,0,
29_06_2026_13_40,17493.90,17500.30,17484.50,17486.90,0,
29_06_2026_13_45,17486.30,17497.10,17485.30,17489.90,0,
29_06_2026_13_50,17489.20,17491.90,17475.80,17490.20,0,
29_06_2026_13_55,17489.50,17495.40,17486.50,17489.40,0,
29_06_2026_14_00,17489.60,17496.20,17485.60,17491.40,0,
29_06_2026_14_05,17491.10,17505.50,17487.20,17498.20,0,
29_06_2026_14_10,17498.80,17515.60,17496.10,17514.40,0,
29_06_2026_14_15,17515.30,17515.40,17502.80,17509.90,0,
29_06_2026_14_20,17510.10,17515.20,17495.60,17495.90,0,
29_06_2026_14_25,17496.10,17506.00,17489.40,17500.20,0,
29_06_2026_14_30,17500.50,17524.90,17496.70,17520.20,0,
29_06_2026_14_35,17519.90,17521.20,17498.80,17502.40,0,
29_06_2026_14_40,17502.80,17515.30,17502.30,17507.30,0,
29_06_2026_14_45,17506.80,17506.80,17479.20,17487.90,0,
29_06_2026_14_50,17488.10,17488.20,17470.90,17482.40,0,
29_06_2026_14_55,17482.60,17491.60,17470.80,17471.80,0,
29_06_2026_15_00,17471.70,17514.20,17462.70,17492.10,0,
29_06_2026_15_05,17491.50,17521.70,17486.10,17519.10,0,
29_06_2026_15_10,17519.20,17519.20,17498.80,17515.80,0,
29_06_2026_15_15,17515.40,17538.70,17513.20,17538.00,0,
29_06_2026_15_20,17536.50,17552.90,17535.70,17546.80,0,
29_06_2026_15_25,17546.50,17571.80,17546.00,17553.20,0,
30_06_2026_09_15,17569.20,17589.80,17509.40,17521.70,0,
30_06_2026_09_20,17521.80,17524.50,17495.40,17499.70,0,
30_06_2026_09_25,17499.60,17511.90,17492.20,17494.30,0,
30_06_2026_09_30,17494.60,17497.90,17477.40,17487.30,0,
30_06_2026_09_35,17486.90,17503.60,17484.10,17493.70,0,
30_06_2026_09_40,17493.20,17501.50,17491.10,17495.80,0,
30_06_2026_09_45,17495.80,17499.80,17475.60,17480.20,0,
30_06_2026_09_50,17480.60,17518.60,17477.80,17511.80,0,
30_06_2026_09_55,17511.60,17520.70,17508.30,17516.10,0,
30_06_2026_10_00,17515.80,17539.20,17515.10,17539.20,0,
30_06_2026_10_05,17539.20,17539.70,17505.50,17506.30,0,
30_06_2026_10_10,17505.30,17527.30,17505.30,17523.30,0,
30_06_2026_10_15,17522.70,17523.20,17514.90,17519.40,0,
30_06_2026_10_20,17518.90,17523.10,17504.00,17522.30,0,
30_06_2026_10_25,17522.70,17534.80,17519.20,17534.20,0,
30_06_2026_10_30,17534.20,17538.10,17531.90,17538.10,0,
30_06_2026_10_35,17537.70,17541.80,17526.70,17527.60,0,
30_06_2026_10_40,17527.80,17533.50,17521.40,17530.90,0,
30_06_2026_10_45,17531.20,17540.90,17528.00,17540.10,0,
30_06_2026_10_50,17540.60,17550.90,17540.20,17546.70,0,
30_06_2026_10_55,17546.80,17548.40,17535.20,17536.10,0,
30_06_2026_11_00,17535.60,17542.60,17531.10,17532.20,0,
30_06_2026_11_05,17532.80,17537.80,17531.40,17535.60,0,
30_06_2026_11_10,17535.80,17562.80,17534.50,17562.80,0,
30_06_2026_11_15,17562.90,17571.90,17562.90,17571.60,0,
30_06_2026_11_20,17571.10,17592.70,17568.00,17592.10,0,
30_06_2026_11_25,17592.10,17595.60,17586.60,17586.80,0,
30_06_2026_11_30,17584.40,17587.30,17573.10,17579.20,0,
30_06_2026_11_35,17578.60,17585.40,17566.30,17584.70,0,
30_06_2026_11_40,17584.80,17589.20,17578.40,17584.30,0,
30_06_2026_11_45,17584.30,17590.80,17579.50,17585.20,0,
30_06_2026_11_50,17585.10,17608.40,17584.30,17607.60,0,
30_06_2026_11_55,17608.10,17619.80,17608.10,17616.30,0,
30_06_2026_12_00,17616.00,17621.10,17602.90,17616.50,0,
30_06_2026_12_05,17616.50,17625.40,17612.30,17619.60,0,
30_06_2026_12_10,17619.20,17620.60,17610.60,17613.80,0,
30_06_2026_12_15,17613.30,17617.20,17609.70,17614.40,0,
30_06_2026_12_20,17613.80,17619.30,17609.80,17619.30,0,
30_06_2026_12_25,17619.20,17621.30,17614.80,17618.40,0,
30_06_2026_12_30,17618.10,17618.60,17595.80,17596.10,0,
30_06_2026_12_35,17595.80,17605.40,17593.10,17602.70,0,
30_06_2026_12_40,17602.90,17606.30,17598.70,17598.80,0,
30_06_2026_12_45,17598.80,17604.80,17597.50,17603.80,0,
30_06_2026_12_50,17603.10,17604.10,17591.10,17597.60,0,
30_06_2026_12_55,17597.50,17602.80,17595.00,17598.90,0,
30_06_2026_13_00,17598.20,17601.10,17586.10,17592.60,0,
30_06_2026_13_05,17592.40,17597.40,17591.20,17596.40,0,
30_06_2026_13_10,17596.10,17599.20,17590.00,17592.10,0,
30_06_2026_13_15,17591.80,17598.80,17588.70,17590.20,0,
30_06_2026_13_20,17590.20,17591.80,17583.40,17590.20,0,
30_06_2026_13_25,17589.80,17608.10,17589.30,17607.50,0,
30_06_2026_13_30,17607.80,17620.70,17606.50,17618.90,0,
30_06_2026_13_35,17618.90,17620.90,17612.50,17616.30,0,
30_06_2026_13_40,17616.30,17626.40,17614.90,17617.40,0,
30_06_2026_13_45,17617.00,17625.20,17614.70,17619.20,0,
30_06_2026_13_50,17619.70,17629.00,17612.10,17613.30,0,
30_06_2026_13_55,17613.60,17614.90,17605.80,17610.20,0,
30_06_2026_14_00,17611.20,17614.90,17597.80,17601.50,0,
30_06_2026_14_05,17602.10,17619.60,17601.30,17617.90,0,
30_06_2026_14_10,17618.70,17618.70,17608.20,17610.90,0,
30_06_2026_14_15,17611.60,17625.40,17605.70,17620.30,0,
30_06_2026_14_20,17619.80,17643.60,17616.20,17643.60,0,
30_06_2026_14_25,17643.60,17669.00,17643.60,17652.20,0,
30_06_2026_14_30,17652.40,17657.90,17639.40,17648.10,0,
30_06_2026_14_35,17648.40,17651.20,17641.60,17647.00,0,
30_06_2026_14_40,17646.60,17664.20,17646.00,17659.80,0,
30_06_2026_14_45,17659.40,17660.80,17652.10,17658.10,0,
30_06_2026_14_50,17658.00,17659.00,17649.80,17656.00,0,
30_06_2026_14_55,17656.00,17659.80,17626.30,17641.40,0,
30_06_2026_15_00,17640.40,17640.40,17569.80,17580.60,0,
30_06_2026_15_05,17580.00,17598.10,17576.20,17598.00,0,
30_06_2026_15_10,17597.20,17601.10,17590.80,17597.60,0,
30_06_2026_15_15,17597.90,17602.90,17587.90,17595.60,0,
30_06_2026_15_20,17595.80,17600.00,17591.30,17595.10,0,
30_06_2026_15_25,17595.20,17622.40,17594.10,17618.00,0,
01_07_2026_09_15,17642.90,17690.70,17639.10,17660.70,0,
01_07_2026_09_20,17660.80,17662.70,17643.60,17647.30,0,
01_07_2026_09_25,17647.30,17665.40,17636.20,17660.90,0,
01_07_2026_09_30,17659.10,17691.20,17656.70,17668.10,0,
01_07_2026_09_35,17669.20,17675.80,17661.70,17662.40,0,
01_07_2026_09_40,17661.80,17662.30,17637.60,17654.90,0,
01_07_2026_09_45,17654.80,17678.90,17654.80,17660.20,0,
01_07_2026_09_50,17660.70,17665.90,17652.90,17664.90,0,
01_07_2026_09_55,17664.40,17672.90,17655.10,17655.30,0,
01_07_2026_10_00,17655.40,17671.60,17652.20,17655.70,0,
01_07_2026_10_05,17655.20,17665.70,17651.20,17665.70,0,
01_07_2026_10_10,17665.40,17672.10,17655.30,17671.70,0,
01_07_2026_10_15,17671.50,17695.00,17671.10,17694.40,0,
01_07_2026_10_20,17695.10,17702.10,17683.40,17687.10,0,
01_07_2026_10_25,17687.90,17689.90,17670.20,17671.60,0,
01_07_2026_10_30,17672.00,17690.10,17672.00,17676.20,0,
01_07_2026_10_35,17676.40,17683.10,17661.20,17669.40,0,
01_07_2026_10_40,17669.40,17672.90,17654.40,17657.60,0,
01_07_2026_10_45,17657.20,17684.30,17657.20,17676.80,0,
01_07_2026_10_50,17677.10,17690.80,17671.00,17687.90,0,
01_07_2026_10_55,17688.70,17691.80,17682.20,17684.80,0,
01_07_2026_11_00,17685.60,17695.70,17684.80,17690.50,0,
01_07_2026_11_05,17690.40,17694.40,17685.90,17693.90,0,
01_07_2026_11_10,17693.20,17714.10,17693.20,17713.40,0,
01_07_2026_11_15,17712.30,17719.80,17710.80,17710.80,0,
01_07_2026_11_20,17710.10,17713.10,17699.80,17702.60,0,
01_07_2026_11_25,17703.20,17703.40,17697.20,17700.40,0,
01_07_2026_11_30,17700.80,17707.70,17691.80,17693.40,0,
01_07_2026_11_35,17693.80,17702.10,17688.40,17699.40,0,
01_07_2026_11_40,17698.40,17704.70,17697.30,17703.20,0,
01_07_2026_11_45,17703.60,17709.80,17700.30,17700.40,0,
01_07_2026_11_50,17700.10,17700.60,17684.20,17688.80,0,
01_07_2026_11_55,17688.30,17703.70,17686.80,17703.70,0,
01_07_2026_12_00,17703.90,17708.80,17699.70,17707.40,0,
01_07_2026_12_05,17707.70,17710.30,17702.40,17709.20,0,
01_07_2026_12_10,17709.20,17712.50,17696.00,17699.60,0,
01_07_2026_12_15,17699.20,17699.20,17686.80,17691.10,0,
01_07_2026_12_20,17691.60,17696.70,17685.80,17694.90,0,
01_07_2026_12_25,17694.80,17696.60,17661.70,17663.80,0,
01_07_2026_12_30,17663.70,17701.10,17663.70,17696.80,0,
01_07_2026_12_35,17697.10,17707.10,17693.80,17706.40,0,
01_07_2026_12_40,17706.60,17707.20,17690.80,17693.40,0,
01_07_2026_12_45,17693.20,17697.20,17691.30,17691.80,0,
01_07_2026_12_50,17691.70,17696.20,17683.70,17685.90,0,
01_07_2026_12_55,17686.20,17695.30,17682.70,17693.80,0,
01_07_2026_13_00,17693.60,17695.30,17671.70,17676.20,0,
01_07_2026_13_05,17676.10,17687.10,17675.40,17685.80,0,
01_07_2026_13_10,17685.70,17695.70,17680.20,17695.20,0,
01_07_2026_13_15,17696.20,17696.70,17690.30,17690.70,0,
01_07_2026_13_20,17690.80,17692.70,17683.50,17684.80,0,
01_07_2026_13_25,17684.80,17689.40,17680.20,17680.60,0,
01_07_2026_13_30,17680.80,17687.00,17676.70,17685.20,0,
01_07_2026_13_35,17685.20,17700.40,17684.90,17698.00,0,
01_07_2026_13_40,17697.90,17702.50,17694.10,17700.30,0,
01_07_2026_13_45,17700.30,17705.40,17696.10,17703.60,0,
01_07_2026_13_50,17703.70,17712.50,17702.90,17707.70,0,
01_07_2026_13_55,17707.40,17714.20,17699.20,17699.20,0,
01_07_2026_14_00,17698.80,17700.80,17684.80,17700.30,0,
01_07_2026_14_05,17700.70,17703.80,17697.90,17701.90,0,
01_07_2026_14_10,17701.70,17706.40,17698.70,17703.10,0,
01_07_2026_14_15,17704.10,17705.80,17692.10,17693.60,0,
01_07_2026_14_20,17692.90,17699.30,17687.40,17695.00,0,
01_07_2026_14_25,17694.90,17694.90,17682.80,17684.20,0,
01_07_2026_14_30,17684.40,17696.20,17682.40,17690.70,0,
01_07_2026_14_35,17690.80,17699.90,17678.80,17679.20,0,
01_07_2026_14_40,17678.80,17703.10,17669.10,17701.10,0,
01_07_2026_14_45,17701.10,17705.30,17694.20,17695.60,0,
01_07_2026_14_50,17696.90,17709.10,17695.80,17708.20,0,
01_07_2026_14_55,17708.30,17728.10,17705.10,17722.60,0,
01_07_2026_15_00,17723.80,17730.80,17712.60,17725.20,0,
01_07_2026_15_05,17724.80,17726.90,17719.70,17725.10,0,
01_07_2026_15_10,17725.50,17727.10,17717.60,17717.90,0,
01_07_2026_15_15,17718.20,17723.20,17704.90,17705.20,0,
01_07_2026_15_20,17705.80,17707.20,17698.60,17704.10,0,
01_07_2026_15_25,17703.30,17714.60,17699.00,17705.30,0,
02_07_2026_09_15,17799.30,17804.60,17761.50,17774.80,0,
02_07_2026_09_20,17774.80,17791.30,17765.30,17786.20,0,
02_07_2026_09_25,17787.20,17790.70,17773.10,17780.30,0,
02_07_2026_09_30,17777.30,17790.50,17770.80,17772.20,0,
02_07_2026_09_35,17772.40,17797.30,17772.10,17790.20,0,
02_07_2026_09_40,17788.80,17793.80,17782.20,17785.60,0,
02_07_2026_09_45,17785.60,17799.70,17783.10,17789.40,0,
02_07_2026_09_50,17789.80,17795.30,17775.30,17794.50,0,
02_07_2026_09_55,17794.80,17810.20,17794.80,17805.70,0,
02_07_2026_10_00,17805.80,17813.40,17802.00,17812.60,0,
02_07_2026_10_05,17813.20,17815.80,17797.80,17813.70,0,
02_07_2026_10_10,17813.90,17841.00,17811.50,17816.80,0,
02_07_2026_10_15,17816.10,17830.50,17812.30,17819.90,0,
02_07_2026_10_20,17820.40,17826.40,17814.90,17816.90,0,
02_07_2026_10_25,17816.90,17827.00,17813.50,17824.30,0,
02_07_2026_10_30,17824.70,17825.60,17813.20,17813.70,0,
02_07_2026_10_35,17814.10,17820.50,17810.10,17814.40,0,
02_07_2026_10_40,17815.10,17818.80,17806.80,17812.80,0,
02_07_2026_10_45,17812.60,17819.80,17809.30,17810.20,0,
02_07_2026_10_50,17810.10,17811.00,17797.90,17798.50,0,
02_07_2026_10_55,17798.90,17811.70,17796.50,17809.80,0,
02_07_2026_11_00,17810.00,17813.90,17802.10,17806.50,0,
02_07_2026_11_05,17806.60,17809.30,17801.10,17803.90,0,
02_07_2026_11_10,17804.10,17812.40,17802.20,17812.30,0,
02_07_2026_11_15,17812.40,17823.90,17807.90,17817.00,0,
02_07_2026_11_20,17817.10,17822.70,17813.90,17821.80,0,
02_07_2026_11_25,17822.60,17825.10,17814.10,17815.00,0,
02_07_2026_11_30,17815.20,17818.40,17807.80,17810.70,0,
02_07_2026_11_35,17810.20,17815.10,17804.90,17809.90,0,
02_07_2026_11_40,17809.70,17809.70,17799.60,17803.80,0,
02_07_2026_11_45,17803.50,17819.20,17803.50,17818.10,0,
02_07_2026_11_50,17818.40,17823.90,17817.70,17820.30,0,
02_07_2026_11_55,17820.60,17834.00,17818.90,17829.90,0,
02_07_2026_12_00,17829.90,17841.20,17828.70,17834.60,0,
02_07_2026_12_05,17834.70,17843.90,17834.30,17837.90,0,
02_07_2026_12_10,17837.80,17838.80,17832.30,17835.40,0,
02_07_2026_12_15,17835.70,17845.80,17833.20,17844.40,0,
02_07_2026_12_20,17844.40,17847.80,17835.70,17840.30,0,
02_07_2026_12_25,17840.40,17840.90,17833.20,17838.00,0,
02_07_2026_12_30,17837.60,17837.60,17828.10,17831.10,0,
02_07_2026_12_35,17831.30,17835.60,17826.60,17832.00,0,
02_07_2026_12_40,17832.00,17834.10,17818.20,17818.20,0,
02_07_2026_12_45,17817.70,17819.80,17806.20,17806.70,0,
02_07_2026_12_50,17806.40,17806.40,17784.00,17791.80,0,
02_07_2026_12_55,17791.50,17792.30,17774.70,17776.60,0,
02_07_2026_13_00,17777.40,17791.90,17771.20,17790.80,0,
02_07_2026_13_05,17790.70,17809.30,17789.60,17805.10,0,
02_07_2026_13_10,17804.80,17810.40,17800.60,17806.50,0,
02_07_2026_13_15,17806.40,17808.70,17801.40,17802.40,0,
02_07_2026_13_20,17802.30,17805.30,17792.20,17803.20,0,
02_07_2026_13_25,17802.70,17803.20,17793.90,17794.40,0,
02_07_2026_13_30,17794.80,17801.20,17790.70,17800.70,0,
02_07_2026_13_35,17799.90,17802.20,17780.60,17795.40,0,
02_07_2026_13_40,17795.30,17803.80,17792.60,17799.70,0,
02_07_2026_13_45,17799.90,17800.50,17786.70,17792.90,0,
02_07_2026_13_50,17793.20,17797.80,17786.20,17786.20,0,
02_07_2026_13_55,17786.20,17794.80,17783.20,17794.30,0,
02_07_2026_14_00,17794.20,17799.20,17792.40,17795.60,0,
02_07_2026_14_05,17795.80,17800.40,17789.60,17791.00,0,
02_07_2026_14_10,17791.00,17792.70,17785.20,17787.80,0,
02_07_2026_14_15,17788.10,17794.20,17785.10,17790.80,0,
02_07_2026_14_20,17790.80,17807.40,17789.90,17802.70,0,
02_07_2026_14_25,17802.70,17803.70,17790.80,17793.20,0,
02_07_2026_14_30,17792.60,17798.00,17792.60,17793.90,0,
02_07_2026_14_35,17794.10,17802.70,17789.30,17801.20,0,
02_07_2026_14_40,17801.50,17801.50,17793.90,17798.20,0,
02_07_2026_14_45,17797.20,17815.20,17795.90,17810.90,0,
02_07_2026_14_50,17810.70,17815.10,17806.80,17814.20,0,
02_07_2026_14_55,17813.90,17814.60,17807.90,17814.60,0,
02_07_2026_15_00,17815.20,17817.80,17804.20,17811.00,0,
02_07_2026_15_05,17811.00,17819.00,17807.50,17813.40,0,
02_07_2026_15_10,17814.10,17814.80,17805.20,17806.80,0,
02_07_2026_15_15,17807.60,17810.20,17799.80,17800.20,0,
02_07_2026_15_20,17800.40,17807.70,17797.60,17807.20,0,
02_07_2026_15_25,17806.70,17808.10,17793.70,17800.00,0,
03_07_2026_09_15,17890.90,17890.90,17841.80,17851.80,0,
03_07_2026_09_20,17852.10,17858.50,17840.00,17851.30,0,
03_07_2026_09_25,17850.80,17855.80,17835.10,17837.10,0,
03_07_2026_09_30,17836.20,17845.10,17828.80,17834.50,0,
03_07_2026_09_35,17834.50,17862.80,17828.60,17852.20,0,
03_07_2026_09_40,17852.40,17860.40,17844.20,17846.10,0,
03_07_2026_09_45,17846.80,17857.70,17840.80,17853.80,0,
03_07_2026_09_50,17854.10,17865.10,17853.70,17861.10,0,
03_07_2026_09_55,17860.60,17867.20,17849.20,17866.90,0,
03_07_2026_10_00,17867.40,17872.60,17854.20,17860.10,0,
03_07_2026_10_05,17859.80,17869.60,17856.20,17865.80,0,
03_07_2026_10_10,17865.80,17868.40,17849.70,17857.40,0,
03_07_2026_10_15,17857.20,17859.70,17838.30,17845.20,0,
03_07_2026_10_20,17844.30,17846.20,17822.90,17829.70,0,
03_07_2026_10_25,17829.10,17845.20,17824.20,17843.70,0,
03_07_2026_10_30,17843.90,17853.70,17842.70,17845.30,0,
03_07_2026_10_35,17845.70,17852.30,17840.60,17845.90,0,
03_07_2026_10_40,17846.20,17850.40,17831.30,17834.00,0,
03_07_2026_10_45,17834.30,17845.80,17831.20,17843.40,0,
03_07_2026_10_50,17843.80,17845.90,17838.10,17839.90,0,
03_07_2026_10_55,17840.30,17840.30,17830.10,17830.80,0,
03_07_2026_11_00,17831.20,17838.40,17829.70,17831.50,0,
03_07_2026_11_05,17831.90,17835.90,17822.60,17825.20,0,
03_07_2026_11_10,17824.70,17830.50,17820.60,17826.30,0,
03_07_2026_11_15,17825.90,17835.50,17824.40,17835.50,0,
03_07_2026_11_20,17835.50,17841.10,17827.70,17832.10,0,
03_07_2026_11_25,17831.60,17835.00,17823.60,17824.50,0,
03_07_2026_11_30,17824.70,17831.00,17815.30,17821.40,0,
03_07_2026_11_35,17821.30,17824.40,17810.20,17816.90,0,
03_07_2026_11_40,17817.20,17825.20,17814.50,17814.90,0,
03_07_2026_11_45,17815.20,17822.10,17812.30,17817.50,0,
03_07_2026_11_50,17817.60,17838.20,17816.20,17836.50,0,
03_07_2026_11_55,17835.60,17839.80,17826.20,17828.20,0,
03_07_2026_12_00,17829.00,17841.80,17828.90,17839.00,0,
03_07_2026_12_05,17838.70,17843.70,17833.60,17834.60,0,
03_07_2026_12_10,17834.30,17835.60,17824.20,17828.50,0,
03_07_2026_12_15,17828.70,17834.80,17826.20,17834.10,0,
03_07_2026_12_20,17834.40,17836.70,17823.70,17826.10,0,
03_07_2026_12_25,17825.90,17829.90,17818.10,17822.40,0,
03_07_2026_12_30,17822.80,17824.40,17813.70,17818.30,0,
03_07_2026_12_35,17818.30,17824.80,17793.20,17797.70,0,
03_07_2026_12_40,17797.80,17806.80,17793.00,17805.60,0,
03_07_2026_12_45,17805.80,17816.20,17802.90,17816.20,0,
03_07_2026_12_50,17815.80,17821.20,17809.60,17811.10,0,
03_07_2026_12_55,17810.60,17812.50,17800.30,17804.60,0,
03_07_2026_13_00,17804.20,17805.60,17787.20,17790.60,0,
03_07_2026_13_05,17790.40,17791.00,17777.40,17780.80,0,
03_07_2026_13_10,17781.90,17792.80,17779.20,17790.50,0,
03_07_2026_13_15,17790.60,17797.40,17786.90,17794.50,0,
03_07_2026_13_20,17793.90,17803.00,17793.90,17797.40,0,
03_07_2026_13_25,17797.80,17801.50,17793.10,17797.40,0,
03_07_2026_13_30,17797.80,17799.70,17789.00,17790.20,0,
03_07_2026_13_35,17790.20,17791.80,17777.20,17784.30,0,
03_07_2026_13_40,17784.70,17796.80,17782.80,17784.10,0,
03_07_2026_13_45,17783.60,17786.40,17777.90,17781.90,0,
03_07_2026_13_50,17781.80,17791.10,17781.30,17787.50,0,
03_07_2026_13_55,17787.40,17787.80,17778.60,17780.40,0,
03_07_2026_14_00,17779.80,17788.40,17775.00,17776.90,0,
03_07_2026_14_05,17776.40,17787.80,17776.30,17785.30,0,
03_07_2026_14_10,17784.90,17793.60,17781.30,17786.70,0,
03_07_2026_14_15,17786.80,17792.10,17782.80,17785.30,0,
03_07_2026_14_20,17785.40,17787.10,17767.60,17775.80,0,
03_07_2026_14_25,17775.40,17779.20,17771.60,17775.40,0,
03_07_2026_14_30,17775.90,17794.90,17774.30,17791.90,0,
03_07_2026_14_35,17791.80,17792.60,17781.80,17787.80,0,
03_07_2026_14_40,17787.70,17791.70,17776.80,17778.10,0,
03_07_2026_14_45,17777.90,17789.70,17771.70,17789.70,0,
03_07_2026_14_50,17789.40,17790.60,17777.90,17782.70,0,
03_07_2026_14_55,17782.20,17787.10,17771.40,17775.00,0,
03_07_2026_15_00,17776.30,17799.70,17776.20,17790.80,0,
03_07_2026_15_05,17791.20,17803.40,17790.70,17797.70,0,
03_07_2026_15_10,17797.70,17801.40,17782.70,17783.90,0,
03_07_2026_15_15,17784.20,17787.70,17778.10,17782.70,0,
03_07_2026_15_20,17783.30,17788.80,17769.10,17775.60,0,
03_07_2026_15_25,17775.50,17777.70,17769.00,17773.10,0,
06_07_2026_09_15,17819.70,17831.80,17793.20,17809.30,0,
06_07_2026_09_20,17808.20,17808.20,17765.20,17773.90,0,
06_07_2026_09_25,17774.20,17794.40,17773.20,17794.20,0,
06_07_2026_09_30,17795.40,17810.20,17789.30,17803.80,0,
06_07_2026_09_35,17804.30,17807.80,17781.80,17784.50,0,
06_07_2026_09_40,17783.80,17791.50,17778.90,17781.50,0,
06_07_2026_09_45,17781.60,17794.60,17781.60,17791.40,0,
06_07_2026_09_50,17792.50,17802.20,17788.20,17800.30,0,
06_07_2026_09_55,17800.20,17802.80,17784.40,17795.00,0,
06_07_2026_10_00,17794.30,17800.20,17790.70,17795.70,0,
06_07_2026_10_05,17795.80,17802.60,17790.80,17801.80,0,
06_07_2026_10_10,17801.50,17804.20,17791.00,17797.30,0,
06_07_2026_10_15,17797.20,17807.20,17797.20,17806.00,0,
06_07_2026_10_20,17806.40,17813.60,17803.30,17807.30,0,
06_07_2026_10_25,17807.60,17814.90,17806.70,17810.70,0,
06_07_2026_10_30,17810.80,17819.30,17809.60,17810.00,0,
06_07_2026_10_35,17809.80,17815.30,17802.90,17814.00,0,
06_07_2026_10_40,17814.30,17826.80,17812.80,17826.20,0,
06_07_2026_10_45,17826.20,17835.30,17822.60,17834.10,0,
06_07_2026_10_50,17834.30,17834.30,17816.40,17817.10,0,
06_07_2026_10_55,17816.40,17822.40,17811.10,17822.40,0,
06_07_2026_11_00,17822.70,17845.60,17821.70,17842.10,0,
06_07_2026_11_05,17842.40,17842.40,17824.90,17827.80,0,
06_07_2026_11_10,17827.60,17832.60,17821.10,17823.40,0,
06_07_2026_11_15,17823.60,17826.20,17815.80,17817.20,0,
06_07_2026_11_20,17817.70,17834.20,17817.70,17834.20,0,
06_07_2026_11_25,17834.70,17837.50,17829.40,17834.80,0,
06_07_2026_11_30,17834.10,17849.50,17833.20,17848.30,0,
06_07_2026_11_35,17848.60,17849.60,17839.30,17841.40,0,
06_07_2026_11_40,17841.30,17850.20,17841.20,17847.20,0,
06_07_2026_11_45,17846.70,17853.80,17840.80,17850.70,0,
06_07_2026_11_50,17849.40,17850.80,17824.20,17830.20,0,
06_07_2026_11_55,17830.60,17839.80,17830.20,17838.90,0,
06_07_2026_12_00,17838.90,17839.30,17827.80,17829.80,0,
06_07_2026_12_05,17830.00,17832.40,17828.00,17828.20,0,
06_07_2026_12_10,17827.60,17832.20,17823.00,17832.20,0,
06_07_2026_12_15,17831.90,17839.10,17830.20,17830.30,0,
06_07_2026_12_20,17830.10,17842.20,17829.10,17839.70,0,
06_07_2026_12_25,17839.90,17850.60,17839.90,17845.90,0,
06_07_2026_12_30,17846.30,17854.10,17841.60,17846.80,0,
06_07_2026_12_35,17847.40,17848.60,17836.40,17836.40,0,
06_07_2026_12_40,17837.10,17841.20,17834.80,17839.10,0,
06_07_2026_12_45,17839.50,17849.10,17836.00,17848.60,0,
06_07_2026_12_50,17848.40,17854.00,17835.40,17835.90,0,
06_07_2026_12_55,17836.70,17841.40,17832.30,17840.20,0,
06_07_2026_13_00,17840.30,17845.80,17837.10,17843.30,0,
06_07_2026_13_05,17843.10,17846.30,17836.80,17839.20,0,
06_07_2026_13_10,17838.70,17845.20,17837.90,17842.20,0,
06_07_2026_13_15,17842.20,17843.00,17831.90,17831.90,0,
06_07_2026_13_20,17832.70,17840.10,17830.80,17836.40,0,
06_07_2026_13_25,17836.90,17848.80,17836.10,17848.60,0,
06_07_2026_13_30,17848.10,17850.30,17839.80,17842.90,0,
06_07_2026_13_35,17843.90,17858.40,17843.70,17856.80,0,
06_07_2026_13_40,17855.60,17857.90,17850.10,17850.90,0,
06_07_2026_13_45,17851.10,17852.30,17839.00,17839.30,0,
06_07_2026_13_50,17839.20,17842.30,17834.60,17838.70,0,
06_07_2026_13_55,17838.30,17839.20,17826.80,17828.80,0,
06_07_2026_14_00,17828.40,17838.40,17826.30,17837.80,0,
06_07_2026_14_05,17837.70,17842.40,17835.00,17838.20,0,
06_07_2026_14_10,17838.20,17844.20,17837.70,17839.80,0,
06_07_2026_14_15,17839.80,17846.20,17836.80,17845.00,0,
06_07_2026_14_20,17845.20,17846.20,17835.30,17841.50,0,
06_07_2026_14_25,17841.40,17847.10,17838.10,17842.30,0,
06_07_2026_14_30,17842.90,17850.80,17840.50,17847.10,0,
06_07_2026_14_35,17847.20,17853.10,17844.80,17848.20,0,
06_07_2026_14_40,17848.50,17848.70,17837.70,17837.80,0,
06_07_2026_14_45,17837.90,17844.20,17832.10,17832.80,0,
06_07_2026_14_50,17832.80,17851.20,17831.90,17849.90,0,
06_07_2026_14_55,17849.90,17857.30,17845.10,17853.10,0,
06_07_2026_15_00,17852.80,17868.60,17852.80,17863.80,0,
06_07_2026_15_05,17864.70,17871.20,17862.80,17867.50,0,
06_07_2026_15_10,17867.80,17868.20,17861.30,17862.60,0,
06_07_2026_15_15,17861.70,17868.80,17859.40,17860.40,0,
06_07_2026_15_20,17860.20,17861.60,17852.60,17860.10,0,
06_07_2026_15_25,17859.80,17870.20,17859.80,17863.30,0,
07_07_2026_09_15,17903.80,17909.40,17862.90,17871.80,0,
07_07_2026_09_20,17871.70,17874.50,17840.30,17848.20,0,
07_07_2026_09_25,17847.60,17854.80,17817.00,17833.20,0,
07_07_2026_09_30,17831.90,17831.90,17791.50,17792.90,0,
07_07_2026_09_35,17792.90,17811.70,17785.70,17790.80,0,
07_07_2026_09_40,17790.30,17804.20,17788.10,17797.70,0,
07_07_2026_09_45,17797.30,17799.70,17763.50,17768.80,0,
07_07_2026_09_50,17769.00,17789.70,17768.80,17776.50,0,
07_07_2026_09_55,17776.40,17802.80,17775.30,17787.20,0,
07_07_2026_10_00,17787.20,17798.70,17780.60,17781.70,0,
07_07_2026_10_05,17781.50,17795.90,17766.60,17792.30,0,
07_07_2026_10_10,17791.70,17793.60,17777.20,17777.70,0,
07_07_2026_10_15,17777.70,17784.30,17768.70,17782.60,0,
07_07_2026_10_20,17783.10,17785.10,17767.30,17767.30,0,
07_07_2026_10_25,17767.20,17780.30,17763.00,17775.80,0,
07_07_2026_10_30,17775.80,17783.90,17770.80,17781.70,0,
07_07_2026_10_35,17782.40,17792.10,17771.80,17791.10,0,
07_07_2026_10_40,17791.20,17795.30,17780.80,17780.80,0,
07_07_2026_10_45,17780.80,17792.80,17774.00,17788.60,0,
07_07_2026_10_50,17788.80,17788.80,17772.30,17781.40,0,
07_07_2026_10_55,17781.70,17783.30,17769.70,17780.20,0,
07_07_2026_11_00,17780.30,17790.40,17779.80,17785.90,0,
07_07_2026_11_05,17785.90,17795.70,17784.40,17794.80,0,
07_07_2026_11_10,17795.20,17807.40,17792.40,17804.80,0,
07_07_2026_11_15,17805.20,17810.30,17800.80,17808.40,0,
07_07_2026_11_20,17808.60,17811.20,17799.70,17802.80,0,
07_07_2026_11_25,17802.70,17819.80,17802.70,17817.50,0,
07_07_2026_11_30,17817.70,17823.60,17814.80,17817.20,0,
07_07_2026_11_35,17817.50,17829.10,17816.50,17825.60,0,
07_07_2026_11_40,17825.80,17828.70,17820.00,17827.70,0,
07_07_2026_11_45,17827.20,17835.30,17824.70,17831.90,0,
07_07_2026_11_50,17831.80,17838.80,17829.80,17837.80,0,
07_07_2026_11_55,17838.20,17840.40,17833.10,17840.40,0,
07_07_2026_12_00,17840.20,17845.60,17839.60,17844.20,0,
07_07_2026_12_05,17844.60,17848.20,17837.20,17838.30,0,
07_07_2026_12_10,17838.40,17839.30,17825.80,17826.90,0,
07_07_2026_12_15,17827.10,17827.20,17812.30,17814.80,0,
07_07_2026_12_20,17815.20,17822.80,17813.20,17821.30,0,
07_07_2026_12_25,17821.30,17836.70,17819.40,17830.70,0,
07_07_2026_12_30,17830.80,17831.20,17795.30,17801.90,0,
07_07_2026_12_35,17801.70,17806.80,17794.80,17805.80,0,
07_07_2026_12_40,17805.80,17826.80,17804.70,17826.70,0,
07_07_2026_12_45,17826.40,17829.70,17819.60,17828.80,0,
07_07_2026_12_50,17829.10,17835.30,17822.70,17823.70,0,
07_07_2026_12_55,17823.40,17829.30,17819.60,17828.60,0,
07_07_2026_13_00,17828.70,17830.80,17818.90,17824.40,0,
07_07_2026_13_05,17824.80,17827.00,17817.10,17819.70,0,
07_07_2026_13_10,17819.30,17826.80,17808.90,17814.30,0,
07_07_2026_13_15,17814.20,17816.00,17807.10,17810.10,0,
07_07_2026_13_20,17809.80,17823.20,17808.40,17821.30,0,
07_07_2026_13_25,17821.00,17843.70,17820.50,17836.50,0,
07_07_2026_13_30,17836.80,17843.40,17832.40,17832.60,0,
07_07_2026_13_35,17832.70,17836.30,17827.30,17829.30,0,
07_07_2026_13_40,17828.90,17848.90,17828.20,17848.90,0,
07_07_2026_13_45,17849.20,17867.30,17846.30,17860.20,0,
07_07_2026_13_50,17859.90,17870.30,17857.40,17866.80,0,
07_07_2026_13_55,17866.80,17870.70,17862.00,17867.30,0,
07_07_2026_14_00,17867.80,17877.60,17865.90,17874.50,0,
07_07_2026_14_05,17874.40,17878.90,17872.30,17874.10,0,
07_07_2026_14_10,17874.50,17881.40,17870.40,17876.80,0,
07_07_2026_14_15,17877.40,17879.70,17867.00,17869.80,0,
07_07_2026_14_20,17869.90,17874.00,17864.70,17865.20,0,
07_07_2026_14_25,17865.40,17876.80,17863.90,17872.10,0,
07_07_2026_14_30,17871.60,17882.40,17870.80,17877.20,0,
07_07_2026_14_35,17878.40,17884.90,17875.20,17876.20,0,
07_07_2026_14_40,17876.20,17877.00,17867.20,17874.70,0,
07_07_2026_14_45,17875.30,17886.70,17873.40,17883.70,0,
07_07_2026_14_50,17884.10,17892.90,17882.50,17891.80,0,
07_07_2026_14_55,17891.00,17892.00,17883.60,17885.80,0,
07_07_2026_15_00,17886.60,17886.80,17869.20,17883.30,0,
07_07_2026_15_05,17884.20,17887.20,17874.80,17874.80,0,
07_07_2026_15_10,17875.20,17875.60,17863.30,17871.40,0,
07_07_2026_15_15,17870.80,17874.60,17850.40,17850.60,0,
07_07_2026_15_20,17850.80,17856.90,17840.70,17856.20,0,
07_07_2026_15_25,17856.20,17861.70,17845.90,17851.40,0,
08_07_2026_09_15,17771.20,17841.20,17754.60,17825.80,0,
08_07_2026_09_20,17823.60,17833.20,17814.20,17814.80,0,
08_07_2026_09_25,17814.50,17820.30,17794.50,17804.60,0,
08_07_2026_09_30,17804.30,17806.70,17780.60,17781.30,0,
08_07_2026_09_35,17779.90,17779.90,17762.40,17779.20,0,
08_07_2026_09_40,17779.10,17802.80,17776.20,17800.10,0,
08_07_2026_09_45,17800.30,17808.00,17789.10,17803.20,0,
08_07_2026_09_50,17803.20,17813.80,17796.60,17797.70,0,
08_07_2026_09_55,17797.70,17822.60,17795.20,17814.80,0,
08_07_2026_10_00,17813.60,17822.50,17808.40,17812.80,0,
08_07_2026_10_05,17811.20,17821.70,17807.10,17816.20,0,
08_07_2026_10_10,17816.20,17836.70,17815.80,17831.60,0,
08_07_2026_10_15,17830.80,17838.70,17827.20,17837.60,0,
08_07_2026_10_20,17837.90,17841.90,17825.40,17827.10,0,
08_07_2026_10_25,17826.30,17839.90,17826.20,17833.80,0,
08_07_2026_10_30,17833.40,17843.30,17827.90,17840.70,0,
08_07_2026_10_35,17840.70,17857.10,17839.10,17853.80,0,
08_07_2026_10_40,17853.40,17861.50,17852.90,17856.80,0,
08_07_2026_10_45,17855.80,17861.20,17846.40,17851.20,0,
08_07_2026_10_50,17851.30,17852.50,17843.20,17843.80,0,
08_07_2026_10_55,17843.20,17848.90,17837.30,17845.90,0,
08_07_2026_11_00,17846.40,17851.10,17841.20,17850.40,0,
08_07_2026_11_05,17851.40,17856.20,17845.40,17854.80,0,
08_07_2026_11_10,17854.80,17856.80,17847.80,17850.20,0,
08_07_2026_11_15,17850.40,17851.10,17833.80,17837.90,0,
08_07_2026_11_20,17838.20,17841.50,17829.30,17835.90,0,
08_07_2026_11_25,17836.20,17851.70,17836.10,17842.30,0,
08_07_2026_11_30,17842.90,17844.30,17829.80,17832.30,0,
08_07_2026_11_35,17832.90,17832.90,17819.20,17821.60,0,
08_07_2026_11_40,17821.90,17823.20,17814.10,17815.00,0,
08_07_2026_11_45,17814.60,17821.30,17810.80,17818.00,0,
08_07_2026_11_50,17817.80,17822.30,17816.40,17820.20,0,
08_07_2026_11_55,17820.10,17821.80,17808.40,17818.80,0,
08_07_2026_12_00,17819.50,17827.90,17819.20,17824.80,0,
08_07_2026_12_05,17824.90,17829.90,17820.40,17821.10,0,
08_07_2026_12_10,17821.20,17830.50,17817.80,17830.20,0,
08_07_2026_12_15,17829.40,17833.20,17822.90,17830.80,0,
08_07_2026_12_20,17831.30,17832.80,17818.70,17819.30,0,
08_07_2026_12_25,17819.20,17823.40,17817.40,17820.60,0,
08_07_2026_12_30,17820.70,17823.00,17815.30,17822.00,0,
08_07_2026_12_35,17821.90,17822.70,17816.00,17816.00,0,
08_07_2026_12_40,17816.00,17821.70,17810.70,17820.70,0,
08_07_2026_12_45,17821.30,17830.20,17820.00,17824.20,0,
08_07_2026_12_50,17824.30,17836.90,17823.60,17835.10,0,
08_07_2026_12_55,17835.10,17842.20,17834.60,17841.40,0,
08_07_2026_13_00,17841.30,17847.40,17840.70,17845.70,0,
08_07_2026_13_05,17845.30,17848.80,17841.60,17842.90,0,
08_07_2026_13_10,17842.70,17846.80,17840.90,17844.20,0,
08_07_2026_13_15,17844.30,17847.20,17843.20,17845.60,0,
08_07_2026_13_20,17845.80,17849.70,17839.20,17845.20,0,
08_07_2026_13_25,17845.30,17847.90,17839.80,17847.60,0,
08_07_2026_13_30,17847.90,17852.50,17846.80,17851.70,0,
08_07_2026_13_35,17851.50,17854.60,17845.80,17852.30,0,
08_07_2026_13_40,17852.60,17857.70,17847.20,17851.00,0,
08_07_2026_13_45,17851.10,17854.20,17788.20,17792.20,0,
08_07_2026_13_50,17791.90,17792.20,17732.20,17734.80,0,
08_07_2026_13_55,17735.10,17736.00,17679.40,17680.20,0,
08_07_2026_14_00,17679.60,17691.80,17647.00,17653.90,0,
08_07_2026_14_05,17653.20,17654.20,17600.80,17604.40,0,
08_07_2026_14_10,17605.20,17617.80,17563.90,17573.40,0,
08_07_2026_14_15,17572.80,17630.20,17567.40,17580.60,0,
08_07_2026_14_20,17580.80,17603.80,17566.40,17581.10,0,
08_07_2026_14_25,17581.40,17594.10,17540.40,17540.60,0,
08_07_2026_14_30,17541.60,17591.30,17539.40,17555.30,0,
08_07_2026_14_35,17555.20,17572.80,17541.20,17542.20,0,
08_07_2026_14_40,17541.50,17558.90,17535.10,17555.50,0,
08_07_2026_14_45,17555.60,17555.90,17520.20,17529.70,0,
08_07_2026_14_50,17529.50,17543.00,17506.20,17520.90,0,
08_07_2026_14_55,17520.10,17541.20,17511.20,17527.60,0,
08_07_2026_15_00,17526.80,17595.20,17526.80,17564.30,0,
08_07_2026_15_05,17564.10,17575.20,17555.30,17568.60,0,
08_07_2026_15_10,17569.30,17588.10,17567.60,17584.80,0,
08_07_2026_15_15,17584.50,17643.60,17584.50,17628.30,0,
08_07_2026_15_20,17627.80,17647.30,17627.20,17633.80,0,
08_07_2026_15_25,17633.30,17637.80,17624.20,17637.50,0,
09_07_2026_09_15,17650.70,17754.20,17648.20,17740.40,0,
09_07_2026_09_20,17740.30,17770.70,17735.50,17770.60,0,
09_07_2026_09_25,17770.10,17790.60,17765.90,17788.80,0,
09_07_2026_09_30,17788.70,17796.90,17786.20,17793.60,0,
09_07_2026_09_35,17792.70,17809.50,17788.80,17805.60,0,
09_07_2026_09_40,17806.10,17814.50,17800.20,17811.60,0,
09_07_2026_09_45,17812.10,17825.10,17808.40,17809.40,0,
09_07_2026_09_50,17808.40,17817.90,17808.40,17816.80,0,
09_07_2026_09_55,17816.60,17826.20,17804.00,17804.20,0,
09_07_2026_10_00,17805.20,17827.40,17804.00,17819.80,0,
09_07_2026_10_05,17820.00,17838.80,17817.40,17834.20,0,
09_07_2026_10_10,17834.20,17836.80,17828.60,17831.40,0,
09_07_2026_10_15,17832.10,17836.80,17824.80,17824.80,0,
09_07_2026_10_20,17824.80,17828.90,17820.10,17827.80,0,
09_07_2026_10_25,17827.60,17829.10,17802.40,17806.80,0,
09_07_2026_10_30,17806.70,17817.70,17797.50,17808.40,0,
09_07_2026_10_35,17807.90,17813.10,17791.60,17813.10,0,
09_07_2026_10_40,17813.60,17871.60,17813.40,17844.90,0,
09_07_2026_10_45,17844.90,17852.30,17821.20,17824.80,0,
09_07_2026_10_50,17824.10,17838.20,17821.20,17837.30,0,
09_07_2026_10_55,17837.90,17839.30,17815.80,17816.50,0,
09_07_2026_11_00,17816.30,17825.20,17807.20,17819.90,0,
09_07_2026_11_05,17820.20,17822.10,17812.60,17815.40,0,
09_07_2026_11_10,17815.80,17818.80,17809.50,17814.80,0,
09_07_2026_11_15,17814.20,17829.20,17813.90,17828.80,0,
09_07_2026_11_20,17828.70,17839.20,17825.20,17835.60,0,
09_07_2026_11_25,17834.90,17857.60,17830.80,17854.70,0,
09_07_2026_11_30,17854.80,17862.30,17849.40,17861.40,0,
09_07_2026_11_35,17860.80,17868.40,17857.60,17861.40,0,
09_07_2026_11_40,17861.70,17874.50,17858.30,17870.70,0,
09_07_2026_11_45,17871.30,17878.40,17868.30,17868.60,0,
09_07_2026_11_50,17868.90,17869.40,17851.50,17857.20,0,
09_07_2026_11_55,17857.10,17870.20,17856.80,17869.60,0,
09_07_2026_12_00,17870.10,17880.30,17867.20,17880.10,0,
09_07_2026_12_05,17879.80,17883.10,17876.30,17881.40,0,
09_07_2026_12_10,17881.40,17882.20,17875.20,17878.40,0,
09_07_2026_12_15,17878.20,17886.30,17876.10,17876.20,0,
09_07_2026_12_20,17876.90,17877.30,17870.80,17872.50,0,
09_07_2026_12_25,17872.50,17877.00,17869.20,17873.30,0,
09_07_2026_12_30,17873.20,17873.90,17861.20,17862.70,0,
09_07_2026_12_35,17863.40,17870.60,17862.80,17865.70,0,
09_07_2026_12_40,17865.70,17867.80,17856.20,17860.70,0,
09_07_2026_12_45,17860.90,17866.70,17859.40,17864.30,0,
09_07_2026_12_50,17864.30,17880.20,17860.10,17879.00,0,
09_07_2026_12_55,17879.00,17883.70,17875.90,17879.90,0,
09_07_2026_13_00,17880.20,17892.40,17876.40,17886.30,0,
09_07_2026_13_05,17886.40,17888.70,17878.90,17880.80,0,
09_07_2026_13_10,17880.80,17887.30,17879.60,17885.90,0,
09_07_2026_13_15,17886.10,17891.80,17885.10,17890.60,0,
09_07_2026_13_20,17890.40,17890.60,17876.90,17877.10,0,
09_07_2026_13_25,17876.80,17877.70,17869.00,17870.40,0,
09_07_2026_13_30,17869.90,17881.40,17864.80,17880.40,0,
09_07_2026_13_35,17880.90,17891.00,17878.40,17887.70,0,
09_07_2026_13_40,17887.50,17887.60,17878.10,17880.80,0,
09_07_2026_13_45,17881.20,17881.40,17870.50,17875.20,0,
09_07_2026_13_50,17875.20,17876.40,17869.20,17871.30,0,
09_07_2026_13_55,17871.20,17873.60,17868.70,17870.80,0,
09_07_2026_14_00,17871.00,17878.80,17869.60,17871.20,0,
09_07_2026_14_05,17871.80,17875.10,17866.20,17866.30,0,
09_07_2026_14_10,17865.90,17876.50,17856.10,17875.10,0,
09_07_2026_14_15,17875.40,17880.80,17872.60,17874.20,0,
09_07_2026_14_20,17874.30,17878.90,17867.80,17878.70,0,
09_07_2026_14_25,17878.30,17881.90,17868.80,17875.70,0,
09_07_2026_14_30,17874.80,17879.80,17873.40,17875.10,0,
09_07_2026_14_35,17875.20,17875.80,17867.70,17868.80,0,
09_07_2026_14_40,17868.90,17873.60,17853.40,17872.80,0,
09_07_2026_14_45,17872.90,17873.70,17861.60,17865.70,0,
09_07_2026_14_50,17865.40,17872.50,17865.20,17870.00,0,
09_07_2026_14_55,17869.80,17873.40,17865.70,17871.70,0,
09_07_2026_15_00,17871.30,17871.30,17827.70,17841.30,0,
09_07_2026_15_05,17839.10,17842.20,17813.10,17837.20,0,
09_07_2026_15_10,17836.10,17837.60,17827.80,17830.20,0,
09_07_2026_15_15,17829.60,17853.10,17829.20,17851.40,0,
09_07_2026_15_20,17851.10,17863.10,17848.10,17855.90,0,
09_07_2026_15_25,17855.30,17866.80,17854.90,17863.10,0,
10_07_2026_09_15,17975.20,18007.80,17954.70,17973.80,0,
10_07_2026_09_20,17972.70,17987.20,17970.30,17976.20,0,
10_07_2026_09_25,17977.00,17988.60,17969.80,17975.60,0,
10_07_2026_09_30,17975.50,17978.40,17954.20,17975.20,0,
10_07_2026_09_35,17975.60,17977.90,17968.70,17972.80,0,
10_07_2026_09_40,17973.50,17982.80,17970.40,17974.60,0,
10_07_2026_09_45,17974.10,17981.20,17971.80,17978.40,0,
10_07_2026_09_50,17978.60,17986.20,17973.60,17981.40,0,
10_07_2026_09_55,17981.60,17999.70,17979.80,17999.20,0,
10_07_2026_10_00,17999.20,18004.30,17994.00,18000.40,0,
10_07_2026_10_05,17999.80,18010.90,17999.00,18003.40,0,
10_07_2026_10_10,18002.90,18025.20,18002.80,18023.80,0,
10_07_2026_10_15,18023.40,18028.50,18010.20,18018.20,0,
10_07_2026_10_20,18017.90,18029.50,18017.50,18025.20,0,
10_07_2026_10_25,18025.10,18038.70,18022.20,18022.30,0,
10_07_2026_10_30,18022.20,18022.80,18007.20,18014.30,0,
10_07_2026_10_35,18014.70,18023.30,18014.00,18016.40,0,
10_07_2026_10_40,18015.90,18030.70,18015.10,18029.20,0,
10_07_2026_10_45,18029.00,18030.10,18019.20,18022.40,0,
10_07_2026_10_50,18022.50,18023.50,18015.10,18016.90,0,
10_07_2026_10_55,18016.50,18032.10,18015.10,18022.40,0,
10_07_2026_11_00,18022.50,18029.10,18021.10,18024.90,0,
10_07_2026_11_05,18024.80,18026.90,18011.60,18014.60,0,
10_07_2026_11_10,18013.90,18015.90,18002.80,18014.40,0,
10_07_2026_11_15,18014.20,18016.20,18002.30,18003.50,0,
10_07_2026_11_20,18003.10,18009.80,17997.80,18003.20,0,
10_07_2026_11_25,18003.40,18013.20,18001.60,18006.20,0,
10_07_2026_11_30,18006.10,18014.70,18005.70,18013.20,0,
10_07_2026_11_35,18013.10,18014.20,18004.60,18008.70,0,
10_07_2026_11_40,18008.60,18009.10,17992.80,17993.40,0,
10_07_2026_11_45,17993.80,17999.20,17989.30,17999.10,0,
10_07_2026_11_50,17998.70,17998.80,17986.90,17988.00,0,
10_07_2026_11_55,17988.20,17993.70,17983.60,17992.30,0,
10_07_2026_12_00,17992.40,18002.30,17992.40,18000.70,0,
10_07_2026_12_05,18000.80,18008.10,17999.00,18007.60,0,
10_07_2026_12_10,18007.60,18019.20,18007.60,18018.80,0,
10_07_2026_12_15,18018.70,18023.20,18015.20,18021.00,0,
10_07_2026_12_20,18021.20,18026.40,18020.80,18026.10,0,
10_07_2026_12_25,18025.90,18032.40,18022.80,18029.60,0,
10_07_2026_12_30,18029.30,18030.40,18026.20,18028.00,0,
10_07_2026_12_35,18028.00,18028.30,18015.80,18016.60,0,
10_07_2026_12_40,18016.70,18021.90,18014.10,18016.20,0,
10_07_2026_12_45,18016.60,18018.30,18010.40,18012.80,0,
10_07_2026_12_50,18012.60,18013.40,18004.90,18007.60,0,
10_07_2026_12_55,18007.80,18015.70,18006.90,18015.40,0,
10_07_2026_13_00,18016.10,18023.40,18013.70,18016.20,0,
10_07_2026_13_05,18016.60,18024.60,18014.10,18017.70,0,
10_07_2026_13_10,18017.60,18019.10,18007.60,18013.10,0,
10_07_2026_13_15,18013.70,18016.80,18008.10,18009.70,0,
10_07_2026_13_20,18009.30,18009.70,18001.10,18005.10,0,
10_07_2026_13_25,18005.20,18013.60,18001.40,18012.20,0,
10_07_2026_13_30,18012.00,18020.20,18009.10,18016.30,0,
10_07_2026_13_35,18016.20,18017.40,18013.20,18017.20,0,
10_07_2026_13_40,18017.60,18026.40,18017.20,18022.00,0,
10_07_2026_13_45,18021.80,18024.30,18015.70,18019.10,0,
10_07_2026_13_50,18019.20,18028.20,18019.20,18026.60,0,
10_07_2026_13_55,18026.40,18026.90,18019.70,18024.30,0,
10_07_2026_14_00,18024.20,18031.70,18023.30,18029.30,0,
10_07_2026_14_05,18029.60,18029.60,18015.60,18015.80,0,
10_07_2026_14_10,18015.90,18020.40,18011.20,18018.60,0,
10_07_2026_14_15,18018.30,18023.60,18012.10,18016.30,0,
10_07_2026_14_20,18016.50,18026.90,18016.00,18026.30,0,
10_07_2026_14_25,18025.90,18033.10,18025.10,18031.70,0,
10_07_2026_14_30,18031.60,18035.70,18026.00,18026.80,0,
10_07_2026_14_35,18026.90,18032.30,18023.80,18030.80,0,
10_07_2026_14_40,18031.00,18034.90,18028.90,18029.60,0,
10_07_2026_14_45,18029.60,18045.70,18028.20,18043.80,0,
10_07_2026_14_50,18043.60,18044.90,18039.90,18040.30,0,
10_07_2026_14_55,18040.20,18051.90,18039.70,18047.30,0,
10_07_2026_15_00,18048.20,18069.00,18039.60,18056.60,0,
10_07_2026_15_05,18058.20,18065.80,18054.90,18064.40,0,
10_07_2026_15_10,18062.80,18069.20,18056.70,18057.90,0,
10_07_2026_15_15,18057.00,18057.90,18050.70,18055.40,0,
10_07_2026_15_20,18053.50,18061.50,18050.20,18060.30,0,
10_07_2026_15_25,18060.80,18064.60,18055.70,18059.70,0,
13_07_2026_09_15,17944.40,17995.70,17910.60,17993.60,0,
13_07_2026_09_20,17993.20,17997.10,17965.80,17974.00,0,
13_07_2026_09_25,17974.70,17976.10,17959.20,17973.20,0,
13_07_2026_09_30,17973.60,17978.90,17967.40,17977.80,0,
13_07_2026_09_35,17977.60,17997.90,17972.70,17990.30,0,
13_07_2026_09_40,17991.60,18001.90,17988.90,17990.20,0,
13_07_2026_09_45,17990.50,17999.90,17986.20,17998.20,0,
13_07_2026_09_50,17998.40,18015.80,17997.20,18006.90,0,
13_07_2026_09_55,18007.10,18015.10,18005.20,18008.80,0,
13_07_2026_10_00,18008.70,18011.90,18003.60,18007.30,0,
13_07_2026_10_05,18007.50,18013.60,18004.30,18010.20,0,
13_07_2026_10_10,18010.60,18020.20,17996.00,17997.90,0,
13_07_2026_10_15,17998.40,18005.00,17995.40,18002.80,0,
13_07_2026_10_20,18002.30,18018.20,18002.20,18008.50,0,
13_07_2026_10_25,18008.20,18013.90,18003.20,18010.80,0,
13_07_2026_10_30,18011.30,18019.60,18005.00,18019.30,0,
13_07_2026_10_35,18019.30,18028.70,18014.20,18017.10,0,
13_07_2026_10_40,18016.70,18025.90,18014.40,18023.80,0,
13_07_2026_10_45,18024.10,18028.10,18014.70,18014.90,0,
13_07_2026_10_50,18014.60,18016.20,18002.20,18006.00,0,
13_07_2026_10_55,18005.90,18026.40,18005.90,18019.80,0,
13_07_2026_11_00,18020.30,18022.70,18011.80,18015.60,0,
13_07_2026_11_05,18015.70,18023.70,18013.00,18014.70,0,
13_07_2026_11_10,18014.80,18026.90,18014.80,18019.00,0,
13_07_2026_11_15,18018.90,18019.90,18009.80,18016.60,0,
13_07_2026_11_20,18016.80,18022.40,18012.00,18014.50,0,
13_07_2026_11_25,18014.60,18017.80,18000.60,18005.10,0,
13_07_2026_11_30,18005.20,18013.30,18000.90,18011.40,0,
13_07_2026_11_35,18011.70,18013.00,18003.20,18003.30,0,
13_07_2026_11_40,18003.20,18007.00,18000.90,18005.60,0,
13_07_2026_11_45,18005.70,18012.30,18005.20,18008.80,0,
13_07_2026_11_50,18008.80,18011.20,18002.70,18009.90,0,
13_07_2026_11_55,18009.80,18012.10,18005.10,18006.70,0,
13_07_2026_12_00,18006.90,18018.10,18006.90,18014.40,0,
13_07_2026_12_05,18013.40,18020.30,18012.20,18016.70,0,
13_07_2026_12_10,18016.80,18035.20,18010.90,18033.40,0,
13_07_2026_12_15,18033.30,18035.20,18028.30,18029.20,0,
13_07_2026_12_20,18029.30,18029.60,18019.80,18024.20,0,
13_07_2026_12_25,18024.80,18032.30,18023.40,18026.20,0,
13_07_2026_12_30,18026.30,18028.40,18021.60,18027.60,0,
13_07_2026_12_35,18027.50,18031.50,18025.60,18027.90,0,
13_07_2026_12_40,18027.70,18035.40,18026.20,18032.90,0,
13_07_2026_12_45,18032.70,18052.50,18031.40,18051.00,0,
13_07_2026_12_50,18050.50,18067.00,18050.10,18059.80,0,
13_07_2026_12_55,18059.60,18059.60,18050.80,18051.50,0,
13_07_2026_13_00,18051.80,18053.10,18045.60,18051.20,0,
13_07_2026_13_05,18051.70,18057.20,18048.90,18055.40,0,
13_07_2026_13_10,18055.10,18061.40,18054.90,18059.60,0,
13_07_2026_13_15,18059.90,18062.10,18054.30,18057.20,0,
13_07_2026_13_20,18057.40,18058.70,18043.10,18044.80,0,
13_07_2026_13_25,18045.00,18045.30,18028.90,18030.90,0,
13_07_2026_13_30,18031.80,18049.00,18031.30,18046.10,0,
13_07_2026_13_35,18045.90,18057.40,18044.70,18053.40,0,
13_07_2026_13_40,18053.00,18058.40,18052.50,18054.70,0,
13_07_2026_13_45,18054.20,18062.90,18051.60,18061.30,0,
13_07_2026_13_50,18061.30,18066.60,18057.10,18064.20,0,
13_07_2026_13_55,18064.80,18066.40,18059.80,18063.30,0,
13_07_2026_14_00,18064.00,18068.20,18059.20,18063.70,0,
13_07_2026_14_05,18063.60,18072.90,18062.40,18069.50,0,
13_07_2026_14_10,18069.30,18087.40,18068.80,18086.20,0,
13_07_2026_14_15,18086.80,18092.40,18082.80,18091.70,0,
13_07_2026_14_20,18091.60,18095.90,18086.00,18091.30,0,
13_07_2026_14_25,18091.60,18093.50,18085.30,18089.40,0,
13_07_2026_14_30,18089.80,18093.10,18086.80,18092.30,0,
13_07_2026_14_35,18092.20,18093.50,18082.30,18084.60,0,
13_07_2026_14_40,18084.40,18089.30,18081.20,18087.80,0,
13_07_2026_14_45,18088.80,18101.10,18088.40,18098.60,0,
13_07_2026_14_50,18099.20,18106.70,18099.20,18104.60,0,
13_07_2026_14_55,18104.60,18105.40,18094.90,18102.50,0,
13_07_2026_15_00,18102.80,18106.80,18091.00,18095.10,0,
13_07_2026_15_05,18094.90,18097.10,18087.10,18087.90,0,
13_07_2026_15_10,18089.20,18089.90,18082.20,18084.10,0,
13_07_2026_15_15,18084.30,18090.10,18079.30,18079.80,0,
13_07_2026_15_20,18081.30,18094.90,18076.40,18092.80,0,
13_07_2026_15_25,18093.50,18096.80,18085.20,18093.40,0,
14_07_2026_09_15,18014.70,18043.40,17997.90,18032.10,0,
14_07_2026_09_20,18031.70,18050.60,18021.20,18045.60,0,
14_07_2026_09_25,18045.10,18066.90,18027.20,18028.40,0,
14_07_2026_09_30,18027.30,18033.90,18019.20,18024.30,0,
14_07_2026_09_35,18023.80,18024.40,18011.80,18013.30,0,
14_07_2026_09_40,18013.60,18015.10,17995.60,18004.20,0,
14_07_2026_09_45,18004.80,18005.10,17977.80,17986.60,0,
14_07_2026_09_50,17986.80,17988.20,17971.30,17974.30,0,
14_07_2026_09_55,17974.80,17992.30,17974.20,17985.40,0,
14_07_2026_10_00,17985.10,17997.10,17979.00,17996.50,0,
14_07_2026_10_05,17996.70,17997.00,17981.30,17992.80,0,
14_07_2026_10_10,17993.20,17997.00,17989.10,17993.40,0,
14_07_2026_10_15,17993.20,17993.20,17963.20,17964.90,0,
14_07_2026_10_20,17965.10,17982.70,17964.60,17973.90,0,
14_07_2026_10_25,17973.70,17978.00,17957.80,17968.40,0,
14_07_2026_10_30,17969.10,17989.40,17964.40,17985.20,0,
14_07_2026_10_35,17985.20,17986.10,17966.60,17975.90,0,
14_07_2026_10_40,17976.00,17984.20,17967.20,17982.00,0,
14_07_2026_10_45,17981.70,18010.90,17980.20,18010.30,0,
14_07_2026_10_50,18010.70,18019.60,18008.40,18009.70,0,
14_07_2026_10_55,18010.20,18022.10,18007.30,18019.30,0,
14_07_2026_11_00,18020.10,18038.90,18020.10,18030.10,0,
14_07_2026_11_05,18030.40,18032.70,18018.70,18020.90,0,
14_07_2026_11_10,18020.80,18035.10,18015.70,18032.70,0,
14_07_2026_11_15,18032.30,18037.80,18028.90,18035.10,0,
14_07_2026_11_20,18035.50,18039.70,18030.30,18038.40,0,
14_07_2026_11_25,18038.00,18042.80,18031.20,18041.20,0,
14_07_2026_11_30,18041.60,18043.10,18029.60,18035.30,0,
14_07_2026_11_35,18035.40,18038.40,18026.90,18030.50,0,
14_07_2026_11_40,18030.90,18031.90,18014.60,18023.90,0,
14_07_2026_11_45,18023.40,18024.20,18016.20,18019.00,0,
14_07_2026_11_50,18019.20,18019.90,18013.20,18013.90,0,
14_07_2026_11_55,18014.60,18014.60,18001.60,18003.20,0,
14_07_2026_12_00,18003.30,18011.80,18003.20,18007.10,0,
14_07_2026_12_05,18007.80,18009.00,17997.20,18004.00,0,
14_07_2026_12_10,18004.40,18009.50,17998.10,18007.10,0,
14_07_2026_12_15,18007.00,18007.00,17993.90,17996.80,0,
14_07_2026_12_20,17996.70,18000.80,17992.80,17994.00,0,
14_07_2026_12_25,17994.20,17994.20,17965.70,17969.00,0,
14_07_2026_12_30,17969.40,17982.80,17968.60,17982.80,0,
14_07_2026_12_35,17983.20,17990.80,17979.90,17985.30,0,
14_07_2026_12_40,17985.20,17993.10,17980.20,17987.60,0,
14_07_2026_12_45,17987.50,17989.80,17980.80,17985.80,0,
14_07_2026_12_50,17985.70,17990.00,17981.20,17983.70,0,
14_07_2026_12_55,17983.00,17989.20,17977.60,17978.60,0,
14_07_2026_13_00,17978.80,17979.10,17965.20,17976.80,0,
14_07_2026_13_05,17977.20,17984.70,17976.70,17982.20,0,
14_07_2026_13_10,17982.40,17982.40,17970.20,17971.20,0,
14_07_2026_13_15,17971.10,17976.20,17965.60,17974.90,0,
14_07_2026_13_20,17975.40,17983.10,17975.40,17976.30,0,
14_07_2026_13_25,17976.90,17977.20,17960.60,17969.80,0,
14_07_2026_13_30,17970.90,17971.20,17959.80,17967.10,0,
14_07_2026_13_35,17966.80,17968.80,17944.90,17951.90,0,
14_07_2026_13_40,17952.80,17956.80,17949.50,17955.90,0,
14_07_2026_13_45,17956.20,17966.30,17956.10,17961.90,0,
14_07_2026_13_50,17962.10,17964.00,17952.10,17955.40,0,
14_07_2026_13_55,17955.20,17961.40,17955.10,17956.20,0,
14_07_2026_14_00,17956.80,17971.60,17956.60,17971.20,0,
14_07_2026_14_05,17971.10,17971.30,17954.30,17955.60,0,
14_07_2026_14_10,17955.30,17975.00,17955.20,17974.90,0,
14_07_2026_14_15,17975.00,17981.30,17968.70,17970.80,0,
14_07_2026_14_20,17970.80,17974.70,17965.40,17967.60,0,
14_07_2026_14_25,17967.40,17969.90,17960.50,17964.10,0,
14_07_2026_14_30,17964.10,17966.30,17959.20,17963.30,0,
14_07_2026_14_35,17964.10,17971.50,17961.70,17969.80,0,
14_07_2026_14_40,17969.30,17975.40,17967.90,17974.20,0,
14_07_2026_14_45,17974.20,17974.60,17950.90,17951.20,0,
14_07_2026_14_50,17951.60,17959.30,17946.80,17958.90,0,
14_07_2026_14_55,17958.40,17970.30,17955.40,17959.60,0,
14_07_2026_15_00,17961.20,18002.20,17961.20,17997.30,0,
14_07_2026_15_05,17998.80,18005.90,17995.40,17996.90,0,
14_07_2026_15_10,17997.60,17999.80,17985.80,17987.90,0,
14_07_2026_15_15,17988.30,17994.30,17979.20,17979.80,0,
14_07_2026_15_20,17982.10,17986.90,17978.00,17983.40,0,
14_07_2026_15_25,17983.60,17992.20,17980.40,17992.20,0,
15_07_2026_09_15,18034.20,18085.00,18030.60,18083.60,0,
15_07_2026_09_20,18083.70,18096.30,18064.90,18072.50,0,
15_07_2026_09_25,18072.30,18102.30,18072.30,18095.70,0,
15_07_2026_09_30,18096.90,18110.40,18096.90,18108.10,0,
15_07_2026_09_35,18107.90,18114.40,18104.80,18106.80,0,
15_07_2026_09_40,18108.20,18109.50,18097.70,18100.80,0,
15_07_2026_09_45,18100.80,18105.70,18090.70,18097.30,0,
15_07_2026_09_50,18097.50,18107.60,18097.50,18099.60,0,
15_07_2026_09_55,18099.30,18104.20,18091.20,18092.60,0,
15_07_2026_10_00,18095.50,18098.80,18091.40,18094.60,0,
15_07_2026_10_05,18095.20,18101.10,18090.30,18098.80,0,
15_07_2026_10_10,18099.20,18099.30,18089.40,18095.10,0,
15_07_2026_10_15,18095.80,18106.80,18094.90,18101.80,0,
15_07_2026_10_20,18102.10,18103.90,18097.70,18103.20,0,
15_07_2026_10_25,18102.80,18105.40,18097.60,18097.70,0,
15_07_2026_10_30,18097.60,18108.40,18096.70,18104.20,0,
15_07_2026_10_35,18104.10,18107.80,18100.20,18101.90,0,
15_07_2026_10_40,18101.90,18103.40,18090.80,18091.20,0,
15_07_2026_10_45,18091.20,18093.40,18085.30,18090.80,0,
15_07_2026_10_50,18091.20,18091.80,18084.80,18086.90,0,
15_07_2026_10_55,18086.80,18094.30,18081.60,18092.80,0,
15_07_2026_11_00,18092.70,18097.40,18087.20,18087.90,0,
15_07_2026_11_05,18088.10,18093.20,18086.60,18091.80,0,
15_07_2026_11_10,18092.10,18092.10,18074.20,18076.80,0,
15_07_2026_11_15,18076.90,18085.00,18076.80,18082.30,0,
15_07_2026_11_20,18082.80,18086.60,18080.60,18083.20,0,
15_07_2026_11_25,18083.30,18095.60,18082.60,18092.70,0,
15_07_2026_11_30,18092.90,18099.20,18089.10,18099.20,0,
15_07_2026_11_35,18098.90,18102.40,18091.50,18100.60,0,
15_07_2026_11_40,18100.80,18101.50,18091.00,18092.60,0,
15_07_2026_11_45,18092.60,18097.80,18091.60,18096.40,0,
15_07_2026_11_50,18096.20,18099.20,18091.20,18096.60,0,
15_07_2026_11_55,18096.80,18096.80,18088.90,18092.70,0,
15_07_2026_12_00,18092.60,18096.70,18088.80,18091.30,0,
15_07_2026_12_05,18091.60,18095.80,18088.60,18094.00,0,
15_07_2026_12_10,18094.60,18098.70,18089.50,18096.20,0,
15_07_2026_12_15,18096.80,18097.80,18090.70,18094.40,0,
15_07_2026_12_20,18094.60,18097.60,18090.80,18091.40,0,
15_07_2026_12_25,18092.30,18098.50,18091.50,18095.80,0,
15_07_2026_12_30,18096.00,18096.40,18085.10,18085.40,0,
15_07_2026_12_35,18085.60,18085.60,18071.90,18071.90,0,
15_07_2026_12_40,18072.20,18080.30,18070.00,18078.70,0,
15_07_2026_12_45,18078.70,18081.20,18073.20,18074.60,0,
15_07_2026_12_50,18074.60,18076.70,18067.90,18070.30,0,
15_07_2026_12_55,18070.20,18071.60,18017.50,18030.80,0,
15_07_2026_13_00,18031.10,18045.70,18023.70,18034.20,0,
15_07_2026_13_05,18034.30,18034.70,18005.00,18005.20,0,
15_07_2026_13_10,18004.30,18008.40,17992.70,18002.60,0,
15_07_2026_13_15,18002.80,18037.60,17997.80,18036.10,0,
15_07_2026_13_20,18036.20,18040.90,18028.20,18030.80,0,
15_07_2026_13_25,18030.50,18035.30,18028.10,18033.40,0,
15_07_2026_13_30,18033.80,18038.80,18027.80,18032.40,0,
15_07_2026_13_35,18032.80,18040.10,18031.70,18032.80,0,
15_07_2026_13_40,18033.00,18035.10,18026.80,18033.50,0,
15_07_2026_13_45,18033.40,18050.80,18028.90,18045.20,0,
15_07_2026_13_50,18045.20,18048.10,18031.10,18033.80,0,
15_07_2026_13_55,18033.90,18050.90,18030.30,18050.10,0,
15_07_2026_14_00,18050.20,18056.00,18049.20,18052.80,0,
15_07_2026_14_05,18052.80,18067.80,18050.10,18065.50,0,
15_07_2026_14_10,18065.10,18068.90,18061.90,18065.20,0,
15_07_2026_14_15,18065.20,18074.40,18061.10,18066.90,0,
15_07_2026_14_20,18067.30,18070.90,18059.30,18059.50,0,
15_07_2026_14_25,18059.20,18060.60,18043.40,18049.80,0,
15_07_2026_14_30,18049.60,18052.80,18042.80,18048.70,0,
15_07_2026_14_35,18048.00,18062.00,18047.80,18060.10,0,
15_07_2026_14_40,18060.20,18060.30,18050.40,18053.00,0,
15_07_2026_14_45,18053.00,18054.70,18039.80,18039.80,0,
15_07_2026_14_50,18040.20,18040.40,18029.10,18029.40,0,
15_07_2026_14_55,18029.20,18033.90,18024.60,18027.70,0,
15_07_2026_15_00,18027.60,18041.30,18015.00,18031.20,0,
15_07_2026_15_05,18031.90,18035.10,18025.30,18027.40,0,
15_07_2026_15_10,18027.20,18030.10,18021.60,18023.70,0,
15_07_2026_15_15,18024.20,18032.50,18019.30,18031.90,0,
15_07_2026_15_20,18031.80,18048.30,18031.80,18046.20,0,
15_07_2026_15_25,18046.40,18058.70,18043.00,18055.80,0,
16_07_2026_09_15,18091.60,18096.70,18045.10,18047.80,0,
16_07_2026_09_20,18046.50,18056.20,18024.80,18028.00,0,
16_07_2026_09_25,18029.20,18045.10,18016.40,18016.50,0,
16_07_2026_09_30,18016.80,18019.70,17980.20,17981.80,0,
16_07_2026_09_35,17981.50,17995.40,17978.30,17990.60,0,
16_07_2026_09_40,17990.80,18010.20,17988.40,18001.00,0,
16_07_2026_09_45,18001.00,18019.30,18001.00,18011.10,0,
16_07_2026_09_50,18010.70,18019.90,18008.40,18018.10,0,
16_07_2026_09_55,18018.20,18025.70,18017.20,18022.40,0,
16_07_2026_10_00,18022.70,18024.80,18013.70,18022.80,0,
16_07_2026_10_05,18022.70,18038.80,18016.70,18036.90,0,
16_07_2026_10_10,18037.20,18049.10,18036.70,18046.20,0,
16_07_2026_10_15,18045.80,18050.20,18043.80,18045.30,0,
16_07_2026_10_20,18045.60,18054.10,18044.80,18051.70,0,
16_07_2026_10_25,18052.60,18055.80,18041.10,18054.00,0,
16_07_2026_10_30,18053.80,18055.80,18044.20,18045.90,0,
16_07_2026_10_35,18045.80,18046.20,18033.60,18035.80,0,
16_07_2026_10_40,18035.70,18057.30,18033.80,18053.90,0,
16_07_2026_10_45,18054.00,18080.60,18053.80,18073.40,0,
16_07_2026_10_50,18074.20,18074.40,18059.80,18063.50,0,
16_07_2026_10_55,18063.20,18068.10,18059.80,18067.50,0,
16_07_2026_11_00,18068.40,18079.60,18065.20,18074.80,0,
16_07_2026_11_05,18075.40,18084.30,18070.60,18082.70,0,
16_07_2026_11_10,18083.40,18086.30,18071.40,18072.80,0,
16_07_2026_11_15,18072.80,18080.10,18062.60,18063.10,0,
16_07_2026_11_20,18063.40,18066.80,18058.80,18064.70,0,
16_07_2026_11_25,18063.80,18069.80,18057.30,18062.80,0,
16_07_2026_11_30,18062.80,18071.80,18058.80,18067.60,0,
16_07_2026_11_35,18067.60,18069.20,18050.60,18052.20,0,
16_07_2026_11_40,18052.20,18053.80,18043.30,18046.10,0,
16_07_2026_11_45,18045.80,18051.70,18042.60,18043.80,0,
16_07_2026_11_50,18043.80,18045.40,18035.50,18040.60,0,
16_07_2026_11_55,18040.40,18041.60,18031.60,18031.80,0,
16_07_2026_12_00,18032.00,18032.00,18019.20,18023.10,0,
16_07_2026_12_05,18023.70,18031.30,18022.90,18030.40,0,
16_07_2026_12_10,18030.20,18039.60,18028.40,18038.90,0,
16_07_2026_12_15,18039.30,18043.80,18037.20,18042.20,0,
16_07_2026_12_20,18042.20,18047.60,18039.90,18044.80,0,
16_07_2026_12_25,18044.50,18055.50,18044.10,18051.70,0,
16_07_2026_12_30,18051.80,18053.60,18041.80,18044.80,0,
16_07_2026_12_35,18045.20,18046.40,18033.60,18036.80,0,
16_07_2026_12_40,18036.40,18037.30,18024.40,18028.90,0,
16_07_2026_12_45,18029.20,18030.30,18024.40,18025.80,0,
16_07_2026_12_50,18025.90,18026.30,18013.80,18018.10,0,
16_07_2026_12_55,18018.10,18018.30,18008.20,18008.20,0,
16_07_2026_13_00,18008.40,18010.20,18001.80,18008.10,0,
16_07_2026_13_05,18008.20,18015.00,18006.40,18010.60,0,
16_07_2026_13_10,18010.60,18016.70,18007.20,18015.60,0,
16_07_2026_13_15,18015.60,18017.10,18009.50,18011.90,0,
16_07_2026_13_20,18011.80,18018.00,18010.30,18011.50,0,
16_07_2026_13_25,18011.70,18011.80,18001.30,18002.30,0,
16_07_2026_13_30,18002.80,18003.50,17993.80,17996.10,0,
16_07_2026_13_35,17996.20,17996.70,17973.40,17974.20,0,
16_07_2026_13_40,17974.80,17975.70,17966.10,17970.40,0,
16_07_2026_13_45,17970.40,17976.90,17967.00,17970.30,0,
16_07_2026_13_50,17970.70,17992.80,17970.60,17992.30,0,
16_07_2026_13_55,17992.20,17999.70,17988.80,17998.80,0,
16_07_2026_14_00,17999.20,18001.20,17987.10,17987.80,0,
16_07_2026_14_05,17987.00,17992.10,17976.70,17984.80,0,
16_07_2026_14_10,17984.80,17986.40,17971.00,17971.90,0,
16_07_2026_14_15,17971.70,17993.20,17971.20,17980.90,0,
16_07_2026_14_20,17979.90,17981.80,17960.20,17963.40,0,
16_07_2026_14_25,17963.60,17973.90,17957.80,17959.30,0,
16_07_2026_14_30,17959.80,17963.20,17946.90,17952.50,0,
16_07_2026_14_35,17952.80,17954.80,17939.80,17947.30,0,
16_07_2026_14_40,17947.30,17967.10,17946.20,17963.60,0,
16_07_2026_14_45,17963.60,17968.40,17959.80,17962.50,0,
16_07_2026_14_50,17963.60,17984.50,17963.60,17978.90,0,
16_07_2026_14_55,17980.50,17983.70,17966.30,17978.30,0,
16_07_2026_15_00,17977.20,17984.70,17970.30,17979.60,0,
16_07_2026_15_05,17979.20,17989.40,17975.70,17982.20,0,
16_07_2026_15_10,17981.30,17991.30,17981.30,17984.60,0,
16_07_2026_15_15,17984.20,17991.90,17981.00,17991.30,0,
16_07_2026_15_20,17990.80,17998.00,17979.70,17996.10,0,
16_07_2026_15_25,17996.20,18005.40,17986.10,18002.30,0,
17_07_2026_09_15,18007.40,18018.20,17919.20,17929.90,0,
17_07_2026_09_20,17929.70,17942.60,17907.20,17912.80,0,
17_07_2026_09_25,17911.70,17930.40,17909.10,17926.00,0,
17_07_2026_09_30,17926.20,17959.20,17925.80,17953.80,0,
17_07_2026_09_35,17954.70,17954.80,17931.50,17933.30,0,
17_07_2026_09_40,17933.90,17946.30,17927.80,17931.80,0,
17_07_2026_09_45,17932.30,17939.90,17909.10,17909.60,0,
17_07_2026_09_50,17910.30,17918.00,17900.00,17915.60,0,
17_07_2026_09_55,17915.70,17915.70,17894.40,17906.90,0,
17_07_2026_10_00,17907.70,17909.10,17884.90,17894.60,0,
17_07_2026_10_05,17894.80,17912.80,17889.40,17908.70,0,
17_07_2026_10_10,17909.10,17912.90,17903.30,17903.80,0,
17_07_2026_10_15,17904.10,17933.10,17895.80,17932.80,0,
17_07_2026_10_20,17932.70,17938.80,17928.70,17938.30,0,
17_07_2026_10_25,17938.00,17946.70,17914.00,17918.10,0,
17_07_2026_10_30,17917.60,17920.90,17904.70,17914.60,0,
17_07_2026_10_35,17913.70,17914.50,17898.10,17900.40,0,
17_07_2026_10_40,17900.60,17912.40,17890.40,17896.20,0,
17_07_2026_10_45,17896.30,17896.80,17879.30,17880.80,0,
17_07_2026_10_50,17881.20,17892.10,17877.20,17889.30,0,
17_07_2026_10_55,17889.60,17895.10,17884.20,17886.10,0,
17_07_2026_11_00,17886.80,17893.20,17882.60,17891.80,0,
17_07_2026_11_05,17892.40,17894.60,17882.80,17885.40,0,
17_07_2026_11_10,17884.50,17884.70,17874.30,17882.20,0,
17_07_2026_11_15,17882.80,17882.80,17869.20,17870.30,0,
17_07_2026_11_20,17870.60,17873.10,17863.80,17868.70,0,
17_07_2026_11_25,17868.70,17869.20,17857.10,17858.20,0,
17_07_2026_11_30,17858.90,17860.80,17849.70,17857.80,0,
17_07_2026_11_35,17858.20,17868.90,17852.80,17866.80,0,
17_07_2026_11_40,17866.80,17877.60,17865.40,17877.20,0,
17_07_2026_11_45,17878.10,17883.80,17877.10,17880.10,0,
17_07_2026_11_50,17880.10,17885.90,17872.80,17872.90,0,
17_07_2026_11_55,17873.20,17874.30,17863.30,17863.40,0,
17_07_2026_12_00,17863.60,17863.60,17848.80,17854.00,0,
17_07_2026_12_05,17853.60,17858.80,17850.70,17857.30,0,
17_07_2026_12_10,17857.50,17858.80,17852.20,17855.80,0,
17_07_2026_12_15,17855.30,17857.40,17845.20,17845.40,0,
17_07_2026_12_20,17845.40,17855.50,17842.10,17855.10,0,
17_07_2026_12_25,17855.10,17860.20,17849.70,17850.20,0,
17_07_2026_12_30,17850.20,17857.60,17848.20,17856.80,0,
17_07_2026_12_35,17856.30,17865.80,17853.20,17864.30,0,
17_07_2026_12_40,17864.30,17871.60,17862.00,17868.40,0,
17_07_2026_12_45,17868.50,17880.80,17867.30,17879.90,0,
17_07_2026_12_50,17879.80,17881.50,17867.90,17869.90,0,
17_07_2026_12_55,17870.10,17878.30,17869.70,17877.40,0,
17_07_2026_13_00,17877.40,17885.90,17876.30,17882.60,0,
17_07_2026_13_05,17883.10,17891.30,17880.10,17885.30,0,
17_07_2026_13_10,17885.30,17888.30,17879.10,17888.30,0,
17_07_2026_13_15,17888.20,17888.60,17875.40,17876.20,0,
17_07_2026_13_20,17876.20,17880.10,17868.50,17868.90,0,
17_07_2026_13_25,17868.70,17872.70,17864.90,17866.30,0,
17_07_2026_13_30,17866.30,17871.60,17848.20,17866.70,0,
17_07_2026_13_35,17866.70,17889.30,17866.70,17872.90,0,
17_07_2026_13_40,17872.90,17874.00,17851.40,17865.00,0,
17_07_2026_13_45,17864.90,17873.70,17862.20,17871.50,0,
17_07_2026_13_50,17871.40,17877.90,17859.80,17874.70,0,
17_07_2026_13_55,17874.50,17900.70,17870.70,17899.70,0,
17_07_2026_14_00,17898.80,17898.80,17890.40,17898.10,0,
17_07_2026_14_05,17898.70,17899.60,17883.40,17885.20,0,
17_07_2026_14_10,17885.30,17898.40,17885.30,17892.40,0,
17_07_2026_14_15,17892.70,17947.40,17891.30,17910.70,0,
17_07_2026_14_20,17910.80,17917.30,17900.60,17909.70,0,
17_07_2026_14_25,17909.40,17931.80,17909.20,17915.80,0,
17_07_2026_14_30,17915.20,17930.10,17911.50,17918.60,0,
17_07_2026_14_35,17918.90,17926.60,17914.20,17925.20,0,
17_07_2026_14_40,17925.40,17929.70,17919.50,17926.20,0,
17_07_2026_14_45,17926.20,17943.40,17919.60,17942.30,0,
17_07_2026_14_50,17943.00,17947.30,17935.30,17938.90,0,
17_07_2026_14_55,17939.50,17955.70,17938.40,17954.20,0,
17_07_2026_15_00,17953.20,17956.10,17941.20,17942.60,0,
17_07_2026_15_05,17943.60,17949.40,17940.30,17943.90,0,
17_07_2026_15_10,17943.90,17952.10,17939.20,17939.90,0,
17_07_2026_15_15,17939.70,17940.10,17916.80,17916.80,0,
17_07_2026_15_20,17917.60,17926.20,17914.70,17918.00,0,
17_07_2026_15_25,17918.80,17923.10,17905.40,17912.30,0,
20_07_2026_09_15,17891.90,17944.80,17872.10,17908.10,0,
20_07_2026_09_20,17905.80,17918.60,17903.40,17906.20,0,
20_07_2026_09_25,17905.60,17906.10,17867.50,17874.80,0,
20_07_2026_09_30,17874.90,17907.70,17871.30,17905.60,0,
20_07_2026_09_35,17905.60,17935.10,17905.60,17928.60,0,
20_07_2026_09_40,17927.70,17939.60,17918.90,17932.10,0,
20_07_2026_09_45,17931.70,17950.80,17931.60,17942.10,0,
20_07_2026_09_50,17942.20,17948.60,17937.40,17939.40,0,
20_07_2026_09_55,17939.00,17955.70,17937.40,17950.90,0,
20_07_2026_10_00,17951.30,17964.60,17950.20,17959.10,0,
20_07_2026_10_05,17957.70,17960.70,17943.80,17956.80,0,
20_07_2026_10_10,17956.80,17965.40,17952.20,17964.40,0,
20_07_2026_10_15,17964.90,17982.70,17964.50,17977.20,0,
20_07_2026_10_20,17976.80,17994.30,17976.80,17990.30,0,
20_07_2026_10_25,17990.20,18003.10,17989.10,17998.80,0,
20_07_2026_10_30,17999.30,18009.10,17997.60,18002.90,0,
20_07_2026_10_35,18002.70,18005.80,17997.70,18002.30,0,
20_07_2026_10_40,18001.80,18009.80,17996.40,17997.30,0,
20_07_2026_10_45,17997.50,18000.80,17990.60,18000.80,0,
20_07_2026_10_50,17999.80,18002.10,17983.70,17984.40,0,
20_07_2026_10_55,17983.90,17990.70,17978.70,17988.80,0,
20_07_2026_11_00,17988.70,17992.60,17975.80,17976.90,0,
20_07_2026_11_05,17976.80,17984.10,17969.80,17980.20,0,
20_07_2026_11_10,17979.90,17980.30,17970.70,17976.70,0,
20_07_2026_11_15,17976.40,17992.60,17976.20,17989.30,0,
20_07_2026_11_20,17989.20,17998.10,17989.20,17995.30,0,
20_07_2026_11_25,17995.90,18005.30,17993.60,17999.40,0,
20_07_2026_11_30,17999.80,18004.10,17997.70,18000.70,0,
20_07_2026_11_35,18000.40,18001.50,17988.60,17992.70,0,
20_07_2026_11_40,17992.30,17997.30,17987.40,17989.10,0,
20_07_2026_11_45,17989.10,17989.80,17978.30,17981.40,0,
20_07_2026_11_50,17981.20,17985.90,17971.80,17971.80,0,
20_07_2026_11_55,17972.20,17980.50,17969.50,17978.70,0,
20_07_2026_12_00,17978.60,17981.50,17974.00,17978.10,0,
20_07_2026_12_05,17978.20,17987.20,17977.60,17985.70,0,
20_07_2026_12_10,17985.70,18007.30,17985.00,18007.20,0,
20_07_2026_12_15,18007.50,18015.70,18005.80,18013.70,0,
20_07_2026_12_20,18013.30,18014.10,18001.70,18002.40,0,
20_07_2026_12_25,18002.20,18008.80,18000.80,18004.70,0,
20_07_2026_12_30,18004.30,18012.10,18003.90,18008.30,0,
20_07_2026_12_35,18008.00,18009.90,18002.20,18007.00,0,
20_07_2026_12_40,18007.10,18011.30,18001.20,18002.30,0,
20_07_2026_12_45,18002.10,18002.60,17990.70,17995.10,0,
20_07_2026_12_50,17994.60,18007.70,17994.30,18000.20,0,
20_07_2026_12_55,18000.20,18019.50,17998.80,18018.90,0,
20_07_2026_13_00,18018.30,18027.20,18016.80,18026.20,0,
20_07_2026_13_05,18026.20,18029.30,18020.20,18020.90,0,
20_07_2026_13_10,18020.90,18041.30,18016.90,18041.30,0,
20_07_2026_13_15,18041.20,18049.40,18035.20,18039.00,0,
20_07_2026_13_20,18038.30,18047.40,18034.10,18046.80,0,
20_07_2026_13_25,18046.80,18050.10,18040.90,18045.60,0,
20_07_2026_13_30,18044.70,18048.90,18039.80,18044.30,0,
20_07_2026_13_35,18043.30,18050.80,18042.40,18047.50,0,
20_07_2026_13_40,18047.60,18047.90,18039.90,18040.60,0,
20_07_2026_13_45,18040.60,18056.00,18040.30,18052.50,0,
20_07_2026_13_50,18052.30,18053.40,18046.60,18047.80,0,
20_07_2026_13_55,18048.20,18060.60,18048.20,18059.90,0,
20_07_2026_14_00,18059.20,18066.50,18059.20,18065.30,0,
20_07_2026_14_05,18064.80,18068.30,18061.10,18061.30,0,
20_07_2026_14_10,18060.80,18062.70,18054.60,18060.80,0,
20_07_2026_14_15,18061.30,18062.30,18054.20,18060.20,0,
20_07_2026_14_20,18060.00,18064.90,18055.90,18056.90,0,
20_07_2026_14_25,18056.70,18056.70,18047.10,18053.90,0,
20_07_2026_14_30,18053.70,18056.70,18040.30,18042.70,0,
20_07_2026_14_35,18042.40,18043.90,18029.70,18032.50,0,
20_07_2026_14_40,18032.30,18039.30,18026.80,18035.90,0,
20_07_2026_14_45,18035.90,18048.60,18032.60,18045.80,0,
20_07_2026_14_50,18045.20,18054.70,18044.90,18053.80,0,
20_07_2026_14_55,18053.40,18055.80,18045.70,18045.70,0,
20_07_2026_15_00,18046.90,18059.90,18042.30,18042.30,0,
20_07_2026_15_05,18042.70,18044.40,18034.80,18036.10,0,
20_07_2026_15_10,18036.80,18036.80,18028.60,18033.20,0,
20_07_2026_15_15,18033.20,18039.30,18031.10,18036.90,0,
20_07_2026_15_20,18036.10,18046.60,18033.90,18045.90,0,
20_07_2026_15_25,18045.50,18049.80,18038.70,18047.90,0,
21_07_2026_09_15,18053.10,18091.40,18024.70,18084.60,0,
21_07_2026_09_20,18085.20,18086.20,18064.70,18075.80,0,
21_07_2026_09_25,18075.20,18099.80,18067.20,18090.20,0,
21_07_2026_09_30,18090.90,18100.40,18086.90,18091.80,0,
21_07_2026_09_35,18092.40,18107.20,18085.40,18106.70,0,
21_07_2026_09_40,18107.40,18108.40,18089.90,18099.10,0,
21_07_2026_09_45,18100.80,18101.30,18088.20,18089.60,0,
21_07_2026_09_50,18089.40,18099.20,18088.60,18094.70,0,
21_07_2026_09_55,18094.70,18095.70,18075.90,18076.20,0,
21_07_2026_10_00,18076.20,18090.80,18075.00,18090.70,0,
21_07_2026_10_05,18090.70,18103.60,18090.70,18101.60,0,
21_07_2026_10_10,18101.40,18102.20,18089.70,18090.90,0,
21_07_2026_10_15,18090.40,18091.80,18082.90,18084.90,0,
21_07_2026_10_20,18084.40,18084.50,18068.30,18074.70,0,
21_07_2026_10_25,18074.70,18078.70,18071.00,18072.90,0,
21_07_2026_10_30,18073.20,18075.30,18057.80,18058.00,0,
21_07_2026_10_35,18057.60,18061.20,18043.70,18044.70,0,
21_07_2026_10_40,18044.60,18059.90,18043.70,18057.90,0,
21_07_2026_10_45,18057.60,18063.20,18050.70,18055.40,0,
21_07_2026_10_50,18055.50,18055.80,18047.20,18053.70,0,
21_07_2026_10_55,18053.60,18062.60,18052.30,18058.80,0,
21_07_2026_11_00,18059.00,18071.80,18056.60,18071.00,0,
21_07_2026_11_05,18071.10,18078.70,18069.80,18072.10,0,
21_07_2026_11_10,18072.20,18073.90,18064.10,18065.80,0,
21_07_2026_11_15,18065.60,18070.80,18061.70,18067.20,0,
21_07_2026_11_20,18066.90,18069.60,18061.40,18065.70,0,
21_07_2026_11_25,18065.40,18070.90,18060.70,18063.10,0,
21_07_2026_11_30,18063.40,18073.80,18062.50,18071.80,0,
21_07_2026_11_35,18072.20,18075.80,18062.70,18064.20,0,
21_07_2026_11_40,18064.20,18066.10,18058.80,18064.60,0,
21_07_2026_11_45,18064.80,18067.50,18059.40,18066.90,0,
21_07_2026_11_50,18066.70,18069.30,18061.80,18068.80,0,
21_07_2026_11_55,18068.90,18080.00,18066.70,18079.40,0,
21_07_2026_12_00,18079.80,18090.60,18079.20,18090.00,0,
21_07_2026_12_05,18089.80,18096.20,18089.80,18093.80,0,
21_07_2026_12_10,18093.70,18095.00,18089.10,18090.70,0,
21_07_2026_12_15,18090.90,18092.20,18082.00,18083.60,0,
21_07_2026_12_20,18084.10,18090.80,18082.20,18087.20,0,
21_07_2026_12_25,18087.20,18090.90,18081.70,18083.50,0,
21_07_2026_12_30,18083.20,18099.80,18083.20,18095.90,0,
21_07_2026_12_35,18095.80,18101.40,18093.20,18096.20,0,
21_07_2026_12_40,18096.70,18096.80,18082.90,18085.20,0,
21_07_2026_12_45,18085.70,18086.10,18077.80,18079.00,0,
21_07_2026_12_50,18079.40,18079.80,18070.30,18072.90,0,
21_07_2026_12_55,18073.70,18078.20,18060.20,18061.90,0,
21_07_2026_13_00,18061.80,18065.40,18055.90,18065.20,0,
21_07_2026_13_05,18065.10,18072.80,18062.40,18071.70,0,
21_07_2026_13_10,18071.60,18080.30,18070.20,18077.60,0,
21_07_2026_13_15,18078.10,18078.90,18071.20,18071.90,0,
21_07_2026_13_20,18072.00,18084.20,18069.80,18080.20,0,
21_07_2026_13_25,18080.50,18085.90,18073.10,18076.20,0,
21_07_2026_13_30,18076.60,18086.90,18074.80,18086.60,0,
21_07_2026_13_35,18086.70,18093.00,18086.10,18093.00,0,
21_07_2026_13_40,18092.80,18095.00,18087.30,18089.60,0,
21_07_2026_13_45,18089.40,18094.50,18087.70,18092.30,0,
21_07_2026_13_50,18091.90,18095.90,18089.60,18093.20,0,
21_07_2026_13_55,18093.30,18094.70,18086.30,18091.10,0,
21_07_2026_14_00,18090.80,18102.40,18090.80,18100.90,0,
21_07_2026_14_05,18100.60,18101.90,18093.20,18098.20,0,
21_07_2026_14_10,18097.80,18098.30,18090.10,18091.70,0,
21_07_2026_14_15,18092.00,18096.80,18090.90,18094.00,0,
21_07_2026_14_20,18094.10,18096.90,18092.30,18093.90,0,
21_07_2026_14_25,18093.90,18093.90,18085.10,18088.90,0,
21_07_2026_14_30,18088.90,18093.00,18084.20,18085.70,0,
21_07_2026_14_35,18086.00,18093.10,18084.30,18084.60,0,
21_07_2026_14_40,18084.60,18090.70,18080.00,18087.30,0,
21_07_2026_14_45,18087.20,18100.20,18087.20,18100.20,0,
21_07_2026_14_50,18099.90,18100.60,18089.80,18093.10,0,
21_07_2026_14_55,18092.70,18097.70,18089.80,18094.80,0,
21_07_2026_15_00,18095.80,18105.30,18092.00,18093.20,0,
21_07_2026_15_05,18092.20,18093.50,18087.70,18091.80,0,
21_07_2026_15_10,18090.20,18093.80,18087.40,18090.10,0,
21_07_2026_15_15,18090.20,18093.60,18085.50,18092.50,0,
21_07_2026_15_20,18092.00,18094.60,18088.10,18091.60,0,
21_07_2026_15_25,18091.70,18100.70,18084.20,18089.80,0,
22_07_2026_09_15,18067.20,18073.80,18040.90,18058.20,0,
22_07_2026_09_20,18059.00,18061.00,18032.60,18034.70,0,
22_07_2026_09_25,18034.20,18035.80,17983.70,17985.20,0,
22_07_2026_09_30,17985.30,17989.90,17962.70,17963.30,0,
22_07_2026_09_35,17962.80,17964.90,17949.20,17950.90,0,
22_07_2026_09_40,17950.30,17964.70,17945.80,17953.40,0,
22_07_2026_09_45,17954.30,17957.90,17929.90,17930.20,0,
22_07_2026_09_50,17930.30,17941.80,17925.10,17929.20,0,
22_07_2026_09_55,17928.80,17932.40,17915.90,17922.40,0,
22_07_2026_10_00,17922.10,17937.10,17907.90,17937.10,0,
22_07_2026_10_05,17937.30,17972.90,17933.60,17967.30,0,
22_07_2026_10_10,17967.40,17971.40,17946.20,17947.60,0,
22_07_2026_10_15,17947.30,17948.30,17938.70,17946.30,0,
22_07_2026_10_20,17945.30,17952.20,17927.50,17927.50,0,
22_07_2026_10_25,17927.30,17927.90,17898.60,17922.20,0,
22_07_2026_10_30,17922.30,17945.00,17921.80,17934.70,0,
22_07_2026_10_35,17934.80,17940.40,17927.00,17928.20,0,
22_07_2026_10_40,17927.80,17938.90,17925.80,17938.30,0,
22_07_2026_10_45,17937.70,17937.90,17923.80,17937.70,0,
22_07_2026_10_50,17939.40,17951.40,17930.70,17942.70,0,
22_07_2026_10_55,17942.40,17956.60,17942.30,17950.80,0,
22_07_2026_11_00,17950.70,17956.10,17947.30,17949.00,0,
22_07_2026_11_05,17948.70,17959.20,17946.90,17956.20,0,
22_07_2026_11_10,17956.70,17961.80,17954.40,17956.00,0,
22_07_2026_11_15,17955.30,17969.80,17954.80,17967.90,0,
22_07_2026_11_20,17967.70,17978.40,17966.10,17977.10,0,
22_07_2026_11_25,17976.80,17977.10,17968.40,17968.90,0,
22_07_2026_11_30,17968.60,17970.40,17959.10,17966.60,0,
22_07_2026_11_35,17966.60,17967.00,17952.90,17958.80,0,
22_07_2026_11_40,17959.20,17968.40,17956.10,17962.30,0,
22_07_2026_11_45,17961.80,17963.70,17953.30,17953.30,0,
22_07_2026_11_50,17953.10,17954.20,17936.80,17937.30,0,
22_07_2026_11_55,17936.40,17938.80,17929.80,17930.30,0,
22_07_2026_12_00,17931.10,17932.10,17905.70,17907.20,0,
22_07_2026_12_05,17905.90,17907.10,17897.10,17898.30,0,
22_07_2026_12_10,17898.20,17901.50,17893.50,17896.90,0,
22_07_2026_12_15,17896.70,17896.70,17884.70,17884.70,0,
22_07_2026_12_20,17884.10,17901.10,17878.20,17900.60,0,
22_07_2026_12_25,17899.80,17908.60,17888.90,17890.80,0,
22_07_2026_12_30,17891.60,17892.10,17877.10,17878.40,0,
22_07_2026_12_35,17878.70,17879.30,17859.80,17860.90,0,
22_07_2026_12_40,17861.00,17878.90,17856.80,17878.80,0,
22_07_2026_12_45,17878.60,17900.80,17871.40,17899.80,0,
22_07_2026_12_50,17900.20,17910.20,17896.90,17900.50,0,
22_07_2026_12_55,17900.30,17904.20,17888.80,17888.80,0,
22_07_2026_13_00,17887.30,17888.20,17871.10,17872.40,0,
22_07_2026_13_05,17871.80,17880.20,17867.30,17876.20,0,
22_07_2026_13_10,17876.20,17881.10,17865.10,17869.80,0,
22_07_2026_13_15,17869.30,17879.20,17869.30,17875.10,0,
22_07_2026_13_20,17875.10,17884.90,17872.20,17880.20,0,
22_07_2026_13_25,17880.30,17880.40,17870.40,17873.00,0,
22_07_2026_13_30,17873.10,17893.40,17872.20,17893.40,0,
22_07_2026_13_35,17892.80,17911.40,17889.70,17910.30,0,
22_07_2026_13_40,17910.00,17910.80,17888.60,17900.80,0,
22_07_2026_13_45,17900.60,17901.70,17881.80,17882.90,0,
22_07_2026_13_50,17882.90,17893.40,17882.90,17891.50,0,
22_07_2026_13_55,17891.10,17901.60,17888.80,17890.10,0,
22_07_2026_14_00,17891.10,17891.10,17875.80,17882.80,0,
22_07_2026_14_05,17882.30,17892.90,17882.30,17883.20,0,
22_07_2026_14_10,17882.60,17882.80,17866.00,17872.70,0,
22_07_2026_14_15,17871.90,17890.80,17870.40,17884.20,0,
22_07_2026_14_20,17884.20,17888.00,17871.20,17874.20,0,
22_07_2026_14_25,17874.30,17874.70,17859.10,17859.50,0,
22_07_2026_14_30,17859.40,17866.20,17857.90,17864.90,0,
22_07_2026_14_35,17865.30,17877.50,17864.90,17865.40,0,
22_07_2026_14_40,17865.70,17868.90,17856.20,17868.40,0,
22_07_2026_14_45,17868.90,17874.40,17861.20,17869.80,0,
22_07_2026_14_50,17869.20,17878.70,17866.50,17873.90,0,
22_07_2026_14_55,17873.90,17880.10,17871.10,17877.40,0,
22_07_2026_15_00,17878.70,17887.10,17855.70,17857.70,0,
22_07_2026_15_05,17857.80,17883.80,17857.80,17882.70,0,
22_07_2026_15_10,17882.10,17897.40,17878.70,17891.40,0,
22_07_2026_15_15,17892.20,17898.60,17876.20,17880.10,0,
22_07_2026_15_20,17879.90,17886.60,17875.80,17880.30,0,
22_07_2026_15_25,17880.10,17885.10,17873.60,17878.90,0,
23_07_2026_09_15,17824.90,17826.70,17761.70,17791.20,0,
23_07_2026_09_20,17791.20,17844.50,17789.80,17843.80,0,
23_07_2026_09_25,17844.10,17856.20,17826.60,17830.60,0,
23_07_2026_09_30,17830.70,17833.70,17813.10,17813.80,0,
23_07_2026_09_35,17813.60,17813.60,17778.10,17785.90,0,
23_07_2026_09_40,17785.30,17786.90,17759.40,17760.10,0,
23_07_2026_09_45,17760.40,17776.70,17754.80,17775.80,0,
23_07_2026_09_50,17776.10,17776.30,17763.80,17766.80,0,
23_07_2026_09_55,17766.90,17782.30,17765.20,17781.70,0,
23_07_2026_10_00,17781.70,17816.60,17780.80,17814.10,0,
23_07_2026_10_05,17814.60,17816.20,17807.20,17813.30,0,
23_07_2026_10_10,17813.80,17820.40,17810.70,17814.10,0,
23_07_2026_10_15,17813.80,17832.30,17812.90,17828.80,0,
23_07_2026_10_20,17828.80,17830.40,17821.60,17825.50,0,
23_07_2026_10_25,17825.60,17849.90,17823.80,17847.10,0,
23_07_2026_10_30,17847.20,17849.90,17825.00,17825.20,0,
23_07_2026_10_35,17824.80,17832.90,17823.90,17831.70,0,
23_07_2026_10_40,17831.80,17851.00,17831.20,17850.40,0,
23_07_2026_10_45,17850.50,17853.30,17844.40,17851.70,0,
23_07_2026_10_50,17851.60,17854.80,17839.20,17841.80,0,
23_07_2026_10_55,17841.70,17855.70,17837.80,17854.10,0,
23_07_2026_11_00,17853.80,17859.60,17849.20,17857.50,0,
23_07_2026_11_05,17857.70,17862.90,17852.30,17853.10,0,
23_07_2026_11_10,17853.60,17856.00,17841.90,17842.40,0,
23_07_2026_11_15,17842.30,17842.90,17821.20,17821.80,0,
23_07_2026_11_20,17821.60,17821.60,17806.20,17806.30,0,
23_07_2026_11_25,17806.10,17807.90,17786.80,17787.80,0,
23_07_2026_11_30,17787.20,17790.50,17776.90,17781.20,0,
23_07_2026_11_35,17781.30,17786.50,17776.70,17782.20,0,
23_07_2026_11_40,17782.80,17799.40,17781.90,17798.60,0,
23_07_2026_11_45,17798.60,17798.90,17790.90,17792.70,0,
23_07_2026_11_50,17792.90,17794.40,17775.90,17779.10,0,
23_07_2026_11_55,17779.30,17789.00,17777.70,17788.50,0,
23_07_2026_12_00,17788.70,17798.90,17783.60,17785.90,0,
23_07_2026_12_05,17785.80,17793.30,17782.50,17791.20,0,
23_07_2026_12_10,17791.10,17792.80,17771.50,17772.10,0,
23_07_2026_12_15,17771.40,17771.50,17756.00,17758.50,0,
23_07_2026_12_20,17758.60,17760.80,17742.70,17743.80,0,
23_07_2026_12_25,17744.40,17745.10,17734.30,17736.70,0,
23_07_2026_12_30,17736.70,17737.80,17718.40,17731.50,0,
23_07_2026_12_35,17731.30,17734.20,17725.40,17728.90,0,
23_07_2026_12_40,17729.40,17730.10,17701.90,17704.60,0,
23_07_2026_12_45,17704.10,17712.90,17704.10,17706.40,0,
23_07_2026_12_50,17706.20,17707.00,17692.80,17700.10,0,
23_07_2026_12_55,17699.90,17707.90,17698.60,17706.20,0,
23_07_2026_13_00,17706.20,17706.20,17682.30,17684.30,0,
23_07_2026_13_05,17684.20,17689.70,17673.70,17674.30,0,
23_07_2026_13_10,17675.00,17680.30,17669.90,17677.40,0,
23_07_2026_13_15,17677.70,17678.70,17655.60,17672.50,0,
23_07_2026_13_20,17672.60,17688.10,17670.50,17686.10,0,
23_07_2026_13_25,17686.60,17687.90,17676.10,17677.20,0,
23_07_2026_13_30,17677.70,17678.00,17662.30,17665.50,0,
23_07_2026_13_35,17664.40,17686.10,17657.70,17685.40,0,
23_07_2026_13_40,17684.90,17689.40,17682.30,17684.70,0,
23_07_2026_13_45,17684.20,17699.90,17682.80,17690.90,0,
23_07_2026_13_50,17690.80,17699.20,17688.30,17688.80,0,
23_07_2026_13_55,17688.80,17696.70,17685.20,17692.30,0,
23_07_2026_14_00,17691.80,17696.90,17686.50,17687.80,0,
23_07_2026_14_05,17688.00,17691.40,17681.20,17681.20,0,
23_07_2026_14_10,17681.10,17685.10,17677.80,17680.10,0,
23_07_2026_14_15,17679.70,17686.80,17671.40,17673.40,0,
23_07_2026_14_20,17673.60,17683.90,17672.20,17681.60,0,
23_07_2026_14_25,17681.30,17691.90,17681.30,17687.00,0,
23_07_2026_14_30,17687.10,17715.10,17679.90,17714.90,0,
23_07_2026_14_35,17714.80,17717.10,17678.20,17678.20,0,
23_07_2026_14_40,17677.70,17678.20,17650.50,17658.90,0,
23_07_2026_14_45,17657.90,17659.30,17647.70,17653.50,0,
23_07_2026_14_50,17653.40,17667.20,17652.50,17665.20,0,
23_07_2026_14_55,17665.20,17673.40,17661.40,17672.10,0,
23_07_2026_15_00,17673.10,17692.80,17659.40,17675.20,0,
23_07_2026_15_05,17675.90,17698.80,17673.90,17689.20,0,
23_07_2026_15_10,17690.40,17694.70,17685.60,17690.00,0,
23_07_2026_15_15,17691.30,17697.10,17681.90,17690.40,0,
23_07_2026_15_20,17690.30,17696.40,17688.50,17695.40,0,
23_07_2026_15_25,17696.30,17707.10,17689.80,17699.90,0,
24_07_2026_09_15,17579.30,17617.00,17557.80,17615.80,0,
24_07_2026_09_20,17616.30,17628.60,17586.60,17586.60,0,
24_07_2026_09_25,17585.10,17585.10,17549.30,17564.90,0,
24_07_2026_09_30,17564.10,17587.30,17561.00,17571.20,0,
24_07_2026_09_35,17570.80,17579.60,17553.90,17559.20,0,
24_07_2026_09_40,17559.60,17580.90,17556.60,17560.80,0,
24_07_2026_09_45,17560.90,17567.20,17531.10,17533.30,0,
24_07_2026_09_50,17532.30,17540.30,17523.20,17534.90,0,
24_07_2026_09_55,17535.10,17538.50,17518.20,17532.10,0,
24_07_2026_10_00,17531.80,17532.70,17495.80,17504.00,0,
24_07_2026_10_05,17503.80,17504.60,17487.20,17491.90,0,
24_07_2026_10_10,17492.20,17500.90,17484.20,17488.00,0,
24_07_2026_10_15,17488.30,17508.10,17485.10,17494.20,0,
24_07_2026_10_20,17493.90,17501.00,17484.90,17488.90,0,
24_07_2026_10_25,17488.10,17500.70,17488.10,17495.30,0,
24_07_2026_10_30,17495.30,17496.40,17479.80,17480.80,0,
24_07_2026_10_35,17480.70,17519.90,17478.30,17518.20,0,
24_07_2026_10_40,17517.50,17518.70,17507.20,17511.00,0,
24_07_2026_10_45,17511.30,17523.80,17510.20,17522.70,0,
24_07_2026_10_50,17523.10,17527.00,17511.70,17513.90,0,
24_07_2026_10_55,17513.70,17514.20,17496.30,17497.60,0,
24_07_2026_11_00,17497.70,17502.30,17487.10,17500.20,0,
24_07_2026_11_05,17500.30,17508.40,17500.00,17506.80,0,
24_07_2026_11_10,17507.10,17524.40,17507.10,17519.90,0,
24_07_2026_11_15,17520.70,17559.70,17519.60,17558.10,0,
24_07_2026_11_20,17558.20,17584.50,17558.00,17581.40,0,
24_07_2026_11_25,17581.70,17587.80,17564.60,17564.60,0,
24_07_2026_11_30,17565.20,17568.40,17555.10,17566.90,0,
24_07_2026_11_35,17567.30,17575.60,17554.40,17575.20,0,
24_07_2026_11_40,17575.80,17590.50,17575.80,17588.90,0,
24_07_2026_11_45,17588.70,17611.20,17588.60,17608.80,0,
24_07_2026_11_50,17608.70,17611.00,17603.20,17605.10,0,
24_07_2026_11_55,17605.40,17605.40,17592.90,17596.20,0,
24_07_2026_12_00,17596.20,17607.40,17588.90,17607.40,0,
24_07_2026_12_05,17606.90,17611.60,17601.40,17602.80,0,
24_07_2026_12_10,17601.90,17604.40,17594.20,17594.40,0,
24_07_2026_12_15,17594.30,17606.60,17594.20,17603.50,0,
24_07_2026_12_20,17603.80,17611.20,17601.10,17610.80,0,
24_07_2026_12_25,17610.80,17656.80,17610.70,17655.70,0,
24_07_2026_12_30,17655.80,17665.20,17649.20,17650.30,0,
24_07_2026_12_35,17650.10,17654.60,17632.10,17643.20,0,
24_07_2026_12_40,17642.80,17668.60,17641.50,17666.70,0,
24_07_2026_12_45,17666.00,17675.40,17665.70,17673.50,0,
24_07_2026_12_50,17673.50,17685.40,17670.60,17684.40,0,
24_07_2026_12_55,17683.90,17687.90,17678.30,17684.90,0,
24_07_2026_13_00,17684.90,17686.20,17662.40,17663.30,0,
24_07_2026_13_05,17663.40,17663.40,17649.40,17656.10,0,
24_07_2026_13_10,17655.80,17667.10,17655.40,17667.10,0,
24_07_2026_13_15,17667.20,17675.30,17663.60,17674.40,0,
24_07_2026_13_20,17674.70,17683.30,17668.90,17679.30,0,
24_07_2026_13_25,17679.40,17685.20,17675.00,17681.10,0,
24_07_2026_13_30,17681.40,17681.90,17657.10,17657.30,0,
24_07_2026_13_35,17657.30,17665.40,17645.10,17662.90,0,
24_07_2026_13_40,17662.20,17662.60,17631.60,17643.70,0,
24_07_2026_13_45,17643.10,17653.10,17634.90,17652.60,0,
24_07_2026_13_50,17652.70,17666.50,17652.70,17663.10,0,
24_07_2026_13_55,17663.10,17680.10,17660.10,17680.10,0,
24_07_2026_14_00,17679.50,17710.80,17677.30,17709.80,0,
24_07_2026_14_05,17709.70,17710.70,17694.80,17695.20,0,
24_07_2026_14_10,17695.20,17700.30,17686.70,17694.70,0,
24_07_2026_14_15,17695.00,17705.20,17689.90,17691.10,0,
24_07_2026_14_20,17691.40,17695.10,17673.80,17673.80,0,
24_07_2026_14_25,17673.50,17677.50,17660.20,17666.20,0,
24_07_2026_14_30,17666.10,17674.10,17657.70,17664.90,0,
24_07_2026_14_35,17664.40,17670.70,17659.60,17663.40,0,
24_07_2026_14_40,17663.00,17676.80,17660.30,17675.40,0,
24_07_2026_14_45,17674.90,17677.10,17667.70,17677.10,0,
24_07_2026_14_50,17676.90,17700.20,17671.50,17700.20,0,
24_07_2026_14_55,17700.40,17703.20,17690.30,17695.60,0,
24_07_2026_15_00,17696.20,17700.10,17674.40,17687.90,0,
24_07_2026_15_05,17688.60,17697.60,17681.20,17688.80,0,
24_07_2026_15_10,17688.40,17708.40,17686.20,17707.70,0,
24_07_2026_15_15,17707.10,17721.80,17705.80,17721.10,0,
24_07_2026_15_20,17721.20,17727.60,17718.60,17726.80,0,
24_07_2026_15_25,17726.20,17732.30,17720.90,17727.30,0,
