Date,Open,High,Low,Close,Volume,
27_03_2026_09_15,11224.50,11246.50,11157.10,11163.80,0,
27_03_2026_09_20,11163.60,11292.80,11156.70,11274.50,0,
27_03_2026_09_25,11274.30,11285.70,11257.80,11264.80,0,
27_03_2026_09_30,11263.20,11271.20,11232.20,11237.30,0,
27_03_2026_09_35,11237.00,11238.10,11212.00,11221.10,0,
27_03_2026_09_40,11221.10,11234.20,11213.10,11234.00,0,
27_03_2026_09_45,11234.30,11237.50,11221.20,11222.70,0,
27_03_2026_09_50,11223.20,11230.90,11210.30,11211.60,0,
27_03_2026_09_55,11212.00,11212.10,11189.80,11204.00,0,
27_03_2026_10_00,11204.30,11231.80,11200.60,11230.40,0,
27_03_2026_10_05,11229.50,11234.00,11209.80,11216.70,0,
27_03_2026_10_10,11217.00,11217.80,11184.80,11186.50,0,
27_03_2026_10_15,11186.90,11189.20,11174.00,11178.50,0,
27_03_2026_10_20,11178.60,11193.70,11172.20,11192.20,0,
27_03_2026_10_25,11192.00,11205.20,11185.80,11201.30,0,
27_03_2026_10_30,11200.50,11231.40,11200.40,11213.20,0,
27_03_2026_10_35,11213.20,11226.20,11205.10,11222.20,0,
27_03_2026_10_40,11221.30,11237.40,11212.50,11226.20,0,
27_03_2026_10_45,11226.00,11226.40,11202.40,11202.80,0,
27_03_2026_10_50,11202.70,11207.90,11184.60,11186.80,0,
27_03_2026_10_55,11186.90,11207.20,11185.50,11202.30,0,
27_03_2026_11_00,11202.80,11235.30,11202.80,11225.20,0,
27_03_2026_11_05,11226.00,11239.50,11218.30,11237.60,0,
27_03_2026_11_10,11237.80,11242.40,11215.40,11232.30,0,
27_03_2026_11_15,11232.70,11242.00,11229.00,11237.60,0,
27_03_2026_11_20,11238.00,11238.00,11220.00,11227.50,0,
27_03_2026_11_25,11227.30,11230.70,11214.70,11218.20,0,
27_03_2026_11_30,11217.90,11226.00,11212.10,11215.20,0,
27_03_2026_11_35,11215.00,11235.00,11215.00,11218.20,0,
27_03_2026_11_40,11218.50,11227.30,11208.80,11225.10,0,
27_03_2026_11_45,11224.90,11230.80,11218.60,11227.00,0,
27_03_2026_11_50,11226.80,11236.60,11221.30,11236.20,0,
27_03_2026_11_55,11236.50,11236.70,11220.20,11224.30,0,
27_03_2026_12_00,11224.30,11224.30,11196.70,11207.50,0,
27_03_2026_12_05,11207.60,11213.80,11200.00,11205.40,0,
27_03_2026_12_10,11205.00,11209.20,11195.70,11195.70,0,
27_03_2026_12_15,11195.80,11196.50,11175.10,11177.30,0,
27_03_2026_12_20,11177.20,11197.20,11176.20,11196.50,0,
27_03_2026_12_25,11196.20,11225.60,11195.90,11223.30,0,
27_03_2026_12_30,11222.80,11222.80,11203.00,11213.50,0,
27_03_2026_12_35,11214.20,11216.70,11203.40,11216.50,0,
27_03_2026_12_40,11216.40,11230.30,11211.20,11229.10,0,
27_03_2026_12_45,11229.10,11229.80,11216.90,11224.80,0,
27_03_2026_12_50,11224.50,11226.40,11207.00,11216.50,0,
27_03_2026_12_55,11216.00,11219.50,11213.20,11218.00,0,
27_03_2026_13_00,11218.10,11221.50,11210.80,11213.00,0,
27_03_2026_13_05,11213.00,11214.30,11201.50,11204.50,0,
27_03_2026_13_10,11204.10,11222.20,11199.40,11222.00,0,
27_03_2026_13_15,11222.20,11257.50,11217.50,11252.80,0,
27_03_2026_13_20,11252.50,11264.80,11243.80,11255.50,0,
27_03_2026_13_25,11255.80,11264.10,11244.80,11247.60,0,
27_03_2026_13_30,11247.80,11252.00,11231.30,11234.50,0,
27_03_2026_13_35,11234.50,11239.00,11215.70,11217.10,0,
27_03_2026_13_40,11216.80,11245.50,11214.80,11233.70,0,
27_03_2026_13_45,11234.00,11240.00,11221.20,11223.80,0,
27_03_2026_13_50,11223.70,11238.80,11220.90,11221.80,0,
27_03_2026_13_55,11222.50,11233.40,11212.50,11223.30,0,
27_03_2026_14_00,11223.00,11234.70,11219.50,11229.20,0,
27_03_2026_14_05,11229.20,11236.70,11215.20,11230.20,0,
27_03_2026_14_10,11230.40,11235.80,11220.20,11234.80,0,
27_03_2026_14_15,11235.30,11237.60,11219.90,11222.20,0,
27_03_2026_14_20,11223.20,11234.10,11209.20,11219.70,0,
27_03_2026_14_25,11219.70,11225.50,11210.00,11219.10,0,
27_03_2026_14_30,11219.20,11220.00,11198.50,11200.00,0,
27_03_2026_14_35,11200.30,11210.80,11188.10,11191.50,0,
27_03_2026_14_40,11191.50,11208.20,11188.00,11194.90,0,
27_03_2026_14_45,11194.20,11202.30,11194.20,11199.70,0,
27_03_2026_14_50,11199.00,11209.80,11195.80,11203.80,0,
27_03_2026_14_55,11204.00,11206.20,11183.80,11183.80,0,
27_03_2026_15_00,11184.70,11184.80,11164.60,11169.80,0,
27_03_2026_15_05,11169.30,11169.90,11159.00,11163.80,0,
27_03_2026_15_10,11166.40,11173.30,11157.20,11161.30,0,
27_03_2026_15_15,11160.00,11162.70,11148.30,11154.70,0,
27_03_2026_15_20,11154.50,11163.20,11150.00,11160.70,0,
27_03_2026_15_25,11161.00,11168.70,11148.30,11159.80,0,
30_03_2026_09_15,11168.90,11215.00,11088.00,11189.60,0,
30_03_2026_09_20,11188.20,11266.90,11179.20,11232.10,0,
30_03_2026_09_25,11230.30,11278.50,11219.60,11278.50,0,
30_03_2026_09_30,11279.80,11326.00,11258.90,11322.70,0,
30_03_2026_09_35,11321.50,11321.50,11295.50,11304.50,0,
30_03_2026_09_40,11303.10,11330.50,11301.20,11324.00,0,
30_03_2026_09_45,11323.00,11340.60,11308.20,11325.00,0,
30_03_2026_09_50,11324.20,11338.00,11316.50,11331.50,0,
30_03_2026_09_55,11331.00,11331.20,11308.00,11316.80,0,
30_03_2026_10_00,11318.00,11340.00,11308.20,11323.20,0,
30_03_2026_10_05,11322.80,11323.50,11268.70,11277.00,0,
30_03_2026_10_10,11277.00,11278.50,11237.20,11262.50,0,
30_03_2026_10_15,11263.90,11266.40,11208.80,11212.60,0,
30_03_2026_10_20,11212.50,11214.10,11179.00,11187.50,0,
30_03_2026_10_25,11187.00,11200.00,11170.70,11171.80,0,
30_03_2026_10_30,11172.60,11174.60,11145.30,11154.60,0,
30_03_2026_10_35,11155.00,11184.00,11152.90,11174.20,0,
30_03_2026_10_40,11174.30,11179.20,11148.40,11154.50,0,
30_03_2026_10_45,11154.50,11169.80,11152.50,11166.20,0,
30_03_2026_10_50,11167.00,11176.30,11148.50,11150.80,0,
30_03_2026_10_55,11151.20,11179.00,11143.20,11149.50,0,
30_03_2026_11_00,11150.40,11166.00,11140.90,11161.00,0,
30_03_2026_11_05,11161.10,11169.20,11152.30,11152.80,0,
30_03_2026_11_10,11152.10,11165.00,11146.00,11155.50,0,
30_03_2026_11_15,11154.80,11165.50,11144.60,11165.50,0,
30_03_2026_11_20,11164.70,11191.50,11163.30,11168.10,0,
30_03_2026_11_25,11167.30,11168.80,11148.70,11153.00,0,
30_03_2026_11_30,11152.90,11191.40,11145.80,11186.50,0,
30_03_2026_11_35,11186.00,11208.20,11185.90,11191.80,0,
30_03_2026_11_40,11191.30,11194.50,11183.00,11189.20,0,
30_03_2026_11_45,11190.00,11197.60,11178.20,11190.70,0,
30_03_2026_11_50,11190.80,11208.70,11180.70,11208.60,0,
30_03_2026_11_55,11207.80,11215.20,11200.80,11208.30,0,
30_03_2026_12_00,11208.70,11250.50,11204.80,11244.10,0,
30_03_2026_12_05,11244.00,11264.30,11242.80,11253.50,0,
30_03_2026_12_10,11253.00,11296.00,11251.80,11295.00,0,
30_03_2026_12_15,11294.80,11312.90,11293.30,11294.50,0,
30_03_2026_12_20,11294.50,11313.00,11288.20,11289.00,0,
30_03_2026_12_25,11289.50,11296.60,11265.30,11280.20,0,
30_03_2026_12_30,11281.70,11282.20,11259.00,11267.60,0,
30_03_2026_12_35,11267.20,11302.00,11264.80,11295.70,0,
30_03_2026_12_40,11296.30,11312.50,11292.10,11302.80,0,
30_03_2026_12_45,11302.70,11303.00,11270.20,11271.30,0,
30_03_2026_12_50,11271.20,11271.80,11241.50,11253.80,0,
30_03_2026_12_55,11254.10,11254.50,11244.80,11251.70,0,
30_03_2026_13_00,11251.70,11256.80,11231.30,11237.20,0,
30_03_2026_13_05,11236.80,11246.50,11227.00,11234.30,0,
30_03_2026_13_10,11233.20,11245.70,11221.80,11233.10,0,
30_03_2026_13_15,11232.70,11250.80,11230.80,11232.70,0,
30_03_2026_13_20,11232.10,11235.80,11224.50,11235.40,0,
30_03_2026_13_25,11235.00,11236.30,11204.80,11217.00,0,
30_03_2026_13_30,11216.60,11227.20,11206.70,11227.20,0,
30_03_2026_13_35,11227.60,11238.80,11215.50,11231.70,0,
30_03_2026_13_40,11231.30,11234.30,11204.50,11212.10,0,
30_03_2026_13_45,11213.00,11217.30,11204.20,11212.50,0,
30_03_2026_13_50,11212.60,11214.50,11189.00,11189.50,0,
30_03_2026_13_55,11190.00,11203.50,11186.20,11191.80,0,
30_03_2026_14_00,11192.80,11250.80,11192.20,11234.50,0,
30_03_2026_14_05,11234.40,11237.80,11213.10,11213.10,0,
30_03_2026_14_10,11212.30,11212.80,11196.20,11197.00,0,
30_03_2026_14_15,11198.40,11198.80,11171.80,11177.60,0,
30_03_2026_14_20,11176.00,11186.30,11167.60,11170.50,0,
30_03_2026_14_25,11170.70,11180.00,11164.00,11164.40,0,
30_03_2026_14_30,11163.50,11176.00,11140.50,11141.30,0,
30_03_2026_14_35,11139.20,11146.10,11131.70,11144.10,0,
30_03_2026_14_40,11142.50,11153.50,11136.00,11140.20,0,
30_03_2026_14_45,11138.80,11149.90,11129.30,11140.10,0,
30_03_2026_14_50,11138.20,11153.20,11119.20,11121.80,0,
30_03_2026_14_55,11121.20,11139.40,11120.20,11133.20,0,
30_03_2026_15_00,11133.50,11142.50,11115.30,11125.50,0,
30_03_2026_15_05,11125.70,11143.00,11124.30,11125.90,0,
30_03_2026_15_10,11125.80,11138.90,11124.90,11135.00,0,
30_03_2026_15_15,11135.20,11145.90,11135.00,11138.20,0,
30_03_2026_15_20,11137.80,11145.00,11134.50,11140.20,0,
30_03_2026_15_25,11140.70,11169.60,11137.60,11148.60,0,
01_04_2026_09_15,11445.70,11463.40,11374.50,11463.20,0,
01_04_2026_09_20,11463.50,11496.30,11448.30,11495.80,0,
01_04_2026_09_25,11495.90,11512.70,11480.70,11511.40,0,
01_04_2026_09_30,11510.00,11519.70,11474.80,11499.50,0,
01_04_2026_09_35,11497.90,11501.20,11460.60,11471.20,0,
01_04_2026_09_40,11471.00,11510.70,11471.00,11488.20,0,
01_04_2026_09_45,11486.80,11542.80,11483.50,11542.00,0,
01_04_2026_09_50,11544.20,11550.80,11531.00,11545.80,0,
01_04_2026_09_55,11546.30,11548.30,11527.20,11539.10,0,
01_04_2026_10_00,11539.50,11569.00,11538.00,11563.00,0,
01_04_2026_10_05,11563.20,11570.00,11556.00,11563.20,0,
01_04_2026_10_10,11563.20,11564.10,11533.30,11537.30,0,
01_04_2026_10_15,11535.90,11553.00,11535.90,11549.50,0,
01_04_2026_10_20,11550.80,11561.20,11517.80,11520.80,0,
01_04_2026_10_25,11520.40,11520.80,11494.00,11509.80,0,
01_04_2026_10_30,11511.10,11548.20,11510.70,11544.20,0,
01_04_2026_10_35,11545.20,11566.40,11544.60,11564.00,0,
01_04_2026_10_40,11564.30,11564.70,11539.80,11555.00,0,
01_04_2026_10_45,11555.10,11565.30,11544.70,11549.50,0,
01_04_2026_10_50,11549.80,11561.40,11542.50,11552.30,0,
01_04_2026_10_55,11552.80,11555.90,11534.20,11540.10,0,
01_04_2026_11_00,11540.70,11553.70,11531.30,11538.20,0,
01_04_2026_11_05,11538.10,11556.70,11527.50,11549.70,0,
01_04_2026_11_10,11549.50,11573.00,11544.00,11549.20,0,
01_04_2026_11_15,11550.80,11552.00,11530.40,11532.90,0,
01_04_2026_11_20,11533.00,11543.50,11530.30,11540.90,0,
01_04_2026_11_25,11540.90,11543.90,11524.30,11524.30,0,
01_04_2026_11_30,11524.20,11537.00,11516.40,11530.20,0,
01_04_2026_11_35,11530.50,11533.20,11519.20,11532.30,0,
01_04_2026_11_40,11532.00,11532.50,11513.30,11522.20,0,
01_04_2026_11_45,11522.80,11522.90,11488.40,11493.90,0,
01_04_2026_11_50,11493.60,11494.80,11482.90,11484.10,0,
01_04_2026_11_55,11484.30,11497.80,11472.80,11497.20,0,
01_04_2026_12_00,11496.90,11512.20,11496.50,11505.50,0,
01_04_2026_12_05,11504.80,11512.00,11498.50,11507.00,0,
01_04_2026_12_10,11506.30,11537.70,11504.50,11531.70,0,
01_04_2026_12_15,11530.70,11537.80,11522.20,11534.10,0,
01_04_2026_12_20,11533.00,11534.60,11523.80,11530.70,0,
01_04_2026_12_25,11529.00,11535.50,11519.50,11526.80,0,
01_04_2026_12_30,11527.20,11542.60,11525.00,11536.20,0,
01_04_2026_12_35,11535.00,11540.20,11524.20,11539.30,0,
01_04_2026_12_40,11538.50,11548.60,11532.40,11546.90,0,
01_04_2026_12_45,11546.80,11564.70,11546.50,11552.70,0,
01_04_2026_12_50,11553.10,11558.10,11547.30,11552.20,0,
01_04_2026_12_55,11552.20,11561.20,11551.70,11557.80,0,
01_04_2026_13_00,11557.80,11563.50,11542.00,11547.40,0,
01_04_2026_13_05,11547.50,11556.70,11540.10,11551.00,0,
01_04_2026_13_10,11551.50,11555.10,11537.80,11550.20,0,
01_04_2026_13_15,11550.50,11557.80,11529.10,11530.50,0,
01_04_2026_13_20,11529.80,11531.00,11494.30,11500.30,0,
01_04_2026_13_25,11500.30,11501.90,11473.50,11487.50,0,
01_04_2026_13_30,11488.80,11488.90,11466.20,11478.50,0,
01_04_2026_13_35,11479.00,11479.00,11457.30,11463.20,0,
01_04_2026_13_40,11463.20,11463.30,11400.70,11423.00,0,
01_04_2026_13_45,11423.20,11447.50,11411.80,11440.50,0,
01_04_2026_13_50,11439.50,11449.30,11435.20,11445.00,0,
01_04_2026_13_55,11444.80,11460.50,11440.10,11444.00,0,
01_04_2026_14_00,11444.20,11464.70,11436.60,11459.50,0,
01_04_2026_14_05,11459.40,11464.50,11452.50,11463.20,0,
01_04_2026_14_10,11462.70,11474.00,11457.80,11472.30,0,
01_04_2026_14_15,11472.60,11474.70,11454.80,11463.00,0,
01_04_2026_14_20,11463.00,11464.00,11430.20,11442.20,0,
01_04_2026_14_25,11442.00,11458.30,11436.80,11452.60,0,
01_04_2026_14_30,11452.70,11455.00,11441.00,11441.00,0,
01_04_2026_14_35,11440.00,11440.00,11409.50,11414.20,0,
01_04_2026_14_40,11413.00,11415.60,11394.00,11405.80,0,
01_04_2026_14_45,11406.00,11406.00,11380.80,11391.30,0,
01_04_2026_14_50,11391.70,11406.50,11385.80,11395.80,0,
01_04_2026_14_55,11397.00,11407.60,11391.50,11396.50,0,
01_04_2026_15_00,11396.20,11431.60,11396.20,11415.00,0,
01_04_2026_15_05,11415.30,11425.50,11407.90,11424.70,0,
01_04_2026_15_10,11425.20,11429.30,11408.90,11410.50,0,
01_04_2026_15_15,11410.20,11417.30,11407.80,11411.50,0,
01_04_2026_15_20,11411.40,11412.30,11400.20,11402.60,0,
01_04_2026_15_25,11403.30,11419.80,11395.20,11416.20,0,
02_04_2026_09_15,11289.00,11315.30,11119.50,11171.50,0,
02_04_2026_09_20,11170.70,11200.80,11168.50,11186.70,0,
02_04_2026_09_25,11186.60,11196.60,11159.00,11164.80,0,
02_04_2026_09_30,11166.00,11176.20,11153.50,11163.10,0,
02_04_2026_09_35,11163.00,11194.20,11156.20,11166.00,0,
02_04_2026_09_40,11165.30,11185.00,11152.50,11163.70,0,
02_04_2026_09_45,11166.80,11175.00,11115.20,11121.30,0,
02_04_2026_09_50,11121.20,11122.00,11089.70,11092.50,0,
02_04_2026_09_55,11092.20,11100.20,11081.20,11086.60,0,
02_04_2026_10_00,11085.80,11096.20,11070.70,11074.80,0,
02_04_2026_10_05,11069.30,11073.40,11052.50,11064.00,0,
02_04_2026_10_10,11061.30,11108.20,11058.00,11107.00,0,
02_04_2026_10_15,11107.70,11107.70,11076.20,11076.40,0,
02_04_2026_10_20,11077.00,11092.00,11064.30,11065.60,0,
02_04_2026_10_25,11065.80,11088.20,11061.80,11077.70,0,
02_04_2026_10_30,11078.00,11100.50,11073.50,11090.30,0,
02_04_2026_10_35,11089.20,11103.70,11076.70,11102.90,0,
02_04_2026_10_40,11106.20,11127.70,11106.20,11114.20,0,
02_04_2026_10_45,11114.60,11115.50,11085.20,11102.10,0,
02_04_2026_10_50,11101.80,11106.10,11086.70,11101.30,0,
02_04_2026_10_55,11101.20,11114.20,11096.40,11108.40,0,
02_04_2026_11_00,11110.40,11132.30,11110.30,11119.80,0,
02_04_2026_11_05,11120.20,11137.00,11119.80,11133.60,0,
02_04_2026_11_10,11132.80,11133.00,11118.70,11129.70,0,
02_04_2026_11_15,11129.20,11133.70,11117.60,11121.30,0,
02_04_2026_11_20,11120.50,11121.50,11104.30,11108.20,0,
02_04_2026_11_25,11109.00,11123.00,11107.60,11109.00,0,
02_04_2026_11_30,11108.60,11140.70,11107.00,11139.20,0,
02_04_2026_11_35,11139.20,11150.90,11139.20,11144.50,0,
02_04_2026_11_40,11144.20,11148.80,11133.00,11147.10,0,
02_04_2026_11_45,11146.40,11177.50,11146.40,11173.30,0,
02_04_2026_11_50,11173.30,11181.00,11170.20,11178.30,0,
02_04_2026_11_55,11178.10,11208.00,11178.00,11188.80,0,
02_04_2026_12_00,11189.00,11194.80,11171.50,11172.20,0,
02_04_2026_12_05,11172.30,11182.60,11159.70,11182.50,0,
02_04_2026_12_10,11183.00,11188.80,11179.70,11188.70,0,
02_04_2026_12_15,11189.00,11203.20,11188.80,11199.50,0,
02_04_2026_12_20,11199.10,11204.00,11168.80,11190.50,0,
02_04_2026_12_25,11190.30,11213.60,11188.70,11213.60,0,
02_04_2026_12_30,11212.70,11242.20,11212.50,11232.50,0,
02_04_2026_12_35,11232.80,11256.00,11231.60,11247.80,0,
02_04_2026_12_40,11248.50,11264.00,11247.10,11251.80,0,
02_04_2026_12_45,11251.80,11272.30,11241.70,11268.20,0,
02_04_2026_12_50,11268.00,11284.90,11267.50,11278.90,0,
02_04_2026_12_55,11279.00,11331.70,11277.50,11327.20,0,
02_04_2026_13_00,11327.70,11342.00,11324.80,11327.70,0,
02_04_2026_13_05,11327.80,11332.80,11306.60,11326.90,0,
02_04_2026_13_10,11326.20,11327.00,11307.20,11314.60,0,
02_04_2026_13_15,11314.70,11336.50,11298.50,11336.30,0,
02_04_2026_13_20,11336.50,11361.60,11334.20,11358.90,0,
02_04_2026_13_25,11359.70,11384.00,11345.80,11381.50,0,
02_04_2026_13_30,11382.20,11400.00,11358.80,11380.00,0,
02_04_2026_13_35,11380.50,11391.20,11367.30,11388.20,0,
02_04_2026_13_40,11389.70,11402.20,11383.10,11401.80,0,
02_04_2026_13_45,11401.70,11417.50,11397.00,11403.30,0,
02_04_2026_13_50,11403.10,11404.50,11380.70,11393.70,0,
02_04_2026_13_55,11393.60,11405.40,11385.70,11404.80,0,
02_04_2026_14_00,11405.20,11422.20,11393.50,11419.80,0,
02_04_2026_14_05,11419.50,11421.90,11395.50,11403.10,0,
02_04_2026_14_10,11403.20,11435.50,11403.20,11435.10,0,
02_04_2026_14_15,11435.20,11452.90,11417.20,11427.70,0,
02_04_2026_14_20,11428.20,11436.50,11423.50,11436.50,0,
02_04_2026_14_25,11436.20,11442.90,11422.40,11433.60,0,
02_04_2026_14_30,11432.80,11448.50,11430.50,11442.70,0,
02_04_2026_14_35,11443.30,11444.00,11409.20,11414.90,0,
02_04_2026_14_40,11415.10,11421.10,11381.80,11384.80,0,
02_04_2026_14_45,11384.50,11418.80,11375.30,11405.80,0,
02_04_2026_14_50,11405.90,11447.70,11401.80,11444.70,0,
02_04_2026_14_55,11445.70,11446.80,11427.90,11440.30,0,
02_04_2026_15_00,11441.50,11459.40,11427.80,11441.00,0,
02_04_2026_15_05,11442.90,11474.20,11436.00,11473.00,0,
02_04_2026_15_10,11475.40,11481.20,11464.00,11470.40,0,
02_04_2026_15_15,11470.90,11480.70,11439.90,11441.20,0,
02_04_2026_15_20,11441.20,11450.20,11426.50,11447.50,0,
02_04_2026_15_25,11450.50,11465.00,11443.50,11444.30,0,
06_04_2026_09_15,11433.20,11474.30,11366.10,11473.70,0,
06_04_2026_09_20,11475.50,11506.40,11455.80,11503.60,0,
06_04_2026_09_25,11507.50,11538.70,11494.20,11515.00,0,
06_04_2026_09_30,11513.50,11564.50,11501.70,11561.70,0,
06_04_2026_09_35,11562.10,11608.70,11560.40,11591.20,0,
06_04_2026_09_40,11591.40,11601.50,11549.80,11581.40,0,
06_04_2026_09_45,11581.60,11593.90,11504.50,11507.80,0,
06_04_2026_09_50,11507.30,11509.10,11460.00,11469.60,0,
06_04_2026_09_55,11468.80,11477.40,11461.20,11469.70,0,
06_04_2026_10_00,11469.70,11479.80,11450.60,11479.20,0,
06_04_2026_10_05,11479.20,11506.70,11468.50,11493.70,0,
06_04_2026_10_10,11493.80,11530.20,11491.80,11529.20,0,
06_04_2026_10_15,11529.50,11539.90,11497.00,11511.70,0,
06_04_2026_10_20,11510.80,11525.60,11508.50,11509.50,0,
06_04_2026_10_25,11508.50,11510.20,11477.00,11508.90,0,
06_04_2026_10_30,11509.00,11515.60,11487.60,11511.60,0,
06_04_2026_10_35,11511.60,11519.00,11491.20,11512.40,0,
06_04_2026_10_40,11512.70,11521.00,11496.80,11511.50,0,
06_04_2026_10_45,11512.70,11516.70,11499.70,11511.60,0,
06_04_2026_10_50,11511.50,11517.20,11476.70,11482.80,0,
06_04_2026_10_55,11482.30,11489.70,11476.70,11477.20,0,
06_04_2026_11_00,11477.10,11477.20,11456.30,11457.30,0,
06_04_2026_11_05,11457.30,11475.50,11447.20,11471.50,0,
06_04_2026_11_10,11470.70,11470.70,11449.80,11467.80,0,
06_04_2026_11_15,11467.50,11474.70,11455.70,11471.70,0,
06_04_2026_11_20,11472.00,11485.80,11462.50,11469.50,0,
06_04_2026_11_25,11470.30,11482.40,11466.20,11475.50,0,
06_04_2026_11_30,11476.00,11477.90,11464.80,11476.30,0,
06_04_2026_11_35,11476.40,11495.00,11471.20,11481.40,0,
06_04_2026_11_40,11481.60,11492.70,11472.20,11492.50,0,
06_04_2026_11_45,11492.80,11493.50,11478.80,11484.30,0,
06_04_2026_11_50,11484.00,11505.20,11483.70,11494.20,0,
06_04_2026_11_55,11494.20,11514.50,11491.20,11497.90,0,
06_04_2026_12_00,11498.20,11507.40,11492.70,11496.80,0,
06_04_2026_12_05,11497.30,11501.80,11490.20,11496.30,0,
06_04_2026_12_10,11495.90,11511.80,11488.50,11508.20,0,
06_04_2026_12_15,11507.50,11515.30,11499.30,11503.70,0,
06_04_2026_12_20,11503.80,11537.80,11503.00,11528.50,0,
06_04_2026_12_25,11529.00,11546.00,11528.40,11538.50,0,
06_04_2026_12_30,11537.70,11542.50,11496.60,11498.80,0,
06_04_2026_12_35,11498.00,11505.50,11488.70,11501.30,0,
06_04_2026_12_40,11502.20,11512.70,11495.10,11511.10,0,
06_04_2026_12_45,11511.00,11532.00,11510.80,11528.90,0,
06_04_2026_12_50,11528.70,11540.50,11525.00,11536.00,0,
06_04_2026_12_55,11536.20,11557.00,11536.20,11557.00,0,
06_04_2026_13_00,11556.90,11561.80,11521.30,11526.80,0,
06_04_2026_13_05,11527.40,11563.50,11527.40,11561.00,0,
06_04_2026_13_10,11560.20,11577.50,11560.20,11573.20,0,
06_04_2026_13_15,11572.40,11584.00,11561.20,11565.20,0,
06_04_2026_13_20,11564.20,11570.20,11559.80,11565.40,0,
06_04_2026_13_25,11566.00,11571.50,11549.80,11559.20,0,
06_04_2026_13_30,11559.00,11570.60,11559.00,11568.80,0,
06_04_2026_13_35,11568.20,11572.00,11546.00,11546.00,0,
06_04_2026_13_40,11545.80,11556.00,11526.30,11530.70,0,
06_04_2026_13_45,11529.80,11540.20,11523.50,11532.00,0,
06_04_2026_13_50,11532.00,11557.80,11530.80,11552.10,0,
06_04_2026_13_55,11552.20,11563.50,11549.70,11563.50,0,
06_04_2026_14_00,11564.20,11567.00,11548.50,11566.80,0,
06_04_2026_14_05,11565.60,11573.20,11546.00,11548.70,0,
06_04_2026_14_10,11549.40,11566.10,11546.80,11565.50,0,
06_04_2026_14_15,11565.90,11580.00,11554.70,11577.70,0,
06_04_2026_14_20,11577.40,11587.00,11573.50,11575.20,0,
06_04_2026_14_25,11575.50,11575.50,11559.00,11570.00,0,
06_04_2026_14_30,11570.20,11586.50,11570.20,11583.70,0,
06_04_2026_14_35,11583.50,11596.10,11571.80,11585.70,0,
06_04_2026_14_40,11585.80,11592.50,11580.00,11583.50,0,
06_04_2026_14_45,11584.10,11587.30,11579.30,11583.00,0,
06_04_2026_14_50,11582.60,11593.80,11576.80,11585.30,0,
06_04_2026_14_55,11584.40,11591.50,11568.30,11588.80,0,
06_04_2026_15_00,11589.30,11604.20,11584.80,11593.50,0,
06_04_2026_15_05,11593.90,11597.00,11583.70,11588.00,0,
06_04_2026_15_10,11589.10,11591.00,11577.20,11587.80,0,
06_04_2026_15_15,11587.50,11592.00,11577.80,11583.20,0,
06_04_2026_15_20,11582.50,11584.30,11575.00,11580.30,0,
06_04_2026_15_25,11580.80,11580.80,11562.80,11571.20,0,
07_04_2026_09_15,11589.50,11710.00,11529.50,11693.20,0,
07_04_2026_09_20,11697.40,11713.10,11658.80,11703.70,0,
07_04_2026_09_25,11702.50,11716.80,11687.00,11692.20,0,
07_04_2026_09_30,11691.80,11691.80,11646.00,11648.20,0,
07_04_2026_09_35,11648.80,11662.20,11639.80,11657.20,0,
07_04_2026_09_40,11657.00,11670.60,11620.40,11621.30,0,
07_04_2026_09_45,11622.00,11657.90,11620.30,11627.00,0,
07_04_2026_09_50,11627.20,11656.00,11623.90,11648.50,0,
07_04_2026_09_55,11651.80,11684.00,11651.10,11679.50,0,
07_04_2026_10_00,11679.50,11701.50,11670.90,11695.80,0,
07_04_2026_10_05,11694.90,11698.70,11679.80,11690.00,0,
07_04_2026_10_10,11689.50,11708.50,11683.50,11704.10,0,
07_04_2026_10_15,11703.80,11723.00,11701.60,11722.10,0,
07_04_2026_10_20,11721.70,11736.00,11693.20,11696.00,0,
07_04_2026_10_25,11695.30,11732.60,11694.80,11731.00,0,
07_04_2026_10_30,11731.00,11753.80,11726.30,11733.50,0,
07_04_2026_10_35,11734.00,11745.10,11716.60,11744.20,0,
07_04_2026_10_40,11744.60,11765.70,11744.60,11762.00,0,
07_04_2026_10_45,11762.20,11767.00,11731.40,11735.50,0,
07_04_2026_10_50,11735.30,11736.80,11696.00,11706.20,0,
07_04_2026_10_55,11707.40,11711.70,11672.00,11679.00,0,
07_04_2026_11_00,11679.30,11679.30,11665.80,11667.70,0,
07_04_2026_11_05,11669.10,11682.40,11651.50,11673.20,0,
07_04_2026_11_10,11674.40,11679.60,11649.00,11655.80,0,
07_04_2026_11_15,11656.80,11680.20,11656.00,11676.10,0,
07_04_2026_11_20,11677.00,11688.30,11673.60,11681.00,0,
07_04_2026_11_25,11681.30,11691.20,11677.20,11689.90,0,
07_04_2026_11_30,11689.80,11704.30,11688.40,11694.20,0,
07_04_2026_11_35,11695.20,11695.50,11674.00,11683.00,0,
07_04_2026_11_40,11683.50,11683.50,11663.00,11670.20,0,
07_04_2026_11_45,11670.70,11673.20,11660.30,11668.00,0,
07_04_2026_11_50,11668.50,11671.30,11660.90,11671.30,0,
07_04_2026_11_55,11671.30,11689.80,11669.30,11687.20,0,
07_04_2026_12_00,11687.30,11687.40,11640.50,11648.20,0,
07_04_2026_12_05,11648.50,11659.20,11647.10,11656.10,0,
07_04_2026_12_10,11657.80,11658.80,11632.80,11657.20,0,
07_04_2026_12_15,11657.50,11664.20,11650.30,11652.50,0,
07_04_2026_12_20,11653.10,11656.20,11648.20,11652.30,0,
07_04_2026_12_25,11652.80,11653.20,11643.50,11649.20,0,
07_04_2026_12_30,11650.70,11657.00,11647.50,11651.50,0,
07_04_2026_12_35,11651.80,11664.20,11651.50,11662.80,0,
07_04_2026_12_40,11663.80,11668.70,11656.40,11666.20,0,
07_04_2026_12_45,11667.50,11667.80,11655.50,11656.20,0,
07_04_2026_12_50,11657.00,11661.30,11651.20,11660.30,0,
07_04_2026_12_55,11660.60,11668.00,11645.70,11646.60,0,
07_04_2026_13_00,11648.20,11662.80,11645.80,11659.80,0,
07_04_2026_13_05,11659.80,11661.20,11649.20,11650.30,0,
07_04_2026_13_10,11650.40,11683.90,11645.70,11673.00,0,
07_04_2026_13_15,11674.20,11692.50,11671.70,11692.50,0,
07_04_2026_13_20,11692.30,11692.70,11673.00,11674.80,0,
07_04_2026_13_25,11675.00,11676.80,11663.00,11674.00,0,
07_04_2026_13_30,11674.20,11715.70,11674.20,11696.80,0,
07_04_2026_13_35,11696.80,11709.50,11694.30,11707.20,0,
07_04_2026_13_40,11707.20,11722.20,11703.00,11717.80,0,
07_04_2026_13_45,11717.50,11718.20,11699.30,11700.30,0,
07_04_2026_13_50,11701.60,11709.80,11687.90,11706.00,0,
07_04_2026_13_55,11705.00,11711.50,11687.10,11697.90,0,
07_04_2026_14_00,11696.80,11723.50,11692.00,11721.80,0,
07_04_2026_14_05,11722.20,11727.40,11718.30,11720.80,0,
07_04_2026_14_10,11721.50,11722.50,11701.80,11713.00,0,
07_04_2026_14_15,11713.20,11717.90,11708.80,11709.00,0,
07_04_2026_14_20,11709.00,11712.20,11694.50,11700.40,0,
07_04_2026_14_25,11701.50,11714.50,11700.20,11712.00,0,
07_04_2026_14_30,11712.70,11722.00,11708.20,11714.40,0,
07_04_2026_14_35,11713.80,11713.80,11686.00,11696.30,0,
07_04_2026_14_40,11696.80,11723.90,11696.80,11723.90,0,
07_04_2026_14_45,11724.30,11725.80,11715.10,11721.40,0,
07_04_2026_14_50,11722.00,11730.50,11716.30,11727.30,0,
07_04_2026_14_55,11728.00,11744.00,11727.30,11741.90,0,
07_04_2026_15_00,11741.80,11762.00,11732.80,11761.90,0,
07_04_2026_15_05,11763.20,11766.20,11749.80,11755.90,0,
07_04_2026_15_10,11756.80,11764.10,11751.50,11763.30,0,
07_04_2026_15_15,11764.70,11771.50,11757.30,11767.50,0,
07_04_2026_15_20,11766.20,11776.50,11758.30,11774.40,0,
07_04_2026_15_25,11774.50,11784.50,11760.90,11768.40,0,
08_04_2026_09_15,12062.80,12140.20,12049.50,12074.70,0,
08_04_2026_09_20,12074.60,12101.30,12057.80,12065.70,0,
08_04_2026_09_25,12066.20,12117.40,12055.60,12060.50,0,
08_04_2026_09_30,12061.30,12077.80,12045.00,12045.00,0,
08_04_2026_09_35,12045.60,12061.50,12027.80,12035.70,0,
08_04_2026_09_40,12035.80,12037.20,12008.50,12014.50,0,
08_04_2026_09_45,12014.20,12031.20,12000.00,12006.80,0,
08_04_2026_09_50,12005.90,12030.80,12005.90,12017.00,0,
08_04_2026_09_55,12017.70,12023.00,11984.80,11984.80,0,
08_04_2026_10_00,11986.30,12002.70,11984.50,11997.20,0,
08_04_2026_10_05,11997.60,12029.30,11997.60,12029.10,0,
08_04_2026_10_10,12029.00,12041.30,12022.00,12038.30,0,
08_04_2026_10_15,12038.40,12045.10,12032.20,12036.20,0,
08_04_2026_10_20,12035.80,12046.80,12022.20,12039.70,0,
08_04_2026_10_25,12039.80,12083.40,12039.50,12074.30,0,
08_04_2026_10_30,12075.20,12104.70,12075.20,12092.60,0,
08_04_2026_10_35,12092.80,12099.30,12077.00,12080.50,0,
08_04_2026_10_40,12081.00,12101.80,12077.70,12099.20,0,
08_04_2026_10_45,12099.00,12101.10,12056.90,12059.00,0,
08_04_2026_10_50,12059.30,12075.80,12046.40,12075.00,0,
08_04_2026_10_55,12075.40,12085.30,12070.20,12074.20,0,
08_04_2026_11_00,12073.90,12094.00,12073.90,12084.20,0,
08_04_2026_11_05,12085.50,12097.30,12064.60,12070.20,0,
08_04_2026_11_10,12070.10,12098.10,12068.50,12093.90,0,
08_04_2026_11_15,12094.00,12119.90,12092.30,12097.30,0,
08_04_2026_11_20,12097.50,12101.00,12082.60,12083.70,0,
08_04_2026_11_25,12084.10,12084.70,12073.40,12079.50,0,
08_04_2026_11_30,12079.60,12079.60,12062.50,12062.50,0,
08_04_2026_11_35,12062.80,12074.80,12045.40,12045.40,0,
08_04_2026_11_40,12045.10,12064.50,12042.50,12057.50,0,
08_04_2026_11_45,12057.70,12065.20,12053.30,12059.00,0,
08_04_2026_11_50,12058.70,12068.20,12038.90,12067.20,0,
08_04_2026_11_55,12066.20,12069.10,12052.00,12067.70,0,
08_04_2026_12_00,12067.00,12068.00,12053.20,12062.70,0,
08_04_2026_12_05,12064.60,12070.50,12054.00,12065.80,0,
08_04_2026_12_10,12066.10,12075.00,12061.10,12069.30,0,
08_04_2026_12_15,12069.50,12075.80,12067.50,12067.70,0,
08_04_2026_12_20,12067.80,12085.40,12067.80,12078.20,0,
08_04_2026_12_25,12078.50,12084.70,12068.20,12068.50,0,
08_04_2026_12_30,12068.40,12069.00,12045.80,12054.00,0,
08_04_2026_12_35,12054.90,12065.50,12051.80,12058.10,0,
08_04_2026_12_40,12058.00,12075.00,12055.10,12070.50,0,
08_04_2026_12_45,12069.70,12082.50,12067.00,12082.50,0,
08_04_2026_12_50,12083.20,12094.20,12082.20,12091.70,0,
08_04_2026_12_55,12092.30,12110.10,12090.70,12105.40,0,
08_04_2026_13_00,12106.00,12109.30,12089.80,12091.70,0,
08_04_2026_13_05,12092.10,12098.80,12089.20,12092.10,0,
08_04_2026_13_10,12092.70,12096.40,12084.70,12090.20,0,
08_04_2026_13_15,12091.30,12093.50,12087.70,12090.70,0,
08_04_2026_13_20,12090.70,12091.00,12078.20,12080.20,0,
08_04_2026_13_25,12079.30,12088.40,12079.20,12088.40,0,
08_04_2026_13_30,12088.10,12093.00,12081.60,12092.20,0,
08_04_2026_13_35,12093.00,12104.00,12091.80,12094.70,0,
08_04_2026_13_40,12094.50,12095.30,12082.00,12086.10,0,
08_04_2026_13_45,12084.50,12086.80,12066.40,12074.50,0,
08_04_2026_13_50,12074.50,12084.70,12073.20,12077.50,0,
08_04_2026_13_55,12076.90,12090.00,12076.90,12083.30,0,
08_04_2026_14_00,12083.00,12088.40,12080.80,12088.00,0,
08_04_2026_14_05,12087.70,12093.60,12074.30,12085.30,0,
08_04_2026_14_10,12085.30,12090.50,12068.30,12074.00,0,
08_04_2026_14_15,12074.50,12087.80,12074.00,12083.60,0,
08_04_2026_14_20,12083.20,12098.30,12082.20,12097.20,0,
08_04_2026_14_25,12096.20,12097.20,12084.80,12086.50,0,
08_04_2026_14_30,12086.60,12088.50,12077.80,12083.20,0,
08_04_2026_14_35,12083.70,12084.30,12075.60,12078.80,0,
08_04_2026_14_40,12079.50,12099.80,12078.20,12098.10,0,
08_04_2026_14_45,12098.70,12103.50,12080.00,12082.60,0,
08_04_2026_14_50,12082.90,12092.00,12080.70,12090.60,0,
08_04_2026_14_55,12089.80,12105.20,12089.30,12105.20,0,
08_04_2026_15_00,12104.80,12104.80,12063.90,12076.40,0,
08_04_2026_15_05,12075.80,12085.60,12075.20,12081.60,0,
08_04_2026_15_10,12081.10,12084.50,12065.40,12070.80,0,
08_04_2026_15_15,12069.80,12087.60,12068.80,12078.80,0,
08_04_2026_15_20,12078.80,12082.80,12074.00,12078.00,0,
08_04_2026_15_25,12077.50,12093.80,12072.70,12085.20,0,
09_04_2026_09_15,12091.20,12214.50,12042.50,12212.30,0,
09_04_2026_09_20,12211.00,12237.50,12200.10,12234.30,0,
09_04_2026_09_25,12234.00,12280.50,12228.70,12280.00,0,
09_04_2026_09_30,12280.00,12286.50,12206.70,12222.60,0,
09_04_2026_09_35,12221.80,12271.50,12219.80,12246.80,0,
09_04_2026_09_40,12246.20,12248.20,12211.70,12223.20,0,
09_04_2026_09_45,12223.90,12238.00,12187.50,12194.50,0,
09_04_2026_09_50,12193.80,12194.90,12177.30,12178.70,0,
09_04_2026_09_55,12178.80,12188.70,12169.50,12183.20,0,
09_04_2026_10_00,12182.70,12234.00,12164.00,12226.30,0,
09_04_2026_10_05,12226.70,12267.80,12224.10,12254.40,0,
09_04_2026_10_10,12254.00,12257.10,12237.10,12240.70,0,
09_04_2026_10_15,12241.70,12263.90,12224.50,12252.50,0,
09_04_2026_10_20,12252.40,12253.70,12236.20,12249.20,0,
09_04_2026_10_25,12249.20,12250.20,12195.20,12224.70,0,
09_04_2026_10_30,12225.70,12235.00,12215.40,12234.20,0,
09_04_2026_10_35,12232.30,12250.30,12223.20,12224.30,0,
09_04_2026_10_40,12223.70,12226.20,12210.60,12216.40,0,
09_04_2026_10_45,12214.70,12222.80,12208.70,12222.20,0,
09_04_2026_10_50,12221.50,12221.80,12204.80,12215.50,0,
09_04_2026_10_55,12216.00,12218.10,12202.00,12206.20,0,
09_04_2026_11_00,12206.10,12219.20,12202.20,12203.20,0,
09_04_2026_11_05,12203.20,12216.30,12195.80,12214.50,0,
09_04_2026_11_10,12215.00,12215.20,12198.80,12206.70,0,
09_04_2026_11_15,12207.00,12219.10,12196.80,12201.50,0,
09_04_2026_11_20,12201.40,12208.00,12195.10,12204.30,0,
09_04_2026_11_25,12204.50,12212.20,12195.60,12196.30,0,
09_04_2026_11_30,12196.20,12214.70,12195.30,12197.50,0,
09_04_2026_11_35,12197.10,12213.10,12195.20,12206.00,0,
09_04_2026_11_40,12204.00,12217.30,12199.00,12217.30,0,
09_04_2026_11_45,12216.30,12218.50,12208.50,12217.70,0,
09_04_2026_11_50,12218.00,12220.20,12202.00,12214.70,0,
09_04_2026_11_55,12215.00,12225.20,12209.40,12214.20,0,
09_04_2026_12_00,12213.20,12221.80,12209.80,12219.20,0,
09_04_2026_12_05,12219.00,12239.50,12213.30,12231.20,0,
09_04_2026_12_10,12231.20,12234.20,12216.30,12219.80,0,
09_04_2026_12_15,12219.90,12230.00,12219.00,12224.80,0,
09_04_2026_12_20,12224.70,12226.80,12221.30,12222.30,0,
09_04_2026_12_25,12222.50,12243.00,12221.40,12238.80,0,
09_04_2026_12_30,12238.50,12246.80,12234.30,12235.80,0,
09_04_2026_12_35,12235.70,12236.70,12216.30,12232.00,0,
09_04_2026_12_40,12231.70,12239.20,12217.30,12219.70,0,
09_04_2026_12_45,12219.10,12223.70,12198.80,12203.30,0,
09_04_2026_12_50,12203.20,12233.80,12203.00,12233.00,0,
09_04_2026_12_55,12232.50,12239.50,12227.20,12231.50,0,
09_04_2026_13_00,12231.90,12237.30,12223.80,12229.90,0,
09_04_2026_13_05,12230.00,12236.00,12222.00,12235.40,0,
09_04_2026_13_10,12235.10,12235.70,12212.90,12226.70,0,
09_04_2026_13_15,12226.80,12227.30,12205.50,12209.90,0,
09_04_2026_13_20,12210.90,12211.30,12185.90,12206.30,0,
09_04_2026_13_25,12206.30,12210.50,12198.40,12200.50,0,
09_04_2026_13_30,12200.60,12208.70,12184.30,12203.20,0,
09_04_2026_13_35,12203.50,12210.30,12197.90,12205.80,0,
09_04_2026_13_40,12206.80,12207.80,12193.70,12196.20,0,
09_04_2026_13_45,12196.20,12200.50,12177.50,12187.70,0,
09_04_2026_13_50,12187.80,12201.80,12186.80,12201.70,0,
09_04_2026_13_55,12201.70,12208.30,12199.90,12203.80,0,
09_04_2026_14_00,12204.30,12221.30,12201.50,12215.90,0,
09_04_2026_14_05,12215.50,12223.70,12206.00,12219.20,0,
09_04_2026_14_10,12219.50,12220.00,12201.30,12203.30,0,
09_04_2026_14_15,12203.00,12205.30,12193.50,12195.20,0,
09_04_2026_14_20,12195.30,12197.30,12177.60,12186.00,0,
09_04_2026_14_25,12186.00,12187.50,12175.50,12180.60,0,
09_04_2026_14_30,12180.50,12191.10,12167.80,12188.90,0,
09_04_2026_14_35,12189.20,12204.70,12188.50,12202.90,0,
09_04_2026_14_40,12202.50,12217.40,12202.50,12211.70,0,
09_04_2026_14_45,12212.10,12214.90,12203.00,12210.70,0,
09_04_2026_14_50,12210.70,12218.50,12205.00,12215.20,0,
09_04_2026_14_55,12216.10,12217.50,12206.20,12214.50,0,
09_04_2026_15_00,12213.50,12229.70,12200.10,12217.00,0,
09_04_2026_15_05,12218.10,12242.80,12214.40,12238.00,0,
09_04_2026_15_10,12238.20,12247.00,12232.20,12234.50,0,
09_04_2026_15_15,12235.00,12238.50,12229.00,12229.50,0,
09_04_2026_15_20,12229.80,12234.40,12219.00,12233.00,0,
09_04_2026_15_25,12232.80,12240.20,12215.80,12216.30,0,
10_04_2026_09_15,12311.20,12387.20,12293.70,12368.00,0,
10_04_2026_09_20,12369.00,12369.50,12287.90,12289.80,0,
10_04_2026_09_25,12289.80,12298.20,12258.20,12263.00,0,
10_04_2026_09_30,12263.50,12296.20,12261.80,12287.00,0,
10_04_2026_09_35,12287.80,12302.30,12275.00,12293.20,0,
10_04_2026_09_40,12294.20,12296.00,12265.80,12265.80,0,
10_04_2026_09_45,12266.30,12282.50,12263.90,12270.80,0,
10_04_2026_09_50,12270.10,12283.50,12260.80,12282.20,0,
10_04_2026_09_55,12282.00,12297.30,12280.80,12287.30,0,
10_04_2026_10_00,12288.30,12295.80,12278.70,12279.20,0,
10_04_2026_10_05,12278.10,12279.30,12229.70,12262.60,0,
10_04_2026_10_10,12262.70,12292.00,12262.30,12287.80,0,
10_04_2026_10_15,12288.50,12297.70,12285.00,12288.00,0,
10_04_2026_10_20,12287.80,12298.50,12282.70,12287.00,0,
10_04_2026_10_25,12287.00,12299.80,12274.90,12278.20,0,
10_04_2026_10_30,12278.30,12294.80,12270.20,12294.60,0,
10_04_2026_10_35,12295.00,12303.80,12284.80,12290.70,0,
10_04_2026_10_40,12291.00,12302.00,12291.00,12296.60,0,
10_04_2026_10_45,12296.80,12302.80,12288.80,12292.00,0,
10_04_2026_10_50,12291.80,12294.10,12279.10,12282.20,0,
10_04_2026_10_55,12282.60,12292.20,12276.70,12287.80,0,
10_04_2026_11_00,12288.00,12291.50,12283.20,12290.60,0,
10_04_2026_11_05,12290.70,12302.10,12289.50,12298.70,0,
10_04_2026_11_10,12298.40,12300.20,12282.50,12284.70,0,
10_04_2026_11_15,12285.50,12290.20,12278.70,12279.20,0,
10_04_2026_11_20,12279.10,12287.00,12266.60,12268.10,0,
10_04_2026_11_25,12268.10,12274.70,12268.10,12270.30,0,
10_04_2026_11_30,12271.00,12283.50,12266.30,12278.50,0,
10_04_2026_11_35,12278.70,12279.00,12254.80,12254.80,0,
10_04_2026_11_40,12255.00,12262.20,12252.70,12259.30,0,
10_04_2026_11_45,12259.40,12262.90,12238.50,12248.10,0,
10_04_2026_11_50,12249.10,12262.70,12249.00,12252.70,0,
10_04_2026_11_55,12252.70,12257.70,12252.40,12253.70,0,
10_04_2026_12_00,12254.20,12263.00,12249.30,12261.70,0,
10_04_2026_12_05,12263.30,12264.80,12256.50,12261.70,0,
10_04_2026_12_10,12262.50,12262.70,12247.70,12248.30,0,
10_04_2026_12_15,12248.20,12249.20,12230.70,12234.00,0,
10_04_2026_12_20,12234.50,12244.70,12225.60,12243.00,0,
10_04_2026_12_25,12242.80,12245.40,12227.90,12238.20,0,
10_04_2026_12_30,12238.50,12248.20,12238.50,12240.30,0,
10_04_2026_12_35,12240.50,12249.70,12236.50,12242.70,0,
10_04_2026_12_40,12242.80,12246.50,12237.80,12237.80,0,
10_04_2026_12_45,12238.50,12241.60,12227.30,12238.70,0,
10_04_2026_12_50,12238.30,12242.70,12229.70,12239.00,0,
10_04_2026_12_55,12239.30,12250.20,12238.00,12249.80,0,
10_04_2026_13_00,12250.00,12260.50,12249.10,12257.20,0,
10_04_2026_13_05,12257.20,12269.40,12255.80,12268.80,0,
10_04_2026_13_10,12268.50,12270.00,12257.30,12259.80,0,
10_04_2026_13_15,12259.70,12265.50,12257.10,12260.30,0,
10_04_2026_13_20,12260.50,12264.60,12257.50,12263.10,0,
10_04_2026_13_25,12263.20,12272.20,12261.70,12269.70,0,
10_04_2026_13_30,12270.60,12274.40,12266.50,12267.00,0,
10_04_2026_13_35,12267.00,12275.50,12264.20,12275.00,0,
10_04_2026_13_40,12275.30,12281.70,12271.00,12278.90,0,
10_04_2026_13_45,12278.50,12281.80,12271.00,12272.60,0,
10_04_2026_13_50,12272.40,12279.80,12271.30,12279.80,0,
10_04_2026_13_55,12279.90,12291.50,12276.70,12291.00,0,
10_04_2026_14_00,12290.80,12305.40,12290.50,12298.60,0,
10_04_2026_14_05,12299.20,12301.50,12295.00,12295.10,0,
10_04_2026_14_10,12295.60,12305.70,12286.20,12299.30,0,
10_04_2026_14_15,12300.50,12300.50,12244.70,12290.20,0,
10_04_2026_14_20,12291.00,12294.70,12266.80,12267.00,0,
10_04_2026_14_25,12267.20,12270.00,12257.80,12269.00,0,
10_04_2026_14_30,12269.30,12285.00,12268.10,12281.90,0,
10_04_2026_14_35,12281.80,12284.70,12270.50,12271.30,0,
10_04_2026_14_40,12270.90,12276.20,12270.70,12273.50,0,
10_04_2026_14_45,12274.70,12299.70,12272.80,12298.30,0,
10_04_2026_14_50,12298.50,12305.20,12297.00,12303.30,0,
10_04_2026_14_55,12304.20,12317.80,12304.00,12309.20,0,
10_04_2026_15_00,12311.00,12336.60,12310.20,12334.30,0,
10_04_2026_15_05,12335.30,12364.70,12334.90,12364.10,0,
10_04_2026_15_10,12364.60,12374.80,12362.00,12373.30,0,
10_04_2026_15_15,12372.00,12373.20,12359.20,12364.50,0,
10_04_2026_15_20,12363.50,12369.60,12355.90,12366.80,0,
10_04_2026_15_25,12366.60,12369.10,12346.60,12351.50,0,
13_04_2026_09_15,12173.20,12208.00,12104.30,12160.20,0,
13_04_2026_09_20,12160.20,12216.70,12155.20,12191.50,0,
13_04_2026_09_25,12192.50,12207.20,12162.80,12162.80,0,
13_04_2026_09_30,12159.50,12160.30,12129.50,12150.80,0,
13_04_2026_09_35,12152.20,12152.20,12111.30,12136.30,0,
13_04_2026_09_40,12136.00,12192.60,12135.00,12164.20,0,
13_04_2026_09_45,12164.20,12169.70,12151.60,12158.40,0,
13_04_2026_09_50,12159.20,12168.80,12152.10,12162.50,0,
13_04_2026_09_55,12162.80,12192.50,12162.80,12181.00,0,
13_04_2026_10_00,12180.70,12181.20,12157.80,12160.10,0,
13_04_2026_10_05,12160.20,12172.80,12154.70,12162.70,0,
13_04_2026_10_10,12162.80,12171.10,12147.20,12153.80,0,
13_04_2026_10_15,12154.20,12182.90,12143.80,12182.90,0,
13_04_2026_10_20,12182.30,12207.00,12181.00,12206.40,0,
13_04_2026_10_25,12206.30,12215.50,12199.30,12215.00,0,
13_04_2026_10_30,12214.70,12218.70,12206.80,12211.30,0,
13_04_2026_10_35,12210.90,12238.30,12208.90,12234.40,0,
13_04_2026_10_40,12235.30,12237.00,12189.20,12219.00,0,
13_04_2026_10_45,12220.50,12258.50,12218.80,12253.30,0,
13_04_2026_10_50,12253.90,12272.80,12253.50,12272.50,0,
13_04_2026_10_55,12273.20,12287.80,12269.60,12287.20,0,
13_04_2026_11_00,12287.50,12303.00,12286.70,12302.10,0,
13_04_2026_11_05,12302.20,12314.30,12297.80,12302.20,0,
13_04_2026_11_10,12302.50,12309.70,12298.60,12302.10,0,
13_04_2026_11_15,12302.10,12315.40,12301.80,12314.90,0,
13_04_2026_11_20,12315.10,12321.90,12312.70,12316.80,0,
13_04_2026_11_25,12317.00,12332.50,12315.20,12329.00,0,
13_04_2026_11_30,12329.20,12342.50,12329.20,12339.60,0,
13_04_2026_11_35,12339.20,12359.40,12335.50,12336.80,0,
13_04_2026_11_40,12337.00,12347.00,12328.00,12345.30,0,
13_04_2026_11_45,12345.50,12354.20,12342.00,12353.50,0,
13_04_2026_11_50,12356.70,12371.00,12354.60,12368.80,0,
13_04_2026_11_55,12368.80,12372.80,12350.80,12351.80,0,
13_04_2026_12_00,12352.20,12356.40,12343.30,12343.90,0,
13_04_2026_12_05,12343.70,12352.30,12343.60,12349.20,0,
13_04_2026_12_10,12349.20,12354.20,12337.20,12353.60,0,
13_04_2026_12_15,12353.80,12360.70,12350.70,12360.20,0,
13_04_2026_12_20,12360.50,12365.30,12352.00,12355.20,0,
13_04_2026_12_25,12355.00,12369.30,12354.90,12365.40,0,
13_04_2026_12_30,12366.00,12368.50,12355.50,12356.70,0,
13_04_2026_12_35,12356.10,12364.20,12356.10,12359.20,0,
13_04_2026_12_40,12358.70,12360.40,12347.20,12359.00,0,
13_04_2026_12_45,12359.50,12359.50,12341.80,12351.80,0,
13_04_2026_12_50,12352.00,12352.70,12342.00,12342.80,0,
13_04_2026_12_55,12342.70,12347.40,12321.80,12345.30,0,
13_04_2026_13_00,12345.30,12346.50,12312.00,12326.70,0,
13_04_2026_13_05,12326.60,12337.20,12326.30,12333.90,0,
13_04_2026_13_10,12333.50,12338.80,12328.30,12335.20,0,
13_04_2026_13_15,12335.40,12340.90,12327.20,12338.90,0,
13_04_2026_13_20,12339.30,12341.80,12327.00,12334.20,0,
13_04_2026_13_25,12334.30,12339.60,12330.50,12330.50,0,
13_04_2026_13_30,12331.50,12341.00,12327.80,12328.20,0,
13_04_2026_13_35,12329.20,12340.90,12327.90,12333.60,0,
13_04_2026_13_40,12333.50,12337.50,12330.20,12333.90,0,
13_04_2026_13_45,12333.90,12335.00,12320.00,12320.90,0,
13_04_2026_13_50,12320.90,12339.00,12318.50,12338.40,0,
13_04_2026_13_55,12337.80,12350.70,12337.20,12341.50,0,
13_04_2026_14_00,12341.40,12343.70,12335.90,12339.20,0,
13_04_2026_14_05,12339.20,12339.20,12309.60,12312.60,0,
13_04_2026_14_10,12312.90,12319.30,12306.20,12314.90,0,
13_04_2026_14_15,12314.70,12323.40,12305.20,12317.00,0,
13_04_2026_14_20,12317.00,12329.80,12315.90,12327.40,0,
13_04_2026_14_25,12326.90,12342.50,12326.80,12337.80,0,
13_04_2026_14_30,12337.70,12365.10,12337.70,12357.50,0,
13_04_2026_14_35,12356.00,12359.30,12349.20,12349.60,0,
13_04_2026_14_40,12349.40,12351.80,12327.10,12337.80,0,
13_04_2026_14_45,12337.70,12346.80,12332.50,12345.50,0,
13_04_2026_14_50,12344.80,12347.70,12336.50,12341.80,0,
13_04_2026_14_55,12341.30,12350.30,12339.60,12342.70,0,
13_04_2026_15_00,12342.50,12353.50,12320.30,12339.20,0,
13_04_2026_15_05,12338.80,12339.20,12314.30,12315.00,0,
13_04_2026_15_10,12314.40,12331.40,12312.50,12325.50,0,
13_04_2026_15_15,12325.20,12333.20,12321.10,12329.80,0,
13_04_2026_15_20,12329.70,12333.80,12321.30,12322.20,0,
13_04_2026_15_25,12321.60,12333.80,12316.10,12319.40,0,
15_04_2026_09_15,12594.80,12632.20,12504.20,12628.80,0,
15_04_2026_09_20,12629.50,12642.00,12601.60,12638.80,0,
15_04_2026_09_25,12639.50,12644.20,12572.00,12573.70,0,
15_04_2026_09_30,12575.30,12606.80,12568.50,12602.00,0,
15_04_2026_09_35,12601.60,12606.80,12571.00,12590.00,0,
15_04_2026_09_40,12590.50,12606.20,12579.50,12597.50,0,
15_04_2026_09_45,12595.70,12598.00,12534.30,12537.50,0,
15_04_2026_09_50,12536.40,12553.30,12525.10,12543.00,0,
15_04_2026_09_55,12542.90,12549.50,12529.00,12537.20,0,
15_04_2026_10_00,12536.50,12568.20,12536.50,12557.70,0,
15_04_2026_10_05,12557.20,12580.50,12557.20,12567.50,0,
15_04_2026_10_10,12567.90,12586.40,12566.50,12585.00,0,
15_04_2026_10_15,12585.60,12592.50,12560.00,12564.50,0,
15_04_2026_10_20,12564.00,12598.00,12562.80,12595.20,0,
15_04_2026_10_25,12595.50,12597.10,12586.30,12589.30,0,
15_04_2026_10_30,12589.00,12609.00,12589.00,12604.10,0,
15_04_2026_10_35,12604.70,12614.00,12599.20,12612.70,0,
15_04_2026_10_40,12613.20,12615.00,12604.60,12605.50,0,
15_04_2026_10_45,12605.50,12606.40,12598.70,12603.80,0,
15_04_2026_10_50,12604.00,12604.10,12568.60,12568.90,0,
15_04_2026_10_55,12569.20,12584.00,12561.30,12561.30,0,
15_04_2026_11_00,12561.30,12563.20,12552.50,12555.80,0,
15_04_2026_11_05,12555.70,12557.00,12544.30,12545.20,0,
15_04_2026_11_10,12545.50,12545.80,12529.00,12535.20,0,
15_04_2026_11_15,12535.30,12546.80,12515.00,12516.20,0,
15_04_2026_11_20,12517.00,12537.20,12514.70,12536.20,0,
15_04_2026_11_25,12535.70,12537.00,12523.50,12527.70,0,
15_04_2026_11_30,12527.50,12537.20,12527.00,12535.20,0,
15_04_2026_11_35,12535.20,12541.80,12525.80,12529.20,0,
15_04_2026_11_40,12529.20,12536.20,12526.80,12532.70,0,
15_04_2026_11_45,12533.00,12547.20,12530.50,12545.20,0,
15_04_2026_11_50,12545.50,12548.20,12539.00,12543.00,0,
15_04_2026_11_55,12543.20,12544.00,12524.80,12536.00,0,
15_04_2026_12_00,12536.30,12549.00,12536.30,12547.80,0,
15_04_2026_12_05,12547.80,12548.90,12532.00,12543.50,0,
15_04_2026_12_10,12543.40,12545.50,12533.00,12536.70,0,
15_04_2026_12_15,12536.30,12538.30,12526.00,12527.70,0,
15_04_2026_12_20,12527.20,12532.20,12522.20,12527.70,0,
15_04_2026_12_25,12528.00,12528.50,12521.20,12524.80,0,
15_04_2026_12_30,12524.20,12529.50,12514.50,12520.00,0,
15_04_2026_12_35,12520.50,12527.50,12519.70,12525.80,0,
15_04_2026_12_40,12525.80,12535.30,12525.80,12534.20,0,
15_04_2026_12_45,12534.50,12538.30,12525.90,12529.40,0,
15_04_2026_12_50,12529.60,12530.20,12519.20,12523.30,0,
15_04_2026_12_55,12523.00,12533.50,12521.80,12526.20,0,
15_04_2026_13_00,12526.00,12531.90,12518.20,12524.50,0,
15_04_2026_13_05,12524.40,12525.20,12514.70,12524.30,0,
15_04_2026_13_10,12524.20,12541.00,12524.00,12541.00,0,
15_04_2026_13_15,12539.20,12541.20,12531.40,12536.60,0,
15_04_2026_13_20,12536.10,12539.70,12516.20,12522.40,0,
15_04_2026_13_25,12522.40,12527.80,12519.30,12525.50,0,
15_04_2026_13_30,12525.90,12530.40,12522.50,12528.50,0,
15_04_2026_13_35,12529.20,12537.50,12514.40,12517.60,0,
15_04_2026_13_40,12517.30,12532.80,12515.70,12531.00,0,
15_04_2026_13_45,12531.20,12531.70,12528.10,12530.50,0,
15_04_2026_13_50,12530.50,12539.00,12529.50,12535.50,0,
15_04_2026_13_55,12535.20,12548.00,12534.30,12547.80,0,
15_04_2026_14_00,12548.50,12558.80,12534.30,12538.30,0,
15_04_2026_14_05,12541.00,12547.20,12537.20,12546.00,0,
15_04_2026_14_10,12546.20,12549.50,12536.00,12544.30,0,
15_04_2026_14_15,12544.50,12550.50,12534.90,12537.50,0,
15_04_2026_14_20,12537.50,12538.70,12530.50,12537.40,0,
15_04_2026_14_25,12537.80,12549.20,12537.50,12548.50,0,
15_04_2026_14_30,12548.00,12563.80,12548.00,12552.70,0,
15_04_2026_14_35,12552.80,12554.00,12536.80,12539.70,0,
15_04_2026_14_40,12539.30,12558.40,12539.10,12557.70,0,
15_04_2026_14_45,12557.50,12559.40,12552.60,12559.10,0,
15_04_2026_14_50,12559.50,12565.30,12551.80,12558.30,0,
15_04_2026_14_55,12557.80,12565.20,12555.50,12563.50,0,
15_04_2026_15_00,12564.90,12568.70,12552.00,12565.20,0,
15_04_2026_15_05,12566.20,12572.40,12557.50,12558.40,0,
15_04_2026_15_10,12559.20,12559.20,12552.20,12554.20,0,
15_04_2026_15_15,12554.30,12554.30,12546.00,12546.60,0,
15_04_2026_15_20,12546.50,12548.00,12534.20,12536.10,0,
15_04_2026_15_25,12535.40,12537.50,12524.00,12528.60,0,
16_04_2026_09_15,12627.00,12717.60,12603.30,12714.50,0,
16_04_2026_09_20,12715.00,12722.20,12680.00,12701.40,0,
16_04_2026_09_25,12702.80,12767.10,12702.80,12760.00,0,
16_04_2026_09_30,12760.70,12780.00,12738.70,12766.00,0,
16_04_2026_09_35,12766.80,12794.20,12759.50,12793.30,0,
16_04_2026_09_40,12794.00,12816.20,12779.70,12779.70,0,
16_04_2026_09_45,12780.00,12791.20,12764.70,12776.40,0,
16_04_2026_09_50,12776.80,12784.00,12762.50,12763.80,0,
16_04_2026_09_55,12764.20,12764.60,12725.10,12731.30,0,
16_04_2026_10_00,12731.20,12750.00,12716.00,12748.50,0,
16_04_2026_10_05,12750.20,12756.90,12733.80,12744.00,0,
16_04_2026_10_10,12744.20,12754.40,12733.40,12743.80,0,
16_04_2026_10_15,12743.90,12754.50,12732.60,12733.90,0,
16_04_2026_10_20,12733.80,12739.50,12717.80,12721.80,0,
16_04_2026_10_25,12719.80,12743.00,12719.80,12737.00,0,
16_04_2026_10_30,12736.70,12763.20,12735.00,12759.60,0,
16_04_2026_10_35,12758.20,12762.70,12727.30,12729.00,0,
16_04_2026_10_40,12728.80,12745.50,12728.80,12742.00,0,
16_04_2026_10_45,12741.20,12751.50,12740.50,12747.00,0,
16_04_2026_10_50,12746.20,12754.00,12746.00,12746.80,0,
16_04_2026_10_55,12746.30,12754.60,12730.90,12753.20,0,
16_04_2026_11_00,12753.50,12763.50,12733.20,12735.10,0,
16_04_2026_11_05,12733.70,12737.50,12723.50,12729.40,0,
16_04_2026_11_10,12728.80,12731.80,12718.70,12729.50,0,
16_04_2026_11_15,12729.80,12734.20,12719.70,12731.20,0,
16_04_2026_11_20,12730.70,12750.10,12730.20,12740.50,0,
16_04_2026_11_25,12738.30,12738.60,12714.00,12725.00,0,
16_04_2026_11_30,12725.70,12726.50,12720.90,12725.10,0,
16_04_2026_11_35,12725.40,12735.20,12723.00,12727.90,0,
16_04_2026_11_40,12728.10,12731.20,12718.60,12728.10,0,
16_04_2026_11_45,12727.70,12727.90,12706.40,12723.10,0,
16_04_2026_11_50,12723.40,12726.70,12715.50,12717.50,0,
16_04_2026_11_55,12718.00,12723.00,12701.50,12711.10,0,
16_04_2026_12_00,12711.20,12711.90,12690.60,12697.50,0,
16_04_2026_12_05,12698.00,12716.70,12693.40,12715.20,0,
16_04_2026_12_10,12714.30,12727.20,12712.50,12726.80,0,
16_04_2026_12_15,12726.10,12733.30,12717.40,12728.80,0,
16_04_2026_12_20,12729.80,12741.10,12729.50,12732.60,0,
16_04_2026_12_25,12732.90,12734.80,12724.20,12727.30,0,
16_04_2026_12_30,12727.20,12729.20,12712.60,12713.00,0,
16_04_2026_12_35,12712.50,12720.50,12698.40,12720.00,0,
16_04_2026_12_40,12719.70,12724.60,12705.50,12705.80,0,
16_04_2026_12_45,12706.30,12718.70,12705.20,12707.50,0,
16_04_2026_12_50,12707.30,12723.20,12693.00,12713.90,0,
16_04_2026_12_55,12713.30,12715.50,12705.50,12712.00,0,
16_04_2026_13_00,12712.70,12715.80,12701.60,12706.20,0,
16_04_2026_13_05,12706.20,12713.60,12694.70,12696.20,0,
16_04_2026_13_10,12696.30,12702.70,12689.20,12700.00,0,
16_04_2026_13_15,12700.00,12700.50,12690.30,12697.20,0,
16_04_2026_13_20,12697.20,12698.60,12678.20,12679.00,0,
16_04_2026_13_25,12680.30,12685.00,12676.80,12684.20,0,
16_04_2026_13_30,12683.80,12695.50,12680.50,12690.50,0,
16_04_2026_13_35,12690.40,12690.70,12681.20,12686.50,0,
16_04_2026_13_40,12686.50,12699.00,12681.70,12697.50,0,
16_04_2026_13_45,12697.30,12708.50,12697.30,12708.50,0,
16_04_2026_13_50,12707.70,12716.20,12707.70,12713.30,0,
16_04_2026_13_55,12712.50,12719.70,12711.20,12715.70,0,
16_04_2026_14_00,12714.80,12716.20,12698.00,12701.40,0,
16_04_2026_14_05,12699.90,12713.80,12698.20,12709.80,0,
16_04_2026_14_10,12709.20,12714.10,12706.30,12713.30,0,
16_04_2026_14_15,12713.00,12716.50,12705.40,12706.80,0,
16_04_2026_14_20,12706.20,12712.50,12703.20,12709.10,0,
16_04_2026_14_25,12709.00,12724.50,12708.50,12722.80,0,
16_04_2026_14_30,12722.60,12732.30,12722.60,12732.10,0,
16_04_2026_14_35,12731.40,12738.60,12730.80,12738.20,0,
16_04_2026_14_40,12738.80,12741.40,12725.00,12730.00,0,
16_04_2026_14_45,12729.50,12743.50,12727.50,12743.50,0,
16_04_2026_14_50,12743.60,12751.00,12742.20,12749.80,0,
16_04_2026_14_55,12750.00,12755.40,12743.30,12754.50,0,
16_04_2026_15_00,12754.20,12760.70,12728.30,12745.80,0,
16_04_2026_15_05,12746.30,12748.50,12736.40,12741.70,0,
16_04_2026_15_10,12742.10,12747.90,12738.60,12741.00,0,
16_04_2026_15_15,12740.50,12746.20,12735.20,12735.30,0,
16_04_2026_15_20,12735.80,12743.80,12732.80,12741.20,0,
16_04_2026_15_25,12740.90,12747.10,12732.20,12745.40,0,
17_04_2026_09_15,12750.80,12764.50,12618.00,12692.20,0,
17_04_2026_09_20,12691.30,12703.70,12672.50,12683.50,0,
17_04_2026_09_25,12683.30,12716.00,12680.10,12714.50,0,
17_04_2026_09_30,12714.80,12721.70,12700.80,12709.50,0,
17_04_2026_09_35,12709.80,12710.80,12680.70,12691.50,0,
17_04_2026_09_40,12691.20,12698.90,12664.50,12665.30,0,
17_04_2026_09_45,12664.80,12694.10,12663.70,12689.70,0,
17_04_2026_09_50,12690.00,12712.30,12690.00,12712.20,0,
17_04_2026_09_55,12712.30,12719.70,12702.70,12706.20,0,
17_04_2026_10_00,12706.40,12715.70,12682.00,12711.00,0,
17_04_2026_10_05,12711.10,12733.50,12711.10,12728.80,0,
17_04_2026_10_10,12727.50,12732.00,12721.80,12730.50,0,
17_04_2026_10_15,12730.20,12744.50,12728.20,12736.00,0,
17_04_2026_10_20,12736.00,12741.70,12734.00,12736.30,0,
17_04_2026_10_25,12736.20,12748.70,12735.50,12748.20,0,
17_04_2026_10_30,12746.80,12752.20,12730.20,12731.70,0,
17_04_2026_10_35,12732.00,12756.50,12728.20,12748.00,0,
17_04_2026_10_40,12748.40,12757.90,12743.30,12753.00,0,
17_04_2026_10_45,12753.00,12766.30,12743.80,12765.30,0,
17_04_2026_10_50,12764.70,12772.80,12762.00,12763.20,0,
17_04_2026_10_55,12763.20,12774.20,12762.00,12773.00,0,
17_04_2026_11_00,12773.30,12775.70,12740.70,12746.80,0,
17_04_2026_11_05,12747.80,12757.50,12746.20,12746.50,0,
17_04_2026_11_10,12746.50,12752.30,12737.80,12739.20,0,
17_04_2026_11_15,12739.30,12746.00,12736.20,12745.80,0,
17_04_2026_11_20,12745.50,12773.20,12744.50,12766.90,0,
17_04_2026_11_25,12766.30,12775.70,12762.00,12763.10,0,
17_04_2026_11_30,12763.30,12773.10,12763.30,12771.70,0,
17_04_2026_11_35,12771.60,12790.20,12770.20,12777.80,0,
17_04_2026_11_40,12777.80,12797.80,12772.80,12791.10,0,
17_04_2026_11_45,12791.20,12792.30,12760.20,12764.10,0,
17_04_2026_11_50,12763.90,12769.30,12758.40,12769.20,0,
17_04_2026_11_55,12768.80,12774.50,12765.80,12766.50,0,
17_04_2026_12_00,12765.70,12766.70,12757.80,12760.80,0,
17_04_2026_12_05,12760.50,12766.10,12753.40,12763.80,0,
17_04_2026_12_10,12763.00,12775.50,12761.70,12767.90,0,
17_04_2026_12_15,12767.40,12774.40,12765.00,12765.70,0,
17_04_2026_12_20,12765.50,12772.30,12763.20,12771.20,0,
17_04_2026_12_25,12771.00,12774.50,12769.70,12771.20,0,
17_04_2026_12_30,12771.30,12774.80,12763.70,12766.30,0,
17_04_2026_12_35,12766.50,12774.00,12764.50,12770.70,0,
17_04_2026_12_40,12770.70,12773.80,12762.10,12763.40,0,
17_04_2026_12_45,12763.70,12768.70,12758.50,12759.50,0,
17_04_2026_12_50,12760.00,12765.50,12756.10,12758.30,0,
17_04_2026_12_55,12758.40,12778.30,12756.20,12777.50,0,
17_04_2026_13_00,12777.70,12777.80,12765.70,12776.00,0,
17_04_2026_13_05,12776.00,12793.20,12775.50,12791.20,0,
17_04_2026_13_10,12791.00,12803.70,12789.50,12799.70,0,
17_04_2026_13_15,12800.00,12808.20,12797.50,12807.30,0,
17_04_2026_13_20,12807.20,12831.40,12806.80,12816.50,0,
17_04_2026_13_25,12816.50,12828.80,12816.50,12827.90,0,
17_04_2026_13_30,12828.00,12837.20,12825.80,12835.70,0,
17_04_2026_13_35,12835.30,12847.20,12834.20,12844.90,0,
17_04_2026_13_40,12844.50,12858.20,12843.50,12851.00,0,
17_04_2026_13_45,12850.20,12866.20,12850.20,12865.20,0,
17_04_2026_13_50,12865.40,12885.60,12864.20,12873.20,0,
17_04_2026_13_55,12873.30,12874.00,12853.40,12859.70,0,
17_04_2026_14_00,12859.80,12867.70,12852.80,12856.80,0,
17_04_2026_14_05,12856.80,12860.50,12854.00,12860.20,0,
17_04_2026_14_10,12860.50,12871.20,12859.80,12867.50,0,
17_04_2026_14_15,12868.00,12883.80,12868.00,12879.20,0,
17_04_2026_14_20,12879.90,12885.50,12875.50,12881.60,0,
17_04_2026_14_25,12881.60,12886.40,12865.50,12868.80,0,
17_04_2026_14_30,12869.70,12880.00,12866.80,12880.00,0,
17_04_2026_14_35,12879.50,12886.30,12875.90,12885.70,0,
17_04_2026_14_40,12885.20,12892.40,12882.50,12891.90,0,
17_04_2026_14_45,12892.20,12898.00,12889.50,12894.20,0,
17_04_2026_14_50,12894.00,12902.60,12893.60,12899.20,0,
17_04_2026_14_55,12899.40,12902.70,12889.80,12890.50,0,
17_04_2026_15_00,12891.00,12892.20,12846.70,12879.10,0,
17_04_2026_15_05,12878.20,12881.20,12872.80,12880.30,0,
17_04_2026_15_10,12878.30,12887.20,12877.30,12885.20,0,
17_04_2026_15_15,12885.00,12889.10,12881.50,12887.60,0,
17_04_2026_15_20,12888.00,12888.00,12881.70,12885.00,0,
17_04_2026_15_25,12885.00,12885.20,12868.80,12872.40,0,
20_04_2026_09_15,12836.40,12855.20,12698.50,12768.00,0,
20_04_2026_09_20,12768.90,12841.20,12766.30,12841.20,0,
20_04_2026_09_25,12840.50,12847.30,12803.80,12805.30,0,
20_04_2026_09_30,12804.70,12813.80,12774.60,12779.60,0,
20_04_2026_09_35,12777.70,12786.00,12756.70,12767.30,0,
20_04_2026_09_40,12767.50,12771.50,12753.50,12754.20,0,
20_04_2026_09_45,12751.70,12766.50,12744.00,12764.70,0,
20_04_2026_09_50,12764.60,12809.60,12763.20,12809.60,0,
20_04_2026_09_55,12808.90,12818.30,12793.00,12800.00,0,
20_04_2026_10_00,12798.70,12825.60,12798.00,12804.20,0,
20_04_2026_10_05,12804.20,12829.20,12801.70,12828.70,0,
20_04_2026_10_10,12828.30,12837.20,12821.80,12824.00,0,
20_04_2026_10_15,12823.80,12834.60,12817.70,12830.30,0,
20_04_2026_10_20,12829.50,12836.50,12821.00,12827.50,0,
20_04_2026_10_25,12823.80,12833.70,12818.20,12833.00,0,
20_04_2026_10_30,12833.60,12850.70,12833.30,12844.80,0,
20_04_2026_10_35,12845.20,12850.30,12826.20,12831.30,0,
20_04_2026_10_40,12831.80,12844.50,12830.20,12840.80,0,
20_04_2026_10_45,12839.50,12848.70,12835.30,12847.80,0,
20_04_2026_10_50,12847.60,12848.70,12837.50,12841.30,0,
20_04_2026_10_55,12841.70,12843.50,12833.80,12836.20,0,
20_04_2026_11_00,12837.60,12837.60,12811.80,12819.00,0,
20_04_2026_11_05,12818.80,12821.70,12813.20,12817.50,0,
20_04_2026_11_10,12817.10,12820.20,12806.20,12807.50,0,
20_04_2026_11_15,12807.50,12821.70,12807.50,12816.10,0,
20_04_2026_11_20,12816.00,12827.90,12813.50,12825.30,0,
20_04_2026_11_25,12825.30,12835.50,12824.00,12826.50,0,
20_04_2026_11_30,12825.80,12841.20,12823.30,12839.70,0,
20_04_2026_11_35,12839.00,12840.30,12827.20,12830.50,0,
20_04_2026_11_40,12830.80,12837.30,12830.80,12836.20,0,
20_04_2026_11_45,12836.10,12841.80,12830.50,12837.30,0,
20_04_2026_11_50,12837.00,12848.30,12837.00,12846.80,0,
20_04_2026_11_55,12846.50,12852.80,12842.50,12852.10,0,
20_04_2026_12_00,12852.10,12864.50,12850.50,12857.80,0,
20_04_2026_12_05,12857.10,12865.30,12852.40,12855.80,0,
20_04_2026_12_10,12856.50,12864.30,12851.30,12862.20,0,
20_04_2026_12_15,12860.70,12871.40,12860.00,12869.80,0,
20_04_2026_12_20,12869.80,12892.70,12869.80,12879.20,0,
20_04_2026_12_25,12878.80,12889.80,12874.80,12889.00,0,
20_04_2026_12_30,12889.10,12893.20,12884.00,12891.20,0,
20_04_2026_12_35,12890.70,12893.80,12886.50,12890.60,0,
20_04_2026_12_40,12891.80,12902.00,12889.00,12890.40,0,
20_04_2026_12_45,12890.40,12899.70,12889.50,12894.20,0,
20_04_2026_12_50,12894.50,12898.90,12887.50,12892.80,0,
20_04_2026_12_55,12892.50,12900.50,12888.00,12890.30,0,
20_04_2026_13_00,12890.00,12891.30,12852.60,12872.30,0,
20_04_2026_13_05,12872.50,12883.50,12862.80,12867.80,0,
20_04_2026_13_10,12868.20,12876.50,12852.80,12875.00,0,
20_04_2026_13_15,12875.20,12882.00,12864.20,12872.80,0,
20_04_2026_13_20,12873.00,12876.50,12850.50,12850.50,0,
20_04_2026_13_25,12850.40,12858.30,12833.00,12857.70,0,
20_04_2026_13_30,12858.20,12864.20,12853.50,12862.00,0,
20_04_2026_13_35,12861.20,12863.00,12845.80,12847.30,0,
20_04_2026_13_40,12847.10,12855.30,12844.50,12846.50,0,
20_04_2026_13_45,12848.20,12848.20,12837.80,12844.90,0,
20_04_2026_13_50,12844.90,12846.60,12837.80,12844.60,0,
20_04_2026_13_55,12844.50,12848.20,12836.00,12845.60,0,
20_04_2026_14_00,12846.20,12848.50,12839.10,12843.20,0,
20_04_2026_14_05,12842.70,12843.00,12831.00,12837.50,0,
20_04_2026_14_10,12838.40,12842.50,12833.50,12838.50,0,
20_04_2026_14_15,12838.60,12845.30,12835.00,12842.50,0,
20_04_2026_14_20,12842.50,12847.70,12839.00,12846.50,0,
20_04_2026_14_25,12846.50,12860.20,12846.30,12857.00,0,
20_04_2026_14_30,12857.00,12858.00,12847.20,12857.30,0,
20_04_2026_14_35,12857.30,12863.20,12851.30,12851.60,0,
20_04_2026_14_40,12851.70,12857.20,12851.30,12856.20,0,
20_04_2026_14_45,12856.50,12859.50,12848.20,12858.50,0,
20_04_2026_14_50,12858.40,12860.00,12854.00,12856.00,0,
20_04_2026_14_55,12855.80,12858.80,12853.20,12856.30,0,
20_04_2026_15_00,12857.10,12869.00,12855.30,12859.20,0,
20_04_2026_15_05,12859.70,12860.90,12842.60,12843.50,0,
20_04_2026_15_10,12843.50,12847.80,12839.00,12840.70,0,
20_04_2026_15_15,12840.70,12843.00,12813.50,12814.90,0,
20_04_2026_15_20,12815.20,12820.30,12801.20,12804.80,0,
20_04_2026_15_25,12804.80,12823.80,12802.50,12814.50,0,
21_04_2026_09_15,12925.30,12945.50,12869.20,12929.80,0,
21_04_2026_09_20,12931.10,12966.00,12908.60,12964.70,0,
21_04_2026_09_25,12965.20,12986.60,12934.30,12935.00,0,
21_04_2026_09_30,12935.20,12950.00,12915.40,12949.90,0,
21_04_2026_09_35,12950.20,12953.80,12920.30,12926.30,0,
21_04_2026_09_40,12925.70,12927.00,12902.30,12916.50,0,
21_04_2026_09_45,12916.00,12921.10,12909.80,12912.00,0,
21_04_2026_09_50,12911.70,12912.40,12879.80,12885.80,0,
21_04_2026_09_55,12885.40,12890.00,12882.60,12884.80,0,
21_04_2026_10_00,12886.30,12904.50,12886.20,12903.60,0,
21_04_2026_10_05,12904.70,12916.50,12901.60,12908.00,0,
21_04_2026_10_10,12908.50,12915.00,12899.20,12903.10,0,
21_04_2026_10_15,12903.40,12907.00,12897.10,12904.00,0,
21_04_2026_10_20,12903.80,12905.10,12889.40,12895.20,0,
21_04_2026_10_25,12894.20,12897.00,12887.50,12896.30,0,
21_04_2026_10_30,12896.30,12915.00,12895.50,12914.80,0,
21_04_2026_10_35,12914.70,12920.10,12909.00,12916.20,0,
21_04_2026_10_40,12916.50,12916.80,12898.50,12906.40,0,
21_04_2026_10_45,12907.20,12913.70,12906.20,12907.80,0,
21_04_2026_10_50,12908.00,12910.50,12903.10,12903.50,0,
21_04_2026_10_55,12903.40,12908.10,12895.20,12895.20,0,
21_04_2026_11_00,12895.20,12897.30,12887.50,12894.70,0,
21_04_2026_11_05,12894.20,12905.00,12893.70,12899.70,0,
21_04_2026_11_10,12899.80,12901.70,12895.30,12901.60,0,
21_04_2026_11_15,12901.80,12902.20,12892.00,12894.80,0,
21_04_2026_11_20,12895.60,12897.50,12866.00,12869.00,0,
21_04_2026_11_25,12868.70,12878.20,12865.50,12877.30,0,
21_04_2026_11_30,12876.80,12883.30,12872.80,12873.00,0,
21_04_2026_11_35,12873.00,12881.20,12869.00,12875.50,0,
21_04_2026_11_40,12875.70,12881.40,12870.70,12875.70,0,
21_04_2026_11_45,12875.50,12880.90,12869.10,12873.50,0,
21_04_2026_11_50,12874.00,12875.20,12868.80,12874.50,0,
21_04_2026_11_55,12874.80,12882.00,12872.90,12880.00,0,
21_04_2026_12_00,12880.10,12890.30,12875.00,12889.80,0,
21_04_2026_12_05,12890.00,12897.80,12888.70,12894.70,0,
21_04_2026_12_10,12895.20,12896.80,12889.60,12892.30,0,
21_04_2026_12_15,12891.40,12893.10,12881.00,12887.70,0,
21_04_2026_12_20,12888.00,12888.50,12870.50,12870.90,0,
21_04_2026_12_25,12871.20,12881.50,12867.30,12876.70,0,
21_04_2026_12_30,12876.30,12879.20,12859.90,12861.50,0,
21_04_2026_12_35,12861.50,12869.60,12859.20,12862.60,0,
21_04_2026_12_40,12863.90,12864.90,12844.50,12846.20,0,
21_04_2026_12_45,12845.80,12847.60,12829.20,12835.50,0,
21_04_2026_12_50,12835.60,12836.10,12818.90,12821.80,0,
21_04_2026_12_55,12822.50,12846.20,12817.50,12844.80,0,
21_04_2026_13_00,12845.50,12848.90,12831.20,12832.20,0,
21_04_2026_13_05,12832.10,12844.20,12831.40,12839.50,0,
21_04_2026_13_10,12839.30,12848.80,12838.70,12843.00,0,
21_04_2026_13_15,12843.20,12850.80,12842.20,12845.80,0,
21_04_2026_13_20,12845.80,12852.40,12845.70,12848.30,0,
21_04_2026_13_25,12848.20,12851.60,12839.30,12840.30,0,
21_04_2026_13_30,12840.00,12846.20,12835.80,12840.00,0,
21_04_2026_13_35,12839.80,12841.00,12830.80,12837.00,0,
21_04_2026_13_40,12837.20,12838.50,12823.00,12826.60,0,
21_04_2026_13_45,12825.80,12836.20,12825.20,12835.50,0,
21_04_2026_13_50,12835.50,12854.30,12835.50,12854.30,0,
21_04_2026_13_55,12853.80,12858.60,12850.80,12852.80,0,
21_04_2026_14_00,12852.80,12854.80,12840.20,12840.80,0,
21_04_2026_14_05,12841.70,12843.00,12832.40,12833.70,0,
21_04_2026_14_10,12834.00,12840.00,12830.10,12837.80,0,
21_04_2026_14_15,12838.80,12838.90,12829.70,12830.00,0,
21_04_2026_14_20,12831.70,12843.60,12831.20,12842.30,0,
21_04_2026_14_25,12843.30,12844.00,12835.10,12843.00,0,
21_04_2026_14_30,12843.80,12843.80,12835.40,12837.00,0,
21_04_2026_14_35,12836.80,12841.40,12823.00,12823.50,0,
21_04_2026_14_40,12823.50,12830.00,12816.80,12822.50,0,
21_04_2026_14_45,12823.30,12831.50,12822.50,12830.40,0,
21_04_2026_14_50,12830.40,12839.50,12829.70,12836.70,0,
21_04_2026_14_55,12836.70,12837.90,12831.50,12832.40,0,
21_04_2026_15_00,12833.10,12840.40,12827.00,12829.20,0,
21_04_2026_15_05,12829.30,12840.50,12829.30,12840.00,0,
21_04_2026_15_10,12840.50,12847.60,12839.00,12841.10,0,
21_04_2026_15_15,12840.50,12840.80,12832.60,12837.60,0,
21_04_2026_15_20,12837.70,12838.20,12830.00,12830.60,0,
21_04_2026_15_25,12831.40,12839.30,12822.10,12838.70,0,
22_04_2026_09_15,12849.70,12908.30,12825.80,12853.50,0,
22_04_2026_09_20,12851.30,12865.80,12834.00,12855.40,0,
22_04_2026_09_25,12854.50,12912.30,12841.50,12905.40,0,
22_04_2026_09_30,12906.20,12918.30,12897.80,12908.20,0,
22_04_2026_09_35,12908.20,12924.90,12898.20,12915.20,0,
22_04_2026_09_40,12913.00,12913.90,12886.30,12896.70,0,
22_04_2026_09_45,12895.50,12906.20,12889.30,12898.40,0,
22_04_2026_09_50,12899.00,12919.00,12896.00,12904.80,0,
22_04_2026_09_55,12904.50,12906.70,12873.70,12874.50,0,
22_04_2026_10_00,12874.50,12890.80,12860.20,12883.40,0,
22_04_2026_10_05,12883.00,12891.50,12873.20,12891.50,0,
22_04_2026_10_10,12891.00,12892.00,12876.00,12876.90,0,
22_04_2026_10_15,12876.90,12890.00,12870.30,12873.70,0,
22_04_2026_10_20,12872.50,12872.90,12859.10,12869.70,0,
22_04_2026_10_25,12867.80,12872.00,12859.30,12871.80,0,
22_04_2026_10_30,12871.30,12872.00,12857.60,12870.00,0,
22_04_2026_10_35,12870.50,12878.40,12867.30,12876.40,0,
22_04_2026_10_40,12876.20,12879.70,12863.50,12864.50,0,
22_04_2026_10_45,12864.50,12872.90,12853.20,12864.50,0,
22_04_2026_10_50,12864.20,12876.20,12860.20,12873.60,0,
22_04_2026_10_55,12873.70,12881.80,12870.80,12872.00,0,
22_04_2026_11_00,12871.80,12877.50,12865.00,12876.30,0,
22_04_2026_11_05,12876.50,12878.90,12869.20,12874.50,0,
22_04_2026_11_10,12876.00,12887.00,12870.60,12882.50,0,
22_04_2026_11_15,12882.40,12886.20,12874.70,12879.60,0,
22_04_2026_11_20,12879.50,12882.80,12873.00,12880.00,0,
22_04_2026_11_25,12879.80,12886.30,12866.50,12868.20,0,
22_04_2026_11_30,12868.20,12869.20,12856.00,12863.40,0,
22_04_2026_11_35,12863.70,12870.80,12855.60,12859.60,0,
22_04_2026_11_40,12859.30,12870.50,12859.10,12862.60,0,
22_04_2026_11_45,12861.00,12861.00,12846.30,12851.80,0,
22_04_2026_11_50,12851.30,12865.20,12848.30,12863.30,0,
22_04_2026_11_55,12863.30,12873.10,12862.00,12872.40,0,
22_04_2026_12_00,12872.50,12881.20,12872.20,12878.50,0,
22_04_2026_12_05,12878.50,12879.40,12863.70,12865.60,0,
22_04_2026_12_10,12865.50,12865.50,12854.70,12856.00,0,
22_04_2026_12_15,12855.80,12855.80,12846.00,12849.50,0,
22_04_2026_12_20,12849.00,12856.10,12847.00,12851.50,0,
22_04_2026_12_25,12851.80,12858.70,12851.00,12855.30,0,
22_04_2026_12_30,12855.20,12859.20,12852.00,12857.80,0,
22_04_2026_12_35,12858.40,12859.30,12846.30,12854.50,0,
22_04_2026_12_40,12853.30,12855.80,12848.10,12851.00,0,
22_04_2026_12_45,12851.60,12852.70,12841.50,12847.70,0,
22_04_2026_12_50,12847.00,12860.80,12844.60,12856.20,0,
22_04_2026_12_55,12855.70,12868.60,12854.50,12866.50,0,
22_04_2026_13_00,12866.60,12868.90,12860.50,12867.40,0,
22_04_2026_13_05,12867.80,12887.50,12866.80,12880.30,0,
22_04_2026_13_10,12880.50,12885.80,12876.00,12883.70,0,
22_04_2026_13_15,12884.00,12887.80,12878.80,12884.80,0,
22_04_2026_13_20,12884.50,12886.40,12870.80,12876.30,0,
22_04_2026_13_25,12876.80,12901.50,12876.00,12901.00,0,
22_04_2026_13_30,12901.40,12910.00,12896.30,12904.20,0,
22_04_2026_13_35,12904.30,12904.90,12894.00,12896.50,0,
22_04_2026_13_40,12896.50,12911.80,12894.90,12910.80,0,
22_04_2026_13_45,12910.60,12919.20,12906.70,12918.30,0,
22_04_2026_13_50,12917.90,12921.20,12905.20,12907.80,0,
22_04_2026_13_55,12909.30,12916.60,12905.00,12911.80,0,
22_04_2026_14_00,12912.00,12917.00,12888.20,12890.00,0,
22_04_2026_14_05,12890.20,12906.30,12885.30,12901.80,0,
22_04_2026_14_10,12902.20,12902.60,12893.30,12899.70,0,
22_04_2026_14_15,12899.70,12901.00,12881.80,12892.40,0,
22_04_2026_14_20,12891.60,12895.50,12886.00,12895.50,0,
22_04_2026_14_25,12895.40,12904.60,12895.40,12898.70,0,
22_04_2026_14_30,12898.80,12907.70,12894.30,12895.80,0,
22_04_2026_14_35,12895.80,12904.50,12892.80,12896.00,0,
22_04_2026_14_40,12897.20,12910.80,12897.20,12907.20,0,
22_04_2026_14_45,12907.40,12910.20,12903.40,12903.90,0,
22_04_2026_14_50,12903.50,12914.80,12896.40,12913.90,0,
22_04_2026_14_55,12914.70,12925.80,12913.80,12916.80,0,
22_04_2026_15_00,12915.70,12915.70,12892.00,12893.20,0,
22_04_2026_15_05,12893.20,12895.40,12883.10,12889.00,0,
22_04_2026_15_10,12889.20,12895.80,12881.50,12895.60,0,
22_04_2026_15_15,12895.50,12896.00,12887.70,12891.30,0,
22_04_2026_15_20,12893.00,12902.50,12889.70,12899.00,0,
22_04_2026_15_25,12898.80,12901.40,12883.40,12891.50,0,
23_04_2026_09_15,12878.00,12884.80,12790.30,12851.40,0,
23_04_2026_09_20,12853.30,12888.90,12834.70,12835.40,0,
23_04_2026_09_25,12835.20,12844.80,12820.10,12842.50,0,
23_04_2026_09_30,12842.40,12862.90,12819.50,12831.70,0,
23_04_2026_09_35,12833.30,12834.00,12813.20,12825.30,0,
23_04_2026_09_40,12824.90,12851.90,12824.00,12844.80,0,
23_04_2026_09_45,12844.70,12847.80,12835.80,12836.30,0,
23_04_2026_09_50,12836.30,12847.00,12826.80,12829.30,0,
23_04_2026_09_55,12829.30,12835.30,12821.90,12829.50,0,
23_04_2026_10_00,12829.20,12831.00,12814.00,12821.70,0,
23_04_2026_10_05,12822.10,12823.20,12802.70,12806.20,0,
23_04_2026_10_10,12806.00,12809.00,12797.50,12800.70,0,
23_04_2026_10_15,12801.70,12812.50,12792.20,12811.00,0,
23_04_2026_10_20,12811.40,12823.00,12811.00,12822.00,0,
23_04_2026_10_25,12821.20,12832.90,12820.00,12827.00,0,
23_04_2026_10_30,12827.20,12831.10,12821.30,12825.80,0,
23_04_2026_10_35,12825.80,12833.20,12810.70,12817.20,0,
23_04_2026_10_40,12815.30,12824.80,12809.80,12823.90,0,
23_04_2026_10_45,12824.40,12832.20,12820.20,12820.40,0,
23_04_2026_10_50,12820.40,12837.00,12818.50,12832.70,0,
23_04_2026_10_55,12833.20,12838.20,12825.20,12835.00,0,
23_04_2026_11_00,12835.20,12835.20,12810.30,12815.80,0,
23_04_2026_11_05,12816.10,12816.10,12797.00,12797.70,0,
23_04_2026_11_10,12797.90,12798.20,12771.50,12779.00,0,
23_04_2026_11_15,12779.30,12795.50,12773.10,12793.10,0,
23_04_2026_11_20,12793.00,12801.30,12788.20,12794.80,0,
23_04_2026_11_25,12795.00,12806.30,12792.30,12800.20,0,
23_04_2026_11_30,12800.80,12814.20,12800.70,12802.80,0,
23_04_2026_11_35,12802.80,12809.80,12797.50,12805.70,0,
23_04_2026_11_40,12806.20,12812.50,12801.10,12804.60,0,
23_04_2026_11_45,12804.60,12824.70,12803.30,12821.20,0,
23_04_2026_11_50,12821.00,12838.80,12819.90,12838.20,0,
23_04_2026_11_55,12838.20,12840.70,12829.00,12836.20,0,
23_04_2026_12_00,12835.90,12845.20,12834.00,12839.80,0,
23_04_2026_12_05,12838.40,12842.30,12836.30,12838.50,0,
23_04_2026_12_10,12837.50,12856.40,12836.50,12850.50,0,
23_04_2026_12_15,12849.30,12852.00,12833.80,12833.80,0,
23_04_2026_12_20,12834.00,12844.00,12831.80,12841.20,0,
23_04_2026_12_25,12841.20,12841.20,12791.70,12797.50,0,
23_04_2026_12_30,12797.80,12814.80,12792.50,12807.40,0,
23_04_2026_12_35,12808.90,12817.40,12799.60,12817.20,0,
23_04_2026_12_40,12816.90,12829.30,12816.40,12828.40,0,
23_04_2026_12_45,12828.80,12829.10,12813.00,12816.80,0,
23_04_2026_12_50,12817.20,12823.10,12809.00,12823.10,0,
23_04_2026_12_55,12823.00,12828.20,12821.00,12825.20,0,
23_04_2026_13_00,12825.90,12825.90,12811.20,12820.70,0,
23_04_2026_13_05,12821.00,12829.20,12813.70,12829.00,0,
23_04_2026_13_10,12829.80,12832.80,12824.20,12828.40,0,
23_04_2026_13_15,12828.70,12842.00,12816.50,12841.50,0,
23_04_2026_13_20,12841.40,12852.00,12841.40,12847.00,0,
23_04_2026_13_25,12847.50,12865.90,12846.70,12864.80,0,
23_04_2026_13_30,12865.30,12866.00,12853.80,12853.80,0,
23_04_2026_13_35,12851.80,12860.80,12841.80,12848.00,0,
23_04_2026_13_40,12846.00,12850.80,12837.80,12849.30,0,
23_04_2026_13_45,12848.70,12850.20,12834.00,12839.00,0,
23_04_2026_13_50,12838.50,12847.70,12831.40,12832.90,0,
23_04_2026_13_55,12833.20,12842.00,12825.20,12830.20,0,
23_04_2026_14_00,12830.30,12831.50,12822.40,12826.40,0,
23_04_2026_14_05,12826.30,12826.30,12813.30,12814.20,0,
23_04_2026_14_10,12814.30,12814.90,12803.60,12805.50,0,
23_04_2026_14_15,12805.50,12807.50,12791.70,12792.30,0,
23_04_2026_14_20,12792.20,12802.70,12786.80,12794.90,0,
23_04_2026_14_25,12794.20,12798.20,12786.40,12787.80,0,
23_04_2026_14_30,12787.70,12790.60,12772.30,12772.50,0,
23_04_2026_14_35,12772.80,12775.40,12768.30,12772.00,0,
23_04_2026_14_40,12772.00,12782.00,12769.70,12774.70,0,
23_04_2026_14_45,12775.70,12794.20,12770.80,12787.30,0,
23_04_2026_14_50,12787.10,12797.50,12786.90,12793.80,0,
23_04_2026_14_55,12794.00,12796.20,12785.00,12791.20,0,
23_04_2026_15_00,12793.00,12802.30,12791.20,12793.70,0,
23_04_2026_15_05,12792.80,12800.30,12784.20,12786.00,0,
23_04_2026_15_10,12785.80,12788.90,12776.20,12776.50,0,
23_04_2026_15_15,12775.50,12794.50,12773.70,12778.00,0,
23_04_2026_15_20,12777.70,12790.60,12777.60,12786.50,0,
23_04_2026_15_25,12786.00,12791.10,12780.80,12789.70,0,
24_04_2026_09_15,12779.30,12839.10,12744.00,12757.80,0,
24_04_2026_09_20,12758.30,12780.40,12728.00,12763.30,0,
24_04_2026_09_25,12763.50,12763.70,12731.50,12740.70,0,
24_04_2026_09_30,12741.40,12747.20,12696.30,12707.10,0,
24_04_2026_09_35,12708.50,12708.50,12679.80,12682.50,0,
24_04_2026_09_40,12682.50,12693.80,12668.10,12688.10,0,
24_04_2026_09_45,12687.10,12689.30,12677.30,12681.80,0,
24_04_2026_09_50,12682.00,12695.40,12667.00,12669.80,0,
24_04_2026_09_55,12668.40,12674.00,12657.80,12659.20,0,
24_04_2026_10_00,12658.20,12690.50,12658.20,12685.70,0,
24_04_2026_10_05,12685.70,12691.70,12678.70,12680.40,0,
24_04_2026_10_10,12680.80,12688.70,12674.50,12678.60,0,
24_04_2026_10_15,12678.30,12678.30,12658.50,12660.30,0,
24_04_2026_10_20,12659.80,12662.80,12644.50,12645.40,0,
24_04_2026_10_25,12645.50,12657.50,12641.50,12645.40,0,
24_04_2026_10_30,12645.80,12646.50,12633.50,12642.90,0,
24_04_2026_10_35,12643.00,12648.70,12638.50,12642.60,0,
24_04_2026_10_40,12642.80,12643.40,12631.50,12633.20,0,
24_04_2026_10_45,12633.20,12637.20,12626.20,12630.80,0,
24_04_2026_10_50,12631.60,12638.50,12628.30,12631.20,0,
24_04_2026_10_55,12631.40,12632.80,12619.70,12622.30,0,
24_04_2026_11_00,12622.30,12632.80,12618.30,12630.30,0,
24_04_2026_11_05,12630.20,12647.30,12627.60,12645.20,0,
24_04_2026_11_10,12645.00,12657.70,12639.50,12639.50,0,
24_04_2026_11_15,12640.70,12658.00,12637.30,12651.70,0,
24_04_2026_11_20,12651.00,12669.80,12650.30,12667.90,0,
24_04_2026_11_25,12667.80,12669.40,12659.20,12667.30,0,
24_04_2026_11_30,12667.20,12688.70,12667.00,12684.60,0,
24_04_2026_11_35,12685.30,12685.30,12662.20,12678.60,0,
24_04_2026_11_40,12678.80,12686.40,12674.00,12681.80,0,
24_04_2026_11_45,12682.10,12683.10,12662.70,12667.20,0,
24_04_2026_11_50,12667.20,12667.20,12648.20,12649.50,0,
24_04_2026_11_55,12649.20,12649.30,12637.30,12639.50,0,
24_04_2026_12_00,12640.10,12641.40,12631.80,12638.60,0,
24_04_2026_12_05,12638.70,12661.00,12637.50,12660.00,0,
24_04_2026_12_10,12659.80,12700.80,12657.80,12698.00,0,
24_04_2026_12_15,12698.70,12720.60,12688.40,12720.20,0,
24_04_2026_12_20,12721.20,12724.10,12701.80,12703.50,0,
24_04_2026_12_25,12703.00,12703.50,12688.50,12689.50,0,
24_04_2026_12_30,12689.80,12702.80,12685.80,12698.50,0,
24_04_2026_12_35,12697.80,12699.40,12688.80,12696.80,0,
24_04_2026_12_40,12696.80,12698.00,12684.00,12684.70,0,
24_04_2026_12_45,12684.70,12716.00,12683.10,12709.80,0,
24_04_2026_12_50,12709.20,12717.50,12706.70,12713.50,0,
24_04_2026_12_55,12713.90,12741.80,12711.90,12739.20,0,
24_04_2026_13_00,12740.10,12741.50,12723.00,12734.20,0,
24_04_2026_13_05,12734.30,12738.70,12730.50,12736.20,0,
24_04_2026_13_10,12735.30,12736.10,12717.20,12726.80,0,
24_04_2026_13_15,12727.50,12728.10,12708.50,12720.00,0,
24_04_2026_13_20,12720.10,12724.50,12711.80,12713.00,0,
24_04_2026_13_25,12712.40,12715.60,12706.50,12712.70,0,
24_04_2026_13_30,12713.80,12716.40,12693.70,12697.20,0,
24_04_2026_13_35,12697.20,12705.90,12686.40,12689.50,0,
24_04_2026_13_40,12688.60,12695.10,12682.20,12685.30,0,
24_04_2026_13_45,12685.00,12707.50,12685.00,12702.80,0,
24_04_2026_13_50,12703.20,12720.30,12702.50,12716.70,0,
24_04_2026_13_55,12716.50,12717.10,12706.10,12707.20,0,
24_04_2026_14_00,12707.20,12708.50,12699.50,12701.20,0,
24_04_2026_14_05,12700.20,12701.00,12680.00,12696.70,0,
24_04_2026_14_10,12696.80,12730.50,12696.20,12730.50,0,
24_04_2026_14_15,12731.20,12745.00,12704.30,12718.50,0,
24_04_2026_14_20,12718.20,12738.10,12716.50,12731.70,0,
24_04_2026_14_25,12731.90,12735.90,12715.60,12724.80,0,
24_04_2026_14_30,12725.00,12755.20,12722.50,12748.80,0,
24_04_2026_14_35,12750.60,12785.40,12750.30,12782.80,0,
24_04_2026_14_40,12783.00,12792.80,12775.60,12784.20,0,
24_04_2026_14_45,12785.00,12794.80,12764.80,12771.00,0,
24_04_2026_14_50,12773.00,12775.80,12755.30,12766.20,0,
24_04_2026_14_55,12766.00,12776.80,12763.00,12770.20,0,
24_04_2026_15_00,12770.50,12770.50,12734.00,12738.00,0,
24_04_2026_15_05,12738.70,12753.20,12738.20,12752.50,0,
24_04_2026_15_10,12753.40,12754.00,12732.60,12734.20,0,
24_04_2026_15_15,12735.50,12761.80,12733.40,12758.70,0,
24_04_2026_15_20,12760.80,12760.80,12742.10,12749.70,0,
24_04_2026_15_25,12749.20,12753.00,12738.20,12748.20,0,
27_04_2026_09_15,12840.50,12919.10,12837.10,12901.20,0,
27_04_2026_09_20,12898.70,12948.60,12898.70,12926.00,0,
27_04_2026_09_25,12925.50,12948.20,12922.00,12947.50,0,
27_04_2026_09_30,12947.00,12963.20,12933.70,12936.40,0,
27_04_2026_09_35,12937.50,12959.00,12935.80,12940.80,0,
27_04_2026_09_40,12940.50,12960.50,12926.70,12960.50,0,
27_04_2026_09_45,12960.70,13008.20,12960.30,13007.90,0,
27_04_2026_09_50,13007.00,13033.20,13002.80,13020.50,0,
27_04_2026_09_55,13021.50,13027.70,13009.30,13026.80,0,
27_04_2026_10_00,13025.50,13027.30,12998.80,13000.50,0,
27_04_2026_10_05,13000.20,13006.50,12993.80,13001.70,0,
27_04_2026_10_10,13002.10,13006.00,12981.80,12983.80,0,
27_04_2026_10_15,12983.50,13010.30,12982.90,13002.80,0,
27_04_2026_10_20,13003.70,13003.70,12996.00,12998.50,0,
27_04_2026_10_25,12999.20,13009.60,12989.20,13007.00,0,
27_04_2026_10_30,13006.80,13010.70,12986.00,12989.20,0,
27_04_2026_10_35,12988.80,12988.80,12971.50,12979.70,0,
27_04_2026_10_40,12979.20,12998.90,12978.00,12997.00,0,
27_04_2026_10_45,12997.20,13002.00,12988.90,13001.30,0,
27_04_2026_10_50,13000.40,13002.00,12986.10,12992.80,0,
27_04_2026_10_55,12991.60,12993.30,12976.40,12977.00,0,
27_04_2026_11_00,12976.20,12978.90,12960.30,12967.80,0,
27_04_2026_11_05,12967.20,12976.00,12966.20,12976.00,0,
27_04_2026_11_10,12976.80,13003.80,12975.30,12999.20,0,
27_04_2026_11_15,12999.50,13011.00,12997.40,13005.00,0,
27_04_2026_11_20,13004.90,13005.70,12994.80,13000.50,0,
27_04_2026_11_25,13001.80,13004.20,12993.80,12997.70,0,
27_04_2026_11_30,12997.80,12999.20,12966.50,12967.80,0,
27_04_2026_11_35,12968.80,12968.80,12943.20,12951.00,0,
27_04_2026_11_40,12951.70,12955.50,12941.20,12945.20,0,
27_04_2026_11_45,12944.30,12950.90,12931.60,12949.00,0,
27_04_2026_11_50,12948.50,12952.00,12939.00,12950.40,0,
27_04_2026_11_55,12951.00,12956.50,12946.00,12953.40,0,
27_04_2026_12_00,12953.50,12953.50,12928.70,12932.30,0,
27_04_2026_12_05,12932.30,12943.30,12929.70,12941.00,0,
27_04_2026_12_10,12941.20,12951.70,12940.20,12949.20,0,
27_04_2026_12_15,12949.00,12967.70,12948.50,12966.60,0,
27_04_2026_12_20,12966.50,12967.50,12958.50,12967.00,0,
27_04_2026_12_25,12966.90,12981.00,12966.10,12974.70,0,
27_04_2026_12_30,12975.30,12982.80,12974.40,12981.70,0,
27_04_2026_12_35,12980.40,12983.90,12973.50,12974.00,0,
27_04_2026_12_40,12974.10,12984.20,12973.50,12982.30,0,
27_04_2026_12_45,12981.00,12988.40,12978.50,12987.70,0,
27_04_2026_12_50,12986.70,13000.70,12986.70,12999.50,0,
27_04_2026_12_55,12998.50,13000.10,12988.50,12995.20,0,
27_04_2026_13_00,12995.30,12997.00,12989.60,12993.50,0,
27_04_2026_13_05,12995.00,13002.50,12992.20,13002.50,0,
27_04_2026_13_10,13000.70,13006.20,12993.40,12997.80,0,
27_04_2026_13_15,12998.00,12999.30,12992.00,12993.20,0,
27_04_2026_13_20,12993.00,13000.50,12990.20,12991.40,0,
27_04_2026_13_25,12991.30,12996.50,12989.50,12992.20,0,
27_04_2026_13_30,12991.80,12991.90,12984.00,12986.30,0,
27_04_2026_13_35,12985.20,12998.00,12983.80,12994.10,0,
27_04_2026_13_40,12995.30,13005.10,12994.70,12997.20,0,
27_04_2026_13_45,12997.50,13002.50,12987.90,12989.20,0,
27_04_2026_13_50,12989.80,12989.80,12979.30,12987.20,0,
27_04_2026_13_55,12988.00,12992.00,12976.50,12977.20,0,
27_04_2026_14_00,12976.50,12977.80,12970.60,12973.60,0,
27_04_2026_14_05,12973.50,12983.80,12971.90,12974.50,0,
27_04_2026_14_10,12974.80,12987.00,12974.00,12983.50,0,
27_04_2026_14_15,12982.50,12984.30,12970.20,12972.60,0,
27_04_2026_14_20,12971.80,12981.80,12970.00,12979.00,0,
27_04_2026_14_25,12978.00,12982.10,12976.40,12978.80,0,
27_04_2026_14_30,12978.20,12982.10,12971.90,12973.30,0,
27_04_2026_14_35,12973.70,12986.80,12973.00,12984.00,0,
27_04_2026_14_40,12984.20,12990.80,12978.20,12989.90,0,
27_04_2026_14_45,12989.20,12992.60,12983.20,12988.50,0,
27_04_2026_14_50,12988.50,12992.90,12983.20,12992.90,0,
27_04_2026_14_55,12993.20,12995.00,12989.00,12992.70,0,
27_04_2026_15_00,12991.20,12992.80,12976.50,12990.20,0,
27_04_2026_15_05,12990.10,12991.20,12979.60,12980.80,0,
27_04_2026_15_10,12980.50,12984.20,12968.70,12970.00,0,
27_04_2026_15_15,12968.90,12972.90,12963.20,12968.70,0,
27_04_2026_15_20,12969.50,12988.80,12966.00,12987.50,0,
27_04_2026_15_25,12985.20,13007.20,12979.50,12993.80,0,
28_04_2026_09_15,13005.20,13055.50,12978.50,13053.30,0,
28_04_2026_09_20,13053.00,13083.20,13029.10,13034.00,0,
28_04_2026_09_25,13034.80,13046.70,13014.20,13014.20,0,
28_04_2026_09_30,13014.00,13035.10,12999.20,13030.50,0,
28_04_2026_09_35,13030.40,13036.00,13009.30,13022.90,0,
28_04_2026_09_40,13022.50,13052.50,13020.70,13040.80,0,
28_04_2026_09_45,13042.50,13074.00,13042.10,13069.90,0,
28_04_2026_09_50,13069.70,13088.50,13068.10,13076.10,0,
28_04_2026_09_55,13077.00,13092.20,13073.20,13087.80,0,
28_04_2026_10_00,13088.30,13098.20,13080.70,13091.20,0,
28_04_2026_10_05,13091.00,13118.50,13086.70,13114.00,0,
28_04_2026_10_10,13114.50,13136.70,13112.70,13135.50,0,
28_04_2026_10_15,13137.80,13157.50,13137.80,13149.40,0,
28_04_2026_10_20,13150.20,13156.00,13138.00,13152.70,0,
28_04_2026_10_25,13153.50,13154.50,13138.60,13141.00,0,
28_04_2026_10_30,13141.80,13164.30,13139.20,13160.00,0,
28_04_2026_10_35,13160.00,13160.60,13144.30,13152.20,0,
28_04_2026_10_40,13153.20,13154.30,13115.40,13121.20,0,
28_04_2026_10_45,13122.90,13134.50,13121.80,13124.20,0,
28_04_2026_10_50,13126.10,13142.50,13122.60,13141.40,0,
28_04_2026_10_55,13142.50,13157.30,13141.30,13153.20,0,
28_04_2026_11_00,13154.80,13156.80,13144.50,13149.50,0,
28_04_2026_11_05,13150.00,13150.50,13124.40,13131.00,0,
28_04_2026_11_10,13132.00,13135.50,13123.00,13130.20,0,
28_04_2026_11_15,13129.50,13130.50,13117.50,13119.70,0,
28_04_2026_11_20,13121.50,13134.00,13121.20,13122.80,0,
28_04_2026_11_25,13122.00,13123.20,13105.80,13109.90,0,
28_04_2026_11_30,13109.80,13129.00,13105.90,13116.70,0,
28_04_2026_11_35,13116.30,13120.00,13112.20,13115.80,0,
28_04_2026_11_40,13116.30,13118.80,13110.30,13112.50,0,
28_04_2026_11_45,13114.20,13121.20,13096.50,13101.20,0,
28_04_2026_11_50,13101.80,13107.70,13096.40,13102.00,0,
28_04_2026_11_55,13102.80,13103.00,13091.50,13093.70,0,
28_04_2026_12_00,13093.40,13094.90,13079.20,13085.30,0,
28_04_2026_12_05,13084.30,13086.80,13072.50,13074.30,0,
28_04_2026_12_10,13074.50,13087.80,13074.00,13084.20,0,
28_04_2026_12_15,13084.00,13100.20,13083.30,13088.50,0,
28_04_2026_12_20,13088.00,13093.30,13073.90,13082.00,0,
28_04_2026_12_25,13083.40,13089.50,13078.50,13079.40,0,
28_04_2026_12_30,13079.00,13079.00,13057.70,13063.70,0,
28_04_2026_12_35,13065.20,13084.20,13063.80,13083.00,0,
28_04_2026_12_40,13083.80,13094.00,13078.60,13092.00,0,
28_04_2026_12_45,13092.80,13094.20,13071.20,13074.80,0,
28_04_2026_12_50,13076.20,13076.20,13049.10,13055.00,0,
28_04_2026_12_55,13055.30,13068.40,13053.00,13054.80,0,
28_04_2026_13_00,13055.70,13062.20,13048.90,13049.00,0,
28_04_2026_13_05,13050.20,13058.80,13048.20,13049.30,0,
28_04_2026_13_10,13049.80,13052.90,13046.80,13047.60,0,
28_04_2026_13_15,13048.00,13058.00,13044.80,13056.80,0,
28_04_2026_13_20,13057.10,13060.00,13048.50,13050.80,0,
28_04_2026_13_25,13051.90,13054.50,13043.70,13044.50,0,
28_04_2026_13_30,13044.80,13049.20,13033.70,13034.00,0,
28_04_2026_13_35,13034.40,13036.50,13023.20,13027.50,0,
28_04_2026_13_40,13026.90,13036.20,13019.90,13029.50,0,
28_04_2026_13_45,13029.50,13037.40,13028.30,13032.30,0,
28_04_2026_13_50,13033.30,13043.00,13029.70,13039.20,0,
28_04_2026_13_55,13039.10,13043.80,13029.40,13032.70,0,
28_04_2026_14_00,13033.10,13037.00,13028.60,13035.20,0,
28_04_2026_14_05,13034.90,13036.60,13028.80,13032.50,0,
28_04_2026_14_10,13032.20,13033.20,13014.60,13015.10,0,
28_04_2026_14_15,13015.80,13030.40,13002.80,13028.80,0,
28_04_2026_14_20,13028.30,13038.30,13020.70,13034.50,0,
28_04_2026_14_25,13033.40,13046.70,13030.00,13045.30,0,
28_04_2026_14_30,13048.20,13086.20,13048.20,13062.50,0,
28_04_2026_14_35,13063.90,13070.20,13061.60,13062.00,0,
28_04_2026_14_40,13062.20,13063.80,13048.30,13058.10,0,
28_04_2026_14_45,13058.50,13065.00,13049.20,13063.70,0,
28_04_2026_14_50,13064.00,13071.20,13056.80,13069.20,0,
28_04_2026_14_55,13070.40,13082.70,13068.00,13077.20,0,
28_04_2026_15_00,13077.60,13078.80,13037.20,13037.70,0,
28_04_2026_15_05,13037.80,13042.80,13033.10,13035.20,0,
28_04_2026_15_10,13035.80,13037.80,13031.20,13036.60,0,
28_04_2026_15_15,13036.80,13050.20,13031.80,13045.70,0,
28_04_2026_15_20,13045.30,13047.70,13036.60,13046.90,0,
28_04_2026_15_25,13047.00,13076.70,13046.80,13065.30,0,
29_04_2026_09_15,13106.70,13112.50,12944.70,12984.10,0,
29_04_2026_09_20,12982.90,12992.70,12880.40,12888.80,0,
29_04_2026_09_25,12888.80,12936.30,12871.40,12934.10,0,
29_04_2026_09_30,12934.20,12946.60,12917.70,12919.50,0,
29_04_2026_09_35,12919.20,12947.90,12910.00,12947.90,0,
29_04_2026_09_40,12948.00,12962.00,12942.50,12961.20,0,
29_04_2026_09_45,12959.90,12961.00,12938.70,12941.80,0,
29_04_2026_09_50,12940.80,12953.80,12940.20,12948.70,0,
29_04_2026_09_55,12949.70,12981.20,12948.00,12978.00,0,
29_04_2026_10_00,12980.00,13004.00,12980.00,12996.20,0,
29_04_2026_10_05,12996.70,12998.70,12986.20,12989.20,0,
29_04_2026_10_10,12990.40,13008.30,12986.00,13006.50,0,
29_04_2026_10_15,13006.80,13050.00,13006.00,13049.20,0,
29_04_2026_10_20,13050.60,13065.70,13043.00,13049.60,0,
29_04_2026_10_25,13050.20,13056.70,13049.70,13052.00,0,
29_04_2026_10_30,13052.00,13053.50,13041.30,13050.60,0,
29_04_2026_10_35,13050.70,13058.20,13048.80,13053.80,0,
29_04_2026_10_40,13055.50,13069.20,13050.50,13068.80,0,
29_04_2026_10_45,13068.50,13072.20,13060.50,13062.00,0,
29_04_2026_10_50,13062.50,13067.60,13058.00,13059.30,0,
29_04_2026_10_55,13060.50,13082.10,13058.70,13072.00,0,
29_04_2026_11_00,13073.00,13090.60,13070.70,13078.90,0,
29_04_2026_11_05,13079.00,13083.00,13071.20,13078.80,0,
29_04_2026_11_10,13078.70,13079.20,13068.00,13075.20,0,
29_04_2026_11_15,13075.20,13091.20,13074.90,13077.30,0,
29_04_2026_11_20,13077.50,13084.50,13070.50,13070.50,0,
29_04_2026_11_25,13071.20,13075.00,13054.20,13058.40,0,
29_04_2026_11_30,13058.80,13079.30,13056.00,13069.90,0,
29_04_2026_11_35,13069.30,13090.50,13064.10,13089.50,0,
29_04_2026_11_40,13090.20,13107.10,13088.60,13099.40,0,
29_04_2026_11_45,13099.90,13100.70,13078.60,13081.80,0,
29_04_2026_11_50,13082.00,13089.40,13070.90,13078.60,0,
29_04_2026_11_55,13079.00,13083.30,13072.80,13082.30,0,
29_04_2026_12_00,13082.60,13084.00,13063.20,13063.60,0,
29_04_2026_12_05,13063.20,13065.50,13052.50,13065.00,0,
29_04_2026_12_10,13066.00,13075.70,13053.90,13059.20,0,
29_04_2026_12_15,13060.00,13079.80,13058.00,13078.80,0,
29_04_2026_12_20,13079.60,13080.70,13067.30,13073.10,0,
29_04_2026_12_25,13073.70,13074.50,13056.40,13069.50,0,
29_04_2026_12_30,13069.30,13082.50,13064.10,13082.10,0,
29_04_2026_12_35,13083.30,13086.80,13077.50,13084.30,0,
29_04_2026_12_40,13085.00,13087.00,13077.00,13085.10,0,
29_04_2026_12_45,13085.20,13101.70,13085.20,13091.00,0,
29_04_2026_12_50,13092.20,13106.00,13091.20,13104.00,0,
29_04_2026_12_55,13104.80,13107.20,13094.70,13101.70,0,
29_04_2026_13_00,13100.10,13101.90,13093.70,13096.50,0,
29_04_2026_13_05,13096.50,13101.80,13089.30,13095.70,0,
29_04_2026_13_10,13095.50,13103.60,13090.50,13091.20,0,
29_04_2026_13_15,13092.60,13100.80,13091.30,13100.30,0,
29_04_2026_13_20,13100.70,13114.20,13099.30,13109.50,0,
29_04_2026_13_25,13109.90,13122.90,13109.40,13119.20,0,
29_04_2026_13_30,13119.40,13146.00,13119.20,13141.20,0,
29_04_2026_13_35,13141.50,13149.00,13132.60,13135.60,0,
29_04_2026_13_40,13136.20,13137.20,13116.50,13116.70,0,
29_04_2026_13_45,13116.50,13126.30,13098.90,13121.90,0,
29_04_2026_13_50,13123.00,13159.50,13123.00,13144.50,0,
29_04_2026_13_55,13146.10,13152.50,13129.50,13130.80,0,
29_04_2026_14_00,13130.70,13130.80,13100.90,13102.20,0,
29_04_2026_14_05,13103.80,13130.00,13100.00,13120.20,0,
29_04_2026_14_10,13120.80,13129.60,13109.30,13129.00,0,
29_04_2026_14_15,13129.00,13133.30,13102.00,13103.20,0,
29_04_2026_14_20,13104.50,13120.00,13097.50,13109.80,0,
29_04_2026_14_25,13110.00,13114.50,13099.00,13103.70,0,
29_04_2026_14_30,13103.90,13115.70,13100.60,13107.40,0,
29_04_2026_14_35,13109.20,13116.00,13087.70,13114.80,0,
29_04_2026_14_40,13115.50,13132.00,13099.50,13129.70,0,
29_04_2026_14_45,13131.50,13146.80,13110.80,13120.00,0,
29_04_2026_14_50,13121.50,13146.20,13120.50,13140.50,0,
29_04_2026_14_55,13141.50,13141.90,13117.50,13121.00,0,
29_04_2026_15_00,13121.20,13145.80,13117.80,13122.30,0,
29_04_2026_15_05,13123.00,13123.90,13113.70,13119.20,0,
29_04_2026_15_10,13119.40,13127.60,13111.80,13113.00,0,
29_04_2026_15_15,13113.00,13114.80,13093.50,13104.00,0,
29_04_2026_15_20,13104.10,13104.10,13092.20,13096.60,0,
29_04_2026_15_25,13096.50,13123.70,13095.20,13116.20,0,
30_04_2026_09_15,13049.10,13056.10,12951.60,12953.80,0,
30_04_2026_09_20,12955.30,12958.90,12932.00,12946.80,0,
30_04_2026_09_25,12947.20,12968.70,12933.20,12948.30,0,
30_04_2026_09_30,12946.70,12954.40,12938.00,12948.50,0,
30_04_2026_09_35,12948.30,12948.50,12899.30,12921.50,0,
30_04_2026_09_40,12922.10,12959.50,12910.80,12949.50,0,
30_04_2026_09_45,12949.30,12955.30,12932.40,12939.20,0,
30_04_2026_09_50,12940.00,12945.80,12930.50,12931.00,0,
30_04_2026_09_55,12930.80,12937.80,12910.00,12910.90,0,
30_04_2026_10_00,12899.00,12899.00,12837.30,12840.50,0,
30_04_2026_10_05,12840.10,12883.60,12840.10,12882.20,0,
30_04_2026_10_10,12882.50,12884.80,12856.00,12863.50,0,
30_04_2026_10_15,12862.50,12862.50,12820.20,12840.20,0,
30_04_2026_10_20,12839.50,12853.00,12827.90,12836.00,0,
30_04_2026_10_25,12835.80,12835.80,12814.10,12828.00,0,
30_04_2026_10_30,12828.20,12851.80,12825.50,12835.20,0,
30_04_2026_10_35,12835.00,12840.80,12829.00,12840.80,0,
30_04_2026_10_40,12840.70,12847.00,12834.00,12843.80,0,
30_04_2026_10_45,12843.80,12846.80,12832.70,12841.00,0,
30_04_2026_10_50,12841.30,12846.30,12822.90,12830.20,0,
30_04_2026_10_55,12830.70,12830.70,12810.20,12819.00,0,
30_04_2026_11_00,12818.80,12832.40,12817.30,12832.20,0,
30_04_2026_11_05,12832.20,12852.50,12830.80,12852.50,0,
30_04_2026_11_10,12853.00,12854.50,12838.40,12839.00,0,
30_04_2026_11_15,12838.60,12860.80,12836.30,12857.90,0,
30_04_2026_11_20,12858.10,12859.80,12849.50,12855.00,0,
30_04_2026_11_25,12854.80,12873.10,12853.20,12871.80,0,
30_04_2026_11_30,12872.50,12881.10,12856.70,12858.20,0,
30_04_2026_11_35,12858.50,12866.50,12845.20,12856.60,0,
30_04_2026_11_40,12856.50,12857.00,12841.50,12842.00,0,
30_04_2026_11_45,12841.40,12845.20,12835.00,12842.20,0,
30_04_2026_11_50,12842.50,12844.80,12827.50,12830.20,0,
30_04_2026_11_55,12829.50,12839.80,12828.80,12833.50,0,
30_04_2026_12_00,12833.40,12841.40,12831.00,12840.50,0,
30_04_2026_12_05,12839.50,12848.00,12833.70,12834.90,0,
30_04_2026_12_10,12834.80,12845.70,12831.30,12845.60,0,
30_04_2026_12_15,12845.00,12848.50,12832.00,12832.50,0,
30_04_2026_12_20,12831.50,12862.40,12827.20,12862.10,0,
30_04_2026_12_25,12861.70,12861.70,12840.00,12842.60,0,
30_04_2026_12_30,12843.00,12849.50,12830.50,12838.20,0,
30_04_2026_12_35,12837.50,12839.50,12830.60,12839.00,0,
30_04_2026_12_40,12838.70,12847.00,12836.50,12847.00,0,
30_04_2026_12_45,12847.00,12858.20,12842.50,12854.40,0,
30_04_2026_12_50,12854.50,12855.50,12850.50,12852.10,0,
30_04_2026_12_55,12852.20,12853.00,12845.80,12852.30,0,
30_04_2026_13_00,12852.60,12854.50,12846.10,12848.80,0,
30_04_2026_13_05,12848.70,12848.70,12832.50,12837.90,0,
30_04_2026_13_10,12837.90,12839.80,12835.50,12837.70,0,
30_04_2026_13_15,12838.20,12838.20,12829.20,12830.70,0,
30_04_2026_13_20,12830.70,12845.80,12829.50,12839.70,0,
30_04_2026_13_25,12839.50,12852.00,12837.70,12844.00,0,
30_04_2026_13_30,12844.30,12851.30,12840.80,12848.80,0,
30_04_2026_13_35,12849.00,12859.20,12838.80,12840.00,0,
30_04_2026_13_40,12841.00,12868.80,12837.30,12868.80,0,
30_04_2026_13_45,12868.50,12882.10,12868.10,12880.00,0,
30_04_2026_13_50,12879.80,12882.70,12861.70,12868.90,0,
30_04_2026_13_55,12868.20,12892.70,12867.50,12892.70,0,
30_04_2026_14_00,12892.00,12893.30,12873.10,12875.40,0,
30_04_2026_14_05,12875.30,12876.70,12860.40,12876.40,0,
30_04_2026_14_10,12876.00,12878.20,12861.60,12864.40,0,
30_04_2026_14_15,12864.80,12873.00,12848.20,12848.20,0,
30_04_2026_14_20,12848.30,12853.30,12841.40,12850.30,0,
30_04_2026_14_25,12850.20,12876.70,12845.80,12874.80,0,
30_04_2026_14_30,12874.80,12882.50,12866.20,12879.50,0,
30_04_2026_14_35,12880.20,12880.50,12847.50,12866.30,0,
30_04_2026_14_40,12866.80,12882.30,12862.60,12881.50,0,
30_04_2026_14_45,12881.70,12890.30,12865.50,12865.50,0,
30_04_2026_14_50,12865.30,12871.10,12855.50,12863.00,0,
30_04_2026_14_55,12862.50,12888.00,12862.00,12885.20,0,
30_04_2026_15_00,12885.90,12885.90,12847.90,12850.50,0,
30_04_2026_15_05,12850.20,12850.20,12833.50,12834.00,0,
30_04_2026_15_10,12834.10,12834.10,12819.00,12830.80,0,
30_04_2026_15_15,12831.60,12836.50,12818.30,12819.40,0,
30_04_2026_15_20,12819.50,12826.90,12809.20,12818.30,0,
30_04_2026_15_25,12818.20,12843.10,12805.80,12832.00,0,
04_05_2026_09_15,12912.30,12976.20,12900.60,12962.40,0,
04_05_2026_09_20,12963.00,12975.20,12911.50,12926.00,0,
04_05_2026_09_25,12924.60,12927.50,12901.90,12902.20,0,
04_05_2026_09_30,12901.00,12954.70,12900.00,12948.20,0,
04_05_2026_09_35,12948.50,12965.50,12942.30,12963.40,0,
04_05_2026_09_40,12965.30,12972.20,12948.80,12967.70,0,
04_05_2026_09_45,12970.20,13013.70,12963.90,13011.00,0,
04_05_2026_09_50,13012.80,13013.80,12949.50,12951.60,0,
04_05_2026_09_55,12950.90,12989.80,12950.90,12980.80,0,
04_05_2026_10_00,12981.30,12987.50,12957.50,12970.90,0,
04_05_2026_10_05,12971.20,12995.20,12970.30,12981.00,0,
04_05_2026_10_10,12980.50,13003.60,12973.90,12977.20,0,
04_05_2026_10_15,12976.50,12986.00,12964.50,12982.20,0,
04_05_2026_10_20,12982.00,12987.30,12962.00,12966.40,0,
04_05_2026_10_25,12967.00,13004.80,12965.00,13000.70,0,
04_05_2026_10_30,13001.50,13025.50,12986.50,13000.50,0,
04_05_2026_10_35,13000.30,13017.70,12992.40,13013.00,0,
04_05_2026_10_40,13013.00,13015.00,12996.30,13008.70,0,
04_05_2026_10_45,13009.00,13017.10,12995.70,13016.30,0,
04_05_2026_10_50,13016.50,13025.80,13013.00,13017.10,0,
04_05_2026_10_55,13017.00,13019.80,13005.60,13006.10,0,
04_05_2026_11_00,13006.50,13018.30,12999.70,13015.60,0,
04_05_2026_11_05,13016.50,13017.70,12992.20,12999.80,0,
04_05_2026_11_10,13000.50,13005.50,12991.00,12998.30,0,
04_05_2026_11_15,12999.20,13014.00,12999.00,13011.00,0,
04_05_2026_11_20,13011.60,13020.80,13000.70,13004.00,0,
04_05_2026_11_25,13003.70,13008.80,13000.00,13005.00,0,
04_05_2026_11_30,13004.20,13010.00,12992.10,13004.70,0,
04_05_2026_11_35,13004.60,13023.20,12999.20,13020.80,0,
04_05_2026_11_40,13020.60,13022.00,13006.20,13013.50,0,
04_05_2026_11_45,13013.90,13014.80,13004.10,13006.70,0,
04_05_2026_11_50,13006.70,13009.00,12989.70,12996.40,0,
04_05_2026_11_55,12996.80,13001.10,12981.70,12982.40,0,
04_05_2026_12_00,12982.00,12997.30,12982.00,12988.30,0,
04_05_2026_12_05,12988.60,12989.70,12966.00,12972.00,0,
04_05_2026_12_10,12971.90,12972.80,12947.80,12948.70,0,
04_05_2026_12_15,12948.00,12964.70,12945.20,12964.30,0,
04_05_2026_12_20,12964.80,12969.00,12954.00,12965.90,0,
04_05_2026_12_25,12966.10,12969.10,12953.20,12953.20,0,
04_05_2026_12_30,12953.80,12954.20,12926.80,12927.20,0,
04_05_2026_12_35,12927.50,12946.30,12927.00,12943.20,0,
04_05_2026_12_40,12943.20,12951.20,12942.40,12944.90,0,
04_05_2026_12_45,12944.80,12950.40,12938.70,12941.20,0,
04_05_2026_12_50,12942.20,12961.00,12941.50,12955.20,0,
04_05_2026_12_55,12955.20,12958.90,12938.60,12947.00,0,
04_05_2026_13_00,12947.00,12950.20,12941.30,12946.20,0,
04_05_2026_13_05,12946.30,12959.80,12945.30,12956.30,0,
04_05_2026_13_10,12957.20,12964.80,12947.00,12949.20,0,
04_05_2026_13_15,12949.00,12962.80,12943.50,12957.80,0,
04_05_2026_13_20,12958.00,12958.80,12931.00,12938.60,0,
04_05_2026_13_25,12938.80,12949.20,12914.00,12915.00,0,
04_05_2026_13_30,12914.10,12925.80,12899.70,12909.00,0,
04_05_2026_13_35,12908.30,12930.30,12897.80,12930.30,0,
04_05_2026_13_40,12929.80,12943.30,12929.50,12937.70,0,
04_05_2026_13_45,12937.50,12943.20,12933.50,12941.00,0,
04_05_2026_13_50,12942.00,12953.50,12936.80,12938.50,0,
04_05_2026_13_55,12938.20,12941.40,12922.00,12936.20,0,
04_05_2026_14_00,12936.20,12943.00,12929.50,12943.00,0,
04_05_2026_14_05,12942.60,12945.80,12925.50,12931.50,0,
04_05_2026_14_10,12931.60,12963.50,12930.80,12962.40,0,
04_05_2026_14_15,12962.80,12990.20,12961.80,12984.00,0,
04_05_2026_14_20,12983.80,12995.10,12972.10,12983.30,0,
04_05_2026_14_25,12982.70,12988.70,12973.80,12984.00,0,
04_05_2026_14_30,12983.80,12989.80,12973.70,12987.90,0,
04_05_2026_14_35,12987.20,12998.10,12983.00,12984.00,0,
04_05_2026_14_40,12984.00,12986.20,12965.40,12984.00,0,
04_05_2026_14_45,12983.80,12984.10,12962.50,12966.20,0,
04_05_2026_14_50,12967.10,12976.90,12961.90,12976.00,0,
04_05_2026_14_55,12975.90,12992.20,12967.50,12991.50,0,
04_05_2026_15_00,12991.70,12994.70,12971.20,12982.80,0,
04_05_2026_15_05,12984.70,12989.80,12977.70,12981.50,0,
04_05_2026_15_10,12982.10,12983.00,12971.90,12976.50,0,
04_05_2026_15_15,12976.90,12980.60,12962.50,12968.90,0,
04_05_2026_15_20,12971.00,12973.30,12957.50,12960.50,0,
04_05_2026_15_25,12961.90,12980.20,12954.10,12970.00,0,
05_05_2026_09_15,12950.10,12993.50,12916.50,12951.40,0,
05_05_2026_09_20,12950.50,12952.60,12910.90,12912.80,0,
05_05_2026_09_25,12912.50,12924.00,12898.00,12903.70,0,
05_05_2026_09_30,12903.10,12936.00,12895.60,12919.10,0,
05_05_2026_09_35,12917.80,12942.20,12911.20,12911.80,0,
05_05_2026_09_40,12911.50,12938.20,12901.30,12929.80,0,
05_05_2026_09_45,12928.80,12944.10,12927.30,12940.20,0,
05_05_2026_09_50,12940.50,12988.70,12928.30,12988.70,0,
05_05_2026_09_55,12987.00,13023.10,12983.80,13019.80,0,
05_05_2026_10_00,13020.70,13031.50,12991.00,12997.30,0,
05_05_2026_10_05,12997.50,12997.80,12982.50,12994.20,0,
05_05_2026_10_10,12993.80,12994.80,12978.60,12982.30,0,
05_05_2026_10_15,12981.30,12992.40,12970.80,12987.50,0,
05_05_2026_10_20,12986.90,12999.60,12976.50,12987.00,0,
05_05_2026_10_25,12987.10,12989.90,12973.70,12979.30,0,
05_05_2026_10_30,12979.20,12990.80,12973.80,12987.70,0,
05_05_2026_10_35,12987.20,12988.80,12967.50,12968.70,0,
05_05_2026_10_40,12968.70,12987.80,12961.80,12977.50,0,
05_05_2026_10_45,12977.50,12990.70,12977.50,12986.30,0,
05_05_2026_10_50,12986.10,12991.60,12974.30,12976.20,0,
05_05_2026_10_55,12976.20,12977.50,12961.80,12965.80,0,
05_05_2026_11_00,12965.70,12984.00,12960.80,12983.00,0,
05_05_2026_11_05,12981.70,12991.50,12977.30,12978.80,0,
05_05_2026_11_10,12979.50,13002.20,12979.20,12989.60,0,
05_05_2026_11_15,12990.70,13009.10,12990.20,12996.20,0,
05_05_2026_11_20,12994.10,12996.20,12970.30,12973.30,0,
05_05_2026_11_25,12973.50,12988.60,12970.80,12976.70,0,
05_05_2026_11_30,12976.70,12982.80,12967.00,12969.20,0,
05_05_2026_11_35,12968.90,12978.40,12963.50,12964.20,0,
05_05_2026_11_40,12963.80,12965.00,12926.80,12926.90,0,
05_05_2026_11_45,12927.00,12930.40,12906.40,12907.80,0,
05_05_2026_11_50,12907.80,12909.50,12886.80,12890.20,0,
05_05_2026_11_55,12888.80,12896.20,12881.00,12892.00,0,
05_05_2026_12_00,12892.00,12905.60,12889.50,12903.60,0,
05_05_2026_12_05,12903.80,12914.60,12903.50,12912.40,0,
05_05_2026_12_10,12912.50,12946.20,12912.50,12943.80,0,
05_05_2026_12_15,12943.70,12957.00,12943.00,12955.20,0,
05_05_2026_12_20,12955.10,12970.70,12954.50,12962.00,0,
05_05_2026_12_25,12961.80,12975.30,12955.20,12963.20,0,
05_05_2026_12_30,12962.80,12977.50,12961.10,12967.10,0,
05_05_2026_12_35,12968.10,12988.20,12963.80,12985.70,0,
05_05_2026_12_40,12985.90,12995.50,12978.80,12982.60,0,
05_05_2026_12_45,12982.90,12991.00,12980.50,12988.50,0,
05_05_2026_12_50,12988.80,13006.50,12988.80,13001.40,0,
05_05_2026_12_55,13001.80,13009.90,12999.00,13005.80,0,
05_05_2026_13_00,13006.40,13014.90,13006.20,13009.20,0,
05_05_2026_13_05,13009.90,13041.10,13008.90,13024.10,0,
05_05_2026_13_10,13024.20,13028.00,13008.20,13021.40,0,
05_05_2026_13_15,13021.50,13030.50,13008.20,13008.20,0,
05_05_2026_13_20,13009.70,13014.40,13002.20,13005.60,0,
05_05_2026_13_25,13006.30,13011.90,13001.50,13007.20,0,
05_05_2026_13_30,13006.50,13013.90,13001.70,13003.30,0,
05_05_2026_13_35,13002.80,13013.00,13002.80,13005.90,0,
05_05_2026_13_40,13006.20,13008.20,13000.20,13003.20,0,
05_05_2026_13_45,13002.80,13006.40,12993.70,12995.20,0,
05_05_2026_13_50,12995.20,12997.20,12982.20,12986.00,0,
05_05_2026_13_55,12985.20,12991.00,12981.20,12982.90,0,
05_05_2026_14_00,12981.70,12987.50,12979.80,12980.50,0,
05_05_2026_14_05,12980.70,12981.50,12976.30,12977.20,0,
05_05_2026_14_10,12977.50,12987.60,12976.20,12983.00,0,
05_05_2026_14_15,12983.20,12995.60,12981.30,12995.40,0,
05_05_2026_14_20,12995.60,13000.30,12987.10,12991.70,0,
05_05_2026_14_25,12992.00,13005.70,12988.50,13005.50,0,
05_05_2026_14_30,13005.40,13010.00,12997.50,13002.80,0,
05_05_2026_14_35,13003.30,13004.50,12989.10,12993.30,0,
05_05_2026_14_40,12993.40,13000.00,12989.30,12992.80,0,
05_05_2026_14_45,12993.40,12993.40,12971.70,12981.20,0,
05_05_2026_14_50,12981.30,12985.50,12973.30,12982.70,0,
05_05_2026_14_55,12983.50,12985.00,12969.80,12973.50,0,
05_05_2026_15_00,12973.60,12977.00,12967.10,12975.00,0,
05_05_2026_15_05,12975.80,12990.80,12972.80,12988.70,0,
05_05_2026_15_10,12989.00,13000.80,12983.80,12997.70,0,
05_05_2026_15_15,12998.80,13002.00,12992.20,12996.50,0,
05_05_2026_15_20,12997.60,13000.80,12989.90,12991.60,0,
05_05_2026_15_25,12991.50,13006.80,12989.40,12998.80,0,
06_05_2026_09_15,13128.20,13171.50,13108.20,13118.60,0,
06_05_2026_09_20,13119.20,13124.80,13080.50,13109.20,0,
06_05_2026_09_25,13110.30,13134.10,13100.80,13106.10,0,
06_05_2026_09_30,13105.70,13118.00,13100.20,13106.30,0,
06_05_2026_09_35,13107.20,13118.60,13095.00,13098.20,0,
06_05_2026_09_40,13099.00,13099.40,13083.20,13090.80,0,
06_05_2026_09_45,13090.80,13104.80,13090.70,13100.80,0,
06_05_2026_09_50,13100.50,13102.10,13075.30,13077.50,0,
06_05_2026_09_55,13078.20,13098.20,13076.70,13097.10,0,
06_05_2026_10_00,13097.40,13100.20,13081.30,13082.00,0,
06_05_2026_10_05,13082.10,13088.80,13070.20,13074.30,0,
06_05_2026_10_10,13074.20,13081.80,13072.70,13076.20,0,
06_05_2026_10_15,13076.70,13081.50,13064.90,13080.70,0,
06_05_2026_10_20,13081.20,13087.80,13077.70,13082.00,0,
06_05_2026_10_25,13082.50,13092.80,13076.60,13088.80,0,
06_05_2026_10_30,13087.90,13096.70,13083.40,13091.30,0,
06_05_2026_10_35,13091.20,13091.20,13078.30,13080.70,0,
06_05_2026_10_40,13081.30,13083.60,13071.00,13082.00,0,
06_05_2026_10_45,13081.90,13082.10,13068.80,13072.20,0,
06_05_2026_10_50,13072.00,13075.80,13065.50,13071.90,0,
06_05_2026_10_55,13072.00,13081.30,13070.00,13079.70,0,
06_05_2026_11_00,13080.00,13087.30,13071.70,13073.10,0,
06_05_2026_11_05,13073.50,13077.20,13069.30,13075.80,0,
06_05_2026_11_10,13076.30,13076.50,13046.30,13049.50,0,
06_05_2026_11_15,13049.30,13057.70,13034.80,13035.80,0,
06_05_2026_11_20,13035.80,13039.80,13019.20,13022.20,0,
06_05_2026_11_25,13022.50,13054.30,13021.80,13054.20,0,
06_05_2026_11_30,13054.50,13058.50,13050.20,13052.30,0,
06_05_2026_11_35,13052.30,13052.30,13035.50,13045.90,0,
06_05_2026_11_40,13046.20,13058.50,13045.50,13053.20,0,
06_05_2026_11_45,13054.20,13066.20,13051.50,13064.20,0,
06_05_2026_11_50,13064.20,13083.80,13062.40,13074.70,0,
06_05_2026_11_55,13074.80,13077.20,13067.80,13076.30,0,
06_05_2026_12_00,13076.20,13076.50,13063.60,13068.20,0,
06_05_2026_12_05,13067.50,13068.30,13051.50,13053.60,0,
06_05_2026_12_10,13055.30,13081.80,13052.80,13073.80,0,
06_05_2026_12_15,13074.50,13074.50,13056.40,13060.70,0,
06_05_2026_12_20,13060.70,13060.90,13043.00,13048.00,0,
06_05_2026_12_25,13049.20,13060.70,13047.70,13054.50,0,
06_05_2026_12_30,13055.80,13062.20,13048.00,13062.20,0,
06_05_2026_12_35,13061.00,13065.50,13048.20,13051.60,0,
06_05_2026_12_40,13051.80,13056.00,13038.50,13043.40,0,
06_05_2026_12_45,13043.20,13043.20,13034.80,13041.50,0,
06_05_2026_12_50,13041.20,13045.00,13037.00,13040.20,0,
06_05_2026_12_55,13040.80,13044.10,13038.80,13043.30,0,
06_05_2026_13_00,13043.50,13052.80,13042.90,13051.00,0,
06_05_2026_13_05,13051.00,13072.50,13049.20,13071.00,0,
06_05_2026_13_10,13071.20,13078.00,13070.50,13076.10,0,
06_05_2026_13_15,13076.00,13100.20,13074.10,13099.20,0,
06_05_2026_13_20,13099.70,13112.40,13087.30,13112.00,0,
06_05_2026_13_25,13112.20,13118.50,13098.20,13105.70,0,
06_05_2026_13_30,13106.00,13122.50,13105.50,13113.50,0,
06_05_2026_13_35,13114.40,13136.90,13113.70,13134.20,0,
06_05_2026_13_40,13135.50,13136.20,13128.10,13135.80,0,
06_05_2026_13_45,13135.90,13138.80,13129.90,13137.20,0,
06_05_2026_13_50,13137.20,13145.70,13135.50,13142.30,0,
06_05_2026_13_55,13143.00,13144.70,13132.20,13136.90,0,
06_05_2026_14_00,13137.20,13143.70,13132.90,13140.80,0,
06_05_2026_14_05,13141.00,13144.00,13134.50,13141.60,0,
06_05_2026_14_10,13141.80,13156.00,13140.30,13151.20,0,
06_05_2026_14_15,13153.20,13154.40,13135.70,13141.30,0,
06_05_2026_14_20,13141.70,13179.70,13140.20,13174.50,0,
06_05_2026_14_25,13174.50,13196.00,13174.50,13185.50,0,
06_05_2026_14_30,13185.00,13193.80,13155.70,13158.70,0,
06_05_2026_14_35,13158.70,13178.70,13137.00,13164.20,0,
06_05_2026_14_40,13164.60,13170.90,13159.50,13169.20,0,
06_05_2026_14_45,13169.80,13182.80,13167.50,13178.20,0,
06_05_2026_14_50,13176.60,13181.20,13163.20,13167.50,0,
06_05_2026_14_55,13167.90,13167.90,13152.70,13158.50,0,
06_05_2026_15_00,13157.70,13159.00,13134.00,13135.30,0,
06_05_2026_15_05,13134.30,13148.10,13117.70,13121.00,0,
06_05_2026_15_10,13122.20,13130.20,13114.70,13116.50,0,
06_05_2026_15_15,13116.70,13130.10,13108.40,13130.10,0,
06_05_2026_15_20,13130.20,13134.00,13120.20,13129.70,0,
06_05_2026_15_25,13129.80,13136.20,13122.90,13124.70,0,
07_05_2026_09_15,13182.30,13194.80,13129.80,13169.00,0,
07_05_2026_09_20,13168.50,13240.50,13165.30,13210.00,0,
07_05_2026_09_25,13209.50,13214.90,13189.00,13198.50,0,
07_05_2026_09_30,13198.60,13208.50,13187.30,13204.00,0,
07_05_2026_09_35,13204.50,13218.30,13196.60,13201.70,0,
07_05_2026_09_40,13201.80,13246.00,13199.10,13242.80,0,
07_05_2026_09_45,13241.50,13256.20,13215.70,13216.30,0,
07_05_2026_09_50,13215.70,13232.30,13205.40,13214.80,0,
07_05_2026_09_55,13215.50,13222.50,13199.80,13208.50,0,
07_05_2026_10_00,13208.00,13218.00,13202.00,13211.90,0,
07_05_2026_10_05,13212.20,13216.00,13190.70,13200.80,0,
07_05_2026_10_10,13201.20,13208.20,13188.10,13190.70,0,
07_05_2026_10_15,13191.10,13198.20,13177.10,13186.50,0,
07_05_2026_10_20,13186.50,13188.20,13167.50,13173.60,0,
07_05_2026_10_25,13172.70,13209.50,13171.20,13197.50,0,
07_05_2026_10_30,13197.80,13220.70,13197.20,13212.50,0,
07_05_2026_10_35,13212.50,13217.70,13210.30,13214.20,0,
07_05_2026_10_40,13215.10,13215.10,13200.70,13213.30,0,
07_05_2026_10_45,13213.20,13222.80,13210.00,13210.50,0,
07_05_2026_10_50,13211.10,13213.20,13198.80,13203.50,0,
07_05_2026_10_55,13203.80,13215.30,13202.00,13204.50,0,
07_05_2026_11_00,13205.00,13208.70,13191.00,13198.20,0,
07_05_2026_11_05,13198.30,13204.80,13191.70,13196.50,0,
07_05_2026_11_10,13197.00,13204.00,13184.60,13204.00,0,
07_05_2026_11_15,13204.00,13216.00,13203.80,13210.10,0,
07_05_2026_11_20,13210.00,13213.80,13204.80,13207.80,0,
07_05_2026_11_25,13207.70,13209.00,13197.20,13206.80,0,
07_05_2026_11_30,13206.70,13226.70,13204.50,13204.80,0,
07_05_2026_11_35,13205.10,13206.20,13173.00,13173.80,0,
07_05_2026_11_40,13174.50,13188.20,13174.50,13179.10,0,
07_05_2026_11_45,13178.40,13196.20,13176.00,13195.40,0,
07_05_2026_11_50,13195.80,13211.10,13195.80,13210.30,0,
07_05_2026_11_55,13210.50,13226.30,13207.80,13220.80,0,
07_05_2026_12_00,13220.00,13232.80,13218.50,13229.80,0,
07_05_2026_12_05,13229.90,13231.70,13220.80,13221.20,0,
07_05_2026_12_10,13221.50,13242.60,13219.60,13237.80,0,
07_05_2026_12_15,13237.40,13244.50,13223.40,13225.20,0,
07_05_2026_12_20,13225.10,13232.40,13222.10,13224.50,0,
07_05_2026_12_25,13224.20,13230.00,13217.50,13218.20,0,
07_05_2026_12_30,13217.80,13222.20,13204.40,13216.00,0,
07_05_2026_12_35,13216.50,13245.80,13215.50,13243.20,0,
07_05_2026_12_40,13243.50,13248.30,13239.80,13239.80,0,
07_05_2026_12_45,13239.50,13241.30,13226.00,13236.00,0,
07_05_2026_12_50,13233.80,13235.00,13210.80,13216.20,0,
07_05_2026_12_55,13216.20,13223.70,13207.50,13217.00,0,
07_05_2026_13_00,13217.20,13225.60,13192.70,13194.80,0,
07_05_2026_13_05,13195.50,13205.10,13191.80,13193.00,0,
07_05_2026_13_10,13193.20,13193.20,13179.20,13188.90,0,
07_05_2026_13_15,13188.70,13191.80,13151.20,13166.20,0,
07_05_2026_13_20,13168.30,13179.50,13166.40,13171.30,0,
07_05_2026_13_25,13172.20,13184.70,13170.00,13177.10,0,
07_05_2026_13_30,13177.20,13191.20,13176.00,13190.50,0,
07_05_2026_13_35,13190.70,13193.20,13179.90,13183.50,0,
07_05_2026_13_40,13184.30,13192.70,13182.80,13185.50,0,
07_05_2026_13_45,13184.10,13185.70,13176.20,13180.20,0,
07_05_2026_13_50,13180.50,13180.70,13176.20,13179.80,0,
07_05_2026_13_55,13180.20,13187.80,13171.00,13187.10,0,
07_05_2026_14_00,13188.00,13189.50,13182.00,13183.90,0,
07_05_2026_14_05,13183.70,13188.90,13177.30,13188.90,0,
07_05_2026_14_10,13189.00,13196.50,13187.20,13194.50,0,
07_05_2026_14_15,13194.20,13196.30,13184.50,13192.50,0,
07_05_2026_14_20,13192.20,13199.50,13187.40,13199.00,0,
07_05_2026_14_25,13199.20,13200.30,13192.50,13198.00,0,
07_05_2026_14_30,13198.00,13202.30,13190.40,13195.50,0,
07_05_2026_14_35,13195.10,13197.20,13185.20,13191.50,0,
07_05_2026_14_40,13191.70,13199.30,13189.70,13191.50,0,
07_05_2026_14_45,13192.70,13195.20,13180.70,13184.60,0,
07_05_2026_14_50,13184.50,13186.80,13178.90,13178.90,0,
07_05_2026_14_55,13179.30,13183.80,13176.10,13178.30,0,
07_05_2026_15_00,13179.90,13187.80,13167.30,13169.90,0,
07_05_2026_15_05,13170.40,13171.80,13159.30,13163.30,0,
07_05_2026_15_10,13163.70,13164.70,13154.20,13158.80,0,
07_05_2026_15_15,13159.20,13165.20,13155.70,13164.30,0,
07_05_2026_15_20,13163.30,13168.60,13158.00,13167.00,0,
07_05_2026_15_25,13166.30,13175.00,13152.80,13164.00,0,
08_05_2026_09_15,13152.80,13167.20,13096.70,13103.80,0,
08_05_2026_09_20,13105.10,13132.90,13066.60,13070.40,0,
08_05_2026_09_25,13070.00,13114.80,13063.00,13114.80,0,
08_05_2026_09_30,13115.50,13115.50,13087.80,13104.80,0,
08_05_2026_09_35,13104.90,13110.20,13092.50,13099.70,0,
08_05_2026_09_40,13099.70,13099.70,13070.50,13072.30,0,
08_05_2026_09_45,13072.60,13077.30,13056.30,13069.30,0,
08_05_2026_09_50,13070.80,13077.30,13056.80,13074.20,0,
08_05_2026_09_55,13074.20,13097.50,13068.70,13081.90,0,
08_05_2026_10_00,13082.50,13095.00,13078.00,13085.50,0,
08_05_2026_10_05,13085.20,13088.80,13079.20,13082.80,0,
08_05_2026_10_10,13082.20,13083.50,13061.50,13079.00,0,
08_05_2026_10_15,13079.00,13079.30,13061.80,13072.00,0,
08_05_2026_10_20,13072.30,13095.30,13070.70,13094.30,0,
08_05_2026_10_25,13095.00,13102.00,13087.70,13097.70,0,
08_05_2026_10_30,13097.80,13107.50,13097.20,13105.50,0,
08_05_2026_10_35,13105.00,13105.70,13098.80,13101.80,0,
08_05_2026_10_40,13102.70,13122.30,13100.60,13116.00,0,
08_05_2026_10_45,13115.80,13128.50,13113.10,13118.30,0,
08_05_2026_10_50,13118.30,13118.50,13093.80,13095.30,0,
08_05_2026_10_55,13095.70,13101.20,13093.30,13093.30,0,
08_05_2026_11_00,13093.50,13108.70,13090.90,13106.20,0,
08_05_2026_11_05,13106.00,13116.20,13098.50,13099.30,0,
08_05_2026_11_10,13099.10,13109.10,13097.80,13106.10,0,
08_05_2026_11_15,13106.10,13110.40,13091.80,13092.20,0,
08_05_2026_11_20,13092.40,13101.10,13089.30,13093.90,0,
08_05_2026_11_25,13094.20,13103.20,13092.20,13094.90,0,
08_05_2026_11_30,13095.20,13115.60,13094.70,13111.00,0,
08_05_2026_11_35,13111.20,13113.20,13100.00,13103.00,0,
08_05_2026_11_40,13103.70,13123.70,13103.70,13116.00,0,
08_05_2026_11_45,13116.30,13127.00,13112.80,13117.20,0,
08_05_2026_11_50,13118.30,13121.70,13105.20,13106.00,0,
08_05_2026_11_55,13106.80,13106.80,13086.30,13101.40,0,
08_05_2026_12_00,13101.40,13117.80,13091.80,13116.30,0,
08_05_2026_12_05,13116.70,13127.30,13110.00,13112.70,0,
08_05_2026_12_10,13112.30,13119.40,13108.60,13112.40,0,
08_05_2026_12_15,13112.80,13114.70,13099.00,13100.80,0,
08_05_2026_12_20,13101.70,13112.90,13100.00,13105.20,0,
08_05_2026_12_25,13105.30,13117.00,13105.30,13107.70,0,
08_05_2026_12_30,13108.80,13108.80,13078.70,13081.60,0,
08_05_2026_12_35,13081.50,13083.70,13066.00,13067.00,0,
08_05_2026_12_40,13067.00,13071.70,13065.80,13067.00,0,
08_05_2026_12_45,13067.20,13067.50,13051.30,13064.50,0,
08_05_2026_12_50,13064.50,13066.20,13046.60,13047.30,0,
08_05_2026_12_55,13048.00,13055.60,13037.50,13053.50,0,
08_05_2026_13_00,13053.50,13063.80,13053.00,13059.20,0,
08_05_2026_13_05,13059.20,13064.30,13046.90,13052.80,0,
08_05_2026_13_10,13052.90,13068.00,13052.60,13062.40,0,
08_05_2026_13_15,13062.40,13063.30,13054.40,13057.00,0,
08_05_2026_13_20,13057.50,13062.80,13055.50,13060.80,0,
08_05_2026_13_25,13061.20,13077.50,13059.20,13074.50,0,
08_05_2026_13_30,13075.00,13079.60,13053.20,13054.00,0,
08_05_2026_13_35,13054.40,13056.00,13037.10,13044.50,0,
08_05_2026_13_40,13046.40,13054.60,13042.40,13049.50,0,
08_05_2026_13_45,13048.90,13051.20,13043.50,13044.90,0,
08_05_2026_13_50,13045.40,13063.00,13040.70,13057.20,0,
08_05_2026_13_55,13056.70,13059.40,13030.40,13039.30,0,
08_05_2026_14_00,13038.60,13055.70,13036.40,13054.50,0,
08_05_2026_14_05,13053.00,13060.80,13048.90,13057.40,0,
08_05_2026_14_10,13057.30,13060.50,13042.30,13044.50,0,
08_05_2026_14_15,13044.20,13053.70,13042.20,13045.60,0,
08_05_2026_14_20,13045.80,13048.50,13039.80,13043.70,0,
08_05_2026_14_25,13044.00,13064.50,13043.60,13064.30,0,
08_05_2026_14_30,13064.50,13092.50,13061.50,13086.20,0,
08_05_2026_14_35,13087.20,13101.20,13083.80,13097.00,0,
08_05_2026_14_40,13097.00,13104.80,13094.00,13103.50,0,
08_05_2026_14_45,13103.60,13103.80,13093.20,13097.20,0,
08_05_2026_14_50,13097.20,13100.70,13094.50,13098.30,0,
08_05_2026_14_55,13098.70,13099.10,13080.30,13085.90,0,
08_05_2026_15_00,13084.80,13084.80,13057.50,13061.20,0,
08_05_2026_15_05,13061.80,13065.70,13050.50,13051.50,0,
08_05_2026_15_10,13051.70,13057.30,13042.30,13047.40,0,
08_05_2026_15_15,13047.30,13057.50,13041.20,13048.60,0,
08_05_2026_15_20,13048.50,13051.50,13041.30,13041.80,0,
08_05_2026_15_25,13042.90,13053.50,13035.30,13049.00,0,
11_05_2026_09_15,13003.30,13036.80,12932.20,13025.30,0,
11_05_2026_09_20,13025.30,13025.40,12983.20,12998.80,0,
11_05_2026_09_25,12998.20,13000.20,12969.10,12993.20,0,
11_05_2026_09_30,12993.10,13005.10,12977.30,12989.20,0,
11_05_2026_09_35,12991.10,12992.20,12943.70,12951.70,0,
11_05_2026_09_40,12951.20,12966.50,12943.00,12959.20,0,
11_05_2026_09_45,12960.80,12970.20,12936.40,12969.10,0,
11_05_2026_09_50,12969.00,12998.80,12964.80,12991.20,0,
11_05_2026_09_55,12991.30,12993.70,12970.00,12978.70,0,
11_05_2026_10_00,12978.80,12994.80,12970.30,12987.80,0,
11_05_2026_10_05,12987.90,12992.80,12979.90,12984.30,0,
11_05_2026_10_10,12984.50,12996.00,12977.70,12979.80,0,
11_05_2026_10_15,12980.40,12987.50,12953.30,12955.70,0,
11_05_2026_10_20,12955.10,12979.30,12947.50,12975.00,0,
11_05_2026_10_25,12975.60,12975.60,12957.50,12960.30,0,
11_05_2026_10_30,12960.50,12960.80,12942.90,12946.60,0,
11_05_2026_10_35,12947.10,12953.70,12939.50,12950.00,0,
11_05_2026_10_40,12950.50,12953.60,12945.00,12953.00,0,
11_05_2026_10_45,12953.10,12963.50,12948.20,12959.00,0,
11_05_2026_10_50,12958.20,12976.00,12955.40,12974.70,0,
11_05_2026_10_55,12974.70,12985.60,12969.00,12974.50,0,
11_05_2026_11_00,12974.10,12980.00,12968.30,12974.40,0,
11_05_2026_11_05,12974.30,12982.00,12973.80,12978.80,0,
11_05_2026_11_10,12978.80,12988.70,12974.90,12977.00,0,
11_05_2026_11_15,12977.60,12982.20,12974.50,12977.00,0,
11_05_2026_11_20,12977.50,12982.10,12972.90,12976.70,0,
11_05_2026_11_25,12976.80,12985.50,12958.90,12981.20,0,
11_05_2026_11_30,12980.70,12987.30,12967.70,12969.90,0,
11_05_2026_11_35,12970.00,12978.20,12966.50,12972.30,0,
11_05_2026_11_40,12972.30,12995.50,12971.80,12992.50,0,
11_05_2026_11_45,12992.50,12997.60,12981.70,12982.20,0,
11_05_2026_11_50,12982.20,12986.00,12976.90,12981.90,0,
11_05_2026_11_55,12981.80,12982.00,12967.20,12972.20,0,
11_05_2026_12_00,12972.70,12982.20,12966.70,12967.50,0,
11_05_2026_12_05,12968.80,12977.20,12962.60,12974.40,0,
11_05_2026_12_10,12974.50,12990.20,12972.50,12981.80,0,
11_05_2026_12_15,12981.80,12982.60,12969.00,12973.80,0,
11_05_2026_12_20,12973.80,12979.90,12966.10,12979.90,0,
11_05_2026_12_25,12980.00,12981.00,12973.20,12976.80,0,
11_05_2026_12_30,12976.70,12977.90,12961.80,12970.80,0,
11_05_2026_12_35,12971.50,12980.60,12958.90,12969.20,0,
11_05_2026_12_40,12969.80,12992.80,12969.50,12989.00,0,
11_05_2026_12_45,12989.00,12990.70,12974.30,12978.40,0,
11_05_2026_12_50,12978.30,12981.00,12969.20,12973.40,0,
11_05_2026_12_55,12973.20,12979.30,12973.20,12976.50,0,
11_05_2026_13_00,12976.40,12979.70,12968.70,12970.90,0,
11_05_2026_13_05,12971.20,12975.00,12953.70,12974.60,0,
11_05_2026_13_10,12974.10,12980.20,12969.60,12979.30,0,
11_05_2026_13_15,12979.30,12982.20,12966.20,12966.20,0,
11_05_2026_13_20,12967.90,12977.50,12967.90,12974.00,0,
11_05_2026_13_25,12974.80,12976.70,12970.30,12974.60,0,
11_05_2026_13_30,12975.80,12985.20,12973.60,12984.80,0,
11_05_2026_13_35,12985.10,13015.50,12984.40,12985.90,0,
11_05_2026_13_40,12985.80,12994.90,12978.00,12991.70,0,
11_05_2026_13_45,12991.80,13011.10,12991.50,13005.20,0,
11_05_2026_13_50,13005.30,13009.30,12998.60,13007.00,0,
11_05_2026_13_55,13007.10,13008.00,12994.90,12998.80,0,
11_05_2026_14_00,12998.50,13004.00,12992.40,12996.30,0,
11_05_2026_14_05,12996.30,13000.80,12993.90,12997.90,0,
11_05_2026_14_10,12998.10,13002.10,12982.80,12983.60,0,
11_05_2026_14_15,12984.70,12989.90,12977.50,12980.00,0,
11_05_2026_14_20,12980.50,12988.40,12980.50,12981.70,0,
11_05_2026_14_25,12981.00,12998.60,12980.20,12988.30,0,
11_05_2026_14_30,12988.20,13011.40,12985.40,13010.40,0,
11_05_2026_14_35,13011.00,13015.00,12993.40,12994.50,0,
11_05_2026_14_40,12995.10,13002.30,12988.50,12988.50,0,
11_05_2026_14_45,12988.20,12990.10,12964.20,12964.30,0,
11_05_2026_14_50,12964.00,12975.30,12961.00,12961.10,0,
11_05_2026_14_55,12961.10,12962.80,12951.20,12952.00,0,
11_05_2026_15_00,12952.80,12953.20,12916.80,12922.80,0,
11_05_2026_15_05,12924.20,12930.00,12917.80,12928.00,0,
11_05_2026_15_10,12928.20,12928.70,12919.40,12922.00,0,
11_05_2026_15_15,12922.20,12934.20,12920.80,12926.30,0,
11_05_2026_15_20,12926.90,12930.50,12914.60,12921.80,0,
11_05_2026_15_25,12921.20,12937.80,12917.60,12929.50,0,
12_05_2026_09_15,12946.30,13043.00,12942.80,13022.00,0,
12_05_2026_09_20,13023.00,13023.60,12997.80,13006.50,0,
12_05_2026_09_25,13005.50,13007.10,12968.60,12968.60,0,
12_05_2026_09_30,12967.20,12979.40,12954.00,12964.70,0,
12_05_2026_09_35,12964.80,12978.80,12959.40,12968.10,0,
12_05_2026_09_40,12968.20,12992.70,12967.90,12987.00,0,
12_05_2026_09_45,12986.40,13026.30,12985.60,13006.40,0,
12_05_2026_09_50,13006.70,13008.80,12995.80,12999.80,0,
12_05_2026_09_55,13000.10,13001.00,12972.10,12981.30,0,
12_05_2026_10_00,12981.30,12996.20,12975.70,12988.50,0,
12_05_2026_10_05,12989.80,12990.50,12979.80,12983.30,0,
12_05_2026_10_10,12983.80,12998.60,12978.70,12994.00,0,
12_05_2026_10_15,12995.50,13019.30,12993.50,13017.30,0,
12_05_2026_10_20,13018.20,13021.20,12997.20,12999.30,0,
12_05_2026_10_25,13000.20,13011.20,12991.10,12996.00,0,
12_05_2026_10_30,12995.50,12996.00,12972.80,12974.70,0,
12_05_2026_10_35,12974.90,12995.30,12973.60,12992.80,0,
12_05_2026_10_40,12994.10,13073.70,12992.50,13072.30,0,
12_05_2026_10_45,13075.50,13076.70,13054.20,13058.70,0,
12_05_2026_10_50,13057.30,13067.40,13036.20,13050.80,0,
12_05_2026_10_55,13050.80,13069.00,13048.50,13064.30,0,
12_05_2026_11_00,13064.10,13066.30,13029.50,13035.70,0,
12_05_2026_11_05,13035.00,13043.70,13029.20,13034.50,0,
12_05_2026_11_10,13035.50,13038.70,13012.00,13017.10,0,
12_05_2026_11_15,13016.70,13029.50,13007.80,13028.50,0,
12_05_2026_11_20,13028.00,13028.90,13007.70,13011.30,0,
12_05_2026_11_25,13012.50,13020.80,13010.00,13019.00,0,
12_05_2026_11_30,13019.20,13020.00,12998.60,13009.50,0,
12_05_2026_11_35,13010.50,13010.70,12997.00,13008.80,0,
12_05_2026_11_40,13009.00,13017.40,13006.50,13011.10,0,
12_05_2026_11_45,13011.00,13013.00,12984.00,12986.80,0,
12_05_2026_11_50,12987.00,12991.60,12976.20,12989.00,0,
12_05_2026_11_55,12989.20,12992.50,12973.80,12975.00,0,
12_05_2026_12_00,12975.00,12975.30,12958.90,12963.30,0,
12_05_2026_12_05,12963.90,12970.00,12953.20,12959.80,0,
12_05_2026_12_10,12961.00,12967.80,12953.50,12956.20,0,
12_05_2026_12_15,12955.50,12971.30,12953.20,12970.50,0,
12_05_2026_12_20,12969.60,12969.60,12947.20,12952.30,0,
12_05_2026_12_25,12951.90,12952.50,12935.50,12937.50,0,
12_05_2026_12_30,12937.50,12937.50,12906.80,12909.60,0,
12_05_2026_12_35,12909.30,12917.90,12901.30,12907.30,0,
12_05_2026_12_40,12909.30,12925.20,12906.20,12923.50,0,
12_05_2026_12_45,12923.90,12940.00,12923.90,12928.70,0,
12_05_2026_12_50,12929.30,12930.20,12920.60,12923.00,0,
12_05_2026_12_55,12924.50,12936.50,12924.50,12932.40,0,
12_05_2026_13_00,12933.70,12941.80,12933.50,12940.00,0,
12_05_2026_13_05,12940.00,12940.40,12921.20,12921.20,0,
12_05_2026_13_10,12922.20,12941.20,12921.30,12940.00,0,
12_05_2026_13_15,12940.70,12945.30,12935.00,12941.50,0,
12_05_2026_13_20,12941.00,12941.80,12931.90,12934.40,0,
12_05_2026_13_25,12935.70,12947.80,12930.50,12947.00,0,
12_05_2026_13_30,12948.00,12956.80,12941.50,12941.50,0,
12_05_2026_13_35,12943.30,12945.20,12929.80,12931.40,0,
12_05_2026_13_40,12933.10,12936.20,12920.80,12928.60,0,
12_05_2026_13_45,12928.70,12932.30,12918.20,12928.40,0,
12_05_2026_13_50,12928.80,12934.30,12911.00,12911.50,0,
12_05_2026_13_55,12912.00,12923.30,12909.20,12916.30,0,
12_05_2026_14_00,12916.40,12916.80,12904.00,12906.20,0,
12_05_2026_14_05,12906.50,12915.20,12902.20,12903.00,0,
12_05_2026_14_10,12901.70,12904.70,12891.80,12895.70,0,
12_05_2026_14_15,12896.30,12913.20,12894.50,12904.30,0,
12_05_2026_14_20,12905.70,12938.80,12902.00,12935.20,0,
12_05_2026_14_25,12936.70,12937.60,12914.10,12927.70,0,
12_05_2026_14_30,12927.20,12931.10,12902.20,12902.20,0,
12_05_2026_14_35,12901.50,12929.70,12899.60,12923.00,0,
12_05_2026_14_40,12923.70,12930.80,12916.00,12919.90,0,
12_05_2026_14_45,12921.00,12927.40,12908.80,12911.20,0,
12_05_2026_14_50,12910.70,12921.40,12898.30,12904.80,0,
12_05_2026_14_55,12906.00,12906.70,12891.40,12898.00,0,
12_05_2026_15_00,12898.80,12898.80,12872.30,12878.50,0,
12_05_2026_15_05,12877.70,12878.50,12866.30,12877.00,0,
12_05_2026_15_10,12878.00,12880.40,12865.30,12870.20,0,
12_05_2026_15_15,12869.80,12897.70,12868.10,12896.00,0,
12_05_2026_15_20,12895.50,12895.70,12873.50,12884.70,0,
12_05_2026_15_25,12883.40,12903.90,12879.00,12886.60,0,
13_05_2026_09_15,12956.20,13074.80,12949.20,13025.80,0,
13_05_2026_09_20,13024.30,13072.00,13023.50,13061.20,0,
13_05_2026_09_25,13063.30,13064.40,13024.60,13043.80,0,
13_05_2026_09_30,13044.60,13076.20,13036.70,13037.30,0,
13_05_2026_09_35,13037.60,13041.00,12991.00,13008.70,0,
13_05_2026_09_40,13008.70,13023.00,12995.70,13008.80,0,
13_05_2026_09_45,13008.30,13038.80,13007.60,13025.30,0,
13_05_2026_09_50,13025.30,13067.00,13024.40,13061.80,0,
13_05_2026_09_55,13061.20,13063.60,13042.50,13063.30,0,
13_05_2026_10_00,13064.20,13106.30,13060.50,13103.00,0,
13_05_2026_10_05,13103.80,13113.30,13093.20,13110.50,0,
13_05_2026_10_10,13110.30,13121.20,13100.20,13117.50,0,
13_05_2026_10_15,13116.50,13149.20,13116.50,13144.00,0,
13_05_2026_10_20,13144.30,13172.20,13137.00,13171.30,0,
13_05_2026_10_25,13171.30,13203.00,13170.50,13192.30,0,
13_05_2026_10_30,13193.80,13213.20,13191.00,13209.30,0,
13_05_2026_10_35,13208.80,13213.30,13194.70,13195.00,0,
13_05_2026_10_40,13195.60,13235.30,13195.60,13229.20,0,
13_05_2026_10_45,13228.80,13231.70,13217.00,13219.00,0,
13_05_2026_10_50,13219.00,13234.30,13217.50,13225.50,0,
13_05_2026_10_55,13225.70,13227.50,13184.20,13186.00,0,
13_05_2026_11_00,13183.80,13212.50,13180.80,13211.70,0,
13_05_2026_11_05,13211.50,13230.50,13203.20,13222.10,0,
13_05_2026_11_10,13222.10,13222.10,13186.50,13190.60,0,
13_05_2026_11_15,13191.00,13209.80,13187.00,13204.80,0,
13_05_2026_11_20,13205.20,13214.30,13196.00,13209.40,0,
13_05_2026_11_25,13209.20,13216.50,13195.40,13201.80,0,
13_05_2026_11_30,13201.50,13208.20,13191.90,13204.70,0,
13_05_2026_11_35,13204.30,13207.30,13193.20,13204.70,0,
13_05_2026_11_40,13206.50,13226.70,13204.10,13211.00,0,
13_05_2026_11_45,13210.20,13225.50,13208.20,13218.60,0,
13_05_2026_11_50,13218.20,13231.20,13217.00,13220.80,0,
13_05_2026_11_55,13220.50,13229.50,13219.50,13222.50,0,
13_05_2026_12_00,13222.10,13253.00,13221.20,13249.90,0,
13_05_2026_12_05,13248.00,13256.80,13239.10,13240.70,0,
13_05_2026_12_10,13240.50,13245.00,13226.50,13240.40,0,
13_05_2026_12_15,13240.30,13248.30,13226.30,13246.30,0,
13_05_2026_12_20,13244.00,13244.00,13231.50,13234.30,0,
13_05_2026_12_25,13234.00,13240.30,13228.70,13234.80,0,
13_05_2026_12_30,13233.60,13255.20,13233.60,13240.80,0,
13_05_2026_12_35,13241.00,13243.80,13224.50,13226.50,0,
13_05_2026_12_40,13227.00,13230.20,13211.30,13229.80,0,
13_05_2026_12_45,13229.20,13240.90,13227.20,13236.50,0,
13_05_2026_12_50,13236.80,13264.00,13235.60,13255.80,0,
13_05_2026_12_55,13255.50,13280.00,13255.20,13278.60,0,
13_05_2026_13_00,13278.60,13285.80,13265.70,13276.00,0,
13_05_2026_13_05,13275.20,13295.00,13273.00,13286.20,0,
13_05_2026_13_10,13286.00,13296.00,13282.30,13295.00,0,
13_05_2026_13_15,13295.10,13295.30,13268.70,13273.50,0,
13_05_2026_13_20,13274.00,13287.40,13273.30,13282.20,0,
13_05_2026_13_25,13282.30,13282.80,13269.00,13275.50,0,
13_05_2026_13_30,13275.00,13301.70,13274.20,13294.30,0,
13_05_2026_13_35,13294.30,13300.10,13283.60,13290.50,0,
13_05_2026_13_40,13290.50,13294.50,13277.60,13279.30,0,
13_05_2026_13_45,13278.70,13293.00,13274.00,13278.30,0,
13_05_2026_13_50,13278.00,13280.30,13272.50,13273.00,0,
13_05_2026_13_55,13272.60,13273.20,13255.00,13267.60,0,
13_05_2026_14_00,13267.40,13278.00,13255.00,13261.80,0,
13_05_2026_14_05,13262.00,13281.50,13262.00,13281.50,0,
13_05_2026_14_10,13281.80,13290.10,13279.00,13287.80,0,
13_05_2026_14_15,13288.00,13290.20,13276.80,13280.80,0,
13_05_2026_14_20,13280.60,13295.80,13264.80,13294.20,0,
13_05_2026_14_25,13293.00,13298.90,13281.40,13294.50,0,
13_05_2026_14_30,13294.70,13333.20,13294.00,13332.30,0,
13_05_2026_14_35,13332.00,13340.10,13306.50,13338.20,0,
13_05_2026_14_40,13339.30,13339.40,13315.70,13316.50,0,
13_05_2026_14_45,13315.70,13327.00,13305.90,13321.50,0,
13_05_2026_14_50,13321.30,13336.50,13317.50,13335.80,0,
13_05_2026_14_55,13336.50,13344.10,13324.60,13324.60,0,
13_05_2026_15_00,13325.00,13326.00,13278.10,13281.90,0,
13_05_2026_15_05,13282.20,13298.50,13275.40,13297.10,0,
13_05_2026_15_10,13297.40,13301.80,13289.70,13297.70,0,
13_05_2026_15_15,13297.60,13306.20,13294.40,13297.70,0,
13_05_2026_15_20,13298.40,13298.90,13276.70,13289.80,0,
13_05_2026_15_25,13289.70,13319.70,13278.30,13319.70,0,
14_05_2026_09_15,13425.80,13460.80,13375.30,13422.20,0,
14_05_2026_09_20,13420.20,13497.70,13418.50,13476.50,0,
14_05_2026_09_25,13476.00,13515.80,13455.30,13513.40,0,
14_05_2026_09_30,13513.70,13519.70,13500.70,13508.40,0,
14_05_2026_09_35,13508.20,13560.20,13503.00,13539.80,0,
14_05_2026_09_40,13539.70,13548.00,13508.80,13521.50,0,
14_05_2026_09_45,13523.80,13546.80,13518.50,13520.20,0,
14_05_2026_09_50,13521.00,13521.20,13468.30,13470.20,0,
14_05_2026_09_55,13471.00,13479.50,13444.60,13461.50,0,
14_05_2026_10_00,13460.50,13468.00,13439.80,13456.30,0,
14_05_2026_10_05,13457.50,13471.00,13441.70,13458.80,0,
14_05_2026_10_10,13458.20,13475.80,13455.70,13470.80,0,
14_05_2026_10_15,13472.60,13494.30,13463.70,13493.80,0,
14_05_2026_10_20,13494.20,13498.70,13474.30,13485.50,0,
14_05_2026_10_25,13486.20,13501.50,13481.00,13487.50,0,
14_05_2026_10_30,13487.50,13501.00,13486.50,13500.30,0,
14_05_2026_10_35,13500.40,13528.40,13499.40,13526.70,0,
14_05_2026_10_40,13528.20,13530.30,13503.00,13506.40,0,
14_05_2026_10_45,13506.40,13508.20,13456.60,13459.20,0,
14_05_2026_10_50,13459.80,13492.80,13455.00,13490.10,0,
14_05_2026_10_55,13490.70,13490.80,13455.80,13456.00,0,
14_05_2026_11_00,13458.20,13465.50,13450.40,13450.40,0,
14_05_2026_11_05,13451.80,13451.80,13421.30,13437.50,0,
14_05_2026_11_10,13437.00,13456.80,13428.30,13456.20,0,
14_05_2026_11_15,13456.40,13475.20,13455.60,13475.20,0,
14_05_2026_11_20,13475.50,13483.50,13472.00,13480.30,0,
14_05_2026_11_25,13481.90,13493.60,13475.00,13486.00,0,
14_05_2026_11_30,13487.10,13510.50,13486.50,13508.20,0,
14_05_2026_11_35,13509.00,13526.00,13497.50,13521.80,0,
14_05_2026_11_40,13522.50,13535.50,13512.50,13531.00,0,
14_05_2026_11_45,13531.70,13533.30,13511.80,13517.80,0,
14_05_2026_11_50,13516.70,13525.80,13511.00,13515.60,0,
14_05_2026_11_55,13517.00,13542.70,13515.30,13541.50,0,
14_05_2026_12_00,13541.30,13542.20,13517.30,13524.20,0,
14_05_2026_12_05,13524.80,13535.30,13517.30,13531.00,0,
14_05_2026_12_10,13530.50,13545.80,13528.50,13545.20,0,
14_05_2026_12_15,13546.80,13558.40,13546.30,13547.40,0,
14_05_2026_12_20,13547.00,13553.90,13545.40,13550.80,0,
14_05_2026_12_25,13551.50,13552.50,13543.00,13551.50,0,
14_05_2026_12_30,13552.20,13557.80,13538.80,13540.00,0,
14_05_2026_12_35,13540.50,13546.10,13530.20,13538.70,0,
14_05_2026_12_40,13539.30,13542.20,13537.30,13542.20,0,
14_05_2026_12_45,13542.30,13548.30,13535.80,13546.10,0,
14_05_2026_12_50,13546.70,13546.70,13523.20,13532.80,0,
14_05_2026_12_55,13533.00,13533.70,13512.50,13519.20,0,
14_05_2026_13_00,13519.80,13544.70,13517.90,13544.40,0,
14_05_2026_13_05,13545.10,13547.50,13531.30,13534.30,0,
14_05_2026_13_10,13535.20,13538.00,13522.50,13523.00,0,
14_05_2026_13_15,13523.20,13530.30,13520.80,13524.30,0,
14_05_2026_13_20,13525.00,13531.30,13509.00,13509.30,0,
14_05_2026_13_25,13510.00,13516.40,13505.50,13506.20,0,
14_05_2026_13_30,13507.60,13527.70,13506.00,13523.80,0,
14_05_2026_13_35,13524.50,13542.30,13522.80,13536.40,0,
14_05_2026_13_40,13536.80,13548.80,13534.60,13545.80,0,
14_05_2026_13_45,13546.40,13560.80,13546.40,13555.40,0,
14_05_2026_13_50,13555.00,13557.70,13540.20,13547.10,0,
14_05_2026_13_55,13547.10,13550.00,13545.50,13548.00,0,
14_05_2026_14_00,13547.70,13559.20,13545.60,13555.00,0,
14_05_2026_14_05,13555.60,13565.90,13552.80,13562.40,0,
14_05_2026_14_10,13562.60,13573.60,13558.30,13561.10,0,
14_05_2026_14_15,13562.80,13565.20,13551.10,13552.60,0,
14_05_2026_14_20,13553.30,13558.30,13542.80,13550.10,0,
14_05_2026_14_25,13550.50,13574.90,13549.80,13572.00,0,
14_05_2026_14_30,13571.80,13580.00,13563.50,13573.70,0,
14_05_2026_14_35,13576.20,13576.20,13555.30,13566.30,0,
14_05_2026_14_40,13566.20,13567.70,13551.50,13557.00,0,
14_05_2026_14_45,13557.50,13557.50,13536.60,13536.70,0,
14_05_2026_14_50,13536.20,13545.20,13531.00,13537.90,0,
14_05_2026_14_55,13538.50,13552.20,13529.00,13548.50,0,
14_05_2026_15_00,13547.20,13563.50,13541.70,13560.30,0,
14_05_2026_15_05,13560.60,13565.00,13543.60,13549.80,0,
14_05_2026_15_10,13549.50,13571.40,13547.00,13563.50,0,
14_05_2026_15_15,13564.00,13572.50,13561.50,13568.50,0,
14_05_2026_15_20,13568.00,13569.70,13561.30,13563.50,0,
14_05_2026_15_25,13563.20,13572.80,13554.70,13561.60,0,
15_05_2026_09_15,13620.80,13620.80,13390.20,13405.00,0,
15_05_2026_09_20,13405.50,13429.00,13384.80,13394.00,0,
15_05_2026_09_25,13391.80,13454.10,13378.30,13429.40,0,
15_05_2026_09_30,13429.50,13430.70,13368.50,13370.90,0,
15_05_2026_09_35,13371.70,13402.00,13362.60,13400.50,0,
15_05_2026_09_40,13399.00,13444.50,13395.40,13444.00,0,
15_05_2026_09_45,13446.00,13470.40,13438.70,13452.00,0,
15_05_2026_09_50,13451.90,13479.90,13450.00,13472.70,0,
15_05_2026_09_55,13472.20,13481.40,13462.40,13474.60,0,
15_05_2026_10_00,13474.40,13478.60,13450.00,13466.90,0,
15_05_2026_10_05,13466.80,13479.50,13463.00,13463.00,0,
15_05_2026_10_10,13463.50,13474.00,13456.50,13468.50,0,
15_05_2026_10_15,13468.80,13501.70,13468.80,13501.40,0,
15_05_2026_10_20,13500.50,13521.30,13499.20,13511.00,0,
15_05_2026_10_25,13510.00,13562.80,13510.00,13555.40,0,
15_05_2026_10_30,13556.00,13562.70,13512.00,13515.80,0,
15_05_2026_10_35,13516.50,13518.20,13488.30,13489.80,0,
15_05_2026_10_40,13488.80,13503.10,13478.50,13485.30,0,
15_05_2026_10_45,13487.70,13495.00,13483.80,13489.30,0,
15_05_2026_10_50,13489.50,13504.30,13488.20,13496.00,0,
15_05_2026_10_55,13496.00,13503.80,13488.00,13500.30,0,
15_05_2026_11_00,13499.90,13500.90,13457.00,13459.20,0,
15_05_2026_11_05,13458.80,13461.30,13413.20,13413.20,0,
15_05_2026_11_10,13414.10,13425.50,13407.40,13409.70,0,
15_05_2026_11_15,13408.20,13421.60,13393.00,13419.30,0,
15_05_2026_11_20,13420.20,13433.00,13413.00,13416.30,0,
15_05_2026_11_25,13416.50,13426.50,13410.80,13411.90,0,
15_05_2026_11_30,13412.10,13412.50,13385.10,13400.90,0,
15_05_2026_11_35,13402.50,13403.30,13378.70,13386.00,0,
15_05_2026_11_40,13385.60,13391.20,13376.50,13388.40,0,
15_05_2026_11_45,13387.50,13405.40,13384.30,13392.50,0,
15_05_2026_11_50,13392.10,13393.60,13371.50,13373.20,0,
15_05_2026_11_55,13373.20,13397.70,13370.50,13391.30,0,
15_05_2026_12_00,13392.00,13405.10,13387.00,13404.20,0,
15_05_2026_12_05,13404.30,13419.80,13404.30,13419.80,0,
15_05_2026_12_10,13419.70,13427.70,13414.30,13420.30,0,
15_05_2026_12_15,13420.50,13432.00,13414.70,13415.20,0,
15_05_2026_12_20,13415.50,13415.50,13387.00,13387.80,0,
15_05_2026_12_25,13387.30,13395.50,13376.20,13376.80,0,
15_05_2026_12_30,13376.80,13385.20,13373.20,13382.50,0,
15_05_2026_12_35,13382.00,13390.90,13378.20,13379.10,0,
15_05_2026_12_40,13379.30,13403.30,13379.30,13398.80,0,
15_05_2026_12_45,13399.40,13408.50,13393.70,13401.60,0,
15_05_2026_12_50,13402.00,13411.00,13399.30,13403.70,0,
15_05_2026_12_55,13404.30,13410.00,13397.80,13399.50,0,
15_05_2026_13_00,13401.70,13406.80,13394.00,13404.90,0,
15_05_2026_13_05,13404.70,13412.20,13396.50,13399.70,0,
15_05_2026_13_10,13399.50,13411.00,13399.50,13405.30,0,
15_05_2026_13_15,13405.30,13406.40,13392.30,13400.30,0,
15_05_2026_13_20,13399.50,13405.40,13391.40,13398.80,0,
15_05_2026_13_25,13399.50,13403.00,13392.30,13401.70,0,
15_05_2026_13_30,13401.80,13403.70,13389.00,13394.70,0,
15_05_2026_13_35,13394.70,13404.20,13364.50,13368.00,0,
15_05_2026_13_40,13367.80,13373.60,13356.70,13364.20,0,
15_05_2026_13_45,13365.00,13374.70,13339.30,13348.00,0,
15_05_2026_13_50,13348.40,13364.20,13344.00,13360.00,0,
15_05_2026_13_55,13360.00,13366.80,13329.80,13342.30,0,
15_05_2026_14_00,13343.50,13347.00,13312.00,13312.20,0,
15_05_2026_14_05,13314.80,13340.80,13311.60,13334.10,0,
15_05_2026_14_10,13333.30,13349.70,13331.30,13346.30,0,
15_05_2026_14_15,13345.30,13351.10,13331.60,13350.70,0,
15_05_2026_14_20,13350.90,13352.60,13332.10,13335.80,0,
15_05_2026_14_25,13335.50,13337.20,13323.80,13330.00,0,
15_05_2026_14_30,13334.90,13341.20,13323.40,13332.60,0,
15_05_2026_14_35,13332.80,13351.30,13332.80,13339.50,0,
15_05_2026_14_40,13339.00,13345.60,13327.00,13327.70,0,
15_05_2026_14_45,13327.20,13328.50,13275.30,13276.50,0,
15_05_2026_14_50,13277.00,13297.30,13269.40,13271.50,0,
15_05_2026_14_55,13270.50,13298.00,13257.50,13280.80,0,
15_05_2026_15_00,13279.90,13313.00,13269.20,13312.50,0,
15_05_2026_15_05,13312.30,13320.10,13307.80,13310.80,0,
15_05_2026_15_10,13311.50,13322.10,13305.20,13311.30,0,
15_05_2026_15_15,13311.60,13311.60,13292.00,13300.60,0,
15_05_2026_15_20,13301.60,13305.00,13284.70,13285.50,0,
15_05_2026_15_25,13285.20,13304.70,13282.80,13295.30,0,
18_05_2026_09_15,13157.70,13167.20,13075.50,13137.50,0,
18_05_2026_09_20,13137.50,13162.00,13110.80,13132.60,0,
18_05_2026_09_25,13133.30,13137.30,13074.70,13081.10,0,
18_05_2026_09_30,13081.30,13097.80,13070.50,13085.30,0,
18_05_2026_09_35,13085.20,13098.80,13051.60,13065.20,0,
18_05_2026_09_40,13065.50,13081.80,13051.80,13065.20,0,
18_05_2026_09_45,13063.50,13063.50,13025.20,13031.40,0,
18_05_2026_09_50,13031.30,13036.50,12995.50,13000.20,0,
18_05_2026_09_55,13001.00,13006.50,12985.00,12995.50,0,
18_05_2026_10_00,12996.20,13022.70,12990.50,13020.50,0,
18_05_2026_10_05,13019.30,13063.50,13019.30,13045.70,0,
18_05_2026_10_10,13046.20,13088.00,13039.90,13087.90,0,
18_05_2026_10_15,13089.90,13105.20,13076.50,13094.30,0,
18_05_2026_10_20,13096.10,13099.00,13069.80,13072.10,0,
18_05_2026_10_25,13072.20,13077.10,13059.50,13059.50,0,
18_05_2026_10_30,13060.20,13073.00,13027.30,13071.30,0,
18_05_2026_10_35,13071.80,13085.20,13063.40,13081.10,0,
18_05_2026_10_40,13083.80,13084.00,13046.20,13054.20,0,
18_05_2026_10_45,13053.70,13060.70,13040.80,13041.30,0,
18_05_2026_10_50,13042.20,13057.20,13037.80,13054.00,0,
18_05_2026_10_55,13054.30,13076.80,13053.60,13065.30,0,
18_05_2026_11_00,13065.20,13072.10,13051.40,13062.80,0,
18_05_2026_11_05,13064.00,13086.60,13058.20,13086.40,0,
18_05_2026_11_10,13085.80,13097.10,13083.50,13090.20,0,
18_05_2026_11_15,13089.80,13095.80,13077.30,13083.00,0,
18_05_2026_11_20,13083.40,13105.10,13065.80,13101.40,0,
18_05_2026_11_25,13102.80,13103.00,13076.00,13078.30,0,
18_05_2026_11_30,13078.70,13091.00,13073.20,13080.50,0,
18_05_2026_11_35,13079.70,13090.10,13070.50,13087.80,0,
18_05_2026_11_40,13087.70,13089.20,13063.80,13071.30,0,
18_05_2026_11_45,13071.20,13077.80,13046.30,13051.20,0,
18_05_2026_11_50,13051.50,13054.80,13043.80,13045.70,0,
18_05_2026_11_55,13046.00,13053.20,13039.30,13039.90,0,
18_05_2026_12_00,13040.50,13040.50,13027.90,13034.50,0,
18_05_2026_12_05,13034.90,13051.00,13031.60,13036.90,0,
18_05_2026_12_10,13037.00,13054.00,13034.80,13045.10,0,
18_05_2026_12_15,13044.90,13070.20,13044.90,13067.30,0,
18_05_2026_12_20,13067.00,13073.90,13059.00,13072.40,0,
18_05_2026_12_25,13073.60,13080.00,13061.80,13075.70,0,
18_05_2026_12_30,13076.50,13111.00,13076.20,13108.50,0,
18_05_2026_12_35,13107.80,13127.00,13107.60,13123.30,0,
18_05_2026_12_40,13123.90,13126.00,13098.50,13106.80,0,
18_05_2026_12_45,13107.70,13113.30,13095.50,13109.00,0,
18_05_2026_12_50,13108.40,13108.40,13097.50,13103.00,0,
18_05_2026_12_55,13103.20,13164.00,13103.00,13162.90,0,
18_05_2026_13_00,13163.60,13174.70,13152.90,13168.20,0,
18_05_2026_13_05,13169.40,13170.00,13136.50,13138.50,0,
18_05_2026_13_10,13139.30,13141.20,13123.00,13139.20,0,
18_05_2026_13_15,13140.50,13147.50,13135.00,13138.70,0,
18_05_2026_13_20,13138.70,13148.20,13126.00,13146.80,0,
18_05_2026_13_25,13147.20,13154.10,13140.10,13145.50,0,
18_05_2026_13_30,13146.50,13161.90,13146.40,13158.00,0,
18_05_2026_13_35,13158.00,13166.20,13153.20,13153.20,0,
18_05_2026_13_40,13153.80,13179.70,13145.80,13171.90,0,
18_05_2026_13_45,13172.00,13172.80,13155.80,13164.70,0,
18_05_2026_13_50,13166.70,13190.90,13164.30,13188.00,0,
18_05_2026_13_55,13187.90,13212.30,13187.50,13198.20,0,
18_05_2026_14_00,13198.50,13201.50,13185.20,13198.30,0,
18_05_2026_14_05,13198.80,13199.50,13175.50,13181.80,0,
18_05_2026_14_10,13182.00,13199.20,13180.80,13188.50,0,
18_05_2026_14_15,13188.20,13189.60,13172.80,13183.00,0,
18_05_2026_14_20,13183.00,13194.40,13178.20,13178.20,0,
18_05_2026_14_25,13177.10,13195.30,13172.20,13192.10,0,
18_05_2026_14_30,13192.60,13196.00,13172.10,13174.20,0,
18_05_2026_14_35,13173.80,13174.40,13160.90,13166.20,0,
18_05_2026_14_40,13166.00,13176.30,13163.10,13168.00,0,
18_05_2026_14_45,13169.00,13170.00,13156.00,13156.50,0,
18_05_2026_14_50,13157.20,13160.00,13151.20,13154.40,0,
18_05_2026_14_55,13153.90,13154.30,13130.20,13132.20,0,
18_05_2026_15_00,13132.50,13200.60,13131.80,13184.30,0,
18_05_2026_15_05,13183.80,13195.80,13152.00,13156.20,0,
18_05_2026_15_10,13156.20,13167.60,13155.80,13164.50,0,
18_05_2026_15_15,13164.20,13165.80,13151.00,13159.80,0,
18_05_2026_15_20,13160.50,13181.80,13159.80,13179.20,0,
18_05_2026_15_25,13178.50,13182.00,13155.20,13161.00,0,
19_05_2026_09_15,13215.90,13239.50,13128.80,13153.80,0,
19_05_2026_09_20,13150.80,13168.80,13144.00,13152.30,0,
19_05_2026_09_25,13151.00,13156.70,13135.50,13138.60,0,
19_05_2026_09_30,13138.90,13157.60,13116.10,13117.40,0,
19_05_2026_09_35,13117.00,13144.40,13103.80,13143.20,0,
19_05_2026_09_40,13143.70,13159.60,13134.80,13147.00,0,
19_05_2026_09_45,13149.60,13157.80,13135.00,13147.80,0,
19_05_2026_09_50,13149.80,13151.00,13135.40,13135.50,0,
19_05_2026_09_55,13136.10,13136.80,13114.20,13114.20,0,
19_05_2026_10_00,13114.50,13145.50,13114.00,13133.10,0,
19_05_2026_10_05,13134.00,13155.50,13134.00,13152.50,0,
19_05_2026_10_10,13150.70,13195.40,13149.30,13181.80,0,
19_05_2026_10_15,13181.50,13184.70,13157.20,13162.50,0,
19_05_2026_10_20,13162.30,13182.00,13160.40,13180.20,0,
19_05_2026_10_25,13181.70,13188.20,13177.30,13186.80,0,
19_05_2026_10_30,13187.50,13197.20,13184.30,13188.30,0,
19_05_2026_10_35,13189.80,13198.00,13183.20,13197.30,0,
19_05_2026_10_40,13197.50,13203.00,13195.50,13199.80,0,
19_05_2026_10_45,13199.80,13203.50,13192.50,13202.50,0,
19_05_2026_10_50,13202.60,13211.40,13184.80,13194.30,0,
19_05_2026_10_55,13195.00,13222.10,13193.20,13216.20,0,
19_05_2026_11_00,13217.20,13219.50,13184.20,13189.80,0,
19_05_2026_11_05,13190.60,13194.00,13178.80,13180.60,0,
19_05_2026_11_10,13181.10,13190.40,13164.70,13165.20,0,
19_05_2026_11_15,13166.20,13173.40,13161.00,13168.80,0,
19_05_2026_11_20,13169.30,13179.80,13167.80,13176.70,0,
19_05_2026_11_25,13176.80,13189.30,13168.70,13188.80,0,
19_05_2026_11_30,13189.50,13199.60,13184.50,13199.60,0,
19_05_2026_11_35,13199.80,13200.50,13187.30,13194.30,0,
19_05_2026_11_40,13195.00,13213.20,13192.80,13207.90,0,
19_05_2026_11_45,13208.60,13211.00,13201.70,13204.30,0,
19_05_2026_11_50,13204.50,13206.70,13200.50,13200.80,0,
19_05_2026_11_55,13201.20,13205.80,13185.50,13188.50,0,
19_05_2026_12_00,13189.00,13191.00,13180.50,13181.00,0,
19_05_2026_12_05,13183.10,13187.20,13179.20,13183.00,0,
19_05_2026_12_10,13183.70,13204.30,13182.70,13203.60,0,
19_05_2026_12_15,13204.60,13204.80,13194.30,13199.90,0,
19_05_2026_12_20,13199.90,13201.40,13182.30,13184.20,0,
19_05_2026_12_25,13185.80,13196.30,13180.40,13186.80,0,
19_05_2026_12_30,13188.00,13194.10,13185.80,13186.50,0,
19_05_2026_12_35,13188.00,13201.20,13185.50,13195.00,0,
19_05_2026_12_40,13195.80,13197.30,13181.80,13185.30,0,
19_05_2026_12_45,13185.20,13187.20,13178.00,13182.70,0,
19_05_2026_12_50,13184.40,13184.40,13178.50,13183.20,0,
19_05_2026_12_55,13183.50,13188.50,13181.70,13183.30,0,
19_05_2026_13_00,13183.50,13189.40,13177.50,13182.80,0,
19_05_2026_13_05,13182.80,13202.50,13180.80,13202.20,0,
19_05_2026_13_10,13202.00,13203.20,13192.60,13194.60,0,
19_05_2026_13_15,13194.00,13210.80,13191.20,13200.30,0,
19_05_2026_13_20,13200.60,13204.80,13195.20,13204.80,0,
19_05_2026_13_25,13205.50,13210.50,13198.60,13206.80,0,
19_05_2026_13_30,13207.80,13214.30,13206.00,13212.50,0,
19_05_2026_13_35,13213.20,13214.20,13185.50,13190.00,0,
19_05_2026_13_40,13190.60,13190.90,13181.30,13182.50,0,
19_05_2026_13_45,13182.70,13195.50,13181.70,13188.80,0,
19_05_2026_13_50,13189.10,13191.10,13178.20,13178.70,0,
19_05_2026_13_55,13178.50,13178.50,13168.20,13173.20,0,
19_05_2026_14_00,13173.50,13195.80,13173.50,13194.20,0,
19_05_2026_14_05,13195.10,13198.70,13188.20,13197.50,0,
19_05_2026_14_10,13198.00,13201.40,13194.50,13197.50,0,
19_05_2026_14_15,13197.90,13204.80,13196.20,13197.10,0,
19_05_2026_14_20,13197.70,13206.40,13194.80,13200.00,0,
19_05_2026_14_25,13200.50,13213.70,13198.90,13206.80,0,
19_05_2026_14_30,13208.50,13208.50,13188.60,13191.30,0,
19_05_2026_14_35,13191.20,13194.00,13179.60,13180.20,0,
19_05_2026_14_40,13180.20,13180.40,13158.80,13167.00,0,
19_05_2026_14_45,13167.00,13168.80,13160.20,13164.00,0,
19_05_2026_14_50,13165.10,13169.40,13159.50,13162.30,0,
19_05_2026_14_55,13163.00,13169.80,13158.80,13159.20,0,
19_05_2026_15_00,13160.50,13174.00,13159.10,13167.60,0,
19_05_2026_15_05,13168.30,13176.60,13167.40,13168.80,0,
19_05_2026_15_10,13169.30,13174.30,13165.00,13173.00,0,
19_05_2026_15_15,13173.50,13174.80,13159.30,13159.80,0,
19_05_2026_15_20,13160.00,13163.20,13155.20,13159.90,0,
19_05_2026_15_25,13160.70,13162.20,13143.50,13145.70,0,
20_05_2026_09_15,13080.20,13094.10,13020.70,13038.00,0,
20_05_2026_09_20,13038.70,13070.00,13004.30,13059.20,0,
20_05_2026_09_25,13059.50,13100.80,13059.50,13076.00,0,
20_05_2026_09_30,13076.00,13104.20,13063.80,13073.60,0,
20_05_2026_09_35,13073.80,13120.60,13071.70,13119.00,0,
20_05_2026_09_40,13119.70,13119.70,13089.60,13096.20,0,
20_05_2026_09_45,13096.50,13104.00,13085.50,13100.20,0,
20_05_2026_09_50,13100.80,13108.50,13094.30,13094.40,0,
20_05_2026_09_55,13094.10,13095.50,13075.70,13090.30,0,
20_05_2026_10_00,13090.50,13102.50,13078.00,13088.20,0,
20_05_2026_10_05,13087.30,13090.00,13065.80,13079.50,0,
20_05_2026_10_10,13080.10,13080.10,13055.20,13060.00,0,
20_05_2026_10_15,13060.20,13080.50,13059.70,13075.50,0,
20_05_2026_10_20,13075.50,13087.50,13069.70,13074.30,0,
20_05_2026_10_25,13073.80,13090.70,13073.80,13087.60,0,
20_05_2026_10_30,13086.50,13118.00,13086.50,13102.80,0,
20_05_2026_10_35,13103.70,13109.80,13102.70,13107.30,0,
20_05_2026_10_40,13108.20,13113.10,13098.40,13107.50,0,
20_05_2026_10_45,13108.80,13109.60,13095.80,13096.80,0,
20_05_2026_10_50,13097.00,13111.80,13095.50,13106.00,0,
20_05_2026_10_55,13105.80,13114.50,13102.00,13113.20,0,
20_05_2026_11_00,13113.80,13128.20,13112.20,13116.50,0,
20_05_2026_11_05,13116.40,13129.60,13114.20,13129.00,0,
20_05_2026_11_10,13129.00,13136.00,13116.40,13117.00,0,
20_05_2026_11_15,13117.10,13121.70,13100.70,13102.00,0,
20_05_2026_11_20,13102.20,13120.50,13101.80,13114.80,0,
20_05_2026_11_25,13114.30,13126.10,13114.30,13124.30,0,
20_05_2026_11_30,13124.20,13134.00,13121.40,13123.80,0,
20_05_2026_11_35,13124.10,13141.30,13123.00,13136.50,0,
20_05_2026_11_40,13136.50,13144.00,13131.30,13131.50,0,
20_05_2026_11_45,13131.70,13144.00,13131.20,13142.80,0,
20_05_2026_11_50,13142.70,13146.70,13132.00,13138.00,0,
20_05_2026_11_55,13137.80,13141.80,13132.20,13134.70,0,
20_05_2026_12_00,13134.20,13137.70,13130.00,13130.60,0,
20_05_2026_12_05,13130.50,13131.80,13116.70,13125.20,0,
20_05_2026_12_10,13125.30,13130.50,13114.80,13117.50,0,
20_05_2026_12_15,13117.90,13128.80,13108.70,13110.00,0,
20_05_2026_12_20,13111.50,13120.00,13108.50,13114.90,0,
20_05_2026_12_25,13116.00,13116.00,13100.80,13106.00,0,
20_05_2026_12_30,13106.00,13118.80,13102.30,13113.80,0,
20_05_2026_12_35,13113.80,13122.60,13113.50,13118.50,0,
20_05_2026_12_40,13118.50,13124.30,13112.20,13116.50,0,
20_05_2026_12_45,13117.20,13118.00,13108.50,13110.70,0,
20_05_2026_12_50,13111.00,13122.10,13110.10,13113.90,0,
20_05_2026_12_55,13114.70,13122.40,13114.70,13118.50,0,
20_05_2026_13_00,13118.70,13125.80,13106.20,13109.50,0,
20_05_2026_13_05,13109.00,13116.20,13105.80,13106.80,0,
20_05_2026_13_10,13106.50,13107.00,13097.30,13099.20,0,
20_05_2026_13_15,13098.10,13102.70,13091.00,13094.80,0,
20_05_2026_13_20,13095.00,13101.20,13094.20,13098.30,0,
20_05_2026_13_25,13098.50,13107.50,13086.80,13087.80,0,
20_05_2026_13_30,13088.50,13098.90,13085.30,13097.80,0,
20_05_2026_13_35,13097.80,13106.20,13094.20,13096.60,0,
20_05_2026_13_40,13097.00,13099.00,13089.10,13090.70,0,
20_05_2026_13_45,13090.50,13097.00,13088.70,13096.70,0,
20_05_2026_13_50,13096.70,13102.40,13089.20,13102.00,0,
20_05_2026_13_55,13102.70,13118.40,13098.50,13118.40,0,
20_05_2026_14_00,13123.20,13124.90,13108.30,13114.50,0,
20_05_2026_14_05,13114.70,13143.10,13114.70,13141.80,0,
20_05_2026_14_10,13141.90,13164.90,13141.90,13164.00,0,
20_05_2026_14_15,13164.00,13170.50,13142.70,13151.20,0,
20_05_2026_14_20,13151.00,13163.20,13145.20,13162.40,0,
20_05_2026_14_25,13162.10,13166.20,13147.80,13161.30,0,
20_05_2026_14_30,13160.80,13167.80,13155.80,13157.80,0,
20_05_2026_14_35,13157.30,13161.30,13146.50,13158.50,0,
20_05_2026_14_40,13158.80,13172.70,13158.30,13170.50,0,
20_05_2026_14_45,13171.00,13186.70,13168.80,13185.50,0,
20_05_2026_14_50,13185.80,13192.80,13182.40,13183.80,0,
20_05_2026_14_55,13183.20,13193.20,13182.00,13185.00,0,
20_05_2026_15_00,13186.30,13186.30,13168.50,13170.60,0,
20_05_2026_15_05,13171.30,13195.00,13169.20,13194.10,0,
20_05_2026_15_10,13194.30,13200.60,13190.30,13194.80,0,
20_05_2026_15_15,13194.60,13198.00,13187.00,13190.70,0,
20_05_2026_15_20,13190.50,13193.30,13184.40,13191.60,0,
20_05_2026_15_25,13190.50,13201.20,13182.50,13196.00,0,
21_05_2026_09_15,13308.80,13314.60,13253.90,13276.80,0,
21_05_2026_09_20,13278.50,13296.00,13273.00,13285.50,0,
21_05_2026_09_25,13286.90,13288.00,13276.70,13278.80,0,
21_05_2026_09_30,13278.80,13300.10,13276.50,13288.60,0,
21_05_2026_09_35,13288.50,13299.00,13286.00,13294.00,0,
21_05_2026_09_40,13295.20,13303.60,13293.00,13298.70,0,
21_05_2026_09_45,13299.20,13311.80,13296.80,13305.80,0,
21_05_2026_09_50,13305.80,13320.00,13296.00,13320.00,0,
21_05_2026_09_55,13319.70,13348.40,13315.00,13338.20,0,
21_05_2026_10_00,13338.70,13344.00,13331.00,13337.10,0,
21_05_2026_10_05,13337.20,13340.50,13314.10,13315.30,0,
21_05_2026_10_10,13315.50,13321.30,13310.00,13317.30,0,
21_05_2026_10_15,13317.70,13324.30,13313.70,13316.50,0,
21_05_2026_10_20,13316.80,13317.30,13296.50,13297.50,0,
21_05_2026_10_25,13297.60,13304.50,13289.00,13297.80,0,
21_05_2026_10_30,13298.20,13301.80,13284.30,13284.90,0,
21_05_2026_10_35,13285.20,13288.50,13257.20,13268.90,0,
21_05_2026_10_40,13269.50,13281.40,13264.10,13280.80,0,
21_05_2026_10_45,13281.20,13287.40,13278.50,13283.10,0,
21_05_2026_10_50,13283.80,13287.20,13277.00,13286.40,0,
21_05_2026_10_55,13287.50,13288.80,13276.50,13277.30,0,
21_05_2026_11_00,13278.00,13278.00,13259.90,13263.20,0,
21_05_2026_11_05,13264.20,13271.80,13259.50,13267.50,0,
21_05_2026_11_10,13269.90,13269.90,13255.30,13255.90,0,
21_05_2026_11_15,13257.60,13258.40,13228.10,13250.90,0,
21_05_2026_11_20,13252.10,13263.80,13249.00,13263.70,0,
21_05_2026_11_25,13264.00,13272.70,13253.40,13266.30,0,
21_05_2026_11_30,13266.40,13267.00,13255.20,13263.80,0,
21_05_2026_11_35,13264.30,13267.10,13252.00,13255.50,0,
21_05_2026_11_40,13255.20,13262.20,13254.50,13256.00,0,
21_05_2026_11_45,13257.00,13261.20,13253.70,13254.50,0,
21_05_2026_11_50,13256.70,13259.80,13247.10,13247.60,0,
21_05_2026_11_55,13248.00,13252.90,13243.30,13247.50,0,
21_05_2026_12_00,13248.00,13253.10,13242.80,13244.00,0,
21_05_2026_12_05,13245.00,13250.40,13238.20,13249.20,0,
21_05_2026_12_10,13249.50,13249.80,13224.20,13225.70,0,
21_05_2026_12_15,13226.30,13238.30,13223.70,13230.30,0,
21_05_2026_12_20,13230.70,13233.20,13216.70,13218.20,0,
21_05_2026_12_25,13218.00,13223.10,13194.90,13210.00,0,
21_05_2026_12_30,13209.70,13217.30,13197.20,13214.50,0,
21_05_2026_12_35,13214.50,13219.80,13192.00,13196.60,0,
21_05_2026_12_40,13197.50,13208.20,13189.20,13201.80,0,
21_05_2026_12_45,13203.50,13203.50,13185.00,13192.30,0,
21_05_2026_12_50,13193.10,13201.70,13191.60,13200.20,0,
21_05_2026_12_55,13200.30,13203.50,13194.50,13199.70,0,
21_05_2026_13_00,13199.80,13199.90,13181.50,13194.50,0,
21_05_2026_13_05,13195.00,13207.70,13194.30,13201.00,0,
21_05_2026_13_10,13201.70,13207.40,13198.30,13203.30,0,
21_05_2026_13_15,13203.90,13206.00,13199.70,13204.20,0,
21_05_2026_13_20,13205.70,13208.80,13201.90,13204.00,0,
21_05_2026_13_25,13204.80,13211.50,13203.80,13206.30,0,
21_05_2026_13_30,13208.00,13216.00,13198.20,13215.30,0,
21_05_2026_13_35,13216.30,13230.50,13215.80,13228.20,0,
21_05_2026_13_40,13227.30,13240.50,13224.30,13238.50,0,
21_05_2026_13_45,13238.80,13247.80,13222.50,13222.50,0,
21_05_2026_13_50,13223.20,13226.60,13212.00,13225.70,0,
21_05_2026_13_55,13225.50,13234.90,13215.00,13233.30,0,
21_05_2026_14_00,13233.50,13234.20,13217.80,13221.00,0,
21_05_2026_14_05,13221.70,13222.20,13211.30,13214.80,0,
21_05_2026_14_10,13214.80,13230.70,13210.30,13215.50,0,
21_05_2026_14_15,13215.50,13219.20,13209.80,13216.80,0,
21_05_2026_14_20,13218.50,13225.70,13216.30,13220.30,0,
21_05_2026_14_25,13220.80,13223.30,13194.90,13197.60,0,
21_05_2026_14_30,13198.30,13204.40,13195.50,13200.70,0,
21_05_2026_14_35,13201.80,13215.60,13198.60,13209.20,0,
21_05_2026_14_40,13209.10,13222.20,13201.80,13203.70,0,
21_05_2026_14_45,13203.80,13214.80,13203.70,13212.00,0,
21_05_2026_14_50,13212.50,13220.60,13207.80,13209.20,0,
21_05_2026_14_55,13210.80,13218.20,13207.90,13214.00,0,
21_05_2026_15_00,13214.00,13235.50,13213.80,13218.20,0,
21_05_2026_15_05,13218.80,13231.00,13202.10,13204.50,0,
21_05_2026_15_10,13206.60,13217.90,13206.60,13212.80,0,
21_05_2026_15_15,13213.50,13220.00,13204.80,13215.20,0,
21_05_2026_15_20,13213.70,13218.70,13205.50,13209.80,0,
21_05_2026_15_25,13209.50,13221.90,13203.20,13216.60,0,
22_05_2026_09_15,13247.50,13265.50,13208.00,13226.00,0,
22_05_2026_09_20,13227.00,13258.90,13215.80,13255.50,0,
22_05_2026_09_25,13255.90,13259.80,13235.00,13240.50,0,
22_05_2026_09_30,13241.60,13242.80,13226.20,13235.90,0,
22_05_2026_09_35,13237.30,13253.50,13236.00,13249.20,0,
22_05_2026_09_40,13248.20,13248.80,13235.50,13246.40,0,
22_05_2026_09_45,13247.00,13247.20,13217.50,13219.70,0,
22_05_2026_09_50,13218.50,13241.30,13218.00,13233.80,0,
22_05_2026_09_55,13233.80,13236.50,13225.60,13227.60,0,
22_05_2026_10_00,13228.00,13229.00,13213.90,13213.90,0,
22_05_2026_10_05,13213.80,13214.50,13196.80,13208.40,0,
22_05_2026_10_10,13208.50,13252.30,13208.50,13252.30,0,
22_05_2026_10_15,13252.00,13261.80,13250.00,13255.30,0,
22_05_2026_10_20,13255.30,13272.20,13255.20,13257.00,0,
22_05_2026_10_25,13257.90,13258.00,13244.80,13246.50,0,
22_05_2026_10_30,13246.80,13266.50,13246.80,13257.70,0,
22_05_2026_10_35,13257.50,13260.80,13252.00,13258.80,0,
22_05_2026_10_40,13258.60,13292.00,13258.60,13290.80,0,
22_05_2026_10_45,13291.80,13293.80,13269.50,13272.30,0,
22_05_2026_10_50,13273.30,13275.30,13266.50,13267.00,0,
22_05_2026_10_55,13267.50,13267.80,13253.80,13254.20,0,
22_05_2026_11_00,13254.40,13256.70,13249.70,13251.20,0,
22_05_2026_11_05,13252.50,13254.30,13243.00,13247.10,0,
22_05_2026_11_10,13247.70,13258.50,13242.60,13244.40,0,
22_05_2026_11_15,13244.50,13253.20,13244.50,13250.50,0,
22_05_2026_11_20,13249.70,13254.80,13244.50,13250.50,0,
22_05_2026_11_25,13250.80,13251.70,13227.00,13227.80,0,
22_05_2026_11_30,13227.20,13231.80,13217.20,13231.00,0,
22_05_2026_11_35,13230.50,13232.50,13217.30,13223.70,0,
22_05_2026_11_40,13224.00,13238.50,13221.20,13236.70,0,
22_05_2026_11_45,13236.60,13249.40,13236.20,13243.20,0,
22_05_2026_11_50,13243.20,13245.80,13236.50,13244.40,0,
22_05_2026_11_55,13243.50,13247.20,13240.30,13243.90,0,
22_05_2026_12_00,13244.50,13246.70,13226.80,13230.20,0,
22_05_2026_12_05,13230.60,13235.10,13230.20,13230.80,0,
22_05_2026_12_10,13231.70,13237.70,13230.00,13230.40,0,
22_05_2026_12_15,13230.40,13239.20,13228.10,13237.00,0,
22_05_2026_12_20,13237.30,13239.30,13224.80,13225.00,0,
22_05_2026_12_25,13223.20,13226.30,13217.50,13219.00,0,
22_05_2026_12_30,13218.70,13218.70,13204.00,13218.00,0,
22_05_2026_12_35,13218.40,13218.70,13204.60,13210.80,0,
22_05_2026_12_40,13210.80,13216.50,13209.80,13211.00,0,
22_05_2026_12_45,13210.90,13225.60,13207.50,13218.00,0,
22_05_2026_12_50,13218.20,13229.30,13218.20,13224.50,0,
22_05_2026_12_55,13224.70,13226.50,13216.10,13223.20,0,
22_05_2026_13_00,13223.00,13223.80,13216.70,13220.50,0,
22_05_2026_13_05,13221.20,13222.30,13213.80,13220.50,0,
22_05_2026_13_10,13220.50,13233.80,13219.20,13230.00,0,
22_05_2026_13_15,13230.70,13239.50,13229.50,13236.60,0,
22_05_2026_13_20,13236.20,13238.30,13226.50,13234.70,0,
22_05_2026_13_25,13234.70,13241.50,13232.40,13239.90,0,
22_05_2026_13_30,13240.90,13252.50,13237.30,13251.00,0,
22_05_2026_13_35,13250.50,13250.90,13240.50,13242.70,0,
22_05_2026_13_40,13243.00,13249.20,13242.30,13247.80,0,
22_05_2026_13_45,13248.90,13263.80,13247.00,13253.00,0,
22_05_2026_13_50,13253.80,13262.30,13248.50,13250.00,0,
22_05_2026_13_55,13250.30,13256.00,13242.70,13250.00,0,
22_05_2026_14_00,13251.10,13253.00,13225.70,13227.20,0,
22_05_2026_14_05,13227.00,13247.20,13218.00,13245.70,0,
22_05_2026_14_10,13245.70,13250.10,13240.10,13248.50,0,
22_05_2026_14_15,13248.30,13251.80,13247.00,13248.80,0,
22_05_2026_14_20,13249.00,13256.00,13242.00,13254.80,0,
22_05_2026_14_25,13254.80,13258.70,13239.80,13239.80,0,
22_05_2026_14_30,13239.80,13250.70,13230.50,13241.70,0,
22_05_2026_14_35,13241.50,13248.80,13238.20,13245.60,0,
22_05_2026_14_40,13245.80,13248.10,13243.50,13244.70,0,
22_05_2026_14_45,13244.70,13264.00,13241.70,13259.30,0,
22_05_2026_14_50,13259.50,13262.50,13251.70,13260.70,0,
22_05_2026_14_55,13260.90,13263.20,13258.00,13262.70,0,
22_05_2026_15_00,13263.20,13264.60,13247.30,13262.40,0,
22_05_2026_15_05,13262.30,13263.20,13255.40,13257.10,0,
22_05_2026_15_10,13257.00,13268.30,13256.80,13266.70,0,
22_05_2026_15_15,13266.80,13289.70,13266.80,13281.50,0,
22_05_2026_15_20,13281.10,13284.30,13273.00,13282.80,0,
22_05_2026_15_25,13282.60,13289.80,13275.00,13275.00,0,
25_05_2026_09_15,13359.70,13385.80,13296.10,13309.00,0,
25_05_2026_09_20,13310.00,13312.50,13282.00,13284.00,0,
25_05_2026_09_25,13285.40,13309.30,13276.50,13293.50,0,
25_05_2026_09_30,13294.50,13296.50,13271.70,13278.20,0,
25_05_2026_09_35,13278.40,13292.80,13276.90,13287.90,0,
25_05_2026_09_40,13289.80,13290.10,13276.70,13288.60,0,
25_05_2026_09_45,13290.70,13292.90,13275.70,13285.70,0,
25_05_2026_09_50,13286.50,13300.40,13282.30,13293.20,0,
25_05_2026_09_55,13293.80,13304.00,13290.20,13302.80,0,
25_05_2026_10_00,13303.40,13318.70,13300.00,13302.20,0,
25_05_2026_10_05,13302.20,13320.80,13301.20,13314.00,0,
25_05_2026_10_10,13315.50,13319.40,13297.70,13300.00,0,
25_05_2026_10_15,13301.10,13302.20,13290.50,13291.30,0,
25_05_2026_10_20,13291.00,13304.00,13287.80,13302.80,0,
25_05_2026_10_25,13304.50,13309.20,13299.50,13306.50,0,
25_05_2026_10_30,13308.20,13311.20,13299.70,13301.70,0,
25_05_2026_10_35,13302.50,13303.20,13295.90,13297.00,0,
25_05_2026_10_40,13297.80,13298.20,13284.40,13284.50,0,
25_05_2026_10_45,13285.60,13293.30,13279.10,13290.20,0,
25_05_2026_10_50,13291.20,13306.20,13287.50,13303.70,0,
25_05_2026_10_55,13305.30,13308.50,13302.50,13304.70,0,
25_05_2026_11_00,13304.80,13307.50,13298.00,13303.30,0,
25_05_2026_11_05,13302.50,13304.10,13296.40,13303.50,0,
25_05_2026_11_10,13302.80,13310.50,13293.80,13297.10,0,
25_05_2026_11_15,13296.60,13301.00,13293.10,13300.40,0,
25_05_2026_11_20,13300.70,13300.70,13293.40,13297.80,0,
25_05_2026_11_25,13297.20,13302.40,13294.70,13294.70,0,
25_05_2026_11_30,13295.30,13295.70,13285.60,13288.20,0,
25_05_2026_11_35,13288.90,13293.90,13286.70,13292.70,0,
25_05_2026_11_40,13292.50,13298.60,13290.00,13294.80,0,
25_05_2026_11_45,13295.20,13299.30,13294.00,13295.10,0,
25_05_2026_11_50,13296.00,13299.30,13294.60,13296.20,0,
25_05_2026_11_55,13298.00,13307.20,13296.90,13306.80,0,
25_05_2026_12_00,13306.80,13307.50,13285.20,13286.60,0,
25_05_2026_12_05,13287.30,13290.40,13279.80,13284.80,0,
25_05_2026_12_10,13285.80,13291.30,13283.30,13287.00,0,
25_05_2026_12_15,13287.70,13288.50,13282.20,13285.20,0,
25_05_2026_12_20,13285.20,13288.20,13281.00,13285.30,0,
25_05_2026_12_25,13286.50,13289.00,13283.50,13285.20,0,
25_05_2026_12_30,13286.00,13300.30,13277.90,13297.90,0,
25_05_2026_12_35,13299.20,13300.60,13292.20,13298.80,0,
25_05_2026_12_40,13299.10,13299.10,13288.20,13288.50,0,
25_05_2026_12_45,13290.00,13293.00,13276.80,13282.00,0,
25_05_2026_12_50,13281.00,13290.00,13276.00,13287.80,0,
25_05_2026_12_55,13288.30,13293.40,13285.10,13288.60,0,
25_05_2026_13_00,13288.80,13299.30,13284.80,13295.80,0,
25_05_2026_13_05,13296.20,13305.20,13295.20,13305.20,0,
25_05_2026_13_10,13305.30,13312.10,13304.80,13310.50,0,
25_05_2026_13_15,13309.90,13312.50,13303.80,13310.30,0,
25_05_2026_13_20,13311.50,13311.50,13302.20,13304.40,0,
25_05_2026_13_25,13305.20,13308.30,13302.00,13304.80,0,
25_05_2026_13_30,13305.50,13306.60,13298.20,13299.80,0,
25_05_2026_13_35,13300.40,13314.20,13300.10,13312.70,0,
25_05_2026_13_40,13313.30,13313.80,13305.00,13306.30,0,
25_05_2026_13_45,13306.70,13316.30,13302.90,13311.20,0,
25_05_2026_13_50,13312.30,13313.80,13308.30,13309.20,0,
25_05_2026_13_55,13309.90,13313.90,13305.90,13309.40,0,
25_05_2026_14_00,13310.00,13315.30,13307.30,13313.20,0,
25_05_2026_14_05,13313.50,13314.50,13308.80,13311.10,0,
25_05_2026_14_10,13311.80,13318.70,13310.30,13317.80,0,
25_05_2026_14_15,13318.50,13322.00,13316.00,13319.80,0,
25_05_2026_14_20,13320.00,13329.80,13318.80,13327.90,0,
25_05_2026_14_25,13328.40,13340.80,13325.00,13336.10,0,
25_05_2026_14_30,13336.10,13340.00,13331.70,13339.90,0,
25_05_2026_14_35,13339.80,13340.00,13327.00,13331.60,0,
25_05_2026_14_40,13332.20,13337.30,13324.30,13337.00,0,
25_05_2026_14_45,13337.00,13343.50,13333.70,13340.20,0,
25_05_2026_14_50,13340.70,13346.40,13338.30,13342.80,0,
25_05_2026_14_55,13344.20,13346.80,13335.00,13345.40,0,
25_05_2026_15_00,13347.70,13348.20,13339.40,13339.70,0,
25_05_2026_15_05,13340.80,13351.60,13339.20,13349.50,0,
25_05_2026_15_10,13348.80,13355.50,13343.70,13351.50,0,
25_05_2026_15_15,13351.80,13352.60,13339.80,13344.30,0,
25_05_2026_15_20,13345.00,13347.80,13340.80,13347.30,0,
25_05_2026_15_25,13347.50,13353.90,13340.70,13352.50,0,
26_05_2026_09_15,13345.20,13385.50,13319.20,13378.50,0,
26_05_2026_09_20,13379.30,13419.90,13379.30,13415.20,0,
26_05_2026_09_25,13416.00,13440.50,13406.20,13438.20,0,
26_05_2026_09_30,13438.50,13440.80,13405.00,13405.00,0,
26_05_2026_09_35,13407.40,13439.20,13402.30,13437.60,0,
26_05_2026_09_40,13437.30,13444.50,13430.80,13443.40,0,
26_05_2026_09_45,13444.30,13458.00,13441.70,13452.70,0,
26_05_2026_09_50,13452.20,13455.10,13443.80,13445.80,0,
26_05_2026_09_55,13446.30,13474.90,13442.00,13474.60,0,
26_05_2026_10_00,13473.80,13476.30,13460.20,13463.30,0,
26_05_2026_10_05,13463.20,13492.40,13462.20,13484.20,0,
26_05_2026_10_10,13486.00,13488.80,13476.80,13480.20,0,
26_05_2026_10_15,13480.20,13482.50,13466.70,13467.70,0,
26_05_2026_10_20,13466.80,13479.10,13466.20,13476.70,0,
26_05_2026_10_25,13476.50,13480.10,13466.80,13469.30,0,
26_05_2026_10_30,13468.70,13472.50,13463.30,13471.30,0,
26_05_2026_10_35,13470.20,13473.00,13465.50,13470.00,0,
26_05_2026_10_40,13470.30,13474.80,13468.90,13473.70,0,
26_05_2026_10_45,13473.80,13477.80,13463.20,13463.20,0,
26_05_2026_10_50,13463.60,13474.20,13463.40,13463.50,0,
26_05_2026_10_55,13463.70,13471.70,13461.00,13470.80,0,
26_05_2026_11_00,13470.70,13480.80,13470.70,13479.50,0,
26_05_2026_11_05,13479.50,13493.50,13476.20,13490.80,0,
26_05_2026_11_10,13491.20,13493.30,13477.60,13479.80,0,
26_05_2026_11_15,13479.50,13484.90,13476.50,13483.00,0,
26_05_2026_11_20,13483.80,13487.20,13473.00,13473.50,0,
26_05_2026_11_25,13473.90,13477.00,13469.00,13469.50,0,
26_05_2026_11_30,13469.50,13472.10,13461.90,13464.30,0,
26_05_2026_11_35,13464.30,13475.70,13463.30,13474.50,0,
26_05_2026_11_40,13474.50,13480.00,13471.70,13476.80,0,
26_05_2026_11_45,13476.20,13482.00,13475.90,13480.70,0,
26_05_2026_11_50,13480.70,13491.20,13480.00,13489.50,0,
26_05_2026_11_55,13488.60,13495.20,13476.30,13482.00,0,
26_05_2026_12_00,13481.60,13483.50,13473.90,13476.80,0,
26_05_2026_12_05,13476.90,13481.50,13472.50,13473.60,0,
26_05_2026_12_10,13473.50,13478.20,13468.00,13469.20,0,
26_05_2026_12_15,13470.10,13480.80,13467.70,13478.00,0,
26_05_2026_12_20,13478.80,13482.70,13474.40,13475.90,0,
26_05_2026_12_25,13475.20,13477.00,13468.30,13471.70,0,
26_05_2026_12_30,13472.10,13480.00,13464.30,13467.50,0,
26_05_2026_12_35,13467.70,13474.50,13463.50,13472.20,0,
26_05_2026_12_40,13472.00,13474.00,13467.20,13469.50,0,
26_05_2026_12_45,13469.70,13470.70,13457.80,13462.50,0,
26_05_2026_12_50,13462.60,13464.90,13457.10,13462.30,0,
26_05_2026_12_55,13462.10,13472.20,13459.60,13471.10,0,
26_05_2026_13_00,13471.20,13474.90,13455.50,13459.30,0,
26_05_2026_13_05,13459.70,13462.80,13452.30,13453.80,0,
26_05_2026_13_10,13453.80,13465.20,13452.20,13458.20,0,
26_05_2026_13_15,13459.00,13460.30,13449.20,13460.20,0,
26_05_2026_13_20,13459.90,13463.80,13457.00,13462.50,0,
26_05_2026_13_25,13462.50,13470.40,13457.00,13469.30,0,
26_05_2026_13_30,13469.70,13474.60,13468.50,13472.20,0,
26_05_2026_13_35,13472.80,13475.90,13471.70,13473.00,0,
26_05_2026_13_40,13472.80,13477.20,13470.10,13472.10,0,
26_05_2026_13_45,13472.20,13476.00,13470.30,13474.20,0,
26_05_2026_13_50,13473.40,13475.20,13467.20,13471.20,0,
26_05_2026_13_55,13471.50,13481.80,13471.50,13476.40,0,
26_05_2026_14_00,13476.80,13477.80,13458.30,13460.40,0,
26_05_2026_14_05,13460.50,13471.00,13457.30,13466.70,0,
26_05_2026_14_10,13468.20,13471.20,13462.80,13468.40,0,
26_05_2026_14_15,13469.20,13471.10,13463.00,13468.00,0,
26_05_2026_14_20,13468.20,13486.10,13468.10,13480.90,0,
26_05_2026_14_25,13480.90,13487.70,13477.80,13480.50,0,
26_05_2026_14_30,13480.30,13482.40,13475.80,13476.20,0,
26_05_2026_14_35,13475.70,13479.40,13461.80,13467.00,0,
26_05_2026_14_40,13466.90,13472.00,13462.00,13463.70,0,
26_05_2026_14_45,13463.40,13473.50,13462.80,13472.00,0,
26_05_2026_14_50,13472.50,13474.80,13456.80,13458.40,0,
26_05_2026_14_55,13457.80,13490.50,13457.80,13489.30,0,
26_05_2026_15_00,13490.20,13490.70,13480.20,13485.00,0,
26_05_2026_15_05,13484.90,13485.80,13477.40,13483.00,0,
26_05_2026_15_10,13483.60,13491.20,13479.00,13489.60,0,
26_05_2026_15_15,13489.50,13500.50,13483.80,13495.60,0,
26_05_2026_15_20,13494.70,13497.10,13486.70,13496.30,0,
26_05_2026_15_25,13496.40,13516.30,13494.50,13507.50,0,
27_05_2026_09_15,13558.30,13701.00,13555.80,13681.00,0,
27_05_2026_09_20,13679.80,13703.40,13657.50,13696.20,0,
27_05_2026_09_25,13697.80,13718.20,13681.20,13682.50,0,
27_05_2026_09_30,13681.20,13694.20,13664.80,13674.20,0,
27_05_2026_09_35,13674.50,13680.60,13665.10,13668.20,0,
27_05_2026_09_40,13668.20,13702.80,13663.50,13693.00,0,
27_05_2026_09_45,13693.90,13701.20,13670.20,13673.30,0,
27_05_2026_09_50,13674.10,13690.00,13672.00,13686.10,0,
27_05_2026_09_55,13685.90,13714.80,13684.80,13714.60,0,
27_05_2026_10_00,13714.20,13761.60,13712.00,13748.70,0,
27_05_2026_10_05,13748.20,13768.70,13745.30,13752.00,0,
27_05_2026_10_10,13752.30,13752.90,13727.50,13733.00,0,
27_05_2026_10_15,13733.00,13744.50,13732.00,13744.10,0,
27_05_2026_10_20,13745.00,13801.50,13743.80,13790.80,0,
27_05_2026_10_25,13792.20,13873.80,13789.80,13862.00,0,
27_05_2026_10_30,13861.50,13863.80,13844.00,13850.00,0,
27_05_2026_10_35,13850.10,13872.80,13849.90,13852.60,0,
27_05_2026_10_40,13852.80,13859.60,13833.00,13833.60,0,
27_05_2026_10_45,13835.40,13836.20,13821.50,13823.20,0,
27_05_2026_10_50,13823.60,13824.60,13817.90,13820.60,0,
27_05_2026_10_55,13821.00,13825.20,13801.70,13804.70,0,
27_05_2026_11_00,13804.00,13808.80,13779.20,13779.70,0,
27_05_2026_11_05,13781.50,13794.70,13768.50,13783.20,0,
27_05_2026_11_10,13784.30,13787.10,13763.80,13768.20,0,
27_05_2026_11_15,13769.40,13775.70,13765.00,13773.20,0,
27_05_2026_11_20,13773.20,13775.00,13761.00,13769.80,0,
27_05_2026_11_25,13771.00,13775.10,13764.30,13769.20,0,
27_05_2026_11_30,13770.00,13779.00,13764.40,13765.00,0,
27_05_2026_11_35,13765.40,13768.90,13746.90,13752.20,0,
27_05_2026_11_40,13752.00,13754.50,13735.30,13738.60,0,
27_05_2026_11_45,13738.50,13748.40,13729.70,13733.70,0,
27_05_2026_11_50,13734.20,13741.90,13728.30,13740.10,0,
27_05_2026_11_55,13739.90,13741.70,13729.30,13732.90,0,
27_05_2026_12_00,13732.80,13748.90,13729.10,13742.50,0,
27_05_2026_12_05,13742.90,13752.00,13742.30,13748.60,0,
27_05_2026_12_10,13748.40,13755.20,13748.00,13750.90,0,
27_05_2026_12_15,13751.00,13751.20,13738.40,13748.20,0,
27_05_2026_12_20,13749.30,13753.20,13744.20,13749.70,0,
27_05_2026_12_25,13749.20,13758.30,13732.10,13733.00,0,
27_05_2026_12_30,13732.50,13735.70,13726.00,13732.70,0,
27_05_2026_12_35,13732.50,13734.40,13727.00,13727.00,0,
27_05_2026_12_40,13727.40,13728.80,13718.20,13719.00,0,
27_05_2026_12_45,13719.70,13721.00,13713.50,13718.30,0,
27_05_2026_12_50,13718.30,13722.40,13704.00,13704.00,0,
27_05_2026_12_55,13706.30,13715.50,13702.30,13703.80,0,
27_05_2026_13_00,13705.00,13706.10,13696.90,13704.80,0,
27_05_2026_13_05,13705.20,13713.40,13698.50,13698.70,0,
27_05_2026_13_10,13698.50,13710.20,13696.20,13704.30,0,
27_05_2026_13_15,13704.50,13704.50,13689.70,13692.00,0,
27_05_2026_13_20,13692.00,13699.20,13690.50,13694.50,0,
27_05_2026_13_25,13694.50,13696.70,13686.20,13687.70,0,
27_05_2026_13_30,13687.20,13695.80,13682.20,13694.30,0,
27_05_2026_13_35,13694.40,13701.80,13694.00,13698.70,0,
27_05_2026_13_40,13698.10,13699.20,13689.70,13696.70,0,
27_05_2026_13_45,13696.80,13697.80,13692.20,13696.40,0,
27_05_2026_13_50,13696.40,13703.80,13689.00,13702.30,0,
27_05_2026_13_55,13702.30,13704.80,13697.50,13702.80,0,
27_05_2026_14_00,13702.90,13703.20,13694.40,13702.30,0,
27_05_2026_14_05,13702.20,13708.90,13700.20,13703.80,0,
27_05_2026_14_10,13703.80,13703.80,13694.80,13697.30,0,
27_05_2026_14_15,13697.60,13698.00,13693.20,13694.10,0,
27_05_2026_14_20,13693.40,13702.00,13684.20,13696.00,0,
27_05_2026_14_25,13695.60,13697.80,13675.30,13679.20,0,
27_05_2026_14_30,13679.40,13687.50,13674.30,13677.20,0,
27_05_2026_14_35,13677.10,13694.00,13667.50,13693.70,0,
27_05_2026_14_40,13693.00,13709.80,13692.50,13703.50,0,
27_05_2026_14_45,13704.50,13706.30,13696.20,13705.90,0,
27_05_2026_14_50,13706.00,13724.10,13705.50,13718.30,0,
27_05_2026_14_55,13718.20,13728.30,13716.30,13723.20,0,
27_05_2026_15_00,13723.10,13723.60,13713.00,13713.50,0,
27_05_2026_15_05,13714.00,13721.50,13711.60,13721.00,0,
27_05_2026_15_10,13721.20,13721.90,13715.20,13720.50,0,
27_05_2026_15_15,13720.20,13724.10,13713.80,13721.70,0,
27_05_2026_15_20,13720.70,13727.70,13717.50,13722.20,0,
27_05_2026_15_25,13722.20,13733.80,13711.00,13715.40,0,
29_05_2026_09_15,13812.50,13816.00,13682.90,13710.40,0,
29_05_2026_09_20,13710.70,13732.20,13696.30,13711.70,0,
29_05_2026_09_25,13711.00,13747.80,13706.90,13728.30,0,
29_05_2026_09_30,13726.20,13755.20,13720.80,13746.70,0,
29_05_2026_09_35,13746.70,13770.50,13725.00,13732.20,0,
29_05_2026_09_40,13732.00,13734.80,13678.90,13680.20,0,
29_05_2026_09_45,13680.20,13706.80,13675.80,13689.50,0,
29_05_2026_09_50,13689.20,13689.50,13659.50,13661.70,0,
29_05_2026_09_55,13662.00,13663.00,13626.50,13627.80,0,
29_05_2026_10_00,13628.50,13642.70,13622.50,13641.10,0,
29_05_2026_10_05,13641.70,13651.20,13632.80,13638.50,0,
29_05_2026_10_10,13638.20,13647.50,13628.70,13637.10,0,
29_05_2026_10_15,13637.20,13649.30,13637.00,13643.80,0,
29_05_2026_10_20,13643.60,13658.50,13637.30,13648.00,0,
29_05_2026_10_25,13648.80,13651.00,13623.70,13626.10,0,
29_05_2026_10_30,13628.70,13643.20,13628.70,13636.00,0,
29_05_2026_10_35,13637.30,13639.70,13630.40,13634.20,0,
29_05_2026_10_40,13633.80,13638.20,13616.50,13616.60,0,
29_05_2026_10_45,13616.30,13618.80,13606.50,13618.50,0,
29_05_2026_10_50,13618.50,13625.30,13616.00,13619.30,0,
29_05_2026_10_55,13619.20,13638.80,13617.30,13633.20,0,
29_05_2026_11_00,13633.20,13639.40,13627.30,13629.40,0,
29_05_2026_11_05,13629.40,13637.50,13627.30,13630.70,0,
29_05_2026_11_10,13630.70,13631.20,13616.50,13624.70,0,
29_05_2026_11_15,13624.50,13644.60,13623.80,13639.70,0,
29_05_2026_11_20,13639.20,13642.20,13631.10,13642.00,0,
29_05_2026_11_25,13643.10,13646.20,13636.50,13642.00,0,
29_05_2026_11_30,13642.00,13649.50,13638.80,13639.40,0,
29_05_2026_11_35,13639.50,13647.70,13635.10,13644.70,0,
29_05_2026_11_40,13644.70,13646.20,13625.00,13628.80,0,
29_05_2026_11_45,13629.00,13635.50,13623.80,13631.30,0,
29_05_2026_11_50,13631.00,13647.30,13623.50,13640.30,0,
29_05_2026_11_55,13640.20,13646.20,13631.50,13632.10,0,
29_05_2026_12_00,13632.70,13634.40,13625.80,13632.10,0,
29_05_2026_12_05,13632.20,13634.90,13618.80,13619.70,0,
29_05_2026_12_10,13620.40,13624.40,13596.20,13599.10,0,
29_05_2026_12_15,13599.20,13612.60,13587.80,13610.50,0,
29_05_2026_12_20,13610.20,13620.90,13602.80,13618.30,0,
29_05_2026_12_25,13618.70,13630.20,13618.50,13628.60,0,
29_05_2026_12_30,13628.70,13632.60,13617.30,13619.00,0,
29_05_2026_12_35,13619.10,13636.20,13612.20,13635.40,0,
29_05_2026_12_40,13635.20,13641.50,13630.60,13637.80,0,
29_05_2026_12_45,13637.20,13642.10,13633.10,13639.50,0,
29_05_2026_12_50,13639.00,13639.80,13622.00,13622.00,0,
29_05_2026_12_55,13623.30,13625.70,13604.00,13618.00,0,
29_05_2026_13_00,13618.10,13618.50,13603.00,13604.00,0,
29_05_2026_13_05,13604.10,13612.20,13601.20,13605.50,0,
29_05_2026_13_10,13605.00,13605.00,13582.80,13585.50,0,
29_05_2026_13_15,13584.00,13606.50,13579.20,13600.20,0,
29_05_2026_13_20,13600.20,13604.50,13582.40,13590.50,0,
29_05_2026_13_25,13591.20,13594.70,13572.00,13581.30,0,
29_05_2026_13_30,13582.70,13595.20,13582.70,13593.50,0,
29_05_2026_13_35,13592.50,13605.00,13592.50,13602.00,0,
29_05_2026_13_40,13602.10,13611.30,13598.90,13602.30,0,
29_05_2026_13_45,13602.80,13608.00,13592.80,13598.60,0,
29_05_2026_13_50,13599.20,13606.80,13594.10,13599.50,0,
29_05_2026_13_55,13600.00,13609.00,13597.30,13606.40,0,
29_05_2026_14_00,13607.20,13607.70,13592.40,13595.00,0,
29_05_2026_14_05,13595.30,13599.80,13584.60,13590.80,0,
29_05_2026_14_10,13590.80,13596.30,13584.00,13587.80,0,
29_05_2026_14_15,13588.00,13588.00,13572.50,13576.40,0,
29_05_2026_14_20,13576.80,13588.00,13570.50,13584.80,0,
29_05_2026_14_25,13585.00,13585.70,13574.20,13581.00,0,
29_05_2026_14_30,13581.20,13603.50,13579.70,13597.80,0,
29_05_2026_14_35,13597.20,13603.60,13580.30,13590.20,0,
29_05_2026_14_40,13589.80,13602.80,13586.40,13596.50,0,
29_05_2026_14_45,13595.20,13599.20,13586.20,13593.60,0,
29_05_2026_14_50,13593.80,13594.80,13581.40,13583.60,0,
29_05_2026_14_55,13583.90,13584.80,13554.90,13573.30,0,
29_05_2026_15_00,13573.10,13573.70,13444.80,13451.80,0,
29_05_2026_15_05,13452.20,13452.20,13425.70,13441.80,0,
29_05_2026_15_10,13442.30,13454.60,13438.70,13442.50,0,
29_05_2026_15_15,13443.30,13447.10,13423.50,13430.70,0,
29_05_2026_15_20,13430.20,13432.50,13399.20,13402.70,0,
29_05_2026_15_25,13401.00,13502.50,13388.80,13492.20,0,
01_06_2026_09_15,13514.70,13569.10,13471.80,13514.70,0,
01_06_2026_09_20,13514.70,13527.00,13473.30,13492.30,0,
01_06_2026_09_25,13492.10,13513.20,13474.00,13490.50,0,
01_06_2026_09_30,13489.40,13523.00,13481.80,13486.30,0,
01_06_2026_09_35,13486.50,13489.20,13447.70,13478.20,0,
01_06_2026_09_40,13477.80,13493.80,13474.00,13477.80,0,
01_06_2026_09_45,13477.50,13493.70,13465.00,13467.90,0,
01_06_2026_09_50,13467.70,13482.80,13445.80,13463.80,0,
01_06_2026_09_55,13464.00,13466.60,13442.80,13449.70,0,
01_06_2026_10_00,13449.50,13451.90,13422.30,13425.00,0,
01_06_2026_10_05,13425.50,13448.00,13422.00,13444.20,0,
01_06_2026_10_10,13443.20,13458.40,13437.60,13452.10,0,
01_06_2026_10_15,13451.60,13463.50,13444.00,13449.20,0,
01_06_2026_10_20,13449.90,13451.10,13430.10,13437.80,0,
01_06_2026_10_25,13439.20,13455.10,13436.80,13441.30,0,
01_06_2026_10_30,13441.10,13447.10,13421.00,13426.30,0,
01_06_2026_10_35,13426.00,13442.90,13418.50,13438.20,0,
01_06_2026_10_40,13438.40,13451.90,13431.90,13444.40,0,
01_06_2026_10_45,13444.40,13484.30,13444.40,13473.30,0,
01_06_2026_10_50,13473.00,13489.80,13467.50,13489.00,0,
01_06_2026_10_55,13488.50,13499.20,13476.80,13478.70,0,
01_06_2026_11_00,13479.10,13487.90,13477.70,13485.00,0,
01_06_2026_11_05,13484.50,13497.80,13480.00,13495.80,0,
01_06_2026_11_10,13497.30,13501.50,13478.30,13480.70,0,
01_06_2026_11_15,13480.00,13487.50,13470.20,13479.20,0,
01_06_2026_11_20,13478.80,13479.80,13456.20,13458.50,0,
01_06_2026_11_25,13458.20,13462.60,13442.90,13443.70,0,
01_06_2026_11_30,13443.50,13452.10,13435.00,13441.60,0,
01_06_2026_11_35,13441.20,13445.80,13430.50,13442.20,0,
01_06_2026_11_40,13440.90,13448.90,13437.90,13439.80,0,
01_06_2026_11_45,13439.50,13440.50,13426.40,13435.20,0,
01_06_2026_11_50,13434.50,13439.60,13430.70,13435.30,0,
01_06_2026_11_55,13434.90,13435.00,13396.00,13399.80,0,
01_06_2026_12_00,13399.50,13410.80,13396.20,13408.30,0,
01_06_2026_12_05,13408.00,13420.80,13406.00,13414.90,0,
01_06_2026_12_10,13414.90,13455.70,13411.20,13452.80,0,
01_06_2026_12_15,13452.80,13470.80,13446.10,13461.70,0,
01_06_2026_12_20,13462.50,13465.50,13445.00,13447.80,0,
01_06_2026_12_25,13448.00,13455.30,13446.00,13449.00,0,
01_06_2026_12_30,13449.20,13458.50,13446.00,13456.90,0,
01_06_2026_12_35,13456.80,13485.90,13456.00,13484.20,0,
01_06_2026_12_40,13485.00,13487.80,13473.30,13487.80,0,
01_06_2026_12_45,13487.70,13512.30,13485.00,13510.30,0,
01_06_2026_12_50,13510.70,13524.80,13510.70,13517.30,0,
01_06_2026_12_55,13515.90,13516.80,13493.50,13511.70,0,
01_06_2026_13_00,13511.80,13517.10,13497.50,13499.70,0,
01_06_2026_13_05,13500.00,13511.30,13491.40,13491.70,0,
01_06_2026_13_10,13491.60,13493.90,13464.20,13486.60,0,
01_06_2026_13_15,13485.40,13502.50,13482.50,13502.50,0,
01_06_2026_13_20,13502.70,13509.90,13492.70,13507.80,0,
01_06_2026_13_25,13506.60,13508.00,13491.50,13505.10,0,
01_06_2026_13_30,13505.20,13528.90,13501.60,13518.30,0,
01_06_2026_13_35,13518.00,13524.20,13509.30,13521.50,0,
01_06_2026_13_40,13520.70,13525.50,13516.80,13518.50,0,
01_06_2026_13_45,13518.20,13519.20,13503.50,13505.20,0,
01_06_2026_13_50,13505.20,13513.50,13498.50,13499.70,0,
01_06_2026_13_55,13500.20,13504.60,13494.30,13500.70,0,
01_06_2026_14_00,13500.80,13502.50,13478.50,13486.50,0,
01_06_2026_14_05,13486.50,13490.80,13481.50,13487.10,0,
01_06_2026_14_10,13486.20,13502.50,13482.00,13484.00,0,
01_06_2026_14_15,13484.00,13500.50,13479.00,13500.20,0,
01_06_2026_14_20,13499.10,13499.30,13480.40,13480.40,0,
01_06_2026_14_25,13481.40,13494.50,13480.60,13488.30,0,
01_06_2026_14_30,13487.50,13501.30,13483.80,13487.60,0,
01_06_2026_14_35,13486.80,13503.20,13486.80,13502.50,0,
01_06_2026_14_40,13502.70,13508.00,13499.70,13502.20,0,
01_06_2026_14_45,13501.80,13529.80,13497.20,13507.20,0,
01_06_2026_14_50,13507.70,13509.50,13478.50,13485.50,0,
01_06_2026_14_55,13485.00,13498.40,13478.00,13481.30,0,
01_06_2026_15_00,13480.40,13491.00,13466.00,13489.50,0,
01_06_2026_15_05,13489.30,13511.30,13481.50,13511.30,0,
01_06_2026_15_10,13511.50,13530.80,13510.50,13522.10,0,
01_06_2026_15_15,13522.00,13532.70,13516.50,13517.50,0,
01_06_2026_15_20,13517.00,13518.30,13498.80,13503.30,0,
01_06_2026_15_25,13503.30,13538.30,13502.50,13524.00,0,
02_06_2026_09_15,13473.10,13534.20,13469.00,13528.10,0,
02_06_2026_09_20,13527.20,13530.00,13501.20,13523.20,0,
02_06_2026_09_25,13523.20,13538.90,13513.80,13533.90,0,
02_06_2026_09_30,13533.30,13543.60,13515.00,13540.20,0,
02_06_2026_09_35,13540.80,13614.70,13539.90,13602.50,0,
02_06_2026_09_40,13602.30,13607.20,13570.10,13601.80,0,
02_06_2026_09_45,13601.20,13629.20,13593.90,13602.20,0,
02_06_2026_09_50,13602.10,13625.30,13599.00,13604.80,0,
02_06_2026_09_55,13605.80,13620.00,13575.50,13591.00,0,
02_06_2026_10_00,13589.70,13600.80,13548.70,13575.10,0,
02_06_2026_10_05,13575.00,13575.00,13528.80,13542.30,0,
02_06_2026_10_10,13543.20,13546.30,13511.00,13517.20,0,
02_06_2026_10_15,13517.70,13518.20,13494.80,13509.50,0,
02_06_2026_10_20,13509.70,13549.20,13509.70,13544.00,0,
02_06_2026_10_25,13545.00,13585.30,13544.60,13585.30,0,
02_06_2026_10_30,13585.80,13592.30,13543.80,13554.00,0,
02_06_2026_10_35,13554.20,13566.10,13551.80,13559.50,0,
02_06_2026_10_40,13560.00,13573.80,13559.30,13565.50,0,
02_06_2026_10_45,13565.50,13580.10,13557.80,13561.50,0,
02_06_2026_10_50,13561.00,13562.80,13525.70,13530.70,0,
02_06_2026_10_55,13530.70,13537.00,13524.90,13535.50,0,
02_06_2026_11_00,13536.50,13564.70,13536.40,13554.60,0,
02_06_2026_11_05,13554.10,13576.10,13552.60,13559.00,0,
02_06_2026_11_10,13558.50,13568.80,13551.70,13560.00,0,
02_06_2026_11_15,13560.10,13567.50,13549.30,13567.50,0,
02_06_2026_11_20,13567.50,13578.20,13565.50,13573.20,0,
02_06_2026_11_25,13573.00,13574.70,13543.20,13549.80,0,
02_06_2026_11_30,13549.70,13551.30,13528.80,13530.90,0,
02_06_2026_11_35,13530.80,13533.00,13500.80,13506.80,0,
02_06_2026_11_40,13507.00,13520.10,13502.60,13507.40,0,
02_06_2026_11_45,13507.70,13520.20,13505.20,13508.60,0,
02_06_2026_11_50,13509.50,13515.70,13504.40,13505.00,0,
02_06_2026_11_55,13505.00,13506.70,13492.60,13493.20,0,
02_06_2026_12_00,13493.70,13493.70,13461.40,13462.20,0,
02_06_2026_12_05,13460.90,13469.20,13450.00,13468.60,0,
02_06_2026_12_10,13468.30,13473.90,13462.30,13466.70,0,
02_06_2026_12_15,13466.30,13470.70,13454.50,13464.20,0,
02_06_2026_12_20,13464.00,13466.20,13458.60,13465.40,0,
02_06_2026_12_25,13465.20,13479.50,13464.10,13472.80,0,
02_06_2026_12_30,13472.20,13504.50,13471.20,13495.50,0,
02_06_2026_12_35,13496.10,13505.50,13491.50,13492.10,0,
02_06_2026_12_40,13491.80,13515.60,13490.50,13514.50,0,
02_06_2026_12_45,13515.70,13548.20,13515.00,13543.70,0,
02_06_2026_12_50,13543.80,13559.00,13543.70,13548.90,0,
02_06_2026_12_55,13548.80,13561.90,13547.10,13553.40,0,
02_06_2026_13_00,13553.50,13556.10,13541.00,13544.60,0,
02_06_2026_13_05,13544.80,13555.50,13535.50,13546.30,0,
02_06_2026_13_10,13545.00,13559.20,13542.50,13551.30,0,
02_06_2026_13_15,13551.30,13554.50,13543.40,13547.10,0,
02_06_2026_13_20,13547.30,13549.50,13539.50,13548.40,0,
02_06_2026_13_25,13549.60,13555.40,13544.00,13554.90,0,
02_06_2026_13_30,13555.80,13576.00,13555.80,13573.80,0,
02_06_2026_13_35,13574.20,13575.40,13562.80,13567.20,0,
02_06_2026_13_40,13567.20,13568.30,13551.60,13557.40,0,
02_06_2026_13_45,13557.70,13568.50,13556.00,13567.50,0,
02_06_2026_13_50,13567.80,13580.20,13564.40,13577.70,0,
02_06_2026_13_55,13577.20,13582.50,13567.20,13573.60,0,
02_06_2026_14_00,13573.50,13577.50,13568.30,13573.80,0,
02_06_2026_14_05,13573.80,13591.80,13572.10,13590.00,0,
02_06_2026_14_10,13589.40,13589.40,13571.20,13571.50,0,
02_06_2026_14_15,13571.50,13577.90,13557.10,13559.00,0,
02_06_2026_14_20,13558.70,13579.00,13557.20,13574.00,0,
02_06_2026_14_25,13573.70,13574.80,13558.00,13558.40,0,
02_06_2026_14_30,13558.20,13566.10,13551.70,13563.80,0,
02_06_2026_14_35,13563.30,13563.30,13529.80,13530.50,0,
02_06_2026_14_40,13531.20,13532.50,13515.30,13526.50,0,
02_06_2026_14_45,13525.90,13539.10,13514.20,13538.40,0,
02_06_2026_14_50,13539.40,13544.30,13530.70,13541.50,0,
02_06_2026_14_55,13541.70,13546.90,13535.80,13539.40,0,
02_06_2026_15_00,13540.00,13548.20,13522.70,13540.20,0,
02_06_2026_15_05,13540.00,13550.70,13539.00,13549.30,0,
02_06_2026_15_10,13549.70,13561.80,13547.50,13555.90,0,
02_06_2026_15_15,13555.30,13573.70,13554.20,13571.20,0,
02_06_2026_15_20,13570.90,13571.60,13564.00,13568.40,0,
02_06_2026_15_25,13568.10,13572.50,13556.30,13561.10,0,
03_06_2026_09_15,13595.20,13613.60,13517.50,13555.30,0,
03_06_2026_09_20,13556.10,13563.40,13534.50,13555.00,0,
03_06_2026_09_25,13556.00,13568.30,13545.00,13553.70,0,
03_06_2026_09_30,13553.00,13555.40,13525.50,13528.50,0,
03_06_2026_09_35,13528.60,13547.80,13518.50,13528.30,0,
03_06_2026_09_40,13530.60,13530.60,13505.10,13524.70,0,
03_06_2026_09_45,13525.40,13527.30,13489.80,13493.20,0,
03_06_2026_09_50,13493.00,13508.30,13469.10,13470.40,0,
03_06_2026_09_55,13470.90,13476.80,13447.00,13464.70,0,
03_06_2026_10_00,13465.20,13489.20,13455.00,13488.50,0,
03_06_2026_10_05,13489.60,13494.50,13463.80,13464.90,0,
03_06_2026_10_10,13464.70,13464.80,13435.10,13436.50,0,
03_06_2026_10_15,13436.30,13455.90,13430.80,13450.00,0,
03_06_2026_10_20,13450.50,13463.30,13448.80,13449.70,0,
03_06_2026_10_25,13450.30,13453.20,13436.40,13438.00,0,
03_06_2026_10_30,13438.10,13449.70,13415.00,13417.80,0,
03_06_2026_10_35,13417.50,13435.80,13416.50,13429.90,0,
03_06_2026_10_40,13431.30,13434.50,13426.20,13427.50,0,
03_06_2026_10_45,13427.50,13440.50,13424.30,13435.00,0,
03_06_2026_10_50,13435.00,13437.80,13420.00,13428.20,0,
03_06_2026_10_55,13428.70,13429.70,13415.80,13425.30,0,
03_06_2026_11_00,13425.90,13428.40,13413.80,13414.20,0,
03_06_2026_11_05,13414.50,13415.70,13397.50,13402.20,0,
03_06_2026_11_10,13402.00,13408.30,13399.20,13405.70,0,
03_06_2026_11_15,13405.40,13427.40,13403.20,13420.20,0,
03_06_2026_11_20,13422.20,13439.80,13416.80,13436.50,0,
03_06_2026_11_25,13437.80,13437.80,13423.90,13431.50,0,
03_06_2026_11_30,13433.00,13445.30,13428.90,13442.20,0,
03_06_2026_11_35,13442.80,13445.80,13433.50,13437.80,0,
03_06_2026_11_40,13439.50,13442.00,13422.60,13438.40,0,
03_06_2026_11_45,13439.20,13442.50,13433.10,13434.20,0,
03_06_2026_11_50,13434.70,13439.10,13423.70,13427.90,0,
03_06_2026_11_55,13428.50,13428.50,13414.00,13414.50,0,
03_06_2026_12_00,13415.30,13415.40,13384.30,13391.80,0,
03_06_2026_12_05,13392.00,13411.30,13388.60,13405.30,0,
03_06_2026_12_10,13406.20,13409.30,13394.50,13397.00,0,
03_06_2026_12_15,13397.30,13417.80,13392.00,13411.10,0,
03_06_2026_12_20,13411.30,13431.30,13410.40,13426.30,0,
03_06_2026_12_25,13427.00,13449.80,13419.50,13446.50,0,
03_06_2026_12_30,13447.90,13465.00,13446.20,13464.30,0,
03_06_2026_12_35,13464.20,13495.00,13463.50,13492.50,0,
03_06_2026_12_40,13493.00,13508.20,13487.80,13490.80,0,
03_06_2026_12_45,13491.00,13493.20,13470.60,13474.30,0,
03_06_2026_12_50,13475.20,13481.60,13464.20,13466.20,0,
03_06_2026_12_55,13466.70,13476.50,13464.40,13466.40,0,
03_06_2026_13_00,13467.60,13475.20,13465.20,13471.80,0,
03_06_2026_13_05,13472.70,13475.80,13464.30,13467.80,0,
03_06_2026_13_10,13469.00,13469.00,13458.70,13464.90,0,
03_06_2026_13_15,13471.80,13488.80,13470.10,13479.00,0,
03_06_2026_13_20,13479.00,13498.80,13478.50,13496.20,0,
03_06_2026_13_25,13496.80,13500.20,13488.50,13492.80,0,
03_06_2026_13_30,13493.60,13494.90,13479.90,13491.20,0,
03_06_2026_13_35,13491.20,13492.00,13477.80,13484.40,0,
03_06_2026_13_40,13485.20,13502.40,13484.20,13486.20,0,
03_06_2026_13_45,13487.60,13531.20,13487.00,13522.30,0,
03_06_2026_13_50,13522.70,13527.80,13505.20,13512.20,0,
03_06_2026_13_55,13512.70,13513.80,13494.30,13505.20,0,
03_06_2026_14_00,13507.90,13526.80,13505.90,13525.70,0,
03_06_2026_14_05,13526.80,13534.00,13515.50,13518.80,0,
03_06_2026_14_10,13519.20,13523.50,13508.80,13520.00,0,
03_06_2026_14_15,13520.80,13547.30,13520.20,13547.30,0,
03_06_2026_14_20,13547.80,13561.50,13540.80,13560.00,0,
03_06_2026_14_25,13559.80,13560.20,13542.70,13552.00,0,
03_06_2026_14_30,13553.10,13565.70,13553.00,13562.90,0,
03_06_2026_14_35,13563.70,13574.40,13550.50,13572.40,0,
03_06_2026_14_40,13572.90,13585.80,13571.10,13582.80,0,
03_06_2026_14_45,13583.20,13584.70,13559.50,13570.50,0,
03_06_2026_14_50,13570.70,13577.50,13566.90,13572.30,0,
03_06_2026_14_55,13572.40,13572.40,13557.30,13564.80,0,
03_06_2026_15_00,13565.80,13579.70,13537.50,13545.50,0,
03_06_2026_15_05,13545.80,13561.20,13524.70,13525.10,0,
03_06_2026_15_10,13526.20,13530.80,13512.50,13527.30,0,
03_06_2026_15_15,13527.30,13538.10,13525.80,13534.10,0,
03_06_2026_15_20,13534.20,13538.60,13530.20,13531.50,0,
03_06_2026_15_25,13531.40,13533.50,13521.30,13527.00,0,
04_06_2026_09_15,13485.30,13545.20,13474.40,13507.50,0,
04_06_2026_09_20,13506.00,13530.10,13498.60,13504.70,0,
04_06_2026_09_25,13503.50,13511.70,13467.40,13469.80,0,
04_06_2026_09_30,13467.80,13487.00,13464.30,13481.30,0,
04_06_2026_09_35,13481.90,13513.20,13472.50,13472.90,0,
04_06_2026_09_40,13472.00,13485.20,13453.20,13473.50,0,
04_06_2026_09_45,13472.80,13486.70,13472.80,13483.00,0,
04_06_2026_09_50,13483.00,13490.20,13473.20,13490.10,0,
04_06_2026_09_55,13490.00,13509.50,13487.00,13489.20,0,
04_06_2026_10_00,13487.00,13494.40,13475.00,13486.00,0,
04_06_2026_10_05,13485.50,13493.60,13478.20,13479.20,0,
04_06_2026_10_10,13478.80,13493.30,13478.00,13490.80,0,
04_06_2026_10_15,13490.80,13513.20,13487.80,13508.30,0,
04_06_2026_10_20,13508.30,13517.20,13504.50,13515.20,0,
04_06_2026_10_25,13515.30,13517.20,13491.80,13492.10,0,
04_06_2026_10_30,13492.00,13493.40,13465.30,13467.30,0,
04_06_2026_10_35,13467.00,13475.50,13451.70,13456.70,0,
04_06_2026_10_40,13456.80,13471.20,13453.10,13468.00,0,
04_06_2026_10_45,13466.80,13481.80,13466.80,13475.20,0,
04_06_2026_10_50,13474.20,13476.60,13466.20,13470.50,0,
04_06_2026_10_55,13469.90,13477.30,13467.40,13467.40,0,
04_06_2026_11_00,13466.50,13468.50,13441.50,13452.60,0,
04_06_2026_11_05,13451.30,13452.80,13434.50,13448.00,0,
04_06_2026_11_10,13447.90,13460.50,13447.10,13458.80,0,
04_06_2026_11_15,13458.10,13469.00,13451.10,13453.90,0,
04_06_2026_11_20,13453.50,13460.80,13452.20,13455.70,0,
04_06_2026_11_25,13455.60,13469.70,13453.00,13465.10,0,
04_06_2026_11_30,13464.30,13472.50,13452.50,13472.50,0,
04_06_2026_11_35,13471.50,13500.00,13466.50,13496.30,0,
04_06_2026_11_40,13496.20,13505.60,13489.80,13491.60,0,
04_06_2026_11_45,13491.80,13499.70,13491.00,13495.20,0,
04_06_2026_11_50,13495.40,13496.80,13477.30,13477.30,0,
04_06_2026_11_55,13477.30,13494.50,13477.30,13493.00,0,
04_06_2026_12_00,13493.20,13501.80,13484.80,13497.80,0,
04_06_2026_12_05,13498.10,13505.60,13491.20,13492.10,0,
04_06_2026_12_10,13491.70,13498.60,13488.80,13494.10,0,
04_06_2026_12_15,13493.40,13495.30,13485.60,13487.30,0,
04_06_2026_12_20,13486.80,13488.80,13476.80,13479.50,0,
04_06_2026_12_25,13478.60,13483.20,13474.50,13479.00,0,
04_06_2026_12_30,13478.10,13480.30,13464.30,13464.30,0,
04_06_2026_12_35,13460.00,13463.80,13449.80,13454.10,0,
04_06_2026_12_40,13453.80,13457.70,13448.60,13449.70,0,
04_06_2026_12_45,13449.70,13452.70,13438.40,13452.10,0,
04_06_2026_12_50,13452.30,13453.90,13443.20,13447.50,0,
04_06_2026_12_55,13446.40,13456.80,13446.30,13455.80,0,
04_06_2026_13_00,13455.10,13460.90,13448.10,13459.20,0,
04_06_2026_13_05,13459.00,13460.70,13448.70,13456.80,0,
04_06_2026_13_10,13457.40,13458.30,13416.80,13419.50,0,
04_06_2026_13_15,13417.20,13439.20,13412.50,13438.90,0,
04_06_2026_13_20,13439.00,13452.00,13435.30,13448.00,0,
04_06_2026_13_25,13448.40,13456.00,13444.00,13453.70,0,
04_06_2026_13_30,13453.80,13453.80,13442.30,13446.40,0,
04_06_2026_13_35,13446.80,13449.80,13440.50,13443.00,0,
04_06_2026_13_40,13442.90,13444.20,13429.20,13436.50,0,
04_06_2026_13_45,13436.00,13439.00,13430.50,13437.70,0,
04_06_2026_13_50,13437.80,13437.80,13425.70,13427.80,0,
04_06_2026_13_55,13427.50,13436.00,13421.20,13434.20,0,
04_06_2026_14_00,13433.90,13452.60,13433.90,13449.20,0,
04_06_2026_14_05,13449.20,13457.40,13448.70,13454.80,0,
04_06_2026_14_10,13453.50,13458.30,13446.00,13447.20,0,
04_06_2026_14_15,13446.80,13454.00,13446.50,13446.80,0,
04_06_2026_14_20,13446.60,13446.80,13432.90,13437.90,0,
04_06_2026_14_25,13437.70,13451.90,13433.00,13436.10,0,
04_06_2026_14_30,13435.00,13455.80,13426.50,13437.10,0,
04_06_2026_14_35,13437.10,13455.00,13437.10,13446.50,0,
04_06_2026_14_40,13446.50,13454.80,13439.80,13440.70,0,
04_06_2026_14_45,13441.50,13463.00,13441.30,13447.90,0,
04_06_2026_14_50,13448.70,13456.70,13434.30,13435.70,0,
04_06_2026_14_55,13435.70,13447.20,13435.70,13443.90,0,
04_06_2026_15_00,13443.80,13445.30,13421.50,13425.50,0,
04_06_2026_15_05,13426.20,13433.70,13419.30,13432.10,0,
04_06_2026_15_10,13432.50,13437.00,13429.70,13433.60,0,
04_06_2026_15_15,13433.10,13439.60,13428.00,13436.60,0,
04_06_2026_15_20,13435.80,13443.10,13429.50,13442.50,0,
04_06_2026_15_25,13442.60,13454.80,13433.50,13438.80,0,
05_06_2026_09_15,13448.20,13476.20,13315.00,13344.80,0,
05_06_2026_09_20,13345.10,13370.00,13332.20,13347.20,0,
05_06_2026_09_25,13346.50,13364.90,13340.60,13348.20,0,
05_06_2026_09_30,13347.70,13383.00,13346.30,13348.10,0,
05_06_2026_09_35,13347.80,13380.00,13345.50,13378.80,0,
05_06_2026_09_40,13379.70,13383.20,13363.20,13373.30,0,
05_06_2026_09_45,13373.60,13374.00,13324.80,13324.80,0,
05_06_2026_09_50,13325.20,13326.00,13307.00,13313.60,0,
05_06_2026_09_55,13312.50,13330.10,13310.40,13325.00,0,
05_06_2026_10_00,13324.70,13347.00,13312.20,13339.40,0,
05_06_2026_10_05,13340.00,13360.00,13322.20,13354.90,0,
05_06_2026_10_10,13353.20,13375.60,13349.70,13356.00,0,
05_06_2026_10_15,13355.20,13365.80,13340.00,13356.80,0,
05_06_2026_10_20,13357.30,13369.50,13344.80,13369.30,0,
05_06_2026_10_25,13369.30,13382.80,13356.60,13365.40,0,
05_06_2026_10_30,13366.00,13382.80,13364.00,13364.80,0,
05_06_2026_10_35,13364.90,13370.70,13302.90,13310.30,0,
05_06_2026_10_40,13309.80,13311.00,13289.80,13305.30,0,
05_06_2026_10_45,13305.50,13305.50,13283.80,13302.70,0,
05_06_2026_10_50,13302.20,13317.00,13302.20,13313.20,0,
05_06_2026_10_55,13313.10,13319.50,13300.60,13314.00,0,
05_06_2026_11_00,13314.20,13343.70,13314.20,13339.90,0,
05_06_2026_11_05,13340.30,13352.20,13338.20,13341.00,0,
05_06_2026_11_10,13341.70,13344.80,13309.70,13317.00,0,
05_06_2026_11_15,13316.70,13323.70,13304.50,13311.10,0,
05_06_2026_11_20,13310.60,13311.80,13282.70,13293.50,0,
05_06_2026_11_25,13293.50,13312.60,13289.50,13302.50,0,
05_06_2026_11_30,13302.30,13316.70,13300.80,13304.10,0,
05_06_2026_11_35,13303.50,13305.40,13282.20,13290.70,0,
05_06_2026_11_40,13291.00,13293.00,13277.70,13278.80,0,
05_06_2026_11_45,13278.00,13290.60,13273.80,13277.70,0,
05_06_2026_11_50,13278.30,13278.30,13252.80,13261.30,0,
05_06_2026_11_55,13261.30,13272.80,13258.00,13264.30,0,
05_06_2026_12_00,13265.20,13280.50,13261.50,13277.30,0,
05_06_2026_12_05,13277.50,13292.80,13277.30,13284.20,0,
05_06_2026_12_10,13284.30,13293.20,13279.50,13289.00,0,
05_06_2026_12_15,13288.80,13304.10,13286.50,13293.80,0,
05_06_2026_12_20,13293.20,13294.20,13277.30,13284.10,0,
05_06_2026_12_25,13284.10,13286.50,13272.70,13274.00,0,
05_06_2026_12_30,13274.20,13276.50,13251.10,13254.50,0,
05_06_2026_12_35,13254.00,13255.70,13222.50,13228.20,0,
05_06_2026_12_40,13228.00,13234.80,13195.50,13201.00,0,
05_06_2026_12_45,13201.00,13210.20,13192.50,13193.70,0,
05_06_2026_12_50,13193.60,13197.00,13167.40,13185.20,0,
05_06_2026_12_55,13185.00,13200.20,13180.00,13191.80,0,
05_06_2026_13_00,13192.20,13192.20,13167.20,13176.90,0,
05_06_2026_13_05,13177.10,13179.40,13136.00,13140.50,0,
05_06_2026_13_10,13140.10,13156.00,13133.20,13144.80,0,
05_06_2026_13_15,13144.70,13167.30,13136.80,13165.50,0,
05_06_2026_13_20,13165.60,13166.00,13146.80,13153.80,0,
05_06_2026_13_25,13151.30,13165.80,13146.90,13152.50,0,
05_06_2026_13_30,13151.20,13168.30,13143.30,13155.70,0,
05_06_2026_13_35,13155.50,13158.30,13146.50,13146.50,0,
05_06_2026_13_40,13146.70,13149.00,13125.80,13135.50,0,
05_06_2026_13_45,13135.20,13152.60,13132.40,13147.30,0,
05_06_2026_13_50,13146.40,13149.20,13134.50,13142.40,0,
05_06_2026_13_55,13141.80,13159.70,13140.20,13159.70,0,
05_06_2026_14_00,13159.60,13164.20,13141.70,13157.50,0,
05_06_2026_14_05,13157.20,13182.30,13156.40,13174.50,0,
05_06_2026_14_10,13173.90,13177.80,13163.30,13172.80,0,
05_06_2026_14_15,13172.10,13181.20,13167.80,13180.00,0,
05_06_2026_14_20,13179.40,13180.50,13166.30,13176.10,0,
05_06_2026_14_25,13175.80,13208.30,13175.40,13206.30,0,
05_06_2026_14_30,13206.70,13224.40,13204.50,13210.00,0,
05_06_2026_14_35,13211.20,13218.10,13193.50,13207.20,0,
05_06_2026_14_40,13206.20,13245.80,13204.70,13240.80,0,
05_06_2026_14_45,13240.80,13251.30,13215.00,13226.20,0,
05_06_2026_14_50,13228.50,13242.80,13228.20,13235.20,0,
05_06_2026_14_55,13235.20,13237.50,13215.90,13218.00,0,
05_06_2026_15_00,13219.00,13224.00,13202.90,13215.90,0,
05_06_2026_15_05,13215.70,13222.10,13209.80,13218.00,0,
05_06_2026_15_10,13218.50,13224.60,13211.40,13223.40,0,
05_06_2026_15_15,13223.00,13241.50,13223.00,13230.70,0,
05_06_2026_15_20,13231.20,13231.70,13214.20,13219.00,0,
05_06_2026_15_25,13218.50,13232.80,13216.20,13228.30,0,
08_06_2026_09_15,13023.20,13048.80,12944.60,13026.50,0,
08_06_2026_09_20,13028.70,13028.70,12994.30,13018.20,0,
08_06_2026_09_25,13018.50,13023.30,13004.10,13019.80,0,
08_06_2026_09_30,13020.70,13066.90,13019.00,13045.80,0,
08_06_2026_09_35,13047.00,13047.70,13021.80,13029.00,0,
08_06_2026_09_40,13030.30,13050.50,13027.10,13035.00,0,
08_06_2026_09_45,13035.00,13045.80,13014.00,13014.00,0,
08_06_2026_09_50,13016.50,13038.90,13011.70,13038.20,0,
08_06_2026_09_55,13038.30,13047.20,13028.50,13047.20,0,
08_06_2026_10_00,13046.40,13046.40,13016.10,13021.50,0,
08_06_2026_10_05,13018.50,13052.40,13014.30,13044.20,0,
08_06_2026_10_10,13044.40,13044.40,13029.60,13030.70,0,
08_06_2026_10_15,13032.20,13039.80,13028.70,13036.30,0,
08_06_2026_10_20,13036.30,13042.70,13030.30,13041.00,0,
08_06_2026_10_25,13040.70,13044.30,13020.50,13025.70,0,
08_06_2026_10_30,13026.10,13050.80,13023.00,13050.70,0,
08_06_2026_10_35,13051.20,13056.50,13047.30,13050.50,0,
08_06_2026_10_40,13050.50,13053.00,13029.20,13031.30,0,
08_06_2026_10_45,13031.00,13049.00,13025.90,13048.20,0,
08_06_2026_10_50,13048.20,13053.90,13039.80,13039.80,0,
08_06_2026_10_55,13041.70,13051.10,13035.60,13049.70,0,
08_06_2026_11_00,13049.70,13053.20,13041.10,13047.70,0,
08_06_2026_11_05,13047.50,13048.20,13029.70,13036.30,0,
08_06_2026_11_10,13036.20,13039.30,13028.50,13031.70,0,
08_06_2026_11_15,13031.30,13042.70,13030.00,13030.80,0,
08_06_2026_11_20,13032.20,13036.80,13021.50,13022.90,0,
08_06_2026_11_25,13023.20,13035.20,13021.60,13034.50,0,
08_06_2026_11_30,13034.20,13036.00,13023.10,13024.30,0,
08_06_2026_11_35,13024.50,13035.50,13020.30,13032.00,0,
08_06_2026_11_40,13031.90,13038.10,13028.10,13036.50,0,
08_06_2026_11_45,13036.80,13039.00,13026.60,13027.20,0,
08_06_2026_11_50,13027.30,13027.80,13009.10,13016.50,0,
08_06_2026_11_55,13016.70,13016.70,12997.10,13001.00,0,
08_06_2026_12_00,13001.00,13001.60,12991.00,12991.70,0,
08_06_2026_12_05,12992.00,13008.40,12992.00,12998.00,0,
08_06_2026_12_10,12999.90,13016.10,12999.40,13013.00,0,
08_06_2026_12_15,13012.80,13016.50,13007.70,13016.50,0,
08_06_2026_12_20,13016.50,13035.70,13015.20,13030.80,0,
08_06_2026_12_25,13031.00,13034.20,13022.80,13029.90,0,
08_06_2026_12_30,13031.00,13035.00,13025.70,13031.70,0,
08_06_2026_12_35,13032.20,13032.20,13015.30,13026.80,0,
08_06_2026_12_40,13027.60,13048.50,13026.50,13044.70,0,
08_06_2026_12_45,13046.00,13053.80,13039.40,13049.60,0,
08_06_2026_12_50,13049.80,13070.70,13048.90,13067.70,0,
08_06_2026_12_55,13069.90,13075.50,13064.80,13069.00,0,
08_06_2026_13_00,13068.50,13074.10,13055.10,13055.60,0,
08_06_2026_13_05,13056.20,13058.30,13048.50,13055.30,0,
08_06_2026_13_10,13055.50,13056.00,13045.70,13046.10,0,
08_06_2026_13_15,13046.90,13051.00,13039.00,13041.30,0,
08_06_2026_13_20,13041.10,13043.50,13031.10,13033.20,0,
08_06_2026_13_25,13034.00,13037.30,13023.50,13027.20,0,
08_06_2026_13_30,13027.10,13033.50,13012.30,13014.60,0,
08_06_2026_13_35,13015.20,13018.50,13010.00,13012.30,0,
08_06_2026_13_40,13012.80,13014.50,12999.80,13000.30,0,
08_06_2026_13_45,13001.10,13004.80,12984.00,13002.80,0,
08_06_2026_13_50,13003.20,13005.50,12989.90,12993.00,0,
08_06_2026_13_55,12993.00,12999.30,12988.80,12997.90,0,
08_06_2026_14_00,12998.00,13010.80,12996.30,13002.30,0,
08_06_2026_14_05,13004.20,13004.20,12995.50,12998.30,0,
08_06_2026_14_10,12998.60,13004.50,12992.00,12995.60,0,
08_06_2026_14_15,12995.80,12997.70,12963.00,12991.90,0,
08_06_2026_14_20,12991.80,12991.80,12970.80,12975.70,0,
08_06_2026_14_25,12975.20,12981.50,12971.00,12976.50,0,
08_06_2026_14_30,12977.50,12988.80,12974.50,12983.50,0,
08_06_2026_14_35,12985.40,12989.50,12981.00,12983.80,0,
08_06_2026_14_40,12984.80,12994.10,12978.20,12992.00,0,
08_06_2026_14_45,12992.80,13003.10,12987.40,12988.50,0,
08_06_2026_14_50,12989.30,12993.10,12971.80,12973.40,0,
08_06_2026_14_55,12974.00,12984.00,12964.80,12975.60,0,
08_06_2026_15_00,12976.70,12976.70,12933.00,12936.50,0,
08_06_2026_15_05,12937.30,12941.00,12927.20,12938.30,0,
08_06_2026_15_10,12938.00,12941.00,12931.70,12936.70,0,
08_06_2026_15_15,12936.00,12938.20,12921.80,12922.60,0,
08_06_2026_15_20,12923.40,12924.80,12863.70,12866.20,0,
08_06_2026_15_25,12865.20,12874.30,12849.90,12863.20,0,
09_06_2026_09_15,12947.30,12980.50,12934.90,12950.30,0,
09_06_2026_09_20,12950.00,12950.50,12886.80,12893.50,0,
09_06_2026_09_25,12893.00,12905.80,12877.50,12883.50,0,
09_06_2026_09_30,12884.50,12921.80,12884.50,12919.30,0,
09_06_2026_09_35,12919.50,12932.30,12915.10,12923.90,0,
09_06_2026_09_40,12923.80,12949.70,12916.80,12946.20,0,
09_06_2026_09_45,12945.80,12954.10,12913.70,12914.20,0,
09_06_2026_09_50,12916.00,12958.50,12913.90,12955.00,0,
09_06_2026_09_55,12954.50,12954.50,12921.30,12930.30,0,
09_06_2026_10_00,12930.50,12940.20,12925.80,12925.80,0,
09_06_2026_10_05,12925.40,12936.10,12919.90,12930.20,0,
09_06_2026_10_10,12930.40,12936.20,12919.70,12925.20,0,
09_06_2026_10_15,12925.20,12927.80,12911.70,12911.80,0,
09_06_2026_10_20,12912.20,12916.80,12891.60,12893.90,0,
09_06_2026_10_25,12893.60,12901.30,12891.80,12898.20,0,
09_06_2026_10_30,12899.60,12906.20,12893.20,12899.30,0,
09_06_2026_10_35,12899.30,12902.70,12891.00,12896.50,0,
09_06_2026_10_40,12896.50,12918.70,12890.00,12917.20,0,
09_06_2026_10_45,12917.00,12929.50,12902.80,12902.80,0,
09_06_2026_10_50,12901.50,12914.10,12896.40,12914.10,0,
09_06_2026_10_55,12914.00,12919.00,12910.10,12916.50,0,
09_06_2026_11_00,12917.00,12947.50,12915.90,12940.00,0,
09_06_2026_11_05,12940.20,12961.50,12940.20,12942.70,0,
09_06_2026_11_10,12942.70,12954.80,12938.40,12952.50,0,
09_06_2026_11_15,12952.00,12965.20,12950.20,12958.80,0,
09_06_2026_11_20,12959.10,12965.00,12927.00,12929.70,0,
09_06_2026_11_25,12929.90,12946.30,12926.80,12937.20,0,
09_06_2026_11_30,12936.80,12940.10,12930.80,12940.00,0,
09_06_2026_11_35,12940.20,12955.20,12938.20,12951.80,0,
09_06_2026_11_40,12951.60,12963.00,12947.70,12959.50,0,
09_06_2026_11_45,12959.80,12999.80,12957.80,12991.50,0,
09_06_2026_11_50,12990.50,13006.50,12990.50,12997.50,0,
09_06_2026_11_55,12998.30,13002.30,12991.80,12999.30,0,
09_06_2026_12_00,12998.70,12999.70,12987.80,12989.00,0,
09_06_2026_12_05,12988.70,12989.00,12960.50,12962.20,0,
09_06_2026_12_10,12962.20,12967.60,12961.80,12966.60,0,
09_06_2026_12_15,12966.50,12977.20,12965.80,12971.70,0,
09_06_2026_12_20,12971.80,12977.50,12968.80,12970.50,0,
09_06_2026_12_25,12969.80,12978.00,12962.80,12963.20,0,
09_06_2026_12_30,12963.10,12975.50,12961.40,12974.80,0,
09_06_2026_12_35,12975.00,12977.20,12964.50,12967.20,0,
09_06_2026_12_40,12967.00,12980.70,12966.80,12976.20,0,
09_06_2026_12_45,12975.50,12980.30,12968.30,12971.20,0,
09_06_2026_12_50,12970.50,12971.40,12955.40,12958.50,0,
09_06_2026_12_55,12959.00,12959.00,12917.20,12920.40,0,
09_06_2026_13_00,12920.20,12929.50,12918.00,12926.90,0,
09_06_2026_13_05,12926.60,12931.00,12922.90,12928.00,0,
09_06_2026_13_10,12927.80,12944.10,12927.20,12943.50,0,
09_06_2026_13_15,12943.20,12947.30,12936.20,12940.80,0,
09_06_2026_13_20,12940.80,12941.80,12933.30,12935.50,0,
09_06_2026_13_25,12935.50,12937.20,12927.00,12934.80,0,
09_06_2026_13_30,12935.00,12938.20,12920.80,12934.80,0,
09_06_2026_13_35,12934.90,12963.00,12933.90,12962.40,0,
09_06_2026_13_40,12962.30,12971.30,12959.20,12968.70,0,
09_06_2026_13_45,12968.70,12981.50,12966.50,12969.70,0,
09_06_2026_13_50,12969.50,12969.50,12959.30,12960.10,0,
09_06_2026_13_55,12960.40,12961.40,12937.70,12945.60,0,
09_06_2026_14_00,12945.80,12950.20,12942.30,12949.10,0,
09_06_2026_14_05,12948.50,12981.80,12947.50,12980.20,0,
09_06_2026_14_10,12980.00,12987.70,12973.90,12979.90,0,
09_06_2026_14_15,12980.70,12986.00,12977.20,12984.80,0,
09_06_2026_14_20,12984.70,12986.00,12964.80,12969.20,0,
09_06_2026_14_25,12969.70,12985.50,12969.00,12985.50,0,
09_06_2026_14_30,12985.50,12986.80,12975.50,12977.30,0,
09_06_2026_14_35,12977.10,12986.40,12967.60,12984.00,0,
09_06_2026_14_40,12983.70,12991.90,12982.80,12986.80,0,
09_06_2026_14_45,12987.20,12988.30,12965.70,12967.10,0,
09_06_2026_14_50,12967.20,13000.30,12966.00,12997.50,0,
09_06_2026_14_55,12997.50,13002.40,12993.50,12996.90,0,
09_06_2026_15_00,12996.50,12996.50,12965.70,12994.00,0,
09_06_2026_15_05,12994.50,13011.20,12993.30,12998.00,0,
09_06_2026_15_10,12997.90,13000.70,12988.80,12995.50,0,
09_06_2026_15_15,12996.20,12996.20,12984.30,12987.10,0,
09_06_2026_15_20,12986.30,12988.00,12973.70,12976.80,0,
09_06_2026_15_25,12977.10,12986.60,12974.20,12983.70,0,
10_06_2026_09_15,12960.00,12964.30,12799.80,12804.60,0,
10_06_2026_09_20,12803.90,12815.80,12763.20,12808.00,0,
10_06_2026_09_25,12808.40,12826.20,12788.90,12808.20,0,
10_06_2026_09_30,12808.20,12834.80,12801.80,12834.80,0,
10_06_2026_09_35,12834.60,12859.10,12831.90,12850.20,0,
10_06_2026_09_40,12850.20,12851.60,12835.50,12845.00,0,
10_06_2026_09_45,12846.00,12859.20,12840.50,12856.70,0,
10_06_2026_09_50,12857.50,12867.30,12841.90,12841.90,0,
10_06_2026_09_55,12841.80,12843.10,12823.00,12824.00,0,
10_06_2026_10_00,12824.30,12838.60,12817.80,12838.50,0,
10_06_2026_10_05,12839.00,12839.00,12811.20,12818.30,0,
10_06_2026_10_10,12818.40,12826.20,12794.20,12796.00,0,
10_06_2026_10_15,12795.50,12819.00,12790.00,12811.20,0,
10_06_2026_10_20,12811.20,12816.20,12806.00,12816.20,0,
10_06_2026_10_25,12816.00,12822.70,12810.30,12821.80,0,
10_06_2026_10_30,12822.00,12834.30,12818.80,12834.30,0,
10_06_2026_10_35,12833.80,12837.20,12819.00,12821.00,0,
10_06_2026_10_40,12820.80,12838.80,12818.30,12831.50,0,
10_06_2026_10_45,12832.20,12836.50,12823.60,12825.50,0,
10_06_2026_10_50,12825.80,12841.80,12822.50,12841.20,0,
10_06_2026_10_55,12839.90,12857.70,12830.50,12857.50,0,
10_06_2026_11_00,12858.20,12869.50,12846.30,12867.00,0,
10_06_2026_11_05,12867.10,12868.80,12848.90,12854.80,0,
10_06_2026_11_10,12854.80,12870.80,12854.80,12868.50,0,
10_06_2026_11_15,12868.20,12868.20,12850.30,12852.20,0,
10_06_2026_11_20,12851.80,12869.20,12847.40,12866.30,0,
10_06_2026_11_25,12866.80,12913.50,12864.50,12907.20,0,
10_06_2026_11_30,12907.30,12910.70,12893.70,12894.70,0,
10_06_2026_11_35,12895.00,12909.40,12888.30,12898.90,0,
10_06_2026_11_40,12899.50,12909.00,12894.90,12905.50,0,
10_06_2026_11_45,12904.70,12910.70,12894.80,12909.00,0,
10_06_2026_11_50,12909.20,12927.30,12905.20,12913.30,0,
10_06_2026_11_55,12912.80,12917.20,12907.00,12907.30,0,
10_06_2026_12_00,12907.40,12912.50,12889.70,12891.10,0,
10_06_2026_12_05,12890.50,12899.90,12886.40,12897.20,0,
10_06_2026_12_10,12897.50,12899.40,12888.50,12897.00,0,
10_06_2026_12_15,12897.20,12908.30,12895.30,12904.70,0,
10_06_2026_12_20,12903.80,12906.80,12892.30,12894.50,0,
10_06_2026_12_25,12894.30,12895.10,12876.50,12876.70,0,
10_06_2026_12_30,12876.60,12882.60,12873.80,12874.80,0,
10_06_2026_12_35,12874.50,12883.20,12868.20,12872.20,0,
10_06_2026_12_40,12872.50,12873.10,12850.00,12850.10,0,
10_06_2026_12_45,12851.10,12854.20,12842.00,12845.20,0,
10_06_2026_12_50,12843.80,12861.30,12833.40,12855.50,0,
10_06_2026_12_55,12855.50,12856.70,12845.00,12854.50,0,
10_06_2026_13_00,12854.80,12864.20,12849.50,12855.20,0,
10_06_2026_13_05,12856.20,12860.20,12847.00,12852.90,0,
10_06_2026_13_10,12853.10,12854.80,12846.70,12852.50,0,
10_06_2026_13_15,12852.30,12855.10,12849.00,12849.70,0,
10_06_2026_13_20,12849.20,12854.00,12841.70,12842.30,0,
10_06_2026_13_25,12842.20,12854.60,12840.80,12851.20,0,
10_06_2026_13_30,12851.20,12854.30,12819.00,12821.20,0,
10_06_2026_13_35,12821.00,12834.20,12816.80,12821.50,0,
10_06_2026_13_40,12820.20,12826.00,12810.80,12812.20,0,
10_06_2026_13_45,12811.80,12819.60,12810.20,12818.00,0,
10_06_2026_13_50,12818.00,12822.30,12799.60,12804.80,0,
10_06_2026_13_55,12804.80,12808.70,12793.60,12806.80,0,
10_06_2026_14_00,12807.50,12822.30,12803.10,12815.00,0,
10_06_2026_14_05,12814.90,12826.80,12811.00,12813.20,0,
10_06_2026_14_10,12814.00,12826.30,12802.90,12803.40,0,
10_06_2026_14_15,12803.50,12816.70,12797.50,12811.90,0,
10_06_2026_14_20,12811.70,12817.80,12802.70,12814.60,0,
10_06_2026_14_25,12813.70,12815.80,12799.80,12803.00,0,
10_06_2026_14_30,12803.70,12806.20,12791.10,12798.50,0,
10_06_2026_14_35,12797.80,12816.00,12782.30,12783.60,0,
10_06_2026_14_40,12783.50,12791.60,12767.10,12769.80,0,
10_06_2026_14_45,12770.20,12775.80,12759.00,12760.20,0,
10_06_2026_14_50,12760.40,12768.50,12755.80,12763.20,0,
10_06_2026_14_55,12763.20,12781.30,12762.60,12775.00,0,
10_06_2026_15_00,12775.80,12786.90,12770.50,12782.30,0,
10_06_2026_15_05,12783.00,12783.30,12760.80,12774.30,0,
10_06_2026_15_10,12774.20,12777.40,12752.70,12754.30,0,
10_06_2026_15_15,12753.50,12766.30,12741.80,12765.60,0,
10_06_2026_15_20,12765.60,12773.70,12751.00,12751.30,0,
10_06_2026_15_25,12752.30,12791.20,12751.30,12779.00,0,
11_06_2026_09_15,12674.50,12709.70,12627.60,12698.50,0,
11_06_2026_09_20,12700.30,12760.70,12692.30,12732.00,0,
11_06_2026_09_25,12731.80,12738.10,12711.20,12726.70,0,
11_06_2026_09_30,12728.80,12764.80,12728.20,12758.40,0,
11_06_2026_09_35,12757.40,12775.30,12745.20,12769.10,0,
11_06_2026_09_40,12768.50,12771.10,12742.20,12757.70,0,
11_06_2026_09_45,12758.50,12758.50,12734.80,12747.30,0,
11_06_2026_09_50,12748.20,12761.40,12743.20,12752.30,0,
11_06_2026_09_55,12752.70,12752.70,12720.50,12721.60,0,
11_06_2026_10_00,12722.30,12738.90,12717.30,12731.00,0,
11_06_2026_10_05,12731.30,12767.80,12724.00,12766.00,0,
11_06_2026_10_10,12765.80,12787.20,12765.30,12770.20,0,
11_06_2026_10_15,12770.20,12785.90,12769.90,12785.20,0,
11_06_2026_10_20,12785.20,12818.00,12785.20,12812.50,0,
11_06_2026_10_25,12813.30,12816.10,12800.70,12806.30,0,
11_06_2026_10_30,12805.20,12807.50,12791.90,12795.20,0,
11_06_2026_10_35,12796.30,12807.50,12787.00,12805.50,0,
11_06_2026_10_40,12805.80,12826.50,12803.70,12825.80,0,
11_06_2026_10_45,12826.20,12839.80,12819.50,12819.70,0,
11_06_2026_10_50,12820.60,12820.90,12797.00,12800.30,0,
11_06_2026_10_55,12798.70,12799.40,12779.50,12781.10,0,
11_06_2026_11_00,12781.10,12786.00,12770.90,12777.30,0,
11_06_2026_11_05,12777.70,12802.50,12777.70,12797.30,0,
11_06_2026_11_10,12797.80,12798.00,12788.20,12789.10,0,
11_06_2026_11_15,12789.80,12791.40,12775.20,12790.00,0,
11_06_2026_11_20,12790.50,12802.70,12787.00,12797.60,0,
11_06_2026_11_25,12798.70,12817.90,12797.50,12797.80,0,
11_06_2026_11_30,12799.70,12804.00,12784.80,12784.80,0,
11_06_2026_11_35,12785.70,12787.50,12765.60,12770.10,0,
11_06_2026_11_40,12770.80,12806.00,12767.20,12804.80,0,
11_06_2026_11_45,12804.90,12810.70,12793.60,12802.80,0,
11_06_2026_11_50,12802.90,12811.30,12797.00,12811.00,0,
11_06_2026_11_55,12810.80,12818.00,12790.10,12792.00,0,
11_06_2026_12_00,12793.00,12811.40,12793.00,12799.30,0,
11_06_2026_12_05,12799.50,12800.00,12779.40,12779.40,0,
11_06_2026_12_10,12780.50,12780.50,12769.30,12775.60,0,
11_06_2026_12_15,12776.70,12789.50,12768.00,12769.00,0,
11_06_2026_12_20,12769.20,12776.50,12759.20,12776.50,0,
11_06_2026_12_25,12777.80,12779.20,12766.70,12774.20,0,
11_06_2026_12_30,12774.70,12790.50,12774.00,12787.80,0,
11_06_2026_12_35,12788.20,12791.00,12769.50,12782.00,0,
11_06_2026_12_40,12781.60,12782.70,12771.10,12774.20,0,
11_06_2026_12_45,12774.60,12775.00,12765.80,12766.80,0,
11_06_2026_12_50,12766.40,12782.00,12765.80,12779.70,0,
11_06_2026_12_55,12779.70,12801.80,12766.20,12800.50,0,
11_06_2026_13_00,12801.70,12821.00,12801.00,12807.90,0,
11_06_2026_13_05,12807.80,12808.70,12786.80,12786.80,0,
11_06_2026_13_10,12786.30,12787.20,12766.20,12769.20,0,
11_06_2026_13_15,12769.90,12775.80,12761.50,12761.50,0,
11_06_2026_13_20,12762.20,12772.00,12754.70,12765.00,0,
11_06_2026_13_25,12765.80,12768.90,12754.70,12767.80,0,
11_06_2026_13_30,12768.30,12789.30,12767.80,12774.40,0,
11_06_2026_13_35,12774.30,12777.80,12758.60,12759.30,0,
11_06_2026_13_40,12759.50,12761.70,12748.00,12754.30,0,
11_06_2026_13_45,12755.30,12766.50,12750.10,12761.70,0,
11_06_2026_13_50,12761.80,12764.00,12753.80,12759.70,0,
11_06_2026_13_55,12759.80,12769.70,12756.40,12765.90,0,
11_06_2026_14_00,12766.20,12770.80,12763.30,12766.50,0,
11_06_2026_14_05,12767.20,12767.50,12741.80,12746.30,0,
11_06_2026_14_10,12746.80,12761.80,12743.20,12759.40,0,
11_06_2026_14_15,12758.90,12760.00,12745.20,12751.20,0,
11_06_2026_14_20,12753.20,12759.80,12747.80,12747.80,0,
11_06_2026_14_25,12748.80,12779.00,12747.80,12773.70,0,
11_06_2026_14_30,12774.40,12775.20,12757.80,12760.40,0,
11_06_2026_14_35,12762.60,12763.20,12740.30,12743.70,0,
11_06_2026_14_40,12744.00,12746.50,12735.70,12735.80,0,
11_06_2026_14_45,12737.20,12737.70,12714.30,12734.50,0,
11_06_2026_14_50,12735.00,12735.90,12724.20,12731.00,0,
11_06_2026_14_55,12731.50,12733.90,12721.20,12729.80,0,
11_06_2026_15_00,12730.20,12743.30,12717.20,12720.00,0,
11_06_2026_15_05,12720.00,12727.30,12710.20,12721.30,0,
11_06_2026_15_10,12720.60,12742.60,12719.30,12736.50,0,
11_06_2026_15_15,12735.50,12751.70,12734.60,12737.70,0,
11_06_2026_15_20,12736.50,12743.70,12723.70,12739.30,0,
11_06_2026_15_25,12739.50,12763.70,12738.00,12748.50,0,
12_06_2026_09_15,12903.20,12934.00,12845.70,12869.80,0,
12_06_2026_09_20,12868.70,12870.30,12824.20,12827.80,0,
12_06_2026_09_25,12828.80,12838.50,12805.30,12807.50,0,
12_06_2026_09_30,12809.30,12822.00,12792.30,12822.00,0,
12_06_2026_09_35,12821.60,12831.20,12809.20,12822.80,0,
12_06_2026_09_40,12821.30,12834.90,12811.60,12818.10,0,
12_06_2026_09_45,12818.80,12822.50,12809.50,12818.40,0,
12_06_2026_09_50,12819.50,12828.60,12811.20,12811.80,0,
12_06_2026_09_55,12811.80,12819.00,12806.40,12817.70,0,
12_06_2026_10_00,12818.50,12830.30,12806.20,12829.30,0,
12_06_2026_10_05,12829.70,12850.50,12829.70,12834.50,0,
12_06_2026_10_10,12834.90,12839.20,12822.20,12833.70,0,
12_06_2026_10_15,12834.50,12849.10,12819.80,12824.20,0,
12_06_2026_10_20,12824.00,12847.40,12820.30,12846.50,0,
12_06_2026_10_25,12847.40,12852.60,12834.00,12835.20,0,
12_06_2026_10_30,12836.00,12845.00,12833.50,12839.00,0,
12_06_2026_10_35,12839.40,12839.50,12827.70,12834.90,0,
12_06_2026_10_40,12835.30,12846.20,12834.70,12835.10,0,
12_06_2026_10_45,12835.20,12843.80,12827.50,12839.50,0,
12_06_2026_10_50,12840.50,12840.50,12831.50,12834.70,0,
12_06_2026_10_55,12835.00,12837.50,12826.90,12834.90,0,
12_06_2026_11_00,12835.50,12842.40,12825.70,12828.80,0,
12_06_2026_11_05,12828.30,12830.20,12814.50,12816.00,0,
12_06_2026_11_10,12815.60,12846.70,12815.00,12844.30,0,
12_06_2026_11_15,12843.00,12846.20,12836.30,12837.00,0,
12_06_2026_11_20,12837.10,12838.50,12823.30,12834.70,0,
12_06_2026_11_25,12835.70,12840.50,12819.50,12821.80,0,
12_06_2026_11_30,12822.30,12823.30,12811.70,12819.50,0,
12_06_2026_11_35,12819.80,12822.50,12817.30,12821.00,0,
12_06_2026_11_40,12821.80,12822.00,12814.20,12815.70,0,
12_06_2026_11_45,12815.00,12820.10,12809.40,12814.10,0,
12_06_2026_11_50,12815.30,12815.60,12802.90,12811.20,0,
12_06_2026_11_55,12811.30,12813.50,12802.80,12803.70,0,
12_06_2026_12_00,12804.80,12813.30,12799.10,12811.80,0,
12_06_2026_12_05,12811.40,12811.50,12788.50,12790.50,0,
12_06_2026_12_10,12790.50,12790.50,12771.30,12773.70,0,
12_06_2026_12_15,12774.80,12778.70,12770.60,12774.70,0,
12_06_2026_12_20,12775.10,12794.90,12774.40,12793.10,0,
12_06_2026_12_25,12794.10,12799.50,12791.80,12798.20,0,
12_06_2026_12_30,12798.80,12799.00,12788.30,12788.90,0,
12_06_2026_12_35,12790.00,12790.00,12768.90,12775.20,0,
12_06_2026_12_40,12775.10,12778.20,12746.00,12747.50,0,
12_06_2026_12_45,12748.50,12762.50,12744.20,12749.30,0,
12_06_2026_12_50,12750.20,12756.00,12745.80,12755.20,0,
12_06_2026_12_55,12755.50,12756.00,12747.70,12752.50,0,
12_06_2026_13_00,12752.80,12755.80,12749.50,12754.20,0,
12_06_2026_13_05,12754.20,12765.20,12753.30,12763.40,0,
12_06_2026_13_10,12761.70,12764.70,12758.10,12761.60,0,
12_06_2026_13_15,12762.70,12773.10,12760.10,12769.60,0,
12_06_2026_13_20,12770.70,12777.20,12766.20,12770.00,0,
12_06_2026_13_25,12771.20,12815.20,12763.40,12812.10,0,
12_06_2026_13_30,12812.50,12822.30,12808.30,12812.00,0,
12_06_2026_13_35,12812.80,12818.40,12803.30,12818.10,0,
12_06_2026_13_40,12818.80,12827.30,12814.00,12824.50,0,
12_06_2026_13_45,12826.80,12833.80,12821.80,12826.20,0,
12_06_2026_13_50,12827.00,12840.70,12820.00,12839.80,0,
12_06_2026_13_55,12840.90,12850.00,12833.80,12839.80,0,
12_06_2026_14_00,12841.00,12842.60,12828.00,12832.50,0,
12_06_2026_14_05,12833.70,12835.00,12828.70,12833.20,0,
12_06_2026_14_10,12833.20,12840.10,12823.10,12840.10,0,
12_06_2026_14_15,12840.20,12849.70,12838.30,12840.00,0,
12_06_2026_14_20,12840.20,12845.80,12836.80,12839.50,0,
12_06_2026_14_25,12839.80,12843.50,12831.80,12839.80,0,
12_06_2026_14_30,12841.10,12846.70,12834.20,12842.80,0,
12_06_2026_14_35,12843.70,12845.40,12828.20,12845.40,0,
12_06_2026_14_40,12845.50,12861.40,12842.50,12859.80,0,
12_06_2026_14_45,12861.00,12862.50,12849.50,12850.80,0,
12_06_2026_14_50,12850.60,12853.20,12834.00,12841.50,0,
12_06_2026_14_55,12841.90,12844.50,12834.80,12834.90,0,
12_06_2026_15_00,12835.40,12870.20,12820.50,12869.70,0,
12_06_2026_15_05,12869.00,12875.70,12857.80,12858.20,0,
12_06_2026_15_10,12858.00,12860.20,12847.70,12858.70,0,
12_06_2026_15_15,12858.70,12866.40,12853.90,12862.50,0,
12_06_2026_15_20,12864.00,12864.00,12842.90,12847.00,0,
12_06_2026_15_25,12847.10,12860.30,12843.90,12858.50,0,
15_06_2026_09_15,13001.80,13042.50,12974.90,12999.30,0,
15_06_2026_09_20,13000.20,13015.70,12985.70,12991.50,0,
15_06_2026_09_25,12991.20,13019.50,12984.80,13014.80,0,
15_06_2026_09_30,13014.00,13043.60,12987.50,12991.30,0,
15_06_2026_09_35,12990.50,13931.30,12977.70,13526.50,0,
15_06_2026_09_40,13526.70,13529.40,13303.40,13305.40,0,
15_06_2026_09_45,13304.50,13306.00,13285.90,13292.50,0,
15_06_2026_09_50,13292.00,13295.20,13274.00,13274.50,0,
15_06_2026_09_55,13275.00,13275.00,13246.20,13250.70,0,
15_06_2026_10_00,13243.80,13274.60,13184.40,13192.00,0,
15_06_2026_10_05,13192.80,13194.80,13159.00,13171.20,0,
15_06_2026_10_10,13171.00,13187.00,13162.90,13183.20,0,
15_06_2026_10_15,13181.20,13185.80,13170.80,13176.50,0,
15_06_2026_10_20,13176.30,13199.80,13175.00,13191.00,0,
15_06_2026_10_25,13191.30,13196.70,13181.80,13190.80,0,
15_06_2026_10_30,13191.20,13197.10,13179.50,13184.20,0,
15_06_2026_10_35,13184.00,13184.00,13172.20,13181.00,0,
15_06_2026_10_40,13180.70,13185.70,13180.00,13183.60,0,
15_06_2026_10_45,13183.20,13198.00,13182.50,13197.20,0,
15_06_2026_10_50,13197.50,13220.10,13195.80,13204.30,0,
15_06_2026_10_55,13204.40,13212.80,13201.70,13208.00,0,
15_06_2026_11_00,13208.70,13211.10,13197.70,13203.50,0,
15_06_2026_11_05,13203.40,13209.70,13200.80,13208.80,0,
15_06_2026_11_10,13208.00,13210.10,13191.00,13192.40,0,
15_06_2026_11_15,13192.30,13204.70,13189.80,13203.20,0,
15_06_2026_11_20,13203.00,13206.00,13196.00,13201.00,0,
15_06_2026_11_25,13200.90,13206.70,13199.00,13201.00,0,
15_06_2026_11_30,13201.20,13202.20,13181.40,13184.70,0,
15_06_2026_11_35,13184.70,13191.50,13184.40,13188.80,0,
15_06_2026_11_40,13188.60,13189.70,13183.20,13189.50,0,
15_06_2026_11_45,13189.80,13190.10,13180.40,13186.10,0,
15_06_2026_11_50,13186.00,13195.80,13183.00,13190.20,0,
15_06_2026_11_55,13191.30,13192.20,13179.50,13186.20,0,
15_06_2026_12_00,13186.30,13186.30,13165.80,13166.80,0,
15_06_2026_12_05,13166.30,13174.10,13163.20,13172.00,0,
15_06_2026_12_10,13172.00,13172.80,13155.50,13157.00,0,
15_06_2026_12_15,13155.10,13160.70,13148.00,13148.00,0,
15_06_2026_12_20,13148.60,13152.20,13143.50,13147.20,0,
15_06_2026_12_25,13148.00,13148.60,13140.20,13143.30,0,
15_06_2026_12_30,13142.80,13143.30,13132.30,13139.50,0,
15_06_2026_12_35,13140.40,13147.50,13138.80,13140.80,0,
15_06_2026_12_40,13139.80,13141.20,13130.80,13134.90,0,
15_06_2026_12_45,13135.80,13139.60,13130.30,13133.50,0,
15_06_2026_12_50,13133.80,13137.70,13129.60,13130.80,0,
15_06_2026_12_55,13131.40,13138.90,13129.20,13136.70,0,
15_06_2026_13_00,13136.80,13139.20,13131.30,13136.00,0,
15_06_2026_13_05,13135.30,13140.20,13132.10,13140.20,0,
15_06_2026_13_10,13140.90,13155.00,13140.80,13141.20,0,
15_06_2026_13_15,13141.50,13141.80,13124.30,13125.00,0,
15_06_2026_13_20,13124.70,13134.80,13123.30,13132.50,0,
15_06_2026_13_25,13133.50,13135.20,13122.00,13124.30,0,
15_06_2026_13_30,13124.70,13126.60,13121.00,13123.50,0,
15_06_2026_13_35,13122.60,13123.50,13109.00,13117.60,0,
15_06_2026_13_40,13117.50,13117.70,13109.50,13114.30,0,
15_06_2026_13_45,13115.00,13125.30,13112.50,13125.30,0,
15_06_2026_13_50,13124.70,13133.30,13115.20,13133.30,0,
15_06_2026_13_55,13132.40,13139.30,13127.20,13137.90,0,
15_06_2026_14_00,13138.50,13145.00,13137.50,13140.50,0,
15_06_2026_14_05,13140.50,13141.70,13128.20,13129.00,0,
15_06_2026_14_10,13129.60,13136.30,13127.20,13135.80,0,
15_06_2026_14_15,13135.80,13137.00,13130.00,13132.00,0,
15_06_2026_14_20,13131.30,13133.20,13119.50,13123.80,0,
15_06_2026_14_25,13124.10,13125.00,13116.10,13123.50,0,
15_06_2026_14_30,13123.00,13131.30,13122.40,13123.10,0,
15_06_2026_14_35,13123.70,13134.70,13123.70,13126.40,0,
15_06_2026_14_40,13126.70,13126.70,13110.40,13114.20,0,
15_06_2026_14_45,13111.60,13119.80,13106.10,13118.30,0,
15_06_2026_14_50,13117.20,13119.80,13104.70,13118.70,0,
15_06_2026_14_55,13118.70,13119.60,13110.80,13114.50,0,
15_06_2026_15_00,13114.80,13119.50,13080.90,13089.70,0,
15_06_2026_15_05,13089.30,13090.00,13079.00,13081.70,0,
15_06_2026_15_10,13082.00,13087.30,13067.90,13086.70,0,
15_06_2026_15_15,13086.50,13095.50,13082.80,13090.00,0,
15_06_2026_15_20,13089.70,13093.90,13076.90,13077.50,0,
15_06_2026_15_25,13078.20,13089.80,13065.00,13088.50,0,
16_06_2026_09_15,12972.40,12972.40,12878.20,12909.30,0,
16_06_2026_09_20,12909.80,12920.90,12887.90,12893.40,0,
16_06_2026_09_25,12894.00,12907.30,12887.20,12891.80,0,
16_06_2026_09_30,12891.80,12893.70,12885.80,12892.30,0,
16_06_2026_09_35,12893.00,12904.50,12879.50,12882.30,0,
16_06_2026_09_40,12882.80,12889.80,12879.40,12882.10,0,
16_06_2026_09_45,12881.30,12901.70,12880.20,12890.30,0,
16_06_2026_09_50,12890.60,12923.60,12883.00,12922.00,0,
16_06_2026_09_55,12922.20,12942.70,12917.40,12923.70,0,
16_06_2026_10_00,12923.70,12927.20,12887.00,12892.50,0,
16_06_2026_10_05,12893.70,12894.80,12876.80,12879.20,0,
16_06_2026_10_10,12878.50,12879.80,12873.40,12874.60,0,
16_06_2026_10_15,12873.20,12874.80,12854.60,12858.60,0,
16_06_2026_10_20,12858.70,12865.50,12856.50,12860.20,0,
16_06_2026_10_25,12860.50,12874.00,12859.80,12872.10,0,
16_06_2026_10_30,12872.10,12895.00,12872.00,12894.70,0,
16_06_2026_10_35,12895.10,12919.80,12894.00,12913.50,0,
16_06_2026_10_40,12913.80,12928.20,12912.00,12923.80,0,
16_06_2026_10_45,12923.20,12928.50,12917.80,12921.00,0,
16_06_2026_10_50,12921.30,12923.50,12906.40,12907.70,0,
16_06_2026_10_55,12907.50,12911.00,12903.30,12904.80,0,
16_06_2026_11_00,12904.20,12905.20,12881.30,12881.60,0,
16_06_2026_11_05,12881.70,12892.80,12875.20,12876.10,0,
16_06_2026_11_10,12876.50,12877.50,12862.80,12870.10,0,
16_06_2026_11_15,12870.10,12878.00,12858.20,12858.20,0,
16_06_2026_11_20,12859.10,12870.50,12855.50,12870.50,0,
16_06_2026_11_25,12870.00,12873.20,12854.30,12856.90,0,
16_06_2026_11_30,12857.30,12861.00,12839.40,12850.20,0,
16_06_2026_11_35,12850.60,12851.30,12831.10,12840.90,0,
16_06_2026_11_40,12841.20,12852.30,12840.30,12849.00,0,
16_06_2026_11_45,12849.50,12861.10,12849.50,12856.40,0,
16_06_2026_11_50,12857.00,12859.00,12848.20,12849.80,0,
16_06_2026_11_55,12849.80,12852.00,12843.10,12849.50,0,
16_06_2026_12_00,12849.50,12849.80,12829.20,12834.50,0,
16_06_2026_12_05,12834.10,12838.30,12831.50,12832.60,0,
16_06_2026_12_10,12832.80,12841.90,12828.00,12828.50,0,
16_06_2026_12_15,12829.50,12829.50,12803.80,12805.20,0,
16_06_2026_12_20,12805.50,12811.10,12800.30,12806.20,0,
16_06_2026_12_25,12806.30,12820.00,12806.30,12812.50,0,
16_06_2026_12_30,12812.60,12818.30,12804.60,12805.70,0,
16_06_2026_12_35,12805.60,12809.20,12798.40,12802.60,0,
16_06_2026_12_40,12803.00,12806.50,12794.80,12796.00,0,
16_06_2026_12_45,12796.70,12798.30,12783.70,12798.00,0,
16_06_2026_12_50,12797.40,12798.90,12786.50,12790.30,0,
16_06_2026_12_55,12790.50,12807.10,12789.00,12800.70,0,
16_06_2026_13_00,12801.00,12802.80,12790.20,12795.00,0,
16_06_2026_13_05,12795.80,12807.50,12794.00,12807.40,0,
16_06_2026_13_10,12808.00,12815.00,12805.20,12812.90,0,
16_06_2026_13_15,12812.90,12826.50,12812.50,12821.50,0,
16_06_2026_13_20,12822.50,12841.70,12818.70,12837.70,0,
16_06_2026_13_25,12837.70,12851.70,12837.00,12848.80,0,
16_06_2026_13_30,12848.30,12854.50,12845.50,12853.50,0,
16_06_2026_13_35,12853.00,12864.80,12852.70,12862.80,0,
16_06_2026_13_40,12863.00,12863.70,12847.70,12854.20,0,
16_06_2026_13_45,12852.50,12860.70,12850.60,12860.70,0,
16_06_2026_13_50,12860.80,12862.00,12852.70,12859.80,0,
16_06_2026_13_55,12859.50,12863.20,12854.60,12858.80,0,
16_06_2026_14_00,12858.30,12864.40,12855.50,12857.90,0,
16_06_2026_14_05,12856.80,12859.00,12849.00,12859.00,0,
16_06_2026_14_10,12859.80,12869.50,12859.20,12861.20,0,
16_06_2026_14_15,12861.10,12872.20,12861.00,12867.70,0,
16_06_2026_14_20,12867.50,12871.70,12859.60,12870.80,0,
16_06_2026_14_25,12870.70,12878.60,12868.50,12877.20,0,
16_06_2026_14_30,12877.80,12896.80,12877.80,12893.00,0,
16_06_2026_14_35,12893.30,12893.50,12874.50,12883.50,0,
16_06_2026_14_40,12883.00,12883.40,12861.60,12862.00,0,
16_06_2026_14_45,12862.20,12877.80,12858.00,12877.00,0,
16_06_2026_14_50,12876.80,12886.80,12875.00,12886.30,0,
16_06_2026_14_55,12886.40,12890.50,12882.70,12888.60,0,
16_06_2026_15_00,12888.90,12894.30,12883.10,12883.90,0,
16_06_2026_15_05,12884.20,12895.00,12883.50,12893.30,0,
16_06_2026_15_10,12893.30,12893.30,12881.60,12885.30,0,
16_06_2026_15_15,12886.00,12886.00,12877.60,12880.10,0,
16_06_2026_15_20,12880.00,12883.90,12866.80,12868.30,0,
16_06_2026_15_25,12868.60,12889.20,12866.60,12887.80,0,
17_06_2026_09_15,12852.80,12854.30,12785.70,12795.00,0,
17_06_2026_09_20,12795.10,12796.40,12763.20,12769.30,0,
17_06_2026_09_25,12771.30,12785.20,12757.70,12783.50,0,
17_06_2026_09_30,12784.80,12825.00,12783.20,12822.30,0,
17_06_2026_09_35,12822.40,12825.60,12798.50,12824.00,0,
17_06_2026_09_40,12824.30,12862.50,12823.00,12860.00,0,
17_06_2026_09_45,12860.60,12863.60,12828.20,12839.50,0,
17_06_2026_09_50,12840.20,12854.10,12833.70,12854.00,0,
17_06_2026_09_55,12854.00,12863.10,12843.80,12859.80,0,
17_06_2026_10_00,12860.50,12861.70,12845.60,12850.20,0,
17_06_2026_10_05,12850.70,12857.20,12847.70,12856.50,0,
17_06_2026_10_10,12856.80,12861.30,12852.00,12859.20,0,
17_06_2026_10_15,12859.00,12865.70,12857.00,12865.50,0,
17_06_2026_10_20,12865.80,12889.50,12865.40,12888.20,0,
17_06_2026_10_25,12889.00,12926.50,12886.30,12920.70,0,
17_06_2026_10_30,12920.70,12981.20,12916.00,12978.80,0,
17_06_2026_10_35,12978.80,13066.70,12978.80,13037.00,0,
17_06_2026_10_40,13038.80,13040.70,13009.20,13019.20,0,
17_06_2026_10_45,13018.80,13024.00,12986.50,13014.70,0,
17_06_2026_10_50,13016.80,13021.20,12997.70,12999.70,0,
17_06_2026_10_55,13000.50,13001.00,12963.20,12965.50,0,
17_06_2026_11_00,12963.20,12968.10,12948.80,12957.40,0,
17_06_2026_11_05,12958.00,12973.30,12952.60,12969.40,0,
17_06_2026_11_10,12969.30,12982.50,12959.50,12969.20,0,
17_06_2026_11_15,12969.00,12976.00,12966.30,12976.00,0,
17_06_2026_11_20,12976.00,12982.40,12969.10,12969.30,0,
17_06_2026_11_25,12969.80,12996.60,12968.50,12984.80,0,
17_06_2026_11_30,12985.00,13001.40,12975.50,12987.50,0,
17_06_2026_11_35,12988.30,12997.50,12984.10,12994.80,0,
17_06_2026_11_40,12995.30,12997.20,12977.80,12978.70,0,
17_06_2026_11_45,12979.20,12983.50,12963.50,12975.10,0,
17_06_2026_11_50,12976.00,12976.20,12964.30,12966.00,0,
17_06_2026_11_55,12965.90,12969.20,12947.10,12947.10,0,
17_06_2026_12_00,12947.20,12956.70,12940.00,12950.60,0,
17_06_2026_12_05,12949.80,12953.50,12937.50,12938.30,0,
17_06_2026_12_10,12938.30,12950.50,12938.30,12949.90,0,
17_06_2026_12_15,12949.90,12953.30,12944.60,12950.20,0,
17_06_2026_12_20,12950.70,12961.30,12949.40,12960.00,0,
17_06_2026_12_25,12959.80,12969.50,12952.00,12967.00,0,
17_06_2026_12_30,12968.50,12981.50,12963.20,12965.80,0,
17_06_2026_12_35,12966.70,12974.40,12954.30,12955.60,0,
17_06_2026_12_40,12955.30,12975.10,12953.10,12969.30,0,
17_06_2026_12_45,12969.70,12972.70,12963.00,12965.80,0,
17_06_2026_12_50,12966.80,12980.50,12936.70,12938.50,0,
17_06_2026_12_55,12938.50,12942.90,12932.60,12932.80,0,
17_06_2026_13_00,12932.90,12940.20,12929.80,12938.70,0,
17_06_2026_13_05,12938.70,12941.50,12920.80,12923.00,0,
17_06_2026_13_10,12923.20,12932.00,12920.50,12921.70,0,
17_06_2026_13_15,12922.50,12932.80,12918.20,12930.50,0,
17_06_2026_13_20,12930.80,12937.70,12927.10,12934.20,0,
17_06_2026_13_25,12935.00,12944.00,12933.00,12941.40,0,
17_06_2026_13_30,12941.70,12955.00,12936.20,12954.30,0,
17_06_2026_13_35,12954.80,12965.40,12950.10,12963.60,0,
17_06_2026_13_40,12963.60,13012.30,12961.30,13000.90,0,
17_06_2026_13_45,13001.00,13003.00,12982.20,12990.50,0,
17_06_2026_13_50,12990.50,12992.80,12973.50,12983.80,0,
17_06_2026_13_55,12984.80,13005.80,12980.80,12996.20,0,
17_06_2026_14_00,12997.80,13004.80,12990.50,12997.50,0,
17_06_2026_14_05,12997.20,12998.20,12981.90,12982.70,0,
17_06_2026_14_10,12983.00,12997.50,12981.70,12995.00,0,
17_06_2026_14_15,12995.50,12996.80,12987.80,12996.20,0,
17_06_2026_14_20,12996.30,12996.70,12989.00,12993.00,0,
17_06_2026_14_25,12993.20,12994.80,12982.00,12987.00,0,
17_06_2026_14_30,12986.80,12988.70,12972.10,12973.40,0,
17_06_2026_14_35,12973.30,12981.20,12965.70,12980.60,0,
17_06_2026_14_40,12981.30,12986.80,12980.80,12985.00,0,
17_06_2026_14_45,12985.70,12991.50,12981.00,12982.90,0,
17_06_2026_14_50,12984.10,12987.50,12977.30,12984.20,0,
17_06_2026_14_55,12984.30,13004.80,12982.50,13002.80,0,
17_06_2026_15_00,13002.90,13024.20,13002.30,13008.50,0,
17_06_2026_15_05,13009.20,13017.20,13001.80,13012.00,0,
17_06_2026_15_10,13011.80,13023.30,13009.10,13017.70,0,
17_06_2026_15_15,13018.10,13019.00,13003.80,13007.30,0,
17_06_2026_15_20,13008.00,13011.80,12999.90,13010.20,0,
17_06_2026_15_25,13009.80,13020.10,13004.80,13015.90,0,
18_06_2026_09_15,13006.10,13075.20,12984.00,13064.20,0,
18_06_2026_09_20,13064.80,13101.00,13054.20,13091.30,0,
18_06_2026_09_25,13092.30,13096.40,13065.20,13065.20,0,
18_06_2026_09_30,13067.30,13076.00,13047.20,13047.40,0,
18_06_2026_09_35,13048.40,13048.40,13025.50,13034.20,0,
18_06_2026_09_40,13035.70,13082.50,13033.00,13066.80,0,
18_06_2026_09_45,13066.50,13087.30,13062.50,13068.00,0,
18_06_2026_09_50,13067.20,13075.40,13053.00,13053.40,0,
18_06_2026_09_55,13053.50,13057.20,13038.90,13038.90,0,
18_06_2026_10_00,13039.60,13044.10,13029.00,13036.80,0,
18_06_2026_10_05,13037.20,13043.00,13026.20,13033.00,0,
18_06_2026_10_10,13033.20,13035.60,13019.50,13020.60,0,
18_06_2026_10_15,13021.20,13023.70,13011.80,13013.10,0,
18_06_2026_10_20,13014.80,13015.50,12990.80,12994.70,0,
18_06_2026_10_25,12994.00,12996.10,12983.00,12990.80,0,
18_06_2026_10_30,12994.30,12997.00,12981.50,12989.00,0,
18_06_2026_10_35,12989.20,12991.00,12970.80,12971.50,0,
18_06_2026_10_40,12972.10,12973.50,12962.80,12968.70,0,
18_06_2026_10_45,12967.80,12985.30,12966.50,12984.30,0,
18_06_2026_10_50,12984.40,12996.10,12979.10,12993.00,0,
18_06_2026_10_55,12993.30,12993.30,12969.80,12981.20,0,
18_06_2026_11_00,12982.00,12982.00,12966.80,12971.40,0,
18_06_2026_11_05,12969.80,12974.50,12965.80,12970.70,0,
18_06_2026_11_10,12971.30,12971.30,12953.00,12957.00,0,
18_06_2026_11_15,12957.50,12963.50,12948.90,12956.30,0,
18_06_2026_11_20,12955.30,12970.20,12949.70,12967.20,0,
18_06_2026_11_25,12968.80,12972.30,12957.70,12964.10,0,
18_06_2026_11_30,12965.70,12991.50,12964.50,12985.80,0,
18_06_2026_11_35,12986.80,12999.20,12980.70,12990.50,0,
18_06_2026_11_40,12991.00,13001.70,12985.00,12996.30,0,
18_06_2026_11_45,12997.20,13003.00,12991.20,12995.50,0,
18_06_2026_11_50,12995.10,12995.10,12968.50,12969.50,0,
18_06_2026_11_55,12968.80,12977.50,12965.80,12971.30,0,
18_06_2026_12_00,12971.50,12978.10,12968.30,12972.00,0,
18_06_2026_12_05,12973.50,12973.60,12954.40,12959.70,0,
18_06_2026_12_10,12959.60,12964.00,12956.20,12961.90,0,
18_06_2026_12_15,12961.30,12970.20,12959.40,12969.50,0,
18_06_2026_12_20,12969.80,12984.30,12968.60,12982.90,0,
18_06_2026_12_25,12982.30,12997.30,12976.20,12997.20,0,
18_06_2026_12_30,12999.30,13006.00,12988.70,13002.00,0,
18_06_2026_12_35,13002.40,13002.50,12988.40,12994.90,0,
18_06_2026_12_40,12995.00,12995.50,12983.20,12984.50,0,
18_06_2026_12_45,12984.80,12986.20,12971.10,12975.70,0,
18_06_2026_12_50,12976.30,12980.70,12973.80,12977.90,0,
18_06_2026_12_55,12977.80,12980.20,12974.30,12977.00,0,
18_06_2026_13_00,12976.60,12979.20,12973.50,12974.90,0,
18_06_2026_13_05,12976.80,12980.50,12966.80,12978.80,0,
18_06_2026_13_10,12978.80,12996.30,12978.20,12990.80,0,
18_06_2026_13_15,12990.80,12994.50,12980.50,12993.60,0,
18_06_2026_13_20,12994.50,12997.80,12978.70,12991.00,0,
18_06_2026_13_25,12990.80,12991.00,12976.40,12981.60,0,
18_06_2026_13_30,12983.10,12984.70,12974.70,12983.60,0,
18_06_2026_13_35,12983.90,12989.70,12980.20,12988.30,0,
18_06_2026_13_40,12989.40,12989.40,12975.50,12976.60,0,
18_06_2026_13_45,12979.50,12985.30,12975.60,12979.10,0,
18_06_2026_13_50,12979.30,12982.50,12976.30,12981.30,0,
18_06_2026_13_55,12981.80,12982.70,12978.90,12980.40,0,
18_06_2026_14_00,12980.20,12986.00,12978.00,12978.00,0,
18_06_2026_14_05,12978.20,12978.20,12959.20,12959.20,0,
18_06_2026_14_10,12960.30,12972.70,12959.70,12972.70,0,
18_06_2026_14_15,12972.70,12975.50,12961.70,12962.70,0,
18_06_2026_14_20,12961.80,12981.80,12956.00,12981.80,0,
18_06_2026_14_25,12981.20,12982.80,12954.70,12960.20,0,
18_06_2026_14_30,12959.90,12961.20,12948.50,12959.30,0,
18_06_2026_14_35,12961.10,12971.30,12958.60,12964.70,0,
18_06_2026_14_40,12965.50,12970.50,12963.20,12968.90,0,
18_06_2026_14_45,12968.80,12973.30,12960.60,12961.90,0,
18_06_2026_14_50,12962.50,12971.00,12959.70,12966.30,0,
18_06_2026_14_55,12966.70,12974.70,12962.60,12974.00,0,
18_06_2026_15_00,12974.80,12988.00,12969.40,12986.80,0,
18_06_2026_15_05,12987.20,13002.70,12985.00,13001.30,0,
18_06_2026_15_10,12999.30,13011.20,12991.00,13009.80,0,
18_06_2026_15_15,13009.20,13035.20,13002.60,13031.70,0,
18_06_2026_15_20,13033.50,13044.70,13024.50,13038.30,0,
18_06_2026_15_25,13039.10,13049.20,13028.20,13049.20,0,
19_06_2026_09_15,12932.50,12955.90,12846.20,12955.00,0,
19_06_2026_09_20,12955.20,12955.20,12931.20,12949.80,0,
19_06_2026_09_25,12949.70,12960.50,12941.50,12958.00,0,
19_06_2026_09_30,12958.50,12974.50,12951.20,12970.50,0,
19_06_2026_09_35,12970.80,12984.20,12958.30,12977.10,0,
19_06_2026_09_40,12978.70,12994.50,12972.10,12985.20,0,
19_06_2026_09_45,12985.70,12988.20,12964.20,12972.80,0,
19_06_2026_09_50,12975.40,12975.40,12960.50,12963.30,0,
19_06_2026_09_55,12963.80,12969.30,12952.30,12965.60,0,
19_06_2026_10_00,12970.10,12972.20,12956.20,12963.60,0,
19_06_2026_10_05,12963.60,12972.50,12952.90,12971.20,0,
19_06_2026_10_10,12971.50,12980.20,12958.50,12976.00,0,
19_06_2026_10_15,12977.00,12988.40,12970.40,12976.80,0,
19_06_2026_10_20,12975.00,12977.70,12960.70,12969.00,0,
19_06_2026_10_25,12969.00,12979.40,12967.80,12977.80,0,
19_06_2026_10_30,12976.30,12990.70,12976.30,12982.20,0,
19_06_2026_10_35,12982.80,12987.70,12974.70,12986.70,0,
19_06_2026_10_40,12987.30,12996.80,12982.00,12996.00,0,
19_06_2026_10_45,12996.10,13003.50,12992.40,12994.50,0,
19_06_2026_10_50,12994.00,13000.90,12989.80,12993.90,0,
19_06_2026_10_55,12993.80,12994.00,12977.30,12985.60,0,
19_06_2026_11_00,12985.10,13000.30,12983.70,12991.80,0,
19_06_2026_11_05,12990.90,12993.50,12982.20,12989.80,0,
19_06_2026_11_10,12989.80,12996.60,12985.30,12988.00,0,
19_06_2026_11_15,12988.70,12988.80,12974.80,12982.70,0,
19_06_2026_11_20,12982.40,12998.50,12981.20,12994.20,0,
19_06_2026_11_25,12994.20,13006.90,12992.40,13004.20,0,
19_06_2026_11_30,13004.20,13018.30,13002.50,13016.40,0,
19_06_2026_11_35,13017.90,13023.00,13003.80,13006.90,0,
19_06_2026_11_40,13006.20,13012.80,12993.20,12995.50,0,
19_06_2026_11_45,12996.60,12996.80,12971.30,12976.50,0,
19_06_2026_11_50,12977.20,12980.00,12970.00,12972.50,0,
19_06_2026_11_55,12972.70,12983.80,12969.60,12978.40,0,
19_06_2026_12_00,12978.80,12989.30,12976.50,12986.80,0,
19_06_2026_12_05,12983.80,12988.30,12977.00,12987.20,0,
19_06_2026_12_10,12986.80,12989.80,12980.50,12987.00,0,
19_06_2026_12_15,12985.80,12992.00,12983.70,12987.30,0,
19_06_2026_12_20,12988.80,13000.70,12986.50,12998.60,0,
19_06_2026_12_25,12998.60,13009.90,12996.30,13004.80,0,
19_06_2026_12_30,13005.00,13013.50,13003.20,13010.00,0,
19_06_2026_12_35,13009.70,13017.40,13002.20,13017.20,0,
19_06_2026_12_40,13017.80,13017.80,12979.50,12988.80,0,
19_06_2026_12_45,12989.50,13001.50,12988.70,12994.50,0,
19_06_2026_12_50,12993.50,12997.10,12991.90,12994.50,0,
19_06_2026_12_55,12994.50,13001.50,12981.80,12989.50,0,
19_06_2026_13_00,12989.50,12991.10,12977.80,12978.10,0,
19_06_2026_13_05,12978.20,12982.60,12975.30,12976.70,0,
19_06_2026_13_10,12975.50,12978.30,12969.50,12977.70,0,
19_06_2026_13_15,12977.80,12981.80,12972.80,12972.90,0,
19_06_2026_13_20,12976.30,12987.30,12973.80,12976.20,0,
19_06_2026_13_25,12977.20,12986.50,12974.90,12983.00,0,
19_06_2026_13_30,12983.30,12997.40,12981.80,12996.70,0,
19_06_2026_13_35,12996.70,13002.80,12992.80,12998.20,0,
19_06_2026_13_40,12998.20,13007.50,12997.20,13005.20,0,
19_06_2026_13_45,13005.30,13014.00,13003.50,13010.70,0,
19_06_2026_13_50,13010.70,13011.00,12983.80,12995.20,0,
19_06_2026_13_55,12994.50,13017.30,12994.50,13014.10,0,
19_06_2026_14_00,13013.70,13018.60,13001.90,13009.70,0,
19_06_2026_14_05,13011.00,13017.50,13003.20,13015.80,0,
19_06_2026_14_10,13015.80,13020.00,13009.80,13017.50,0,
19_06_2026_14_15,13017.20,13021.50,13014.80,13021.00,0,
19_06_2026_14_20,13021.00,13021.00,13010.70,13012.00,0,
19_06_2026_14_25,13012.00,13019.20,13005.70,13010.50,0,
19_06_2026_14_30,13010.70,13022.50,13009.70,13014.40,0,
19_06_2026_14_35,13014.50,13027.70,13012.40,13021.80,0,
19_06_2026_14_40,13026.20,13027.30,13006.80,13016.00,0,
19_06_2026_14_45,13016.20,13021.50,13004.10,13011.50,0,
19_06_2026_14_50,13010.00,13012.00,12974.30,12985.20,0,
19_06_2026_14_55,12983.80,12985.70,12963.00,12976.20,0,
19_06_2026_15_00,12973.10,13026.30,12969.50,13015.80,0,
19_06_2026_15_05,13015.00,13031.50,13013.20,13017.00,0,
19_06_2026_15_10,13017.80,13036.20,13017.80,13027.60,0,
19_06_2026_15_15,13027.50,13031.40,13020.10,13026.70,0,
19_06_2026_15_20,13026.50,13026.50,13019.50,13026.00,0,
19_06_2026_15_25,13026.50,13050.70,13017.90,13050.50,0,
22_06_2026_09_15,13053.80,13087.00,13035.50,13078.80,0,
22_06_2026_09_20,13079.30,13084.60,13061.20,13065.00,0,
22_06_2026_09_25,13066.20,13069.00,13034.50,13050.50,0,
22_06_2026_09_30,13050.20,13053.50,13034.20,13043.30,0,
22_06_2026_09_35,13044.30,13057.80,13043.00,13048.70,0,
22_06_2026_09_40,13049.30,13050.90,13037.20,13038.70,0,
22_06_2026_09_45,13039.40,13048.00,13030.30,13033.00,0,
22_06_2026_09_50,13032.90,13038.40,13024.10,13034.80,0,
22_06_2026_09_55,13034.20,13083.00,13032.80,13075.20,0,
22_06_2026_10_00,13075.20,13086.00,13070.70,13078.80,0,
22_06_2026_10_05,13078.30,13082.50,13066.80,13073.50,0,
22_06_2026_10_10,13074.00,13080.50,13058.00,13062.40,0,
22_06_2026_10_15,13063.80,13066.20,13053.70,13059.70,0,
22_06_2026_10_20,13060.30,13061.00,13043.90,13046.80,0,
22_06_2026_10_25,13046.60,13056.80,13044.20,13056.20,0,
22_06_2026_10_30,13056.20,13071.40,13055.20,13063.30,0,
22_06_2026_10_35,13064.70,13072.70,13060.00,13072.50,0,
22_06_2026_10_40,13071.50,13083.20,13067.70,13080.80,0,
22_06_2026_10_45,13080.60,13083.30,13068.80,13075.80,0,
22_06_2026_10_50,13075.90,13077.00,13068.70,13076.50,0,
22_06_2026_10_55,13076.40,13085.40,13073.40,13084.30,0,
22_06_2026_11_00,13085.70,13086.80,13079.20,13083.30,0,
22_06_2026_11_05,13083.40,13090.80,13079.30,13090.80,0,
22_06_2026_11_10,13091.40,13097.00,13082.80,13088.00,0,
22_06_2026_11_15,13088.70,13093.50,13082.70,13091.10,0,
22_06_2026_11_20,13091.20,13095.00,13084.00,13086.00,0,
22_06_2026_11_25,13086.80,13091.70,13085.80,13089.20,0,
22_06_2026_11_30,13088.80,13092.40,13085.00,13091.70,0,
22_06_2026_11_35,13091.50,13093.50,13078.70,13093.40,0,
22_06_2026_11_40,13092.70,13093.80,13082.70,13091.70,0,
22_06_2026_11_45,13092.20,13094.50,13083.80,13090.70,0,
22_06_2026_11_50,13090.50,13094.00,13076.40,13080.60,0,
22_06_2026_11_55,13080.80,13081.80,13072.80,13079.20,0,
22_06_2026_12_00,13079.80,13080.00,13065.80,13067.20,0,
22_06_2026_12_05,13067.70,13071.50,13065.20,13069.20,0,
22_06_2026_12_10,13070.00,13072.20,13065.10,13066.80,0,
22_06_2026_12_15,13067.20,13068.20,13053.30,13062.30,0,
22_06_2026_12_20,13062.20,13065.40,13057.50,13062.70,0,
22_06_2026_12_25,13062.20,13065.00,13056.40,13059.00,0,
22_06_2026_12_30,13059.50,13064.50,13058.20,13059.80,0,
22_06_2026_12_35,13060.20,13065.70,13059.20,13065.20,0,
22_06_2026_12_40,13065.00,13066.80,13060.50,13061.20,0,
22_06_2026_12_45,13061.50,13066.50,13057.70,13064.30,0,
22_06_2026_12_50,13065.00,13075.80,13063.70,13068.00,0,
22_06_2026_12_55,13068.70,13069.20,13063.40,13064.30,0,
22_06_2026_13_00,13064.30,13065.60,13049.50,13052.00,0,
22_06_2026_13_05,13052.00,13059.00,13048.70,13050.00,0,
22_06_2026_13_10,13050.20,13055.00,13046.50,13054.00,0,
22_06_2026_13_15,13054.20,13057.00,13045.60,13046.20,0,
22_06_2026_13_20,13046.70,13051.20,13043.00,13049.30,0,
22_06_2026_13_25,13049.40,13050.20,13037.00,13040.20,0,
22_06_2026_13_30,13040.50,13041.00,13027.00,13027.00,0,
22_06_2026_13_35,13027.50,13029.00,13009.30,13010.50,0,
22_06_2026_13_40,13010.40,13011.10,12986.50,13003.00,0,
22_06_2026_13_45,13002.20,13005.10,12991.60,13005.00,0,
22_06_2026_13_50,13004.90,13009.00,13001.20,13006.20,0,
22_06_2026_13_55,13006.80,13014.70,13002.30,13007.60,0,
22_06_2026_14_00,13008.20,13012.20,13003.70,13005.20,0,
22_06_2026_14_05,13005.40,13007.50,12995.50,12998.30,0,
22_06_2026_14_10,12997.30,13011.50,12996.50,13007.50,0,
22_06_2026_14_15,13007.50,13008.50,12998.70,13003.50,0,
22_06_2026_14_20,13004.40,13016.80,13004.20,13012.00,0,
22_06_2026_14_25,13014.70,13030.00,13012.30,13026.90,0,
22_06_2026_14_30,13025.90,13032.80,13013.70,13016.00,0,
22_06_2026_14_35,13016.10,13022.00,13010.00,13019.70,0,
22_06_2026_14_40,13020.70,13048.90,13017.50,13048.00,0,
22_06_2026_14_45,13048.20,13071.30,13048.20,13068.80,0,
22_06_2026_14_50,13068.20,13079.00,13064.20,13075.70,0,
22_06_2026_14_55,13076.20,13078.40,13066.60,13068.00,0,
22_06_2026_15_00,13071.70,13093.20,13071.70,13088.20,0,
22_06_2026_15_05,13090.00,13094.80,13079.70,13091.80,0,
22_06_2026_15_10,13092.70,13106.40,13090.20,13099.60,0,
22_06_2026_15_15,13098.80,13104.00,13089.00,13091.70,0,
22_06_2026_15_20,13092.20,13100.90,13090.90,13098.10,0,
22_06_2026_15_25,13097.30,13101.30,13086.40,13090.80,0,
23_06_2026_09_15,12966.30,12979.80,12900.30,12937.20,0,
23_06_2026_09_20,12935.40,12952.20,12925.00,12931.70,0,
23_06_2026_09_25,12933.00,12933.00,12907.00,12919.20,0,
23_06_2026_09_30,12917.80,12936.10,12913.40,12929.50,0,
23_06_2026_09_35,12931.00,12941.90,12926.80,12931.10,0,
23_06_2026_09_40,12931.00,12932.50,12909.30,12913.00,0,
23_06_2026_09_45,12912.60,12934.20,12907.80,12931.20,0,
23_06_2026_09_50,12931.10,12932.20,12912.00,12916.20,0,
23_06_2026_09_55,12915.50,12924.20,12907.40,12923.00,0,
23_06_2026_10_00,12923.40,12926.20,12908.30,12913.20,0,
23_06_2026_10_05,12913.20,12917.00,12901.80,12909.20,0,
23_06_2026_10_10,12908.80,12916.70,12908.80,12913.50,0,
23_06_2026_10_15,12913.90,12915.30,12901.90,12910.20,0,
23_06_2026_10_20,12911.20,12913.20,12879.20,12881.80,0,
23_06_2026_10_25,12880.80,12881.70,12860.70,12867.80,0,
23_06_2026_10_30,12868.00,12878.10,12864.30,12875.00,0,
23_06_2026_10_35,12875.50,12883.90,12874.90,12877.50,0,
23_06_2026_10_40,12877.30,12880.30,12862.70,12864.80,0,
23_06_2026_10_45,12864.70,12865.80,12854.80,12861.70,0,
23_06_2026_10_50,12861.70,12868.00,12859.10,12864.20,0,
23_06_2026_10_55,12864.50,12872.50,12861.90,12862.20,0,
23_06_2026_11_00,12862.20,12874.70,12857.20,12872.30,0,
23_06_2026_11_05,12871.80,12873.80,12867.70,12871.10,0,
23_06_2026_11_10,12871.30,12885.80,12869.20,12883.80,0,
23_06_2026_11_15,12884.60,12891.30,12883.30,12887.20,0,
23_06_2026_11_20,12886.90,12887.80,12868.00,12870.90,0,
23_06_2026_11_25,12871.00,12874.80,12868.30,12873.10,0,
23_06_2026_11_30,12873.20,12873.50,12853.70,12856.10,0,
23_06_2026_11_35,12855.50,12856.50,12835.00,12839.00,0,
23_06_2026_11_40,12838.30,12839.50,12810.00,12812.00,0,
23_06_2026_11_45,12812.00,12812.20,12765.50,12768.60,0,
23_06_2026_11_50,12768.50,12769.20,12746.80,12749.00,0,
23_06_2026_11_55,12749.80,12750.00,12725.90,12741.50,0,
23_06_2026_12_00,12741.60,12755.70,12735.70,12748.00,0,
23_06_2026_12_05,12749.50,12752.20,12741.30,12743.50,0,
23_06_2026_12_10,12743.80,12747.70,12736.80,12739.70,0,
23_06_2026_12_15,12739.20,12749.20,12732.40,12744.00,0,
23_06_2026_12_20,12744.00,12744.00,12715.70,12724.50,0,
23_06_2026_12_25,12724.50,12743.50,12724.00,12741.20,0,
23_06_2026_12_30,12740.40,12748.20,12726.20,12726.80,0,
23_06_2026_12_35,12726.60,12739.20,12723.70,12735.50,0,
23_06_2026_12_40,12734.90,12735.30,12721.70,12725.30,0,
23_06_2026_12_45,12725.30,12726.20,12701.70,12702.80,0,
23_06_2026_12_50,12702.80,12706.80,12684.70,12686.50,0,
23_06_2026_12_55,12686.50,12693.50,12680.30,12684.50,0,
23_06_2026_13_00,12684.80,12686.00,12671.30,12674.10,0,
23_06_2026_13_05,12674.60,12688.60,12673.00,12683.50,0,
23_06_2026_13_10,12683.80,12684.70,12662.10,12662.20,0,
23_06_2026_13_15,12663.90,12664.00,12647.80,12659.80,0,
23_06_2026_13_20,12659.80,12665.10,12651.80,12655.20,0,
23_06_2026_13_25,12655.20,12655.20,12643.10,12649.70,0,
23_06_2026_13_30,12653.00,12654.50,12632.50,12634.80,0,
23_06_2026_13_35,12634.50,12642.00,12630.20,12642.00,0,
23_06_2026_13_40,12642.20,12660.80,12639.50,12656.20,0,
23_06_2026_13_45,12656.50,12661.50,12651.80,12658.70,0,
23_06_2026_13_50,12659.20,12659.20,12617.80,12627.60,0,
23_06_2026_13_55,12628.40,12636.70,12622.00,12626.00,0,
23_06_2026_14_00,12625.80,12645.20,12621.20,12645.20,0,
23_06_2026_14_05,12644.50,12650.50,12630.20,12636.70,0,
23_06_2026_14_10,12637.20,12651.50,12634.70,12650.20,0,
23_06_2026_14_15,12650.20,12650.70,12635.00,12636.20,0,
23_06_2026_14_20,12635.70,12649.90,12630.50,12648.20,0,
23_06_2026_14_25,12647.80,12651.90,12638.00,12639.50,0,
23_06_2026_14_30,12640.80,12649.30,12638.00,12643.20,0,
23_06_2026_14_35,12642.80,12659.20,12641.70,12659.20,0,
23_06_2026_14_40,12660.00,12676.20,12645.00,12669.80,0,
23_06_2026_14_45,12670.20,12673.70,12657.60,12671.50,0,
23_06_2026_14_50,12672.80,12681.50,12659.20,12680.90,0,
23_06_2026_14_55,12680.80,12702.70,12677.00,12694.20,0,
23_06_2026_15_00,12695.30,12700.40,12646.70,12662.50,0,
23_06_2026_15_05,12663.50,12690.20,12663.50,12682.60,0,
23_06_2026_15_10,12682.20,12693.80,12677.30,12677.30,0,
23_06_2026_15_15,12678.30,12680.40,12650.10,12657.70,0,
23_06_2026_15_20,12657.70,12661.80,12647.30,12652.20,0,
23_06_2026_15_25,12652.80,12661.30,12642.80,12658.70,0,
24_06_2026_09_15,12609.00,12672.70,12596.80,12641.50,0,
24_06_2026_09_20,12643.80,12643.80,12610.50,12627.90,0,
24_06_2026_09_25,12628.50,12629.80,12613.80,12624.80,0,
24_06_2026_09_30,12625.30,12631.30,12606.60,12608.60,0,
24_06_2026_09_35,12609.20,12613.10,12578.60,12588.80,0,
24_06_2026_09_40,12589.70,12597.80,12556.00,12556.60,0,
24_06_2026_09_45,12556.50,12561.40,12504.20,12505.70,0,
24_06_2026_09_50,12505.00,12518.50,12497.20,12517.90,0,
24_06_2026_09_55,12518.00,12531.20,12514.20,12523.00,0,
24_06_2026_10_00,12523.20,12568.00,12523.20,12560.30,0,
24_06_2026_10_05,12561.20,12565.80,12548.10,12564.00,0,
24_06_2026_10_10,12564.70,12567.30,12548.20,12563.20,0,
24_06_2026_10_15,12562.10,12572.10,12558.70,12559.00,0,
24_06_2026_10_20,12558.70,12596.50,12558.50,12593.30,0,
24_06_2026_10_25,12592.40,12622.60,12589.60,12599.20,0,
24_06_2026_10_30,12600.20,12617.10,12598.70,12613.80,0,
24_06_2026_10_35,12614.50,12623.20,12603.80,12622.50,0,
24_06_2026_10_40,12622.50,12641.50,12621.40,12637.90,0,
24_06_2026_10_45,12637.50,12671.70,12636.50,12652.50,0,
24_06_2026_10_50,12653.80,12661.50,12643.50,12645.40,0,
24_06_2026_10_55,12644.10,12648.80,12624.80,12638.00,0,
24_06_2026_11_00,12638.80,12656.30,12638.00,12644.00,0,
24_06_2026_11_05,12644.50,12653.10,12639.60,12652.50,0,
24_06_2026_11_10,12652.00,12656.00,12642.80,12645.00,0,
24_06_2026_11_15,12645.30,12652.60,12641.50,12645.20,0,
24_06_2026_11_20,12645.80,12655.50,12643.30,12652.60,0,
24_06_2026_11_25,12652.50,12666.60,12651.10,12661.80,0,
24_06_2026_11_30,12661.80,12663.00,12640.10,12649.70,0,
24_06_2026_11_35,12649.50,12667.30,12643.80,12665.90,0,
24_06_2026_11_40,12665.30,12668.80,12660.30,12668.20,0,
24_06_2026_11_45,12667.80,12673.20,12659.30,12667.80,0,
24_06_2026_11_50,12667.20,12669.80,12652.00,12654.50,0,
24_06_2026_11_55,12655.00,12662.50,12651.30,12655.00,0,
24_06_2026_12_00,12656.30,12665.30,12654.00,12659.50,0,
24_06_2026_12_05,12659.50,12659.50,12646.00,12646.30,0,
24_06_2026_12_10,12645.90,12651.00,12640.80,12647.50,0,
24_06_2026_12_15,12647.10,12656.10,12645.00,12650.00,0,
24_06_2026_12_20,12650.40,12652.80,12645.50,12646.30,0,
24_06_2026_12_25,12646.20,12652.20,12642.00,12644.50,0,
24_06_2026_12_30,12643.80,12645.70,12625.80,12635.00,0,
24_06_2026_12_35,12634.30,12634.50,12621.60,12634.00,0,
24_06_2026_12_40,12634.50,12647.40,12633.20,12644.40,0,
24_06_2026_12_45,12645.30,12645.50,12634.20,12635.00,0,
24_06_2026_12_50,12635.10,12653.70,12632.20,12646.00,0,
24_06_2026_12_55,12646.80,12661.40,12643.20,12660.70,0,
24_06_2026_13_00,12660.60,12667.80,12656.30,12657.20,0,
24_06_2026_13_05,12657.80,12669.80,12657.30,12667.50,0,
24_06_2026_13_10,12667.40,12670.90,12663.00,12669.50,0,
24_06_2026_13_15,12668.80,12679.50,12668.70,12677.60,0,
24_06_2026_13_20,12679.20,12692.40,12669.70,12671.30,0,
24_06_2026_13_25,12671.80,12677.60,12668.80,12674.30,0,
24_06_2026_13_30,12675.00,12702.10,12674.00,12702.00,0,
24_06_2026_13_35,12702.10,12712.50,12696.10,12696.20,0,
24_06_2026_13_40,12696.00,12697.50,12680.50,12682.50,0,
24_06_2026_13_45,12682.60,12691.80,12678.70,12679.30,0,
24_06_2026_13_50,12679.90,12682.50,12673.60,12679.50,0,
24_06_2026_13_55,12679.30,12679.90,12666.50,12669.50,0,
24_06_2026_14_00,12669.20,12671.30,12660.70,12661.90,0,
24_06_2026_14_05,12662.70,12668.20,12657.20,12664.30,0,
24_06_2026_14_10,12663.60,12672.00,12661.00,12662.00,0,
24_06_2026_14_15,12662.30,12663.00,12648.70,12652.50,0,
24_06_2026_14_20,12652.00,12654.80,12634.80,12645.80,0,
24_06_2026_14_25,12645.70,12656.00,12642.00,12643.40,0,
24_06_2026_14_30,12643.90,12653.00,12635.50,12651.20,0,
24_06_2026_14_35,12650.90,12651.70,12604.90,12617.10,0,
24_06_2026_14_40,12618.30,12633.30,12616.30,12629.80,0,
24_06_2026_14_45,12630.40,12630.80,12609.60,12623.00,0,
24_06_2026_14_50,12623.20,12635.00,12621.70,12627.00,0,
24_06_2026_14_55,12627.50,12630.10,12617.10,12623.60,0,
24_06_2026_15_00,12624.00,12627.40,12607.80,12621.80,0,
24_06_2026_15_05,12621.80,12628.50,12616.60,12628.20,0,
24_06_2026_15_10,12628.20,12630.80,12618.00,12619.80,0,
24_06_2026_15_15,12620.10,12624.50,12601.90,12602.40,0,
24_06_2026_15_20,12601.60,12616.70,12599.00,12616.70,0,
24_06_2026_15_25,12615.80,12622.30,12612.00,12619.70,0,
25_06_2026_09_15,12562.20,12565.20,12512.00,12516.80,0,
25_06_2026_09_20,12517.20,12518.60,12497.50,12518.60,0,
25_06_2026_09_25,12519.10,12531.70,12515.10,12526.50,0,
25_06_2026_09_30,12526.20,12538.30,12512.80,12536.20,0,
25_06_2026_09_35,12536.60,12575.20,12534.80,12567.50,0,
25_06_2026_09_40,12568.50,12568.50,12542.70,12542.70,0,
25_06_2026_09_45,12543.80,12547.70,12535.80,12541.00,0,
25_06_2026_09_50,12540.80,12545.80,12531.50,12533.80,0,
25_06_2026_09_55,12533.80,12536.70,12515.20,12518.10,0,
25_06_2026_10_00,12517.90,12521.80,12496.20,12499.00,0,
25_06_2026_10_05,12499.80,12507.30,12487.80,12506.40,0,
25_06_2026_10_10,12507.00,12515.60,12502.20,12513.80,0,
25_06_2026_10_15,12514.10,12527.70,12513.00,12516.80,0,
25_06_2026_10_20,12517.20,12518.30,12494.30,12500.60,0,
25_06_2026_10_25,12501.30,12501.50,12480.30,12490.40,0,
25_06_2026_10_30,12490.00,12497.80,12489.30,12496.30,0,
25_06_2026_10_35,12496.30,12508.80,12494.60,12503.10,0,
25_06_2026_10_40,12503.50,12519.80,12499.80,12514.20,0,
25_06_2026_10_45,12514.50,12519.80,12508.00,12515.50,0,
25_06_2026_10_50,12516.00,12516.50,12503.60,12509.00,0,
25_06_2026_10_55,12509.00,12523.10,12508.30,12522.50,0,
25_06_2026_11_00,12522.50,12528.70,12508.50,12525.50,0,
25_06_2026_11_05,12525.80,12535.30,12519.20,12534.00,0,
25_06_2026_11_10,12535.40,12556.00,12533.20,12548.60,0,
25_06_2026_11_15,12549.10,12550.90,12538.50,12540.20,0,
25_06_2026_11_20,12542.20,12548.40,12530.20,12532.30,0,
25_06_2026_11_25,12530.80,12534.20,12524.50,12527.20,0,
25_06_2026_11_30,12527.00,12535.20,12523.30,12528.00,0,
25_06_2026_11_35,12528.00,12529.70,12509.80,12522.90,0,
25_06_2026_11_40,12522.20,12524.00,12516.30,12518.50,0,
25_06_2026_11_45,12519.60,12520.20,12509.10,12517.70,0,
25_06_2026_11_50,12518.60,12518.60,12508.70,12512.10,0,
25_06_2026_11_55,12511.70,12539.80,12511.70,12532.90,0,
25_06_2026_12_00,12534.60,12537.50,12526.70,12535.00,0,
25_06_2026_12_05,12536.20,12540.20,12532.40,12536.30,0,
25_06_2026_12_10,12536.70,12540.50,12529.50,12530.40,0,
25_06_2026_12_15,12529.50,12531.10,12516.20,12517.40,0,
25_06_2026_12_20,12517.90,12517.90,12500.00,12502.20,0,
25_06_2026_12_25,12502.00,12503.10,12484.70,12496.20,0,
25_06_2026_12_30,12496.50,12496.50,12473.50,12482.50,0,
25_06_2026_12_35,12483.20,12489.70,12473.50,12487.80,0,
25_06_2026_12_40,12488.80,12489.20,12476.30,12479.70,0,
25_06_2026_12_45,12481.50,12481.90,12475.20,12481.20,0,
25_06_2026_12_50,12481.30,12481.30,12466.20,12473.00,0,
25_06_2026_12_55,12473.50,12473.70,12461.80,12465.10,0,
25_06_2026_13_00,12465.40,12483.90,12463.80,12479.20,0,
25_06_2026_13_05,12479.00,12481.00,12469.00,12472.00,0,
25_06_2026_13_10,12470.30,12475.00,12467.00,12469.60,0,
25_06_2026_13_15,12468.50,12487.40,12467.70,12486.90,0,
25_06_2026_13_20,12487.30,12494.70,12486.30,12490.50,0,
25_06_2026_13_25,12491.80,12492.30,12484.60,12488.20,0,
25_06_2026_13_30,12489.50,12506.80,12487.80,12501.60,0,
25_06_2026_13_35,12502.40,12505.00,12493.80,12502.00,0,
25_06_2026_13_40,12503.20,12510.30,12500.60,12500.90,0,
25_06_2026_13_45,12501.50,12510.20,12493.80,12496.80,0,
25_06_2026_13_50,12498.00,12508.00,12490.40,12490.40,0,
25_06_2026_13_55,12490.50,12498.30,12473.30,12473.30,0,
25_06_2026_14_00,12472.60,12475.30,12466.70,12469.80,0,
25_06_2026_14_05,12471.40,12471.60,12460.40,12464.20,0,
25_06_2026_14_10,12463.80,12472.20,12456.50,12470.10,0,
25_06_2026_14_15,12470.00,12470.00,12450.70,12452.10,0,
25_06_2026_14_20,12453.90,12461.20,12446.20,12451.50,0,
25_06_2026_14_25,12451.30,12458.30,12447.20,12456.80,0,
25_06_2026_14_30,12459.30,12464.00,12453.00,12462.50,0,
25_06_2026_14_35,12460.80,12464.00,12451.70,12451.70,0,
25_06_2026_14_40,12452.50,12457.50,12443.80,12449.20,0,
25_06_2026_14_45,12448.80,12460.30,12447.30,12450.00,0,
25_06_2026_14_50,12450.80,12468.80,12449.50,12462.70,0,
25_06_2026_14_55,12463.00,12467.00,12453.70,12455.00,0,
25_06_2026_15_00,12454.70,12454.70,12435.10,12445.70,0,
25_06_2026_15_05,12446.30,12455.90,12440.50,12447.70,0,
25_06_2026_15_10,12447.80,12457.00,12446.20,12450.70,0,
25_06_2026_15_15,12451.60,12452.70,12443.80,12444.30,0,
25_06_2026_15_20,12446.00,12448.20,12432.50,12434.90,0,
25_06_2026_15_25,12435.90,12449.20,12428.20,12445.80,0,
29_06_2026_09_15,12474.30,12527.70,12447.10,12521.10,0,
29_06_2026_09_20,12520.20,12547.20,12503.80,12506.80,0,
29_06_2026_09_25,12506.40,12522.80,12501.40,12505.70,0,
29_06_2026_09_30,12507.30,12507.80,12459.80,12459.80,0,
29_06_2026_09_35,12460.70,12488.80,12442.90,12482.80,0,
29_06_2026_09_40,12483.30,12498.20,12478.40,12492.20,0,
29_06_2026_09_45,12491.50,12514.20,12489.70,12500.30,0,
29_06_2026_09_50,12499.30,12528.30,12494.80,12527.80,0,
29_06_2026_09_55,12528.00,12541.00,12519.60,12527.50,0,
29_06_2026_10_00,12527.20,12529.70,12510.00,12511.80,0,
29_06_2026_10_05,12511.00,12521.20,12506.00,12518.40,0,
29_06_2026_10_10,12517.90,12519.30,12507.80,12518.00,0,
29_06_2026_10_15,12517.30,12534.00,12515.70,12533.80,0,
29_06_2026_10_20,12534.10,12551.20,12529.20,12547.80,0,
29_06_2026_10_25,12549.20,12549.20,12538.10,12540.20,0,
29_06_2026_10_30,12539.80,12540.00,12527.80,12533.50,0,
29_06_2026_10_35,12533.50,12541.00,12528.20,12538.50,0,
29_06_2026_10_40,12538.30,12540.80,12525.70,12533.70,0,
29_06_2026_10_45,12533.00,12533.70,12513.20,12525.70,0,
29_06_2026_10_50,12525.30,12530.40,12521.80,12528.20,0,
29_06_2026_10_55,12527.80,12535.60,12523.70,12534.20,0,
29_06_2026_11_00,12533.20,12539.80,12523.70,12539.60,0,
29_06_2026_11_05,12540.00,12541.30,12531.20,12536.50,0,
29_06_2026_11_10,12537.20,12553.80,12535.00,12551.20,0,
29_06_2026_11_15,12551.30,12559.90,12546.80,12558.00,0,
29_06_2026_11_20,12557.20,12558.30,12544.00,12544.70,0,
29_06_2026_11_25,12545.20,12551.30,12538.70,12543.80,0,
29_06_2026_11_30,12543.00,12551.00,12518.30,12529.80,0,
29_06_2026_11_35,12526.50,12550.20,12526.00,12548.20,0,
29_06_2026_11_40,12547.90,12549.00,12538.30,12539.30,0,
29_06_2026_11_45,12539.70,12548.50,12537.80,12544.20,0,
29_06_2026_11_50,12544.00,12547.00,12538.30,12543.50,0,
29_06_2026_11_55,12543.10,12544.00,12530.80,12534.70,0,
29_06_2026_12_00,12535.80,12539.00,12532.20,12537.50,0,
29_06_2026_12_05,12538.40,12541.30,12530.90,12538.90,0,
29_06_2026_12_10,12540.40,12542.20,12529.10,12533.20,0,
29_06_2026_12_15,12533.40,12547.40,12533.10,12543.80,0,
29_06_2026_12_20,12543.50,12548.90,12537.80,12541.80,0,
29_06_2026_12_25,12542.80,12546.60,12533.80,12534.30,0,
29_06_2026_12_30,12535.20,12535.20,12505.50,12518.20,0,
29_06_2026_12_35,12518.30,12527.70,12513.50,12518.70,0,
29_06_2026_12_40,12516.60,12520.70,12504.40,12507.80,0,
29_06_2026_12_45,12509.00,12517.90,12503.80,12504.00,0,
29_06_2026_12_50,12504.80,12506.50,12499.00,12505.30,0,
29_06_2026_12_55,12506.30,12513.00,12505.20,12508.60,0,
29_06_2026_13_00,12509.60,12514.00,12502.60,12511.30,0,
29_06_2026_13_05,12511.20,12524.80,12506.00,12522.10,0,
29_06_2026_13_10,12522.90,12538.20,12522.20,12529.80,0,
29_06_2026_13_15,12529.30,12529.80,12511.00,12513.80,0,
29_06_2026_13_20,12514.10,12526.30,12513.20,12521.30,0,
29_06_2026_13_25,12521.50,12531.30,12521.00,12527.70,0,
29_06_2026_13_30,12528.20,12539.80,12523.90,12535.50,0,
29_06_2026_13_35,12536.70,12546.40,12532.50,12545.50,0,
29_06_2026_13_40,12545.70,12550.50,12540.60,12545.50,0,
29_06_2026_13_45,12545.60,12553.00,12543.00,12545.60,0,
29_06_2026_13_50,12545.30,12547.20,12532.30,12536.00,0,
29_06_2026_13_55,12537.20,12538.60,12523.20,12530.00,0,
29_06_2026_14_00,12530.00,12535.00,12522.70,12530.80,0,
29_06_2026_14_05,12531.20,12539.60,12529.30,12533.50,0,
29_06_2026_14_10,12534.20,12537.50,12529.70,12534.20,0,
29_06_2026_14_15,12534.20,12535.00,12522.60,12528.20,0,
29_06_2026_14_20,12529.50,12531.20,12518.70,12519.70,0,
29_06_2026_14_25,12520.30,12527.50,12518.30,12521.50,0,
29_06_2026_14_30,12521.80,12533.00,12510.60,12526.80,0,
29_06_2026_14_35,12528.00,12529.90,12511.70,12515.20,0,
29_06_2026_14_40,12516.00,12526.90,12514.30,12520.60,0,
29_06_2026_14_45,12519.80,12521.10,12499.00,12514.50,0,
29_06_2026_14_50,12513.90,12537.80,12513.20,12533.00,0,
29_06_2026_14_55,12532.70,12533.40,12490.40,12497.30,0,
29_06_2026_15_00,12498.20,12548.20,12498.20,12527.30,0,
29_06_2026_15_05,12527.20,12545.50,12523.50,12539.00,0,
29_06_2026_15_10,12538.70,12539.50,12522.80,12538.30,0,
29_06_2026_15_15,12538.20,12568.80,12533.00,12566.20,0,
29_06_2026_15_20,12567.00,12576.80,12558.80,12565.30,0,
29_06_2026_15_25,12565.40,12570.30,12541.20,12553.50,0,
30_06_2026_09_15,12523.30,12553.10,12456.20,12456.80,0,
30_06_2026_09_20,12455.90,12476.00,12449.80,12469.10,0,
30_06_2026_09_25,12468.80,12504.30,12466.50,12482.00,0,
30_06_2026_09_30,12480.80,12496.80,12474.80,12474.80,0,
30_06_2026_09_35,12475.20,12484.90,12461.20,12477.00,0,
30_06_2026_09_40,12475.50,12478.50,12467.80,12474.50,0,
30_06_2026_09_45,12474.10,12483.60,12466.20,12479.30,0,
30_06_2026_09_50,12479.10,12503.00,12477.20,12490.80,0,
30_06_2026_09_55,12491.20,12506.40,12490.20,12501.20,0,
30_06_2026_10_00,12500.50,12505.80,12486.40,12494.30,0,
30_06_2026_10_05,12495.20,12498.00,12472.20,12473.50,0,
30_06_2026_10_10,12473.50,12487.80,12472.80,12487.80,0,
30_06_2026_10_15,12488.00,12490.00,12469.50,12469.80,0,
30_06_2026_10_20,12469.70,12472.80,12461.70,12467.40,0,
30_06_2026_10_25,12467.30,12472.70,12462.30,12470.50,0,
30_06_2026_10_30,12471.40,12477.10,12465.30,12477.10,0,
30_06_2026_10_35,12477.00,12478.50,12469.70,12469.90,0,
30_06_2026_10_40,12469.90,12472.00,12456.80,12458.90,0,
30_06_2026_10_45,12459.70,12476.20,12457.30,12474.10,0,
30_06_2026_10_50,12474.20,12479.90,12473.20,12474.70,0,
30_06_2026_10_55,12474.80,12476.00,12458.70,12463.20,0,
30_06_2026_11_00,12463.00,12471.50,12457.20,12458.20,0,
30_06_2026_11_05,12458.20,12460.20,12442.10,12449.80,0,
30_06_2026_11_10,12449.80,12481.50,12449.20,12475.00,0,
30_06_2026_11_15,12474.80,12481.80,12471.70,12476.00,0,
30_06_2026_11_20,12476.20,12505.20,12467.70,12505.00,0,
30_06_2026_11_25,12505.60,12505.60,12481.50,12482.00,0,
30_06_2026_11_30,12483.00,12485.70,12469.20,12479.20,0,
30_06_2026_11_35,12477.70,12478.00,12463.80,12475.80,0,
30_06_2026_11_40,12476.20,12481.30,12462.50,12469.50,0,
30_06_2026_11_45,12468.80,12480.90,12468.00,12476.50,0,
30_06_2026_11_50,12476.50,12493.30,12476.50,12491.60,0,
30_06_2026_11_55,12491.40,12506.20,12490.50,12504.30,0,
30_06_2026_12_00,12503.30,12513.00,12502.80,12512.50,0,
30_06_2026_12_05,12513.50,12543.80,12512.50,12536.00,0,
30_06_2026_12_10,12535.80,12536.70,12522.80,12524.30,0,
30_06_2026_12_15,12524.30,12531.10,12523.40,12528.20,0,
30_06_2026_12_20,12528.30,12529.40,12516.70,12521.20,0,
30_06_2026_12_25,12521.50,12532.00,12519.80,12530.30,0,
30_06_2026_12_30,12531.20,12535.20,12516.80,12518.80,0,
30_06_2026_12_35,12518.00,12530.30,12517.80,12525.70,0,
30_06_2026_12_40,12525.60,12530.30,12518.50,12518.50,0,
30_06_2026_12_45,12520.00,12529.00,12517.10,12527.00,0,
30_06_2026_12_50,12528.00,12540.30,12526.00,12537.90,0,
30_06_2026_12_55,12538.00,12552.80,12532.50,12537.00,0,
30_06_2026_13_00,12537.00,12538.00,12521.30,12527.50,0,
30_06_2026_13_05,12528.00,12531.80,12523.50,12528.20,0,
30_06_2026_13_10,12529.00,12532.80,12525.90,12530.80,0,
30_06_2026_13_15,12530.80,12557.20,12528.40,12552.70,0,
30_06_2026_13_20,12552.80,12553.20,12531.30,12535.80,0,
30_06_2026_13_25,12535.50,12557.60,12534.70,12553.80,0,
30_06_2026_13_30,12554.10,12555.60,12550.50,12551.50,0,
30_06_2026_13_35,12551.70,12551.80,12541.50,12543.00,0,
30_06_2026_13_40,12542.80,12552.70,12541.30,12547.70,0,
30_06_2026_13_45,12546.50,12550.20,12542.20,12543.30,0,
30_06_2026_13_50,12543.20,12549.60,12536.60,12539.80,0,
30_06_2026_13_55,12540.40,12544.60,12535.50,12540.00,0,
30_06_2026_14_00,12540.30,12542.20,12518.70,12522.70,0,
30_06_2026_14_05,12523.20,12532.80,12520.30,12529.50,0,
30_06_2026_14_10,12529.20,12532.50,12525.50,12527.30,0,
30_06_2026_14_15,12528.20,12534.50,12513.30,12525.00,0,
30_06_2026_14_20,12525.20,12555.50,12519.80,12555.50,0,
30_06_2026_14_25,12555.40,12573.00,12549.70,12552.50,0,
30_06_2026_14_30,12552.60,12552.80,12535.20,12549.40,0,
30_06_2026_14_35,12548.90,12550.60,12532.30,12543.60,0,
30_06_2026_14_40,12543.90,12552.50,12540.50,12548.50,0,
30_06_2026_14_45,12548.80,12549.80,12539.20,12547.50,0,
30_06_2026_14_50,12546.90,12553.70,12538.40,12553.00,0,
30_06_2026_14_55,12552.90,12558.80,12532.60,12542.20,0,
30_06_2026_15_00,12542.60,12542.60,12499.50,12502.10,0,
30_06_2026_15_05,12503.00,12522.00,12498.60,12520.50,0,
30_06_2026_15_10,12520.80,12527.00,12517.30,12525.20,0,
30_06_2026_15_15,12525.20,12528.30,12519.80,12522.90,0,
30_06_2026_15_20,12522.50,12530.20,12520.10,12527.70,0,
30_06_2026_15_25,12527.50,12551.80,12519.90,12539.20,0,
01_07_2026_09_15,12515.20,12522.90,12422.90,12434.40,0,
01_07_2026_09_20,12433.00,12456.70,12428.50,12431.20,0,
01_07_2026_09_25,12431.00,12442.00,12411.50,12441.80,0,
01_07_2026_09_30,12441.70,12458.50,12418.80,12420.20,0,
01_07_2026_09_35,12419.90,12437.70,12414.80,12431.00,0,
01_07_2026_09_40,12430.20,12436.20,12413.10,12415.80,0,
01_07_2026_09_45,12415.00,12428.20,12410.90,12422.20,0,
01_07_2026_09_50,12421.00,12438.50,12419.10,12435.00,0,
01_07_2026_09_55,12435.70,12452.40,12428.80,12451.90,0,
01_07_2026_10_00,12451.10,12466.80,12449.90,12452.10,0,
01_07_2026_10_05,12452.10,12460.50,12437.30,12444.80,0,
01_07_2026_10_10,12444.50,12452.50,12435.50,12449.80,0,
01_07_2026_10_15,12450.30,12494.20,12448.80,12492.30,0,
01_07_2026_10_20,12491.60,12494.70,12474.60,12476.00,0,
01_07_2026_10_25,12477.00,12481.20,12464.10,12478.60,0,
01_07_2026_10_30,12477.60,12489.60,12477.00,12483.90,0,
01_07_2026_10_35,12483.80,12484.70,12460.20,12467.80,0,
01_07_2026_10_40,12466.30,12474.30,12455.20,12457.90,0,
01_07_2026_10_45,12458.00,12489.20,12457.50,12484.70,0,
01_07_2026_10_50,12485.40,12486.50,12469.70,12472.20,0,
01_07_2026_10_55,12472.30,12473.50,12463.60,12467.10,0,
01_07_2026_11_00,12467.20,12471.00,12451.70,12454.80,0,
01_07_2026_11_05,12455.00,12464.10,12451.80,12456.80,0,
01_07_2026_11_10,12455.30,12461.20,12451.80,12452.60,0,
01_07_2026_11_15,12453.30,12459.50,12443.80,12444.50,0,
01_07_2026_11_20,12445.20,12451.30,12439.60,12443.30,0,
01_07_2026_11_25,12442.80,12445.50,12428.70,12444.50,0,
01_07_2026_11_30,12444.20,12450.50,12441.00,12447.90,0,
01_07_2026_11_35,12446.80,12451.00,12440.30,12442.70,0,
01_07_2026_11_40,12442.30,12452.80,12439.70,12449.40,0,
01_07_2026_11_45,12448.80,12452.80,12444.00,12448.10,0,
01_07_2026_11_50,12448.50,12450.00,12430.70,12431.80,0,
01_07_2026_11_55,12432.50,12434.90,12424.20,12434.30,0,
01_07_2026_12_00,12434.60,12437.60,12420.20,12432.80,0,
01_07_2026_12_05,12432.20,12447.30,12429.50,12443.10,0,
01_07_2026_12_10,12442.70,12444.60,12424.60,12429.20,0,
01_07_2026_12_15,12429.50,12432.00,12423.50,12429.00,0,
01_07_2026_12_20,12429.00,12430.80,12420.70,12422.50,0,
01_07_2026_12_25,12422.40,12423.80,12380.30,12384.30,0,
01_07_2026_12_30,12384.30,12412.00,12384.00,12409.70,0,
01_07_2026_12_35,12409.80,12416.30,12408.40,12412.10,0,
01_07_2026_12_40,12412.30,12412.50,12375.00,12385.30,0,
01_07_2026_12_45,12386.20,12391.00,12381.90,12388.60,0,
01_07_2026_12_50,12388.20,12398.20,12387.30,12390.90,0,
01_07_2026_12_55,12391.00,12394.50,12385.80,12391.50,0,
01_07_2026_13_00,12391.80,12393.80,12378.50,12383.20,0,
01_07_2026_13_05,12383.00,12388.20,12380.10,12384.70,0,
01_07_2026_13_10,12384.20,12394.80,12383.70,12394.80,0,
01_07_2026_13_15,12394.30,12408.30,12392.10,12404.40,0,
01_07_2026_13_20,12403.80,12410.30,12395.40,12408.40,0,
01_07_2026_13_25,12407.70,12413.80,12401.20,12406.00,0,
01_07_2026_13_30,12405.50,12411.10,12401.30,12407.60,0,
01_07_2026_13_35,12407.60,12422.60,12406.70,12415.00,0,
01_07_2026_13_40,12418.20,12425.60,12415.70,12421.50,0,
01_07_2026_13_45,12422.00,12430.00,12415.50,12423.40,0,
01_07_2026_13_50,12423.30,12425.20,12408.20,12408.80,0,
01_07_2026_13_55,12409.30,12412.30,12401.10,12403.30,0,
01_07_2026_14_00,12403.70,12405.10,12389.70,12403.60,0,
01_07_2026_14_05,12404.20,12407.70,12401.40,12404.30,0,
01_07_2026_14_10,12404.80,12405.50,12395.80,12395.80,0,
01_07_2026_14_15,12397.20,12401.00,12388.00,12389.30,0,
01_07_2026_14_20,12390.10,12396.20,12387.50,12395.50,0,
01_07_2026_14_25,12395.30,12405.70,12391.60,12402.40,0,
01_07_2026_14_30,12402.50,12412.00,12399.00,12404.50,0,
01_07_2026_14_35,12405.50,12405.50,12388.20,12388.20,0,
01_07_2026_14_40,12389.70,12408.50,12385.60,12404.30,0,
01_07_2026_14_45,12404.80,12407.20,12379.10,12380.00,0,
01_07_2026_14_50,12381.00,12389.10,12378.80,12387.90,0,
01_07_2026_14_55,12387.60,12398.70,12382.20,12391.80,0,
01_07_2026_15_00,12393.60,12408.00,12387.90,12401.30,0,
01_07_2026_15_05,12401.00,12408.80,12399.70,12405.00,0,
01_07_2026_15_10,12404.80,12405.20,12390.50,12392.80,0,
01_07_2026_15_15,12392.80,12394.80,12387.40,12388.20,0,
01_07_2026_15_20,12389.30,12398.20,12384.20,12397.50,0,
01_07_2026_15_25,12396.90,12399.60,12377.20,12396.30,0,
02_07_2026_09_15,12454.20,12502.70,12447.50,12496.20,0,
02_07_2026_09_20,12496.30,12508.80,12480.20,12499.00,0,
02_07_2026_09_25,12499.50,12535.00,12494.50,12503.70,0,
02_07_2026_09_30,12502.30,12511.80,12488.00,12489.70,0,
02_07_2026_09_35,12489.50,12519.50,12478.20,12517.30,0,
02_07_2026_09_40,12516.60,12528.70,12504.30,12513.70,0,
02_07_2026_09_45,12512.50,12532.50,12512.30,12515.40,0,
02_07_2026_09_50,12516.10,12531.50,12499.50,12530.40,0,
02_07_2026_09_55,12529.60,12535.60,12520.50,12532.20,0,
02_07_2026_10_00,12532.70,12539.50,12530.80,12537.50,0,
02_07_2026_10_05,12536.80,12553.30,12526.30,12553.30,0,
02_07_2026_10_10,12553.20,12590.20,12550.80,12565.90,0,
02_07_2026_10_15,12563.90,12578.00,12548.00,12554.50,0,
02_07_2026_10_20,12554.10,12556.50,12546.00,12548.70,0,
02_07_2026_10_25,12548.00,12557.00,12545.40,12550.30,0,
02_07_2026_10_30,12549.00,12552.70,12538.00,12540.20,0,
02_07_2026_10_35,12540.30,12557.60,12537.20,12556.80,0,
02_07_2026_10_40,12556.20,12558.00,12541.70,12550.00,0,
02_07_2026_10_45,12549.40,12552.20,12537.00,12537.80,0,
02_07_2026_10_50,12537.20,12538.70,12525.40,12536.20,0,
02_07_2026_10_55,12536.70,12553.40,12535.30,12551.20,0,
02_07_2026_11_00,12551.50,12554.30,12529.50,12530.80,0,
02_07_2026_11_05,12530.00,12541.50,12530.00,12534.60,0,
02_07_2026_11_10,12535.20,12536.30,12509.80,12516.60,0,
02_07_2026_11_15,12516.70,12524.00,12505.70,12505.70,0,
02_07_2026_11_20,12504.30,12504.30,12489.70,12496.30,0,
02_07_2026_11_25,12496.90,12499.30,12474.50,12477.00,0,
02_07_2026_11_30,12477.00,12479.40,12456.00,12459.50,0,
02_07_2026_11_35,12458.80,12460.00,12452.90,12455.50,0,
02_07_2026_11_40,12455.50,12460.50,12446.80,12452.00,0,
02_07_2026_11_45,12451.80,12469.80,12451.80,12463.20,0,
02_07_2026_11_50,12462.80,12474.70,12461.80,12473.30,0,
02_07_2026_11_55,12473.50,12485.10,12472.00,12475.00,0,
02_07_2026_12_00,12474.80,12478.80,12470.00,12474.80,0,
02_07_2026_12_05,12475.20,12482.00,12469.80,12469.80,0,
02_07_2026_12_10,12470.90,12477.00,12461.90,12475.70,0,
02_07_2026_12_15,12476.00,12486.50,12474.90,12484.20,0,
02_07_2026_12_20,12484.60,12485.50,12474.90,12476.00,0,
02_07_2026_12_25,12476.70,12489.40,12471.20,12484.50,0,
02_07_2026_12_30,12484.30,12486.20,12473.00,12484.00,0,
02_07_2026_12_35,12484.70,12487.30,12476.10,12481.30,0,
02_07_2026_12_40,12481.80,12488.00,12472.20,12473.60,0,
02_07_2026_12_45,12473.80,12478.80,12467.50,12467.50,0,
02_07_2026_12_50,12467.20,12469.80,12461.00,12463.60,0,
02_07_2026_12_55,12463.90,12465.40,12456.80,12463.10,0,
02_07_2026_13_00,12463.40,12478.60,12459.90,12477.00,0,
02_07_2026_13_05,12477.20,12490.20,12476.80,12484.00,0,
02_07_2026_13_10,12484.20,12488.50,12479.80,12488.20,0,
02_07_2026_13_15,12488.50,12493.20,12483.80,12484.70,0,
02_07_2026_13_20,12484.70,12489.20,12478.90,12487.20,0,
02_07_2026_13_25,12487.20,12489.20,12473.10,12473.10,0,
02_07_2026_13_30,12472.80,12488.30,12471.80,12487.20,0,
02_07_2026_13_35,12486.90,12491.80,12477.80,12484.10,0,
02_07_2026_13_40,12484.20,12488.80,12480.80,12482.50,0,
02_07_2026_13_45,12482.50,12486.30,12476.80,12485.80,0,
02_07_2026_13_50,12486.30,12489.20,12480.60,12485.80,0,
02_07_2026_13_55,12485.70,12488.80,12480.90,12488.20,0,
02_07_2026_14_00,12488.30,12497.20,12488.00,12491.00,0,
02_07_2026_14_05,12491.00,12496.40,12489.00,12491.30,0,
02_07_2026_14_10,12491.00,12492.20,12485.30,12488.70,0,
02_07_2026_14_15,12488.50,12493.70,12485.40,12492.00,0,
02_07_2026_14_20,12492.00,12496.10,12488.00,12489.20,0,
02_07_2026_14_25,12489.50,12492.00,12481.60,12482.30,0,
02_07_2026_14_30,12482.80,12487.20,12481.80,12482.20,0,
02_07_2026_14_35,12482.00,12492.50,12477.90,12491.80,0,
02_07_2026_14_40,12491.70,12496.10,12488.50,12492.40,0,
02_07_2026_14_45,12491.60,12493.30,12483.20,12485.70,0,
02_07_2026_14_50,12485.80,12490.00,12484.00,12484.50,0,
02_07_2026_14_55,12485.40,12496.20,12483.30,12493.50,0,
02_07_2026_15_00,12493.80,12500.50,12488.70,12500.00,0,
02_07_2026_15_05,12500.80,12506.00,12496.80,12502.20,0,
02_07_2026_15_10,12502.70,12503.40,12495.50,12499.40,0,
02_07_2026_15_15,12499.30,12503.50,12493.50,12497.30,0,
02_07_2026_15_20,12497.30,12499.30,12490.60,12495.00,0,
02_07_2026_15_25,12495.00,12513.20,12490.50,12507.80,0,
03_07_2026_09_15,12652.50,12726.60,12634.50,12704.20,0,
03_07_2026_09_20,12701.80,12719.20,12671.70,12682.20,0,
03_07_2026_09_25,12681.20,12711.50,12681.00,12711.00,0,
03_07_2026_09_30,12711.80,12737.00,12699.50,12725.00,0,
03_07_2026_09_35,12725.10,12744.50,12724.60,12734.50,0,
03_07_2026_09_40,12735.80,12736.50,12718.10,12729.50,0,
03_07_2026_09_45,12732.70,12735.10,12705.80,12713.10,0,
03_07_2026_09_50,12714.10,12721.90,12705.40,12721.50,0,
03_07_2026_09_55,12721.20,12731.00,12708.30,12717.90,0,
03_07_2026_10_00,12718.40,12725.20,12686.80,12689.40,0,
03_07_2026_10_05,12689.50,12702.20,12680.50,12701.80,0,
03_07_2026_10_10,12702.10,12706.40,12689.00,12692.70,0,
03_07_2026_10_15,12693.00,12700.00,12653.50,12658.50,0,
03_07_2026_10_20,12659.10,12662.70,12646.50,12660.20,0,
03_07_2026_10_25,12660.10,12663.50,12647.70,12648.20,0,
03_07_2026_10_30,12649.00,12654.70,12626.10,12629.20,0,
03_07_2026_10_35,12631.20,12631.20,12615.20,12615.90,0,
03_07_2026_10_40,12615.30,12620.50,12598.20,12614.00,0,
03_07_2026_10_45,12615.30,12627.10,12609.80,12624.10,0,
03_07_2026_10_50,12625.00,12626.20,12605.50,12610.70,0,
03_07_2026_10_55,12612.60,12612.60,12604.30,12607.30,0,
03_07_2026_11_00,12608.70,12616.40,12604.70,12605.50,0,
03_07_2026_11_05,12605.80,12620.00,12604.00,12611.00,0,
03_07_2026_11_10,12611.80,12617.20,12604.00,12613.50,0,
03_07_2026_11_15,12614.50,12619.20,12608.30,12619.20,0,
03_07_2026_11_20,12619.00,12623.80,12613.30,12619.70,0,
03_07_2026_11_25,12619.70,12620.80,12608.90,12609.50,0,
03_07_2026_11_30,12610.10,12622.30,12608.50,12609.80,0,
03_07_2026_11_35,12610.40,12620.60,12609.30,12619.20,0,
03_07_2026_11_40,12620.00,12640.30,12617.20,12626.00,0,
03_07_2026_11_45,12627.00,12632.50,12623.70,12632.20,0,
03_07_2026_11_50,12632.80,12653.80,12631.50,12645.80,0,
03_07_2026_11_55,12646.80,12658.90,12644.70,12652.60,0,
03_07_2026_12_00,12653.00,12655.80,12636.20,12637.10,0,
03_07_2026_12_05,12637.50,12639.30,12628.80,12637.00,0,
03_07_2026_12_10,12636.50,12641.70,12632.20,12638.50,0,
03_07_2026_12_15,12639.50,12639.80,12623.00,12626.50,0,
03_07_2026_12_20,12627.00,12627.30,12613.30,12616.50,0,
03_07_2026_12_25,12617.30,12626.80,12615.20,12624.50,0,
03_07_2026_12_30,12624.70,12629.70,12617.20,12624.40,0,
03_07_2026_12_35,12625.00,12627.30,12613.40,12617.00,0,
03_07_2026_12_40,12617.90,12618.20,12609.20,12613.30,0,
03_07_2026_12_45,12613.20,12647.00,12613.20,12644.90,0,
03_07_2026_12_50,12644.80,12655.00,12642.40,12645.80,0,
03_07_2026_12_55,12645.80,12655.20,12640.00,12648.30,0,
03_07_2026_13_00,12648.30,12650.00,12641.80,12644.50,0,
03_07_2026_13_05,12645.70,12650.50,12634.40,12639.20,0,
03_07_2026_13_10,12639.60,12648.50,12637.40,12643.10,0,
03_07_2026_13_15,12644.10,12644.80,12636.20,12643.20,0,
03_07_2026_13_20,12643.00,12651.80,12641.30,12645.80,0,
03_07_2026_13_25,12645.80,12647.40,12625.70,12630.00,0,
03_07_2026_13_30,12631.00,12636.30,12622.50,12625.80,0,
03_07_2026_13_35,12626.30,12631.10,12620.00,12624.20,0,
03_07_2026_13_40,12624.60,12630.50,12619.00,12621.70,0,
03_07_2026_13_45,12622.40,12628.10,12617.80,12625.70,0,
03_07_2026_13_50,12626.70,12627.10,12621.20,12622.60,0,
03_07_2026_13_55,12623.50,12624.60,12617.50,12621.00,0,
03_07_2026_14_00,12621.30,12622.50,12606.20,12606.20,0,
03_07_2026_14_05,12607.50,12613.90,12604.30,12609.30,0,
03_07_2026_14_10,12609.20,12610.00,12593.80,12595.50,0,
03_07_2026_14_15,12596.20,12599.00,12590.80,12592.60,0,
03_07_2026_14_20,12593.20,12599.60,12583.20,12599.00,0,
03_07_2026_14_25,12599.50,12600.80,12593.50,12595.20,0,
03_07_2026_14_30,12595.50,12604.80,12592.80,12603.10,0,
03_07_2026_14_35,12603.20,12604.00,12593.00,12593.80,0,
03_07_2026_14_40,12594.00,12598.40,12585.80,12588.00,0,
03_07_2026_14_45,12588.00,12603.00,12588.00,12600.60,0,
03_07_2026_14_50,12601.60,12602.00,12580.30,12589.20,0,
03_07_2026_14_55,12588.80,12593.10,12577.80,12583.00,0,
03_07_2026_15_00,12584.20,12603.00,12582.00,12595.20,0,
03_07_2026_15_05,12596.20,12604.70,12593.50,12601.70,0,
03_07_2026_15_10,12602.00,12608.50,12593.30,12596.20,0,
03_07_2026_15_15,12597.20,12602.00,12588.20,12591.80,0,
03_07_2026_15_20,12593.20,12602.80,12591.00,12597.80,0,
03_07_2026_15_25,12599.10,12608.10,12598.00,12604.70,0,
06_07_2026_09_15,12649.00,12680.30,12595.30,12671.80,0,
06_07_2026_09_20,12671.70,12672.00,12625.50,12629.80,0,
06_07_2026_09_25,12629.90,12641.80,12614.60,12634.10,0,
06_07_2026_09_30,12635.00,12657.80,12628.20,12655.00,0,
06_07_2026_09_35,12655.30,12667.50,12651.50,12665.50,0,
06_07_2026_09_40,12664.90,12716.00,12659.00,12707.80,0,
06_07_2026_09_45,12706.80,12712.70,12690.90,12692.50,0,
06_07_2026_09_50,12693.20,12706.00,12690.90,12702.20,0,
06_07_2026_09_55,12701.70,12704.40,12683.40,12692.00,0,
06_07_2026_10_00,12692.20,12701.20,12683.80,12692.40,0,
06_07_2026_10_05,12691.80,12694.90,12682.00,12687.50,0,
06_07_2026_10_10,12688.10,12700.20,12683.50,12697.30,0,
06_07_2026_10_15,12697.30,12722.80,12696.90,12720.20,0,
06_07_2026_10_20,12720.50,12725.50,12717.70,12723.00,0,
06_07_2026_10_25,12722.50,12723.20,12712.00,12715.90,0,
06_07_2026_10_30,12716.50,12719.50,12694.20,12696.40,0,
06_07_2026_10_35,12697.10,12719.50,12694.30,12718.50,0,
06_07_2026_10_40,12718.70,12728.00,12709.80,12713.00,0,
06_07_2026_10_45,12713.30,12717.30,12706.90,12714.30,0,
06_07_2026_10_50,12714.50,12717.70,12708.20,12713.50,0,
06_07_2026_10_55,12713.20,12715.70,12703.80,12703.90,0,
06_07_2026_11_00,12704.00,12711.00,12700.00,12708.50,0,
06_07_2026_11_05,12708.10,12709.80,12702.20,12705.50,0,
06_07_2026_11_10,12704.80,12709.20,12701.20,12701.80,0,
06_07_2026_11_15,12702.30,12704.00,12697.30,12701.20,0,
06_07_2026_11_20,12702.00,12728.40,12700.50,12722.20,0,
06_07_2026_11_25,12722.30,12722.30,12708.50,12715.60,0,
06_07_2026_11_30,12715.30,12718.20,12702.50,12710.30,0,
06_07_2026_11_35,12711.00,12715.50,12701.00,12711.70,0,
06_07_2026_11_40,12711.80,12720.50,12709.30,12713.60,0,
06_07_2026_11_45,12713.70,12714.60,12706.40,12708.70,0,
06_07_2026_11_50,12708.50,12711.00,12693.30,12699.90,0,
06_07_2026_11_55,12700.00,12713.40,12698.20,12712.20,0,
06_07_2026_12_00,12712.80,12726.20,12711.70,12722.80,0,
06_07_2026_12_05,12722.00,12724.30,12715.00,12717.70,0,
06_07_2026_12_10,12717.90,12720.00,12707.20,12717.50,0,
06_07_2026_12_15,12717.80,12722.20,12704.00,12704.50,0,
06_07_2026_12_20,12704.50,12705.90,12700.10,12703.20,0,
06_07_2026_12_25,12702.70,12703.70,12696.80,12700.10,0,
06_07_2026_12_30,12700.20,12712.40,12699.10,12711.70,0,
06_07_2026_12_35,12711.50,12713.20,12703.60,12704.70,0,
06_07_2026_12_40,12704.50,12708.80,12700.50,12704.20,0,
06_07_2026_12_45,12704.30,12712.80,12701.00,12710.80,0,
06_07_2026_12_50,12710.80,12714.90,12703.10,12706.00,0,
06_07_2026_12_55,12706.20,12713.00,12702.40,12704.50,0,
06_07_2026_13_00,12705.00,12707.70,12700.20,12705.60,0,
06_07_2026_13_05,12705.00,12708.30,12699.50,12703.10,0,
06_07_2026_13_10,12703.90,12718.60,12702.70,12716.80,0,
06_07_2026_13_15,12717.50,12728.90,12714.50,12728.20,0,
06_07_2026_13_20,12727.00,12737.20,12722.60,12733.20,0,
06_07_2026_13_25,12733.90,12738.50,12728.20,12736.30,0,
06_07_2026_13_30,12736.10,12739.80,12730.90,12732.00,0,
06_07_2026_13_35,12732.20,12738.40,12730.30,12732.00,0,
06_07_2026_13_40,12731.70,12733.50,12724.20,12725.80,0,
06_07_2026_13_45,12725.70,12726.10,12716.50,12718.30,0,
06_07_2026_13_50,12718.00,12718.80,12711.80,12712.80,0,
06_07_2026_13_55,12712.70,12715.20,12703.30,12704.90,0,
06_07_2026_14_00,12705.80,12714.00,12704.80,12713.50,0,
06_07_2026_14_05,12713.20,12716.80,12704.20,12705.30,0,
06_07_2026_14_10,12705.20,12718.00,12703.80,12714.70,0,
06_07_2026_14_15,12714.70,12716.60,12708.20,12713.20,0,
06_07_2026_14_20,12713.50,12722.20,12712.20,12721.20,0,
06_07_2026_14_25,12721.00,12726.40,12712.30,12717.50,0,
06_07_2026_14_30,12718.00,12718.80,12711.70,12717.30,0,
06_07_2026_14_35,12717.20,12721.80,12713.70,12719.00,0,
06_07_2026_14_40,12719.80,12719.80,12710.00,12710.80,0,
06_07_2026_14_45,12711.40,12714.20,12701.10,12704.00,0,
06_07_2026_14_50,12704.30,12713.00,12701.00,12712.20,0,
06_07_2026_14_55,12712.40,12724.80,12709.50,12719.80,0,
06_07_2026_15_00,12720.00,12734.30,12720.00,12730.20,0,
06_07_2026_15_05,12730.40,12732.00,12724.20,12726.20,0,
06_07_2026_15_10,12726.40,12728.10,12722.40,12723.30,0,
06_07_2026_15_15,12722.20,12726.80,12715.20,12716.50,0,
06_07_2026_15_20,12716.50,12723.00,12710.30,12714.40,0,
06_07_2026_15_25,12714.00,12717.90,12701.50,12706.60,0,
07_07_2026_09_15,12696.90,12707.20,12606.70,12609.50,0,
07_07_2026_09_20,12610.00,12625.30,12569.70,12616.40,0,
07_07_2026_09_25,12616.00,12638.30,12614.80,12635.90,0,
07_07_2026_09_30,12637.10,12637.60,12595.80,12602.80,0,
07_07_2026_09_35,12603.80,12632.20,12600.10,12620.70,0,
07_07_2026_09_40,12618.50,12635.60,12617.20,12622.20,0,
07_07_2026_09_45,12621.20,12660.30,12621.20,12633.60,0,
07_07_2026_09_50,12633.80,12649.00,12627.30,12627.40,0,
07_07_2026_09_55,12626.80,12652.20,12626.80,12644.30,0,
07_07_2026_10_00,12644.10,12655.90,12634.70,12636.30,0,
07_07_2026_10_05,12637.00,12637.40,12624.50,12633.30,0,
07_07_2026_10_10,12632.70,12632.70,12610.20,12611.80,0,
07_07_2026_10_15,12611.60,12631.80,12600.70,12630.40,0,
07_07_2026_10_20,12630.50,12633.50,12619.80,12621.20,0,
07_07_2026_10_25,12620.30,12623.70,12612.80,12623.50,0,
07_07_2026_10_30,12623.60,12633.80,12623.60,12630.80,0,
07_07_2026_10_35,12630.80,12642.20,12630.30,12639.10,0,
07_07_2026_10_40,12639.10,12639.10,12601.20,12604.30,0,
07_07_2026_10_45,12602.50,12611.00,12595.50,12608.80,0,
07_07_2026_10_50,12608.80,12612.50,12600.20,12611.50,0,
07_07_2026_10_55,12609.50,12613.80,12605.00,12610.40,0,
07_07_2026_11_00,12611.20,12614.00,12601.50,12606.50,0,
07_07_2026_11_05,12606.80,12617.90,12604.40,12615.50,0,
07_07_2026_11_10,12615.80,12618.50,12612.20,12615.90,0,
07_07_2026_11_15,12616.00,12623.20,12612.00,12622.50,0,
07_07_2026_11_20,12622.70,12627.00,12617.30,12623.30,0,
07_07_2026_11_25,12623.20,12645.10,12622.50,12640.50,0,
07_07_2026_11_30,12640.50,12651.30,12630.20,12633.40,0,
07_07_2026_11_35,12633.90,12638.20,12625.80,12632.80,0,
07_07_2026_11_40,12632.80,12634.70,12624.00,12631.50,0,
07_07_2026_11_45,12632.30,12634.70,12627.50,12634.50,0,
07_07_2026_11_50,12634.40,12636.20,12615.20,12618.80,0,
07_07_2026_11_55,12618.70,12626.60,12613.80,12625.70,0,
07_07_2026_12_00,12625.50,12626.10,12605.60,12610.60,0,
07_07_2026_12_05,12610.60,12615.00,12603.90,12605.10,0,
07_07_2026_12_10,12605.20,12608.20,12600.00,12602.00,0,
07_07_2026_12_15,12602.30,12604.30,12587.20,12588.70,0,
07_07_2026_12_20,12588.00,12593.70,12583.80,12593.40,0,
07_07_2026_12_25,12593.40,12606.40,12588.80,12604.80,0,
07_07_2026_12_30,12604.60,12606.00,12586.50,12596.80,0,
07_07_2026_12_35,12596.50,12604.40,12585.50,12597.50,0,
07_07_2026_12_40,12597.20,12610.20,12594.90,12607.50,0,
07_07_2026_12_45,12606.00,12611.30,12603.70,12607.40,0,
07_07_2026_12_50,12607.20,12615.00,12603.50,12607.50,0,
07_07_2026_12_55,12607.70,12619.00,12599.40,12618.00,0,
07_07_2026_13_00,12617.80,12618.90,12595.00,12599.60,0,
07_07_2026_13_05,12600.50,12600.70,12591.30,12592.20,0,
07_07_2026_13_10,12592.00,12593.00,12573.50,12583.50,0,
07_07_2026_13_15,12583.90,12584.50,12578.30,12580.80,0,
07_07_2026_13_20,12580.90,12585.30,12578.20,12584.20,0,
07_07_2026_13_25,12584.30,12603.30,12584.30,12599.90,0,
07_07_2026_13_30,12600.00,12600.60,12584.20,12584.20,0,
07_07_2026_13_35,12584.10,12585.30,12574.50,12580.50,0,
07_07_2026_13_40,12580.50,12585.00,12577.00,12580.00,0,
07_07_2026_13_45,12580.20,12586.90,12577.30,12580.30,0,
07_07_2026_13_50,12580.30,12584.80,12577.00,12582.20,0,
07_07_2026_13_55,12581.80,12588.20,12578.30,12580.20,0,
07_07_2026_14_00,12580.80,12583.20,12577.80,12580.20,0,
07_07_2026_14_05,12579.50,12585.00,12578.70,12581.60,0,
07_07_2026_14_10,12581.50,12584.80,12579.00,12584.80,0,
07_07_2026_14_15,12583.50,12586.70,12578.20,12581.30,0,
07_07_2026_14_20,12580.80,12584.70,12575.10,12575.70,0,
07_07_2026_14_25,12575.50,12584.50,12572.00,12581.50,0,
07_07_2026_14_30,12581.50,12590.70,12580.70,12588.70,0,
07_07_2026_14_35,12589.30,12600.20,12588.80,12599.70,0,
07_07_2026_14_40,12599.10,12599.80,12589.20,12595.10,0,
07_07_2026_14_45,12595.30,12596.00,12581.20,12595.80,0,
07_07_2026_14_50,12595.80,12607.80,12591.50,12606.80,0,
07_07_2026_14_55,12606.50,12610.60,12603.00,12606.80,0,
07_07_2026_15_00,12607.00,12607.00,12577.20,12596.60,0,
07_07_2026_15_05,12597.30,12598.60,12583.70,12585.00,0,
07_07_2026_15_10,12585.10,12590.40,12581.40,12583.10,0,
07_07_2026_15_15,12586.30,12587.00,12573.80,12577.00,0,
07_07_2026_15_20,12577.00,12578.50,12561.10,12572.70,0,
07_07_2026_15_25,12572.20,12575.00,12553.90,12562.30,0,
08_07_2026_09_15,12495.80,12533.70,12479.80,12532.20,0,
08_07_2026_09_20,12531.80,12553.80,12527.30,12552.40,0,
08_07_2026_09_25,12551.70,12569.40,12542.80,12568.70,0,
08_07_2026_09_30,12569.50,12570.70,12537.60,12540.90,0,
08_07_2026_09_35,12542.70,12542.70,12527.50,12537.50,0,
08_07_2026_09_40,12538.20,12592.30,12536.80,12575.30,0,
08_07_2026_09_45,12576.40,12582.00,12562.70,12572.00,0,
08_07_2026_09_50,12572.30,12597.50,12566.00,12568.80,0,
08_07_2026_09_55,12568.80,12600.00,12567.40,12595.20,0,
08_07_2026_10_00,12595.00,12611.80,12589.50,12603.80,0,
08_07_2026_10_05,12603.00,12613.30,12598.00,12612.20,0,
08_07_2026_10_10,12612.90,12618.80,12607.70,12613.80,0,
08_07_2026_10_15,12614.30,12635.30,12608.00,12618.80,0,
08_07_2026_10_20,12619.20,12625.80,12609.00,12619.50,0,
08_07_2026_10_25,12619.20,12655.70,12616.50,12653.50,0,
08_07_2026_10_30,12651.20,12651.30,12627.50,12631.70,0,
08_07_2026_10_35,12630.60,12645.70,12626.20,12645.60,0,
08_07_2026_10_40,12646.00,12647.40,12636.00,12644.30,0,
08_07_2026_10_45,12643.90,12650.80,12631.30,12633.90,0,
08_07_2026_10_50,12634.50,12636.20,12618.50,12620.10,0,
08_07_2026_10_55,12619.50,12623.10,12614.90,12622.30,0,
08_07_2026_11_00,12621.60,12631.50,12620.50,12629.60,0,
08_07_2026_11_05,12629.90,12632.90,12621.50,12632.50,0,
08_07_2026_11_10,12632.80,12632.80,12621.70,12623.00,0,
08_07_2026_11_15,12623.00,12625.50,12616.70,12618.30,0,
08_07_2026_11_20,12618.30,12619.30,12606.30,12612.40,0,
08_07_2026_11_25,12611.80,12622.80,12608.80,12616.00,0,
08_07_2026_11_30,12616.00,12623.80,12612.00,12613.00,0,
08_07_2026_11_35,12613.20,12614.10,12606.90,12613.70,0,
08_07_2026_11_40,12613.50,12614.90,12602.10,12605.70,0,
08_07_2026_11_45,12605.80,12627.20,12601.50,12621.60,0,
08_07_2026_11_50,12621.10,12621.80,12611.20,12616.20,0,
08_07_2026_11_55,12616.40,12623.70,12608.20,12623.40,0,
08_07_2026_12_00,12625.50,12627.20,12612.70,12613.50,0,
08_07_2026_12_05,12613.30,12615.00,12604.60,12606.90,0,
08_07_2026_12_10,12606.30,12608.30,12592.00,12606.20,0,
08_07_2026_12_15,12606.10,12614.20,12603.00,12614.00,0,
08_07_2026_12_20,12613.80,12615.70,12598.50,12599.30,0,
08_07_2026_12_25,12599.60,12601.80,12590.20,12592.70,0,
08_07_2026_12_30,12593.80,12594.40,12583.00,12587.40,0,
08_07_2026_12_35,12588.30,12589.50,12582.20,12583.40,0,
08_07_2026_12_40,12583.20,12591.80,12580.30,12591.30,0,
08_07_2026_12_45,12591.30,12596.90,12588.00,12595.30,0,
08_07_2026_12_50,12595.60,12620.00,12595.10,12614.00,0,
08_07_2026_12_55,12613.80,12615.20,12603.70,12606.50,0,
08_07_2026_13_00,12606.50,12612.90,12606.20,12611.80,0,
08_07_2026_13_05,12611.70,12619.20,12597.10,12599.80,0,
08_07_2026_13_10,12601.10,12606.00,12598.10,12605.20,0,
08_07_2026_13_15,12605.20,12606.70,12598.50,12605.70,0,
08_07_2026_13_20,12605.50,12608.20,12599.20,12603.20,0,
08_07_2026_13_25,12603.70,12605.90,12597.90,12599.20,0,
08_07_2026_13_30,12599.80,12599.80,12592.80,12596.80,0,
08_07_2026_13_35,12596.60,12601.90,12594.00,12601.10,0,
08_07_2026_13_40,12600.00,12600.00,12592.20,12594.10,0,
08_07_2026_13_45,12594.80,12597.80,12543.10,12557.10,0,
08_07_2026_13_50,12556.60,12556.80,12534.70,12537.70,0,
08_07_2026_13_55,12538.50,12546.80,12517.20,12518.20,0,
08_07_2026_14_00,12518.50,12528.50,12500.80,12509.40,0,
08_07_2026_14_05,12509.90,12510.50,12461.20,12464.00,0,
08_07_2026_14_10,12465.40,12465.70,12430.00,12437.50,0,
08_07_2026_14_15,12438.00,12477.40,12428.80,12450.00,0,
08_07_2026_14_20,12450.30,12464.80,12443.00,12453.90,0,
08_07_2026_14_25,12454.80,12459.30,12430.00,12432.50,0,
08_07_2026_14_30,12431.50,12456.00,12426.80,12437.20,0,
08_07_2026_14_35,12439.20,12450.60,12425.00,12428.50,0,
08_07_2026_14_40,12430.00,12433.30,12417.90,12430.00,0,
08_07_2026_14_45,12429.80,12429.80,12408.00,12426.30,0,
08_07_2026_14_50,12425.90,12431.30,12404.20,12415.50,0,
08_07_2026_14_55,12415.80,12415.80,12394.50,12406.80,0,
08_07_2026_15_00,12406.90,12453.80,12406.90,12426.10,0,
08_07_2026_15_05,12426.20,12437.80,12422.00,12435.60,0,
08_07_2026_15_10,12436.10,12451.60,12434.20,12446.90,0,
08_07_2026_15_15,12446.00,12490.30,12445.30,12486.50,0,
08_07_2026_15_20,12485.70,12508.00,12483.60,12496.10,0,
08_07_2026_15_25,12495.80,12513.40,12486.20,12501.20,0,
09_07_2026_09_15,12511.70,12541.90,12468.50,12475.70,0,
09_07_2026_09_20,12474.60,12494.70,12467.00,12477.20,0,
09_07_2026_09_25,12478.80,12479.80,12448.30,12469.90,0,
09_07_2026_09_30,12470.30,12471.50,12446.20,12460.30,0,
09_07_2026_09_35,12459.50,12461.30,12434.00,12455.20,0,
09_07_2026_09_40,12454.50,12455.60,12422.00,12431.50,0,
09_07_2026_09_45,12431.00,12454.30,12425.80,12442.00,0,
09_07_2026_09_50,12441.80,12451.10,12430.10,12433.30,0,
09_07_2026_09_55,12433.70,12445.60,12423.50,12429.30,0,
09_07_2026_10_00,12430.00,12474.00,12429.80,12470.70,0,
09_07_2026_10_05,12471.50,12483.50,12466.00,12478.00,0,
09_07_2026_10_10,12478.80,12480.30,12459.60,12462.50,0,
09_07_2026_10_15,12462.30,12470.50,12456.30,12457.20,0,
09_07_2026_10_20,12457.50,12464.50,12450.30,12457.80,0,
09_07_2026_10_25,12457.50,12459.50,12448.20,12453.50,0,
09_07_2026_10_30,12453.50,12461.80,12449.20,12456.20,0,
09_07_2026_10_35,12456.60,12458.70,12432.00,12448.10,0,
09_07_2026_10_40,12448.10,12507.00,12444.80,12476.30,0,
09_07_2026_10_45,12476.50,12483.50,12448.60,12450.50,0,
09_07_2026_10_50,12450.50,12465.00,12450.40,12462.80,0,
09_07_2026_10_55,12462.00,12462.50,12446.80,12450.00,0,
09_07_2026_11_00,12451.00,12452.80,12435.70,12442.70,0,
09_07_2026_11_05,12443.30,12455.90,12439.20,12448.00,0,
09_07_2026_11_10,12447.90,12449.00,12436.20,12441.50,0,
09_07_2026_11_15,12441.70,12449.00,12437.80,12446.20,0,
09_07_2026_11_20,12447.00,12454.50,12442.50,12449.80,0,
09_07_2026_11_25,12450.00,12481.00,12441.50,12478.20,0,
09_07_2026_11_30,12478.70,12487.20,12473.00,12477.30,0,
09_07_2026_11_35,12477.50,12492.40,12472.80,12485.70,0,
09_07_2026_11_40,12485.80,12489.50,12479.50,12487.00,0,
09_07_2026_11_45,12487.20,12510.20,12487.00,12508.00,0,
09_07_2026_11_50,12507.90,12509.50,12498.20,12499.40,0,
09_07_2026_11_55,12499.60,12515.00,12499.00,12514.80,0,
09_07_2026_12_00,12515.20,12528.20,12514.50,12519.30,0,
09_07_2026_12_05,12519.00,12519.60,12508.50,12516.00,0,
09_07_2026_12_10,12515.80,12519.80,12511.70,12515.90,0,
09_07_2026_12_15,12517.70,12525.10,12512.90,12515.30,0,
09_07_2026_12_20,12513.80,12523.80,12512.20,12517.20,0,
09_07_2026_12_25,12517.90,12529.20,12511.50,12528.10,0,
09_07_2026_12_30,12528.00,12535.80,12525.00,12526.50,0,
09_07_2026_12_35,12526.80,12530.40,12521.50,12526.50,0,
09_07_2026_12_40,12526.50,12527.50,12516.80,12520.50,0,
09_07_2026_12_45,12521.00,12558.30,12520.00,12535.50,0,
09_07_2026_12_50,12537.00,12545.00,12532.70,12544.50,0,
09_07_2026_12_55,12545.70,12556.80,12537.80,12538.80,0,
09_07_2026_13_00,12539.00,12544.00,12532.60,12541.50,0,
09_07_2026_13_05,12541.20,12550.80,12541.20,12547.00,0,
09_07_2026_13_10,12546.70,12561.30,12545.70,12558.30,0,
09_07_2026_13_15,12558.30,12561.00,12546.00,12551.20,0,
09_07_2026_13_20,12551.50,12556.30,12546.50,12547.20,0,
09_07_2026_13_25,12546.70,12549.70,12541.00,12542.20,0,
09_07_2026_13_30,12543.30,12564.50,12537.50,12563.20,0,
09_07_2026_13_35,12563.20,12579.40,12557.30,12571.00,0,
09_07_2026_13_40,12572.00,12572.00,12558.60,12565.00,0,
09_07_2026_13_45,12564.00,12564.50,12545.80,12548.20,0,
09_07_2026_13_50,12548.20,12548.80,12539.80,12540.20,0,
09_07_2026_13_55,12540.20,12547.50,12539.20,12543.20,0,
09_07_2026_14_00,12543.10,12552.30,12542.70,12544.90,0,
09_07_2026_14_05,12545.80,12546.20,12536.40,12537.10,0,
09_07_2026_14_10,12537.00,12542.20,12528.00,12539.00,0,
09_07_2026_14_15,12539.20,12549.00,12535.50,12536.90,0,
09_07_2026_14_20,12535.70,12543.50,12527.80,12542.60,0,
09_07_2026_14_25,12543.20,12546.50,12532.50,12536.30,0,
09_07_2026_14_30,12536.20,12540.80,12530.80,12536.70,0,
09_07_2026_14_35,12535.70,12537.40,12520.40,12521.50,0,
09_07_2026_14_40,12522.00,12534.20,12509.00,12527.00,0,
09_07_2026_14_45,12527.20,12531.00,12513.80,12521.20,0,
09_07_2026_14_50,12519.60,12526.80,12518.30,12522.80,0,
09_07_2026_14_55,12524.50,12531.30,12520.50,12530.70,0,
09_07_2026_15_00,12530.80,12530.80,12502.50,12504.80,0,
09_07_2026_15_05,12504.20,12505.10,12481.90,12497.50,0,
09_07_2026_15_10,12496.70,12499.70,12487.80,12488.00,0,
09_07_2026_15_15,12487.80,12508.50,12485.80,12508.50,0,
09_07_2026_15_20,12507.30,12517.20,12503.50,12509.90,0,
09_07_2026_15_25,12507.70,12513.50,12496.00,12497.00,0,
10_07_2026_09_15,12640.80,12683.20,12610.00,12682.50,0,
10_07_2026_09_20,12682.50,12690.00,12666.80,12677.00,0,
10_07_2026_09_25,12677.00,12697.20,12675.20,12696.50,0,
10_07_2026_09_30,12697.20,12705.40,12686.30,12699.20,0,
10_07_2026_09_35,12701.70,12711.80,12698.80,12704.00,0,
10_07_2026_09_40,12704.80,12732.50,12704.50,12716.70,0,
10_07_2026_09_45,12717.00,12756.60,12717.00,12756.20,0,
10_07_2026_09_50,12756.70,12784.50,12756.30,12772.30,0,
10_07_2026_09_55,12773.00,12812.60,12771.80,12798.40,0,
10_07_2026_10_00,12798.20,12821.90,12798.20,12821.10,0,
10_07_2026_10_05,12822.00,12822.00,12796.10,12796.80,0,
10_07_2026_10_10,12797.70,12802.70,12789.80,12799.80,0,
10_07_2026_10_15,12800.50,12801.70,12784.20,12786.20,0,
10_07_2026_10_20,12786.10,12796.10,12783.80,12790.90,0,
10_07_2026_10_25,12791.30,12803.60,12767.50,12768.20,0,
10_07_2026_10_30,12769.90,12771.50,12756.40,12760.30,0,
10_07_2026_10_35,12760.30,12775.70,12760.10,12771.30,0,
10_07_2026_10_40,12771.80,12772.00,12755.40,12760.20,0,
10_07_2026_10_45,12761.20,12771.40,12756.70,12768.70,0,
10_07_2026_10_50,12768.80,12773.20,12763.00,12765.30,0,
10_07_2026_10_55,12767.00,12770.70,12763.80,12767.20,0,
10_07_2026_11_00,12767.70,12769.90,12758.30,12758.80,0,
10_07_2026_11_05,12759.20,12759.50,12748.90,12750.20,0,
10_07_2026_11_10,12750.30,12752.80,12741.50,12742.40,0,
10_07_2026_11_15,12743.80,12750.20,12736.80,12739.00,0,
10_07_2026_11_20,12739.00,12740.20,12723.70,12729.80,0,
10_07_2026_11_25,12729.00,12729.00,12716.90,12717.70,0,
10_07_2026_11_30,12717.50,12720.00,12708.00,12714.50,0,
10_07_2026_11_35,12715.70,12720.00,12709.30,12710.50,0,
10_07_2026_11_40,12711.70,12711.70,12700.20,12701.50,0,
10_07_2026_11_45,12703.60,12713.20,12703.20,12711.50,0,
10_07_2026_11_50,12712.50,12714.20,12697.50,12700.00,0,
10_07_2026_11_55,12702.40,12720.50,12690.60,12716.70,0,
10_07_2026_12_00,12717.00,12721.50,12713.80,12715.90,0,
10_07_2026_12_05,12716.00,12725.30,12714.50,12724.50,0,
10_07_2026_12_10,12724.30,12725.50,12714.10,12718.00,0,
10_07_2026_12_15,12720.20,12720.20,12713.00,12714.30,0,
10_07_2026_12_20,12714.80,12716.50,12704.30,12707.00,0,
10_07_2026_12_25,12707.50,12723.70,12705.00,12722.30,0,
10_07_2026_12_30,12721.70,12722.70,12712.90,12714.50,0,
10_07_2026_12_35,12716.00,12719.70,12710.00,12710.00,0,
10_07_2026_12_40,12711.00,12716.30,12709.40,12715.60,0,
10_07_2026_12_45,12715.60,12723.50,12714.80,12721.50,0,
10_07_2026_12_50,12723.20,12724.00,12719.30,12721.20,0,
10_07_2026_12_55,12721.80,12723.20,12714.00,12717.60,0,
10_07_2026_13_00,12717.80,12737.10,12714.50,12731.20,0,
10_07_2026_13_05,12732.00,12735.20,12715.80,12716.70,0,
10_07_2026_13_10,12717.50,12722.30,12714.00,12717.00,0,
10_07_2026_13_15,12718.00,12718.00,12693.00,12695.00,0,
10_07_2026_13_20,12694.30,12700.20,12687.80,12699.60,0,
10_07_2026_13_25,12700.00,12703.70,12697.00,12701.50,0,
10_07_2026_13_30,12702.20,12705.80,12695.20,12701.20,0,
10_07_2026_13_35,12701.40,12701.80,12693.50,12693.80,0,
10_07_2026_13_40,12694.00,12704.60,12692.20,12702.40,0,
10_07_2026_13_45,12704.70,12707.70,12702.30,12705.60,0,
10_07_2026_13_50,12706.20,12710.60,12704.20,12709.80,0,
10_07_2026_13_55,12709.90,12710.30,12697.20,12697.20,0,
10_07_2026_14_00,12698.00,12700.50,12693.80,12694.30,0,
10_07_2026_14_05,12695.50,12698.50,12687.70,12689.10,0,
10_07_2026_14_10,12689.30,12699.70,12684.20,12695.00,0,
10_07_2026_14_15,12695.20,12696.00,12685.30,12691.00,0,
10_07_2026_14_20,12691.80,12696.20,12690.00,12693.70,0,
10_07_2026_14_25,12692.60,12697.30,12690.50,12691.90,0,
10_07_2026_14_30,12692.90,12693.60,12681.60,12686.10,0,
10_07_2026_14_35,12685.80,12687.50,12681.80,12683.90,0,
10_07_2026_14_40,12683.00,12692.80,12681.80,12690.10,0,
10_07_2026_14_45,12690.00,12694.80,12686.00,12690.20,0,
10_07_2026_14_50,12691.30,12691.70,12677.90,12680.20,0,
10_07_2026_14_55,12680.70,12688.20,12678.20,12681.50,0,
10_07_2026_15_00,12682.10,12700.80,12675.80,12686.30,0,
10_07_2026_15_05,12686.50,12691.40,12683.00,12685.30,0,
10_07_2026_15_10,12685.80,12694.00,12682.20,12690.70,0,
10_07_2026_15_15,12690.00,12691.60,12680.40,12683.30,0,
10_07_2026_15_20,12682.50,12696.80,12681.00,12693.80,0,
10_07_2026_15_25,12693.20,12695.70,12685.00,12691.80,0,
13_07_2026_09_15,12587.70,12596.20,12511.40,12547.30,0,
13_07_2026_09_20,12543.50,12568.70,12535.50,12565.60,0,
13_07_2026_09_25,12566.20,12594.20,12558.40,12572.60,0,
13_07_2026_09_30,12571.60,12574.80,12552.50,12557.30,0,
13_07_2026_09_35,12557.00,12580.40,12552.30,12578.90,0,
13_07_2026_09_40,12577.70,12581.50,12570.50,12574.20,0,
13_07_2026_09_45,12575.50,12591.30,12574.70,12586.20,0,
13_07_2026_09_50,12586.80,12592.80,12579.20,12589.00,0,
13_07_2026_09_55,12588.70,12597.30,12579.20,12595.10,0,
13_07_2026_10_00,12596.60,12606.80,12594.10,12599.50,0,
13_07_2026_10_05,12599.50,12603.30,12575.20,12597.50,0,
13_07_2026_10_10,12600.80,12603.70,12592.00,12593.90,0,
13_07_2026_10_15,12594.00,12602.00,12588.10,12588.80,0,
13_07_2026_10_20,12588.60,12588.90,12576.90,12579.20,0,
13_07_2026_10_25,12579.60,12582.80,12568.50,12576.80,0,
13_07_2026_10_30,12577.40,12593.50,12575.20,12592.80,0,
13_07_2026_10_35,12592.80,12593.00,12583.80,12583.80,0,
13_07_2026_10_40,12583.70,12587.20,12579.60,12585.00,0,
13_07_2026_10_45,12584.90,12589.50,12573.50,12574.80,0,
13_07_2026_10_50,12575.20,12580.00,12552.40,12552.50,0,
13_07_2026_10_55,12552.70,12562.50,12545.30,12559.70,0,
13_07_2026_11_00,12560.00,12572.40,12555.70,12571.50,0,
13_07_2026_11_05,12571.30,12583.20,12570.60,12578.20,0,
13_07_2026_11_10,12577.80,12580.50,12569.80,12572.00,0,
13_07_2026_11_15,12571.70,12572.20,12557.00,12560.80,0,
13_07_2026_11_20,12561.30,12568.20,12553.20,12558.00,0,
13_07_2026_11_25,12556.50,12556.90,12532.50,12538.80,0,
13_07_2026_11_30,12538.20,12544.70,12534.20,12544.00,0,
13_07_2026_11_35,12544.20,12546.80,12532.50,12538.10,0,
13_07_2026_11_40,12537.70,12539.20,12532.50,12534.70,0,
13_07_2026_11_45,12534.20,12541.30,12533.00,12540.80,0,
13_07_2026_11_50,12540.10,12542.60,12523.20,12529.80,0,
13_07_2026_11_55,12529.10,12531.80,12510.50,12513.20,0,
13_07_2026_12_00,12513.60,12529.50,12512.80,12528.70,0,
13_07_2026_12_05,12527.90,12531.00,12521.70,12523.10,0,
13_07_2026_12_10,12522.50,12549.50,12520.00,12540.50,0,
13_07_2026_12_15,12540.20,12550.10,12539.50,12550.00,0,
13_07_2026_12_20,12550.00,12555.30,12533.00,12535.50,0,
13_07_2026_12_25,12535.70,12550.30,12534.00,12544.20,0,
13_07_2026_12_30,12544.30,12548.30,12536.30,12544.50,0,
13_07_2026_12_35,12544.80,12555.00,12539.80,12553.70,0,
13_07_2026_12_40,12553.50,12559.30,12552.00,12555.90,0,
13_07_2026_12_45,12556.50,12561.20,12548.90,12553.90,0,
13_07_2026_12_50,12554.50,12576.80,12552.40,12568.40,0,
13_07_2026_12_55,12568.40,12569.10,12555.80,12557.80,0,
13_07_2026_13_00,12557.70,12559.60,12553.50,12558.80,0,
13_07_2026_13_05,12559.10,12565.50,12556.80,12562.00,0,
13_07_2026_13_10,12562.20,12570.00,12560.30,12568.70,0,
13_07_2026_13_15,12567.80,12573.70,12566.50,12571.70,0,
13_07_2026_13_20,12571.70,12573.30,12563.90,12566.20,0,
13_07_2026_13_25,12566.00,12566.00,12554.40,12557.60,0,
13_07_2026_13_30,12557.80,12566.80,12556.50,12560.40,0,
13_07_2026_13_35,12560.20,12575.70,12559.50,12574.20,0,
13_07_2026_13_40,12574.00,12586.90,12570.80,12586.50,0,
13_07_2026_13_45,12585.70,12588.20,12578.50,12585.20,0,
13_07_2026_13_50,12584.70,12587.00,12578.90,12586.30,0,
13_07_2026_13_55,12587.00,12589.00,12580.50,12588.10,0,
13_07_2026_14_00,12587.80,12589.40,12581.20,12582.40,0,
13_07_2026_14_05,12582.20,12588.20,12581.00,12586.80,0,
13_07_2026_14_10,12585.80,12589.30,12582.60,12587.70,0,
13_07_2026_14_15,12587.80,12590.60,12579.30,12589.10,0,
13_07_2026_14_20,12588.70,12591.90,12584.90,12587.50,0,
13_07_2026_14_25,12587.00,12596.80,12582.60,12596.20,0,
13_07_2026_14_30,12595.80,12613.30,12593.80,12608.00,0,
13_07_2026_14_35,12608.20,12609.50,12585.10,12590.40,0,
13_07_2026_14_40,12591.20,12604.20,12589.70,12602.80,0,
13_07_2026_14_45,12602.00,12612.10,12601.30,12604.70,0,
13_07_2026_14_50,12604.50,12613.50,12604.50,12611.70,0,
13_07_2026_14_55,12611.60,12615.20,12603.50,12604.90,0,
13_07_2026_15_00,12603.90,12605.30,12595.00,12602.00,0,
13_07_2026_15_05,12602.30,12605.20,12594.00,12599.00,0,
13_07_2026_15_10,12599.10,12607.80,12595.50,12606.50,0,
13_07_2026_15_15,12605.90,12607.50,12595.20,12595.80,0,
13_07_2026_15_20,12595.80,12603.80,12590.80,12600.80,0,
13_07_2026_15_25,12601.00,12602.50,12590.90,12602.50,0,
14_07_2026_09_15,12572.00,12687.80,12565.80,12656.00,0,
14_07_2026_09_20,12656.50,12670.10,12645.60,12668.20,0,
14_07_2026_09_25,12668.50,12692.20,12660.60,12687.10,0,
14_07_2026_09_30,12686.80,12739.20,12683.20,12736.20,0,
14_07_2026_09_35,12737.80,12744.10,12689.20,12689.20,0,
14_07_2026_09_40,12690.30,12702.80,12685.40,12702.80,0,
14_07_2026_09_45,12703.00,12703.00,12672.50,12673.20,0,
14_07_2026_09_50,12673.50,12680.70,12669.00,12672.80,0,
14_07_2026_09_55,12672.40,12672.80,12641.30,12641.70,0,
14_07_2026_10_00,12642.00,12652.20,12631.30,12651.20,0,
14_07_2026_10_05,12652.50,12681.20,12648.50,12675.30,0,
14_07_2026_10_10,12675.40,12709.70,12673.00,12709.70,0,
14_07_2026_10_15,12709.20,12718.50,12692.80,12693.80,0,
14_07_2026_10_20,12693.10,12709.00,12692.00,12704.00,0,
14_07_2026_10_25,12704.30,12728.30,12704.30,12724.20,0,
14_07_2026_10_30,12725.20,12742.30,12719.70,12738.30,0,
14_07_2026_10_35,12738.20,12744.20,12727.50,12736.20,0,
14_07_2026_10_40,12735.70,12746.20,12724.70,12735.20,0,
14_07_2026_10_45,12735.00,12742.20,12720.80,12723.80,0,
14_07_2026_10_50,12722.80,12748.90,12722.50,12743.40,0,
14_07_2026_10_55,12742.80,12764.20,12740.10,12757.70,0,
14_07_2026_11_00,12757.00,12761.90,12746.00,12747.90,0,
14_07_2026_11_05,12748.20,12752.20,12723.50,12731.90,0,
14_07_2026_11_10,12732.50,12751.70,12731.70,12748.60,0,
14_07_2026_11_15,12749.50,12758.40,12740.60,12754.20,0,
14_07_2026_11_20,12755.80,12762.30,12748.70,12758.20,0,
14_07_2026_11_25,12759.50,12768.20,12753.70,12761.50,0,
14_07_2026_11_30,12761.50,12761.50,12739.00,12742.20,0,
14_07_2026_11_35,12740.70,12742.70,12731.80,12734.00,0,
14_07_2026_11_40,12733.80,12738.70,12727.20,12736.00,0,
14_07_2026_11_45,12736.30,12753.00,12734.20,12751.80,0,
14_07_2026_11_50,12752.60,12759.40,12743.90,12746.80,0,
14_07_2026_11_55,12747.10,12747.80,12719.30,12725.20,0,
14_07_2026_12_00,12725.50,12742.80,12722.50,12737.40,0,
14_07_2026_12_05,12737.80,12743.30,12724.50,12725.30,0,
14_07_2026_12_10,12725.80,12726.80,12714.80,12723.80,0,
14_07_2026_12_15,12723.90,12723.90,12702.30,12702.50,0,
14_07_2026_12_20,12702.50,12705.60,12684.50,12685.20,0,
14_07_2026_12_25,12685.30,12689.50,12669.50,12673.90,0,
14_07_2026_12_30,12673.60,12678.70,12664.10,12677.50,0,
14_07_2026_12_35,12677.80,12686.00,12676.90,12685.70,0,
14_07_2026_12_40,12685.50,12692.50,12683.70,12686.70,0,
14_07_2026_12_45,12687.40,12691.70,12682.90,12683.50,0,
14_07_2026_12_50,12683.20,12684.50,12673.20,12675.00,0,
14_07_2026_12_55,12675.80,12681.70,12668.50,12669.30,0,
14_07_2026_13_00,12671.80,12682.40,12664.80,12678.70,0,
14_07_2026_13_05,12678.70,12685.80,12676.10,12682.80,0,
14_07_2026_13_10,12682.10,12687.50,12677.30,12683.40,0,
14_07_2026_13_15,12683.00,12691.10,12677.70,12691.00,0,
14_07_2026_13_20,12690.80,12695.00,12683.40,12685.30,0,
14_07_2026_13_25,12685.80,12688.50,12679.20,12684.00,0,
14_07_2026_13_30,12685.50,12685.80,12676.20,12676.70,0,
14_07_2026_13_35,12676.70,12680.00,12663.00,12671.80,0,
14_07_2026_13_40,12671.40,12679.00,12667.10,12678.80,0,
14_07_2026_13_45,12678.80,12696.90,12678.60,12688.60,0,
14_07_2026_13_50,12688.50,12694.60,12682.80,12683.70,0,
14_07_2026_13_55,12683.80,12690.50,12676.50,12680.30,0,
14_07_2026_14_00,12676.70,12685.10,12672.80,12684.30,0,
14_07_2026_14_05,12684.70,12686.20,12672.30,12673.50,0,
14_07_2026_14_10,12673.40,12682.10,12672.50,12676.50,0,
14_07_2026_14_15,12677.70,12679.10,12668.10,12671.00,0,
14_07_2026_14_20,12671.30,12674.00,12660.10,12663.20,0,
14_07_2026_14_25,12663.80,12668.50,12654.80,12658.40,0,
14_07_2026_14_30,12658.80,12660.40,12652.90,12658.80,0,
14_07_2026_14_35,12658.50,12667.20,12658.30,12663.80,0,
14_07_2026_14_40,12663.80,12667.30,12660.50,12664.20,0,
14_07_2026_14_45,12663.50,12672.80,12656.40,12657.80,0,
14_07_2026_14_50,12657.80,12668.50,12654.30,12666.20,0,
14_07_2026_14_55,12666.50,12673.50,12661.00,12663.00,0,
14_07_2026_15_00,12663.70,12685.50,12663.70,12682.50,0,
14_07_2026_15_05,12683.00,12688.00,12673.70,12683.00,0,
14_07_2026_15_10,12683.20,12684.80,12675.90,12679.00,0,
14_07_2026_15_15,12680.60,12680.70,12673.30,12677.20,0,
14_07_2026_15_20,12677.10,12683.80,12676.00,12680.80,0,
14_07_2026_15_25,12681.70,12688.00,12668.20,12670.80,0,
15_07_2026_09_15,12701.90,12728.20,12677.80,12689.70,0,
15_07_2026_09_20,12688.10,12695.80,12669.50,12671.50,0,
15_07_2026_09_25,12670.40,12674.70,12650.70,12660.30,0,
15_07_2026_09_30,12661.00,12672.30,12645.90,12661.40,0,
15_07_2026_09_35,12660.50,12667.70,12649.30,12650.90,0,
15_07_2026_09_40,12649.80,12666.60,12641.70,12666.60,0,
15_07_2026_09_45,12666.50,12679.00,12664.50,12678.50,0,
15_07_2026_09_50,12678.30,12691.40,12677.10,12680.00,0,
15_07_2026_09_55,12679.70,12680.70,12664.50,12667.30,0,
15_07_2026_10_00,12667.50,12670.10,12655.50,12660.00,0,
15_07_2026_10_05,12659.50,12672.00,12659.50,12666.00,0,
15_07_2026_10_10,12666.20,12670.80,12655.80,12658.80,0,
15_07_2026_10_15,12659.00,12672.00,12658.30,12669.80,0,
15_07_2026_10_20,12668.50,12670.20,12663.30,12664.20,0,
15_07_2026_10_25,12664.00,12664.30,12653.00,12653.30,0,
15_07_2026_10_30,12653.30,12661.80,12653.00,12658.50,0,
15_07_2026_10_35,12658.80,12660.40,12653.40,12654.80,0,
15_07_2026_10_40,12654.80,12656.50,12651.00,12653.30,0,
15_07_2026_10_45,12653.00,12663.40,12652.00,12656.50,0,
15_07_2026_10_50,12656.50,12667.20,12656.50,12664.20,0,
15_07_2026_10_55,12664.10,12665.00,12650.80,12657.70,0,
15_07_2026_11_00,12657.70,12659.40,12653.70,12658.00,0,
15_07_2026_11_05,12657.70,12660.00,12654.50,12656.80,0,
15_07_2026_11_10,12656.70,12662.90,12651.70,12654.50,0,
15_07_2026_11_15,12654.70,12657.00,12653.10,12655.20,0,
15_07_2026_11_20,12655.50,12657.30,12651.10,12652.80,0,
15_07_2026_11_25,12653.00,12654.30,12649.70,12653.70,0,
15_07_2026_11_30,12653.80,12668.80,12649.30,12661.40,0,
15_07_2026_11_35,12660.00,12660.00,12646.60,12646.60,0,
15_07_2026_11_40,12646.80,12649.00,12642.00,12646.50,0,
15_07_2026_11_45,12646.60,12650.20,12632.00,12636.00,0,
15_07_2026_11_50,12635.30,12635.80,12625.30,12632.00,0,
15_07_2026_11_55,12631.80,12634.30,12625.20,12628.20,0,
15_07_2026_12_00,12628.10,12629.50,12620.80,12622.70,0,
15_07_2026_12_05,12622.30,12625.70,12616.50,12625.20,0,
15_07_2026_12_10,12625.00,12628.00,12621.50,12626.50,0,
15_07_2026_12_15,12627.50,12629.70,12620.50,12629.10,0,
15_07_2026_12_20,12628.50,12630.90,12625.40,12629.20,0,
15_07_2026_12_25,12629.00,12636.00,12628.90,12632.80,0,
15_07_2026_12_30,12632.20,12635.30,12627.30,12628.70,0,
15_07_2026_12_35,12628.20,12628.90,12618.30,12620.30,0,
15_07_2026_12_40,12620.40,12626.80,12620.20,12625.20,0,
15_07_2026_12_45,12625.20,12631.00,12623.30,12624.70,0,
15_07_2026_12_50,12624.50,12626.30,12621.00,12622.20,0,
15_07_2026_12_55,12622.70,12623.30,12568.00,12586.80,0,
15_07_2026_13_00,12586.80,12600.50,12581.70,12592.00,0,
15_07_2026_13_05,12592.30,12592.30,12576.90,12577.80,0,
15_07_2026_13_10,12577.70,12579.50,12572.50,12577.80,0,
15_07_2026_13_15,12578.10,12595.00,12573.50,12595.00,0,
15_07_2026_13_20,12594.30,12597.00,12585.80,12588.00,0,
15_07_2026_13_25,12588.00,12591.20,12586.20,12589.80,0,
15_07_2026_13_30,12589.80,12593.70,12588.70,12592.80,0,
15_07_2026_13_35,12592.40,12601.00,12592.40,12597.30,0,
15_07_2026_13_40,12597.00,12597.00,12585.80,12591.00,0,
15_07_2026_13_45,12590.60,12597.10,12585.80,12594.00,0,
15_07_2026_13_50,12593.70,12595.80,12579.80,12584.20,0,
15_07_2026_13_55,12583.80,12588.50,12577.70,12587.50,0,
15_07_2026_14_00,12587.40,12593.80,12587.20,12593.60,0,
15_07_2026_14_05,12593.20,12611.70,12591.40,12606.70,0,
15_07_2026_14_10,12607.00,12608.50,12601.30,12605.80,0,
15_07_2026_14_15,12605.00,12608.80,12599.00,12605.70,0,
15_07_2026_14_20,12605.50,12607.50,12598.60,12599.60,0,
15_07_2026_14_25,12599.60,12600.70,12592.00,12597.50,0,
15_07_2026_14_30,12597.70,12599.20,12582.20,12587.20,0,
15_07_2026_14_35,12587.10,12608.80,12587.00,12607.80,0,
15_07_2026_14_40,12608.00,12609.40,12562.70,12575.40,0,
15_07_2026_14_45,12575.70,12577.20,12558.80,12567.50,0,
15_07_2026_14_50,12567.50,12568.70,12559.20,12562.20,0,
15_07_2026_14_55,12562.20,12563.70,12556.30,12559.30,0,
15_07_2026_15_00,12558.40,12564.00,12540.80,12542.40,0,
15_07_2026_15_05,12541.70,12547.20,12534.30,12535.00,0,
15_07_2026_15_10,12534.70,12539.20,12529.70,12538.20,0,
15_07_2026_15_15,12539.30,12540.80,12528.80,12537.20,0,
15_07_2026_15_20,12537.90,12540.00,12532.80,12535.90,0,
15_07_2026_15_25,12534.80,12541.50,12529.80,12538.30,0,
16_07_2026_09_15,12593.40,12623.20,12548.50,12570.80,0,
16_07_2026_09_20,12568.40,12574.30,12531.80,12535.70,0,
16_07_2026_09_25,12536.00,12547.10,12528.50,12531.70,0,
16_07_2026_09_30,12531.80,12533.80,12523.80,12526.30,0,
16_07_2026_09_35,12526.20,12537.90,12525.00,12526.80,0,
16_07_2026_09_40,12527.30,12556.00,12527.00,12544.60,0,
16_07_2026_09_45,12544.20,12548.20,12531.50,12533.50,0,
16_07_2026_09_50,12533.70,12540.90,12531.10,12540.70,0,
16_07_2026_09_55,12540.70,12548.80,12537.30,12547.70,0,
16_07_2026_10_00,12548.20,12552.00,12541.00,12544.10,0,
16_07_2026_10_05,12544.50,12559.20,12537.80,12556.40,0,
16_07_2026_10_10,12557.20,12566.20,12552.60,12562.90,0,
16_07_2026_10_15,12563.00,12563.80,12556.50,12560.50,0,
16_07_2026_10_20,12560.40,12584.20,12558.90,12580.70,0,
16_07_2026_10_25,12580.70,12591.50,12569.70,12590.80,0,
16_07_2026_10_30,12589.90,12591.00,12573.70,12575.50,0,
16_07_2026_10_35,12575.70,12578.50,12570.60,12574.00,0,
16_07_2026_10_40,12575.50,12583.00,12573.30,12581.30,0,
16_07_2026_10_45,12582.00,12591.10,12579.70,12585.20,0,
16_07_2026_10_50,12586.50,12591.30,12581.20,12582.70,0,
16_07_2026_10_55,12583.30,12587.70,12579.70,12586.70,0,
16_07_2026_11_00,12586.30,12592.80,12583.20,12584.90,0,
16_07_2026_11_05,12585.30,12588.00,12577.80,12580.30,0,
16_07_2026_11_10,12580.60,12581.00,12565.00,12565.00,0,
16_07_2026_11_15,12565.70,12578.30,12565.00,12574.20,0,
16_07_2026_11_20,12574.80,12579.70,12573.20,12575.00,0,
16_07_2026_11_25,12576.30,12587.30,12571.80,12583.20,0,
16_07_2026_11_30,12584.00,12589.60,12573.80,12575.20,0,
16_07_2026_11_35,12575.60,12581.40,12570.00,12574.20,0,
16_07_2026_11_40,12576.00,12577.50,12565.60,12566.10,0,
16_07_2026_11_45,12566.20,12571.10,12564.20,12567.70,0,
16_07_2026_11_50,12567.40,12567.40,12552.90,12555.30,0,
16_07_2026_11_55,12555.00,12557.90,12553.30,12554.80,0,
16_07_2026_12_00,12554.50,12555.10,12541.20,12542.50,0,
16_07_2026_12_05,12542.80,12546.80,12539.60,12541.80,0,
16_07_2026_12_10,12542.20,12550.90,12541.70,12550.50,0,
16_07_2026_12_15,12550.60,12553.20,12540.60,12550.80,0,
16_07_2026_12_20,12550.90,12551.20,12538.30,12542.00,0,
16_07_2026_12_25,12542.80,12551.00,12541.30,12547.80,0,
16_07_2026_12_30,12548.60,12549.40,12539.30,12540.80,0,
16_07_2026_12_35,12540.80,12543.20,12532.30,12534.70,0,
16_07_2026_12_40,12535.00,12537.10,12528.80,12531.90,0,
16_07_2026_12_45,12531.80,12537.00,12529.20,12536.20,0,
16_07_2026_12_50,12535.90,12536.90,12526.80,12530.70,0,
16_07_2026_12_55,12531.50,12532.80,12526.00,12528.20,0,
16_07_2026_13_00,12528.70,12528.70,12520.10,12526.50,0,
16_07_2026_13_05,12526.80,12529.30,12523.20,12523.50,0,
16_07_2026_13_10,12524.30,12524.30,12517.80,12522.50,0,
16_07_2026_13_15,12523.20,12523.80,12512.80,12517.10,0,
16_07_2026_13_20,12516.80,12519.50,12511.70,12518.00,0,
16_07_2026_13_25,12518.20,12519.20,12514.20,12517.00,0,
16_07_2026_13_30,12517.50,12517.50,12511.10,12515.00,0,
16_07_2026_13_35,12514.30,12515.80,12487.50,12490.30,0,
16_07_2026_13_40,12490.10,12490.40,12483.40,12486.00,0,
16_07_2026_13_45,12486.20,12494.00,12484.00,12490.20,0,
16_07_2026_13_50,12490.20,12498.00,12489.80,12494.70,0,
16_07_2026_13_55,12495.20,12503.20,12493.90,12503.20,0,
16_07_2026_14_00,12503.10,12505.40,12496.60,12496.80,0,
16_07_2026_14_05,12497.70,12498.80,12492.80,12498.10,0,
16_07_2026_14_10,12498.00,12501.00,12495.80,12501.00,0,
16_07_2026_14_15,12501.00,12520.50,12499.50,12513.50,0,
16_07_2026_14_20,12513.80,12513.80,12493.80,12494.20,0,
16_07_2026_14_25,12494.30,12497.00,12491.80,12492.80,0,
16_07_2026_14_30,12494.20,12497.20,12491.90,12495.00,0,
16_07_2026_14_35,12495.20,12498.50,12490.50,12492.40,0,
16_07_2026_14_40,12493.50,12497.50,12490.60,12492.60,0,
16_07_2026_14_45,12493.80,12498.00,12491.10,12493.20,0,
16_07_2026_14_50,12494.20,12496.30,12491.50,12495.50,0,
16_07_2026_14_55,12496.00,12505.80,12490.20,12493.20,0,
16_07_2026_15_00,12494.80,12505.40,12486.30,12489.30,0,
16_07_2026_15_05,12488.50,12493.00,12486.70,12489.70,0,
16_07_2026_15_10,12489.50,12495.50,12486.80,12495.20,0,
16_07_2026_15_15,12495.30,12500.30,12491.50,12500.00,0,
16_07_2026_15_20,12499.00,12500.20,12491.80,12499.00,0,
16_07_2026_15_25,12498.00,12511.60,12496.80,12504.40,0,
17_07_2026_09_15,12492.70,12501.70,12447.90,12468.70,0,
17_07_2026_09_20,12470.70,12476.40,12451.40,12458.10,0,
17_07_2026_09_25,12457.80,12469.10,12455.70,12460.80,0,
17_07_2026_09_30,12461.30,12495.30,12461.30,12489.70,0,
17_07_2026_09_35,12489.60,12491.20,12456.20,12459.50,0,
17_07_2026_09_40,12459.80,12486.40,12456.00,12480.00,0,
17_07_2026_09_45,12480.00,12481.70,12454.40,12455.70,0,
17_07_2026_09_50,12455.40,12457.30,12438.70,12444.80,0,
17_07_2026_09_55,12446.20,12447.20,12421.50,12431.30,0,
17_07_2026_10_00,12432.00,12437.70,12423.80,12436.00,0,
17_07_2026_10_05,12435.30,12455.00,12433.30,12450.00,0,
17_07_2026_10_10,12449.80,12457.90,12444.90,12447.80,0,
17_07_2026_10_15,12448.20,12465.00,12445.40,12464.70,0,
17_07_2026_10_20,12465.00,12468.80,12452.20,12455.20,0,
17_07_2026_10_25,12456.00,12480.30,12456.00,12479.80,0,
17_07_2026_10_30,12479.90,12483.30,12466.20,12475.20,0,
17_07_2026_10_35,12475.20,12475.20,12459.10,12460.40,0,
17_07_2026_10_40,12460.80,12465.60,12458.70,12461.80,0,
17_07_2026_10_45,12462.50,12463.90,12454.30,12456.00,0,
17_07_2026_10_50,12456.30,12461.50,12452.60,12454.20,0,
17_07_2026_10_55,12453.80,12454.00,12447.00,12448.70,0,
17_07_2026_11_00,12449.30,12456.30,12444.80,12451.30,0,
17_07_2026_11_05,12451.20,12456.20,12446.90,12448.30,0,
17_07_2026_11_10,12448.30,12449.40,12437.70,12441.80,0,
17_07_2026_11_15,12441.80,12442.50,12432.00,12435.00,0,
17_07_2026_11_20,12434.70,12435.30,12417.30,12426.50,0,
17_07_2026_11_25,12426.50,12427.60,12420.00,12421.80,0,
17_07_2026_11_30,12422.40,12424.00,12402.40,12408.70,0,
17_07_2026_11_35,12408.50,12413.20,12403.20,12403.40,0,
17_07_2026_11_40,12403.50,12420.50,12401.80,12420.30,0,
17_07_2026_11_45,12420.70,12421.00,12414.00,12416.50,0,
17_07_2026_11_50,12416.60,12419.80,12412.50,12414.90,0,
17_07_2026_11_55,12415.20,12420.60,12413.30,12417.30,0,
17_07_2026_12_00,12416.90,12426.40,12411.30,12423.00,0,
17_07_2026_12_05,12422.70,12422.90,12411.20,12413.20,0,
17_07_2026_12_10,12413.00,12416.20,12408.20,12410.50,0,
17_07_2026_12_15,12410.30,12423.70,12409.50,12413.80,0,
17_07_2026_12_20,12413.20,12424.00,12412.10,12422.10,0,
17_07_2026_12_25,12421.30,12425.60,12413.20,12415.00,0,
17_07_2026_12_30,12414.50,12419.90,12413.30,12417.80,0,
17_07_2026_12_35,12417.40,12418.10,12407.90,12410.00,0,
17_07_2026_12_40,12410.20,12410.50,12397.80,12403.00,0,
17_07_2026_12_45,12402.00,12402.70,12391.10,12400.20,0,
17_07_2026_12_50,12400.50,12400.50,12389.80,12393.00,0,
17_07_2026_12_55,12392.80,12398.80,12389.10,12397.00,0,
17_07_2026_13_00,12397.20,12401.00,12396.10,12397.00,0,
17_07_2026_13_05,12397.50,12404.30,12396.80,12403.50,0,
17_07_2026_13_10,12403.40,12404.10,12399.80,12402.00,0,
17_07_2026_13_15,12402.30,12403.20,12389.00,12390.40,0,
17_07_2026_13_20,12390.10,12390.50,12381.50,12384.20,0,
17_07_2026_13_25,12384.30,12386.50,12379.00,12381.80,0,
17_07_2026_13_30,12380.50,12382.50,12373.00,12374.70,0,
17_07_2026_13_35,12374.70,12381.80,12368.30,12369.20,0,
17_07_2026_13_40,12369.30,12370.20,12344.20,12351.30,0,
17_07_2026_13_45,12352.00,12353.30,12333.00,12341.00,0,
17_07_2026_13_50,12340.90,12341.30,12325.70,12329.60,0,
17_07_2026_13_55,12329.30,12350.70,12326.90,12346.80,0,
17_07_2026_14_00,12346.50,12349.80,12338.00,12343.00,0,
17_07_2026_14_05,12342.90,12344.20,12331.70,12332.80,0,
17_07_2026_14_10,12332.80,12361.80,12332.40,12360.20,0,
17_07_2026_14_15,12360.40,12401.20,12360.30,12366.00,0,
17_07_2026_14_20,12366.80,12373.20,12362.40,12364.20,0,
17_07_2026_14_25,12364.70,12378.50,12363.50,12364.80,0,
17_07_2026_14_30,12365.10,12376.90,12365.10,12373.20,0,
17_07_2026_14_35,12374.00,12385.20,12372.80,12381.20,0,
17_07_2026_14_40,12381.30,12413.70,12379.80,12402.70,0,
17_07_2026_14_45,12403.80,12429.20,12391.20,12427.20,0,
17_07_2026_14_50,12427.20,12428.20,12396.70,12402.00,0,
17_07_2026_14_55,12402.50,12430.80,12401.50,12427.40,0,
17_07_2026_15_00,12429.00,12443.30,12426.60,12439.70,0,
17_07_2026_15_05,12440.10,12443.50,12427.80,12437.60,0,
17_07_2026_15_10,12437.50,12444.50,12434.30,12436.70,0,
17_07_2026_15_15,12436.10,12437.80,12421.00,12426.00,0,
17_07_2026_15_20,12425.80,12437.70,12425.80,12437.30,0,
17_07_2026_15_25,12437.80,12438.10,12426.20,12426.20,0,
20_07_2026_09_15,12468.20,12554.00,12454.90,12494.60,0,
20_07_2026_09_20,12494.30,12531.50,12489.30,12514.70,0,
20_07_2026_09_25,12515.70,12518.80,12489.50,12512.50,0,
20_07_2026_09_30,12512.80,12529.00,12482.70,12516.60,0,
20_07_2026_09_35,12518.40,12520.90,12494.80,12507.80,0,
20_07_2026_09_40,12508.30,12513.20,12501.10,12502.50,0,
20_07_2026_09_45,12503.50,12534.00,12503.00,12526.80,0,
20_07_2026_09_50,12526.90,12531.20,12513.50,12520.50,0,
20_07_2026_09_55,12520.50,12532.80,12516.00,12531.20,0,
20_07_2026_10_00,12531.50,12568.30,12529.10,12558.00,0,
20_07_2026_10_05,12557.20,12563.80,12544.80,12559.50,0,
20_07_2026_10_10,12559.70,12584.90,12552.00,12584.00,0,
20_07_2026_10_15,12584.50,12588.40,12567.00,12569.00,0,
20_07_2026_10_20,12568.50,12574.20,12565.30,12571.80,0,
20_07_2026_10_25,12572.70,12573.70,12562.00,12570.90,0,
20_07_2026_10_30,12570.60,12571.80,12562.80,12562.80,0,
20_07_2026_10_35,12562.20,12562.90,12553.50,12557.00,0,
20_07_2026_10_40,12558.00,12561.60,12554.70,12556.70,0,
20_07_2026_10_45,12556.50,12571.70,12554.50,12570.80,0,
20_07_2026_10_50,12570.70,12586.30,12570.20,12582.80,0,
20_07_2026_10_55,12584.10,12584.80,12571.60,12574.40,0,
20_07_2026_11_00,12574.40,12576.80,12559.50,12562.00,0,
20_07_2026_11_05,12562.00,12576.50,12561.40,12569.40,0,
20_07_2026_11_10,12569.40,12574.70,12562.50,12571.60,0,
20_07_2026_11_15,12571.70,12584.90,12571.70,12582.00,0,
20_07_2026_11_20,12582.40,12589.70,12580.10,12580.80,0,
20_07_2026_11_25,12580.70,12594.10,12580.70,12585.00,0,
20_07_2026_11_30,12584.80,12586.30,12575.30,12576.10,0,
20_07_2026_11_35,12575.60,12578.90,12571.10,12571.70,0,
20_07_2026_11_40,12571.50,12572.10,12565.50,12565.80,0,
20_07_2026_11_45,12566.30,12569.10,12562.60,12567.40,0,
20_07_2026_11_50,12566.90,12569.70,12559.50,12559.70,0,
20_07_2026_11_55,12559.60,12561.50,12554.20,12557.50,0,
20_07_2026_12_00,12557.60,12558.20,12536.20,12538.00,0,
20_07_2026_12_05,12538.00,12543.80,12534.30,12543.70,0,
20_07_2026_12_10,12543.30,12551.70,12542.10,12550.50,0,
20_07_2026_12_15,12550.50,12550.80,12543.00,12544.50,0,
20_07_2026_12_20,12544.50,12544.80,12533.20,12534.90,0,
20_07_2026_12_25,12534.70,12536.70,12527.80,12534.90,0,
20_07_2026_12_30,12534.50,12539.00,12532.70,12533.80,0,
20_07_2026_12_35,12533.60,12534.00,12526.00,12527.00,0,
20_07_2026_12_40,12526.70,12533.70,12525.30,12527.60,0,
20_07_2026_12_45,12529.30,12531.80,12519.20,12520.80,0,
20_07_2026_12_50,12520.70,12533.50,12519.80,12528.50,0,
20_07_2026_12_55,12528.30,12541.90,12526.30,12541.20,0,
20_07_2026_13_00,12540.90,12543.80,12536.30,12543.80,0,
20_07_2026_13_05,12543.80,12549.20,12535.20,12545.00,0,
20_07_2026_13_10,12545.00,12561.70,12535.30,12561.20,0,
20_07_2026_13_15,12559.20,12567.20,12554.30,12556.20,0,
20_07_2026_13_20,12556.20,12560.20,12552.50,12556.80,0,
20_07_2026_13_25,12555.80,12560.20,12550.70,12553.70,0,
20_07_2026_13_30,12552.50,12559.70,12552.00,12557.50,0,
20_07_2026_13_35,12557.20,12563.20,12555.50,12558.70,0,
20_07_2026_13_40,12558.60,12559.20,12547.90,12549.60,0,
20_07_2026_13_45,12550.00,12566.00,12548.70,12562.20,0,
20_07_2026_13_50,12562.30,12573.00,12559.30,12561.00,0,
20_07_2026_13_55,12560.80,12565.30,12557.70,12565.30,0,
20_07_2026_14_00,12565.10,12572.90,12563.30,12571.00,0,
20_07_2026_14_05,12570.70,12578.00,12559.20,12559.70,0,
20_07_2026_14_10,12559.20,12561.00,12553.70,12555.60,0,
20_07_2026_14_15,12555.70,12558.00,12547.70,12548.40,0,
20_07_2026_14_20,12548.00,12550.00,12541.20,12546.80,0,
20_07_2026_14_25,12546.80,12553.40,12545.00,12552.70,0,
20_07_2026_14_30,12553.30,12554.80,12540.80,12542.60,0,
20_07_2026_14_35,12542.30,12544.60,12536.80,12542.40,0,
20_07_2026_14_40,12542.50,12552.00,12540.40,12541.40,0,
20_07_2026_14_45,12541.50,12551.00,12539.00,12548.80,0,
20_07_2026_14_50,12548.80,12558.30,12546.30,12556.80,0,
20_07_2026_14_55,12556.90,12558.70,12544.20,12545.60,0,
20_07_2026_15_00,12549.50,12555.30,12538.50,12541.40,0,
20_07_2026_15_05,12541.80,12549.80,12540.30,12541.30,0,
20_07_2026_15_10,12542.20,12546.70,12539.70,12543.00,0,
20_07_2026_15_15,12543.00,12546.50,12539.20,12540.80,0,
20_07_2026_15_20,12541.50,12549.00,12537.60,12548.20,0,
20_07_2026_15_25,12549.50,12550.80,12538.50,12543.70,0,
21_07_2026_09_15,12560.30,12634.00,12546.10,12621.80,0,
21_07_2026_09_20,12620.50,12621.60,12591.50,12593.00,0,
21_07_2026_09_25,12593.60,12603.20,12582.50,12596.60,0,
21_07_2026_09_30,12597.40,12599.80,12587.70,12588.80,0,
21_07_2026_09_35,12588.00,12588.00,12568.40,12580.00,0,
21_07_2026_09_40,12580.10,12586.00,12572.80,12579.20,0,
21_07_2026_09_45,12579.80,12588.00,12574.00,12578.80,0,
21_07_2026_09_50,12578.90,12590.10,12576.20,12584.20,0,
21_07_2026_09_55,12584.70,12592.00,12570.20,12570.80,0,
21_07_2026_10_00,12570.80,12574.30,12557.70,12559.20,0,
21_07_2026_10_05,12560.80,12569.50,12559.20,12565.50,0,
21_07_2026_10_10,12565.40,12571.20,12558.30,12560.80,0,
21_07_2026_10_15,12558.80,12558.80,12546.20,12554.30,0,
21_07_2026_10_20,12554.50,12565.80,12552.90,12565.80,0,
21_07_2026_10_25,12566.00,12567.00,12555.50,12556.50,0,
21_07_2026_10_30,12557.40,12559.50,12551.80,12551.80,0,
21_07_2026_10_35,12551.00,12553.70,12541.50,12542.60,0,
21_07_2026_10_40,12542.20,12547.30,12538.20,12543.70,0,
21_07_2026_10_45,12543.50,12548.70,12535.50,12535.60,0,
21_07_2026_10_50,12536.20,12541.20,12528.00,12539.50,0,
21_07_2026_10_55,12541.60,12549.80,12539.10,12547.00,0,
21_07_2026_11_00,12547.50,12552.30,12542.60,12551.80,0,
21_07_2026_11_05,12552.00,12560.00,12549.50,12560.00,0,
21_07_2026_11_10,12560.00,12560.00,12553.50,12555.30,0,
21_07_2026_11_15,12555.60,12555.60,12551.90,12552.70,0,
21_07_2026_11_20,12552.80,12558.50,12548.20,12558.20,0,
21_07_2026_11_25,12558.00,12564.40,12556.50,12559.30,0,
21_07_2026_11_30,12559.00,12565.80,12557.80,12563.40,0,
21_07_2026_11_35,12562.50,12566.50,12559.50,12563.80,0,
21_07_2026_11_40,12565.00,12573.70,12560.20,12567.00,0,
21_07_2026_11_45,12567.20,12567.30,12559.80,12565.30,0,
21_07_2026_11_50,12565.00,12573.00,12562.90,12572.50,0,
21_07_2026_11_55,12573.50,12581.50,12562.00,12563.80,0,
21_07_2026_12_00,12564.50,12567.70,12560.80,12567.00,0,
21_07_2026_12_05,12567.20,12589.40,12564.50,12584.00,0,
21_07_2026_12_10,12583.80,12584.60,12578.50,12581.80,0,
21_07_2026_12_15,12581.80,12587.00,12581.20,12585.80,0,
21_07_2026_12_20,12585.80,12610.20,12584.60,12610.20,0,
21_07_2026_12_25,12612.10,12622.50,12605.00,12608.20,0,
21_07_2026_12_30,12608.60,12621.20,12607.20,12615.80,0,
21_07_2026_12_35,12616.10,12616.30,12605.90,12608.90,0,
21_07_2026_12_40,12609.20,12612.50,12601.20,12603.20,0,
21_07_2026_12_45,12604.80,12607.60,12596.50,12598.70,0,
21_07_2026_12_50,12599.10,12604.30,12593.30,12599.00,0,
21_07_2026_12_55,12600.30,12602.50,12586.80,12589.20,0,
21_07_2026_13_00,12589.30,12591.20,12583.00,12587.00,0,
21_07_2026_13_05,12587.00,12596.50,12585.10,12594.30,0,
21_07_2026_13_10,12594.60,12604.00,12594.20,12604.00,0,
21_07_2026_13_15,12604.00,12607.90,12598.20,12607.60,0,
21_07_2026_13_20,12607.20,12626.40,12606.00,12623.80,0,
21_07_2026_13_25,12624.50,12626.60,12618.70,12623.20,0,
21_07_2026_13_30,12624.00,12633.30,12623.60,12629.20,0,
21_07_2026_13_35,12630.00,12635.20,12627.00,12634.70,0,
21_07_2026_13_40,12635.80,12639.50,12630.10,12636.00,0,
21_07_2026_13_45,12636.20,12636.50,12624.60,12626.00,0,
21_07_2026_13_50,12626.60,12630.30,12624.60,12629.80,0,
21_07_2026_13_55,12630.00,12630.80,12620.50,12625.70,0,
21_07_2026_14_00,12625.40,12635.00,12623.00,12634.30,0,
21_07_2026_14_05,12634.20,12636.30,12628.60,12631.20,0,
21_07_2026_14_10,12631.70,12631.80,12626.00,12628.70,0,
21_07_2026_14_15,12629.00,12630.20,12623.20,12629.30,0,
21_07_2026_14_20,12630.00,12630.20,12615.00,12615.80,0,
21_07_2026_14_25,12616.00,12620.60,12612.50,12618.70,0,
21_07_2026_14_30,12618.20,12619.20,12610.00,12611.20,0,
21_07_2026_14_35,12611.30,12615.00,12603.80,12612.80,0,
21_07_2026_14_40,12614.00,12614.30,12608.50,12612.80,0,
21_07_2026_14_45,12612.80,12624.80,12609.80,12624.50,0,
21_07_2026_14_50,12624.80,12624.80,12615.50,12620.50,0,
21_07_2026_14_55,12620.40,12627.10,12616.30,12624.90,0,
21_07_2026_15_00,12627.00,12631.70,12625.70,12627.70,0,
21_07_2026_15_05,12627.90,12630.00,12621.70,12622.50,0,
21_07_2026_15_10,12621.80,12625.70,12616.80,12620.90,0,
21_07_2026_15_15,12621.50,12628.20,12615.20,12626.20,0,
21_07_2026_15_20,12625.50,12626.20,12618.50,12624.30,0,
21_07_2026_15_25,12623.70,12635.50,12623.70,12635.50,0,
22_07_2026_09_15,12654.20,12684.20,12628.80,12643.30,0,
22_07_2026_09_20,12643.50,12648.10,12612.20,12613.30,0,
22_07_2026_09_25,12613.70,12621.80,12609.50,12615.00,0,
22_07_2026_09_30,12615.20,12624.50,12598.90,12610.80,0,
22_07_2026_09_35,12610.70,12611.70,12574.80,12577.00,0,
22_07_2026_09_40,12577.50,12580.00,12555.80,12563.50,0,
22_07_2026_09_45,12562.50,12584.20,12562.20,12571.90,0,
22_07_2026_09_50,12572.20,12579.00,12564.30,12565.20,0,
22_07_2026_09_55,12565.50,12578.00,12562.80,12573.80,0,
22_07_2026_10_00,12576.80,12579.70,12563.50,12576.40,0,
22_07_2026_10_05,12577.20,12606.00,12574.00,12594.80,0,
22_07_2026_10_10,12595.20,12598.70,12577.20,12577.80,0,
22_07_2026_10_15,12577.30,12580.00,12566.50,12567.50,0,
22_07_2026_10_20,12567.30,12575.30,12563.90,12574.70,0,
22_07_2026_10_25,12574.70,12578.50,12563.10,12576.50,0,
22_07_2026_10_30,12576.60,12590.70,12576.30,12589.00,0,
22_07_2026_10_35,12590.80,12597.20,12584.30,12584.30,0,
22_07_2026_10_40,12585.40,12586.00,12580.60,12581.30,0,
22_07_2026_10_45,12582.20,12595.50,12580.00,12594.20,0,
22_07_2026_10_50,12594.00,12601.50,12591.30,12592.80,0,
22_07_2026_10_55,12593.80,12603.60,12589.50,12596.80,0,
22_07_2026_11_00,12597.70,12602.50,12593.90,12600.20,0,
22_07_2026_11_05,12600.10,12605.00,12596.50,12603.30,0,
22_07_2026_11_10,12603.00,12605.00,12588.40,12597.80,0,
22_07_2026_11_15,12597.80,12602.80,12595.50,12598.10,0,
22_07_2026_11_20,12597.40,12601.50,12592.80,12600.70,0,
22_07_2026_11_25,12601.50,12602.10,12590.80,12594.20,0,
22_07_2026_11_30,12594.20,12600.90,12592.40,12596.50,0,
22_07_2026_11_35,12596.80,12602.00,12584.20,12586.00,0,
22_07_2026_11_40,12587.10,12601.60,12580.20,12599.50,0,
22_07_2026_11_45,12599.70,12603.00,12594.50,12598.70,0,
22_07_2026_11_50,12598.90,12599.50,12584.00,12584.20,0,
22_07_2026_11_55,12584.90,12589.20,12581.00,12582.70,0,
22_07_2026_12_00,12583.30,12583.30,12568.00,12575.40,0,
22_07_2026_12_05,12575.50,12576.80,12559.70,12560.50,0,
22_07_2026_12_10,12561.00,12570.50,12557.70,12568.50,0,
22_07_2026_12_15,12568.40,12568.50,12556.80,12558.30,0,
22_07_2026_12_20,12557.40,12560.50,12551.30,12559.90,0,
22_07_2026_12_25,12559.90,12566.00,12556.20,12556.20,0,
22_07_2026_12_30,12556.10,12556.10,12543.70,12548.20,0,
22_07_2026_12_35,12549.00,12553.30,12547.50,12549.20,0,
22_07_2026_12_40,12549.20,12563.00,12544.80,12563.00,0,
22_07_2026_12_45,12562.80,12578.80,12562.00,12577.30,0,
22_07_2026_12_50,12577.30,12579.20,12567.00,12568.10,0,
22_07_2026_12_55,12567.80,12574.30,12563.70,12565.80,0,
22_07_2026_13_00,12565.30,12565.30,12554.50,12560.20,0,
22_07_2026_13_05,12560.20,12560.30,12552.20,12553.50,0,
22_07_2026_13_10,12554.40,12556.80,12551.00,12554.20,0,
22_07_2026_13_15,12555.00,12558.50,12552.40,12556.70,0,
22_07_2026_13_20,12556.70,12560.20,12555.50,12558.50,0,
22_07_2026_13_25,12558.50,12561.50,12555.50,12559.80,0,
22_07_2026_13_30,12560.30,12581.60,12559.90,12581.60,0,
22_07_2026_13_35,12581.80,12592.30,12578.40,12591.00,0,
22_07_2026_13_40,12591.50,12592.60,12578.00,12584.10,0,
22_07_2026_13_45,12582.60,12584.90,12573.50,12575.00,0,
22_07_2026_13_50,12574.40,12577.40,12569.70,12573.80,0,
22_07_2026_13_55,12574.30,12582.80,12573.60,12577.60,0,
22_07_2026_14_00,12577.80,12577.80,12571.80,12574.50,0,
22_07_2026_14_05,12574.90,12581.20,12571.10,12571.50,0,
22_07_2026_14_10,12571.30,12572.80,12556.50,12559.00,0,
22_07_2026_14_15,12559.20,12565.20,12551.60,12564.20,0,
22_07_2026_14_20,12564.80,12565.00,12551.30,12551.70,0,
22_07_2026_14_25,12552.00,12554.00,12540.80,12542.90,0,
22_07_2026_14_30,12544.20,12550.70,12541.20,12549.80,0,
22_07_2026_14_35,12550.20,12565.30,12550.20,12555.80,0,
22_07_2026_14_40,12555.80,12557.50,12547.00,12552.50,0,
22_07_2026_14_45,12553.60,12559.10,12549.80,12557.30,0,
22_07_2026_14_50,12557.10,12558.30,12552.30,12553.70,0,
22_07_2026_14_55,12554.20,12556.00,12546.00,12549.80,0,
22_07_2026_15_00,12550.00,12566.40,12550.00,12561.30,0,
22_07_2026_15_05,12561.10,12573.30,12560.40,12570.00,0,
22_07_2026_15_10,12569.20,12570.90,12562.00,12570.50,0,
22_07_2026_15_15,12570.60,12576.80,12566.00,12567.20,0,
22_07_2026_15_20,12568.00,12568.20,12551.20,12556.20,0,
22_07_2026_15_25,12555.50,12563.10,12544.80,12551.80,0,
23_07_2026_09_15,12538.20,12548.10,12498.50,12537.00,0,
23_07_2026_09_20,12538.00,12603.00,12535.20,12603.00,0,
23_07_2026_09_25,12602.50,12623.00,12591.50,12611.40,0,
23_07_2026_09_30,12612.00,12626.40,12599.70,12602.50,0,
23_07_2026_09_35,12602.40,12602.80,12562.30,12575.00,0,
23_07_2026_09_40,12574.80,12588.00,12562.30,12562.80,0,
23_07_2026_09_45,12562.70,12571.30,12548.20,12554.00,0,
23_07_2026_09_50,12553.80,12554.20,12540.20,12547.50,0,
23_07_2026_09_55,12546.60,12563.10,12538.80,12560.20,0,
23_07_2026_10_00,12560.00,12578.50,12560.00,12576.80,0,
23_07_2026_10_05,12576.80,12578.70,12564.40,12564.90,0,
23_07_2026_10_10,12565.20,12566.50,12551.80,12553.30,0,
23_07_2026_10_15,12553.50,12575.20,12552.00,12565.50,0,
23_07_2026_10_20,12565.60,12568.00,12543.70,12546.20,0,
23_07_2026_10_25,12545.50,12568.50,12543.90,12568.20,0,
23_07_2026_10_30,12567.60,12569.90,12551.80,12554.00,0,
23_07_2026_10_35,12553.60,12557.20,12550.20,12552.30,0,
23_07_2026_10_40,12551.70,12569.10,12551.70,12567.80,0,
23_07_2026_10_45,12567.00,12569.00,12560.60,12567.40,0,
23_07_2026_10_50,12567.30,12568.30,12554.50,12563.10,0,
23_07_2026_10_55,12563.10,12576.20,12559.70,12576.00,0,
23_07_2026_11_00,12576.20,12586.90,12576.10,12586.60,0,
23_07_2026_11_05,12586.00,12594.20,12578.40,12593.20,0,
23_07_2026_11_10,12593.30,12596.50,12575.20,12575.20,0,
23_07_2026_11_15,12575.00,12579.80,12570.20,12572.20,0,
23_07_2026_11_20,12572.60,12572.70,12556.80,12561.00,0,
23_07_2026_11_25,12561.00,12563.30,12547.50,12548.50,0,
23_07_2026_11_30,12548.70,12558.10,12547.30,12552.30,0,
23_07_2026_11_35,12552.80,12557.90,12550.50,12555.50,0,
23_07_2026_11_40,12555.80,12558.80,12546.90,12548.20,0,
23_07_2026_11_45,12548.00,12549.30,12543.60,12548.50,0,
23_07_2026_11_50,12548.80,12549.00,12536.90,12543.10,0,
23_07_2026_11_55,12543.50,12562.00,12541.20,12562.00,0,
23_07_2026_12_00,12562.30,12569.80,12553.60,12553.80,0,
23_07_2026_12_05,12554.20,12561.50,12548.30,12561.10,0,
23_07_2026_12_10,12560.70,12562.20,12540.00,12540.50,0,
23_07_2026_12_15,12541.40,12545.70,12535.20,12538.50,0,
23_07_2026_12_20,12538.40,12542.00,12525.50,12527.70,0,
23_07_2026_12_25,12526.30,12527.70,12517.00,12517.00,0,
23_07_2026_12_30,12516.80,12517.00,12494.50,12505.40,0,
23_07_2026_12_35,12505.10,12506.20,12489.40,12493.20,0,
23_07_2026_12_40,12493.20,12493.70,12462.00,12473.30,0,
23_07_2026_12_45,12472.60,12477.40,12465.80,12467.80,0,
23_07_2026_12_50,12467.80,12472.50,12460.70,12471.50,0,
23_07_2026_12_55,12472.20,12481.20,12468.50,12474.70,0,
23_07_2026_13_00,12475.50,12476.20,12456.50,12457.80,0,
23_07_2026_13_05,12459.00,12465.30,12458.00,12458.00,0,
23_07_2026_13_10,12459.00,12459.50,12450.90,12455.70,0,
23_07_2026_13_15,12456.00,12456.50,12433.70,12446.00,0,
23_07_2026_13_20,12446.00,12458.80,12445.20,12452.80,0,
23_07_2026_13_25,12452.80,12456.70,12446.50,12450.00,0,
23_07_2026_13_30,12449.90,12451.50,12440.40,12444.50,0,
23_07_2026_13_35,12445.50,12471.50,12441.00,12468.90,0,
23_07_2026_13_40,12469.20,12478.00,12460.10,12463.30,0,
23_07_2026_13_45,12462.20,12472.50,12459.80,12465.00,0,
23_07_2026_13_50,12464.50,12468.50,12452.20,12454.80,0,
23_07_2026_13_55,12455.00,12461.50,12451.40,12454.30,0,
23_07_2026_14_00,12454.10,12458.70,12448.00,12451.00,0,
23_07_2026_14_05,12451.20,12451.30,12436.30,12436.70,0,
23_07_2026_14_10,12436.80,12441.70,12431.20,12434.80,0,
23_07_2026_14_15,12434.30,12441.50,12425.60,12427.20,0,
23_07_2026_14_20,12426.40,12438.60,12424.00,12438.50,0,
23_07_2026_14_25,12438.30,12443.20,12435.00,12441.10,0,
23_07_2026_14_30,12440.90,12462.50,12435.00,12462.20,0,
23_07_2026_14_35,12462.00,12463.60,12443.50,12446.90,0,
23_07_2026_14_40,12447.20,12448.30,12427.30,12432.30,0,
23_07_2026_14_45,12432.60,12438.00,12428.30,12430.20,0,
23_07_2026_14_50,12430.80,12447.00,12427.30,12443.50,0,
23_07_2026_14_55,12443.30,12446.30,12437.00,12446.20,0,
23_07_2026_15_00,12446.00,12479.20,12445.40,12462.30,0,
23_07_2026_15_05,12463.60,12481.00,12463.20,12480.60,0,
23_07_2026_15_10,12481.00,12483.70,12472.80,12477.80,0,
23_07_2026_15_15,12478.00,12478.60,12461.20,12468.50,0,
23_07_2026_15_20,12468.80,12472.80,12466.00,12472.00,0,
23_07_2026_15_25,12471.60,12479.50,12465.20,12471.20,0,
24_07_2026_09_15,12390.80,12396.50,12339.20,12387.70,0,
24_07_2026_09_20,12388.00,12396.70,12363.20,12365.50,0,
24_07_2026_09_25,12365.20,12377.90,12348.40,12361.20,0,
24_07_2026_09_30,12359.40,12366.20,12341.00,12351.80,0,
24_07_2026_09_35,12350.70,12357.50,12343.30,12355.00,0,
24_07_2026_09_40,12355.00,12360.20,12333.80,12336.10,0,
24_07_2026_09_45,12337.50,12338.50,12318.40,12320.20,0,
24_07_2026_09_50,12319.80,12319.80,12307.20,12317.00,0,
24_07_2026_09_55,12317.00,12324.70,12314.60,12319.50,0,
24_07_2026_10_00,12319.00,12322.50,12303.00,12309.20,0,
24_07_2026_10_05,12309.20,12319.30,12301.20,12318.50,0,
24_07_2026_10_10,12318.30,12324.20,12303.90,12307.20,0,
24_07_2026_10_15,12307.20,12317.00,12301.20,12302.70,0,
24_07_2026_10_20,12302.50,12306.60,12295.10,12297.20,0,
24_07_2026_10_25,12297.20,12316.20,12296.70,12309.20,0,
24_07_2026_10_30,12309.20,12314.10,12302.10,12306.20,0,
24_07_2026_10_35,12306.20,12329.50,12304.80,12328.70,0,
24_07_2026_10_40,12328.40,12331.80,12319.70,12322.00,0,
24_07_2026_10_45,12321.70,12333.80,12320.90,12329.50,0,
24_07_2026_10_50,12329.80,12331.40,12316.30,12323.50,0,
24_07_2026_10_55,12323.00,12325.70,12306.20,12306.60,0,
24_07_2026_11_00,12306.20,12309.40,12300.00,12308.30,0,
24_07_2026_11_05,12308.00,12311.30,12301.50,12303.90,0,
24_07_2026_11_10,12304.30,12314.50,12304.00,12312.50,0,
24_07_2026_11_15,12312.50,12334.50,12309.80,12333.20,0,
24_07_2026_11_20,12334.00,12351.30,12333.50,12347.80,0,
24_07_2026_11_25,12349.10,12350.70,12337.50,12337.80,0,
24_07_2026_11_30,12337.90,12344.00,12329.00,12343.40,0,
24_07_2026_11_35,12343.40,12345.50,12335.40,12344.90,0,
24_07_2026_11_40,12345.20,12357.80,12342.00,12357.80,0,
24_07_2026_11_45,12357.50,12384.20,12357.50,12376.70,0,
24_07_2026_11_50,12376.50,12391.50,12376.20,12386.80,0,
24_07_2026_11_55,12386.20,12390.10,12377.90,12379.80,0,
24_07_2026_12_00,12380.00,12387.50,12375.00,12387.50,0,
24_07_2026_12_05,12387.80,12394.70,12385.20,12389.20,0,
24_07_2026_12_10,12389.20,12389.80,12378.70,12387.80,0,
24_07_2026_12_15,12387.10,12391.00,12380.70,12382.40,0,
24_07_2026_12_20,12382.50,12395.20,12380.50,12395.20,0,
24_07_2026_12_25,12395.20,12417.20,12394.90,12416.50,0,
24_07_2026_12_30,12417.00,12419.10,12404.80,12405.80,0,
24_07_2026_12_35,12405.20,12407.70,12393.30,12400.40,0,
24_07_2026_12_40,12400.40,12423.50,12400.00,12419.20,0,
24_07_2026_12_45,12418.20,12429.50,12415.30,12426.40,0,
24_07_2026_12_50,12426.40,12431.80,12417.00,12418.20,0,
24_07_2026_12_55,12418.00,12423.90,12412.50,12418.50,0,
24_07_2026_13_00,12418.50,12424.90,12409.00,12411.00,0,
24_07_2026_13_05,12411.00,12412.50,12401.70,12405.10,0,
24_07_2026_13_10,12404.80,12418.20,12403.70,12416.50,0,
24_07_2026_13_15,12416.80,12418.30,12410.50,12416.00,0,
24_07_2026_13_20,12415.50,12417.20,12408.70,12410.10,0,
24_07_2026_13_25,12410.10,12412.10,12404.50,12407.80,0,
24_07_2026_13_30,12407.80,12408.30,12384.80,12387.00,0,
24_07_2026_13_35,12386.50,12399.50,12379.70,12399.50,0,
24_07_2026_13_40,12399.30,12399.30,12381.80,12391.60,0,
24_07_2026_13_45,12391.50,12394.10,12385.80,12393.60,0,
24_07_2026_13_50,12393.60,12399.20,12390.90,12397.80,0,
24_07_2026_13_55,12398.70,12405.40,12397.00,12405.40,0,
24_07_2026_14_00,12405.50,12414.60,12397.50,12414.00,0,
24_07_2026_14_05,12414.20,12421.90,12409.50,12410.70,0,
24_07_2026_14_10,12410.20,12412.20,12401.20,12403.80,0,
24_07_2026_14_15,12404.00,12417.30,12402.90,12408.80,0,
24_07_2026_14_20,12409.20,12409.70,12399.80,12403.90,0,
24_07_2026_14_25,12404.60,12420.90,12402.80,12416.70,0,
24_07_2026_14_30,12417.80,12419.50,12405.30,12417.20,0,
24_07_2026_14_35,12417.20,12417.50,12401.50,12407.90,0,
24_07_2026_14_40,12407.80,12417.70,12403.50,12411.60,0,
24_07_2026_14_45,12411.70,12413.30,12398.80,12406.30,0,
24_07_2026_14_50,12406.20,12412.20,12402.80,12409.90,0,
24_07_2026_14_55,12410.00,12410.00,12400.60,12402.80,0,
24_07_2026_15_00,12403.20,12405.20,12390.00,12396.20,0,
24_07_2026_15_05,12396.50,12403.50,12393.20,12395.30,0,
24_07_2026_15_10,12395.00,12405.70,12393.80,12405.20,0,
24_07_2026_15_15,12405.50,12411.30,12397.10,12400.00,0,
24_07_2026_15_20,12400.50,12411.30,12398.60,12408.30,0,
24_07_2026_15_25,12408.40,12414.50,12404.70,12408.10,0,
