Date,Open,High,Low,Close,Volume,
27_03_2026_09_15,10987.60,11025.50,10937.20,10948.00,0,
27_03_2026_09_20,10947.30,10957.20,10902.50,10906.00,0,
27_03_2026_09_25,10906.70,10927.00,10890.10,10915.70,0,
27_03_2026_09_30,10914.40,10943.00,10864.90,10868.00,0,
27_03_2026_09_35,10868.10,10874.10,10854.80,10872.30,0,
27_03_2026_09_40,10871.80,10904.80,10870.20,10904.20,0,
27_03_2026_09_45,10904.00,10910.40,10883.00,10899.50,0,
27_03_2026_09_50,10898.10,10911.50,10876.70,10878.20,0,
27_03_2026_09_55,10876.50,10878.80,10853.70,10865.70,0,
27_03_2026_10_00,10865.70,10884.00,10857.90,10876.50,0,
27_03_2026_10_05,10876.00,10878.80,10867.90,10872.80,0,
27_03_2026_10_10,10873.20,10873.20,10857.80,10858.80,0,
27_03_2026_10_15,10859.20,10862.30,10847.80,10853.30,0,
27_03_2026_10_20,10854.00,10864.50,10843.00,10854.20,0,
27_03_2026_10_25,10853.30,10864.20,10851.50,10863.30,0,
27_03_2026_10_30,10863.80,10880.70,10850.60,10853.60,0,
27_03_2026_10_35,10854.50,10863.20,10843.80,10862.50,0,
27_03_2026_10_40,10862.20,10867.80,10851.20,10854.00,0,
27_03_2026_10_45,10854.00,10861.50,10849.10,10853.50,0,
27_03_2026_10_50,10854.00,10858.30,10836.20,10837.50,0,
27_03_2026_10_55,10838.20,10867.40,10836.20,10866.30,0,
27_03_2026_11_00,10866.50,10882.70,10862.20,10875.00,0,
27_03_2026_11_05,10875.00,10875.30,10863.10,10871.30,0,
27_03_2026_11_10,10871.80,10881.00,10866.80,10874.10,0,
27_03_2026_11_15,10874.10,10885.80,10869.50,10875.50,0,
27_03_2026_11_20,10874.70,10876.20,10859.20,10869.70,0,
27_03_2026_11_25,10870.40,10881.00,10864.30,10869.20,0,
27_03_2026_11_30,10870.90,10883.40,10863.80,10876.70,0,
27_03_2026_11_35,10876.80,10892.70,10876.80,10888.20,0,
27_03_2026_11_40,10887.70,10890.40,10876.20,10890.20,0,
27_03_2026_11_45,10890.40,10892.70,10881.50,10885.30,0,
27_03_2026_11_50,10885.30,10888.00,10867.70,10869.80,0,
27_03_2026_11_55,10869.50,10870.10,10854.50,10859.10,0,
27_03_2026_12_00,10860.30,10861.20,10841.70,10855.50,0,
27_03_2026_12_05,10855.50,10859.30,10848.30,10849.30,0,
27_03_2026_12_10,10848.10,10866.20,10847.50,10864.80,0,
27_03_2026_12_15,10863.90,10865.00,10849.30,10851.50,0,
27_03_2026_12_20,10850.80,10867.60,10849.00,10866.10,0,
27_03_2026_12_25,10867.10,10877.30,10862.00,10871.80,0,
27_03_2026_12_30,10871.80,10872.50,10853.80,10865.70,0,
27_03_2026_12_35,10865.70,10874.20,10859.80,10873.70,0,
27_03_2026_12_40,10873.00,10875.80,10860.50,10867.80,0,
27_03_2026_12_45,10867.50,10875.20,10857.50,10871.70,0,
27_03_2026_12_50,10871.80,10875.00,10865.50,10869.70,0,
27_03_2026_12_55,10869.00,10881.80,10869.00,10877.00,0,
27_03_2026_13_00,10877.50,10880.20,10865.50,10868.00,0,
27_03_2026_13_05,10869.20,10870.20,10856.80,10858.10,0,
27_03_2026_13_10,10858.30,10880.20,10852.00,10879.60,0,
27_03_2026_13_15,10880.50,10920.80,10879.30,10909.00,0,
27_03_2026_13_20,10908.30,10914.80,10895.10,10914.00,0,
27_03_2026_13_25,10913.00,10925.30,10898.10,10899.70,0,
27_03_2026_13_30,10900.10,10912.80,10897.20,10905.70,0,
27_03_2026_13_35,10905.80,10911.40,10892.00,10894.20,0,
27_03_2026_13_40,10893.90,10908.80,10891.60,10902.80,0,
27_03_2026_13_45,10903.30,10916.00,10901.60,10908.20,0,
27_03_2026_13_50,10908.00,10915.90,10904.00,10908.70,0,
27_03_2026_13_55,10908.80,10913.80,10900.80,10910.80,0,
27_03_2026_14_00,10909.70,10921.80,10907.50,10917.30,0,
27_03_2026_14_05,10916.60,10921.80,10904.00,10916.00,0,
27_03_2026_14_10,10915.20,10918.50,10906.80,10913.00,0,
27_03_2026_14_15,10912.70,10912.80,10875.60,10882.30,0,
27_03_2026_14_20,10884.70,10888.50,10872.60,10877.50,0,
27_03_2026_14_25,10877.80,10883.40,10864.80,10869.90,0,
27_03_2026_14_30,10869.80,10873.10,10861.30,10868.20,0,
27_03_2026_14_35,10867.50,10875.80,10852.20,10852.50,0,
27_03_2026_14_40,10852.30,10879.50,10850.50,10871.80,0,
27_03_2026_14_45,10871.90,10877.20,10859.80,10861.10,0,
27_03_2026_14_50,10860.00,10873.20,10858.90,10867.00,0,
27_03_2026_14_55,10866.40,10873.90,10861.20,10863.30,0,
27_03_2026_15_00,10862.30,10862.50,10833.40,10846.30,0,
27_03_2026_15_05,10845.20,10846.40,10831.00,10840.30,0,
27_03_2026_15_10,10840.20,10849.50,10827.50,10830.70,0,
27_03_2026_15_15,10830.30,10833.50,10817.00,10822.10,0,
27_03_2026_15_20,10822.50,10831.90,10812.70,10831.90,0,
27_03_2026_15_25,10830.80,10832.90,10808.00,10818.50,0,
30_03_2026_09_15,10724.20,10857.00,10696.20,10835.70,0,
30_03_2026_09_20,10834.70,10901.20,10830.30,10881.80,0,
30_03_2026_09_25,10879.30,10895.80,10866.80,10888.80,0,
30_03_2026_09_30,10889.50,10910.30,10883.80,10901.00,0,
30_03_2026_09_35,10899.50,10933.00,10889.20,10911.00,0,
30_03_2026_09_40,10911.40,10931.90,10906.50,10919.20,0,
30_03_2026_09_45,10918.70,10955.40,10911.80,10921.50,0,
30_03_2026_09_50,10920.90,10939.10,10916.80,10918.60,0,
30_03_2026_09_55,10919.00,10921.40,10899.80,10908.60,0,
30_03_2026_10_00,10910.10,10926.90,10906.20,10916.20,0,
30_03_2026_10_05,10915.20,10920.90,10896.30,10898.80,0,
30_03_2026_10_10,10899.40,10899.70,10868.70,10897.80,0,
30_03_2026_10_15,10898.20,10904.90,10875.30,10875.80,0,
30_03_2026_10_20,10875.50,10876.60,10849.80,10853.50,0,
30_03_2026_10_25,10852.50,10862.20,10845.70,10847.90,0,
30_03_2026_10_30,10847.50,10849.80,10835.40,10841.80,0,
30_03_2026_10_35,10842.00,10869.70,10841.70,10851.00,0,
30_03_2026_10_40,10851.70,10853.10,10840.70,10846.20,0,
30_03_2026_10_45,10846.90,10856.00,10841.90,10847.30,0,
30_03_2026_10_50,10847.90,10858.60,10828.60,10832.10,0,
30_03_2026_10_55,10833.00,10840.40,10812.30,10819.50,0,
30_03_2026_11_00,10820.00,10831.00,10816.50,10825.10,0,
30_03_2026_11_05,10825.50,10837.80,10815.80,10815.80,0,
30_03_2026_11_10,10815.20,10826.70,10800.30,10810.90,0,
30_03_2026_11_15,10812.20,10828.80,10807.20,10820.20,0,
30_03_2026_11_20,10821.60,10833.50,10813.00,10831.20,0,
30_03_2026_11_25,10831.20,10839.50,10818.70,10829.70,0,
30_03_2026_11_30,10830.80,10846.70,10823.20,10843.30,0,
30_03_2026_11_35,10844.50,10876.40,10844.20,10864.10,0,
30_03_2026_11_40,10864.50,10864.50,10835.80,10837.30,0,
30_03_2026_11_45,10839.20,10839.20,10827.90,10834.80,0,
30_03_2026_11_50,10834.30,10841.20,10823.00,10839.70,0,
30_03_2026_11_55,10838.80,10850.50,10834.70,10841.90,0,
30_03_2026_12_00,10841.50,10882.80,10839.00,10878.50,0,
30_03_2026_12_05,10878.70,10897.00,10869.60,10877.90,0,
30_03_2026_12_10,10878.50,10889.80,10875.30,10888.30,0,
30_03_2026_12_15,10888.70,10894.80,10875.80,10877.80,0,
30_03_2026_12_20,10877.30,10896.80,10872.30,10873.70,0,
30_03_2026_12_25,10873.60,10873.60,10840.00,10852.40,0,
30_03_2026_12_30,10851.70,10853.00,10839.70,10850.00,0,
30_03_2026_12_35,10849.70,10875.80,10846.30,10875.00,0,
30_03_2026_12_40,10874.50,10881.50,10870.50,10873.80,0,
30_03_2026_12_45,10873.80,10875.90,10868.60,10870.00,0,
30_03_2026_12_50,10870.40,10872.20,10843.50,10855.40,0,
30_03_2026_12_55,10852.80,10869.00,10849.50,10868.60,0,
30_03_2026_13_00,10868.00,10878.60,10864.50,10866.70,0,
30_03_2026_13_05,10866.40,10878.90,10861.30,10864.20,0,
30_03_2026_13_10,10862.10,10873.60,10854.50,10869.80,0,
30_03_2026_13_15,10869.80,10878.20,10860.00,10863.40,0,
30_03_2026_13_20,10862.50,10870.00,10862.50,10866.20,0,
30_03_2026_13_25,10866.50,10867.60,10846.50,10851.80,0,
30_03_2026_13_30,10851.20,10858.70,10841.70,10857.20,0,
30_03_2026_13_35,10857.50,10866.30,10851.10,10858.90,0,
30_03_2026_13_40,10859.90,10863.70,10840.80,10845.70,0,
30_03_2026_13_45,10846.00,10850.10,10842.80,10843.80,0,
30_03_2026_13_50,10843.80,10846.50,10826.50,10830.80,0,
30_03_2026_13_55,10829.60,10836.80,10826.70,10829.30,0,
30_03_2026_14_00,10830.20,10863.70,10829.30,10853.20,0,
30_03_2026_14_05,10853.30,10865.00,10852.50,10857.20,0,
30_03_2026_14_10,10857.50,10858.80,10840.20,10841.50,0,
30_03_2026_14_15,10841.70,10843.80,10833.70,10836.20,0,
30_03_2026_14_20,10835.80,10847.20,10823.60,10827.20,0,
30_03_2026_14_25,10826.70,10829.20,10819.20,10820.70,0,
30_03_2026_14_30,10819.50,10842.20,10819.50,10827.20,0,
30_03_2026_14_35,10826.00,10840.20,10822.30,10825.10,0,
30_03_2026_14_40,10825.00,10828.20,10813.80,10816.20,0,
30_03_2026_14_45,10816.40,10825.50,10801.20,10811.20,0,
30_03_2026_14_50,10810.80,10819.60,10803.20,10807.30,0,
30_03_2026_14_55,10807.80,10813.20,10800.70,10805.60,0,
30_03_2026_15_00,10805.80,10806.30,10774.80,10785.60,0,
30_03_2026_15_05,10786.30,10794.90,10769.10,10772.00,0,
30_03_2026_15_10,10772.30,10788.10,10768.50,10783.60,0,
30_03_2026_15_15,10783.50,10788.20,10775.80,10782.30,0,
30_03_2026_15_20,10782.80,10808.40,10782.60,10806.40,0,
30_03_2026_15_25,10805.10,10826.20,10791.20,10799.00,0,
01_04_2026_09_15,11073.80,11095.80,10906.70,10950.00,0,
01_04_2026_09_20,10948.80,10982.60,10948.80,10978.40,0,
01_04_2026_09_25,10978.20,11016.80,10976.10,11010.20,0,
01_04_2026_09_30,11008.00,11015.80,10984.60,10997.50,0,
01_04_2026_09_35,10993.80,10996.40,10965.50,10969.80,0,
01_04_2026_09_40,10969.70,10984.40,10964.30,10964.80,0,
01_04_2026_09_45,10963.00,10999.00,10963.00,10997.90,0,
01_04_2026_09_50,10997.40,11033.80,10996.70,11030.20,0,
01_04_2026_09_55,11031.00,11032.80,10973.90,10991.20,0,
01_04_2026_10_00,10992.00,11024.00,10992.00,11017.80,0,
01_04_2026_10_05,11018.60,11026.70,11001.80,11004.70,0,
01_04_2026_10_10,11005.00,11006.40,10976.30,10986.30,0,
01_04_2026_10_15,10985.40,10993.50,10961.10,10975.80,0,
01_04_2026_10_20,10977.00,10978.10,10936.40,10949.30,0,
01_04_2026_10_25,10948.50,10950.00,10914.30,10927.00,0,
01_04_2026_10_30,10929.20,10934.90,10917.50,10927.50,0,
01_04_2026_10_35,10927.90,10951.50,10927.90,10950.90,0,
01_04_2026_10_40,10951.20,10952.20,10933.00,10946.90,0,
01_04_2026_10_45,10947.20,10954.90,10925.90,10940.90,0,
01_04_2026_10_50,10940.60,10950.00,10937.00,10940.80,0,
01_04_2026_10_55,10941.20,10945.30,10933.00,10934.00,0,
01_04_2026_11_00,10934.50,10940.30,10917.70,10938.50,0,
01_04_2026_11_05,10938.50,10961.50,10922.00,10946.20,0,
01_04_2026_11_10,10946.50,10962.20,10944.50,10949.50,0,
01_04_2026_11_15,10948.40,10951.80,10940.00,10949.00,0,
01_04_2026_11_20,10949.00,10967.40,10946.90,10967.40,0,
01_04_2026_11_25,10967.00,10980.20,10966.30,10971.30,0,
01_04_2026_11_30,10971.00,10987.50,10969.20,10979.80,0,
01_04_2026_11_35,10979.10,10991.10,10968.80,10990.30,0,
01_04_2026_11_40,10989.50,10993.80,10976.80,10978.70,0,
01_04_2026_11_45,10980.00,10986.00,10953.00,10962.80,0,
01_04_2026_11_50,10962.30,10969.60,10955.30,10957.00,0,
01_04_2026_11_55,10957.00,10975.00,10950.10,10969.00,0,
01_04_2026_12_00,10967.80,10996.80,10967.80,10987.30,0,
01_04_2026_12_05,10986.80,10994.00,10979.50,10989.20,0,
01_04_2026_12_10,10988.40,10997.00,10985.60,10997.00,0,
01_04_2026_12_15,10996.00,11003.10,10985.50,10987.00,0,
01_04_2026_12_20,10987.80,10995.50,10983.00,10989.80,0,
01_04_2026_12_25,10989.80,11001.10,10985.30,10996.10,0,
01_04_2026_12_30,10995.20,11015.00,10995.20,10999.50,0,
01_04_2026_12_35,10999.70,11010.90,10981.50,11010.90,0,
01_04_2026_12_40,11010.30,11018.90,11007.80,11009.80,0,
01_04_2026_12_45,11009.80,11019.20,11008.40,11009.00,0,
01_04_2026_12_50,11008.80,11015.40,11002.90,11013.60,0,
01_04_2026_12_55,11013.60,11015.70,11005.30,11005.50,0,
01_04_2026_13_00,11004.90,11012.40,10999.90,11006.00,0,
01_04_2026_13_05,11006.00,11017.50,11000.80,11007.30,0,
01_04_2026_13_10,11007.00,11011.70,11002.80,11010.10,0,
01_04_2026_13_15,11009.50,11017.20,10985.80,10987.00,0,
01_04_2026_13_20,10986.40,10987.60,10968.20,10973.70,0,
01_04_2026_13_25,10974.20,10974.30,10961.60,10968.30,0,
01_04_2026_13_30,10968.40,10975.30,10952.10,10970.50,0,
01_04_2026_13_35,10970.20,10974.00,10959.50,10969.50,0,
01_04_2026_13_40,10969.90,10970.00,10907.80,10932.20,0,
01_04_2026_13_45,10932.60,10949.60,10924.70,10934.10,0,
01_04_2026_13_50,10933.90,10935.70,10922.00,10922.30,0,
01_04_2026_13_55,10922.50,10930.30,10920.20,10926.70,0,
01_04_2026_14_00,10926.70,10938.00,10919.20,10931.00,0,
01_04_2026_14_05,10931.00,10943.50,10929.20,10941.90,0,
01_04_2026_14_10,10941.70,10947.80,10933.10,10946.90,0,
01_04_2026_14_15,10946.70,10956.50,10935.70,10955.80,0,
01_04_2026_14_20,10955.00,10957.00,10944.30,10952.70,0,
01_04_2026_14_25,10952.30,10953.50,10944.80,10949.00,0,
01_04_2026_14_30,10949.70,10955.20,10945.00,10947.70,0,
01_04_2026_14_35,10947.30,10947.30,10933.10,10933.60,0,
01_04_2026_14_40,10933.80,10940.70,10918.70,10929.60,0,
01_04_2026_14_45,10929.30,10929.30,10904.20,10920.30,0,
01_04_2026_14_50,10920.30,10928.20,10910.00,10920.90,0,
01_04_2026_14_55,10919.80,10930.20,10912.40,10914.30,0,
01_04_2026_15_00,10916.00,10937.90,10916.00,10928.30,0,
01_04_2026_15_05,10929.90,10938.20,10924.40,10937.00,0,
01_04_2026_15_10,10937.90,10945.00,10933.70,10935.90,0,
01_04_2026_15_15,10935.80,10942.80,10930.40,10938.80,0,
01_04_2026_15_20,10937.20,10938.80,10913.00,10916.80,0,
01_04_2026_15_25,10916.80,10926.20,10911.50,10924.60,0,
02_04_2026_09_15,10837.50,10842.50,10702.10,10713.80,0,
02_04_2026_09_20,10714.50,10735.30,10692.20,10695.00,0,
02_04_2026_09_25,10697.20,10709.80,10683.50,10693.40,0,
02_04_2026_09_30,10693.50,10703.70,10684.70,10702.00,0,
02_04_2026_09_35,10700.80,10716.50,10681.40,10683.00,0,
02_04_2026_09_40,10683.10,10702.80,10681.20,10692.70,0,
02_04_2026_09_45,10692.70,10697.80,10677.80,10688.70,0,
02_04_2026_09_50,10688.50,10690.80,10664.00,10668.70,0,
02_04_2026_09_55,10669.30,10678.70,10661.90,10666.80,0,
02_04_2026_10_00,10667.80,10682.50,10655.50,10658.40,0,
02_04_2026_10_05,10657.70,10658.20,10619.30,10619.90,0,
02_04_2026_10_10,10622.00,10654.00,10616.30,10648.60,0,
02_04_2026_10_15,10648.80,10648.80,10626.20,10631.20,0,
02_04_2026_10_20,10631.40,10633.00,10610.30,10616.30,0,
02_04_2026_10_25,10616.00,10639.80,10614.70,10637.80,0,
02_04_2026_10_30,10636.90,10646.20,10635.20,10636.80,0,
02_04_2026_10_35,10636.30,10644.00,10636.30,10643.00,0,
02_04_2026_10_40,10643.00,10656.80,10641.50,10647.80,0,
02_04_2026_10_45,10645.80,10649.00,10626.30,10633.30,0,
02_04_2026_10_50,10632.30,10656.60,10631.80,10651.30,0,
02_04_2026_10_55,10650.20,10669.00,10644.90,10667.50,0,
02_04_2026_11_00,10667.00,10678.80,10665.00,10666.50,0,
02_04_2026_11_05,10666.70,10676.70,10663.80,10675.90,0,
02_04_2026_11_10,10673.20,10677.20,10661.20,10674.50,0,
02_04_2026_11_15,10674.00,10682.80,10668.30,10676.00,0,
02_04_2026_11_20,10674.80,10676.80,10667.80,10672.80,0,
02_04_2026_11_25,10671.70,10683.50,10670.60,10680.50,0,
02_04_2026_11_30,10680.50,10705.50,10677.50,10704.00,0,
02_04_2026_11_35,10704.00,10719.20,10702.80,10717.70,0,
02_04_2026_11_40,10717.80,10718.80,10701.60,10702.50,0,
02_04_2026_11_45,10703.50,10719.10,10702.70,10715.80,0,
02_04_2026_11_50,10716.20,10726.20,10715.80,10720.60,0,
02_04_2026_11_55,10719.80,10745.30,10719.50,10733.30,0,
02_04_2026_12_00,10731.90,10743.20,10731.30,10733.50,0,
02_04_2026_12_05,10733.50,10740.70,10722.90,10735.90,0,
02_04_2026_12_10,10734.90,10742.20,10728.70,10733.00,0,
02_04_2026_12_15,10730.80,10741.50,10730.60,10735.20,0,
02_04_2026_12_20,10734.70,10736.20,10709.50,10724.50,0,
02_04_2026_12_25,10723.10,10734.10,10718.80,10733.00,0,
02_04_2026_12_30,10732.10,10743.20,10731.20,10735.20,0,
02_04_2026_12_35,10733.40,10748.70,10727.80,10739.30,0,
02_04_2026_12_40,10739.30,10751.30,10738.60,10739.60,0,
02_04_2026_12_45,10739.00,10745.80,10731.30,10735.20,0,
02_04_2026_12_50,10736.00,10743.10,10726.10,10726.80,0,
02_04_2026_12_55,10726.00,10746.00,10726.00,10736.80,0,
02_04_2026_13_00,10738.20,10755.50,10738.20,10744.20,0,
02_04_2026_13_05,10745.10,10749.00,10728.90,10746.20,0,
02_04_2026_13_10,10745.50,10747.20,10733.80,10741.00,0,
02_04_2026_13_15,10740.90,10747.50,10735.40,10741.00,0,
02_04_2026_13_20,10740.70,10756.80,10739.00,10756.20,0,
02_04_2026_13_25,10756.20,10766.70,10748.20,10763.80,0,
02_04_2026_13_30,10764.70,10778.80,10752.00,10757.80,0,
02_04_2026_13_35,10758.50,10772.70,10748.20,10770.80,0,
02_04_2026_13_40,10770.80,10781.30,10767.70,10774.40,0,
02_04_2026_13_45,10774.60,10780.20,10768.00,10773.00,0,
02_04_2026_13_50,10771.10,10782.30,10765.40,10773.90,0,
02_04_2026_13_55,10773.50,10779.80,10765.80,10775.80,0,
02_04_2026_14_00,10775.00,10800.30,10775.00,10799.80,0,
02_04_2026_14_05,10799.50,10810.00,10795.80,10808.70,0,
02_04_2026_14_10,10810.00,10827.90,10809.00,10825.80,0,
02_04_2026_14_15,10825.30,10842.60,10818.80,10833.50,0,
02_04_2026_14_20,10833.30,10837.00,10826.60,10836.50,0,
02_04_2026_14_25,10836.80,10840.50,10823.50,10827.20,0,
02_04_2026_14_30,10827.40,10846.40,10827.00,10839.80,0,
02_04_2026_14_35,10840.00,10841.30,10808.00,10809.80,0,
02_04_2026_14_40,10810.20,10813.50,10792.20,10798.00,0,
02_04_2026_14_45,10798.00,10818.40,10793.00,10807.80,0,
02_04_2026_14_50,10809.00,10829.20,10805.50,10826.80,0,
02_04_2026_14_55,10826.80,10828.20,10813.00,10818.50,0,
02_04_2026_15_00,10818.50,10830.50,10798.80,10817.10,0,
02_04_2026_15_05,10817.20,10847.90,10817.20,10846.20,0,
02_04_2026_15_10,10846.00,10866.00,10844.80,10863.60,0,
02_04_2026_15_15,10862.90,10876.80,10845.00,10848.90,0,
02_04_2026_15_20,10848.90,10856.60,10834.60,10842.20,0,
02_04_2026_15_25,10842.20,10849.00,10829.90,10838.80,0,
06_04_2026_09_15,10858.20,10858.20,10695.80,10737.20,0,
06_04_2026_09_20,10738.60,10758.00,10708.00,10722.50,0,
06_04_2026_09_25,10724.00,10735.20,10688.00,10696.70,0,
06_04_2026_09_30,10695.30,10720.10,10687.80,10715.00,0,
06_04_2026_09_35,10714.80,10743.90,10713.60,10716.30,0,
06_04_2026_09_40,10716.70,10724.20,10680.60,10691.00,0,
06_04_2026_09_45,10691.00,10713.60,10687.00,10688.10,0,
06_04_2026_09_50,10690.00,10690.40,10673.10,10682.80,0,
06_04_2026_09_55,10682.00,10683.20,10672.60,10676.80,0,
06_04_2026_10_00,10677.50,10688.00,10666.70,10688.00,0,
06_04_2026_10_05,10688.70,10699.20,10677.60,10687.70,0,
06_04_2026_10_10,10689.20,10701.80,10680.70,10699.70,0,
06_04_2026_10_15,10701.80,10709.50,10682.20,10693.30,0,
06_04_2026_10_20,10694.10,10701.80,10690.50,10691.30,0,
06_04_2026_10_25,10688.80,10690.00,10657.70,10672.60,0,
06_04_2026_10_30,10673.30,10673.30,10654.50,10666.00,0,
06_04_2026_10_35,10666.30,10675.80,10661.50,10672.70,0,
06_04_2026_10_40,10672.70,10673.00,10654.50,10661.20,0,
06_04_2026_10_45,10661.90,10672.30,10655.80,10665.30,0,
06_04_2026_10_50,10666.00,10674.10,10621.70,10630.90,0,
06_04_2026_10_55,10630.00,10647.60,10625.30,10637.50,0,
06_04_2026_11_00,10637.20,10637.20,10606.30,10608.50,0,
06_04_2026_11_05,10607.80,10627.60,10604.80,10618.00,0,
06_04_2026_11_10,10617.90,10617.90,10581.00,10595.20,0,
06_04_2026_11_15,10595.70,10617.80,10592.50,10616.80,0,
06_04_2026_11_20,10616.30,10629.60,10612.10,10616.00,0,
06_04_2026_11_25,10618.00,10633.20,10612.80,10631.70,0,
06_04_2026_11_30,10632.00,10634.70,10616.40,10618.70,0,
06_04_2026_11_35,10618.70,10629.80,10613.10,10614.60,0,
06_04_2026_11_40,10615.30,10634.50,10614.50,10631.00,0,
06_04_2026_11_45,10631.20,10641.30,10627.00,10628.80,0,
06_04_2026_11_50,10628.30,10639.70,10627.30,10636.50,0,
06_04_2026_11_55,10636.20,10652.20,10630.50,10632.50,0,
06_04_2026_12_00,10633.50,10639.20,10612.60,10614.80,0,
06_04_2026_12_05,10614.80,10621.30,10612.80,10613.80,0,
06_04_2026_12_10,10614.80,10619.10,10608.80,10614.70,0,
06_04_2026_12_15,10614.30,10614.90,10606.20,10606.90,0,
06_04_2026_12_20,10607.00,10635.20,10606.20,10618.50,0,
06_04_2026_12_25,10618.80,10624.70,10616.80,10617.30,0,
06_04_2026_12_30,10617.70,10617.70,10589.30,10590.30,0,
06_04_2026_12_35,10590.70,10597.70,10586.50,10595.00,0,
06_04_2026_12_40,10595.50,10603.20,10588.40,10600.30,0,
06_04_2026_12_45,10601.00,10635.60,10598.60,10635.50,0,
06_04_2026_12_50,10635.80,10640.60,10621.50,10632.80,0,
06_04_2026_12_55,10633.20,10642.50,10631.40,10641.10,0,
06_04_2026_13_00,10640.90,10654.40,10629.50,10633.50,0,
06_04_2026_13_05,10633.30,10658.30,10632.60,10655.50,0,
06_04_2026_13_10,10655.60,10682.90,10653.70,10682.00,0,
06_04_2026_13_15,10683.00,10693.00,10674.10,10688.00,0,
06_04_2026_13_20,10687.60,10700.30,10681.20,10686.60,0,
06_04_2026_13_25,10687.50,10687.80,10669.70,10674.40,0,
06_04_2026_13_30,10675.00,10690.20,10674.40,10687.20,0,
06_04_2026_13_35,10687.90,10693.30,10668.20,10668.20,0,
06_04_2026_13_40,10668.80,10672.30,10649.80,10655.70,0,
06_04_2026_13_45,10655.90,10664.00,10653.40,10656.40,0,
06_04_2026_13_50,10656.80,10675.50,10655.50,10673.80,0,
06_04_2026_13_55,10675.50,10681.70,10667.70,10667.70,0,
06_04_2026_14_00,10670.20,10689.50,10666.30,10685.80,0,
06_04_2026_14_05,10686.80,10692.20,10671.50,10672.20,0,
06_04_2026_14_10,10672.70,10687.20,10671.20,10686.50,0,
06_04_2026_14_15,10686.60,10688.40,10675.00,10681.70,0,
06_04_2026_14_20,10683.30,10687.40,10677.20,10678.00,0,
06_04_2026_14_25,10678.10,10688.00,10670.00,10680.00,0,
06_04_2026_14_30,10680.50,10686.20,10678.50,10678.50,0,
06_04_2026_14_35,10678.80,10692.60,10673.10,10683.90,0,
06_04_2026_14_40,10683.90,10689.00,10677.00,10686.60,0,
06_04_2026_14_45,10687.40,10688.50,10678.10,10681.50,0,
06_04_2026_14_50,10680.30,10694.20,10676.70,10688.80,0,
06_04_2026_14_55,10688.40,10691.70,10676.30,10686.50,0,
06_04_2026_15_00,10686.90,10698.70,10682.80,10690.00,0,
06_04_2026_15_05,10691.00,10705.20,10690.20,10702.80,0,
06_04_2026_15_10,10703.50,10705.20,10693.30,10700.80,0,
06_04_2026_15_15,10701.20,10703.80,10686.30,10687.20,0,
06_04_2026_15_20,10688.20,10708.20,10681.80,10707.00,0,
06_04_2026_15_25,10707.20,10707.70,10688.60,10695.20,0,
07_04_2026_09_15,10631.50,10661.20,10583.00,10649.00,0,
07_04_2026_09_20,10651.10,10677.60,10644.50,10666.30,0,
07_04_2026_09_25,10666.60,10685.50,10661.40,10664.20,0,
07_04_2026_09_30,10664.10,10668.30,10644.10,10646.50,0,
07_04_2026_09_35,10646.00,10646.50,10624.20,10633.00,0,
07_04_2026_09_40,10633.00,10641.10,10615.70,10621.20,0,
07_04_2026_09_45,10620.70,10632.50,10610.30,10614.60,0,
07_04_2026_09_50,10614.50,10631.00,10614.50,10631.00,0,
07_04_2026_09_55,10630.80,10644.10,10628.50,10642.00,0,
07_04_2026_10_00,10642.30,10654.50,10637.50,10653.70,0,
07_04_2026_10_05,10653.70,10656.50,10640.50,10644.00,0,
07_04_2026_10_10,10643.90,10650.90,10636.20,10648.40,0,
07_04_2026_10_15,10649.40,10661.80,10646.20,10658.80,0,
07_04_2026_10_20,10658.80,10665.10,10638.40,10654.50,0,
07_04_2026_10_25,10653.90,10665.20,10651.80,10663.70,0,
07_04_2026_10_30,10663.60,10670.10,10659.20,10660.50,0,
07_04_2026_10_35,10660.80,10663.50,10645.10,10663.50,0,
07_04_2026_10_40,10663.60,10672.50,10662.10,10668.80,0,
07_04_2026_10_45,10669.00,10672.00,10655.50,10655.60,0,
07_04_2026_10_50,10656.40,10659.00,10632.20,10640.20,0,
07_04_2026_10_55,10640.70,10648.80,10630.30,10637.60,0,
07_04_2026_11_00,10638.50,10643.80,10631.70,10643.50,0,
07_04_2026_11_05,10643.50,10657.00,10641.30,10647.40,0,
07_04_2026_11_10,10647.80,10648.80,10637.30,10644.90,0,
07_04_2026_11_15,10645.20,10657.00,10640.50,10652.20,0,
07_04_2026_11_20,10652.10,10656.10,10644.70,10649.10,0,
07_04_2026_11_25,10649.80,10651.90,10642.60,10649.20,0,
07_04_2026_11_30,10649.80,10654.80,10642.20,10648.90,0,
07_04_2026_11_35,10649.50,10654.00,10640.40,10645.70,0,
07_04_2026_11_40,10644.50,10644.90,10635.80,10639.10,0,
07_04_2026_11_45,10639.20,10645.70,10633.00,10638.30,0,
07_04_2026_11_50,10638.00,10639.80,10633.80,10638.10,0,
07_04_2026_11_55,10637.80,10654.30,10637.20,10648.20,0,
07_04_2026_12_00,10648.60,10650.00,10634.60,10639.80,0,
07_04_2026_12_05,10639.60,10646.50,10634.20,10646.30,0,
07_04_2026_12_10,10646.00,10653.00,10640.30,10652.20,0,
07_04_2026_12_15,10651.80,10653.40,10640.00,10641.00,0,
07_04_2026_12_20,10641.70,10642.00,10630.90,10633.80,0,
07_04_2026_12_25,10634.80,10642.00,10633.20,10639.00,0,
07_04_2026_12_30,10639.50,10653.00,10634.80,10640.80,0,
07_04_2026_12_35,10641.80,10648.30,10640.20,10648.20,0,
07_04_2026_12_40,10647.80,10663.50,10647.00,10659.90,0,
07_04_2026_12_45,10659.50,10661.20,10653.30,10658.90,0,
07_04_2026_12_50,10657.70,10658.70,10646.50,10655.20,0,
07_04_2026_12_55,10655.00,10661.00,10648.50,10651.40,0,
07_04_2026_13_00,10651.00,10655.70,10644.90,10655.00,0,
07_04_2026_13_05,10655.70,10656.30,10644.70,10645.50,0,
07_04_2026_13_10,10645.40,10660.80,10644.20,10657.00,0,
07_04_2026_13_15,10656.80,10665.00,10652.90,10663.50,0,
07_04_2026_13_20,10664.00,10667.20,10657.30,10664.80,0,
07_04_2026_13_25,10664.70,10665.20,10652.70,10657.50,0,
07_04_2026_13_30,10657.50,10691.90,10656.40,10680.00,0,
07_04_2026_13_35,10679.90,10694.80,10677.20,10693.90,0,
07_04_2026_13_40,10694.00,10703.80,10689.30,10699.00,0,
07_04_2026_13_45,10699.80,10707.10,10696.80,10701.10,0,
07_04_2026_13_50,10701.80,10722.50,10699.50,10708.20,0,
07_04_2026_13_55,10708.70,10717.00,10689.70,10697.50,0,
07_04_2026_14_00,10697.20,10709.80,10694.20,10706.80,0,
07_04_2026_14_05,10708.40,10712.30,10700.30,10705.50,0,
07_04_2026_14_10,10705.70,10710.80,10698.40,10707.20,0,
07_04_2026_14_15,10709.00,10721.80,10704.50,10704.80,0,
07_04_2026_14_20,10705.20,10706.50,10682.40,10690.80,0,
07_04_2026_14_25,10690.90,10701.70,10690.10,10699.00,0,
07_04_2026_14_30,10699.40,10706.80,10695.50,10696.20,0,
07_04_2026_14_35,10696.00,10696.00,10677.20,10685.10,0,
07_04_2026_14_40,10685.50,10701.10,10684.10,10697.70,0,
07_04_2026_14_45,10698.80,10709.00,10696.40,10705.50,0,
07_04_2026_14_50,10706.50,10720.30,10706.20,10718.20,0,
07_04_2026_14_55,10720.00,10733.60,10720.00,10725.60,0,
07_04_2026_15_00,10726.90,10759.70,10720.00,10748.80,0,
07_04_2026_15_05,10751.50,10760.20,10743.00,10756.50,0,
07_04_2026_15_10,10754.00,10755.80,10739.20,10746.30,0,
07_04_2026_15_15,10747.70,10755.80,10738.30,10740.40,0,
07_04_2026_15_20,10740.30,10749.00,10737.10,10747.80,0,
07_04_2026_15_25,10748.00,10767.00,10744.40,10753.00,0,
08_04_2026_09_15,11083.80,11107.80,10995.60,11005.30,0,
08_04_2026_09_20,11003.90,11030.30,10994.80,11000.00,0,
08_04_2026_09_25,11002.70,11039.80,10989.20,11017.80,0,
08_04_2026_09_30,11018.30,11030.20,11005.10,11007.80,0,
08_04_2026_09_35,11008.80,11031.30,11008.50,11023.60,0,
08_04_2026_09_40,11023.20,11029.20,10993.10,11001.60,0,
08_04_2026_09_45,11001.50,11021.80,11001.50,11018.70,0,
08_04_2026_09_50,11018.20,11030.00,10998.90,10999.80,0,
08_04_2026_09_55,10998.80,11008.20,10985.10,10989.20,0,
08_04_2026_10_00,10988.00,11010.50,10988.00,11009.20,0,
08_04_2026_10_05,11009.30,11028.00,11009.30,11025.70,0,
08_04_2026_10_10,11025.80,11029.20,11009.20,11012.70,0,
08_04_2026_10_15,11011.70,11018.30,11006.30,11017.30,0,
08_04_2026_10_20,11018.30,11025.70,11014.20,11015.20,0,
08_04_2026_10_25,11015.30,11021.30,11011.00,11014.80,0,
08_04_2026_10_30,11015.50,11040.70,11012.10,11038.10,0,
08_04_2026_10_35,11038.30,11048.50,11036.00,11046.20,0,
08_04_2026_10_40,11046.70,11061.20,11037.50,11061.10,0,
08_04_2026_10_45,11059.80,11060.90,11023.70,11039.40,0,
08_04_2026_10_50,11039.60,11069.80,11037.30,11068.90,0,
08_04_2026_10_55,11068.10,11068.20,11053.20,11055.00,0,
08_04_2026_11_00,11055.40,11065.50,11054.50,11060.10,0,
08_04_2026_11_05,11060.40,11068.20,11059.00,11064.60,0,
08_04_2026_11_10,11064.50,11079.50,11064.50,11072.20,0,
08_04_2026_11_15,11072.60,11094.80,11072.50,11089.70,0,
08_04_2026_11_20,11090.00,11106.20,11085.10,11099.30,0,
08_04_2026_11_25,11100.50,11105.50,11086.60,11102.80,0,
08_04_2026_11_30,11103.00,11106.50,11095.00,11096.00,0,
08_04_2026_11_35,11096.70,11118.30,11096.20,11114.10,0,
08_04_2026_11_40,11114.20,11123.50,11110.00,11113.80,0,
08_04_2026_11_45,11113.70,11134.80,11113.70,11125.90,0,
08_04_2026_11_50,11124.70,11127.70,11090.40,11101.20,0,
08_04_2026_11_55,11100.20,11115.00,11095.20,11111.80,0,
08_04_2026_12_00,11111.70,11125.70,11107.00,11120.20,0,
08_04_2026_12_05,11119.80,11130.70,11116.20,11125.00,0,
08_04_2026_12_10,11124.30,11133.50,11123.30,11131.90,0,
08_04_2026_12_15,11131.80,11132.20,11098.80,11100.40,0,
08_04_2026_12_20,11099.80,11112.80,11099.80,11108.00,0,
08_04_2026_12_25,11107.30,11111.70,11096.50,11096.80,0,
08_04_2026_12_30,11096.80,11099.70,11080.80,11090.90,0,
08_04_2026_12_35,11091.30,11100.00,11086.00,11098.40,0,
08_04_2026_12_40,11096.80,11104.50,11094.80,11102.00,0,
08_04_2026_12_45,11101.70,11103.30,11095.80,11102.30,0,
08_04_2026_12_50,11101.20,11104.20,11089.10,11089.30,0,
08_04_2026_12_55,11089.00,11101.40,11087.20,11101.20,0,
08_04_2026_13_00,11101.80,11105.50,11092.70,11104.20,0,
08_04_2026_13_05,11104.60,11115.00,11098.80,11109.00,0,
08_04_2026_13_10,11108.50,11127.00,11106.80,11126.60,0,
08_04_2026_13_15,11126.20,11146.70,11124.60,11131.50,0,
08_04_2026_13_20,11131.50,11138.30,11127.10,11136.00,0,
08_04_2026_13_25,11135.50,11145.00,11135.50,11143.50,0,
08_04_2026_13_30,11143.70,11143.70,11132.00,11139.30,0,
08_04_2026_13_35,11139.30,11149.50,11139.20,11141.90,0,
08_04_2026_13_40,11141.50,11143.70,11125.50,11126.50,0,
08_04_2026_13_45,11125.70,11138.00,11124.20,11129.00,0,
08_04_2026_13_50,11128.40,11134.80,11118.00,11120.80,0,
08_04_2026_13_55,11120.50,11138.60,11120.50,11136.00,0,
08_04_2026_14_00,11135.80,11137.30,11116.80,11118.60,0,
08_04_2026_14_05,11118.80,11122.50,11106.50,11113.80,0,
08_04_2026_14_10,11113.50,11119.60,11105.20,11107.50,0,
08_04_2026_14_15,11107.60,11110.80,11100.00,11108.30,0,
08_04_2026_14_20,11108.20,11124.40,11108.00,11123.40,0,
08_04_2026_14_25,11123.50,11125.60,11116.50,11123.60,0,
08_04_2026_14_30,11124.00,11131.30,11117.40,11120.50,0,
08_04_2026_14_35,11122.00,11128.90,11116.50,11117.40,0,
08_04_2026_14_40,11117.20,11131.40,11116.50,11128.20,0,
08_04_2026_14_45,11128.20,11144.00,11124.70,11128.70,0,
08_04_2026_14_50,11129.80,11134.30,11125.70,11132.90,0,
08_04_2026_14_55,11132.50,11135.80,11125.20,11130.30,0,
08_04_2026_15_00,11130.60,11131.50,11111.80,11127.00,0,
08_04_2026_15_05,11127.70,11142.50,11127.30,11138.20,0,
08_04_2026_15_10,11138.80,11140.80,11130.50,11135.30,0,
08_04_2026_15_15,11135.20,11142.20,11133.70,11134.80,0,
08_04_2026_15_20,11134.00,11142.00,11129.50,11141.20,0,
08_04_2026_15_25,11141.50,11153.20,11140.20,11149.50,0,
09_04_2026_09_15,11105.40,11119.70,11024.00,11099.50,0,
09_04_2026_09_20,11098.50,11114.20,11081.20,11112.50,0,
09_04_2026_09_25,11113.00,11145.50,11105.30,11144.80,0,
09_04_2026_09_30,11144.50,11147.00,11099.50,11105.30,0,
09_04_2026_09_35,11104.80,11117.70,11088.20,11090.90,0,
09_04_2026_09_40,11091.70,11094.80,11078.50,11081.30,0,
09_04_2026_09_45,11080.00,11088.20,11058.40,11059.40,0,
09_04_2026_09_50,11058.40,11067.00,11051.20,11060.20,0,
09_04_2026_09_55,11060.50,11065.20,11047.80,11058.60,0,
09_04_2026_10_00,11058.50,11081.50,11042.20,11075.10,0,
09_04_2026_10_05,11074.30,11086.60,11071.90,11083.60,0,
09_04_2026_10_10,11083.00,11094.80,11074.30,11074.30,0,
09_04_2026_10_15,11073.20,11083.70,11061.90,11077.80,0,
09_04_2026_10_20,11077.60,11080.50,11066.20,11080.00,0,
09_04_2026_10_25,11078.50,11085.50,11055.50,11085.50,0,
09_04_2026_10_30,11085.00,11100.00,11085.00,11098.70,0,
09_04_2026_10_35,11098.50,11106.10,11088.80,11096.30,0,
09_04_2026_10_40,11097.50,11101.20,11083.30,11085.20,0,
09_04_2026_10_45,11083.90,11090.20,11078.20,11081.50,0,
09_04_2026_10_50,11081.30,11084.10,11075.00,11083.30,0,
09_04_2026_10_55,11083.30,11091.90,11064.50,11069.00,0,
09_04_2026_11_00,11068.80,11087.10,11068.70,11082.70,0,
09_04_2026_11_05,11082.80,11082.80,11068.90,11080.20,0,
09_04_2026_11_10,11080.20,11083.60,11073.30,11078.30,0,
09_04_2026_11_15,11078.30,11081.20,11066.50,11069.00,0,
09_04_2026_11_20,11068.80,11075.50,11063.50,11069.90,0,
09_04_2026_11_25,11069.50,11086.00,11069.50,11083.10,0,
09_04_2026_11_30,11081.60,11089.20,11079.80,11083.20,0,
09_04_2026_11_35,11083.00,11087.20,11077.00,11085.40,0,
09_04_2026_11_40,11084.90,11092.30,11082.80,11086.70,0,
09_04_2026_11_45,11088.40,11093.80,11078.00,11093.80,0,
09_04_2026_11_50,11093.20,11102.50,11087.90,11097.30,0,
09_04_2026_11_55,11098.30,11107.60,11098.00,11105.00,0,
09_04_2026_12_00,11105.30,11111.60,11100.50,11102.00,0,
09_04_2026_12_05,11101.70,11133.40,11100.20,11131.00,0,
09_04_2026_12_10,11130.50,11131.00,11121.40,11123.80,0,
09_04_2026_12_15,11123.40,11129.00,11121.80,11124.20,0,
09_04_2026_12_20,11123.70,11130.10,11120.10,11121.80,0,
09_04_2026_12_25,11121.50,11129.20,11116.10,11124.00,0,
09_04_2026_12_30,11123.90,11128.40,11123.60,11124.20,0,
09_04_2026_12_35,11123.90,11126.00,11118.50,11125.90,0,
09_04_2026_12_40,11125.70,11128.00,11121.50,11126.80,0,
09_04_2026_12_45,11126.90,11131.00,11101.10,11103.00,0,
09_04_2026_12_50,11102.80,11119.50,11102.20,11116.80,0,
09_04_2026_12_55,11117.00,11122.60,11112.50,11118.20,0,
09_04_2026_13_00,11117.40,11123.30,11115.30,11120.50,0,
09_04_2026_13_05,11121.00,11121.40,11114.20,11117.30,0,
09_04_2026_13_10,11116.50,11122.70,11103.00,11117.80,0,
09_04_2026_13_15,11117.30,11118.00,11108.20,11110.00,0,
09_04_2026_13_20,11109.00,11109.70,11086.50,11100.80,0,
09_04_2026_13_25,11100.00,11104.20,11092.70,11094.00,0,
09_04_2026_13_30,11094.20,11104.30,11090.00,11102.90,0,
09_04_2026_13_35,11102.60,11107.80,11096.90,11100.80,0,
09_04_2026_13_40,11100.50,11102.70,11088.40,11090.10,0,
09_04_2026_13_45,11090.30,11098.90,11085.10,11091.00,0,
09_04_2026_13_50,11089.80,11097.90,11089.10,11089.80,0,
09_04_2026_13_55,11089.30,11094.00,11087.80,11090.00,0,
09_04_2026_14_00,11089.80,11104.80,11087.20,11101.10,0,
09_04_2026_14_05,11100.50,11113.00,11097.30,11106.70,0,
09_04_2026_14_10,11106.00,11107.70,11096.20,11098.20,0,
09_04_2026_14_15,11097.60,11098.00,11088.70,11090.80,0,
09_04_2026_14_20,11090.20,11094.60,11081.20,11085.60,0,
09_04_2026_14_25,11085.10,11087.20,11079.10,11080.00,0,
09_04_2026_14_30,11080.30,11096.00,11074.80,11086.50,0,
09_04_2026_14_35,11086.80,11090.80,11080.80,11087.00,0,
09_04_2026_14_40,11087.10,11097.30,11084.00,11091.20,0,
09_04_2026_14_45,11090.30,11100.40,11086.80,11089.00,0,
09_04_2026_14_50,11089.70,11092.80,11084.50,11091.00,0,
09_04_2026_14_55,11090.60,11094.20,11087.30,11090.20,0,
09_04_2026_15_00,11089.20,11114.90,11082.20,11083.00,0,
09_04_2026_15_05,11083.70,11102.90,11080.30,11093.00,0,
09_04_2026_15_10,11092.80,11095.30,11087.00,11092.80,0,
09_04_2026_15_15,11091.70,11096.20,11085.70,11086.50,0,
09_04_2026_15_20,11088.20,11093.10,11080.50,11091.60,0,
09_04_2026_15_25,11090.80,11098.50,11088.40,11088.80,0,
10_04_2026_09_15,11136.50,11237.00,11129.60,11226.80,0,
10_04_2026_09_20,11226.80,11228.20,11192.50,11194.80,0,
10_04_2026_09_25,11194.40,11203.50,11169.80,11172.20,0,
10_04_2026_09_30,11172.70,11182.10,11165.20,11170.50,0,
10_04_2026_09_35,11169.60,11190.10,11161.40,11186.50,0,
10_04_2026_09_40,11187.80,11187.80,11174.20,11174.40,0,
10_04_2026_09_45,11174.40,11209.20,11172.90,11203.20,0,
10_04_2026_09_50,11202.10,11213.00,11199.50,11209.30,0,
10_04_2026_09_55,11210.00,11213.10,11190.60,11192.30,0,
10_04_2026_10_00,11193.00,11193.50,11167.70,11168.80,0,
10_04_2026_10_05,11168.30,11168.30,11139.20,11156.90,0,
10_04_2026_10_10,11157.20,11177.20,11156.00,11177.10,0,
10_04_2026_10_15,11177.60,11182.00,11169.00,11173.70,0,
10_04_2026_10_20,11173.70,11177.20,11166.50,11168.20,0,
10_04_2026_10_25,11168.00,11178.80,11157.50,11160.00,0,
10_04_2026_10_30,11159.10,11166.80,11150.20,11161.80,0,
10_04_2026_10_35,11161.70,11165.00,11157.40,11162.10,0,
10_04_2026_10_40,11162.10,11167.60,11161.00,11163.70,0,
10_04_2026_10_45,11163.70,11168.70,11158.40,11167.30,0,
10_04_2026_10_50,11167.00,11173.00,11163.20,11171.60,0,
10_04_2026_10_55,11171.80,11173.50,11158.50,11161.40,0,
10_04_2026_11_00,11162.50,11164.30,11154.50,11159.30,0,
10_04_2026_11_05,11158.20,11166.00,11156.50,11165.80,0,
10_04_2026_11_10,11165.50,11176.90,11160.80,11169.50,0,
10_04_2026_11_15,11169.60,11181.30,11169.00,11176.00,0,
10_04_2026_11_20,11175.20,11178.20,11171.00,11171.20,0,
10_04_2026_11_25,11171.20,11181.50,11167.70,11170.60,0,
10_04_2026_11_30,11170.60,11193.20,11169.30,11191.80,0,
10_04_2026_11_35,11191.70,11194.50,11185.00,11187.60,0,
10_04_2026_11_40,11188.20,11190.50,11180.50,11188.00,0,
10_04_2026_11_45,11188.90,11190.80,11172.20,11180.50,0,
10_04_2026_11_50,11180.50,11190.50,11180.50,11186.30,0,
10_04_2026_11_55,11186.70,11194.90,11186.60,11193.80,0,
10_04_2026_12_00,11193.90,11206.70,11191.30,11205.50,0,
10_04_2026_12_05,11205.70,11208.30,11201.50,11208.10,0,
10_04_2026_12_10,11208.20,11212.30,11203.40,11208.50,0,
10_04_2026_12_15,11208.80,11209.80,11203.00,11207.30,0,
10_04_2026_12_20,11207.80,11212.20,11201.00,11211.70,0,
10_04_2026_12_25,11212.00,11215.00,11203.50,11210.10,0,
10_04_2026_12_30,11209.90,11214.70,11207.20,11207.20,0,
10_04_2026_12_35,11208.20,11219.00,11207.60,11213.80,0,
10_04_2026_12_40,11213.80,11215.30,11205.80,11205.80,0,
10_04_2026_12_45,11207.20,11214.30,11200.00,11211.50,0,
10_04_2026_12_50,11212.20,11212.40,11199.80,11203.30,0,
10_04_2026_12_55,11203.30,11206.80,11201.20,11202.50,0,
10_04_2026_13_00,11202.50,11208.00,11200.50,11204.20,0,
10_04_2026_13_05,11203.20,11212.40,11201.60,11211.50,0,
10_04_2026_13_10,11211.20,11212.70,11194.10,11195.70,0,
10_04_2026_13_15,11195.00,11196.00,11186.20,11186.40,0,
10_04_2026_13_20,11186.40,11189.20,11178.80,11180.90,0,
10_04_2026_13_25,11180.70,11186.40,11176.00,11177.90,0,
10_04_2026_13_30,11178.00,11180.20,11171.70,11172.20,0,
10_04_2026_13_35,11172.80,11181.80,11170.00,11181.70,0,
10_04_2026_13_40,11181.80,11190.80,11179.00,11184.50,0,
10_04_2026_13_45,11184.80,11187.70,11179.70,11180.40,0,
10_04_2026_13_50,11180.30,11182.60,11171.50,11182.10,0,
10_04_2026_13_55,11182.20,11192.20,11180.80,11187.30,0,
10_04_2026_14_00,11187.30,11190.30,11182.00,11183.30,0,
10_04_2026_14_05,11183.90,11186.70,11181.20,11185.50,0,
10_04_2026_14_10,11185.80,11188.80,11163.30,11171.40,0,
10_04_2026_14_15,11172.00,11173.20,11128.20,11164.70,0,
10_04_2026_14_20,11163.70,11171.00,11150.60,11151.30,0,
10_04_2026_14_25,11151.40,11153.50,11140.10,11149.80,0,
10_04_2026_14_30,11150.20,11165.00,11148.30,11151.00,0,
10_04_2026_14_35,11152.30,11161.10,11148.60,11155.80,0,
10_04_2026_14_40,11155.50,11170.20,11154.80,11170.00,0,
10_04_2026_14_45,11169.60,11181.00,11156.80,11176.40,0,
10_04_2026_14_50,11176.30,11177.80,11169.50,11171.90,0,
10_04_2026_14_55,11172.10,11182.80,11171.20,11175.40,0,
10_04_2026_15_00,11176.50,11186.70,11176.10,11184.60,0,
10_04_2026_15_05,11185.70,11201.30,11184.30,11200.00,0,
10_04_2026_15_10,11200.60,11204.20,11191.80,11191.80,0,
10_04_2026_15_15,11193.00,11201.80,11190.70,11196.90,0,
10_04_2026_15_20,11198.50,11203.20,11191.80,11192.50,0,
10_04_2026_15_25,11193.80,11203.30,11189.10,11199.20,0,
13_04_2026_09_15,10977.50,11012.30,10931.50,10984.40,0,
13_04_2026_09_20,10983.70,10985.20,10927.80,10935.80,0,
13_04_2026_09_25,10934.70,10945.00,10927.20,10939.10,0,
13_04_2026_09_30,10940.50,10943.90,10918.90,10926.20,0,
13_04_2026_09_35,10925.20,10925.20,10897.30,10900.60,0,
13_04_2026_09_40,10900.00,10928.00,10893.50,10922.80,0,
13_04_2026_09_45,10922.70,10926.80,10913.50,10924.30,0,
13_04_2026_09_50,10925.40,10937.20,10920.10,10929.00,0,
13_04_2026_09_55,10928.80,10956.00,10927.80,10956.00,0,
13_04_2026_10_00,10956.00,10969.00,10945.20,10963.70,0,
13_04_2026_10_05,10963.20,10991.00,10963.20,10988.80,0,
13_04_2026_10_10,10989.20,11004.80,10984.70,10988.20,0,
13_04_2026_10_15,10987.80,11006.00,10983.50,11006.00,0,
13_04_2026_10_20,11005.30,11030.20,11004.60,11024.30,0,
13_04_2026_10_25,11024.60,11044.20,11021.30,11043.50,0,
13_04_2026_10_30,11044.40,11050.30,11035.50,11040.80,0,
13_04_2026_10_35,11040.20,11045.30,11007.10,11020.80,0,
13_04_2026_10_40,11020.70,11028.20,10995.50,11010.40,0,
13_04_2026_10_45,11010.40,11024.00,11009.80,11021.30,0,
13_04_2026_10_50,11021.30,11028.20,11018.50,11028.20,0,
13_04_2026_10_55,11028.50,11038.50,11021.40,11026.90,0,
13_04_2026_11_00,11026.30,11029.20,11019.80,11022.80,0,
13_04_2026_11_05,11022.70,11031.80,11021.50,11031.30,0,
13_04_2026_11_10,11031.10,11034.60,11023.20,11028.70,0,
13_04_2026_11_15,11027.90,11032.80,11027.90,11032.00,0,
13_04_2026_11_20,11032.00,11036.70,11025.80,11033.00,0,
13_04_2026_11_25,11032.90,11040.80,11031.20,11033.70,0,
13_04_2026_11_30,11033.80,11036.80,11026.50,11029.30,0,
13_04_2026_11_35,11029.30,11036.50,11028.20,11030.40,0,
13_04_2026_11_40,11030.50,11031.30,11020.50,11023.00,0,
13_04_2026_11_45,11023.40,11028.30,11021.20,11028.30,0,
13_04_2026_11_50,11027.80,11032.80,11026.10,11026.70,0,
13_04_2026_11_55,11027.20,11032.40,11020.80,11024.00,0,
13_04_2026_12_00,11023.70,11026.80,11013.70,11018.80,0,
13_04_2026_12_05,11019.40,11028.70,11018.00,11025.50,0,
13_04_2026_12_10,11025.60,11026.00,11015.20,11018.20,0,
13_04_2026_12_15,11018.50,11023.60,11014.80,11020.80,0,
13_04_2026_12_20,11019.90,11022.50,11009.30,11013.50,0,
13_04_2026_12_25,11013.50,11020.60,11012.20,11018.20,0,
13_04_2026_12_30,11018.50,11021.00,11013.00,11014.20,0,
13_04_2026_12_35,11013.70,11019.80,11008.20,11014.30,0,
13_04_2026_12_40,11013.70,11019.80,11010.20,11014.30,0,
13_04_2026_12_45,11013.10,11016.20,11000.30,11005.70,0,
13_04_2026_12_50,11004.00,11014.20,11000.30,11003.50,0,
13_04_2026_12_55,11002.50,11013.00,10984.20,11004.80,0,
13_04_2026_13_00,11005.20,11007.40,10987.50,10992.80,0,
13_04_2026_13_05,10992.70,11003.20,10992.00,11000.70,0,
13_04_2026_13_10,11000.80,11005.50,10997.10,11000.50,0,
13_04_2026_13_15,11000.50,11005.90,10997.20,11005.90,0,
13_04_2026_13_20,11006.50,11006.70,11000.90,11002.60,0,
13_04_2026_13_25,11002.20,11004.10,10998.30,11002.00,0,
13_04_2026_13_30,11001.60,11017.20,11000.20,11017.20,0,
13_04_2026_13_35,11016.60,11022.50,11015.00,11020.80,0,
13_04_2026_13_40,11019.50,11021.00,11012.50,11017.20,0,
13_04_2026_13_45,11017.40,11017.40,11003.80,11005.60,0,
13_04_2026_13_50,11003.90,11019.50,11002.80,11018.80,0,
13_04_2026_13_55,11019.10,11028.70,11017.50,11023.30,0,
13_04_2026_14_00,11023.00,11038.10,11021.00,11035.80,0,
13_04_2026_14_05,11035.70,11035.80,11020.10,11020.10,0,
13_04_2026_14_10,11018.70,11020.30,11008.10,11019.30,0,
13_04_2026_14_15,11019.90,11023.00,11013.70,11017.80,0,
13_04_2026_14_20,11017.60,11022.10,11014.10,11021.10,0,
13_04_2026_14_25,11021.50,11027.80,11020.20,11024.10,0,
13_04_2026_14_30,11024.00,11035.30,11022.90,11030.90,0,
13_04_2026_14_35,11031.00,11038.70,11030.10,11031.70,0,
13_04_2026_14_40,11031.50,11042.00,11030.70,11036.50,0,
13_04_2026_14_45,11036.70,11039.30,11030.50,11037.80,0,
13_04_2026_14_50,11038.70,11042.80,11034.70,11039.80,0,
13_04_2026_14_55,11037.40,11045.90,11037.40,11043.50,0,
13_04_2026_15_00,11042.70,11051.20,11011.50,11030.40,0,
13_04_2026_15_05,11030.50,11042.90,11028.40,11038.40,0,
13_04_2026_15_10,11037.70,11045.20,11031.00,11037.80,0,
13_04_2026_15_15,11038.20,11039.50,11021.80,11022.90,0,
13_04_2026_15_20,11023.10,11042.50,11019.30,11034.20,0,
13_04_2026_15_25,11033.90,11045.20,11030.80,11036.70,0,
15_04_2026_09_15,11192.40,11232.80,11155.20,11219.70,0,
15_04_2026_09_20,11219.10,11223.70,11197.00,11203.30,0,
15_04_2026_09_25,11203.00,11211.30,11196.70,11200.30,0,
15_04_2026_09_30,11199.70,11203.50,11187.90,11202.00,0,
15_04_2026_09_35,11201.10,11220.20,11200.00,11212.70,0,
15_04_2026_09_40,11212.80,11227.70,11212.30,11222.50,0,
15_04_2026_09_45,11222.00,11225.10,11213.90,11217.80,0,
15_04_2026_09_50,11218.20,11223.40,11210.20,11213.70,0,
15_04_2026_09_55,11213.90,11225.20,11213.80,11220.00,0,
15_04_2026_10_00,11220.30,11243.20,11217.80,11240.50,0,
15_04_2026_10_05,11239.70,11253.20,11233.70,11234.50,0,
15_04_2026_10_10,11233.30,11243.70,11228.30,11230.80,0,
15_04_2026_10_15,11231.30,11240.00,11230.80,11238.80,0,
15_04_2026_10_20,11238.90,11241.70,11233.40,11236.60,0,
15_04_2026_10_25,11236.30,11241.30,11232.10,11235.30,0,
15_04_2026_10_30,11234.00,11239.50,11228.80,11229.50,0,
15_04_2026_10_35,11228.40,11232.10,11225.50,11229.80,0,
15_04_2026_10_40,11229.90,11238.50,11226.90,11227.90,0,
15_04_2026_10_45,11227.80,11245.40,11226.80,11243.80,0,
15_04_2026_10_50,11243.70,11244.20,11222.20,11230.10,0,
15_04_2026_10_55,11230.50,11233.30,11225.70,11226.90,0,
15_04_2026_11_00,11226.70,11239.70,11220.20,11238.20,0,
15_04_2026_11_05,11237.30,11247.70,11234.20,11235.80,0,
15_04_2026_11_10,11235.80,11238.70,11231.80,11237.60,0,
15_04_2026_11_15,11237.10,11247.20,11235.00,11237.20,0,
15_04_2026_11_20,11237.50,11250.30,11237.10,11249.90,0,
15_04_2026_11_25,11249.20,11250.70,11237.90,11244.00,0,
15_04_2026_11_30,11243.80,11248.60,11243.40,11247.50,0,
15_04_2026_11_35,11248.70,11254.20,11247.80,11253.80,0,
15_04_2026_11_40,11254.00,11262.20,11253.50,11260.80,0,
15_04_2026_11_45,11259.90,11270.00,11255.60,11267.80,0,
15_04_2026_11_50,11266.80,11268.90,11264.70,11267.50,0,
15_04_2026_11_55,11267.40,11272.60,11264.80,11268.70,0,
15_04_2026_12_00,11269.00,11276.00,11268.30,11273.70,0,
15_04_2026_12_05,11273.70,11274.00,11260.80,11264.30,0,
15_04_2026_12_10,11264.20,11267.20,11254.00,11254.70,0,
15_04_2026_12_15,11255.70,11259.50,11251.00,11253.20,0,
15_04_2026_12_20,11252.40,11257.00,11251.00,11254.80,0,
15_04_2026_12_25,11254.90,11266.00,11252.70,11264.00,0,
15_04_2026_12_30,11263.00,11265.80,11257.30,11263.50,0,
15_04_2026_12_35,11262.80,11269.60,11259.50,11269.20,0,
15_04_2026_12_40,11268.90,11271.20,11260.50,11264.20,0,
15_04_2026_12_45,11264.20,11271.10,11262.20,11265.60,0,
15_04_2026_12_50,11265.50,11273.20,11259.30,11262.50,0,
15_04_2026_12_55,11261.50,11264.80,11256.50,11258.00,0,
15_04_2026_13_00,11257.10,11266.40,11257.10,11263.00,0,
15_04_2026_13_05,11262.80,11266.00,11260.70,11262.80,0,
15_04_2026_13_10,11262.80,11267.50,11261.40,11263.70,0,
15_04_2026_13_15,11263.80,11270.80,11263.00,11270.80,0,
15_04_2026_13_20,11269.80,11276.00,11252.00,11257.80,0,
15_04_2026_13_25,11256.70,11261.40,11256.60,11257.60,0,
15_04_2026_13_30,11258.00,11264.80,11253.50,11258.00,0,
15_04_2026_13_35,11258.00,11262.20,11251.00,11254.90,0,
15_04_2026_13_40,11255.30,11264.20,11252.80,11261.80,0,
15_04_2026_13_45,11261.50,11263.80,11255.50,11258.00,0,
15_04_2026_13_50,11258.00,11261.80,11251.00,11255.40,0,
15_04_2026_13_55,11256.00,11266.50,11253.30,11261.00,0,
15_04_2026_14_00,11261.80,11264.30,11255.60,11259.20,0,
15_04_2026_14_05,11258.80,11261.20,11250.20,11253.20,0,
15_04_2026_14_10,11253.30,11254.90,11242.40,11244.20,0,
15_04_2026_14_15,11244.00,11246.20,11238.50,11245.00,0,
15_04_2026_14_20,11244.50,11249.20,11236.50,11237.50,0,
15_04_2026_14_25,11237.50,11245.80,11237.30,11242.20,0,
15_04_2026_14_30,11242.30,11250.00,11242.00,11249.10,0,
15_04_2026_14_35,11249.50,11255.60,11247.20,11254.20,0,
15_04_2026_14_40,11254.70,11263.80,11254.20,11258.10,0,
15_04_2026_14_45,11258.10,11266.80,11257.80,11266.70,0,
15_04_2026_14_50,11266.00,11271.80,11260.20,11266.00,0,
15_04_2026_14_55,11266.40,11283.10,11258.40,11280.00,0,
15_04_2026_15_00,11281.80,11284.30,11267.20,11280.50,0,
15_04_2026_15_05,11281.70,11288.40,11275.70,11281.80,0,
15_04_2026_15_10,11282.50,11283.20,11268.10,11272.20,0,
15_04_2026_15_15,11272.70,11273.20,11264.00,11264.90,0,
15_04_2026_15_20,11266.30,11276.30,11265.20,11275.60,0,
15_04_2026_15_25,11275.50,11277.70,11265.80,11272.70,0,
16_04_2026_09_15,11337.80,11342.80,11279.80,11301.00,0,
16_04_2026_09_20,11300.50,11303.70,11279.50,11287.90,0,
16_04_2026_09_25,11287.50,11294.50,11284.00,11290.00,0,
16_04_2026_09_30,11291.40,11293.00,11277.70,11283.50,0,
16_04_2026_09_35,11283.70,11288.20,11264.80,11271.30,0,
16_04_2026_09_40,11271.00,11277.00,11259.70,11260.00,0,
16_04_2026_09_45,11260.00,11274.10,11257.20,11267.80,0,
16_04_2026_09_50,11268.20,11282.70,11262.00,11267.80,0,
16_04_2026_09_55,11267.30,11267.30,11234.90,11236.10,0,
16_04_2026_10_00,11237.20,11260.40,11232.20,11260.40,0,
16_04_2026_10_05,11259.50,11261.10,11247.70,11256.20,0,
16_04_2026_10_10,11256.80,11264.50,11252.10,11254.80,0,
16_04_2026_10_15,11255.50,11263.80,11250.50,11255.60,0,
16_04_2026_10_20,11255.30,11267.60,11253.50,11263.70,0,
16_04_2026_10_25,11263.10,11272.40,11260.00,11268.80,0,
16_04_2026_10_30,11270.00,11277.20,11268.90,11274.60,0,
16_04_2026_10_35,11274.30,11283.00,11251.60,11254.50,0,
16_04_2026_10_40,11254.70,11265.60,11253.80,11259.20,0,
16_04_2026_10_45,11259.20,11264.10,11254.20,11255.80,0,
16_04_2026_10_50,11255.50,11259.50,11246.80,11255.10,0,
16_04_2026_10_55,11255.30,11264.70,11252.70,11262.10,0,
16_04_2026_11_00,11262.70,11271.20,11260.30,11266.70,0,
16_04_2026_11_05,11266.00,11267.80,11257.40,11263.20,0,
16_04_2026_11_10,11262.70,11262.70,11251.10,11251.90,0,
16_04_2026_11_15,11252.00,11261.80,11250.50,11261.20,0,
16_04_2026_11_20,11261.00,11268.00,11247.10,11248.70,0,
16_04_2026_11_25,11248.70,11265.60,11248.30,11260.00,0,
16_04_2026_11_30,11260.30,11267.20,11257.30,11264.00,0,
16_04_2026_11_35,11264.00,11265.70,11255.80,11262.00,0,
16_04_2026_11_40,11262.80,11262.80,11247.50,11248.30,0,
16_04_2026_11_45,11248.40,11253.00,11238.20,11250.00,0,
16_04_2026_11_50,11250.00,11251.00,11243.10,11249.10,0,
16_04_2026_11_55,11250.00,11250.40,11230.70,11231.50,0,
16_04_2026_12_00,11232.70,11233.40,11224.50,11225.20,0,
16_04_2026_12_05,11225.00,11237.00,11221.50,11233.60,0,
16_04_2026_12_10,11233.30,11243.20,11230.30,11233.00,0,
16_04_2026_12_15,11233.20,11236.90,11226.20,11236.00,0,
16_04_2026_12_20,11235.90,11238.90,11226.10,11227.50,0,
16_04_2026_12_25,11229.90,11230.80,11225.30,11227.10,0,
16_04_2026_12_30,11227.20,11229.20,11210.00,11211.00,0,
16_04_2026_12_35,11211.20,11221.80,11209.00,11220.60,0,
16_04_2026_12_40,11220.80,11226.30,11214.30,11215.10,0,
16_04_2026_12_45,11215.00,11222.30,11210.80,11216.20,0,
16_04_2026_12_50,11216.30,11235.20,11214.80,11222.00,0,
16_04_2026_12_55,11223.20,11223.20,11213.30,11222.00,0,
16_04_2026_13_00,11221.80,11226.20,11217.10,11224.30,0,
16_04_2026_13_05,11224.70,11228.10,11208.90,11211.00,0,
16_04_2026_13_10,11212.30,11214.70,11204.80,11213.20,0,
16_04_2026_13_15,11213.50,11219.00,11207.30,11216.20,0,
16_04_2026_13_20,11217.80,11218.70,11202.30,11204.50,0,
16_04_2026_13_25,11204.20,11210.80,11202.30,11209.00,0,
16_04_2026_13_30,11209.00,11215.50,11206.40,11212.60,0,
16_04_2026_13_35,11212.40,11213.20,11203.50,11207.00,0,
16_04_2026_13_40,11206.50,11218.70,11205.30,11215.90,0,
16_04_2026_13_45,11215.60,11221.40,11215.60,11219.50,0,
16_04_2026_13_50,11219.80,11229.50,11211.70,11222.80,0,
16_04_2026_13_55,11221.90,11227.20,11216.90,11223.20,0,
16_04_2026_14_00,11223.50,11224.10,11206.00,11207.30,0,
16_04_2026_14_05,11206.90,11220.10,11205.80,11214.10,0,
16_04_2026_14_10,11214.20,11219.80,11209.80,11216.80,0,
16_04_2026_14_15,11217.00,11220.50,11215.00,11219.10,0,
16_04_2026_14_20,11219.40,11221.20,11208.60,11214.50,0,
16_04_2026_14_25,11214.70,11223.50,11213.50,11221.80,0,
16_04_2026_14_30,11222.70,11233.00,11222.70,11232.50,0,
16_04_2026_14_35,11232.80,11238.90,11230.60,11237.40,0,
16_04_2026_14_40,11238.30,11246.00,11234.00,11244.70,0,
16_04_2026_14_45,11245.10,11250.70,11244.20,11248.30,0,
16_04_2026_14_50,11248.20,11257.40,11247.20,11254.10,0,
16_04_2026_14_55,11254.20,11260.60,11251.90,11260.30,0,
16_04_2026_15_00,11260.00,11261.80,11238.60,11252.30,0,
16_04_2026_15_05,11251.80,11253.20,11238.00,11238.80,0,
16_04_2026_15_10,11238.50,11262.50,11238.50,11251.70,0,
16_04_2026_15_15,11252.20,11259.80,11247.40,11253.20,0,
16_04_2026_15_20,11253.40,11269.80,11253.40,11269.00,0,
16_04_2026_15_25,11269.40,11272.00,11260.00,11267.20,0,
17_04_2026_09_15,11270.80,11360.60,11244.70,11339.90,0,
17_04_2026_09_20,11338.90,11350.40,11309.20,11310.50,0,
17_04_2026_09_25,11310.80,11316.80,11302.00,11316.80,0,
17_04_2026_09_30,11316.20,11318.20,11307.50,11316.20,0,
17_04_2026_09_35,11316.70,11333.50,11306.00,11329.30,0,
17_04_2026_09_40,11328.40,11331.00,11286.10,11288.20,0,
17_04_2026_09_45,11289.10,11296.50,11285.00,11294.00,0,
17_04_2026_09_50,11294.30,11306.70,11290.00,11306.20,0,
17_04_2026_09_55,11305.60,11321.10,11305.20,11317.20,0,
17_04_2026_10_00,11316.50,11320.40,11302.50,11319.50,0,
17_04_2026_10_05,11319.50,11335.20,11319.10,11332.70,0,
17_04_2026_10_10,11333.20,11333.50,11324.70,11329.80,0,
17_04_2026_10_15,11329.60,11338.30,11327.30,11335.50,0,
17_04_2026_10_20,11335.90,11340.20,11335.50,11336.50,0,
17_04_2026_10_25,11336.50,11340.60,11333.80,11333.80,0,
17_04_2026_10_30,11335.20,11337.00,11322.50,11324.20,0,
17_04_2026_10_35,11324.50,11332.70,11321.70,11325.00,0,
17_04_2026_10_40,11325.00,11330.80,11323.10,11328.40,0,
17_04_2026_10_45,11327.70,11329.70,11323.60,11325.80,0,
17_04_2026_10_50,11325.80,11331.00,11323.90,11328.30,0,
17_04_2026_10_55,11329.00,11333.60,11326.70,11330.00,0,
17_04_2026_11_00,11330.50,11338.20,11324.30,11329.20,0,
17_04_2026_11_05,11329.20,11349.10,11328.50,11349.10,0,
17_04_2026_11_10,11349.50,11373.00,11347.80,11360.40,0,
17_04_2026_11_15,11360.30,11365.30,11359.00,11362.90,0,
17_04_2026_11_20,11363.80,11373.20,11362.70,11369.30,0,
17_04_2026_11_25,11369.40,11374.70,11364.80,11368.20,0,
17_04_2026_11_30,11368.70,11378.20,11365.20,11377.30,0,
17_04_2026_11_35,11377.30,11383.00,11375.60,11380.80,0,
17_04_2026_11_40,11379.90,11383.50,11374.80,11377.30,0,
17_04_2026_11_45,11376.30,11377.50,11364.30,11370.00,0,
17_04_2026_11_50,11370.30,11390.10,11368.30,11390.10,0,
17_04_2026_11_55,11390.10,11390.20,11366.90,11369.00,0,
17_04_2026_12_00,11367.70,11369.30,11357.00,11364.50,0,
17_04_2026_12_05,11364.50,11384.60,11363.50,11378.20,0,
17_04_2026_12_10,11378.30,11384.50,11372.50,11384.00,0,
17_04_2026_12_15,11383.80,11390.50,11381.50,11383.20,0,
17_04_2026_12_20,11384.20,11387.20,11380.80,11385.40,0,
17_04_2026_12_25,11385.40,11390.10,11381.40,11386.20,0,
17_04_2026_12_30,11386.30,11393.00,11381.50,11390.00,0,
17_04_2026_12_35,11388.80,11391.40,11384.50,11386.50,0,
17_04_2026_12_40,11386.50,11389.20,11383.00,11385.80,0,
17_04_2026_12_45,11385.60,11388.80,11382.80,11385.10,0,
17_04_2026_12_50,11385.10,11386.30,11378.00,11380.80,0,
17_04_2026_12_55,11380.90,11382.70,11375.30,11378.20,0,
17_04_2026_13_00,11378.10,11382.90,11377.80,11380.60,0,
17_04_2026_13_05,11380.50,11389.70,11379.40,11389.00,0,
17_04_2026_13_10,11388.50,11392.00,11382.80,11383.90,0,
17_04_2026_13_15,11383.70,11384.80,11376.00,11378.00,0,
17_04_2026_13_20,11377.00,11390.90,11376.80,11385.30,0,
17_04_2026_13_25,11385.00,11389.00,11379.50,11388.70,0,
17_04_2026_13_30,11388.70,11398.50,11386.50,11398.50,0,
17_04_2026_13_35,11398.70,11406.40,11394.00,11403.60,0,
17_04_2026_13_40,11403.00,11411.70,11401.70,11408.00,0,
17_04_2026_13_45,11407.90,11410.50,11405.30,11409.20,0,
17_04_2026_13_50,11408.20,11410.80,11404.10,11407.80,0,
17_04_2026_13_55,11407.80,11409.30,11402.10,11405.50,0,
17_04_2026_14_00,11404.10,11410.50,11402.30,11402.80,0,
17_04_2026_14_05,11402.60,11403.50,11394.20,11398.30,0,
17_04_2026_14_10,11398.00,11408.50,11396.80,11403.30,0,
17_04_2026_14_15,11403.40,11417.80,11402.50,11415.30,0,
17_04_2026_14_20,11415.20,11420.00,11410.70,11419.20,0,
17_04_2026_14_25,11419.20,11420.30,11407.50,11409.40,0,
17_04_2026_14_30,11409.80,11410.80,11400.00,11403.20,0,
17_04_2026_14_35,11403.60,11410.90,11400.80,11409.20,0,
17_04_2026_14_40,11408.70,11422.00,11407.00,11420.50,0,
17_04_2026_14_45,11420.40,11431.40,11418.80,11430.00,0,
17_04_2026_14_50,11430.60,11436.70,11426.70,11434.10,0,
17_04_2026_14_55,11434.50,11435.60,11427.70,11432.00,0,
17_04_2026_15_00,11432.00,11432.50,11393.30,11404.20,0,
17_04_2026_15_05,11403.70,11410.50,11399.80,11408.60,0,
17_04_2026_15_10,11407.20,11412.80,11406.10,11411.10,0,
17_04_2026_15_15,11409.90,11413.70,11405.20,11412.80,0,
17_04_2026_15_20,11413.20,11422.30,11411.30,11414.00,0,
17_04_2026_15_25,11415.20,11420.20,11408.00,11416.80,0,
20_04_2026_09_15,11413.70,11414.10,11320.30,11370.20,0,
20_04_2026_09_20,11368.70,11409.00,11368.70,11402.60,0,
20_04_2026_09_25,11402.20,11412.50,11392.50,11402.20,0,
20_04_2026_09_30,11403.20,11405.40,11347.60,11353.00,0,
20_04_2026_09_35,11352.80,11361.50,11335.80,11340.30,0,
20_04_2026_09_40,11340.00,11350.60,11329.70,11330.70,0,
20_04_2026_09_45,11330.50,11332.80,11318.50,11327.20,0,
20_04_2026_09_50,11326.70,11351.70,11320.70,11350.20,0,
20_04_2026_09_55,11349.40,11352.00,11342.00,11343.80,0,
20_04_2026_10_00,11343.90,11359.30,11341.40,11348.20,0,
20_04_2026_10_05,11348.20,11368.70,11347.80,11368.20,0,
20_04_2026_10_10,11368.20,11368.50,11358.80,11367.50,0,
20_04_2026_10_15,11367.50,11385.00,11365.50,11378.60,0,
20_04_2026_10_20,11378.30,11393.10,11376.20,11389.00,0,
20_04_2026_10_25,11389.20,11404.30,11381.80,11401.90,0,
20_04_2026_10_30,11402.20,11413.50,11401.20,11409.80,0,
20_04_2026_10_35,11409.20,11417.80,11401.20,11410.90,0,
20_04_2026_10_40,11412.20,11420.00,11408.00,11412.90,0,
20_04_2026_10_45,11413.50,11414.30,11404.30,11412.80,0,
20_04_2026_10_50,11412.80,11420.80,11409.70,11418.20,0,
20_04_2026_10_55,11417.50,11418.80,11412.50,11418.00,0,
20_04_2026_11_00,11418.20,11422.20,11413.00,11421.20,0,
20_04_2026_11_05,11421.10,11427.30,11417.50,11419.20,0,
20_04_2026_11_10,11419.10,11420.70,11413.20,11413.20,0,
20_04_2026_11_15,11413.30,11430.30,11412.80,11427.20,0,
20_04_2026_11_20,11426.60,11433.60,11425.40,11432.30,0,
20_04_2026_11_25,11432.50,11436.20,11427.50,11432.30,0,
20_04_2026_11_30,11432.30,11435.30,11425.20,11427.30,0,
20_04_2026_11_35,11427.20,11435.50,11421.70,11435.00,0,
20_04_2026_11_40,11435.20,11438.50,11432.00,11436.60,0,
20_04_2026_11_45,11437.00,11441.70,11435.00,11439.00,0,
20_04_2026_11_50,11438.80,11444.00,11437.50,11443.30,0,
20_04_2026_11_55,11443.20,11444.30,11439.20,11441.50,0,
20_04_2026_12_00,11441.40,11450.70,11441.40,11446.40,0,
20_04_2026_12_05,11445.90,11449.10,11434.20,11435.00,0,
20_04_2026_12_10,11435.90,11439.30,11427.50,11437.60,0,
20_04_2026_12_15,11437.70,11443.10,11436.90,11438.10,0,
20_04_2026_12_20,11437.70,11450.50,11437.70,11447.80,0,
20_04_2026_12_25,11447.80,11459.00,11444.80,11458.30,0,
20_04_2026_12_30,11458.70,11464.70,11457.00,11463.00,0,
20_04_2026_12_35,11462.80,11465.30,11449.90,11463.40,0,
20_04_2026_12_40,11463.50,11469.60,11460.80,11464.80,0,
20_04_2026_12_45,11464.30,11479.20,11463.30,11477.50,0,
20_04_2026_12_50,11477.40,11495.30,11476.70,11491.00,0,
20_04_2026_12_55,11491.00,11503.40,11490.00,11497.30,0,
20_04_2026_13_00,11497.30,11498.30,11471.20,11491.50,0,
20_04_2026_13_05,11491.10,11498.60,11481.70,11482.40,0,
20_04_2026_13_10,11481.20,11483.80,11470.00,11480.30,0,
20_04_2026_13_15,11480.50,11487.30,11476.00,11485.60,0,
20_04_2026_13_20,11485.30,11491.80,11476.20,11476.80,0,
20_04_2026_13_25,11475.80,11475.80,11456.50,11470.50,0,
20_04_2026_13_30,11470.50,11471.70,11460.50,11463.50,0,
20_04_2026_13_35,11463.70,11465.50,11444.80,11447.60,0,
20_04_2026_13_40,11447.40,11458.40,11446.30,11458.00,0,
20_04_2026_13_45,11457.30,11467.20,11451.80,11457.70,0,
20_04_2026_13_50,11457.60,11461.50,11448.60,11459.50,0,
20_04_2026_13_55,11459.50,11464.80,11452.50,11464.80,0,
20_04_2026_14_00,11464.20,11466.80,11453.90,11457.80,0,
20_04_2026_14_05,11456.50,11458.80,11435.20,11438.90,0,
20_04_2026_14_10,11439.20,11445.00,11437.70,11438.00,0,
20_04_2026_14_15,11438.40,11445.00,11434.30,11437.20,0,
20_04_2026_14_20,11437.00,11456.30,11436.50,11454.20,0,
20_04_2026_14_25,11454.50,11468.30,11453.40,11464.60,0,
20_04_2026_14_30,11464.30,11464.70,11454.40,11464.00,0,
20_04_2026_14_35,11464.00,11470.80,11461.40,11463.00,0,
20_04_2026_14_40,11463.00,11466.20,11459.00,11465.20,0,
20_04_2026_14_45,11465.70,11467.30,11452.90,11462.50,0,
20_04_2026_14_50,11462.70,11464.50,11459.60,11463.20,0,
20_04_2026_14_55,11463.20,11471.20,11459.50,11467.70,0,
20_04_2026_15_00,11468.50,11470.10,11454.20,11456.20,0,
20_04_2026_15_05,11455.70,11456.20,11439.90,11445.80,0,
20_04_2026_15_10,11444.90,11448.20,11438.10,11439.50,0,
20_04_2026_15_15,11438.80,11440.30,11423.20,11427.50,0,
20_04_2026_15_20,11425.20,11429.70,11420.20,11423.30,0,
20_04_2026_15_25,11422.70,11426.20,11411.80,11422.70,0,
21_04_2026_09_15,11431.90,11486.70,11431.90,11481.50,0,
21_04_2026_09_20,11481.50,11490.30,11464.00,11476.00,0,
21_04_2026_09_25,11476.80,11476.80,11457.50,11458.40,0,
21_04_2026_09_30,11458.80,11467.70,11445.80,11466.00,0,
21_04_2026_09_35,11465.90,11473.50,11458.10,11460.30,0,
21_04_2026_09_40,11460.00,11465.20,11453.00,11463.80,0,
21_04_2026_09_45,11463.80,11481.70,11462.80,11471.80,0,
21_04_2026_09_50,11471.60,11485.40,11471.60,11484.50,0,
21_04_2026_09_55,11484.60,11485.20,11476.20,11478.20,0,
21_04_2026_10_00,11478.80,11495.30,11478.20,11494.60,0,
21_04_2026_10_05,11494.40,11498.30,11491.50,11497.50,0,
21_04_2026_10_10,11498.20,11505.20,11491.40,11503.70,0,
21_04_2026_10_15,11503.20,11506.80,11495.30,11498.00,0,
21_04_2026_10_20,11497.80,11499.70,11482.70,11484.70,0,
21_04_2026_10_25,11484.70,11485.80,11473.90,11477.80,0,
21_04_2026_10_30,11476.50,11485.20,11475.80,11483.80,0,
21_04_2026_10_35,11483.50,11491.00,11481.20,11486.50,0,
21_04_2026_10_40,11487.40,11489.20,11480.70,11485.80,0,
21_04_2026_10_45,11485.00,11486.80,11478.20,11481.30,0,
21_04_2026_10_50,11481.00,11484.30,11477.80,11482.20,0,
21_04_2026_10_55,11483.00,11492.60,11481.80,11491.20,0,
21_04_2026_11_00,11491.30,11500.50,11488.30,11499.10,0,
21_04_2026_11_05,11498.30,11502.20,11487.00,11488.80,0,
21_04_2026_11_10,11487.80,11488.90,11481.00,11486.30,0,
21_04_2026_11_15,11486.00,11487.80,11479.40,11487.70,0,
21_04_2026_11_20,11487.20,11488.90,11474.60,11476.20,0,
21_04_2026_11_25,11476.80,11478.20,11464.10,11465.30,0,
21_04_2026_11_30,11465.00,11465.50,11459.70,11462.50,0,
21_04_2026_11_35,11462.50,11465.20,11457.30,11459.80,0,
21_04_2026_11_40,11459.80,11469.70,11457.20,11468.70,0,
21_04_2026_11_45,11468.70,11476.60,11460.00,11461.10,0,
21_04_2026_11_50,11461.10,11464.80,11452.50,11454.70,0,
21_04_2026_11_55,11454.00,11459.80,11452.60,11456.20,0,
21_04_2026_12_00,11455.80,11466.60,11455.30,11459.80,0,
21_04_2026_12_05,11459.80,11463.30,11454.80,11461.80,0,
21_04_2026_12_10,11462.20,11467.20,11460.30,11462.50,0,
21_04_2026_12_15,11462.70,11467.30,11453.80,11467.00,0,
21_04_2026_12_20,11467.00,11471.20,11462.30,11464.30,0,
21_04_2026_12_25,11464.20,11470.60,11462.80,11464.30,0,
21_04_2026_12_30,11464.00,11475.20,11464.00,11471.20,0,
21_04_2026_12_35,11471.70,11476.50,11471.20,11473.90,0,
21_04_2026_12_40,11474.00,11474.90,11465.30,11468.60,0,
21_04_2026_12_45,11469.00,11469.20,11462.10,11462.70,0,
21_04_2026_12_50,11464.30,11464.80,11457.50,11459.90,0,
21_04_2026_12_55,11460.70,11468.20,11457.00,11466.00,0,
21_04_2026_13_00,11466.00,11467.40,11457.60,11458.80,0,
21_04_2026_13_05,11459.30,11460.30,11456.40,11459.00,0,
21_04_2026_13_10,11458.90,11460.60,11455.10,11458.80,0,
21_04_2026_13_15,11459.10,11466.10,11453.30,11454.70,0,
21_04_2026_13_20,11454.70,11458.40,11451.20,11457.20,0,
21_04_2026_13_25,11456.50,11459.20,11451.50,11456.80,0,
21_04_2026_13_30,11457.20,11464.70,11454.50,11459.60,0,
21_04_2026_13_35,11459.70,11461.50,11450.00,11453.90,0,
21_04_2026_13_40,11452.80,11455.20,11439.20,11442.30,0,
21_04_2026_13_45,11442.20,11447.00,11438.20,11440.50,0,
21_04_2026_13_50,11441.30,11449.50,11440.20,11446.50,0,
21_04_2026_13_55,11446.80,11452.50,11443.90,11445.70,0,
21_04_2026_14_00,11446.70,11446.80,11436.50,11439.20,0,
21_04_2026_14_05,11439.20,11443.00,11438.20,11440.30,0,
21_04_2026_14_10,11440.90,11458.70,11440.60,11456.50,0,
21_04_2026_14_15,11456.30,11463.50,11453.70,11459.00,0,
21_04_2026_14_20,11459.20,11471.30,11458.70,11464.50,0,
21_04_2026_14_25,11464.60,11467.20,11457.70,11459.50,0,
21_04_2026_14_30,11459.20,11462.30,11456.20,11457.40,0,
21_04_2026_14_35,11457.70,11464.50,11454.80,11455.30,0,
21_04_2026_14_40,11455.60,11461.30,11450.20,11452.30,0,
21_04_2026_14_45,11452.30,11464.80,11450.30,11457.30,0,
21_04_2026_14_50,11458.50,11462.30,11453.00,11455.20,0,
21_04_2026_14_55,11455.30,11459.80,11452.70,11453.80,0,
21_04_2026_15_00,11453.80,11461.70,11435.80,11436.80,0,
21_04_2026_15_05,11437.80,11453.10,11435.20,11445.40,0,
21_04_2026_15_10,11445.60,11451.70,11440.80,11443.80,0,
21_04_2026_15_15,11443.20,11450.80,11440.50,11446.20,0,
21_04_2026_15_20,11446.00,11450.70,11442.20,11446.80,0,
21_04_2026_15_25,11446.80,11448.00,11436.00,11445.10,0,
22_04_2026_09_15,11418.60,11460.50,11400.20,11438.00,0,
22_04_2026_09_20,11435.80,11455.70,11429.70,11444.80,0,
22_04_2026_09_25,11445.00,11449.70,11424.50,11424.90,0,
22_04_2026_09_30,11424.70,11443.20,11422.50,11442.80,0,
22_04_2026_09_35,11442.80,11451.40,11435.80,11441.40,0,
22_04_2026_09_40,11441.50,11455.70,11438.90,11449.20,0,
22_04_2026_09_45,11449.00,11449.80,11438.20,11447.30,0,
22_04_2026_09_50,11446.40,11457.90,11445.20,11447.20,0,
22_04_2026_09_55,11447.20,11448.30,11436.50,11436.90,0,
22_04_2026_10_00,11436.50,11443.90,11425.50,11441.20,0,
22_04_2026_10_05,11441.00,11442.30,11431.90,11442.20,0,
22_04_2026_10_10,11442.80,11461.70,11442.50,11460.50,0,
22_04_2026_10_15,11460.60,11483.60,11460.00,11477.00,0,
22_04_2026_10_20,11477.20,11478.80,11462.60,11471.50,0,
22_04_2026_10_25,11471.20,11472.30,11464.50,11472.00,0,
22_04_2026_10_30,11471.50,11481.00,11468.50,11479.50,0,
22_04_2026_10_35,11479.20,11482.80,11471.20,11476.50,0,
22_04_2026_10_40,11476.00,11478.80,11471.00,11471.20,0,
22_04_2026_10_45,11471.80,11485.80,11466.50,11485.00,0,
22_04_2026_10_50,11484.70,11486.70,11475.20,11485.50,0,
22_04_2026_10_55,11485.60,11488.20,11476.20,11478.50,0,
22_04_2026_11_00,11478.20,11486.10,11471.80,11486.10,0,
22_04_2026_11_05,11485.00,11490.50,11482.00,11487.00,0,
22_04_2026_11_10,11486.90,11496.00,11486.00,11493.50,0,
22_04_2026_11_15,11493.50,11497.50,11488.70,11496.30,0,
22_04_2026_11_20,11496.70,11507.80,11494.00,11506.60,0,
22_04_2026_11_25,11506.30,11511.40,11499.70,11503.50,0,
22_04_2026_11_30,11503.80,11504.70,11494.50,11495.80,0,
22_04_2026_11_35,11495.70,11497.30,11489.10,11490.80,0,
22_04_2026_11_40,11490.40,11497.50,11489.80,11491.30,0,
22_04_2026_11_45,11491.40,11494.00,11485.90,11490.70,0,
22_04_2026_11_50,11490.80,11502.70,11489.70,11497.30,0,
22_04_2026_11_55,11496.80,11500.80,11494.70,11499.00,0,
22_04_2026_12_00,11499.30,11506.70,11499.00,11503.50,0,
22_04_2026_12_05,11504.20,11505.20,11498.30,11502.30,0,
22_04_2026_12_10,11502.10,11502.10,11490.20,11492.00,0,
22_04_2026_12_15,11491.80,11496.80,11485.40,11491.70,0,
22_04_2026_12_20,11492.20,11495.60,11489.10,11490.90,0,
22_04_2026_12_25,11490.90,11498.80,11489.00,11492.70,0,
22_04_2026_12_30,11493.20,11500.50,11493.00,11499.20,0,
22_04_2026_12_35,11499.20,11500.00,11488.80,11492.20,0,
22_04_2026_12_40,11492.20,11498.00,11490.50,11496.70,0,
22_04_2026_12_45,11496.70,11497.70,11491.10,11495.80,0,
22_04_2026_12_50,11495.60,11508.30,11493.30,11504.80,0,
22_04_2026_12_55,11504.90,11511.10,11503.90,11507.60,0,
22_04_2026_13_00,11507.30,11509.20,11500.50,11505.20,0,
22_04_2026_13_05,11504.80,11510.00,11504.20,11504.80,0,
22_04_2026_13_10,11506.20,11507.10,11496.10,11504.80,0,
22_04_2026_13_15,11504.50,11504.70,11498.90,11502.20,0,
22_04_2026_13_20,11502.70,11504.80,11491.40,11497.30,0,
22_04_2026_13_25,11497.00,11500.50,11494.20,11499.70,0,
22_04_2026_13_30,11498.70,11505.40,11497.40,11502.00,0,
22_04_2026_13_35,11501.90,11510.30,11501.40,11507.00,0,
22_04_2026_13_40,11507.20,11511.10,11506.80,11510.00,0,
22_04_2026_13_45,11509.30,11511.20,11506.40,11510.30,0,
22_04_2026_13_50,11510.80,11511.00,11500.20,11502.00,0,
22_04_2026_13_55,11502.00,11510.90,11502.00,11509.00,0,
22_04_2026_14_00,11509.00,11512.60,11495.20,11496.80,0,
22_04_2026_14_05,11496.20,11501.20,11491.00,11498.60,0,
22_04_2026_14_10,11498.50,11503.70,11492.90,11503.20,0,
22_04_2026_14_15,11502.20,11503.90,11488.80,11493.00,0,
22_04_2026_14_20,11491.30,11494.20,11489.20,11492.80,0,
22_04_2026_14_25,11493.20,11500.40,11493.20,11499.30,0,
22_04_2026_14_30,11499.20,11503.00,11496.80,11502.70,0,
22_04_2026_14_35,11501.50,11506.40,11500.20,11502.40,0,
22_04_2026_14_40,11503.40,11508.20,11503.20,11507.20,0,
22_04_2026_14_45,11507.00,11512.10,11504.80,11509.20,0,
22_04_2026_14_50,11509.20,11511.50,11504.10,11509.40,0,
22_04_2026_14_55,11509.40,11523.60,11508.70,11521.80,0,
22_04_2026_15_00,11519.40,11519.40,11500.80,11505.00,0,
22_04_2026_15_05,11506.00,11506.50,11494.20,11496.30,0,
22_04_2026_15_10,11495.90,11506.10,11493.10,11504.50,0,
22_04_2026_15_15,11505.00,11512.40,11499.90,11503.00,0,
22_04_2026_15_20,11504.20,11510.20,11502.50,11503.00,0,
22_04_2026_15_25,11503.50,11506.50,11483.50,11483.50,0,
23_04_2026_09_15,11442.30,11523.00,11407.10,11521.80,0,
23_04_2026_09_20,11524.50,11528.80,11492.00,11510.50,0,
23_04_2026_09_25,11511.00,11511.00,11489.80,11499.50,0,
23_04_2026_09_30,11500.90,11515.00,11486.50,11511.30,0,
23_04_2026_09_35,11511.00,11517.20,11492.50,11512.20,0,
23_04_2026_09_40,11512.00,11513.80,11491.00,11492.50,0,
23_04_2026_09_45,11493.00,11496.50,11481.50,11481.50,0,
23_04_2026_09_50,11481.90,11489.80,11464.50,11475.00,0,
23_04_2026_09_55,11475.10,11480.50,11464.20,11464.70,0,
23_04_2026_10_00,11466.20,11473.60,11460.60,11467.50,0,
23_04_2026_10_05,11467.10,11472.20,11457.80,11459.40,0,
23_04_2026_10_10,11459.80,11461.00,11444.30,11450.80,0,
23_04_2026_10_15,11452.80,11468.20,11449.80,11463.00,0,
23_04_2026_10_20,11462.10,11466.50,11457.70,11459.30,0,
23_04_2026_10_25,11459.00,11473.90,11455.50,11469.40,0,
23_04_2026_10_30,11469.80,11471.70,11453.00,11459.20,0,
23_04_2026_10_35,11459.20,11460.80,11440.80,11448.00,0,
23_04_2026_10_40,11446.20,11454.50,11444.50,11453.30,0,
23_04_2026_10_45,11453.50,11457.20,11433.40,11443.00,0,
23_04_2026_10_50,11443.00,11457.20,11438.60,11450.80,0,
23_04_2026_10_55,11451.30,11452.20,11435.30,11444.50,0,
23_04_2026_11_00,11445.80,11447.00,11437.50,11446.10,0,
23_04_2026_11_05,11446.10,11447.50,11428.60,11428.60,0,
23_04_2026_11_10,11429.70,11434.70,11422.00,11423.00,0,
23_04_2026_11_15,11424.00,11427.00,11420.20,11423.60,0,
23_04_2026_11_20,11424.50,11430.30,11423.00,11426.00,0,
23_04_2026_11_25,11426.50,11429.20,11421.00,11426.00,0,
23_04_2026_11_30,11426.20,11437.80,11425.70,11435.70,0,
23_04_2026_11_35,11436.20,11441.10,11433.00,11439.50,0,
23_04_2026_11_40,11439.50,11441.20,11431.80,11433.60,0,
23_04_2026_11_45,11433.80,11449.40,11433.00,11443.80,0,
23_04_2026_11_50,11444.50,11455.20,11441.00,11453.50,0,
23_04_2026_11_55,11454.50,11464.50,11451.30,11457.50,0,
23_04_2026_12_00,11456.50,11466.30,11455.50,11460.80,0,
23_04_2026_12_05,11461.20,11464.00,11457.60,11457.60,0,
23_04_2026_12_10,11457.60,11472.30,11455.40,11468.80,0,
23_04_2026_12_15,11468.10,11473.30,11465.70,11466.20,0,
23_04_2026_12_20,11466.00,11469.50,11460.30,11463.30,0,
23_04_2026_12_25,11464.00,11464.20,11439.00,11441.30,0,
23_04_2026_12_30,11442.80,11450.70,11436.50,11449.50,0,
23_04_2026_12_35,11449.90,11454.50,11440.50,11452.70,0,
23_04_2026_12_40,11453.70,11460.00,11450.80,11459.10,0,
23_04_2026_12_45,11460.20,11462.80,11447.80,11452.50,0,
23_04_2026_12_50,11454.20,11470.20,11452.50,11468.20,0,
23_04_2026_12_55,11470.00,11473.60,11465.50,11472.60,0,
23_04_2026_13_00,11473.20,11476.20,11469.80,11475.80,0,
23_04_2026_13_05,11477.00,11479.80,11471.20,11477.80,0,
23_04_2026_13_10,11476.80,11479.20,11473.80,11476.70,0,
23_04_2026_13_15,11477.40,11488.60,11473.50,11487.80,0,
23_04_2026_13_20,11487.50,11493.50,11482.30,11489.80,0,
23_04_2026_13_25,11489.50,11492.80,11477.30,11482.60,0,
23_04_2026_13_30,11483.00,11483.20,11474.80,11478.50,0,
23_04_2026_13_35,11478.20,11479.60,11461.20,11462.70,0,
23_04_2026_13_40,11464.20,11470.00,11458.40,11462.90,0,
23_04_2026_13_45,11463.10,11465.50,11458.30,11458.80,0,
23_04_2026_13_50,11459.10,11466.00,11453.80,11455.80,0,
23_04_2026_13_55,11454.90,11463.40,11454.00,11454.20,0,
23_04_2026_14_00,11453.10,11454.80,11440.70,11446.40,0,
23_04_2026_14_05,11447.00,11447.70,11434.10,11434.70,0,
23_04_2026_14_10,11435.00,11435.20,11428.90,11430.00,0,
23_04_2026_14_15,11430.20,11440.20,11427.50,11427.50,0,
23_04_2026_14_20,11427.80,11434.10,11423.40,11426.50,0,
23_04_2026_14_25,11427.80,11428.00,11416.00,11416.20,0,
23_04_2026_14_30,11417.20,11419.00,11410.70,11411.30,0,
23_04_2026_14_35,11412.40,11415.80,11404.70,11411.00,0,
23_04_2026_14_40,11411.60,11412.80,11401.70,11406.00,0,
23_04_2026_14_45,11407.00,11424.50,11403.80,11418.30,0,
23_04_2026_14_50,11419.00,11426.80,11417.80,11420.50,0,
23_04_2026_14_55,11421.90,11422.80,11409.80,11414.70,0,
23_04_2026_15_00,11415.80,11434.70,11408.20,11421.70,0,
23_04_2026_15_05,11421.00,11430.00,11411.50,11413.00,0,
23_04_2026_15_10,11414.40,11414.40,11401.30,11407.00,0,
23_04_2026_15_15,11407.20,11413.50,11402.80,11413.00,0,
23_04_2026_15_20,11412.00,11418.20,11408.00,11415.80,0,
23_04_2026_15_25,11415.30,11426.20,11408.70,11422.70,0,
24_04_2026_09_15,11426.10,11447.70,11398.40,11407.80,0,
24_04_2026_09_20,11407.70,11420.20,11388.20,11402.40,0,
24_04_2026_09_25,11402.20,11402.30,11374.00,11378.00,0,
24_04_2026_09_30,11378.70,11388.20,11365.00,11366.40,0,
24_04_2026_09_35,11365.20,11368.00,11342.90,11343.30,0,
24_04_2026_09_40,11343.00,11352.40,11332.80,11338.90,0,
24_04_2026_09_45,11338.00,11342.80,11324.70,11335.70,0,
24_04_2026_09_50,11335.20,11353.20,11328.80,11340.50,0,
24_04_2026_09_55,11339.40,11346.80,11328.00,11330.30,0,
24_04_2026_10_00,11330.50,11349.40,11328.20,11339.30,0,
24_04_2026_10_05,11339.20,11353.20,11336.90,11344.00,0,
24_04_2026_10_10,11343.70,11355.70,11341.00,11354.00,0,
24_04_2026_10_15,11353.60,11360.00,11346.80,11348.70,0,
24_04_2026_10_20,11349.20,11350.90,11332.70,11332.70,0,
24_04_2026_10_25,11334.30,11343.90,11332.20,11343.30,0,
24_04_2026_10_30,11342.80,11350.80,11339.50,11348.30,0,
24_04_2026_10_35,11348.00,11354.80,11341.90,11351.80,0,
24_04_2026_10_40,11352.30,11355.10,11337.50,11341.70,0,
24_04_2026_10_45,11341.50,11343.30,11331.40,11337.50,0,
24_04_2026_10_50,11337.60,11343.50,11334.50,11340.60,0,
24_04_2026_10_55,11341.20,11345.50,11333.50,11335.00,0,
24_04_2026_11_00,11335.20,11342.70,11327.50,11339.70,0,
24_04_2026_11_05,11340.30,11343.50,11337.40,11338.00,0,
24_04_2026_11_10,11337.80,11347.20,11337.80,11345.20,0,
24_04_2026_11_15,11345.50,11348.50,11338.30,11347.00,0,
24_04_2026_11_20,11346.50,11365.10,11344.50,11360.60,0,
24_04_2026_11_25,11359.40,11361.80,11354.50,11358.20,0,
24_04_2026_11_30,11358.20,11362.00,11350.00,11350.30,0,
24_04_2026_11_35,11349.70,11351.80,11342.90,11347.00,0,
24_04_2026_11_40,11346.70,11351.60,11343.30,11351.10,0,
24_04_2026_11_45,11351.10,11353.50,11345.20,11345.90,0,
24_04_2026_11_50,11345.30,11347.20,11335.30,11336.20,0,
24_04_2026_11_55,11336.20,11336.20,11328.20,11330.70,0,
24_04_2026_12_00,11331.70,11336.00,11329.50,11334.70,0,
24_04_2026_12_05,11334.70,11335.90,11325.80,11330.30,0,
24_04_2026_12_10,11331.60,11343.80,11328.00,11342.80,0,
24_04_2026_12_15,11343.20,11345.30,11330.50,11334.90,0,
24_04_2026_12_20,11334.50,11336.10,11313.80,11316.80,0,
24_04_2026_12_25,11317.20,11319.30,11304.80,11309.30,0,
24_04_2026_12_30,11309.30,11323.50,11306.40,11320.50,0,
24_04_2026_12_35,11323.00,11328.00,11313.20,11325.50,0,
24_04_2026_12_40,11326.10,11326.60,11319.00,11319.50,0,
24_04_2026_12_45,11319.50,11331.80,11318.70,11328.90,0,
24_04_2026_12_50,11328.90,11336.80,11328.00,11330.60,0,
24_04_2026_12_55,11330.70,11337.10,11326.80,11332.50,0,
24_04_2026_13_00,11333.20,11334.00,11318.70,11321.50,0,
24_04_2026_13_05,11322.00,11324.60,11319.40,11321.80,0,
24_04_2026_13_10,11321.90,11326.70,11317.30,11325.40,0,
24_04_2026_13_15,11325.00,11325.50,11310.00,11315.40,0,
24_04_2026_13_20,11315.80,11321.70,11313.50,11315.00,0,
24_04_2026_13_25,11315.00,11327.20,11311.00,11325.90,0,
24_04_2026_13_30,11325.70,11327.00,11305.50,11308.00,0,
24_04_2026_13_35,11307.60,11312.40,11293.20,11298.50,0,
24_04_2026_13_40,11298.50,11309.50,11295.70,11305.00,0,
24_04_2026_13_45,11305.00,11313.10,11304.00,11304.80,0,
24_04_2026_13_50,11305.30,11317.90,11304.10,11316.50,0,
24_04_2026_13_55,11316.30,11318.00,11310.30,11313.40,0,
24_04_2026_14_00,11314.00,11318.20,11308.90,11310.80,0,
24_04_2026_14_05,11310.70,11311.70,11298.40,11304.50,0,
24_04_2026_14_10,11304.20,11317.20,11302.00,11312.90,0,
24_04_2026_14_15,11312.70,11322.10,11312.30,11316.40,0,
24_04_2026_14_20,11316.40,11329.00,11315.40,11325.00,0,
24_04_2026_14_25,11324.80,11334.70,11323.30,11331.50,0,
24_04_2026_14_30,11332.30,11344.20,11331.30,11335.10,0,
24_04_2026_14_35,11335.20,11341.00,11332.20,11333.30,0,
24_04_2026_14_40,11334.20,11342.30,11333.40,11341.80,0,
24_04_2026_14_45,11340.40,11347.80,11337.30,11345.80,0,
24_04_2026_14_50,11345.20,11349.90,11336.30,11337.80,0,
24_04_2026_14_55,11337.20,11343.60,11334.20,11338.70,0,
24_04_2026_15_00,11339.20,11339.20,11316.70,11320.70,0,
24_04_2026_15_05,11321.00,11333.20,11317.40,11332.20,0,
24_04_2026_15_10,11332.70,11332.80,11321.50,11326.20,0,
24_04_2026_15_15,11325.90,11340.40,11323.70,11339.10,0,
24_04_2026_15_20,11339.50,11341.70,11334.30,11338.80,0,
24_04_2026_15_25,11338.80,11347.80,11333.80,11345.20,0,
27_04_2026_09_15,11331.00,11404.10,11316.80,11378.00,0,
27_04_2026_09_20,11379.30,11415.20,11371.30,11372.10,0,
27_04_2026_09_25,11371.00,11379.60,11350.20,11353.00,0,
27_04_2026_09_30,11356.30,11370.70,11346.70,11348.50,0,
27_04_2026_09_35,11349.00,11363.10,11341.30,11343.00,0,
27_04_2026_09_40,11342.20,11363.30,11339.00,11359.10,0,
27_04_2026_09_45,11360.40,11391.30,11359.40,11389.60,0,
27_04_2026_09_50,11389.70,11432.70,11389.70,11430.00,0,
27_04_2026_09_55,11429.80,11452.00,11423.20,11446.50,0,
27_04_2026_10_00,11446.00,11456.30,11432.60,11434.90,0,
27_04_2026_10_05,11433.00,11437.20,11414.50,11418.20,0,
27_04_2026_10_10,11418.50,11424.00,11413.30,11416.50,0,
27_04_2026_10_15,11415.70,11435.50,11415.70,11426.00,0,
27_04_2026_10_20,11424.20,11425.90,11416.70,11419.20,0,
27_04_2026_10_25,11419.60,11429.50,11411.70,11425.30,0,
27_04_2026_10_30,11425.50,11428.90,11411.30,11415.20,0,
27_04_2026_10_35,11414.50,11429.20,11414.50,11424.70,0,
27_04_2026_10_40,11425.20,11432.20,11422.80,11425.30,0,
27_04_2026_10_45,11424.80,11435.40,11419.60,11434.00,0,
27_04_2026_10_50,11434.00,11439.00,11429.20,11436.80,0,
27_04_2026_10_55,11436.40,11444.00,11429.20,11430.00,0,
27_04_2026_11_00,11429.60,11436.70,11423.10,11433.10,0,
27_04_2026_11_05,11432.80,11439.50,11426.90,11430.00,0,
27_04_2026_11_10,11429.90,11437.00,11428.50,11435.20,0,
27_04_2026_11_15,11435.60,11442.30,11434.20,11440.50,0,
27_04_2026_11_20,11440.50,11442.00,11436.30,11438.10,0,
27_04_2026_11_25,11438.10,11438.70,11430.30,11430.90,0,
27_04_2026_11_30,11431.30,11433.70,11421.30,11422.60,0,
27_04_2026_11_35,11422.20,11424.20,11405.00,11413.70,0,
27_04_2026_11_40,11413.10,11418.00,11412.10,11414.50,0,
27_04_2026_11_45,11414.20,11428.00,11409.80,11426.80,0,
27_04_2026_11_50,11427.20,11428.30,11422.50,11423.70,0,
27_04_2026_11_55,11422.80,11428.20,11420.80,11426.80,0,
27_04_2026_12_00,11427.00,11427.20,11418.90,11426.00,0,
27_04_2026_12_05,11425.70,11431.20,11423.60,11425.90,0,
27_04_2026_12_10,11426.70,11435.10,11425.80,11433.80,0,
27_04_2026_12_15,11433.40,11434.30,11429.60,11431.80,0,
27_04_2026_12_20,11430.20,11430.20,11421.80,11425.00,0,
27_04_2026_12_25,11424.70,11441.80,11423.50,11434.30,0,
27_04_2026_12_30,11434.00,11446.70,11433.90,11446.50,0,
27_04_2026_12_35,11446.10,11465.30,11445.00,11456.20,0,
27_04_2026_12_40,11456.60,11461.80,11453.80,11455.40,0,
27_04_2026_12_45,11455.20,11456.30,11447.40,11451.70,0,
27_04_2026_12_50,11451.00,11456.50,11445.20,11446.70,0,
27_04_2026_12_55,11446.20,11451.00,11445.60,11449.80,0,
27_04_2026_13_00,11449.60,11453.40,11445.30,11448.70,0,
27_04_2026_13_05,11447.40,11449.30,11443.00,11447.20,0,
27_04_2026_13_10,11446.90,11457.00,11444.00,11455.60,0,
27_04_2026_13_15,11455.50,11463.70,11454.40,11458.80,0,
27_04_2026_13_20,11458.30,11466.60,11458.00,11462.80,0,
27_04_2026_13_25,11462.00,11467.40,11460.30,11463.10,0,
27_04_2026_13_30,11462.30,11468.50,11456.50,11464.40,0,
27_04_2026_13_35,11465.70,11475.80,11463.70,11472.00,0,
27_04_2026_13_40,11471.20,11483.50,11469.00,11476.00,0,
27_04_2026_13_45,11474.20,11478.80,11470.30,11473.30,0,
27_04_2026_13_50,11472.50,11488.70,11466.20,11488.70,0,
27_04_2026_13_55,11487.50,11491.60,11480.20,11482.40,0,
27_04_2026_14_00,11482.40,11483.20,11472.80,11479.70,0,
27_04_2026_14_05,11480.80,11484.70,11468.50,11469.00,0,
27_04_2026_14_10,11469.20,11478.80,11465.20,11478.00,0,
27_04_2026_14_15,11477.80,11477.80,11467.00,11468.20,0,
27_04_2026_14_20,11467.30,11477.80,11467.20,11476.60,0,
27_04_2026_14_25,11474.80,11478.40,11468.10,11473.20,0,
27_04_2026_14_30,11472.30,11478.80,11466.90,11478.80,0,
27_04_2026_14_35,11478.20,11482.50,11469.00,11476.80,0,
27_04_2026_14_40,11475.10,11493.30,11473.80,11489.50,0,
27_04_2026_14_45,11490.00,11492.80,11482.80,11492.60,0,
27_04_2026_14_50,11492.90,11512.00,11485.80,11512.00,0,
27_04_2026_14_55,11512.00,11520.20,11505.80,11506.50,0,
27_04_2026_15_00,11507.30,11507.30,11497.50,11504.20,0,
27_04_2026_15_05,11503.80,11505.70,11498.20,11499.80,0,
27_04_2026_15_10,11500.00,11505.30,11495.80,11502.80,0,
27_04_2026_15_15,11502.70,11509.50,11499.50,11508.00,0,
27_04_2026_15_20,11509.40,11520.80,11507.60,11518.20,0,
27_04_2026_15_25,11517.20,11532.10,11515.20,11528.80,0,
28_04_2026_09_15,11484.10,11565.80,11465.00,11559.20,0,
28_04_2026_09_20,11559.00,11576.60,11525.00,11546.20,0,
28_04_2026_09_25,11548.80,11582.90,11547.80,11559.80,0,
28_04_2026_09_30,11559.80,11577.00,11553.30,11565.00,0,
28_04_2026_09_35,11564.50,11587.60,11550.70,11569.00,0,
28_04_2026_09_40,11569.30,11603.30,11568.40,11598.60,0,
28_04_2026_09_45,11599.50,11601.80,11584.80,11591.00,0,
28_04_2026_09_50,11590.20,11601.30,11587.80,11601.00,0,
28_04_2026_09_55,11600.60,11619.50,11600.60,11609.40,0,
28_04_2026_10_00,11609.10,11616.90,11580.70,11585.60,0,
28_04_2026_10_05,11586.40,11589.70,11565.00,11582.60,0,
28_04_2026_10_10,11583.00,11587.70,11579.50,11584.80,0,
28_04_2026_10_15,11584.20,11611.10,11578.80,11600.80,0,
28_04_2026_10_20,11598.50,11626.50,11598.40,11624.30,0,
28_04_2026_10_25,11623.10,11641.30,11607.00,11609.50,0,
28_04_2026_10_30,11608.80,11619.30,11608.80,11613.20,0,
28_04_2026_10_35,11613.50,11614.90,11606.70,11614.20,0,
28_04_2026_10_40,11613.70,11613.80,11597.90,11609.70,0,
28_04_2026_10_45,11610.00,11619.40,11607.00,11614.40,0,
28_04_2026_10_50,11614.70,11624.50,11613.20,11619.70,0,
28_04_2026_10_55,11620.50,11630.00,11618.40,11626.50,0,
28_04_2026_11_00,11628.40,11635.30,11622.10,11635.20,0,
28_04_2026_11_05,11635.50,11648.80,11630.80,11647.20,0,
28_04_2026_11_10,11647.20,11658.00,11638.80,11655.50,0,
28_04_2026_11_15,11655.50,11655.50,11633.20,11633.80,0,
28_04_2026_11_20,11634.70,11639.60,11625.30,11625.60,0,
28_04_2026_11_25,11626.10,11627.30,11599.20,11608.00,0,
28_04_2026_11_30,11607.50,11613.00,11598.80,11612.00,0,
28_04_2026_11_35,11612.70,11631.70,11611.00,11628.20,0,
28_04_2026_11_40,11628.40,11636.80,11625.20,11629.30,0,
28_04_2026_11_45,11630.70,11634.70,11624.10,11629.30,0,
28_04_2026_11_50,11630.50,11631.40,11614.60,11615.20,0,
28_04_2026_11_55,11616.60,11631.20,11615.20,11618.70,0,
28_04_2026_12_00,11619.40,11628.90,11613.50,11621.70,0,
28_04_2026_12_05,11622.00,11630.00,11618.80,11627.50,0,
28_04_2026_12_10,11628.00,11633.90,11623.30,11631.70,0,
28_04_2026_12_15,11632.10,11643.20,11631.40,11633.00,0,
28_04_2026_12_20,11633.30,11635.10,11617.00,11622.40,0,
28_04_2026_12_25,11623.40,11631.50,11618.30,11623.30,0,
28_04_2026_12_30,11623.00,11624.00,11601.30,11605.80,0,
28_04_2026_12_35,11606.30,11615.50,11604.00,11606.50,0,
28_04_2026_12_40,11608.80,11623.50,11605.20,11621.80,0,
28_04_2026_12_45,11621.70,11623.50,11601.60,11609.70,0,
28_04_2026_12_50,11610.40,11612.80,11604.80,11607.30,0,
28_04_2026_12_55,11608.30,11613.30,11607.20,11608.40,0,
28_04_2026_13_00,11608.50,11609.00,11595.10,11598.80,0,
28_04_2026_13_05,11599.20,11607.80,11596.80,11604.00,0,
28_04_2026_13_10,11604.20,11607.90,11602.50,11603.70,0,
28_04_2026_13_15,11604.00,11611.60,11602.50,11609.70,0,
28_04_2026_13_20,11610.40,11627.30,11605.80,11624.80,0,
28_04_2026_13_25,11626.30,11630.60,11618.50,11621.20,0,
28_04_2026_13_30,11621.80,11622.40,11608.60,11610.50,0,
28_04_2026_13_35,11610.80,11622.70,11602.50,11621.20,0,
28_04_2026_13_40,11622.50,11636.50,11617.20,11631.10,0,
28_04_2026_13_45,11631.10,11633.80,11615.10,11615.20,0,
28_04_2026_13_50,11615.00,11633.70,11614.40,11633.60,0,
28_04_2026_13_55,11634.00,11638.80,11627.20,11633.30,0,
28_04_2026_14_00,11633.40,11634.50,11628.10,11630.50,0,
28_04_2026_14_05,11630.50,11631.80,11624.00,11626.50,0,
28_04_2026_14_10,11626.90,11628.20,11617.00,11617.70,0,
28_04_2026_14_15,11617.70,11627.10,11610.20,11624.20,0,
28_04_2026_14_20,11624.80,11640.10,11620.00,11639.60,0,
28_04_2026_14_25,11638.80,11642.60,11630.80,11641.50,0,
28_04_2026_14_30,11642.20,11669.10,11642.20,11655.80,0,
28_04_2026_14_35,11655.90,11670.00,11655.90,11667.30,0,
28_04_2026_14_40,11671.00,11682.40,11667.50,11679.80,0,
28_04_2026_14_45,11680.10,11694.40,11678.70,11688.50,0,
28_04_2026_14_50,11688.20,11699.20,11687.50,11698.50,0,
28_04_2026_14_55,11698.50,11708.60,11692.20,11705.50,0,
28_04_2026_15_00,11705.50,11706.80,11671.20,11677.30,0,
28_04_2026_15_05,11676.80,11678.00,11662.20,11673.00,0,
28_04_2026_15_10,11673.30,11681.70,11670.70,11679.00,0,
28_04_2026_15_15,11679.30,11689.50,11676.20,11686.50,0,
28_04_2026_15_20,11686.30,11703.00,11680.80,11696.50,0,
28_04_2026_15_25,11695.00,11715.30,11695.00,11709.70,0,
29_04_2026_09_15,11742.30,11807.80,11735.50,11766.80,0,
29_04_2026_09_20,11769.00,11778.00,11729.30,11739.00,0,
29_04_2026_09_25,11739.80,11747.80,11713.00,11739.00,0,
29_04_2026_09_30,11739.80,11770.30,11722.00,11753.30,0,
29_04_2026_09_35,11754.10,11760.50,11745.00,11751.50,0,
29_04_2026_09_40,11751.50,11757.10,11742.80,11753.00,0,
29_04_2026_09_45,11753.50,11759.00,11746.50,11754.40,0,
29_04_2026_09_50,11755.20,11764.20,11750.50,11757.00,0,
29_04_2026_09_55,11757.80,11767.80,11750.50,11756.70,0,
29_04_2026_10_00,11756.60,11775.30,11756.60,11771.40,0,
29_04_2026_10_05,11772.20,11782.70,11769.50,11776.20,0,
29_04_2026_10_10,11776.30,11786.20,11772.40,11783.20,0,
29_04_2026_10_15,11783.70,11797.30,11779.80,11794.50,0,
29_04_2026_10_20,11795.60,11828.20,11794.20,11827.20,0,
29_04_2026_10_25,11828.00,11832.80,11816.50,11821.50,0,
29_04_2026_10_30,11822.00,11825.90,11809.90,11821.10,0,
29_04_2026_10_35,11821.10,11822.40,11797.50,11797.80,0,
29_04_2026_10_40,11799.60,11818.30,11796.50,11815.70,0,
29_04_2026_10_45,11816.50,11830.10,11812.80,11822.50,0,
29_04_2026_10_50,11822.50,11830.50,11816.20,11819.10,0,
29_04_2026_10_55,11820.40,11822.60,11808.50,11811.50,0,
29_04_2026_11_00,11810.80,11824.00,11808.20,11815.70,0,
29_04_2026_11_05,11815.50,11823.60,11814.40,11822.80,0,
29_04_2026_11_10,11823.00,11828.30,11816.00,11823.80,0,
29_04_2026_11_15,11824.70,11826.70,11813.50,11821.10,0,
29_04_2026_11_20,11822.20,11833.50,11805.20,11807.20,0,
29_04_2026_11_25,11808.50,11820.90,11800.80,11818.10,0,
29_04_2026_11_30,11818.80,11834.70,11817.00,11827.60,0,
29_04_2026_11_35,11828.20,11840.00,11826.10,11839.80,0,
29_04_2026_11_40,11842.00,11863.00,11842.00,11846.80,0,
29_04_2026_11_45,11847.00,11847.80,11837.30,11842.20,0,
29_04_2026_11_50,11843.20,11844.60,11834.00,11840.80,0,
29_04_2026_11_55,11841.80,11845.70,11837.80,11840.40,0,
29_04_2026_12_00,11840.80,11843.90,11834.80,11835.30,0,
29_04_2026_12_05,11835.50,11838.20,11831.10,11836.80,0,
29_04_2026_12_10,11837.50,11844.00,11831.20,11832.90,0,
29_04_2026_12_15,11834.00,11840.80,11833.00,11836.30,0,
29_04_2026_12_20,11837.10,11850.00,11834.50,11842.80,0,
29_04_2026_12_25,11843.20,11843.90,11834.90,11839.80,0,
29_04_2026_12_30,11841.80,11848.90,11838.80,11841.20,0,
29_04_2026_12_35,11841.30,11845.80,11836.80,11841.00,0,
29_04_2026_12_40,11841.10,11850.50,11830.50,11836.40,0,
29_04_2026_12_45,11836.20,11838.00,11831.30,11832.00,0,
29_04_2026_12_50,11832.00,11838.20,11827.80,11835.80,0,
29_04_2026_12_55,11836.20,11837.10,11827.90,11835.10,0,
29_04_2026_13_00,11835.00,11835.60,11828.00,11834.70,0,
29_04_2026_13_05,11834.50,11840.50,11831.50,11836.00,0,
29_04_2026_13_10,11836.00,11843.20,11834.70,11838.20,0,
29_04_2026_13_15,11838.80,11843.10,11835.50,11840.70,0,
29_04_2026_13_20,11840.80,11843.20,11835.40,11837.20,0,
29_04_2026_13_25,11837.50,11841.00,11830.70,11830.70,0,
29_04_2026_13_30,11831.20,11833.20,11821.20,11822.00,0,
29_04_2026_13_35,11823.00,11823.70,11797.90,11799.20,0,
29_04_2026_13_40,11799.70,11805.40,11795.00,11802.70,0,
29_04_2026_13_45,11802.40,11804.30,11791.50,11798.80,0,
29_04_2026_13_50,11801.20,11809.80,11799.00,11805.20,0,
29_04_2026_13_55,11804.90,11809.80,11796.30,11796.30,0,
29_04_2026_14_00,11796.50,11799.30,11775.70,11778.80,0,
29_04_2026_14_05,11780.30,11793.20,11779.30,11781.80,0,
29_04_2026_14_10,11782.70,11791.50,11781.40,11784.80,0,
29_04_2026_14_15,11784.70,11787.20,11776.00,11776.70,0,
29_04_2026_14_20,11776.70,11785.80,11769.20,11781.20,0,
29_04_2026_14_25,11782.00,11782.70,11770.60,11774.80,0,
29_04_2026_14_30,11775.00,11783.40,11773.90,11779.50,0,
29_04_2026_14_35,11779.60,11781.50,11769.80,11771.00,0,
29_04_2026_14_40,11772.50,11779.20,11768.70,11777.80,0,
29_04_2026_14_45,11778.50,11779.40,11769.20,11773.20,0,
29_04_2026_14_50,11773.30,11776.60,11769.40,11772.90,0,
29_04_2026_14_55,11773.20,11774.30,11764.20,11765.60,0,
29_04_2026_15_00,11764.60,11774.80,11752.20,11754.20,0,
29_04_2026_15_05,11755.50,11762.80,11754.70,11760.20,0,
29_04_2026_15_10,11761.00,11769.00,11757.20,11766.50,0,
29_04_2026_15_15,11766.80,11768.20,11758.50,11761.80,0,
29_04_2026_15_20,11762.50,11773.20,11760.70,11772.00,0,
29_04_2026_15_25,11772.00,11794.20,11764.20,11788.10,0,
30_04_2026_09_15,11719.10,11731.00,11668.40,11678.20,0,
30_04_2026_09_20,11678.70,11695.20,11658.70,11675.20,0,
30_04_2026_09_25,11674.50,11674.50,11648.00,11665.80,0,
30_04_2026_09_30,11665.90,11671.90,11656.50,11671.50,0,
30_04_2026_09_35,11671.50,11671.50,11648.30,11655.20,0,
30_04_2026_09_40,11655.00,11674.50,11645.60,11669.20,0,
30_04_2026_09_45,11669.80,11671.50,11648.50,11650.80,0,
30_04_2026_09_50,11651.50,11653.80,11643.00,11646.20,0,
30_04_2026_09_55,11644.80,11651.80,11633.70,11639.80,0,
30_04_2026_10_00,11639.40,11644.30,11623.50,11626.20,0,
30_04_2026_10_05,11626.20,11640.50,11623.00,11625.50,0,
30_04_2026_10_10,11626.50,11626.50,11587.40,11591.80,0,
30_04_2026_10_15,11590.80,11595.80,11574.90,11593.00,0,
30_04_2026_10_20,11593.00,11605.00,11584.20,11590.00,0,
30_04_2026_10_25,11589.50,11596.00,11579.30,11584.50,0,
30_04_2026_10_30,11584.00,11589.00,11572.80,11578.50,0,
30_04_2026_10_35,11578.50,11582.00,11574.00,11577.00,0,
30_04_2026_10_40,11577.00,11579.70,11562.30,11573.20,0,
30_04_2026_10_45,11573.20,11573.20,11557.80,11557.90,0,
30_04_2026_10_50,11559.00,11570.00,11554.90,11566.20,0,
30_04_2026_10_55,11566.50,11585.00,11564.90,11584.00,0,
30_04_2026_11_00,11584.00,11591.10,11581.20,11584.70,0,
30_04_2026_11_05,11584.80,11587.10,11578.10,11585.30,0,
30_04_2026_11_10,11585.30,11587.00,11575.00,11575.00,0,
30_04_2026_11_15,11575.30,11587.00,11573.70,11582.50,0,
30_04_2026_11_20,11583.10,11586.90,11576.90,11578.40,0,
30_04_2026_11_25,11578.40,11614.80,11577.00,11612.30,0,
30_04_2026_11_30,11609.70,11614.00,11593.80,11609.50,0,
30_04_2026_11_35,11609.90,11616.00,11597.00,11603.50,0,
30_04_2026_11_40,11604.50,11606.00,11594.00,11594.30,0,
30_04_2026_11_45,11593.90,11607.80,11586.40,11606.20,0,
30_04_2026_11_50,11606.50,11607.20,11584.80,11594.00,0,
30_04_2026_11_55,11594.90,11605.20,11591.90,11601.40,0,
30_04_2026_12_00,11601.80,11603.50,11595.00,11598.00,0,
30_04_2026_12_05,11597.70,11603.80,11591.00,11598.20,0,
30_04_2026_12_10,11597.80,11628.30,11597.00,11625.50,0,
30_04_2026_12_15,11625.90,11630.00,11613.10,11613.10,0,
30_04_2026_12_20,11613.30,11627.40,11606.80,11625.60,0,
30_04_2026_12_25,11626.80,11640.10,11624.70,11639.20,0,
30_04_2026_12_30,11638.80,11643.50,11631.90,11637.30,0,
30_04_2026_12_35,11637.70,11642.00,11630.70,11640.50,0,
30_04_2026_12_40,11640.50,11656.30,11639.80,11654.20,0,
30_04_2026_12_45,11654.30,11664.20,11649.70,11657.40,0,
30_04_2026_12_50,11658.00,11658.20,11648.50,11649.20,0,
30_04_2026_12_55,11650.70,11651.80,11646.00,11648.80,0,
30_04_2026_13_00,11649.30,11653.10,11644.50,11644.50,0,
30_04_2026_13_05,11644.10,11651.00,11639.70,11648.80,0,
30_04_2026_13_10,11649.00,11656.00,11644.00,11651.90,0,
30_04_2026_13_15,11652.50,11653.30,11642.30,11646.00,0,
30_04_2026_13_20,11646.00,11656.80,11642.20,11650.20,0,
30_04_2026_13_25,11650.70,11654.50,11643.20,11645.80,0,
30_04_2026_13_30,11645.10,11646.40,11639.20,11642.20,0,
30_04_2026_13_35,11642.40,11648.00,11637.00,11639.80,0,
30_04_2026_13_40,11639.20,11658.00,11638.40,11657.50,0,
30_04_2026_13_45,11658.20,11667.00,11654.80,11663.80,0,
30_04_2026_13_50,11664.00,11664.20,11644.50,11655.60,0,
30_04_2026_13_55,11656.20,11664.60,11654.00,11662.60,0,
30_04_2026_14_00,11661.60,11665.30,11647.80,11652.20,0,
30_04_2026_14_05,11652.50,11660.90,11645.70,11660.20,0,
30_04_2026_14_10,11660.60,11662.80,11650.40,11653.00,0,
30_04_2026_14_15,11653.50,11664.20,11651.80,11660.40,0,
30_04_2026_14_20,11660.40,11677.60,11660.10,11675.00,0,
30_04_2026_14_25,11674.70,11678.40,11664.00,11677.50,0,
30_04_2026_14_30,11677.00,11703.90,11674.70,11703.50,0,
30_04_2026_14_35,11702.50,11710.80,11694.60,11702.80,0,
30_04_2026_14_40,11703.00,11719.30,11701.10,11713.80,0,
30_04_2026_14_45,11713.80,11714.30,11693.70,11693.70,0,
30_04_2026_14_50,11693.40,11698.80,11686.20,11697.30,0,
30_04_2026_14_55,11697.30,11706.40,11690.90,11702.80,0,
30_04_2026_15_00,11705.00,11706.80,11683.30,11693.80,0,
30_04_2026_15_05,11694.50,11705.10,11685.00,11693.00,0,
30_04_2026_15_10,11692.70,11705.00,11687.80,11705.00,0,
30_04_2026_15_15,11704.00,11704.70,11694.20,11694.20,0,
30_04_2026_15_20,11694.80,11694.80,11680.50,11692.80,0,
30_04_2026_15_25,11692.80,11721.30,11689.20,11710.50,0,
04_05_2026_09_15,11742.30,11802.00,11730.00,11744.70,0,
04_05_2026_09_20,11745.00,11763.30,11729.50,11734.30,0,
04_05_2026_09_25,11734.30,11742.50,11724.50,11734.50,0,
04_05_2026_09_30,11735.00,11764.70,11734.00,11757.90,0,
04_05_2026_09_35,11757.10,11767.80,11749.50,11765.20,0,
04_05_2026_09_40,11765.60,11770.50,11755.50,11755.50,0,
04_05_2026_09_45,11757.90,11760.00,11745.80,11751.80,0,
04_05_2026_09_50,11752.20,11753.30,11728.50,11731.00,0,
04_05_2026_09_55,11731.00,11739.10,11724.90,11738.60,0,
04_05_2026_10_00,11739.10,11754.30,11723.50,11725.00,0,
04_05_2026_10_05,11724.50,11737.10,11719.20,11722.50,0,
04_05_2026_10_10,11722.50,11733.00,11702.40,11709.00,0,
04_05_2026_10_15,11709.70,11724.40,11707.80,11707.80,0,
04_05_2026_10_20,11707.00,11720.00,11703.30,11708.80,0,
04_05_2026_10_25,11708.50,11730.20,11707.50,11728.50,0,
04_05_2026_10_30,11729.10,11739.30,11714.80,11720.50,0,
04_05_2026_10_35,11721.00,11730.00,11718.70,11727.80,0,
04_05_2026_10_40,11727.50,11733.20,11723.20,11724.50,0,
04_05_2026_10_45,11724.00,11725.20,11713.80,11721.20,0,
04_05_2026_10_50,11721.10,11728.50,11720.70,11724.00,0,
04_05_2026_10_55,11723.20,11725.80,11718.10,11722.80,0,
04_05_2026_11_00,11722.60,11738.00,11719.20,11737.60,0,
04_05_2026_11_05,11737.80,11745.90,11728.00,11741.50,0,
04_05_2026_11_10,11740.20,11750.00,11739.60,11747.50,0,
04_05_2026_11_15,11746.50,11755.80,11741.40,11742.20,0,
04_05_2026_11_20,11742.40,11749.50,11739.60,11745.50,0,
04_05_2026_11_25,11745.50,11768.10,11743.40,11763.00,0,
04_05_2026_11_30,11762.80,11764.70,11752.20,11753.00,0,
04_05_2026_11_35,11752.70,11772.50,11751.80,11769.50,0,
04_05_2026_11_40,11771.00,11771.50,11756.90,11766.00,0,
04_05_2026_11_45,11766.30,11768.80,11757.70,11761.20,0,
04_05_2026_11_50,11762.00,11770.70,11759.80,11763.50,0,
04_05_2026_11_55,11763.20,11767.50,11758.90,11760.20,0,
04_05_2026_12_00,11761.30,11763.20,11755.20,11758.30,0,
04_05_2026_12_05,11758.00,11761.40,11750.00,11752.50,0,
04_05_2026_12_10,11752.70,11752.70,11740.70,11745.60,0,
04_05_2026_12_15,11745.30,11763.50,11742.20,11762.30,0,
04_05_2026_12_20,11762.30,11764.50,11750.20,11758.70,0,
04_05_2026_12_25,11758.50,11768.80,11756.10,11756.50,0,
04_05_2026_12_30,11757.30,11758.50,11740.50,11741.40,0,
04_05_2026_12_35,11741.30,11756.20,11739.30,11748.70,0,
04_05_2026_12_40,11749.00,11754.30,11740.00,11742.40,0,
04_05_2026_12_45,11741.30,11754.70,11732.90,11738.20,0,
04_05_2026_12_50,11738.20,11757.40,11731.40,11751.20,0,
04_05_2026_12_55,11750.00,11762.80,11748.00,11748.30,0,
04_05_2026_13_00,11748.20,11752.30,11735.20,11741.80,0,
04_05_2026_13_05,11740.80,11753.80,11736.50,11753.70,0,
04_05_2026_13_10,11752.80,11753.80,11746.70,11748.00,0,
04_05_2026_13_15,11747.90,11748.80,11727.30,11737.00,0,
04_05_2026_13_20,11737.10,11738.50,11713.60,11725.60,0,
04_05_2026_13_25,11725.20,11733.10,11704.30,11705.50,0,
04_05_2026_13_30,11705.20,11721.20,11698.50,11711.90,0,
04_05_2026_13_35,11712.20,11726.80,11706.50,11725.70,0,
04_05_2026_13_40,11725.10,11741.50,11723.80,11741.20,0,
04_05_2026_13_45,11741.00,11741.20,11730.30,11732.50,0,
04_05_2026_13_50,11732.40,11745.30,11730.80,11732.70,0,
04_05_2026_13_55,11732.50,11734.30,11721.00,11730.00,0,
04_05_2026_14_00,11730.30,11733.30,11720.10,11723.40,0,
04_05_2026_14_05,11723.50,11731.80,11723.50,11729.70,0,
04_05_2026_14_10,11731.50,11751.10,11731.50,11739.20,0,
04_05_2026_14_15,11741.50,11755.80,11736.50,11752.00,0,
04_05_2026_14_20,11751.50,11756.00,11740.00,11747.30,0,
04_05_2026_14_25,11747.30,11749.60,11736.50,11744.50,0,
04_05_2026_14_30,11744.50,11750.10,11739.60,11742.40,0,
04_05_2026_14_35,11742.40,11746.50,11740.30,11745.90,0,
04_05_2026_14_40,11744.20,11745.80,11721.90,11729.30,0,
04_05_2026_14_45,11730.20,11730.30,11720.70,11722.00,0,
04_05_2026_14_50,11722.70,11734.20,11717.20,11733.90,0,
04_05_2026_14_55,11734.60,11741.80,11727.80,11731.60,0,
04_05_2026_15_00,11732.30,11733.80,11720.00,11728.70,0,
04_05_2026_15_05,11729.10,11739.50,11724.80,11732.30,0,
04_05_2026_15_10,11733.20,11733.30,11721.80,11725.20,0,
04_05_2026_15_15,11725.30,11733.40,11720.80,11724.20,0,
04_05_2026_15_20,11726.50,11738.60,11723.50,11736.80,0,
04_05_2026_15_25,11737.70,11759.60,11735.50,11758.30,0,
05_05_2026_09_15,11732.70,11766.20,11713.80,11718.80,0,
05_05_2026_09_20,11718.50,11737.20,11687.10,11721.00,0,
05_05_2026_09_25,11720.60,11732.50,11712.80,11717.70,0,
05_05_2026_09_30,11716.50,11740.80,11711.10,11740.70,0,
05_05_2026_09_35,11740.70,11755.30,11709.30,11714.50,0,
05_05_2026_09_40,11714.80,11741.80,11704.80,11740.90,0,
05_05_2026_09_45,11742.20,11747.70,11727.20,11728.70,0,
05_05_2026_09_50,11728.00,11728.50,11703.20,11709.00,0,
05_05_2026_09_55,11708.80,11710.30,11700.00,11708.40,0,
05_05_2026_10_00,11708.40,11716.00,11697.50,11702.50,0,
05_05_2026_10_05,11701.70,11708.70,11693.40,11696.80,0,
05_05_2026_10_10,11696.50,11700.70,11685.60,11686.80,0,
05_05_2026_10_15,11687.00,11688.00,11667.70,11670.50,0,
05_05_2026_10_20,11670.70,11672.00,11646.80,11655.20,0,
05_05_2026_10_25,11654.80,11655.00,11628.20,11633.80,0,
05_05_2026_10_30,11633.30,11637.60,11616.80,11619.20,0,
05_05_2026_10_35,11619.00,11622.20,11607.20,11613.70,0,
05_05_2026_10_40,11613.00,11616.50,11605.60,11607.40,0,
05_05_2026_10_45,11608.80,11616.90,11603.20,11616.70,0,
05_05_2026_10_50,11615.90,11618.40,11598.50,11602.10,0,
05_05_2026_10_55,11601.00,11603.10,11581.70,11586.10,0,
05_05_2026_11_00,11586.30,11595.70,11577.80,11594.60,0,
05_05_2026_11_05,11594.20,11597.80,11589.30,11589.30,0,
05_05_2026_11_10,11590.80,11603.80,11587.70,11600.10,0,
05_05_2026_11_15,11599.90,11609.50,11597.00,11599.00,0,
05_05_2026_11_20,11599.00,11604.50,11598.00,11602.50,0,
05_05_2026_11_25,11602.50,11603.10,11595.00,11598.80,0,
05_05_2026_11_30,11599.00,11615.30,11596.80,11609.70,0,
05_05_2026_11_35,11609.20,11619.50,11597.80,11600.10,0,
05_05_2026_11_40,11600.00,11601.30,11589.40,11593.50,0,
05_05_2026_11_45,11593.20,11600.50,11579.40,11587.20,0,
05_05_2026_11_50,11585.40,11591.20,11582.20,11584.50,0,
05_05_2026_11_55,11584.80,11592.00,11578.80,11589.80,0,
05_05_2026_12_00,11589.90,11614.50,11588.30,11611.60,0,
05_05_2026_12_05,11610.50,11629.50,11609.20,11627.00,0,
05_05_2026_12_10,11627.00,11637.40,11624.20,11634.90,0,
05_05_2026_12_15,11635.00,11646.20,11628.70,11645.60,0,
05_05_2026_12_20,11645.30,11657.40,11644.10,11651.90,0,
05_05_2026_12_25,11651.20,11654.80,11635.90,11637.60,0,
05_05_2026_12_30,11638.20,11645.30,11629.30,11636.80,0,
05_05_2026_12_35,11636.00,11645.80,11635.20,11642.00,0,
05_05_2026_12_40,11642.20,11651.40,11639.20,11645.20,0,
05_05_2026_12_45,11647.00,11667.80,11645.00,11667.20,0,
05_05_2026_12_50,11667.10,11695.90,11666.90,11681.30,0,
05_05_2026_12_55,11681.70,11686.90,11678.70,11685.20,0,
05_05_2026_13_00,11684.80,11690.50,11680.20,11680.50,0,
05_05_2026_13_05,11680.40,11702.00,11678.80,11692.90,0,
05_05_2026_13_10,11693.00,11705.00,11690.20,11703.60,0,
05_05_2026_13_15,11701.00,11708.80,11682.60,11684.90,0,
05_05_2026_13_20,11684.80,11705.80,11683.60,11697.50,0,
05_05_2026_13_25,11696.50,11704.30,11692.80,11700.30,0,
05_05_2026_13_30,11698.80,11701.50,11690.00,11691.50,0,
05_05_2026_13_35,11689.60,11706.70,11689.60,11695.90,0,
05_05_2026_13_40,11695.60,11706.20,11690.70,11701.00,0,
05_05_2026_13_45,11701.50,11708.00,11692.20,11701.50,0,
05_05_2026_13_50,11701.30,11703.50,11681.80,11687.80,0,
05_05_2026_13_55,11688.10,11707.20,11688.10,11698.40,0,
05_05_2026_14_00,11698.00,11704.00,11684.40,11686.60,0,
05_05_2026_14_05,11686.80,11690.80,11682.30,11688.00,0,
05_05_2026_14_10,11687.80,11692.40,11679.70,11686.80,0,
05_05_2026_14_15,11686.00,11693.80,11681.60,11692.50,0,
05_05_2026_14_20,11692.30,11696.60,11687.30,11690.00,0,
05_05_2026_14_25,11690.00,11700.80,11687.50,11700.20,0,
05_05_2026_14_30,11700.30,11702.70,11684.00,11687.80,0,
05_05_2026_14_35,11687.80,11694.80,11682.50,11690.70,0,
05_05_2026_14_40,11691.80,11694.70,11685.70,11689.50,0,
05_05_2026_14_45,11689.50,11692.00,11678.50,11684.80,0,
05_05_2026_14_50,11685.10,11690.60,11676.00,11682.10,0,
05_05_2026_14_55,11682.00,11686.00,11677.80,11678.50,0,
05_05_2026_15_00,11680.20,11693.00,11675.80,11689.20,0,
05_05_2026_15_05,11689.50,11706.00,11682.20,11703.60,0,
05_05_2026_15_10,11703.20,11705.00,11691.30,11700.90,0,
05_05_2026_15_15,11701.00,11707.50,11696.60,11706.20,0,
05_05_2026_15_20,11706.10,11707.80,11700.00,11704.70,0,
05_05_2026_15_25,11706.20,11723.60,11705.00,11710.00,0,
06_05_2026_09_15,11758.70,11779.90,11728.00,11733.00,0,
06_05_2026_09_20,11733.80,11766.60,11733.80,11759.20,0,
06_05_2026_09_25,11760.80,11765.80,11742.80,11743.70,0,
06_05_2026_09_30,11743.80,11751.50,11731.50,11733.40,0,
06_05_2026_09_35,11733.40,11735.10,11725.20,11730.70,0,
06_05_2026_09_40,11731.20,11735.80,11719.60,11733.80,0,
06_05_2026_09_45,11733.70,11747.10,11727.10,11727.50,0,
06_05_2026_09_50,11727.30,11738.50,11717.30,11735.80,0,
06_05_2026_09_55,11735.10,11742.70,11729.40,11729.80,0,
06_05_2026_10_00,11729.80,11731.40,11712.20,11713.80,0,
06_05_2026_10_05,11714.00,11716.40,11703.40,11709.20,0,
06_05_2026_10_10,11708.30,11721.90,11704.30,11719.20,0,
06_05_2026_10_15,11719.20,11719.20,11705.80,11713.60,0,
06_05_2026_10_20,11713.50,11720.80,11708.70,11710.70,0,
06_05_2026_10_25,11709.00,11723.20,11709.00,11716.20,0,
06_05_2026_10_30,11717.30,11717.30,11687.00,11688.50,0,
06_05_2026_10_35,11686.90,11691.50,11679.80,11686.40,0,
06_05_2026_10_40,11687.00,11698.30,11684.20,11693.20,0,
06_05_2026_10_45,11693.20,11693.20,11683.20,11687.00,0,
06_05_2026_10_50,11687.20,11688.20,11675.20,11678.50,0,
06_05_2026_10_55,11678.00,11684.40,11665.00,11668.20,0,
06_05_2026_11_00,11668.50,11678.30,11666.20,11671.00,0,
06_05_2026_11_05,11672.00,11677.00,11668.50,11675.50,0,
06_05_2026_11_10,11675.80,11678.80,11668.70,11675.00,0,
06_05_2026_11_15,11675.00,11677.70,11669.20,11671.20,0,
06_05_2026_11_20,11670.90,11678.50,11668.30,11668.30,0,
06_05_2026_11_25,11669.00,11680.80,11667.20,11679.80,0,
06_05_2026_11_30,11680.00,11690.30,11678.40,11681.60,0,
06_05_2026_11_35,11681.80,11682.00,11663.50,11664.50,0,
06_05_2026_11_40,11664.00,11675.30,11662.50,11672.30,0,
06_05_2026_11_45,11674.00,11681.30,11667.70,11681.30,0,
06_05_2026_11_50,11681.80,11685.30,11676.20,11682.00,0,
06_05_2026_11_55,11682.60,11684.00,11672.80,11675.40,0,
06_05_2026_12_00,11676.80,11680.20,11672.00,11673.80,0,
06_05_2026_12_05,11673.80,11687.40,11670.10,11686.00,0,
06_05_2026_12_10,11686.20,11687.40,11681.30,11683.80,0,
06_05_2026_12_15,11684.20,11684.20,11666.20,11674.50,0,
06_05_2026_12_20,11675.20,11675.20,11648.00,11666.50,0,
06_05_2026_12_25,11667.00,11675.40,11663.80,11672.90,0,
06_05_2026_12_30,11673.00,11674.20,11662.50,11665.10,0,
06_05_2026_12_35,11664.20,11665.30,11639.80,11645.30,0,
06_05_2026_12_40,11645.30,11647.20,11628.60,11630.00,0,
06_05_2026_12_45,11629.80,11631.70,11623.00,11630.00,0,
06_05_2026_12_50,11630.10,11630.20,11600.80,11611.50,0,
06_05_2026_12_55,11611.20,11621.20,11607.30,11619.20,0,
06_05_2026_13_00,11620.20,11620.80,11614.70,11618.70,0,
06_05_2026_13_05,11618.20,11637.00,11615.90,11637.00,0,
06_05_2026_13_10,11636.50,11640.70,11626.80,11631.80,0,
06_05_2026_13_15,11632.40,11642.90,11626.50,11640.50,0,
06_05_2026_13_20,11640.40,11647.50,11638.20,11642.20,0,
06_05_2026_13_25,11642.20,11648.90,11633.10,11635.70,0,
06_05_2026_13_30,11635.60,11664.30,11632.20,11644.70,0,
06_05_2026_13_35,11646.50,11667.00,11640.80,11651.30,0,
06_05_2026_13_40,11651.50,11673.20,11640.00,11669.30,0,
06_05_2026_13_45,11669.10,11672.00,11654.70,11657.30,0,
06_05_2026_13_50,11657.80,11675.50,11652.60,11674.80,0,
06_05_2026_13_55,11674.80,11682.80,11671.80,11679.20,0,
06_05_2026_14_00,11680.20,11687.20,11668.80,11682.00,0,
06_05_2026_14_05,11684.00,11704.30,11682.20,11696.30,0,
06_05_2026_14_10,11695.00,11709.80,11694.20,11706.80,0,
06_05_2026_14_15,11707.10,11713.20,11702.40,11703.50,0,
06_05_2026_14_20,11703.50,11771.60,11702.50,11768.00,0,
06_05_2026_14_25,11768.30,11792.50,11759.80,11784.10,0,
06_05_2026_14_30,11784.40,11789.20,11760.00,11772.30,0,
06_05_2026_14_35,11772.00,11784.50,11742.90,11750.20,0,
06_05_2026_14_40,11750.70,11778.50,11750.50,11773.70,0,
06_05_2026_14_45,11773.90,11775.20,11757.00,11762.00,0,
06_05_2026_14_50,11760.60,11761.00,11735.00,11739.50,0,
06_05_2026_14_55,11739.00,11739.00,11727.00,11732.20,0,
06_05_2026_15_00,11733.80,11740.30,11708.30,11719.50,0,
06_05_2026_15_05,11720.00,11723.80,11711.80,11720.70,0,
06_05_2026_15_10,11721.00,11722.70,11712.40,11714.00,0,
06_05_2026_15_15,11713.50,11729.20,11710.90,11729.20,0,
06_05_2026_15_20,11729.40,11730.20,11713.60,11719.00,0,
06_05_2026_15_25,11719.70,11733.70,11715.20,11731.50,0,
07_05_2026_09_15,11760.50,11768.20,11697.30,11711.50,0,
07_05_2026_09_20,11709.00,11734.80,11707.30,11722.20,0,
07_05_2026_09_25,11722.20,11724.20,11699.80,11705.90,0,
07_05_2026_09_30,11707.80,11711.80,11694.00,11701.90,0,
07_05_2026_09_35,11701.90,11705.50,11686.90,11694.20,0,
07_05_2026_09_40,11694.20,11726.50,11694.00,11718.20,0,
07_05_2026_09_45,11718.00,11718.00,11692.50,11694.30,0,
07_05_2026_09_50,11695.00,11695.80,11684.10,11688.10,0,
07_05_2026_09_55,11689.60,11694.30,11681.40,11690.80,0,
07_05_2026_10_00,11690.50,11695.40,11685.00,11694.80,0,
07_05_2026_10_05,11694.70,11695.00,11661.50,11675.30,0,
07_05_2026_10_10,11675.80,11683.00,11671.60,11683.00,0,
07_05_2026_10_15,11684.00,11710.80,11681.00,11709.40,0,
07_05_2026_10_20,11708.90,11711.60,11697.70,11702.80,0,
07_05_2026_10_25,11702.90,11723.70,11700.70,11717.70,0,
07_05_2026_10_30,11718.30,11727.20,11713.60,11718.20,0,
07_05_2026_10_35,11718.30,11730.50,11712.80,11730.20,0,
07_05_2026_10_40,11730.50,11736.60,11729.20,11736.20,0,
07_05_2026_10_45,11736.30,11737.90,11722.90,11730.00,0,
07_05_2026_10_50,11729.80,11729.80,11713.70,11714.00,0,
07_05_2026_10_55,11714.80,11717.00,11700.10,11702.50,0,
07_05_2026_11_00,11702.70,11704.50,11694.50,11698.30,0,
07_05_2026_11_05,11698.50,11702.00,11691.40,11693.70,0,
07_05_2026_11_10,11693.50,11699.30,11687.80,11691.60,0,
07_05_2026_11_15,11690.40,11698.00,11688.80,11691.50,0,
07_05_2026_11_20,11691.50,11691.80,11678.30,11685.80,0,
07_05_2026_11_25,11686.60,11686.60,11677.90,11685.50,0,
07_05_2026_11_30,11685.20,11699.40,11683.90,11688.00,0,
07_05_2026_11_35,11688.10,11688.30,11680.10,11681.20,0,
07_05_2026_11_40,11681.00,11681.10,11664.20,11664.50,0,
07_05_2026_11_45,11664.50,11675.50,11657.80,11675.50,0,
07_05_2026_11_50,11675.20,11689.00,11675.20,11682.80,0,
07_05_2026_11_55,11683.00,11691.20,11676.20,11689.00,0,
07_05_2026_12_00,11688.80,11697.00,11687.10,11690.80,0,
07_05_2026_12_05,11691.90,11702.00,11691.80,11700.80,0,
07_05_2026_12_10,11700.80,11705.90,11698.90,11702.30,0,
07_05_2026_12_15,11702.30,11709.20,11701.00,11701.20,0,
07_05_2026_12_20,11702.00,11713.80,11701.60,11713.20,0,
07_05_2026_12_25,11712.70,11723.20,11708.80,11720.20,0,
07_05_2026_12_30,11719.50,11723.50,11698.70,11713.80,0,
07_05_2026_12_35,11712.50,11750.00,11703.00,11745.20,0,
07_05_2026_12_40,11745.60,11768.50,11743.20,11749.50,0,
07_05_2026_12_45,11749.50,11777.30,11739.10,11763.80,0,
07_05_2026_12_50,11763.10,11767.90,11726.50,11745.00,0,
07_05_2026_12_55,11745.20,11758.00,11725.80,11732.00,0,
07_05_2026_13_00,11731.80,11754.40,11731.80,11739.80,0,
07_05_2026_13_05,11741.10,11751.70,11725.20,11729.30,0,
07_05_2026_13_10,11728.40,11729.90,11717.00,11722.00,0,
07_05_2026_13_15,11722.80,11733.70,11695.30,11706.80,0,
07_05_2026_13_20,11706.50,11717.70,11705.10,11709.80,0,
07_05_2026_13_25,11710.40,11716.70,11706.80,11711.20,0,
07_05_2026_13_30,11711.80,11724.00,11710.90,11721.80,0,
07_05_2026_13_35,11721.70,11723.00,11710.10,11712.10,0,
07_05_2026_13_40,11711.30,11735.80,11709.70,11724.90,0,
07_05_2026_13_45,11724.90,11730.20,11717.70,11727.70,0,
07_05_2026_13_50,11726.40,11731.40,11719.50,11731.20,0,
07_05_2026_13_55,11731.40,11734.30,11719.80,11728.80,0,
07_05_2026_14_00,11728.80,11730.80,11718.00,11721.50,0,
07_05_2026_14_05,11721.70,11736.00,11719.00,11736.00,0,
07_05_2026_14_10,11735.30,11736.60,11722.90,11729.00,0,
07_05_2026_14_15,11729.20,11729.80,11718.20,11720.90,0,
07_05_2026_14_20,11720.80,11735.30,11718.50,11733.00,0,
07_05_2026_14_25,11733.50,11744.90,11729.70,11737.50,0,
07_05_2026_14_30,11738.40,11743.00,11729.10,11729.30,0,
07_05_2026_14_35,11730.60,11732.00,11720.00,11722.50,0,
07_05_2026_14_40,11722.80,11727.40,11715.30,11720.10,0,
07_05_2026_14_45,11720.10,11724.60,11709.20,11713.10,0,
07_05_2026_14_50,11714.80,11720.70,11712.60,11713.00,0,
07_05_2026_14_55,11713.10,11720.90,11711.70,11715.50,0,
07_05_2026_15_00,11714.80,11735.80,11691.80,11714.70,0,
07_05_2026_15_05,11714.50,11725.40,11701.50,11711.80,0,
07_05_2026_15_10,11712.90,11713.70,11693.70,11698.00,0,
07_05_2026_15_15,11698.50,11708.50,11696.00,11706.50,0,
07_05_2026_15_20,11707.00,11707.00,11701.30,11703.40,0,
07_05_2026_15_25,11702.30,11719.30,11702.20,11715.00,0,
08_05_2026_09_15,11659.50,11661.80,11606.00,11630.00,0,
08_05_2026_09_20,11629.60,11631.20,11604.30,11605.80,0,
08_05_2026_09_25,11605.80,11630.70,11602.10,11628.50,0,
08_05_2026_09_30,11628.50,11630.70,11606.20,11620.50,0,
08_05_2026_09_35,11620.80,11621.20,11597.30,11598.10,0,
08_05_2026_09_40,11598.10,11598.10,11575.30,11577.20,0,
08_05_2026_09_45,11576.10,11583.50,11566.00,11583.00,0,
08_05_2026_09_50,11583.40,11590.80,11578.50,11589.20,0,
08_05_2026_09_55,11589.80,11603.60,11589.40,11603.30,0,
08_05_2026_10_00,11602.70,11607.90,11599.20,11607.50,0,
08_05_2026_10_05,11607.50,11616.90,11605.00,11615.40,0,
08_05_2026_10_10,11615.40,11631.70,11607.80,11630.30,0,
08_05_2026_10_15,11631.80,11632.10,11614.60,11623.00,0,
08_05_2026_10_20,11623.50,11632.80,11621.00,11630.80,0,
08_05_2026_10_25,11631.00,11633.50,11624.50,11627.00,0,
08_05_2026_10_30,11627.80,11640.60,11625.00,11633.50,0,
08_05_2026_10_35,11632.90,11643.20,11628.50,11641.10,0,
08_05_2026_10_40,11641.50,11656.10,11639.70,11645.40,0,
08_05_2026_10_45,11645.00,11645.20,11631.70,11633.80,0,
08_05_2026_10_50,11632.80,11633.70,11616.50,11624.80,0,
08_05_2026_10_55,11625.50,11633.20,11623.50,11628.20,0,
08_05_2026_11_00,11628.10,11644.50,11626.20,11639.20,0,
08_05_2026_11_05,11638.50,11640.00,11631.20,11631.90,0,
08_05_2026_11_10,11631.90,11637.20,11626.70,11637.20,0,
08_05_2026_11_15,11637.20,11638.30,11619.20,11620.80,0,
08_05_2026_11_20,11620.80,11628.20,11611.20,11616.70,0,
08_05_2026_11_25,11617.40,11618.00,11607.30,11611.90,0,
08_05_2026_11_30,11612.80,11623.20,11606.80,11621.20,0,
08_05_2026_11_35,11621.90,11623.00,11609.30,11612.00,0,
08_05_2026_11_40,11611.80,11617.00,11606.00,11614.10,0,
08_05_2026_11_45,11614.10,11614.90,11603.50,11603.90,0,
08_05_2026_11_50,11604.80,11606.60,11600.20,11605.10,0,
08_05_2026_11_55,11604.50,11604.50,11593.00,11599.30,0,
08_05_2026_12_00,11599.80,11605.20,11593.70,11604.30,0,
08_05_2026_12_05,11604.00,11604.50,11591.90,11593.80,0,
08_05_2026_12_10,11593.80,11594.40,11588.00,11591.80,0,
08_05_2026_12_15,11591.80,11598.70,11584.60,11598.20,0,
08_05_2026_12_20,11598.90,11601.00,11592.10,11596.70,0,
08_05_2026_12_25,11596.70,11601.70,11594.60,11597.20,0,
08_05_2026_12_30,11598.80,11600.60,11585.80,11590.30,0,
08_05_2026_12_35,11590.50,11591.70,11583.60,11584.60,0,
08_05_2026_12_40,11585.00,11587.20,11580.50,11581.00,0,
08_05_2026_12_45,11581.30,11581.80,11571.50,11581.20,0,
08_05_2026_12_50,11580.00,11584.50,11574.00,11581.50,0,
08_05_2026_12_55,11581.70,11586.50,11572.50,11572.50,0,
08_05_2026_13_00,11572.80,11575.50,11568.00,11568.00,0,
08_05_2026_13_05,11568.60,11573.20,11566.80,11570.00,0,
08_05_2026_13_10,11570.20,11576.50,11567.80,11571.70,0,
08_05_2026_13_15,11571.70,11575.50,11569.20,11570.30,0,
08_05_2026_13_20,11570.30,11579.30,11570.00,11577.40,0,
08_05_2026_13_25,11577.20,11594.70,11574.20,11589.50,0,
08_05_2026_13_30,11590.00,11592.70,11575.80,11580.00,0,
08_05_2026_13_35,11580.20,11581.70,11572.00,11573.40,0,
08_05_2026_13_40,11573.30,11579.20,11566.50,11569.00,0,
08_05_2026_13_45,11569.40,11571.60,11566.00,11568.00,0,
08_05_2026_13_50,11568.00,11570.90,11562.30,11570.80,0,
08_05_2026_13_55,11571.20,11571.70,11554.70,11558.30,0,
08_05_2026_14_00,11558.20,11564.80,11554.20,11564.20,0,
08_05_2026_14_05,11563.80,11575.20,11563.30,11572.80,0,
08_05_2026_14_10,11573.00,11574.50,11558.70,11559.90,0,
08_05_2026_14_15,11559.90,11567.50,11558.20,11563.10,0,
08_05_2026_14_20,11563.30,11566.10,11558.70,11565.20,0,
08_05_2026_14_25,11565.30,11577.20,11562.50,11576.50,0,
08_05_2026_14_30,11576.80,11595.70,11576.50,11591.20,0,
08_05_2026_14_35,11591.00,11606.50,11590.80,11605.30,0,
08_05_2026_14_40,11605.30,11638.70,11604.00,11632.80,0,
08_05_2026_14_45,11633.00,11635.80,11620.80,11632.20,0,
08_05_2026_14_50,11632.40,11633.20,11624.80,11627.20,0,
08_05_2026_14_55,11627.80,11630.00,11613.20,11616.80,0,
08_05_2026_15_00,11615.70,11615.70,11592.60,11594.50,0,
08_05_2026_15_05,11595.20,11603.50,11594.00,11602.50,0,
08_05_2026_15_10,11602.50,11609.80,11595.00,11597.20,0,
08_05_2026_15_15,11597.30,11609.70,11595.80,11600.20,0,
08_05_2026_15_20,11600.20,11602.90,11592.80,11601.20,0,
08_05_2026_15_25,11600.80,11608.00,11597.50,11606.70,0,
11_05_2026_09_15,11537.00,11538.40,11461.00,11470.40,0,
11_05_2026_09_20,11472.40,11479.00,11450.60,11473.80,0,
11_05_2026_09_25,11473.70,11483.40,11443.70,11481.20,0,
11_05_2026_09_30,11480.80,11482.10,11431.20,11438.70,0,
11_05_2026_09_35,11438.70,11440.70,11420.20,11421.30,0,
11_05_2026_09_40,11423.00,11446.00,11414.90,11419.80,0,
11_05_2026_09_45,11419.20,11437.80,11407.40,11434.00,0,
11_05_2026_09_50,11433.20,11436.40,11422.50,11434.80,0,
11_05_2026_09_55,11435.50,11446.80,11424.90,11439.70,0,
11_05_2026_10_00,11439.30,11451.50,11439.20,11447.80,0,
11_05_2026_10_05,11447.80,11449.20,11434.70,11437.00,0,
11_05_2026_10_10,11436.90,11466.50,11435.80,11462.80,0,
11_05_2026_10_15,11464.20,11464.30,11433.50,11433.70,0,
11_05_2026_10_20,11433.70,11451.10,11431.90,11447.00,0,
11_05_2026_10_25,11448.20,11448.90,11439.20,11446.80,0,
11_05_2026_10_30,11447.50,11451.80,11440.30,11442.00,0,
11_05_2026_10_35,11442.00,11442.80,11432.50,11442.80,0,
11_05_2026_10_40,11442.80,11443.00,11424.30,11432.80,0,
11_05_2026_10_45,11431.80,11440.50,11427.30,11438.50,0,
11_05_2026_10_50,11438.70,11448.40,11437.70,11448.40,0,
11_05_2026_10_55,11448.60,11451.30,11445.50,11449.10,0,
11_05_2026_11_00,11449.50,11454.00,11442.20,11454.00,0,
11_05_2026_11_05,11452.50,11456.50,11448.40,11452.20,0,
11_05_2026_11_10,11451.80,11459.90,11448.60,11451.80,0,
11_05_2026_11_15,11450.80,11459.20,11447.00,11448.30,0,
11_05_2026_11_20,11448.80,11458.30,11446.20,11447.00,0,
11_05_2026_11_25,11447.80,11450.50,11437.50,11446.00,0,
11_05_2026_11_30,11446.10,11448.80,11437.80,11443.30,0,
11_05_2026_11_35,11443.20,11447.00,11437.80,11441.40,0,
11_05_2026_11_40,11441.40,11447.30,11437.70,11446.30,0,
11_05_2026_11_45,11446.30,11449.00,11424.80,11426.00,0,
11_05_2026_11_50,11426.50,11432.20,11424.90,11429.70,0,
11_05_2026_11_55,11429.20,11430.70,11419.80,11424.20,0,
11_05_2026_12_00,11424.50,11425.30,11413.80,11416.80,0,
11_05_2026_12_05,11418.20,11428.00,11416.40,11427.90,0,
11_05_2026_12_10,11427.50,11435.20,11424.80,11431.00,0,
11_05_2026_12_15,11430.50,11431.10,11418.40,11423.00,0,
11_05_2026_12_20,11422.80,11425.30,11418.20,11423.80,0,
11_05_2026_12_25,11423.60,11424.50,11408.50,11409.50,0,
11_05_2026_12_30,11409.80,11411.20,11398.00,11407.50,0,
11_05_2026_12_35,11407.30,11409.80,11392.20,11393.50,0,
11_05_2026_12_40,11394.00,11403.80,11393.30,11402.00,0,
11_05_2026_12_45,11401.30,11409.00,11401.30,11406.80,0,
11_05_2026_12_50,11407.50,11419.20,11405.80,11408.30,0,
11_05_2026_12_55,11408.00,11416.00,11407.20,11413.70,0,
11_05_2026_13_00,11413.70,11414.80,11396.80,11396.80,0,
11_05_2026_13_05,11396.50,11404.50,11388.50,11404.50,0,
11_05_2026_13_10,11404.60,11410.60,11403.30,11409.10,0,
11_05_2026_13_15,11410.10,11411.00,11397.80,11398.80,0,
11_05_2026_13_20,11399.00,11406.80,11399.00,11405.80,0,
11_05_2026_13_25,11406.80,11407.50,11403.30,11403.80,0,
11_05_2026_13_30,11405.80,11408.00,11395.00,11397.40,0,
11_05_2026_13_35,11397.40,11411.50,11394.50,11394.80,0,
11_05_2026_13_40,11393.80,11400.50,11389.20,11396.00,0,
11_05_2026_13_45,11396.40,11407.60,11395.00,11401.90,0,
11_05_2026_13_50,11402.00,11409.20,11400.30,11408.30,0,
11_05_2026_13_55,11408.30,11410.00,11401.50,11404.20,0,
11_05_2026_14_00,11403.90,11406.00,11398.00,11402.20,0,
11_05_2026_14_05,11402.00,11409.80,11400.00,11404.90,0,
11_05_2026_14_10,11404.80,11406.20,11390.40,11391.50,0,
11_05_2026_14_15,11391.40,11397.40,11389.20,11395.70,0,
11_05_2026_14_20,11395.80,11400.80,11394.00,11399.80,0,
11_05_2026_14_25,11399.80,11405.80,11389.70,11395.80,0,
11_05_2026_14_30,11396.20,11413.20,11394.80,11413.00,0,
11_05_2026_14_35,11411.80,11413.20,11397.00,11402.20,0,
11_05_2026_14_40,11401.50,11404.00,11391.00,11391.80,0,
11_05_2026_14_45,11391.50,11399.90,11380.00,11382.20,0,
11_05_2026_14_50,11382.20,11394.30,11382.20,11389.40,0,
11_05_2026_14_55,11389.00,11390.00,11377.00,11379.50,0,
11_05_2026_15_00,11378.20,11382.20,11348.20,11357.20,0,
11_05_2026_15_05,11356.20,11356.50,11336.90,11341.00,0,
11_05_2026_15_10,11340.80,11345.30,11327.10,11329.80,0,
11_05_2026_15_15,11329.60,11340.10,11327.90,11330.50,0,
11_05_2026_15_20,11328.70,11334.70,11323.50,11330.00,0,
11_05_2026_15_25,11328.80,11336.70,11325.20,11334.70,0,
12_05_2026_09_15,11349.50,11427.80,11343.30,11419.70,0,
12_05_2026_09_20,11416.70,11435.80,11395.20,11399.00,0,
12_05_2026_09_25,11398.30,11411.80,11360.00,11372.60,0,
12_05_2026_09_30,11373.30,11378.00,11360.20,11365.70,0,
12_05_2026_09_35,11365.70,11367.20,11336.50,11349.00,0,
12_05_2026_09_40,11348.80,11362.80,11347.00,11354.60,0,
12_05_2026_09_45,11353.70,11370.30,11348.50,11369.70,0,
12_05_2026_09_50,11368.80,11391.80,11364.90,11391.60,0,
12_05_2026_09_55,11392.00,11405.00,11378.60,11388.70,0,
12_05_2026_10_00,11388.50,11410.80,11388.50,11405.00,0,
12_05_2026_10_05,11404.80,11413.70,11395.70,11398.70,0,
12_05_2026_10_10,11397.80,11415.00,11391.60,11407.50,0,
12_05_2026_10_15,11407.70,11418.50,11407.70,11418.50,0,
12_05_2026_10_20,11418.00,11424.20,11409.80,11410.70,0,
12_05_2026_10_25,11410.20,11417.10,11397.80,11413.00,0,
12_05_2026_10_30,11413.50,11418.10,11399.40,11417.50,0,
12_05_2026_10_35,11417.50,11438.30,11414.70,11423.00,0,
12_05_2026_10_40,11425.00,11437.20,11421.20,11424.20,0,
12_05_2026_10_45,11424.00,11431.80,11421.80,11425.20,0,
12_05_2026_10_50,11424.90,11428.50,11420.40,11423.70,0,
12_05_2026_10_55,11423.80,11427.00,11417.70,11426.80,0,
12_05_2026_11_00,11426.40,11428.10,11410.30,11420.70,0,
12_05_2026_11_05,11420.20,11428.20,11414.90,11422.50,0,
12_05_2026_11_10,11423.40,11435.10,11416.60,11429.40,0,
12_05_2026_11_15,11429.90,11446.80,11428.00,11436.60,0,
12_05_2026_11_20,11436.20,11440.50,11423.80,11423.80,0,
12_05_2026_11_25,11425.70,11427.80,11398.80,11399.70,0,
12_05_2026_11_30,11398.30,11419.70,11397.50,11419.70,0,
12_05_2026_11_35,11419.30,11427.20,11412.40,11416.00,0,
12_05_2026_11_40,11417.10,11434.30,11413.60,11424.30,0,
12_05_2026_11_45,11424.50,11428.10,11418.90,11424.50,0,
12_05_2026_11_50,11425.20,11427.50,11418.80,11423.40,0,
12_05_2026_11_55,11424.30,11428.00,11414.80,11415.00,0,
12_05_2026_12_00,11415.20,11418.20,11407.70,11414.00,0,
12_05_2026_12_05,11414.00,11414.00,11393.50,11395.20,0,
12_05_2026_12_10,11394.20,11395.80,11385.80,11387.60,0,
12_05_2026_12_15,11389.20,11402.80,11386.80,11397.50,0,
12_05_2026_12_20,11395.20,11401.80,11384.50,11394.00,0,
12_05_2026_12_25,11394.70,11400.50,11385.70,11388.00,0,
12_05_2026_12_30,11389.00,11389.00,11368.30,11368.70,0,
12_05_2026_12_35,11369.00,11376.60,11362.70,11374.80,0,
12_05_2026_12_40,11374.40,11384.50,11370.20,11383.00,0,
12_05_2026_12_45,11382.50,11395.30,11378.70,11383.80,0,
12_05_2026_12_50,11383.10,11396.90,11379.80,11391.80,0,
12_05_2026_12_55,11392.20,11410.70,11390.00,11392.00,0,
12_05_2026_13_00,11392.40,11397.80,11388.20,11394.20,0,
12_05_2026_13_05,11394.80,11397.50,11374.80,11376.50,0,
12_05_2026_13_10,11375.80,11383.40,11364.50,11382.50,0,
12_05_2026_13_15,11380.70,11393.40,11379.90,11390.00,0,
12_05_2026_13_20,11389.70,11399.50,11380.90,11386.30,0,
12_05_2026_13_25,11385.90,11393.00,11379.80,11385.50,0,
12_05_2026_13_30,11385.50,11395.80,11382.20,11384.70,0,
12_05_2026_13_35,11383.00,11384.20,11376.00,11380.00,0,
12_05_2026_13_40,11380.80,11382.00,11372.40,11379.80,0,
12_05_2026_13_45,11379.20,11385.20,11370.40,11380.10,0,
12_05_2026_13_50,11380.60,11388.30,11374.40,11375.90,0,
12_05_2026_13_55,11376.00,11381.00,11370.00,11375.30,0,
12_05_2026_14_00,11374.50,11377.00,11363.40,11367.00,0,
12_05_2026_14_05,11367.60,11375.40,11362.30,11364.00,0,
12_05_2026_14_10,11363.80,11366.70,11356.40,11362.50,0,
12_05_2026_14_15,11360.60,11366.50,11359.60,11362.50,0,
12_05_2026_14_20,11362.20,11377.50,11354.50,11373.70,0,
12_05_2026_14_25,11372.80,11374.20,11353.00,11356.80,0,
12_05_2026_14_30,11357.80,11358.20,11337.00,11337.00,0,
12_05_2026_14_35,11337.50,11354.30,11335.20,11348.20,0,
12_05_2026_14_40,11347.30,11356.70,11345.80,11351.00,0,
12_05_2026_14_45,11350.70,11351.30,11333.60,11342.60,0,
12_05_2026_14_50,11343.30,11349.50,11328.20,11330.30,0,
12_05_2026_14_55,11329.90,11332.90,11322.50,11324.80,0,
12_05_2026_15_00,11324.50,11326.00,11300.80,11315.70,0,
12_05_2026_15_05,11314.80,11317.50,11292.50,11297.30,0,
12_05_2026_15_10,11297.30,11302.80,11276.80,11278.00,0,
12_05_2026_15_15,11278.40,11289.00,11275.00,11288.20,0,
12_05_2026_15_20,11288.10,11289.50,11277.60,11283.80,0,
12_05_2026_15_25,11284.10,11310.70,11276.70,11308.30,0,
13_05_2026_09_15,11326.40,11375.00,11314.00,11331.20,0,
13_05_2026_09_20,11332.50,11367.00,11332.20,11356.10,0,
13_05_2026_09_25,11356.80,11370.80,11329.40,11329.40,0,
13_05_2026_09_30,11331.30,11349.30,11318.50,11319.20,0,
13_05_2026_09_35,11318.70,11324.50,11270.50,11279.10,0,
13_05_2026_09_40,11279.50,11305.70,11271.50,11288.20,0,
13_05_2026_09_45,11288.00,11305.00,11284.80,11289.90,0,
13_05_2026_09_50,11289.50,11312.80,11285.60,11305.90,0,
13_05_2026_09_55,11306.20,11322.40,11301.30,11308.00,0,
13_05_2026_10_00,11308.00,11331.40,11303.10,11326.20,0,
13_05_2026_10_05,11326.00,11363.50,11325.30,11349.00,0,
13_05_2026_10_10,11349.20,11352.30,11336.60,11349.40,0,
13_05_2026_10_15,11348.70,11374.30,11344.20,11371.80,0,
13_05_2026_10_20,11371.50,11380.30,11364.70,11373.50,0,
13_05_2026_10_25,11373.20,11391.70,11373.20,11378.30,0,
13_05_2026_10_30,11378.30,11380.30,11368.70,11373.20,0,
13_05_2026_10_35,11372.80,11373.00,11352.30,11353.30,0,
13_05_2026_10_40,11353.00,11378.30,11353.00,11376.60,0,
13_05_2026_10_45,11376.50,11380.60,11370.50,11372.00,0,
13_05_2026_10_50,11372.20,11375.90,11367.00,11371.70,0,
13_05_2026_10_55,11372.00,11373.80,11346.00,11346.20,0,
13_05_2026_11_00,11347.30,11372.30,11343.50,11368.60,0,
13_05_2026_11_05,11368.50,11368.50,11353.90,11358.20,0,
13_05_2026_11_10,11357.80,11362.20,11334.80,11345.00,0,
13_05_2026_11_15,11344.80,11352.20,11343.50,11345.60,0,
13_05_2026_11_20,11345.70,11348.20,11339.00,11343.70,0,
13_05_2026_11_25,11343.80,11346.80,11338.50,11342.20,0,
13_05_2026_11_30,11343.70,11347.80,11338.30,11345.20,0,
13_05_2026_11_35,11344.00,11362.70,11343.70,11361.00,0,
13_05_2026_11_40,11361.50,11382.50,11361.50,11380.50,0,
13_05_2026_11_45,11380.20,11384.20,11369.90,11380.50,0,
13_05_2026_11_50,11380.80,11390.20,11375.70,11388.50,0,
13_05_2026_11_55,11387.80,11409.20,11369.00,11378.00,0,
13_05_2026_12_00,11377.00,11400.20,11377.00,11397.50,0,
13_05_2026_12_05,11397.50,11400.20,11385.50,11394.70,0,
13_05_2026_12_10,11394.20,11409.00,11392.20,11400.80,0,
13_05_2026_12_15,11401.50,11405.20,11384.20,11391.90,0,
13_05_2026_12_20,11391.30,11392.00,11379.30,11383.30,0,
13_05_2026_12_25,11382.80,11386.80,11378.10,11386.80,0,
13_05_2026_12_30,11386.30,11393.50,11377.30,11380.70,0,
13_05_2026_12_35,11380.70,11383.00,11361.40,11382.00,0,
13_05_2026_12_40,11382.50,11384.70,11368.00,11382.80,0,
13_05_2026_12_45,11382.30,11398.10,11378.70,11394.40,0,
13_05_2026_12_50,11394.30,11426.50,11393.20,11425.60,0,
13_05_2026_12_55,11426.60,11460.50,11426.60,11448.30,0,
13_05_2026_13_00,11448.70,11453.00,11423.50,11438.20,0,
13_05_2026_13_05,11437.50,11444.10,11426.80,11437.10,0,
13_05_2026_13_10,11437.10,11450.30,11436.20,11439.80,0,
13_05_2026_13_15,11439.90,11440.30,11422.70,11433.40,0,
13_05_2026_13_20,11433.50,11448.00,11431.40,11447.30,0,
13_05_2026_13_25,11447.30,11450.00,11436.40,11437.70,0,
13_05_2026_13_30,11435.70,11460.80,11435.70,11459.80,0,
13_05_2026_13_35,11460.00,11478.00,11458.70,11476.30,0,
13_05_2026_13_40,11478.90,11486.20,11467.30,11472.00,0,
13_05_2026_13_45,11471.60,11483.60,11465.90,11469.70,0,
13_05_2026_13_50,11470.00,11472.70,11457.70,11462.80,0,
13_05_2026_13_55,11462.70,11471.30,11448.90,11467.50,0,
13_05_2026_14_00,11469.20,11479.70,11466.40,11475.20,0,
13_05_2026_14_05,11474.60,11483.20,11470.50,11479.20,0,
13_05_2026_14_10,11479.00,11482.30,11475.60,11481.90,0,
13_05_2026_14_15,11482.20,11490.30,11476.60,11479.20,0,
13_05_2026_14_20,11478.30,11481.40,11461.80,11476.30,0,
13_05_2026_14_25,11475.00,11478.80,11458.00,11458.70,0,
13_05_2026_14_30,11460.30,11479.80,11458.80,11477.00,0,
13_05_2026_14_35,11476.80,11483.00,11468.00,11475.50,0,
13_05_2026_14_40,11476.30,11480.30,11469.00,11469.00,0,
13_05_2026_14_45,11469.80,11470.20,11456.30,11461.80,0,
13_05_2026_14_50,11462.50,11465.30,11458.10,11462.50,0,
13_05_2026_14_55,11462.10,11469.40,11462.10,11466.80,0,
13_05_2026_15_00,11467.80,11467.80,11434.30,11436.80,0,
13_05_2026_15_05,11435.10,11437.90,11423.20,11433.40,0,
13_05_2026_15_10,11432.80,11434.00,11423.30,11432.40,0,
13_05_2026_15_15,11432.30,11443.00,11432.30,11440.80,0,
13_05_2026_15_20,11440.00,11442.70,11429.00,11433.80,0,
13_05_2026_15_25,11434.00,11465.30,11433.80,11459.80,0,
14_05_2026_09_15,11527.80,11539.20,11473.90,11497.30,0,
14_05_2026_09_20,11497.20,11543.70,11496.30,11537.20,0,
14_05_2026_09_25,11537.20,11538.30,11513.90,11517.00,0,
14_05_2026_09_30,11517.00,11519.00,11477.50,11482.00,0,
14_05_2026_09_35,11482.50,11484.80,11459.70,11463.00,0,
14_05_2026_09_40,11463.60,11472.00,11455.50,11458.00,0,
14_05_2026_09_45,11458.70,11473.30,11457.00,11458.00,0,
14_05_2026_09_50,11458.60,11463.40,11426.80,11428.80,0,
14_05_2026_09_55,11429.00,11429.90,11410.60,11412.50,0,
14_05_2026_10_00,11411.30,11418.50,11401.90,11402.90,0,
14_05_2026_10_05,11404.00,11418.30,11399.60,11404.50,0,
14_05_2026_10_10,11404.70,11415.50,11395.20,11415.50,0,
14_05_2026_10_15,11416.20,11437.70,11410.30,11437.10,0,
14_05_2026_10_20,11436.50,11440.50,11414.30,11429.80,0,
14_05_2026_10_25,11428.80,11433.50,11424.30,11426.50,0,
14_05_2026_10_30,11426.40,11430.50,11421.80,11430.00,0,
14_05_2026_10_35,11430.20,11453.80,11430.20,11444.60,0,
14_05_2026_10_40,11444.80,11447.00,11430.00,11433.20,0,
14_05_2026_10_45,11433.70,11434.00,11412.20,11415.10,0,
14_05_2026_10_50,11415.20,11438.30,11410.20,11430.00,0,
14_05_2026_10_55,11431.00,11432.00,11411.00,11412.80,0,
14_05_2026_11_00,11413.00,11415.80,11383.30,11384.70,0,
14_05_2026_11_05,11384.40,11402.20,11382.20,11399.50,0,
14_05_2026_11_10,11399.80,11408.10,11396.10,11403.00,0,
14_05_2026_11_15,11402.90,11414.00,11401.10,11413.50,0,
14_05_2026_11_20,11413.10,11437.80,11412.80,11431.00,0,
14_05_2026_11_25,11431.80,11439.20,11425.50,11439.00,0,
14_05_2026_11_30,11439.50,11447.50,11433.70,11443.20,0,
14_05_2026_11_35,11442.70,11444.80,11427.30,11432.40,0,
14_05_2026_11_40,11434.00,11459.40,11427.30,11459.40,0,
14_05_2026_11_45,11458.70,11475.70,11447.80,11469.20,0,
14_05_2026_11_50,11470.30,11479.10,11447.50,11454.50,0,
14_05_2026_11_55,11454.50,11472.50,11453.50,11471.90,0,
14_05_2026_12_00,11471.00,11472.40,11456.20,11463.20,0,
14_05_2026_12_05,11462.90,11464.90,11449.30,11454.60,0,
14_05_2026_12_10,11454.50,11468.00,11446.20,11467.50,0,
14_05_2026_12_15,11467.20,11486.50,11465.80,11475.80,0,
14_05_2026_12_20,11475.70,11480.60,11472.50,11475.70,0,
14_05_2026_12_25,11475.50,11500.50,11472.70,11492.00,0,
14_05_2026_12_30,11492.60,11499.50,11486.20,11489.50,0,
14_05_2026_12_35,11489.50,11489.90,11472.70,11477.50,0,
14_05_2026_12_40,11478.00,11491.10,11477.00,11490.50,0,
14_05_2026_12_45,11490.20,11497.20,11485.50,11495.20,0,
14_05_2026_12_50,11496.80,11496.80,11478.30,11485.80,0,
14_05_2026_12_55,11486.20,11491.20,11481.20,11485.20,0,
14_05_2026_13_00,11484.70,11506.20,11484.00,11501.50,0,
14_05_2026_13_05,11502.30,11504.20,11487.50,11490.00,0,
14_05_2026_13_10,11490.00,11504.00,11487.70,11488.70,0,
14_05_2026_13_15,11489.80,11492.20,11474.80,11482.50,0,
14_05_2026_13_20,11482.40,11485.40,11468.20,11468.20,0,
14_05_2026_13_25,11470.00,11483.20,11469.10,11477.20,0,
14_05_2026_13_30,11475.70,11481.20,11469.20,11481.00,0,
14_05_2026_13_35,11480.80,11489.70,11478.20,11481.90,0,
14_05_2026_13_40,11482.50,11493.20,11476.80,11488.70,0,
14_05_2026_13_45,11489.70,11490.60,11477.50,11481.00,0,
14_05_2026_13_50,11480.90,11485.30,11469.80,11481.50,0,
14_05_2026_13_55,11481.20,11486.00,11475.20,11477.30,0,
14_05_2026_14_00,11477.20,11487.00,11472.90,11486.00,0,
14_05_2026_14_05,11487.10,11503.20,11484.00,11498.50,0,
14_05_2026_14_10,11497.60,11500.20,11486.00,11487.00,0,
14_05_2026_14_15,11487.30,11494.70,11483.80,11484.30,0,
14_05_2026_14_20,11485.20,11490.10,11479.20,11485.20,0,
14_05_2026_14_25,11486.00,11495.00,11485.10,11494.80,0,
14_05_2026_14_30,11494.80,11496.20,11483.70,11485.20,0,
14_05_2026_14_35,11484.90,11484.90,11453.90,11465.00,0,
14_05_2026_14_40,11465.40,11466.90,11454.40,11455.40,0,
14_05_2026_14_45,11455.70,11461.30,11446.80,11448.30,0,
14_05_2026_14_50,11448.80,11459.90,11446.20,11450.60,0,
14_05_2026_14_55,11451.00,11458.50,11441.00,11447.70,0,
14_05_2026_15_00,11447.70,11450.80,11438.50,11444.80,0,
14_05_2026_15_05,11445.50,11445.70,11428.50,11431.40,0,
14_05_2026_15_10,11431.80,11444.80,11430.40,11442.00,0,
14_05_2026_15_15,11441.20,11447.20,11436.30,11445.30,0,
14_05_2026_15_20,11445.50,11459.60,11437.60,11455.10,0,
14_05_2026_15_25,11456.20,11475.20,11444.00,11472.20,0,
15_05_2026_09_15,11467.60,11477.50,11376.50,11380.30,0,
15_05_2026_09_20,11380.50,11395.70,11362.40,11373.00,0,
15_05_2026_09_25,11372.10,11389.80,11361.20,11367.00,0,
15_05_2026_09_30,11366.90,11368.80,11311.00,11312.30,0,
15_05_2026_09_35,11311.90,11312.20,11295.80,11296.90,0,
15_05_2026_09_40,11297.70,11309.50,11285.50,11305.20,0,
15_05_2026_09_45,11304.80,11334.50,11303.40,11318.80,0,
15_05_2026_09_50,11319.00,11347.70,11318.20,11347.70,0,
15_05_2026_09_55,11347.00,11352.10,11339.50,11341.90,0,
15_05_2026_10_00,11341.70,11342.90,11326.30,11337.60,0,
15_05_2026_10_05,11337.30,11342.00,11327.50,11338.30,0,
15_05_2026_10_10,11338.30,11345.20,11322.50,11322.50,0,
15_05_2026_10_15,11323.30,11332.20,11313.00,11314.50,0,
15_05_2026_10_20,11314.60,11332.20,11306.30,11330.00,0,
15_05_2026_10_25,11330.90,11333.00,11322.80,11327.00,0,
15_05_2026_10_30,11327.50,11329.20,11312.10,11321.80,0,
15_05_2026_10_35,11321.70,11323.00,11318.20,11321.80,0,
15_05_2026_10_40,11321.50,11325.90,11318.50,11318.80,0,
15_05_2026_10_45,11319.00,11323.80,11315.50,11320.40,0,
15_05_2026_10_50,11320.30,11327.00,11317.90,11325.10,0,
15_05_2026_10_55,11325.20,11328.80,11320.80,11321.20,0,
15_05_2026_11_00,11321.00,11322.80,11295.90,11296.20,0,
15_05_2026_11_05,11295.90,11296.50,11284.50,11289.70,0,
15_05_2026_11_10,11289.70,11297.40,11283.20,11294.00,0,
15_05_2026_11_15,11293.80,11295.50,11282.10,11292.30,0,
15_05_2026_11_20,11293.10,11293.80,11283.20,11284.70,0,
15_05_2026_11_25,11284.70,11294.90,11284.70,11287.00,0,
15_05_2026_11_30,11287.00,11287.00,11268.80,11284.50,0,
15_05_2026_11_35,11284.00,11288.10,11277.30,11285.70,0,
15_05_2026_11_40,11285.50,11296.20,11281.50,11293.30,0,
15_05_2026_11_45,11293.30,11298.50,11285.30,11286.00,0,
15_05_2026_11_50,11285.80,11286.80,11271.80,11272.70,0,
15_05_2026_11_55,11272.20,11275.20,11262.40,11273.60,0,
15_05_2026_12_00,11273.40,11283.40,11271.30,11282.10,0,
15_05_2026_12_05,11283.10,11296.20,11281.40,11284.00,0,
15_05_2026_12_10,11284.30,11288.30,11282.20,11285.10,0,
15_05_2026_12_15,11285.00,11287.40,11276.50,11282.40,0,
15_05_2026_12_20,11282.40,11282.60,11273.80,11274.50,0,
15_05_2026_12_25,11274.30,11279.30,11270.60,11271.50,0,
15_05_2026_12_30,11271.70,11281.30,11269.50,11281.20,0,
15_05_2026_12_35,11281.50,11287.40,11281.20,11282.90,0,
15_05_2026_12_40,11282.90,11294.30,11282.90,11294.00,0,
15_05_2026_12_45,11295.00,11299.50,11285.50,11285.50,0,
15_05_2026_12_50,11285.50,11290.20,11281.90,11285.30,0,
15_05_2026_12_55,11285.00,11288.30,11281.30,11282.70,0,
15_05_2026_13_00,11283.00,11283.00,11277.40,11280.30,0,
15_05_2026_13_05,11280.70,11294.20,11280.50,11292.60,0,
15_05_2026_13_10,11292.90,11294.80,11287.50,11288.60,0,
15_05_2026_13_15,11288.60,11288.60,11274.50,11286.20,0,
15_05_2026_13_20,11286.20,11293.80,11284.50,11287.80,0,
15_05_2026_13_25,11288.80,11289.20,11280.00,11281.00,0,
15_05_2026_13_30,11281.00,11282.00,11276.30,11279.20,0,
15_05_2026_13_35,11279.00,11288.00,11277.90,11284.20,0,
15_05_2026_13_40,11284.50,11300.20,11284.00,11299.80,0,
15_05_2026_13_45,11299.40,11301.50,11270.30,11275.30,0,
15_05_2026_13_50,11275.30,11282.20,11270.10,11277.30,0,
15_05_2026_13_55,11277.50,11280.80,11275.00,11276.60,0,
15_05_2026_14_00,11276.50,11291.50,11276.50,11278.80,0,
15_05_2026_14_05,11278.00,11288.00,11274.80,11283.50,0,
15_05_2026_14_10,11282.80,11292.20,11281.90,11292.20,0,
15_05_2026_14_15,11293.00,11299.00,11288.00,11293.10,0,
15_05_2026_14_20,11293.30,11296.90,11287.00,11288.10,0,
15_05_2026_14_25,11287.90,11289.90,11276.00,11280.20,0,
15_05_2026_14_30,11282.70,11284.40,11274.70,11274.70,0,
15_05_2026_14_35,11274.90,11275.30,11262.60,11265.70,0,
15_05_2026_14_40,11266.60,11272.50,11263.80,11265.70,0,
15_05_2026_14_45,11265.60,11265.60,11240.00,11240.00,0,
15_05_2026_14_50,11240.00,11249.80,11235.30,11240.10,0,
15_05_2026_14_55,11239.70,11250.80,11229.20,11243.50,0,
15_05_2026_15_00,11242.60,11263.00,11237.70,11262.30,0,
15_05_2026_15_05,11262.00,11263.90,11254.60,11258.50,0,
15_05_2026_15_10,11258.20,11261.00,11255.00,11258.20,0,
15_05_2026_15_15,11256.70,11258.30,11243.80,11248.20,0,
15_05_2026_15_20,11248.10,11258.20,11240.70,11250.00,0,
15_05_2026_15_25,11249.00,11265.30,11245.20,11262.80,0,
18_05_2026_09_15,11205.80,11206.50,11095.00,11129.00,0,
18_05_2026_09_20,11128.80,11136.80,11111.40,11127.00,0,
18_05_2026_09_25,11127.40,11131.50,11104.80,11116.00,0,
18_05_2026_09_30,11115.90,11117.20,11096.10,11105.80,0,
18_05_2026_09_35,11105.50,11107.20,11079.20,11083.50,0,
18_05_2026_09_40,11082.80,11109.20,11079.20,11097.60,0,
18_05_2026_09_45,11097.60,11103.50,11087.60,11087.70,0,
18_05_2026_09_50,11088.40,11094.80,11080.60,11082.80,0,
18_05_2026_09_55,11083.10,11086.20,11071.50,11076.00,0,
18_05_2026_10_00,11076.80,11088.90,11072.00,11088.50,0,
18_05_2026_10_05,11087.90,11101.50,11084.20,11095.70,0,
18_05_2026_10_10,11095.80,11100.40,11087.30,11090.20,0,
18_05_2026_10_15,11090.50,11106.10,11083.70,11103.50,0,
18_05_2026_10_20,11103.80,11105.80,11095.00,11098.20,0,
18_05_2026_10_25,11099.80,11115.50,11098.00,11110.80,0,
18_05_2026_10_30,11111.00,11114.80,11086.20,11114.30,0,
18_05_2026_10_35,11114.80,11130.70,11114.00,11123.00,0,
18_05_2026_10_40,11123.70,11130.00,11117.00,11121.80,0,
18_05_2026_10_45,11122.20,11125.70,11109.30,11114.00,0,
18_05_2026_10_50,11114.20,11131.50,11111.60,11128.70,0,
18_05_2026_10_55,11128.50,11147.50,11127.50,11146.80,0,
18_05_2026_11_00,11147.60,11154.40,11138.80,11146.90,0,
18_05_2026_11_05,11147.00,11161.00,11144.80,11159.20,0,
18_05_2026_11_10,11159.90,11160.80,11148.20,11158.20,0,
18_05_2026_11_15,11158.50,11174.30,11157.10,11173.50,0,
18_05_2026_11_20,11174.10,11175.10,11163.20,11174.80,0,
18_05_2026_11_25,11175.00,11176.20,11160.20,11168.00,0,
18_05_2026_11_30,11168.20,11178.70,11167.00,11171.00,0,
18_05_2026_11_35,11171.10,11179.20,11164.00,11176.20,0,
18_05_2026_11_40,11176.20,11176.80,11160.00,11165.10,0,
18_05_2026_11_45,11165.00,11167.70,11147.70,11150.80,0,
18_05_2026_11_50,11151.00,11165.00,11149.90,11158.50,0,
18_05_2026_11_55,11159.20,11162.80,11150.50,11151.00,0,
18_05_2026_12_00,11151.50,11152.00,11132.50,11140.20,0,
18_05_2026_12_05,11139.90,11141.50,11132.70,11139.50,0,
18_05_2026_12_10,11139.30,11148.30,11138.50,11141.60,0,
18_05_2026_12_15,11142.50,11145.70,11136.50,11137.80,0,
18_05_2026_12_20,11139.00,11143.50,11133.00,11133.10,0,
18_05_2026_12_25,11134.00,11144.00,11130.80,11139.50,0,
18_05_2026_12_30,11141.20,11154.30,11139.10,11153.20,0,
18_05_2026_12_35,11152.70,11167.80,11152.30,11167.10,0,
18_05_2026_12_40,11166.50,11166.50,11155.30,11162.00,0,
18_05_2026_12_45,11160.90,11161.50,11149.70,11154.00,0,
18_05_2026_12_50,11154.60,11158.70,11149.00,11153.70,0,
18_05_2026_12_55,11153.80,11173.20,11152.80,11160.00,0,
18_05_2026_13_00,11160.80,11176.70,11160.30,11172.40,0,
18_05_2026_13_05,11171.20,11172.90,11146.80,11151.30,0,
18_05_2026_13_10,11151.10,11152.70,11138.20,11144.20,0,
18_05_2026_13_15,11143.90,11150.10,11143.40,11144.50,0,
18_05_2026_13_20,11144.60,11152.90,11140.00,11152.90,0,
18_05_2026_13_25,11153.20,11156.50,11145.20,11147.70,0,
18_05_2026_13_30,11148.20,11154.10,11144.00,11147.90,0,
18_05_2026_13_35,11148.30,11150.50,11143.50,11147.70,0,
18_05_2026_13_40,11148.70,11157.00,11140.30,11149.70,0,
18_05_2026_13_45,11150.60,11158.00,11143.80,11157.50,0,
18_05_2026_13_50,11157.80,11166.50,11154.90,11165.10,0,
18_05_2026_13_55,11165.70,11167.70,11155.30,11160.00,0,
18_05_2026_14_00,11160.30,11166.60,11152.90,11161.00,0,
18_05_2026_14_05,11160.80,11162.60,11147.40,11152.20,0,
18_05_2026_14_10,11151.20,11161.10,11149.50,11155.00,0,
18_05_2026_14_15,11154.10,11157.00,11147.40,11154.40,0,
18_05_2026_14_20,11155.00,11159.20,11145.70,11145.70,0,
18_05_2026_14_25,11145.80,11158.20,11143.10,11156.00,0,
18_05_2026_14_30,11156.00,11156.20,11142.00,11142.10,0,
18_05_2026_14_35,11142.20,11143.80,11133.00,11138.80,0,
18_05_2026_14_40,11139.50,11153.70,11135.80,11147.90,0,
18_05_2026_14_45,11149.00,11149.50,11137.60,11141.10,0,
18_05_2026_14_50,11141.50,11142.00,11134.10,11136.30,0,
18_05_2026_14_55,11137.40,11137.40,11127.50,11128.50,0,
18_05_2026_15_00,11129.90,11183.50,11129.90,11170.50,0,
18_05_2026_15_05,11172.10,11175.30,11156.00,11159.20,0,
18_05_2026_15_10,11160.80,11166.80,11153.70,11158.30,0,
18_05_2026_15_15,11158.00,11160.50,11151.80,11159.80,0,
18_05_2026_15_20,11160.00,11165.80,11157.70,11165.70,0,
18_05_2026_15_25,11164.60,11170.80,11158.30,11167.80,0,
19_05_2026_09_15,11207.30,11234.50,11185.80,11204.00,0,
19_05_2026_09_20,11201.00,11215.20,11192.20,11201.70,0,
19_05_2026_09_25,11200.30,11256.30,11198.90,11246.90,0,
19_05_2026_09_30,11247.80,11251.50,11202.30,11202.30,0,
19_05_2026_09_35,11201.80,11210.40,11191.20,11209.60,0,
19_05_2026_09_40,11209.00,11245.50,11209.00,11243.20,0,
19_05_2026_09_45,11243.20,11246.00,11225.60,11232.30,0,
19_05_2026_09_50,11232.00,11238.50,11223.80,11224.20,0,
19_05_2026_09_55,11223.20,11224.80,11209.00,11209.50,0,
19_05_2026_10_00,11209.40,11229.60,11209.00,11218.90,0,
19_05_2026_10_05,11219.30,11234.40,11219.30,11229.80,0,
19_05_2026_10_10,11231.00,11246.00,11226.10,11244.50,0,
19_05_2026_10_15,11244.10,11248.20,11232.80,11234.00,0,
19_05_2026_10_20,11233.70,11241.80,11229.70,11241.00,0,
19_05_2026_10_25,11241.10,11245.60,11235.60,11236.00,0,
19_05_2026_10_30,11236.80,11238.20,11226.30,11231.80,0,
19_05_2026_10_35,11233.00,11240.50,11225.20,11239.60,0,
19_05_2026_10_40,11239.90,11257.60,11236.70,11255.50,0,
19_05_2026_10_45,11256.80,11260.40,11248.20,11252.90,0,
19_05_2026_10_50,11253.50,11259.80,11245.00,11255.50,0,
19_05_2026_10_55,11255.50,11276.20,11254.50,11271.80,0,
19_05_2026_11_00,11272.10,11275.50,11262.90,11264.10,0,
19_05_2026_11_05,11263.80,11269.20,11260.80,11266.80,0,
19_05_2026_11_10,11265.90,11271.80,11256.80,11257.50,0,
19_05_2026_11_15,11257.90,11261.40,11249.90,11259.30,0,
19_05_2026_11_20,11258.90,11264.20,11254.60,11256.70,0,
19_05_2026_11_25,11256.20,11261.20,11252.30,11261.00,0,
19_05_2026_11_30,11261.20,11262.20,11239.00,11242.20,0,
19_05_2026_11_35,11242.00,11245.50,11231.90,11242.30,0,
19_05_2026_11_40,11241.80,11250.70,11240.40,11244.50,0,
19_05_2026_11_45,11244.30,11250.30,11239.30,11249.20,0,
19_05_2026_11_50,11249.00,11251.30,11243.20,11244.30,0,
19_05_2026_11_55,11244.20,11250.00,11240.00,11244.20,0,
19_05_2026_12_00,11244.10,11246.20,11230.00,11231.30,0,
19_05_2026_12_05,11232.80,11234.80,11229.00,11230.00,0,
19_05_2026_12_10,11230.50,11237.70,11227.60,11234.70,0,
19_05_2026_12_15,11235.30,11236.20,11227.50,11233.20,0,
19_05_2026_12_20,11233.20,11236.90,11227.10,11229.20,0,
19_05_2026_12_25,11229.50,11243.80,11227.20,11242.00,0,
19_05_2026_12_30,11242.00,11242.00,11223.30,11229.70,0,
19_05_2026_12_35,11230.40,11239.10,11226.00,11236.30,0,
19_05_2026_12_40,11236.20,11240.10,11226.00,11227.50,0,
19_05_2026_12_45,11227.50,11228.80,11213.50,11214.80,0,
19_05_2026_12_50,11214.20,11217.10,11208.70,11215.20,0,
19_05_2026_12_55,11216.00,11216.50,11210.00,11212.70,0,
19_05_2026_13_00,11212.70,11214.70,11205.70,11207.60,0,
19_05_2026_13_05,11207.20,11217.70,11206.00,11215.20,0,
19_05_2026_13_10,11215.80,11216.20,11207.80,11208.70,0,
19_05_2026_13_15,11208.30,11217.20,11205.60,11216.20,0,
19_05_2026_13_20,11215.20,11216.30,11211.70,11213.50,0,
19_05_2026_13_25,11213.20,11215.50,11210.80,11213.50,0,
19_05_2026_13_30,11213.30,11224.90,11212.30,11220.70,0,
19_05_2026_13_35,11220.50,11233.00,11214.00,11230.80,0,
19_05_2026_13_40,11231.60,11235.90,11228.70,11232.10,0,
19_05_2026_13_45,11232.00,11239.90,11231.10,11234.50,0,
19_05_2026_13_50,11234.80,11248.50,11233.50,11246.50,0,
19_05_2026_13_55,11246.20,11246.20,11236.70,11238.80,0,
19_05_2026_14_00,11239.00,11249.00,11238.30,11243.20,0,
19_05_2026_14_05,11243.50,11244.00,11236.20,11236.20,0,
19_05_2026_14_10,11237.00,11247.30,11233.60,11241.30,0,
19_05_2026_14_15,11241.30,11247.50,11240.20,11241.00,0,
19_05_2026_14_20,11241.30,11244.70,11231.20,11234.30,0,
19_05_2026_14_25,11235.00,11237.20,11229.10,11232.50,0,
19_05_2026_14_30,11232.20,11232.50,11218.40,11222.10,0,
19_05_2026_14_35,11221.80,11222.80,11206.00,11215.20,0,
19_05_2026_14_40,11214.10,11215.10,11202.90,11206.30,0,
19_05_2026_14_45,11206.00,11207.70,11196.10,11204.50,0,
19_05_2026_14_50,11204.30,11207.60,11197.90,11197.90,0,
19_05_2026_14_55,11199.00,11205.50,11190.50,11193.30,0,
19_05_2026_15_00,11194.20,11199.90,11189.20,11192.20,0,
19_05_2026_15_05,11192.30,11195.20,11185.40,11186.70,0,
19_05_2026_15_10,11186.90,11187.20,11174.20,11179.20,0,
19_05_2026_15_15,11179.50,11181.20,11172.80,11175.20,0,
19_05_2026_15_20,11174.40,11176.80,11168.80,11169.80,0,
19_05_2026_15_25,11169.30,11180.80,11161.00,11178.80,0,
20_05_2026_09_15,11125.50,11125.50,11074.90,11091.40,0,
20_05_2026_09_20,11091.00,11115.80,11084.90,11113.50,0,
20_05_2026_09_25,11113.00,11119.90,11100.60,11115.80,0,
20_05_2026_09_30,11115.50,11125.00,11108.40,11108.70,0,
20_05_2026_09_35,11107.80,11116.20,11088.40,11113.90,0,
20_05_2026_09_40,11114.50,11116.30,11105.70,11113.20,0,
20_05_2026_09_45,11113.40,11140.50,11111.30,11139.00,0,
20_05_2026_09_50,11138.20,11151.30,11137.20,11142.00,0,
20_05_2026_09_55,11141.80,11147.80,11135.40,11143.80,0,
20_05_2026_10_00,11144.50,11152.50,11131.90,11146.60,0,
20_05_2026_10_05,11147.00,11155.20,11140.30,11154.20,0,
20_05_2026_10_10,11153.40,11163.00,11146.00,11153.10,0,
20_05_2026_10_15,11154.50,11169.80,11154.50,11163.00,0,
20_05_2026_10_20,11164.00,11172.50,11159.70,11164.10,0,
20_05_2026_10_25,11164.10,11189.80,11161.70,11189.60,0,
20_05_2026_10_30,11189.30,11225.20,11187.20,11224.00,0,
20_05_2026_10_35,11224.20,11237.80,11219.70,11227.70,0,
20_05_2026_10_40,11228.00,11235.00,11225.30,11231.00,0,
20_05_2026_10_45,11232.70,11239.80,11223.10,11224.20,0,
20_05_2026_10_50,11224.60,11247.80,11224.50,11247.20,0,
20_05_2026_10_55,11247.20,11249.00,11228.30,11233.20,0,
20_05_2026_11_00,11232.80,11240.00,11228.20,11233.80,0,
20_05_2026_11_05,11233.40,11246.00,11232.70,11238.50,0,
20_05_2026_11_10,11239.20,11240.30,11228.40,11229.20,0,
20_05_2026_11_15,11229.20,11251.40,11226.50,11239.50,0,
20_05_2026_11_20,11239.50,11253.70,11238.00,11242.50,0,
20_05_2026_11_25,11242.80,11245.80,11237.50,11242.30,0,
20_05_2026_11_30,11243.20,11249.70,11239.00,11243.50,0,
20_05_2026_11_35,11244.50,11313.00,11244.10,11306.00,0,
20_05_2026_11_40,11306.30,11328.50,11301.30,11328.10,0,
20_05_2026_11_45,11327.80,11332.20,11308.60,11312.90,0,
20_05_2026_11_50,11312.20,11313.30,11299.80,11313.00,0,
20_05_2026_11_55,11313.00,11321.30,11305.50,11309.80,0,
20_05_2026_12_00,11309.80,11315.20,11308.70,11310.50,0,
20_05_2026_12_05,11310.80,11310.80,11301.70,11307.40,0,
20_05_2026_12_10,11308.30,11313.60,11301.70,11303.10,0,
20_05_2026_12_15,11303.30,11314.30,11300.00,11312.30,0,
20_05_2026_12_20,11312.30,11314.60,11307.80,11308.90,0,
20_05_2026_12_25,11309.00,11313.30,11300.30,11309.60,0,
20_05_2026_12_30,11309.00,11313.10,11303.60,11306.00,0,
20_05_2026_12_35,11306.10,11310.50,11304.30,11306.70,0,
20_05_2026_12_40,11306.80,11323.90,11300.20,11320.20,0,
20_05_2026_12_45,11320.30,11328.70,11308.20,11316.40,0,
20_05_2026_12_50,11315.30,11319.00,11307.30,11313.30,0,
20_05_2026_12_55,11313.00,11323.60,11313.00,11321.00,0,
20_05_2026_13_00,11321.00,11335.20,11320.50,11325.70,0,
20_05_2026_13_05,11327.00,11331.10,11318.10,11322.50,0,
20_05_2026_13_10,11324.00,11329.00,11322.50,11325.10,0,
20_05_2026_13_15,11326.30,11326.50,11310.00,11310.50,0,
20_05_2026_13_20,11310.30,11317.80,11307.20,11316.20,0,
20_05_2026_13_25,11316.50,11319.20,11298.40,11298.50,0,
20_05_2026_13_30,11297.60,11310.00,11292.50,11309.70,0,
20_05_2026_13_35,11309.70,11324.30,11303.80,11319.40,0,
20_05_2026_13_40,11319.80,11322.80,11314.00,11317.20,0,
20_05_2026_13_45,11317.30,11325.20,11315.30,11316.80,0,
20_05_2026_13_50,11316.80,11320.20,11309.20,11316.00,0,
20_05_2026_13_55,11316.40,11329.30,11313.60,11329.30,0,
20_05_2026_14_00,11330.50,11331.20,11322.60,11328.50,0,
20_05_2026_14_05,11328.50,11333.60,11320.00,11330.80,0,
20_05_2026_14_10,11331.50,11336.10,11329.10,11330.30,0,
20_05_2026_14_15,11330.50,11333.80,11321.20,11322.50,0,
20_05_2026_14_20,11322.50,11337.20,11319.80,11333.60,0,
20_05_2026_14_25,11333.60,11337.50,11321.90,11336.50,0,
20_05_2026_14_30,11336.30,11337.70,11325.50,11326.60,0,
20_05_2026_14_35,11326.60,11332.80,11325.00,11331.50,0,
20_05_2026_14_40,11331.00,11339.00,11330.00,11332.20,0,
20_05_2026_14_45,11333.50,11337.30,11332.00,11335.20,0,
20_05_2026_14_50,11335.10,11342.40,11333.00,11340.50,0,
20_05_2026_14_55,11340.80,11344.20,11337.00,11340.80,0,
20_05_2026_15_00,11341.80,11342.20,11328.20,11334.00,0,
20_05_2026_15_05,11335.50,11356.90,11334.20,11356.00,0,
20_05_2026_15_10,11356.50,11361.80,11352.50,11359.20,0,
20_05_2026_15_15,11359.50,11368.30,11358.70,11367.40,0,
20_05_2026_15_20,11368.50,11369.80,11363.00,11368.70,0,
20_05_2026_15_25,11368.40,11378.90,11361.90,11367.30,0,
21_05_2026_09_15,11398.80,11421.00,11364.50,11365.40,0,
21_05_2026_09_20,11364.00,11383.00,11358.00,11375.20,0,
21_05_2026_09_25,11374.80,11388.10,11369.40,11375.80,0,
21_05_2026_09_30,11376.20,11383.60,11369.20,11373.00,0,
21_05_2026_09_35,11373.80,11387.50,11368.20,11386.40,0,
21_05_2026_09_40,11386.20,11398.50,11376.00,11397.20,0,
21_05_2026_09_45,11397.90,11412.30,11396.80,11403.80,0,
21_05_2026_09_50,11404.60,11414.20,11400.80,11408.80,0,
21_05_2026_09_55,11408.10,11409.70,11391.30,11392.50,0,
21_05_2026_10_00,11392.80,11406.50,11391.80,11406.20,0,
21_05_2026_10_05,11406.30,11415.40,11395.70,11414.50,0,
21_05_2026_10_10,11414.70,11423.80,11411.80,11420.50,0,
21_05_2026_10_15,11420.60,11429.80,11419.80,11427.20,0,
21_05_2026_10_20,11427.20,11431.80,11419.70,11422.80,0,
21_05_2026_10_25,11422.20,11427.80,11416.20,11420.70,0,
21_05_2026_10_30,11420.50,11424.30,11395.00,11396.30,0,
21_05_2026_10_35,11394.50,11408.20,11391.10,11398.20,0,
21_05_2026_10_40,11397.50,11418.20,11396.90,11418.20,0,
21_05_2026_10_45,11417.20,11419.70,11393.00,11394.50,0,
21_05_2026_10_50,11395.20,11406.50,11394.80,11404.70,0,
21_05_2026_10_55,11406.60,11413.20,11398.00,11400.60,0,
21_05_2026_11_00,11401.60,11403.00,11392.40,11400.00,0,
21_05_2026_11_05,11400.60,11405.80,11395.20,11405.00,0,
21_05_2026_11_10,11404.80,11408.50,11395.80,11397.50,0,
21_05_2026_11_15,11397.70,11397.70,11378.90,11391.50,0,
21_05_2026_11_20,11391.20,11397.60,11388.10,11395.80,0,
21_05_2026_11_25,11395.30,11412.20,11394.40,11408.90,0,
21_05_2026_11_30,11408.50,11408.80,11400.20,11404.30,0,
21_05_2026_11_35,11404.30,11406.40,11400.50,11403.50,0,
21_05_2026_11_40,11402.70,11406.00,11392.00,11397.30,0,
21_05_2026_11_45,11397.00,11408.30,11395.90,11408.30,0,
21_05_2026_11_50,11407.50,11415.30,11404.20,11410.80,0,
21_05_2026_11_55,11410.30,11413.70,11405.00,11407.70,0,
21_05_2026_12_00,11407.70,11425.70,11407.70,11422.70,0,
21_05_2026_12_05,11423.10,11427.30,11419.50,11420.20,0,
21_05_2026_12_10,11420.00,11423.70,11406.10,11406.50,0,
21_05_2026_12_15,11405.60,11409.30,11396.50,11403.10,0,
21_05_2026_12_20,11403.20,11405.10,11395.50,11396.10,0,
21_05_2026_12_25,11395.80,11397.50,11376.40,11382.00,0,
21_05_2026_12_30,11382.00,11387.50,11375.70,11383.20,0,
21_05_2026_12_35,11384.00,11384.00,11356.20,11356.70,0,
21_05_2026_12_40,11357.40,11366.50,11345.20,11366.20,0,
21_05_2026_12_45,11366.70,11366.70,11345.50,11348.20,0,
21_05_2026_12_50,11349.10,11357.00,11345.70,11355.00,0,
21_05_2026_12_55,11357.00,11360.00,11352.10,11355.60,0,
21_05_2026_13_00,11356.00,11358.70,11339.60,11352.80,0,
21_05_2026_13_05,11354.20,11369.10,11350.20,11367.80,0,
21_05_2026_13_10,11367.50,11381.70,11365.50,11374.30,0,
21_05_2026_13_15,11375.00,11379.60,11373.00,11376.10,0,
21_05_2026_13_20,11376.00,11381.50,11369.80,11374.00,0,
21_05_2026_13_25,11374.50,11383.60,11373.90,11378.00,0,
21_05_2026_13_30,11379.30,11389.80,11373.20,11389.70,0,
21_05_2026_13_35,11389.50,11402.00,11387.10,11392.70,0,
21_05_2026_13_40,11393.00,11407.50,11391.70,11406.00,0,
21_05_2026_13_45,11405.50,11407.50,11396.90,11399.20,0,
21_05_2026_13_50,11399.20,11401.50,11392.70,11401.10,0,
21_05_2026_13_55,11400.30,11405.10,11385.50,11402.50,0,
21_05_2026_14_00,11403.00,11403.70,11385.10,11388.40,0,
21_05_2026_14_05,11388.70,11392.60,11387.20,11388.80,0,
21_05_2026_14_10,11388.70,11395.50,11384.20,11389.20,0,
21_05_2026_14_15,11389.80,11391.80,11384.30,11385.00,0,
21_05_2026_14_20,11385.80,11394.80,11384.50,11393.50,0,
21_05_2026_14_25,11394.00,11397.00,11371.50,11375.30,0,
21_05_2026_14_30,11376.60,11388.90,11372.20,11377.90,0,
21_05_2026_14_35,11379.60,11387.50,11378.90,11383.00,0,
21_05_2026_14_40,11383.70,11399.30,11380.30,11387.10,0,
21_05_2026_14_45,11386.50,11401.70,11385.50,11394.60,0,
21_05_2026_14_50,11395.00,11399.70,11389.20,11392.30,0,
21_05_2026_14_55,11392.00,11394.40,11382.70,11386.80,0,
21_05_2026_15_00,11387.50,11395.00,11381.60,11390.30,0,
21_05_2026_15_05,11390.50,11398.20,11375.90,11379.00,0,
21_05_2026_15_10,11379.50,11386.00,11374.50,11375.30,0,
21_05_2026_15_15,11375.50,11377.20,11368.90,11371.30,0,
21_05_2026_15_20,11369.90,11374.60,11359.70,11365.20,0,
21_05_2026_15_25,11364.50,11372.80,11360.10,11369.80,0,
22_05_2026_09_15,11370.70,11383.30,11328.60,11341.70,0,
22_05_2026_09_20,11341.80,11358.20,11333.50,11354.50,0,
22_05_2026_09_25,11356.00,11372.40,11351.40,11361.40,0,
22_05_2026_09_30,11361.00,11365.70,11336.20,11357.00,0,
22_05_2026_09_35,11357.20,11363.00,11351.20,11355.50,0,
22_05_2026_09_40,11355.50,11355.80,11331.80,11341.60,0,
22_05_2026_09_45,11341.30,11343.50,11319.50,11322.70,0,
22_05_2026_09_50,11321.90,11354.00,11320.30,11354.00,0,
22_05_2026_09_55,11355.00,11367.70,11352.20,11365.20,0,
22_05_2026_10_00,11365.60,11374.70,11364.20,11369.80,0,
22_05_2026_10_05,11369.00,11372.00,11365.00,11370.80,0,
22_05_2026_10_10,11370.80,11391.50,11368.50,11389.50,0,
22_05_2026_10_15,11389.70,11389.70,11366.00,11369.00,0,
22_05_2026_10_20,11368.00,11378.30,11366.20,11371.20,0,
22_05_2026_10_25,11370.80,11372.50,11355.00,11356.50,0,
22_05_2026_10_30,11357.00,11362.80,11352.50,11359.40,0,
22_05_2026_10_35,11359.50,11363.90,11353.00,11356.00,0,
22_05_2026_10_40,11356.30,11370.00,11356.00,11370.00,0,
22_05_2026_10_45,11370.60,11373.00,11359.20,11362.70,0,
22_05_2026_10_50,11364.50,11364.50,11356.30,11363.30,0,
22_05_2026_10_55,11363.70,11364.20,11355.30,11362.20,0,
22_05_2026_11_00,11363.40,11372.40,11359.00,11370.30,0,
22_05_2026_11_05,11371.20,11371.40,11358.80,11361.80,0,
22_05_2026_11_10,11361.80,11369.40,11361.80,11367.50,0,
22_05_2026_11_15,11368.10,11371.30,11361.80,11368.80,0,
22_05_2026_11_20,11368.70,11380.50,11366.00,11373.50,0,
22_05_2026_11_25,11375.00,11375.80,11363.30,11366.70,0,
22_05_2026_11_30,11366.10,11370.30,11360.80,11366.50,0,
22_05_2026_11_35,11366.90,11369.30,11362.40,11368.70,0,
22_05_2026_11_40,11368.90,11388.30,11368.20,11387.90,0,
22_05_2026_11_45,11387.20,11390.90,11380.70,11382.60,0,
22_05_2026_11_50,11383.00,11386.80,11378.40,11384.90,0,
22_05_2026_11_55,11385.50,11389.10,11383.70,11388.30,0,
22_05_2026_12_00,11387.70,11389.60,11384.50,11386.70,0,
22_05_2026_12_05,11387.50,11391.80,11385.00,11387.00,0,
22_05_2026_12_10,11386.20,11393.60,11384.30,11390.20,0,
22_05_2026_12_15,11390.20,11391.80,11382.10,11383.70,0,
22_05_2026_12_20,11384.90,11385.50,11373.20,11373.90,0,
22_05_2026_12_25,11373.30,11380.80,11370.70,11379.60,0,
22_05_2026_12_30,11380.00,11380.00,11372.30,11376.80,0,
22_05_2026_12_35,11377.50,11386.60,11373.00,11385.60,0,
22_05_2026_12_40,11385.60,11396.80,11384.60,11391.20,0,
22_05_2026_12_45,11391.20,11412.70,11389.50,11408.30,0,
22_05_2026_12_50,11408.20,11410.50,11397.00,11402.60,0,
22_05_2026_12_55,11402.30,11405.00,11398.30,11404.00,0,
22_05_2026_13_00,11404.00,11415.20,11403.80,11414.80,0,
22_05_2026_13_05,11414.50,11415.20,11406.20,11406.20,0,
22_05_2026_13_10,11407.20,11408.30,11400.20,11403.20,0,
22_05_2026_13_15,11403.10,11408.70,11401.20,11404.80,0,
22_05_2026_13_20,11405.20,11408.50,11402.00,11403.70,0,
22_05_2026_13_25,11404.50,11410.50,11401.30,11403.50,0,
22_05_2026_13_30,11404.40,11413.80,11404.30,11408.30,0,
22_05_2026_13_35,11409.00,11410.20,11401.80,11404.70,0,
22_05_2026_13_40,11405.30,11405.30,11397.80,11398.90,0,
22_05_2026_13_45,11399.90,11406.30,11398.00,11402.00,0,
22_05_2026_13_50,11403.50,11405.70,11400.70,11402.70,0,
22_05_2026_13_55,11403.10,11403.20,11395.80,11401.00,0,
22_05_2026_14_00,11400.70,11403.50,11388.20,11390.30,0,
22_05_2026_14_05,11391.00,11398.30,11384.20,11398.20,0,
22_05_2026_14_10,11399.00,11402.80,11392.50,11402.80,0,
22_05_2026_14_15,11402.50,11405.30,11392.50,11393.20,0,
22_05_2026_14_20,11392.30,11394.80,11386.00,11390.80,0,
22_05_2026_14_25,11391.20,11398.50,11384.90,11385.00,0,
22_05_2026_14_30,11385.00,11388.70,11378.20,11386.50,0,
22_05_2026_14_35,11386.30,11390.00,11378.00,11380.50,0,
22_05_2026_14_40,11380.00,11386.10,11371.70,11371.80,0,
22_05_2026_14_45,11371.50,11385.30,11370.90,11381.50,0,
22_05_2026_14_50,11381.00,11387.70,11379.60,11385.80,0,
22_05_2026_14_55,11385.80,11386.70,11376.10,11377.10,0,
22_05_2026_15_00,11376.70,11380.20,11362.70,11368.50,0,
22_05_2026_15_05,11369.20,11372.40,11364.30,11367.50,0,
22_05_2026_15_10,11368.00,11368.00,11358.30,11364.60,0,
22_05_2026_15_15,11364.70,11374.10,11364.70,11372.30,0,
22_05_2026_15_20,11372.80,11382.30,11367.70,11380.40,0,
22_05_2026_15_25,11381.30,11398.50,11377.00,11390.50,0,
25_05_2026_09_15,11512.90,11561.20,11485.70,11499.50,0,
25_05_2026_09_20,11497.70,11530.50,11496.00,11516.80,0,
25_05_2026_09_25,11518.00,11538.70,11501.80,11517.20,0,
25_05_2026_09_30,11517.70,11525.20,11508.50,11510.20,0,
25_05_2026_09_35,11511.10,11518.80,11484.00,11491.50,0,
25_05_2026_09_40,11493.80,11512.00,11493.30,11511.10,0,
25_05_2026_09_45,11511.70,11536.40,11509.20,11529.40,0,
25_05_2026_09_50,11530.20,11535.80,11525.60,11525.60,0,
25_05_2026_09_55,11527.70,11533.00,11519.80,11527.20,0,
25_05_2026_10_00,11528.70,11538.30,11528.60,11535.40,0,
25_05_2026_10_05,11536.50,11544.20,11532.90,11541.00,0,
25_05_2026_10_10,11541.20,11552.80,11537.80,11544.20,0,
25_05_2026_10_15,11544.00,11556.80,11543.10,11549.80,0,
25_05_2026_10_20,11550.80,11552.80,11542.30,11546.20,0,
25_05_2026_10_25,11545.90,11546.50,11532.60,11533.00,0,
25_05_2026_10_30,11534.20,11539.60,11525.80,11528.60,0,
25_05_2026_10_35,11529.00,11538.00,11525.20,11535.00,0,
25_05_2026_10_40,11535.20,11536.30,11530.30,11532.70,0,
25_05_2026_10_45,11532.70,11532.80,11515.80,11517.00,0,
25_05_2026_10_50,11517.70,11529.00,11511.30,11514.00,0,
25_05_2026_10_55,11513.30,11525.20,11508.10,11517.30,0,
25_05_2026_11_00,11518.10,11528.40,11516.10,11525.60,0,
25_05_2026_11_05,11525.50,11528.60,11520.70,11526.00,0,
25_05_2026_11_10,11526.10,11534.70,11522.60,11530.70,0,
25_05_2026_11_15,11530.30,11530.70,11520.20,11521.60,0,
25_05_2026_11_20,11522.30,11532.20,11516.00,11531.40,0,
25_05_2026_11_25,11532.10,11533.30,11523.20,11527.00,0,
25_05_2026_11_30,11527.80,11528.40,11523.30,11525.00,0,
25_05_2026_11_35,11525.20,11531.70,11522.40,11526.00,0,
25_05_2026_11_40,11526.30,11529.50,11521.60,11522.10,0,
25_05_2026_11_45,11521.80,11526.30,11521.00,11523.00,0,
25_05_2026_11_50,11523.70,11525.50,11514.30,11517.80,0,
25_05_2026_11_55,11517.80,11518.60,11512.20,11512.80,0,
25_05_2026_12_00,11513.00,11514.80,11498.80,11507.30,0,
25_05_2026_12_05,11507.00,11512.10,11505.20,11510.20,0,
25_05_2026_12_10,11510.00,11517.60,11508.80,11513.50,0,
25_05_2026_12_15,11514.20,11514.20,11499.20,11504.80,0,
25_05_2026_12_20,11504.70,11516.30,11502.40,11516.00,0,
25_05_2026_12_25,11515.90,11522.60,11514.80,11519.40,0,
25_05_2026_12_30,11518.70,11520.80,11515.60,11518.80,0,
25_05_2026_12_35,11519.40,11520.40,11511.20,11513.00,0,
25_05_2026_12_40,11512.20,11521.80,11508.10,11517.60,0,
25_05_2026_12_45,11517.70,11520.00,11503.50,11514.30,0,
25_05_2026_12_50,11515.20,11515.50,11507.70,11512.70,0,
25_05_2026_12_55,11513.80,11515.80,11506.50,11510.30,0,
25_05_2026_13_00,11509.60,11517.20,11502.00,11509.30,0,
25_05_2026_13_05,11509.60,11525.70,11508.50,11525.20,0,
25_05_2026_13_10,11525.80,11526.50,11518.30,11522.20,0,
25_05_2026_13_15,11522.20,11529.00,11519.80,11527.30,0,
25_05_2026_13_20,11527.20,11527.20,11521.70,11524.80,0,
25_05_2026_13_25,11524.50,11525.00,11519.80,11523.00,0,
25_05_2026_13_30,11523.00,11523.40,11513.10,11518.90,0,
25_05_2026_13_35,11518.90,11521.20,11514.70,11515.80,0,
25_05_2026_13_40,11516.20,11516.70,11508.50,11511.20,0,
25_05_2026_13_45,11512.20,11517.80,11508.90,11516.40,0,
25_05_2026_13_50,11516.20,11518.50,11509.30,11511.50,0,
25_05_2026_13_55,11511.70,11511.80,11502.70,11507.80,0,
25_05_2026_14_00,11507.50,11516.00,11505.00,11515.00,0,
25_05_2026_14_05,11515.00,11517.00,11511.10,11513.50,0,
25_05_2026_14_10,11513.70,11514.50,11508.30,11513.00,0,
25_05_2026_14_15,11512.80,11514.10,11503.10,11504.50,0,
25_05_2026_14_20,11505.70,11514.50,11505.30,11513.00,0,
25_05_2026_14_25,11513.30,11516.80,11510.80,11512.70,0,
25_05_2026_14_30,11513.60,11513.80,11499.50,11503.50,0,
25_05_2026_14_35,11505.80,11520.00,11504.70,11519.80,0,
25_05_2026_14_40,11519.30,11522.10,11515.80,11519.80,0,
25_05_2026_14_45,11519.80,11541.30,11519.80,11532.00,0,
25_05_2026_14_50,11532.20,11535.40,11528.30,11531.00,0,
25_05_2026_14_55,11531.00,11533.90,11529.50,11530.90,0,
25_05_2026_15_00,11531.80,11531.80,11523.70,11528.50,0,
25_05_2026_15_05,11527.40,11528.50,11522.20,11524.80,0,
25_05_2026_15_10,11526.20,11532.20,11525.40,11530.30,0,
25_05_2026_15_15,11530.30,11533.90,11521.30,11524.40,0,
25_05_2026_15_20,11523.50,11527.50,11516.20,11521.80,0,
25_05_2026_15_25,11521.10,11529.20,11513.00,11524.20,0,
26_05_2026_09_15,11496.90,11521.80,11480.70,11516.80,0,
26_05_2026_09_20,11518.20,11539.70,11513.80,11534.20,0,
26_05_2026_09_25,11533.80,11536.80,11524.60,11533.50,0,
26_05_2026_09_30,11534.30,11548.40,11534.30,11536.90,0,
26_05_2026_09_35,11535.40,11556.00,11527.80,11551.70,0,
26_05_2026_09_40,11550.70,11555.00,11542.20,11550.90,0,
26_05_2026_09_45,11551.00,11564.20,11551.00,11559.70,0,
26_05_2026_09_50,11559.60,11573.20,11558.00,11563.40,0,
26_05_2026_09_55,11562.50,11564.50,11549.80,11561.50,0,
26_05_2026_10_00,11561.70,11562.80,11549.80,11556.00,0,
26_05_2026_10_05,11557.10,11570.80,11549.70,11567.00,0,
26_05_2026_10_10,11567.20,11569.20,11552.10,11555.00,0,
26_05_2026_10_15,11555.30,11557.50,11540.30,11552.00,0,
26_05_2026_10_20,11552.70,11554.00,11547.30,11551.20,0,
26_05_2026_10_25,11551.20,11559.20,11547.30,11557.80,0,
26_05_2026_10_30,11557.80,11566.50,11555.50,11565.80,0,
26_05_2026_10_35,11565.90,11575.40,11563.70,11572.00,0,
26_05_2026_10_40,11571.80,11576.20,11561.00,11562.80,0,
26_05_2026_10_45,11563.70,11565.10,11549.00,11551.70,0,
26_05_2026_10_50,11551.50,11564.20,11548.50,11560.20,0,
26_05_2026_10_55,11560.70,11564.80,11557.20,11558.50,0,
26_05_2026_11_00,11559.30,11568.50,11557.80,11566.80,0,
26_05_2026_11_05,11566.00,11567.60,11557.50,11559.50,0,
26_05_2026_11_10,11559.80,11563.50,11556.10,11560.10,0,
26_05_2026_11_15,11560.30,11564.00,11554.40,11561.30,0,
26_05_2026_11_20,11561.00,11563.20,11545.30,11546.30,0,
26_05_2026_11_25,11546.90,11550.80,11542.80,11547.50,0,
26_05_2026_11_30,11547.50,11555.00,11543.40,11553.20,0,
26_05_2026_11_35,11553.20,11558.30,11550.20,11553.20,0,
26_05_2026_11_40,11553.90,11561.40,11548.40,11550.50,0,
26_05_2026_11_45,11550.00,11557.90,11546.80,11546.80,0,
26_05_2026_11_50,11548.00,11554.80,11546.50,11553.20,0,
26_05_2026_11_55,11553.50,11563.00,11550.30,11553.20,0,
26_05_2026_12_00,11553.50,11555.50,11542.70,11551.30,0,
26_05_2026_12_05,11553.70,11558.20,11549.40,11552.40,0,
26_05_2026_12_10,11552.50,11559.70,11549.20,11553.70,0,
26_05_2026_12_15,11554.00,11568.50,11554.00,11561.80,0,
26_05_2026_12_20,11563.00,11567.80,11557.80,11558.70,0,
26_05_2026_12_25,11558.80,11559.90,11551.70,11554.50,0,
26_05_2026_12_30,11554.50,11561.10,11552.80,11554.40,0,
26_05_2026_12_35,11554.30,11558.20,11547.00,11550.20,0,
26_05_2026_12_40,11549.30,11552.80,11542.20,11546.00,0,
26_05_2026_12_45,11545.80,11547.80,11531.00,11533.80,0,
26_05_2026_12_50,11534.80,11535.80,11517.30,11527.90,0,
26_05_2026_12_55,11528.20,11532.00,11523.80,11529.00,0,
26_05_2026_13_00,11528.80,11536.50,11520.40,11520.80,0,
26_05_2026_13_05,11520.40,11530.40,11519.80,11525.20,0,
26_05_2026_13_10,11525.50,11532.80,11524.40,11529.60,0,
26_05_2026_13_15,11529.80,11529.80,11519.50,11525.80,0,
26_05_2026_13_20,11525.20,11528.80,11516.50,11517.00,0,
26_05_2026_13_25,11517.30,11526.20,11516.80,11522.00,0,
26_05_2026_13_30,11521.10,11527.00,11517.50,11521.00,0,
26_05_2026_13_35,11521.00,11523.50,11512.80,11517.20,0,
26_05_2026_13_40,11517.00,11521.90,11512.70,11512.70,0,
26_05_2026_13_45,11513.00,11516.30,11510.30,11511.20,0,
26_05_2026_13_50,11511.00,11512.00,11497.80,11505.20,0,
26_05_2026_13_55,11506.30,11508.60,11499.50,11501.70,0,
26_05_2026_14_00,11503.10,11503.70,11488.60,11491.20,0,
26_05_2026_14_05,11491.00,11505.80,11489.20,11499.90,0,
26_05_2026_14_10,11500.00,11505.40,11492.80,11505.00,0,
26_05_2026_14_15,11505.30,11511.70,11505.00,11510.00,0,
26_05_2026_14_20,11509.80,11514.30,11506.90,11512.60,0,
26_05_2026_14_25,11513.60,11516.50,11504.20,11510.80,0,
26_05_2026_14_30,11510.30,11515.80,11508.70,11509.90,0,
26_05_2026_14_35,11510.00,11512.00,11496.20,11501.50,0,
26_05_2026_14_40,11501.70,11510.40,11499.50,11502.80,0,
26_05_2026_14_45,11502.20,11506.00,11496.40,11498.50,0,
26_05_2026_14_50,11499.00,11500.60,11495.80,11499.20,0,
26_05_2026_14_55,11499.00,11515.30,11496.60,11513.90,0,
26_05_2026_15_00,11515.50,11519.80,11502.80,11508.90,0,
26_05_2026_15_05,11508.80,11524.50,11500.90,11524.00,0,
26_05_2026_15_10,11524.00,11525.30,11512.10,11513.10,0,
26_05_2026_15_15,11512.70,11517.60,11507.50,11509.50,0,
26_05_2026_15_20,11510.90,11519.20,11508.20,11518.20,0,
26_05_2026_15_25,11517.50,11524.70,11512.80,11520.10,0,
27_05_2026_09_15,11496.20,11498.20,11394.70,11409.50,0,
27_05_2026_09_20,11409.70,11436.00,11407.80,11423.50,0,
27_05_2026_09_25,11424.00,11464.70,11419.50,11463.30,0,
27_05_2026_09_30,11461.20,11461.20,11432.20,11440.70,0,
27_05_2026_09_35,11440.20,11451.20,11433.00,11443.00,0,
27_05_2026_09_40,11441.70,11455.70,11435.50,11455.70,0,
27_05_2026_09_45,11455.80,11469.40,11446.50,11456.50,0,
27_05_2026_09_50,11457.00,11460.30,11448.00,11450.80,0,
27_05_2026_09_55,11450.60,11458.50,11444.80,11450.80,0,
27_05_2026_10_00,11451.30,11471.50,11443.90,11465.80,0,
27_05_2026_10_05,11467.50,11471.40,11451.10,11453.50,0,
27_05_2026_10_10,11455.20,11459.80,11449.80,11452.20,0,
27_05_2026_10_15,11452.20,11464.20,11446.80,11463.80,0,
27_05_2026_10_20,11463.80,11470.30,11455.80,11467.80,0,
27_05_2026_10_25,11468.20,11475.00,11458.90,11466.50,0,
27_05_2026_10_30,11466.20,11472.80,11459.20,11471.20,0,
27_05_2026_10_35,11470.70,11474.80,11465.80,11469.30,0,
27_05_2026_10_40,11469.70,11475.00,11458.30,11459.40,0,
27_05_2026_10_45,11459.20,11464.70,11446.20,11459.80,0,
27_05_2026_10_50,11461.70,11465.80,11457.20,11464.70,0,
27_05_2026_10_55,11465.00,11471.80,11462.70,11468.70,0,
27_05_2026_11_00,11469.00,11470.20,11458.00,11459.80,0,
27_05_2026_11_05,11460.70,11462.30,11451.20,11456.80,0,
27_05_2026_11_10,11457.00,11460.50,11454.00,11458.00,0,
27_05_2026_11_15,11457.50,11464.40,11457.20,11463.80,0,
27_05_2026_11_20,11463.80,11469.20,11461.00,11466.20,0,
27_05_2026_11_25,11465.60,11468.10,11458.80,11466.70,0,
27_05_2026_11_30,11466.90,11475.70,11466.70,11470.00,0,
27_05_2026_11_35,11469.80,11479.20,11467.00,11474.10,0,
27_05_2026_11_40,11474.00,11478.60,11467.30,11468.80,0,
27_05_2026_11_45,11468.30,11478.80,11467.10,11471.20,0,
27_05_2026_11_50,11471.00,11473.00,11463.20,11471.80,0,
27_05_2026_11_55,11471.40,11478.10,11466.50,11470.20,0,
27_05_2026_12_00,11470.20,11482.40,11468.20,11482.40,0,
27_05_2026_12_05,11482.10,11489.50,11480.80,11485.50,0,
27_05_2026_12_10,11485.50,11490.50,11477.50,11479.60,0,
27_05_2026_12_15,11479.10,11499.20,11479.00,11498.30,0,
27_05_2026_12_20,11499.20,11502.30,11493.70,11500.20,0,
27_05_2026_12_25,11501.90,11502.80,11482.70,11483.80,0,
27_05_2026_12_30,11482.60,11487.00,11477.30,11479.40,0,
27_05_2026_12_35,11479.80,11489.20,11477.80,11481.20,0,
27_05_2026_12_40,11481.80,11489.80,11480.50,11483.60,0,
27_05_2026_12_45,11483.30,11485.00,11475.80,11478.80,0,
27_05_2026_12_50,11478.80,11480.00,11469.50,11470.50,0,
27_05_2026_12_55,11470.60,11486.20,11469.70,11483.00,0,
27_05_2026_13_00,11484.20,11490.80,11479.30,11489.70,0,
27_05_2026_13_05,11489.70,11500.00,11486.30,11494.50,0,
27_05_2026_13_10,11494.00,11495.50,11481.20,11484.00,0,
27_05_2026_13_15,11484.30,11486.80,11474.60,11474.60,0,
27_05_2026_13_20,11475.30,11485.00,11473.00,11482.80,0,
27_05_2026_13_25,11483.10,11494.80,11482.00,11492.70,0,
27_05_2026_13_30,11492.30,11497.20,11488.20,11496.90,0,
27_05_2026_13_35,11496.80,11500.90,11489.30,11492.20,0,
27_05_2026_13_40,11492.30,11496.00,11478.20,11480.60,0,
27_05_2026_13_45,11479.70,11491.50,11477.40,11489.40,0,
27_05_2026_13_50,11489.70,11494.80,11487.40,11494.80,0,
27_05_2026_13_55,11494.20,11494.80,11488.90,11492.90,0,
27_05_2026_14_00,11492.30,11500.00,11491.70,11496.30,0,
27_05_2026_14_05,11496.30,11501.40,11493.00,11498.50,0,
27_05_2026_14_10,11497.80,11498.60,11485.00,11485.40,0,
27_05_2026_14_15,11485.40,11495.30,11478.40,11494.40,0,
27_05_2026_14_20,11493.20,11507.10,11492.20,11503.90,0,
27_05_2026_14_25,11504.20,11505.50,11480.10,11483.80,0,
27_05_2026_14_30,11484.30,11484.90,11470.20,11471.00,0,
27_05_2026_14_35,11470.90,11486.80,11469.40,11485.70,0,
27_05_2026_14_40,11485.90,11492.10,11476.80,11480.50,0,
27_05_2026_14_45,11480.70,11484.30,11475.20,11480.50,0,
27_05_2026_14_50,11480.80,11486.40,11474.50,11480.80,0,
27_05_2026_14_55,11480.20,11486.10,11479.60,11482.20,0,
27_05_2026_15_00,11482.00,11485.00,11472.40,11477.00,0,
27_05_2026_15_05,11476.10,11484.10,11471.50,11482.60,0,
27_05_2026_15_10,11482.00,11491.70,11482.00,11490.00,0,
27_05_2026_15_15,11490.80,11491.50,11484.70,11488.50,0,
27_05_2026_15_20,11488.70,11494.30,11482.60,11488.20,0,
27_05_2026_15_25,11488.00,11495.30,11482.20,11488.60,0,
29_05_2026_09_15,11586.60,11604.60,11488.30,11507.70,0,
29_05_2026_09_20,11508.20,11511.30,11477.50,11480.10,0,
29_05_2026_09_25,11480.00,11488.20,11472.20,11473.80,0,
29_05_2026_09_30,11472.00,11482.80,11465.10,11474.80,0,
29_05_2026_09_35,11476.00,11480.20,11457.00,11463.50,0,
29_05_2026_09_40,11463.50,11467.20,11447.20,11450.90,0,
29_05_2026_09_45,11449.80,11470.00,11444.60,11464.50,0,
29_05_2026_09_50,11464.30,11468.90,11446.70,11448.40,0,
29_05_2026_09_55,11448.20,11448.20,11431.70,11434.30,0,
29_05_2026_10_00,11434.30,11455.70,11429.80,11453.20,0,
29_05_2026_10_05,11453.00,11465.50,11452.00,11462.20,0,
29_05_2026_10_10,11462.50,11468.90,11457.70,11459.30,0,
29_05_2026_10_15,11459.50,11463.60,11450.50,11461.80,0,
29_05_2026_10_20,11461.90,11464.80,11444.80,11447.60,0,
29_05_2026_10_25,11448.60,11453.20,11443.40,11445.20,0,
29_05_2026_10_30,11445.70,11459.10,11442.30,11458.00,0,
29_05_2026_10_35,11458.00,11459.20,11448.80,11448.80,0,
29_05_2026_10_40,11448.40,11448.40,11425.10,11425.20,0,
29_05_2026_10_45,11426.80,11426.80,11419.70,11425.30,0,
29_05_2026_10_50,11425.70,11426.60,11407.20,11409.50,0,
29_05_2026_10_55,11409.30,11416.50,11404.80,11412.10,0,
29_05_2026_11_00,11411.50,11413.50,11406.80,11408.20,0,
29_05_2026_11_05,11408.00,11412.80,11405.80,11410.90,0,
29_05_2026_11_10,11410.80,11413.80,11407.10,11411.80,0,
29_05_2026_11_15,11411.80,11419.70,11410.60,11416.50,0,
29_05_2026_11_20,11416.50,11417.50,11406.30,11409.90,0,
29_05_2026_11_25,11409.90,11410.20,11387.00,11389.80,0,
29_05_2026_11_30,11389.80,11393.90,11386.20,11387.30,0,
29_05_2026_11_35,11386.80,11398.00,11385.00,11393.50,0,
29_05_2026_11_40,11392.20,11394.70,11381.20,11383.80,0,
29_05_2026_11_45,11383.20,11386.90,11379.20,11384.40,0,
29_05_2026_11_50,11383.70,11394.80,11377.90,11390.00,0,
29_05_2026_11_55,11389.60,11389.70,11382.50,11388.80,0,
29_05_2026_12_00,11388.50,11388.80,11380.20,11383.00,0,
29_05_2026_12_05,11383.40,11387.40,11379.00,11385.60,0,
29_05_2026_12_10,11385.20,11386.80,11362.50,11366.40,0,
29_05_2026_12_15,11366.20,11373.90,11359.70,11371.80,0,
29_05_2026_12_20,11371.20,11373.40,11369.70,11372.70,0,
29_05_2026_12_25,11372.50,11376.50,11368.20,11374.10,0,
29_05_2026_12_30,11374.20,11374.20,11363.70,11365.10,0,
29_05_2026_12_35,11365.00,11366.20,11359.00,11364.30,0,
29_05_2026_12_40,11364.30,11365.60,11358.40,11363.00,0,
29_05_2026_12_45,11362.80,11363.80,11355.70,11360.20,0,
29_05_2026_12_50,11360.00,11362.00,11349.60,11350.60,0,
29_05_2026_12_55,11350.50,11351.50,11341.20,11347.50,0,
29_05_2026_13_00,11347.50,11347.50,11335.60,11337.10,0,
29_05_2026_13_05,11337.00,11337.50,11328.10,11330.80,0,
29_05_2026_13_10,11330.80,11331.70,11318.40,11321.50,0,
29_05_2026_13_15,11320.90,11338.80,11319.60,11337.90,0,
29_05_2026_13_20,11337.70,11342.60,11318.00,11322.50,0,
29_05_2026_13_25,11322.80,11324.80,11313.50,11318.10,0,
29_05_2026_13_30,11318.80,11321.80,11316.50,11320.20,0,
29_05_2026_13_35,11319.50,11322.80,11315.50,11318.70,0,
29_05_2026_13_40,11318.90,11329.20,11317.20,11327.50,0,
29_05_2026_13_45,11327.80,11332.80,11321.70,11323.70,0,
29_05_2026_13_50,11323.50,11327.70,11308.00,11316.20,0,
29_05_2026_13_55,11316.50,11326.30,11314.50,11322.40,0,
29_05_2026_14_00,11321.90,11322.80,11305.70,11307.60,0,
29_05_2026_14_05,11307.50,11308.20,11300.50,11305.20,0,
29_05_2026_14_10,11305.50,11312.20,11305.20,11305.80,0,
29_05_2026_14_15,11306.30,11306.80,11295.80,11296.90,0,
29_05_2026_14_20,11297.00,11310.00,11294.80,11309.30,0,
29_05_2026_14_25,11309.40,11321.20,11306.00,11320.20,0,
29_05_2026_14_30,11319.00,11331.80,11319.00,11329.00,0,
29_05_2026_14_35,11329.20,11331.70,11321.30,11325.30,0,
29_05_2026_14_40,11325.50,11333.80,11323.10,11326.70,0,
29_05_2026_14_45,11327.10,11331.00,11324.10,11329.50,0,
29_05_2026_14_50,11329.60,11332.20,11317.30,11322.50,0,
29_05_2026_14_55,11323.00,11323.30,11307.40,11320.50,0,
29_05_2026_15_00,11319.80,11319.80,11241.30,11244.10,0,
29_05_2026_15_05,11244.50,11244.50,11188.30,11189.50,0,
29_05_2026_15_10,11188.30,11200.50,11179.10,11193.10,0,
29_05_2026_15_15,11190.50,11197.80,11181.90,11182.60,0,
29_05_2026_15_20,11182.40,11186.70,11157.50,11169.20,0,
29_05_2026_15_25,11167.40,11224.20,11137.70,11224.00,0,
01_06_2026_09_15,11259.60,11290.80,11231.20,11233.20,0,
01_06_2026_09_20,11235.10,11239.10,11197.10,11199.60,0,
01_06_2026_09_25,11199.10,11230.90,11198.20,11209.70,0,
01_06_2026_09_30,11208.00,11229.50,11206.90,11216.00,0,
01_06_2026_09_35,11214.70,11229.60,11187.40,11227.00,0,
01_06_2026_09_40,11225.30,11232.40,11214.00,11217.20,0,
01_06_2026_09_45,11216.50,11227.00,11200.30,11207.50,0,
01_06_2026_09_50,11206.80,11212.50,11188.40,11207.50,0,
01_06_2026_09_55,11207.50,11211.20,11186.70,11188.00,0,
01_06_2026_10_00,11188.00,11193.00,11176.90,11186.30,0,
01_06_2026_10_05,11184.50,11208.00,11179.20,11201.70,0,
01_06_2026_10_10,11202.00,11213.70,11195.20,11199.50,0,
01_06_2026_10_15,11199.20,11205.60,11192.20,11194.50,0,
01_06_2026_10_20,11194.50,11211.50,11189.60,11209.30,0,
01_06_2026_10_25,11210.20,11213.20,11203.20,11210.00,0,
01_06_2026_10_30,11210.80,11211.00,11186.40,11190.20,0,
01_06_2026_10_35,11189.00,11195.80,11180.50,11192.80,0,
01_06_2026_10_40,11192.80,11205.00,11190.30,11196.50,0,
01_06_2026_10_45,11196.20,11223.70,11194.50,11214.00,0,
01_06_2026_10_50,11213.20,11223.40,11209.70,11223.00,0,
01_06_2026_10_55,11222.50,11223.50,11211.50,11213.40,0,
01_06_2026_11_00,11214.50,11227.90,11213.60,11225.70,0,
01_06_2026_11_05,11225.00,11238.50,11224.00,11235.30,0,
01_06_2026_11_10,11235.50,11242.00,11227.90,11238.50,0,
01_06_2026_11_15,11237.30,11240.00,11229.00,11230.00,0,
01_06_2026_11_20,11229.00,11230.00,11209.30,11210.60,0,
01_06_2026_11_25,11208.50,11216.30,11199.00,11200.80,0,
01_06_2026_11_30,11199.60,11201.40,11189.00,11195.00,0,
01_06_2026_11_35,11194.80,11199.10,11188.70,11198.50,0,
01_06_2026_11_40,11198.50,11200.00,11193.10,11196.90,0,
01_06_2026_11_45,11196.30,11198.30,11189.00,11198.10,0,
01_06_2026_11_50,11196.30,11213.00,11195.50,11207.50,0,
01_06_2026_11_55,11206.20,11209.20,11179.80,11183.80,0,
01_06_2026_12_00,11184.20,11196.70,11180.80,11196.70,0,
01_06_2026_12_05,11195.80,11205.10,11194.20,11196.70,0,
01_06_2026_12_10,11195.80,11209.20,11189.80,11207.10,0,
01_06_2026_12_15,11206.70,11207.00,11190.20,11199.60,0,
01_06_2026_12_20,11200.20,11200.60,11187.00,11190.10,0,
01_06_2026_12_25,11189.80,11194.20,11186.00,11189.10,0,
01_06_2026_12_30,11188.70,11195.00,11187.20,11193.20,0,
01_06_2026_12_35,11191.80,11214.80,11191.00,11209.30,0,
01_06_2026_12_40,11209.30,11215.20,11203.40,11214.70,0,
01_06_2026_12_45,11214.20,11225.20,11214.20,11224.60,0,
01_06_2026_12_50,11224.30,11226.50,11219.10,11224.80,0,
01_06_2026_12_55,11224.80,11228.00,11215.00,11224.40,0,
01_06_2026_13_00,11224.20,11230.30,11221.50,11222.50,0,
01_06_2026_13_05,11221.50,11222.50,11210.30,11211.70,0,
01_06_2026_13_10,11210.00,11212.50,11188.50,11198.00,0,
01_06_2026_13_15,11197.50,11209.80,11197.00,11208.30,0,
01_06_2026_13_20,11207.90,11213.50,11199.90,11200.00,0,
01_06_2026_13_25,11199.50,11206.20,11195.80,11206.20,0,
01_06_2026_13_30,11206.00,11207.40,11202.90,11202.90,0,
01_06_2026_13_35,11202.90,11205.70,11196.20,11203.30,0,
01_06_2026_13_40,11202.70,11202.70,11188.30,11198.20,0,
01_06_2026_13_45,11198.60,11199.40,11183.80,11184.40,0,
01_06_2026_13_50,11183.70,11187.80,11179.50,11186.40,0,
01_06_2026_13_55,11186.20,11195.50,11184.00,11192.50,0,
01_06_2026_14_00,11192.30,11193.50,11172.80,11177.20,0,
01_06_2026_14_05,11177.20,11178.60,11170.00,11175.50,0,
01_06_2026_14_10,11176.00,11181.20,11167.70,11170.80,0,
01_06_2026_14_15,11170.70,11184.00,11165.00,11183.50,0,
01_06_2026_14_20,11181.90,11182.00,11163.80,11166.30,0,
01_06_2026_14_25,11165.20,11172.40,11159.30,11161.20,0,
01_06_2026_14_30,11160.90,11175.80,11160.90,11172.50,0,
01_06_2026_14_35,11172.40,11184.70,11172.00,11182.70,0,
01_06_2026_14_40,11183.30,11188.00,11181.50,11183.90,0,
01_06_2026_14_45,11183.70,11191.10,11174.90,11178.70,0,
01_06_2026_14_50,11178.30,11181.20,11165.60,11177.80,0,
01_06_2026_14_55,11177.20,11180.30,11164.80,11167.00,0,
01_06_2026_15_00,11167.50,11167.50,11155.40,11159.60,0,
01_06_2026_15_05,11159.90,11168.80,11151.70,11163.40,0,
01_06_2026_15_10,11165.20,11171.90,11160.80,11161.70,0,
01_06_2026_15_15,11161.50,11170.10,11161.00,11163.10,0,
01_06_2026_15_20,11162.80,11165.50,11148.50,11154.10,0,
01_06_2026_15_25,11153.50,11164.00,11150.50,11157.70,0,
02_06_2026_09_15,11094.20,11124.60,11075.00,11119.10,0,
02_06_2026_09_20,11119.50,11128.20,11104.00,11121.10,0,
02_06_2026_09_25,11120.80,11130.30,11110.70,11120.60,0,
02_06_2026_09_30,11119.20,11122.00,11103.20,11107.00,0,
02_06_2026_09_35,11108.20,11119.80,11105.00,11119.20,0,
02_06_2026_09_40,11119.50,11123.70,11104.50,11117.70,0,
02_06_2026_09_45,11118.00,11122.50,11109.80,11117.50,0,
02_06_2026_09_50,11117.50,11149.00,11115.80,11138.70,0,
02_06_2026_09_55,11138.50,11146.00,11134.30,11138.00,0,
02_06_2026_10_00,11139.50,11142.00,11135.70,11137.80,0,
02_06_2026_10_05,11137.50,11143.60,11131.50,11141.70,0,
02_06_2026_10_10,11141.80,11142.20,11122.70,11124.20,0,
02_06_2026_10_15,11123.80,11133.00,11113.70,11132.60,0,
02_06_2026_10_20,11132.70,11150.30,11129.20,11143.50,0,
02_06_2026_10_25,11143.80,11157.50,11141.70,11156.80,0,
02_06_2026_10_30,11156.50,11162.20,11129.70,11131.80,0,
02_06_2026_10_35,11131.50,11135.30,11129.10,11133.20,0,
02_06_2026_10_40,11134.50,11137.90,11130.40,11132.20,0,
02_06_2026_10_45,11132.10,11132.80,11120.00,11123.50,0,
02_06_2026_10_50,11122.50,11125.80,11116.00,11121.80,0,
02_06_2026_10_55,11120.50,11121.10,11108.70,11115.50,0,
02_06_2026_11_00,11114.40,11119.80,11098.80,11100.30,0,
02_06_2026_11_05,11100.30,11107.50,11097.00,11097.00,0,
02_06_2026_11_10,11096.30,11098.80,11089.00,11092.00,0,
02_06_2026_11_15,11091.90,11093.80,11083.20,11084.60,0,
02_06_2026_11_20,11083.90,11103.00,11083.60,11102.50,0,
02_06_2026_11_25,11102.50,11102.90,11082.60,11086.20,0,
02_06_2026_11_30,11086.50,11086.50,11071.40,11074.50,0,
02_06_2026_11_35,11074.30,11074.30,11058.60,11059.20,0,
02_06_2026_11_40,11059.50,11075.70,11058.50,11069.00,0,
02_06_2026_11_45,11069.00,11069.80,11057.00,11064.20,0,
02_06_2026_11_50,11064.20,11065.70,11047.70,11048.00,0,
02_06_2026_11_55,11047.30,11048.70,11036.70,11037.10,0,
02_06_2026_12_00,11037.50,11052.30,11034.20,11041.30,0,
02_06_2026_12_05,11041.00,11051.50,11037.50,11047.70,0,
02_06_2026_12_10,11046.80,11051.70,11039.30,11041.20,0,
02_06_2026_12_15,11041.20,11047.70,11039.00,11042.30,0,
02_06_2026_12_20,11042.20,11054.40,11040.80,11053.50,0,
02_06_2026_12_25,11053.20,11057.30,11041.80,11041.80,0,
02_06_2026_12_30,11042.20,11059.00,11038.00,11052.70,0,
02_06_2026_12_35,11052.00,11052.80,11041.50,11044.30,0,
02_06_2026_12_40,11044.60,11061.70,11041.30,11060.70,0,
02_06_2026_12_45,11061.10,11093.00,11060.30,11089.20,0,
02_06_2026_12_50,11089.70,11098.10,11085.10,11089.20,0,
02_06_2026_12_55,11088.50,11106.60,11088.50,11102.10,0,
02_06_2026_13_00,11101.00,11102.30,11091.20,11100.70,0,
02_06_2026_13_05,11100.80,11110.30,11096.90,11110.30,0,
02_06_2026_13_10,11110.30,11128.80,11108.50,11114.00,0,
02_06_2026_13_15,11114.00,11132.50,11113.20,11130.50,0,
02_06_2026_13_20,11130.00,11136.30,11126.30,11134.80,0,
02_06_2026_13_25,11137.80,11139.90,11133.00,11139.50,0,
02_06_2026_13_30,11139.30,11166.70,11139.30,11165.30,0,
02_06_2026_13_35,11165.10,11165.20,11149.10,11152.00,0,
02_06_2026_13_40,11152.00,11158.40,11147.50,11153.80,0,
02_06_2026_13_45,11153.80,11161.50,11153.00,11160.30,0,
02_06_2026_13_50,11160.10,11164.20,11150.90,11157.10,0,
02_06_2026_13_55,11156.20,11161.00,11153.50,11155.70,0,
02_06_2026_14_00,11154.80,11161.80,11154.10,11161.00,0,
02_06_2026_14_05,11161.20,11170.70,11158.80,11170.70,0,
02_06_2026_14_10,11170.70,11171.00,11164.00,11168.30,0,
02_06_2026_14_15,11168.50,11170.00,11158.80,11159.00,0,
02_06_2026_14_20,11157.70,11170.80,11157.50,11161.00,0,
02_06_2026_14_25,11160.50,11165.70,11146.50,11157.30,0,
02_06_2026_14_30,11158.00,11162.10,11150.80,11160.70,0,
02_06_2026_14_35,11160.70,11163.20,11138.00,11139.30,0,
02_06_2026_14_40,11140.00,11141.20,11122.70,11129.20,0,
02_06_2026_14_45,11129.30,11137.00,11122.60,11136.40,0,
02_06_2026_14_50,11136.80,11143.70,11134.70,11140.70,0,
02_06_2026_14_55,11141.20,11141.20,11124.30,11125.80,0,
02_06_2026_15_00,11126.20,11140.50,11118.20,11136.00,0,
02_06_2026_15_05,11135.50,11146.10,11129.80,11134.90,0,
02_06_2026_15_10,11134.80,11139.60,11132.20,11137.00,0,
02_06_2026_15_15,11137.30,11149.50,11137.20,11144.20,0,
02_06_2026_15_20,11144.20,11153.40,11139.00,11152.40,0,
02_06_2026_15_25,11152.80,11163.90,11148.80,11160.80,0,
03_06_2026_09_15,11148.50,11174.20,11084.50,11089.20,0,
03_06_2026_09_20,11089.90,11108.20,11087.80,11104.10,0,
03_06_2026_09_25,11104.20,11114.90,11089.00,11092.80,0,
03_06_2026_09_30,11094.30,11101.50,11074.20,11096.00,0,
03_06_2026_09_35,11095.80,11115.20,11091.10,11113.70,0,
03_06_2026_09_40,11115.10,11138.70,11104.50,11132.70,0,
03_06_2026_09_45,11133.30,11133.30,11116.60,11121.50,0,
03_06_2026_09_50,11121.50,11126.90,11100.10,11100.50,0,
03_06_2026_09_55,11100.20,11100.80,11083.70,11087.70,0,
03_06_2026_10_00,11087.80,11091.60,11084.40,11089.80,0,
03_06_2026_10_05,11089.80,11092.50,11082.00,11082.80,0,
03_06_2026_10_10,11083.00,11086.10,11076.30,11085.20,0,
03_06_2026_10_15,11086.50,11103.60,11080.50,11101.00,0,
03_06_2026_10_20,11101.00,11113.50,11100.70,11108.80,0,
03_06_2026_10_25,11108.70,11114.60,11092.30,11096.20,0,
03_06_2026_10_30,11096.20,11103.00,11088.20,11088.60,0,
03_06_2026_10_35,11089.50,11104.30,11086.80,11099.50,0,
03_06_2026_10_40,11099.10,11107.10,11097.80,11101.00,0,
03_06_2026_10_45,11101.00,11106.20,11094.20,11098.30,0,
03_06_2026_10_50,11099.20,11099.20,11088.20,11089.80,0,
03_06_2026_10_55,11089.50,11100.30,11088.20,11095.50,0,
03_06_2026_11_00,11096.20,11099.80,11087.80,11087.80,0,
03_06_2026_11_05,11088.70,11088.70,11079.30,11080.20,0,
03_06_2026_11_10,11080.20,11085.50,11077.90,11080.90,0,
03_06_2026_11_15,11081.40,11088.90,11079.20,11086.20,0,
03_06_2026_11_20,11086.20,11087.80,11077.00,11085.30,0,
03_06_2026_11_25,11086.50,11088.00,11074.50,11076.80,0,
03_06_2026_11_30,11076.80,11083.40,11075.30,11078.90,0,
03_06_2026_11_35,11078.60,11082.20,11072.80,11077.30,0,
03_06_2026_11_40,11077.30,11086.30,11072.00,11081.50,0,
03_06_2026_11_45,11082.00,11090.00,11081.10,11087.60,0,
03_06_2026_11_50,11087.80,11090.00,11071.30,11084.20,0,
03_06_2026_11_55,11084.30,11084.80,11073.60,11074.50,0,
03_06_2026_12_00,11074.80,11076.10,11056.70,11064.60,0,
03_06_2026_12_05,11066.00,11078.20,11065.00,11072.80,0,
03_06_2026_12_10,11072.00,11076.00,11070.00,11073.30,0,
03_06_2026_12_15,11074.00,11074.70,11066.50,11072.80,0,
03_06_2026_12_20,11072.70,11076.80,11069.70,11071.80,0,
03_06_2026_12_25,11072.00,11086.90,11069.80,11084.00,0,
03_06_2026_12_30,11084.30,11102.40,11083.80,11100.50,0,
03_06_2026_12_35,11100.80,11119.70,11100.30,11115.10,0,
03_06_2026_12_40,11114.80,11127.20,11111.00,11113.00,0,
03_06_2026_12_45,11113.90,11121.80,11106.70,11107.20,0,
03_06_2026_12_50,11108.50,11118.00,11107.00,11110.70,0,
03_06_2026_12_55,11111.30,11118.70,11107.00,11112.00,0,
03_06_2026_13_00,11112.40,11123.00,11112.20,11120.50,0,
03_06_2026_13_05,11121.00,11125.90,11116.20,11122.50,0,
03_06_2026_13_10,11122.30,11125.50,11117.50,11124.80,0,
03_06_2026_13_15,11129.80,11136.20,11126.00,11127.10,0,
03_06_2026_13_20,11127.80,11138.80,11126.70,11134.70,0,
03_06_2026_13_25,11134.20,11140.70,11132.60,11139.20,0,
03_06_2026_13_30,11138.60,11140.00,11127.90,11135.00,0,
03_06_2026_13_35,11135.20,11138.50,11128.70,11130.70,0,
03_06_2026_13_40,11131.20,11135.70,11116.40,11119.70,0,
03_06_2026_13_45,11120.80,11159.20,11120.00,11152.80,0,
03_06_2026_13_50,11152.80,11153.30,11133.90,11141.80,0,
03_06_2026_13_55,11141.80,11143.00,11130.80,11138.20,0,
03_06_2026_14_00,11139.30,11154.80,11139.30,11154.00,0,
03_06_2026_14_05,11154.00,11157.20,11141.80,11148.50,0,
03_06_2026_14_10,11149.10,11157.00,11147.50,11157.00,0,
03_06_2026_14_15,11157.00,11160.20,11153.20,11155.70,0,
03_06_2026_14_20,11156.00,11167.20,11150.70,11164.90,0,
03_06_2026_14_25,11165.00,11165.50,11151.50,11157.10,0,
03_06_2026_14_30,11157.30,11160.00,11145.70,11147.30,0,
03_06_2026_14_35,11148.20,11149.30,11136.20,11147.80,0,
03_06_2026_14_40,11147.50,11150.60,11144.00,11147.00,0,
03_06_2026_14_45,11147.30,11150.30,11143.30,11149.80,0,
03_06_2026_14_50,11149.00,11159.70,11147.20,11156.10,0,
03_06_2026_14_55,11155.80,11157.30,11137.80,11140.00,0,
03_06_2026_15_00,11140.20,11149.20,11124.50,11138.50,0,
03_06_2026_15_05,11137.70,11144.00,11123.70,11123.80,0,
03_06_2026_15_10,11125.70,11131.00,11118.50,11131.00,0,
03_06_2026_15_15,11130.90,11137.10,11127.30,11129.80,0,
03_06_2026_15_20,11130.20,11138.60,11124.60,11134.90,0,
03_06_2026_15_25,11136.30,11138.30,11125.20,11131.20,0,
04_06_2026_09_15,11093.50,11172.80,11065.70,11151.80,0,
04_06_2026_09_20,11151.70,11183.90,11149.20,11165.50,0,
04_06_2026_09_25,11162.20,11170.80,11145.00,11150.50,0,
04_06_2026_09_30,11148.90,11156.60,11133.80,11142.80,0,
04_06_2026_09_35,11143.60,11154.70,11128.10,11129.30,0,
04_06_2026_09_40,11129.50,11130.00,11116.80,11124.20,0,
04_06_2026_09_45,11124.30,11131.60,11117.80,11130.40,0,
04_06_2026_09_50,11130.70,11141.40,11125.70,11139.90,0,
04_06_2026_09_55,11140.50,11159.80,11137.70,11151.80,0,
04_06_2026_10_00,11149.70,11153.20,11142.30,11143.80,0,
04_06_2026_10_05,11143.50,11164.20,11142.50,11164.20,0,
04_06_2026_10_10,11163.90,11167.20,11155.70,11160.30,0,
04_06_2026_10_15,11160.50,11160.50,11148.00,11152.50,0,
04_06_2026_10_20,11153.50,11169.40,11152.40,11168.90,0,
04_06_2026_10_25,11168.90,11168.90,11148.80,11149.00,0,
04_06_2026_10_30,11149.20,11150.50,11133.00,11134.20,0,
04_06_2026_10_35,11134.70,11144.80,11132.00,11141.30,0,
04_06_2026_10_40,11141.70,11156.30,11140.80,11153.80,0,
04_06_2026_10_45,11153.80,11180.00,11153.70,11169.20,0,
04_06_2026_10_50,11168.90,11171.70,11166.50,11169.20,0,
04_06_2026_10_55,11169.10,11174.30,11165.30,11168.50,0,
04_06_2026_11_00,11166.80,11169.60,11148.50,11151.30,0,
04_06_2026_11_05,11150.80,11153.80,11144.40,11153.70,0,
04_06_2026_11_10,11153.30,11164.70,11152.50,11162.90,0,
04_06_2026_11_15,11162.30,11162.30,11155.20,11155.70,0,
04_06_2026_11_20,11155.00,11157.70,11150.00,11151.20,0,
04_06_2026_11_25,11150.30,11156.00,11147.20,11149.20,0,
04_06_2026_11_30,11149.20,11160.30,11143.00,11159.10,0,
04_06_2026_11_35,11158.60,11165.10,11158.30,11162.20,0,
04_06_2026_11_40,11161.70,11168.80,11158.70,11165.80,0,
04_06_2026_11_45,11165.70,11171.80,11164.00,11170.10,0,
04_06_2026_11_50,11169.20,11173.50,11161.00,11162.00,0,
04_06_2026_11_55,11162.00,11167.50,11159.20,11159.80,0,
04_06_2026_12_00,11160.80,11166.10,11154.30,11164.00,0,
04_06_2026_12_05,11164.00,11174.50,11162.80,11172.10,0,
04_06_2026_12_10,11172.50,11172.50,11159.20,11162.50,0,
04_06_2026_12_15,11162.20,11164.00,11158.50,11162.00,0,
04_06_2026_12_20,11162.00,11162.50,11155.50,11159.30,0,
04_06_2026_12_25,11158.50,11162.80,11155.00,11157.80,0,
04_06_2026_12_30,11156.90,11158.60,11151.50,11153.00,0,
04_06_2026_12_35,11153.00,11154.30,11147.40,11152.00,0,
04_06_2026_12_40,11151.50,11152.80,11140.40,11141.00,0,
04_06_2026_12_45,11140.90,11144.80,11135.80,11142.80,0,
04_06_2026_12_50,11142.80,11144.10,11136.60,11137.80,0,
04_06_2026_12_55,11137.50,11140.80,11135.20,11137.70,0,
04_06_2026_13_00,11136.80,11145.80,11135.50,11139.80,0,
04_06_2026_13_05,11139.20,11141.40,11132.00,11139.20,0,
04_06_2026_13_10,11139.00,11140.50,11119.80,11119.80,0,
04_06_2026_13_15,11119.00,11133.30,11114.00,11132.20,0,
04_06_2026_13_20,11133.00,11135.50,11120.20,11125.00,0,
04_06_2026_13_25,11124.30,11138.00,11123.80,11135.40,0,
04_06_2026_13_30,11136.70,11137.00,11129.00,11132.30,0,
04_06_2026_13_35,11132.30,11134.00,11128.50,11132.50,0,
04_06_2026_13_40,11131.00,11133.20,11123.80,11126.20,0,
04_06_2026_13_45,11125.20,11135.80,11120.90,11132.40,0,
04_06_2026_13_50,11132.70,11135.00,11126.00,11130.70,0,
04_06_2026_13_55,11129.60,11136.40,11125.00,11132.20,0,
04_06_2026_14_00,11132.20,11151.00,11131.70,11147.80,0,
04_06_2026_14_05,11147.00,11151.20,11140.50,11150.20,0,
04_06_2026_14_10,11150.00,11152.10,11143.70,11144.70,0,
04_06_2026_14_15,11144.30,11151.80,11144.30,11147.20,0,
04_06_2026_14_20,11146.80,11147.40,11137.70,11145.40,0,
04_06_2026_14_25,11144.30,11152.20,11143.40,11148.20,0,
04_06_2026_14_30,11148.20,11156.00,11145.50,11149.00,0,
04_06_2026_14_35,11148.80,11151.80,11146.00,11150.80,0,
04_06_2026_14_40,11149.80,11167.50,11149.80,11161.80,0,
04_06_2026_14_45,11161.20,11173.70,11156.50,11159.70,0,
04_06_2026_14_50,11160.20,11161.00,11143.20,11144.00,0,
04_06_2026_14_55,11144.20,11154.80,11144.00,11152.80,0,
04_06_2026_15_00,11153.30,11156.70,11142.20,11146.00,0,
04_06_2026_15_05,11145.10,11162.20,11144.80,11160.80,0,
04_06_2026_15_10,11161.10,11166.80,11158.70,11161.40,0,
04_06_2026_15_15,11161.70,11169.50,11160.10,11168.10,0,
04_06_2026_15_20,11167.80,11177.20,11164.20,11173.80,0,
04_06_2026_15_25,11174.40,11183.20,11166.90,11179.40,0,
05_06_2026_09_15,11174.50,11188.80,11146.50,11151.10,0,
05_06_2026_09_20,11151.00,11161.40,11144.00,11153.50,0,
05_06_2026_09_25,11152.40,11173.70,11149.00,11151.70,0,
05_06_2026_09_30,11151.20,11157.20,11143.80,11150.80,0,
05_06_2026_09_35,11150.70,11157.20,11130.00,11151.20,0,
05_06_2026_09_40,11150.70,11156.60,11145.70,11153.20,0,
05_06_2026_09_45,11153.20,11164.00,11149.10,11153.30,0,
05_06_2026_09_50,11152.60,11155.20,11144.00,11148.20,0,
05_06_2026_09_55,11148.40,11155.30,11142.60,11148.00,0,
05_06_2026_10_00,11147.20,11165.80,11138.10,11158.20,0,
05_06_2026_10_05,11157.10,11164.20,11148.10,11160.10,0,
05_06_2026_10_10,11160.10,11169.50,11159.50,11161.00,0,
05_06_2026_10_15,11160.00,11163.20,11153.00,11156.60,0,
05_06_2026_10_20,11156.30,11163.80,11148.50,11162.80,0,
05_06_2026_10_25,11162.80,11164.60,11147.70,11149.00,0,
05_06_2026_10_30,11148.80,11155.20,11144.40,11146.80,0,
05_06_2026_10_35,11145.70,11146.90,11121.20,11124.00,0,
05_06_2026_10_40,11124.00,11126.00,11116.70,11123.80,0,
05_06_2026_10_45,11123.20,11131.00,11111.20,11129.50,0,
05_06_2026_10_50,11129.50,11133.70,11126.90,11130.70,0,
05_06_2026_10_55,11130.50,11135.20,11122.40,11127.30,0,
05_06_2026_11_00,11127.00,11146.00,11126.90,11145.20,0,
05_06_2026_11_05,11146.30,11160.30,11145.20,11147.80,0,
05_06_2026_11_10,11147.80,11150.20,11140.00,11145.40,0,
05_06_2026_11_15,11145.00,11146.50,11123.80,11124.30,0,
05_06_2026_11_20,11125.20,11127.30,11118.00,11125.50,0,
05_06_2026_11_25,11125.30,11129.20,11124.20,11128.40,0,
05_06_2026_11_30,11128.70,11134.20,11126.70,11129.50,0,
05_06_2026_11_35,11130.10,11132.50,11118.80,11122.90,0,
05_06_2026_11_40,11122.40,11132.30,11120.10,11125.00,0,
05_06_2026_11_45,11125.50,11129.80,11123.90,11124.80,0,
05_06_2026_11_50,11124.10,11126.70,11116.90,11123.20,0,
05_06_2026_11_55,11123.20,11123.60,11117.30,11117.80,0,
05_06_2026_12_00,11117.80,11128.30,11117.30,11127.20,0,
05_06_2026_12_05,11127.40,11133.00,11124.10,11126.70,0,
05_06_2026_12_10,11127.30,11130.50,11120.00,11130.50,0,
05_06_2026_12_15,11130.50,11146.10,11127.70,11140.50,0,
05_06_2026_12_20,11141.00,11153.60,11140.70,11152.80,0,
05_06_2026_12_25,11152.80,11155.20,11146.50,11155.20,0,
05_06_2026_12_30,11154.80,11160.50,11146.20,11150.20,0,
05_06_2026_12_35,11149.60,11153.60,11139.20,11148.50,0,
05_06_2026_12_40,11149.10,11149.50,11123.30,11125.20,0,
05_06_2026_12_45,11124.80,11128.10,11121.70,11121.70,0,
05_06_2026_12_50,11122.70,11126.20,11112.20,11117.80,0,
05_06_2026_12_55,11117.50,11122.50,11116.20,11118.40,0,
05_06_2026_13_00,11118.70,11120.20,11114.80,11119.50,0,
05_06_2026_13_05,11119.50,11120.10,11106.00,11108.10,0,
05_06_2026_13_10,11108.50,11109.70,11098.70,11100.50,0,
05_06_2026_13_15,11100.80,11129.70,11096.00,11127.20,0,
05_06_2026_13_20,11127.00,11127.80,11099.10,11101.20,0,
05_06_2026_13_25,11100.70,11104.70,11089.60,11090.00,0,
05_06_2026_13_30,11090.00,11094.00,11082.50,11085.00,0,
05_06_2026_13_35,11085.70,11096.70,11083.50,11095.00,0,
05_06_2026_13_40,11094.00,11095.30,11080.00,11087.10,0,
05_06_2026_13_45,11085.00,11095.50,11084.80,11095.00,0,
05_06_2026_13_50,11094.60,11099.20,11092.50,11095.40,0,
05_06_2026_13_55,11093.60,11099.20,11091.00,11098.30,0,
05_06_2026_14_00,11098.50,11101.20,11094.20,11097.90,0,
05_06_2026_14_05,11097.90,11111.50,11096.50,11110.70,0,
05_06_2026_14_10,11109.50,11114.70,11102.30,11107.00,0,
05_06_2026_14_15,11104.30,11106.30,11098.30,11105.00,0,
05_06_2026_14_20,11102.80,11113.50,11101.00,11113.00,0,
05_06_2026_14_25,11112.00,11127.40,11110.30,11127.40,0,
05_06_2026_14_30,11126.70,11132.70,11120.20,11122.80,0,
05_06_2026_14_35,11121.80,11123.30,11106.00,11115.40,0,
05_06_2026_14_40,11115.40,11141.60,11111.70,11136.00,0,
05_06_2026_14_45,11136.20,11146.20,11117.80,11120.00,0,
05_06_2026_14_50,11120.30,11124.00,11115.70,11117.50,0,
05_06_2026_14_55,11117.40,11119.50,11106.80,11109.50,0,
05_06_2026_15_00,11110.50,11113.50,11098.20,11104.30,0,
05_06_2026_15_05,11104.30,11105.80,11101.00,11104.00,0,
05_06_2026_15_10,11104.00,11112.50,11101.60,11109.20,0,
05_06_2026_15_15,11108.80,11116.00,11106.70,11109.20,0,
05_06_2026_15_20,11109.40,11110.30,11096.30,11103.20,0,
05_06_2026_15_25,11102.20,11113.80,11101.20,11108.50,0,
08_06_2026_09_15,11012.80,11029.20,10970.20,10997.00,0,
08_06_2026_09_20,10996.20,10996.70,10972.50,10984.20,0,
08_06_2026_09_25,10985.00,10993.50,10971.70,10992.20,0,
08_06_2026_09_30,10991.30,11020.30,10988.90,11010.70,0,
08_06_2026_09_35,11011.70,11011.70,10989.10,11008.20,0,
08_06_2026_09_40,11008.20,11027.30,11006.20,11013.50,0,
08_06_2026_09_45,11013.80,11028.50,11008.90,11009.90,0,
08_06_2026_09_50,11008.40,11028.30,11006.00,11028.00,0,
08_06_2026_09_55,11027.50,11042.70,11025.30,11041.80,0,
08_06_2026_10_00,11042.20,11042.30,11018.30,11032.00,0,
08_06_2026_10_05,11029.00,11043.70,11020.20,11041.70,0,
08_06_2026_10_10,11040.80,11041.60,11028.20,11028.20,0,
08_06_2026_10_15,11029.00,11035.30,11023.80,11032.20,0,
08_06_2026_10_20,11032.30,11033.10,11024.00,11025.80,0,
08_06_2026_10_25,11026.00,11027.50,11011.20,11013.40,0,
08_06_2026_10_30,11014.00,11036.80,11012.20,11030.40,0,
08_06_2026_10_35,11032.00,11040.20,11030.80,11037.20,0,
08_06_2026_10_40,11036.50,11043.50,11024.40,11024.40,0,
08_06_2026_10_45,11025.20,11035.00,11023.00,11034.00,0,
08_06_2026_10_50,11034.40,11038.00,11025.30,11026.70,0,
08_06_2026_10_55,11026.80,11031.10,11022.80,11030.80,0,
08_06_2026_11_00,11030.80,11030.80,11025.00,11026.80,0,
08_06_2026_11_05,11028.00,11029.50,11020.40,11028.20,0,
08_06_2026_11_10,11027.50,11030.70,11022.20,11026.00,0,
08_06_2026_11_15,11026.20,11028.80,11017.80,11021.80,0,
08_06_2026_11_20,11020.50,11024.50,11013.10,11014.80,0,
08_06_2026_11_25,11014.20,11018.00,11012.00,11017.30,0,
08_06_2026_11_30,11018.00,11020.20,11009.30,11010.20,0,
08_06_2026_11_35,11011.00,11016.50,11008.60,11016.30,0,
08_06_2026_11_40,11016.30,11016.70,11011.30,11014.80,0,
08_06_2026_11_45,11014.80,11020.80,11011.10,11020.50,0,
08_06_2026_11_50,11020.50,11021.50,11013.70,11018.60,0,
08_06_2026_11_55,11018.80,11025.30,11016.30,11024.20,0,
08_06_2026_12_00,11023.70,11025.50,11020.00,11024.50,0,
08_06_2026_12_05,11024.20,11025.00,11016.30,11021.00,0,
08_06_2026_12_10,11021.90,11026.90,11020.00,11024.70,0,
08_06_2026_12_15,11024.20,11025.00,11020.00,11021.40,0,
08_06_2026_12_20,11021.40,11023.50,11017.80,11021.50,0,
08_06_2026_12_25,11020.80,11023.70,11018.50,11021.50,0,
08_06_2026_12_30,11021.20,11023.30,11012.80,11019.50,0,
08_06_2026_12_35,11019.90,11020.10,11016.00,11019.00,0,
08_06_2026_12_40,11018.60,11030.50,11016.60,11028.60,0,
08_06_2026_12_45,11028.60,11033.50,11020.90,11032.80,0,
08_06_2026_12_50,11032.60,11039.00,11026.80,11032.10,0,
08_06_2026_12_55,11032.40,11037.70,11032.30,11035.50,0,
08_06_2026_13_00,11034.80,11036.70,11027.10,11027.10,0,
08_06_2026_13_05,11027.50,11029.00,11018.00,11022.50,0,
08_06_2026_13_10,11022.50,11022.80,11016.50,11018.30,0,
08_06_2026_13_15,11018.10,11020.90,11015.20,11015.50,0,
08_06_2026_13_20,11015.90,11016.30,11006.40,11008.30,0,
08_06_2026_13_25,11008.60,11009.80,11001.50,11006.60,0,
08_06_2026_13_30,11007.00,11008.50,11000.00,11002.00,0,
08_06_2026_13_35,11002.00,11004.00,10998.20,11002.70,0,
08_06_2026_13_40,11002.80,11004.30,10998.70,11000.10,0,
08_06_2026_13_45,10999.70,11003.80,10992.90,11002.50,0,
08_06_2026_13_50,11002.30,11004.20,10995.60,11000.20,0,
08_06_2026_13_55,11000.00,11003.00,10994.00,11003.00,0,
08_06_2026_14_00,11003.50,11007.80,11001.30,11005.20,0,
08_06_2026_14_05,11005.20,11006.00,10994.80,10997.80,0,
08_06_2026_14_10,10997.80,11000.80,10994.90,10996.00,0,
08_06_2026_14_15,10996.30,11000.50,10990.00,10999.40,0,
08_06_2026_14_20,10999.20,11000.00,10988.50,10990.50,0,
08_06_2026_14_25,10990.20,10990.30,10979.40,10980.70,0,
08_06_2026_14_30,10980.70,10994.50,10978.80,10989.50,0,
08_06_2026_14_35,10989.50,10998.30,10988.00,10991.30,0,
08_06_2026_14_40,10990.00,10998.50,10983.70,10997.60,0,
08_06_2026_14_45,10998.30,10998.50,10985.30,10986.30,0,
08_06_2026_14_50,10986.30,10989.50,10980.00,10981.40,0,
08_06_2026_14_55,10981.70,10983.50,10963.30,10970.50,0,
08_06_2026_15_00,10970.30,10970.30,10934.30,10937.80,0,
08_06_2026_15_05,10938.20,10947.00,10933.90,10945.50,0,
08_06_2026_15_10,10944.20,10946.20,10937.80,10940.80,0,
08_06_2026_15_15,10940.60,10940.70,10928.60,10929.60,0,
08_06_2026_15_20,10930.10,10931.70,10909.00,10914.50,0,
08_06_2026_15_25,10914.70,10924.00,10906.10,10923.20,0,
09_06_2026_09_15,10978.90,11011.20,10960.50,10979.20,0,
09_06_2026_09_20,10978.50,10988.00,10955.30,10959.30,0,
09_06_2026_09_25,10958.70,10962.00,10933.50,10935.80,0,
09_06_2026_09_30,10935.80,10954.10,10934.30,10948.50,0,
09_06_2026_09_35,10948.20,10961.80,10942.00,10958.70,0,
09_06_2026_09_40,10958.60,10961.70,10943.80,10948.30,0,
09_06_2026_09_45,10947.80,10960.40,10943.20,10944.70,0,
09_06_2026_09_50,10942.60,10959.50,10942.60,10958.20,0,
09_06_2026_09_55,10957.80,10957.80,10936.00,10937.00,0,
09_06_2026_10_00,10938.00,10948.50,10932.10,10934.00,0,
09_06_2026_10_05,10934.50,10941.40,10933.70,10939.70,0,
09_06_2026_10_10,10939.70,10952.00,10937.00,10950.50,0,
09_06_2026_10_15,10950.00,10958.10,10946.30,10950.50,0,
09_06_2026_10_20,10949.60,10955.10,10938.30,10943.50,0,
09_06_2026_10_25,10942.30,10950.40,10939.50,10949.70,0,
09_06_2026_10_30,10949.70,10953.00,10944.00,10946.00,0,
09_06_2026_10_35,10946.00,10946.00,10933.20,10935.50,0,
09_06_2026_10_40,10935.40,10938.70,10931.70,10936.50,0,
09_06_2026_10_45,10935.60,10937.20,10925.00,10925.20,0,
09_06_2026_10_50,10924.80,10935.50,10924.20,10934.40,0,
09_06_2026_10_55,10934.30,10940.00,10932.50,10935.90,0,
09_06_2026_11_00,10935.40,10942.10,10933.70,10938.60,0,
09_06_2026_11_05,10939.00,10947.20,10938.80,10945.80,0,
09_06_2026_11_10,10945.20,10955.30,10941.30,10955.00,0,
09_06_2026_11_15,10953.80,10956.20,10948.00,10950.10,0,
09_06_2026_11_20,10950.30,10950.70,10928.90,10931.80,0,
09_06_2026_11_25,10931.80,10942.00,10929.80,10937.70,0,
09_06_2026_11_30,10937.70,10940.20,10934.20,10938.80,0,
09_06_2026_11_35,10939.70,10955.20,10938.00,10953.00,0,
09_06_2026_11_40,10953.10,10954.50,10935.10,10942.00,0,
09_06_2026_11_45,10941.60,10960.80,10938.90,10955.50,0,
09_06_2026_11_50,10955.70,10963.30,10952.50,10959.30,0,
09_06_2026_11_55,10958.50,10961.30,10951.40,10958.80,0,
09_06_2026_12_00,10959.20,10964.30,10957.40,10958.20,0,
09_06_2026_12_05,10958.20,10960.40,10948.20,10954.80,0,
09_06_2026_12_10,10955.60,10959.10,10952.60,10958.00,0,
09_06_2026_12_15,10957.60,10963.70,10956.70,10960.50,0,
09_06_2026_12_20,10960.70,10964.50,10954.50,10954.90,0,
09_06_2026_12_25,10955.00,10959.20,10952.80,10957.20,0,
09_06_2026_12_30,10957.20,10957.90,10952.70,10956.50,0,
09_06_2026_12_35,10956.70,10959.00,10943.20,10945.30,0,
09_06_2026_12_40,10944.10,10947.80,10935.20,10937.80,0,
09_06_2026_12_45,10937.50,10941.50,10931.50,10933.60,0,
09_06_2026_12_50,10933.20,10935.80,10927.70,10932.60,0,
09_06_2026_12_55,10932.50,10933.20,10921.50,10924.20,0,
09_06_2026_13_00,10923.50,10932.20,10919.50,10925.00,0,
09_06_2026_13_05,10924.10,10925.50,10916.20,10918.70,0,
09_06_2026_13_10,10917.60,10930.50,10917.20,10929.80,0,
09_06_2026_13_15,10930.30,10931.00,10916.00,10918.50,0,
09_06_2026_13_20,10919.00,10923.30,10917.60,10921.20,0,
09_06_2026_13_25,10921.80,10924.00,10918.30,10919.80,0,
09_06_2026_13_30,10919.30,10920.00,10909.80,10911.00,0,
09_06_2026_13_35,10910.50,10919.20,10909.50,10917.20,0,
09_06_2026_13_40,10917.50,10919.20,10911.90,10917.30,0,
09_06_2026_13_45,10917.20,10919.50,10910.30,10910.50,0,
09_06_2026_13_50,10910.20,10912.10,10902.70,10904.90,0,
09_06_2026_13_55,10905.80,10915.80,10901.80,10912.70,0,
09_06_2026_14_00,10911.90,10914.00,10907.30,10909.80,0,
09_06_2026_14_05,10911.20,10923.20,10908.50,10921.60,0,
09_06_2026_14_10,10921.40,10938.50,10921.20,10926.00,0,
09_06_2026_14_15,10927.30,10935.10,10922.10,10934.40,0,
09_06_2026_14_20,10933.00,10934.80,10923.50,10925.30,0,
09_06_2026_14_25,10926.70,10938.60,10925.20,10937.70,0,
09_06_2026_14_30,10937.70,10941.80,10931.20,10934.50,0,
09_06_2026_14_35,10933.20,10950.20,10929.50,10948.60,0,
09_06_2026_14_40,10947.60,10955.00,10944.20,10947.60,0,
09_06_2026_14_45,10948.20,10951.10,10940.00,10943.70,0,
09_06_2026_14_50,10943.70,10961.80,10942.10,10958.30,0,
09_06_2026_14_55,10959.00,10972.70,10958.80,10966.80,0,
09_06_2026_15_00,10967.70,10967.70,10946.80,10961.00,0,
09_06_2026_15_05,10963.20,10977.30,10958.00,10977.30,0,
09_06_2026_15_10,10976.50,10978.20,10962.90,10970.20,0,
09_06_2026_15_15,10970.70,10970.70,10960.40,10966.80,0,
09_06_2026_15_20,10968.20,10975.20,10965.30,10972.80,0,
09_06_2026_15_25,10973.20,10982.70,10969.80,10981.30,0,
10_06_2026_09_15,10981.80,11037.10,10967.80,11006.30,0,
10_06_2026_09_20,11007.70,11009.70,10978.50,11002.00,0,
10_06_2026_09_25,11001.70,11016.80,10991.40,11016.80,0,
10_06_2026_09_30,11016.70,11049.20,11016.40,11034.10,0,
10_06_2026_09_35,11034.50,11034.50,11019.70,11033.20,0,
10_06_2026_09_40,11033.00,11041.30,11029.60,11040.30,0,
10_06_2026_09_45,11040.50,11066.20,11039.20,11063.30,0,
10_06_2026_09_50,11062.50,11066.50,11053.50,11056.70,0,
10_06_2026_09_55,11057.10,11058.90,11037.40,11037.40,0,
10_06_2026_10_00,11038.80,11039.80,11023.80,11027.60,0,
10_06_2026_10_05,11027.60,11027.80,11009.90,11012.40,0,
10_06_2026_10_10,11013.80,11015.50,10986.30,10989.10,0,
10_06_2026_10_15,10989.80,10991.20,10977.00,10989.30,0,
10_06_2026_10_20,10989.20,10990.20,10979.50,10985.20,0,
10_06_2026_10_25,10985.20,10986.00,10976.50,10980.70,0,
10_06_2026_10_30,10980.30,10985.60,10975.60,10984.70,0,
10_06_2026_10_35,10984.80,10989.30,10968.50,10969.20,0,
10_06_2026_10_40,10970.80,10975.70,10962.30,10971.80,0,
10_06_2026_10_45,10972.00,10974.00,10967.80,10973.00,0,
10_06_2026_10_50,10973.00,10980.90,10968.00,10977.20,0,
10_06_2026_10_55,10977.70,10980.50,10971.80,10979.30,0,
10_06_2026_11_00,10979.80,10984.50,10972.00,10977.40,0,
10_06_2026_11_05,10977.80,10981.00,10973.80,10979.20,0,
10_06_2026_11_10,10979.50,10985.20,10975.70,10981.20,0,
10_06_2026_11_15,10980.30,10983.50,10959.60,10962.00,0,
10_06_2026_11_20,10961.50,10975.20,10958.30,10974.10,0,
10_06_2026_11_25,10974.10,10986.00,10971.30,10981.50,0,
10_06_2026_11_30,10983.50,10984.00,10970.30,10971.90,0,
10_06_2026_11_35,10971.90,10973.80,10947.50,10953.20,0,
10_06_2026_11_40,10953.20,10957.50,10948.20,10951.70,0,
10_06_2026_11_45,10952.00,10952.80,10944.80,10952.00,0,
10_06_2026_11_50,10952.00,10958.00,10950.90,10957.80,0,
10_06_2026_11_55,10957.80,10958.80,10953.10,10956.00,0,
10_06_2026_12_00,10955.10,10957.30,10938.70,10946.70,0,
10_06_2026_12_05,10946.70,10949.40,10941.80,10944.80,0,
10_06_2026_12_10,10944.80,10946.40,10937.70,10945.00,0,
10_06_2026_12_15,10945.90,10950.60,10944.00,10945.00,0,
10_06_2026_12_20,10945.60,10947.00,10932.70,10932.80,0,
10_06_2026_12_25,10932.50,10940.10,10932.30,10935.00,0,
10_06_2026_12_30,10934.90,10937.90,10914.50,10917.50,0,
10_06_2026_12_35,10917.50,10920.50,10911.00,10913.00,0,
10_06_2026_12_40,10913.00,10914.80,10895.50,10898.80,0,
10_06_2026_12_45,10899.40,10900.20,10885.60,10887.50,0,
10_06_2026_12_50,10887.30,10905.20,10886.80,10903.20,0,
10_06_2026_12_55,10903.20,10904.10,10892.80,10903.30,0,
10_06_2026_13_00,10904.00,10928.50,10903.60,10925.50,0,
10_06_2026_13_05,10925.20,10927.20,10906.30,10907.70,0,
10_06_2026_13_10,10907.70,10909.10,10892.80,10897.30,0,
10_06_2026_13_15,10897.20,10902.90,10894.20,10896.00,0,
10_06_2026_13_20,10896.50,10904.70,10895.80,10897.40,0,
10_06_2026_13_25,10897.80,10907.50,10895.50,10901.00,0,
10_06_2026_13_30,10903.30,10906.80,10884.20,10885.50,0,
10_06_2026_13_35,10884.80,10885.80,10873.00,10875.50,0,
10_06_2026_13_40,10875.50,10881.00,10861.00,10861.70,0,
10_06_2026_13_45,10861.80,10883.80,10860.30,10874.00,0,
10_06_2026_13_50,10874.20,10874.20,10866.20,10869.90,0,
10_06_2026_13_55,10869.50,10871.90,10863.10,10868.30,0,
10_06_2026_14_00,10868.30,10879.80,10866.00,10876.00,0,
10_06_2026_14_05,10875.80,10876.90,10863.70,10868.20,0,
10_06_2026_14_10,10867.50,10871.20,10839.30,10840.90,0,
10_06_2026_14_15,10842.80,10854.20,10837.10,10849.80,0,
10_06_2026_14_20,10850.80,10862.00,10848.50,10854.90,0,
10_06_2026_14_25,10855.60,10857.00,10836.80,10839.30,0,
10_06_2026_14_30,10837.30,10841.70,10828.20,10839.50,0,
10_06_2026_14_35,10838.70,10846.30,10827.80,10830.10,0,
10_06_2026_14_40,10829.50,10838.70,10815.20,10818.20,0,
10_06_2026_14_45,10818.50,10819.50,10803.60,10809.80,0,
10_06_2026_14_50,10811.80,10821.80,10809.20,10809.80,0,
10_06_2026_14_55,10809.40,10832.30,10809.40,10816.70,0,
10_06_2026_15_00,10817.60,10823.20,10811.60,10816.00,0,
10_06_2026_15_05,10816.80,10816.80,10804.50,10816.30,0,
10_06_2026_15_10,10815.20,10818.10,10800.50,10803.00,0,
10_06_2026_15_15,10803.60,10808.50,10788.20,10800.50,0,
10_06_2026_15_20,10801.00,10806.80,10791.30,10797.00,0,
10_06_2026_15_25,10796.20,10810.50,10793.00,10810.30,0,
11_06_2026_09_15,10776.50,10782.70,10740.50,10769.70,0,
11_06_2026_09_20,10772.50,10801.40,10764.60,10788.80,0,
11_06_2026_09_25,10788.50,10801.90,10778.20,10797.20,0,
11_06_2026_09_30,10798.90,10800.80,10764.70,10775.80,0,
11_06_2026_09_35,10775.50,10791.20,10760.20,10791.00,0,
11_06_2026_09_40,10791.20,10795.90,10783.20,10794.20,0,
11_06_2026_09_45,10794.00,10794.90,10783.20,10790.50,0,
11_06_2026_09_50,10791.60,10800.20,10782.90,10786.80,0,
11_06_2026_09_55,10786.60,10791.10,10781.00,10784.60,0,
11_06_2026_10_00,10784.70,10798.60,10780.80,10786.30,0,
11_06_2026_10_05,10786.30,10809.70,10781.50,10806.30,0,
11_06_2026_10_10,10805.50,10816.90,10804.00,10810.10,0,
11_06_2026_10_15,10810.70,10817.90,10806.20,10817.70,0,
11_06_2026_10_20,10817.50,10818.80,10804.10,10805.50,0,
11_06_2026_10_25,10806.20,10809.70,10799.60,10802.70,0,
11_06_2026_10_30,10802.40,10804.20,10793.50,10802.00,0,
11_06_2026_10_35,10802.80,10806.30,10798.50,10804.20,0,
11_06_2026_10_40,10804.50,10807.30,10797.90,10800.50,0,
11_06_2026_10_45,10800.20,10801.30,10789.80,10790.90,0,
11_06_2026_10_50,10790.50,10790.50,10769.20,10773.70,0,
11_06_2026_10_55,10773.40,10774.50,10766.50,10768.00,0,
11_06_2026_11_00,10768.50,10776.30,10765.00,10775.70,0,
11_06_2026_11_05,10775.30,10788.70,10774.30,10785.50,0,
11_06_2026_11_10,10785.00,10785.00,10768.20,10769.40,0,
11_06_2026_11_15,10769.60,10778.50,10762.90,10775.60,0,
11_06_2026_11_20,10776.70,10796.60,10775.00,10793.40,0,
11_06_2026_11_25,10794.20,10803.60,10791.10,10802.50,0,
11_06_2026_11_30,10803.00,10803.80,10792.10,10793.80,0,
11_06_2026_11_35,10794.30,10797.00,10785.00,10788.60,0,
11_06_2026_11_40,10787.70,10805.20,10785.00,10804.80,0,
11_06_2026_11_45,10805.30,10807.80,10800.50,10802.20,0,
11_06_2026_11_50,10802.80,10806.50,10795.80,10801.20,0,
11_06_2026_11_55,10801.80,10804.70,10798.80,10799.80,0,
11_06_2026_12_00,10801.00,10805.20,10797.20,10798.00,0,
11_06_2026_12_05,10797.80,10799.00,10788.70,10792.40,0,
11_06_2026_12_10,10793.30,10793.30,10780.90,10785.70,0,
11_06_2026_12_15,10785.20,10801.30,10785.20,10799.20,0,
11_06_2026_12_20,10800.20,10801.20,10789.80,10790.50,0,
11_06_2026_12_25,10790.80,10796.00,10788.00,10794.00,0,
11_06_2026_12_30,10793.70,10814.20,10792.30,10814.20,0,
11_06_2026_12_35,10814.20,10816.10,10790.50,10796.20,0,
11_06_2026_12_40,10796.60,10802.50,10796.00,10799.20,0,
11_06_2026_12_45,10798.70,10800.20,10786.10,10786.10,0,
11_06_2026_12_50,10787.20,10791.80,10785.50,10787.80,0,
11_06_2026_12_55,10788.00,10793.40,10785.10,10791.20,0,
11_06_2026_13_00,10791.20,10796.50,10785.50,10789.10,0,
11_06_2026_13_05,10789.80,10792.30,10770.30,10770.50,0,
11_06_2026_13_10,10770.00,10771.80,10754.30,10756.60,0,
11_06_2026_13_15,10756.00,10759.00,10753.50,10756.50,0,
11_06_2026_13_20,10756.50,10757.30,10743.00,10753.50,0,
11_06_2026_13_25,10753.50,10762.10,10749.90,10761.50,0,
11_06_2026_13_30,10761.30,10772.00,10760.50,10764.60,0,
11_06_2026_13_35,10764.60,10767.70,10754.00,10755.50,0,
11_06_2026_13_40,10756.20,10760.20,10744.00,10749.80,0,
11_06_2026_13_45,10750.30,10758.80,10746.30,10754.00,0,
11_06_2026_13_50,10755.80,10759.10,10752.70,10756.50,0,
11_06_2026_13_55,10756.80,10764.50,10755.20,10757.50,0,
11_06_2026_14_00,10756.90,10757.40,10747.00,10755.80,0,
11_06_2026_14_05,10755.60,10760.20,10743.80,10746.70,0,
11_06_2026_14_10,10747.50,10759.20,10744.20,10753.70,0,
11_06_2026_14_15,10754.70,10755.50,10746.80,10750.20,0,
11_06_2026_14_20,10751.30,10762.20,10751.30,10754.20,0,
11_06_2026_14_25,10755.30,10778.00,10753.50,10774.30,0,
11_06_2026_14_30,10774.50,10790.50,10767.30,10780.80,0,
11_06_2026_14_35,10781.50,10789.50,10764.80,10776.80,0,
11_06_2026_14_40,10777.80,10780.00,10768.80,10770.90,0,
11_06_2026_14_45,10771.10,10776.70,10757.80,10775.80,0,
11_06_2026_14_50,10775.40,10776.50,10764.70,10770.70,0,
11_06_2026_14_55,10770.00,10777.20,10765.50,10772.80,0,
11_06_2026_15_00,10773.70,10780.00,10762.00,10770.20,0,
11_06_2026_15_05,10770.20,10775.20,10763.50,10765.00,0,
11_06_2026_15_10,10765.50,10776.90,10761.40,10775.20,0,
11_06_2026_15_15,10777.70,10791.00,10776.20,10785.50,0,
11_06_2026_15_20,10784.30,10790.00,10780.70,10788.50,0,
11_06_2026_15_25,10787.30,10799.80,10787.20,10794.20,0,
12_06_2026_09_15,10879.20,10907.50,10865.20,10883.00,0,
12_06_2026_09_20,10882.30,10908.70,10877.70,10899.00,0,
12_06_2026_09_25,10899.90,10904.30,10867.00,10869.00,0,
12_06_2026_09_30,10869.80,10883.30,10858.50,10883.20,0,
12_06_2026_09_35,10882.90,10882.90,10867.70,10868.00,0,
12_06_2026_09_40,10867.80,10880.80,10865.40,10877.00,0,
12_06_2026_09_45,10877.20,10887.50,10873.20,10887.00,0,
12_06_2026_09_50,10886.80,10890.30,10868.30,10869.20,0,
12_06_2026_09_55,10871.00,10872.80,10861.70,10866.10,0,
12_06_2026_10_00,10865.70,10875.60,10857.20,10874.70,0,
12_06_2026_10_05,10874.90,10891.20,10870.00,10872.70,0,
12_06_2026_10_10,10873.70,10880.20,10866.20,10875.00,0,
12_06_2026_10_15,10875.50,10878.50,10865.80,10867.80,0,
12_06_2026_10_20,10867.20,10879.80,10863.20,10875.70,0,
12_06_2026_10_25,10877.70,10878.30,10860.70,10863.80,0,
12_06_2026_10_30,10863.30,10866.30,10848.20,10855.20,0,
12_06_2026_10_35,10854.50,10856.70,10840.40,10843.80,0,
12_06_2026_10_40,10844.30,10844.80,10824.30,10826.20,0,
12_06_2026_10_45,10826.20,10828.20,10812.80,10814.80,0,
12_06_2026_10_50,10814.90,10815.80,10798.20,10810.80,0,
12_06_2026_10_55,10810.70,10817.70,10808.30,10815.80,0,
12_06_2026_11_00,10816.50,10817.70,10803.80,10809.40,0,
12_06_2026_11_05,10809.40,10813.90,10805.50,10813.50,0,
12_06_2026_11_10,10813.50,10834.50,10812.80,10834.20,0,
12_06_2026_11_15,10834.20,10834.80,10828.00,10831.20,0,
12_06_2026_11_20,10833.40,10834.20,10823.00,10823.60,0,
12_06_2026_11_25,10823.60,10831.00,10822.20,10826.40,0,
12_06_2026_11_30,10826.30,10836.00,10826.00,10835.70,0,
12_06_2026_11_35,10835.70,10836.20,10827.80,10833.20,0,
12_06_2026_11_40,10833.20,10836.00,10831.00,10835.80,0,
12_06_2026_11_45,10835.70,10842.10,10830.80,10841.30,0,
12_06_2026_11_50,10840.80,10857.20,10836.20,10852.00,0,
12_06_2026_11_55,10852.70,10861.40,10849.40,10849.50,0,
12_06_2026_12_00,10850.20,10859.80,10849.90,10852.80,0,
12_06_2026_12_05,10852.50,10853.10,10828.30,10829.80,0,
12_06_2026_12_10,10829.70,10830.00,10816.80,10822.70,0,
12_06_2026_12_15,10823.40,10824.70,10814.50,10815.10,0,
12_06_2026_12_20,10814.80,10826.70,10814.80,10821.80,0,
12_06_2026_12_25,10822.10,10823.80,10816.80,10819.50,0,
12_06_2026_12_30,10818.90,10819.20,10805.20,10810.90,0,
12_06_2026_12_35,10810.20,10811.50,10801.50,10805.30,0,
12_06_2026_12_40,10805.60,10808.50,10795.00,10801.20,0,
12_06_2026_12_45,10801.60,10802.30,10795.80,10795.90,0,
12_06_2026_12_50,10796.50,10802.20,10795.50,10800.90,0,
12_06_2026_12_55,10802.00,10802.40,10791.80,10793.80,0,
12_06_2026_13_00,10793.50,10797.80,10793.20,10796.20,0,
12_06_2026_13_05,10796.20,10803.40,10793.70,10796.30,0,
12_06_2026_13_10,10796.20,10808.70,10795.20,10807.50,0,
12_06_2026_13_15,10807.90,10813.50,10803.30,10810.20,0,
12_06_2026_13_20,10809.30,10816.20,10809.00,10810.60,0,
12_06_2026_13_25,10810.30,10845.70,10802.20,10839.70,0,
12_06_2026_13_30,10839.50,10870.70,10839.50,10863.30,0,
12_06_2026_13_35,10863.30,10888.00,10863.30,10871.70,0,
12_06_2026_13_40,10872.80,10888.20,10871.90,10887.90,0,
12_06_2026_13_45,10888.20,10919.80,10887.50,10906.60,0,
12_06_2026_13_50,10909.70,10924.10,10901.90,10911.30,0,
12_06_2026_13_55,10912.00,10935.30,10910.00,10931.00,0,
12_06_2026_14_00,10930.80,10951.00,10923.20,10936.20,0,
12_06_2026_14_05,10935.70,10941.20,10923.00,10923.50,0,
12_06_2026_14_10,10922.80,10937.50,10914.80,10936.20,0,
12_06_2026_14_15,10936.50,10945.40,10935.00,10943.20,0,
12_06_2026_14_20,10943.60,10946.40,10931.50,10932.80,0,
12_06_2026_14_25,10933.60,10947.60,10929.80,10945.20,0,
12_06_2026_14_30,10945.80,10958.30,10945.20,10953.30,0,
12_06_2026_14_35,10953.70,10978.10,10949.80,10976.40,0,
12_06_2026_14_40,10977.30,10980.50,10966.50,10975.30,0,
12_06_2026_14_45,10975.50,10982.00,10972.50,10973.80,0,
12_06_2026_14_50,10975.10,10993.20,10970.90,10985.60,0,
12_06_2026_14_55,10985.80,10991.90,10983.50,10985.80,0,
12_06_2026_15_00,10985.50,11005.00,10974.70,11001.90,0,
12_06_2026_15_05,11002.00,11008.90,10991.90,10994.10,0,
12_06_2026_15_10,10993.50,10998.70,10983.30,10995.50,0,
12_06_2026_15_15,10995.50,11034.20,10993.60,11031.40,0,
12_06_2026_15_20,11031.80,11039.10,11024.00,11026.30,0,
12_06_2026_15_25,11026.20,11036.70,11022.20,11025.50,0,
15_06_2026_09_15,11238.80,11257.00,11181.50,11186.00,0,
15_06_2026_09_20,11186.80,11234.40,11185.80,11228.30,0,
15_06_2026_09_25,11227.50,11234.00,11192.80,11197.70,0,
15_06_2026_09_30,11199.00,11226.70,11190.00,11200.20,0,
15_06_2026_09_35,11205.20,11230.90,11200.70,11228.40,0,
15_06_2026_09_40,11228.40,11240.70,11226.00,11229.70,0,
15_06_2026_09_45,11229.70,11232.90,11200.70,11210.20,0,
15_06_2026_09_50,11211.80,11213.20,11194.20,11197.70,0,
15_06_2026_09_55,11198.10,11200.50,11188.20,11200.00,0,
15_06_2026_10_00,11200.70,11223.00,11199.30,11220.60,0,
15_06_2026_10_05,11222.00,11223.50,11208.70,11211.70,0,
15_06_2026_10_10,11211.60,11217.50,11208.10,11217.50,0,
15_06_2026_10_15,11217.50,11221.70,11199.10,11203.70,0,
15_06_2026_10_20,11203.80,11210.00,11202.00,11207.50,0,
15_06_2026_10_25,11207.30,11217.20,11205.70,11215.50,0,
15_06_2026_10_30,11218.00,11220.40,11198.20,11200.80,0,
15_06_2026_10_35,11200.50,11202.30,11193.70,11193.80,0,
15_06_2026_10_40,11195.30,11197.30,11187.80,11191.70,0,
15_06_2026_10_45,11191.40,11198.10,11190.00,11196.20,0,
15_06_2026_10_50,11196.00,11201.70,11193.30,11195.20,0,
15_06_2026_10_55,11195.80,11219.20,11194.30,11218.10,0,
15_06_2026_11_00,11218.50,11228.50,11216.70,11221.10,0,
15_06_2026_11_05,11221.00,11229.50,11218.80,11225.80,0,
15_06_2026_11_10,11226.20,11227.70,11216.00,11220.30,0,
15_06_2026_11_15,11219.50,11226.70,11217.20,11224.50,0,
15_06_2026_11_20,11224.50,11237.20,11224.50,11227.80,0,
15_06_2026_11_25,11227.60,11233.20,11223.80,11230.30,0,
15_06_2026_11_30,11230.80,11237.00,11225.20,11235.10,0,
15_06_2026_11_35,11234.80,11235.40,11227.80,11230.10,0,
15_06_2026_11_40,11229.20,11239.30,11228.80,11234.30,0,
15_06_2026_11_45,11234.50,11237.50,11228.50,11235.80,0,
15_06_2026_11_50,11236.80,11237.00,11225.60,11227.50,0,
15_06_2026_11_55,11228.30,11228.50,11208.50,11209.80,0,
15_06_2026_12_00,11210.50,11211.00,11202.40,11206.70,0,
15_06_2026_12_05,11207.50,11215.80,11206.30,11213.10,0,
15_06_2026_12_10,11213.50,11223.00,11211.70,11219.00,0,
15_06_2026_12_15,11218.30,11219.80,11207.40,11209.20,0,
15_06_2026_12_20,11210.50,11211.40,11205.00,11206.30,0,
15_06_2026_12_25,11205.50,11207.80,11200.60,11200.60,0,
15_06_2026_12_30,11200.70,11205.20,11196.80,11203.50,0,
15_06_2026_12_35,11204.20,11205.80,11199.80,11200.00,0,
15_06_2026_12_40,11200.80,11202.50,11193.70,11198.80,0,
15_06_2026_12_45,11199.40,11202.40,11197.00,11198.20,0,
15_06_2026_12_50,11198.10,11199.00,11194.00,11194.70,0,
15_06_2026_12_55,11194.70,11200.30,11193.00,11197.90,0,
15_06_2026_13_00,11198.50,11199.70,11185.80,11194.50,0,
15_06_2026_13_05,11195.40,11206.80,11193.30,11206.80,0,
15_06_2026_13_10,11206.80,11216.20,11206.40,11208.50,0,
15_06_2026_13_15,11209.10,11209.10,11196.80,11199.30,0,
15_06_2026_13_20,11199.30,11206.20,11197.50,11203.60,0,
15_06_2026_13_25,11204.00,11204.20,11196.20,11197.60,0,
15_06_2026_13_30,11197.20,11199.90,11192.20,11198.20,0,
15_06_2026_13_35,11199.00,11206.30,11197.00,11200.80,0,
15_06_2026_13_40,11200.80,11204.10,11197.90,11200.00,0,
15_06_2026_13_45,11200.10,11211.00,11199.20,11208.30,0,
15_06_2026_13_50,11208.90,11213.30,11195.80,11205.30,0,
15_06_2026_13_55,11205.30,11212.90,11203.70,11211.80,0,
15_06_2026_14_00,11212.50,11214.30,11205.50,11205.90,0,
15_06_2026_14_05,11206.10,11208.80,11194.90,11198.10,0,
15_06_2026_14_10,11198.30,11200.20,11190.30,11191.90,0,
15_06_2026_14_15,11192.00,11203.20,11190.00,11200.50,0,
15_06_2026_14_20,11200.90,11202.70,11194.50,11198.80,0,
15_06_2026_14_25,11198.20,11200.50,11190.50,11193.20,0,
15_06_2026_14_30,11194.00,11201.80,11191.80,11201.10,0,
15_06_2026_14_35,11201.90,11206.30,11199.40,11204.10,0,
15_06_2026_14_40,11205.10,11206.00,11195.90,11199.10,0,
15_06_2026_14_45,11199.30,11200.00,11189.80,11199.80,0,
15_06_2026_14_50,11199.70,11200.70,11189.50,11195.60,0,
15_06_2026_14_55,11195.00,11197.00,11187.80,11192.20,0,
15_06_2026_15_00,11192.20,11199.00,11182.20,11184.30,0,
15_06_2026_15_05,11185.00,11185.30,11175.70,11176.80,0,
15_06_2026_15_10,11178.10,11179.70,11162.20,11176.20,0,
15_06_2026_15_15,11175.70,11190.10,11174.00,11188.50,0,
15_06_2026_15_20,11188.70,11190.70,11176.50,11179.70,0,
15_06_2026_15_25,11179.60,11189.90,11172.60,11186.50,0,
16_06_2026_09_15,11229.80,11235.20,11182.10,11198.20,0,
16_06_2026_09_20,11198.10,11211.00,11180.30,11204.30,0,
16_06_2026_09_25,11204.80,11220.70,11200.50,11220.50,0,
16_06_2026_09_30,11220.00,11221.70,11211.00,11220.70,0,
16_06_2026_09_35,11221.00,11232.30,11219.90,11225.50,0,
16_06_2026_09_40,11225.80,11234.90,11218.50,11233.20,0,
16_06_2026_09_45,11233.20,11249.50,11229.00,11229.20,0,
16_06_2026_09_50,11229.70,11245.20,11220.70,11241.50,0,
16_06_2026_09_55,11241.20,11247.70,11237.50,11247.20,0,
16_06_2026_10_00,11247.00,11253.10,11238.00,11241.70,0,
16_06_2026_10_05,11242.20,11243.70,11236.20,11238.80,0,
16_06_2026_10_10,11239.00,11245.10,11235.50,11244.70,0,
16_06_2026_10_15,11244.70,11254.00,11236.80,11249.80,0,
16_06_2026_10_20,11249.50,11255.10,11246.20,11248.20,0,
16_06_2026_10_25,11247.70,11258.80,11238.40,11241.50,0,
16_06_2026_10_30,11242.80,11248.00,11240.30,11244.10,0,
16_06_2026_10_35,11244.80,11255.20,11244.80,11250.30,0,
16_06_2026_10_40,11250.50,11257.00,11247.50,11254.70,0,
16_06_2026_10_45,11254.10,11268.80,11253.50,11265.20,0,
16_06_2026_10_50,11265.30,11269.40,11259.90,11261.60,0,
16_06_2026_10_55,11261.30,11273.00,11259.90,11265.30,0,
16_06_2026_11_00,11264.30,11268.00,11255.20,11257.20,0,
16_06_2026_11_05,11256.50,11271.50,11253.00,11264.90,0,
16_06_2026_11_10,11264.80,11265.10,11251.00,11255.60,0,
16_06_2026_11_15,11255.80,11259.50,11244.20,11244.20,0,
16_06_2026_11_20,11245.00,11247.00,11235.00,11246.00,0,
16_06_2026_11_25,11245.20,11247.80,11235.00,11237.00,0,
16_06_2026_11_30,11236.80,11247.70,11235.80,11246.50,0,
16_06_2026_11_35,11246.30,11247.30,11230.60,11234.40,0,
16_06_2026_11_40,11234.30,11240.20,11231.10,11237.10,0,
16_06_2026_11_45,11237.70,11244.50,11235.70,11239.30,0,
16_06_2026_11_50,11240.40,11252.50,11237.60,11249.00,0,
16_06_2026_11_55,11249.00,11258.90,11241.50,11254.80,0,
16_06_2026_12_00,11253.80,11264.00,11249.00,11254.20,0,
16_06_2026_12_05,11254.50,11262.70,11251.70,11259.00,0,
16_06_2026_12_10,11257.90,11260.30,11249.50,11250.80,0,
16_06_2026_12_15,11251.10,11251.40,11239.10,11241.90,0,
16_06_2026_12_20,11242.30,11248.50,11237.00,11243.50,0,
16_06_2026_12_25,11243.30,11256.00,11241.00,11251.50,0,
16_06_2026_12_30,11252.50,11254.40,11239.10,11240.30,0,
16_06_2026_12_35,11239.00,11253.60,11237.80,11252.00,0,
16_06_2026_12_40,11251.20,11253.70,11244.80,11250.20,0,
16_06_2026_12_45,11250.20,11251.50,11245.30,11249.00,0,
16_06_2026_12_50,11248.50,11254.80,11242.30,11245.70,0,
16_06_2026_12_55,11245.70,11260.40,11243.00,11258.30,0,
16_06_2026_13_00,11258.30,11262.00,11253.60,11255.80,0,
16_06_2026_13_05,11255.50,11269.10,11254.20,11268.50,0,
16_06_2026_13_10,11269.40,11271.50,11265.50,11267.90,0,
16_06_2026_13_15,11268.90,11275.40,11264.10,11265.10,0,
16_06_2026_13_20,11267.40,11283.50,11263.20,11281.70,0,
16_06_2026_13_25,11281.50,11290.10,11279.20,11280.60,0,
16_06_2026_13_30,11280.80,11286.20,11276.20,11284.50,0,
16_06_2026_13_35,11284.20,11294.70,11283.00,11288.70,0,
16_06_2026_13_40,11288.40,11296.60,11287.50,11294.00,0,
16_06_2026_13_45,11294.00,11302.80,11292.10,11301.20,0,
16_06_2026_13_50,11301.20,11302.60,11290.10,11294.00,0,
16_06_2026_13_55,11294.80,11299.20,11293.00,11294.50,0,
16_06_2026_14_00,11294.60,11302.90,11293.70,11300.70,0,
16_06_2026_14_05,11300.70,11306.80,11292.50,11298.60,0,
16_06_2026_14_10,11299.10,11303.80,11294.20,11301.20,0,
16_06_2026_14_15,11300.00,11303.00,11294.20,11300.70,0,
16_06_2026_14_20,11300.60,11304.70,11298.50,11300.60,0,
16_06_2026_14_25,11300.70,11304.20,11294.60,11300.20,0,
16_06_2026_14_30,11300.80,11308.00,11300.80,11306.70,0,
16_06_2026_14_35,11306.20,11309.50,11299.50,11308.40,0,
16_06_2026_14_40,11308.50,11310.20,11289.30,11289.30,0,
16_06_2026_14_45,11288.70,11301.90,11287.80,11295.50,0,
16_06_2026_14_50,11293.70,11306.50,11290.00,11303.70,0,
16_06_2026_14_55,11304.00,11308.80,11299.40,11303.30,0,
16_06_2026_15_00,11303.20,11311.50,11293.80,11295.20,0,
16_06_2026_15_05,11295.80,11302.20,11289.10,11294.20,0,
16_06_2026_15_10,11294.50,11295.30,11287.00,11289.90,0,
16_06_2026_15_15,11290.40,11293.60,11287.00,11291.30,0,
16_06_2026_15_20,11291.00,11292.20,11280.00,11281.50,0,
16_06_2026_15_25,11281.00,11296.20,11279.80,11291.00,0,
17_06_2026_09_15,11336.80,11358.30,11286.50,11296.80,0,
17_06_2026_09_20,11295.60,11306.70,11285.50,11305.20,0,
17_06_2026_09_25,11308.00,11333.00,11304.50,11331.50,0,
17_06_2026_09_30,11332.90,11335.70,11317.00,11317.00,0,
17_06_2026_09_35,11319.60,11323.80,11310.20,11319.60,0,
17_06_2026_09_40,11319.30,11320.50,11310.10,11312.30,0,
17_06_2026_09_45,11310.50,11317.00,11307.60,11312.60,0,
17_06_2026_09_50,11311.70,11319.20,11307.70,11318.10,0,
17_06_2026_09_55,11320.00,11328.70,11311.70,11328.40,0,
17_06_2026_10_00,11329.10,11331.00,11316.70,11318.90,0,
17_06_2026_10_05,11318.20,11329.00,11310.70,11325.70,0,
17_06_2026_10_10,11325.30,11328.00,11316.10,11316.50,0,
17_06_2026_10_15,11316.80,11324.00,11314.30,11320.80,0,
17_06_2026_10_20,11320.50,11324.70,11316.90,11322.90,0,
17_06_2026_10_25,11323.80,11324.00,11314.80,11316.90,0,
17_06_2026_10_30,11316.20,11319.80,11312.90,11315.40,0,
17_06_2026_10_35,11314.90,11321.00,11313.20,11318.30,0,
17_06_2026_10_40,11318.10,11319.20,11306.70,11310.90,0,
17_06_2026_10_45,11311.50,11316.20,11310.00,11311.10,0,
17_06_2026_10_50,11312.10,11312.40,11303.50,11307.30,0,
17_06_2026_10_55,11307.00,11320.10,11306.10,11315.70,0,
17_06_2026_11_00,11316.20,11321.00,11313.80,11315.70,0,
17_06_2026_11_05,11316.00,11320.50,11314.50,11319.00,0,
17_06_2026_11_10,11320.30,11322.30,11316.20,11320.30,0,
17_06_2026_11_15,11320.20,11330.30,11316.50,11330.00,0,
17_06_2026_11_20,11330.00,11339.00,11330.00,11336.10,0,
17_06_2026_11_25,11336.20,11337.80,11331.00,11333.00,0,
17_06_2026_11_30,11333.20,11341.50,11331.00,11332.30,0,
17_06_2026_11_35,11331.50,11332.40,11317.00,11317.10,0,
17_06_2026_11_40,11317.50,11324.50,11316.50,11323.20,0,
17_06_2026_11_45,11324.40,11325.30,11319.20,11320.50,0,
17_06_2026_11_50,11321.30,11325.10,11320.20,11324.80,0,
17_06_2026_11_55,11324.80,11325.90,11315.70,11316.20,0,
17_06_2026_12_00,11316.60,11317.70,11309.50,11312.00,0,
17_06_2026_12_05,11313.40,11316.50,11309.70,11314.80,0,
17_06_2026_12_10,11315.00,11320.70,11313.70,11319.80,0,
17_06_2026_12_15,11319.70,11321.20,11313.50,11315.90,0,
17_06_2026_12_20,11316.70,11316.70,11308.30,11311.50,0,
17_06_2026_12_25,11311.70,11319.30,11307.20,11317.00,0,
17_06_2026_12_30,11317.00,11317.40,11311.30,11313.50,0,
17_06_2026_12_35,11313.50,11314.80,11308.50,11313.00,0,
17_06_2026_12_40,11313.30,11321.20,11311.40,11318.60,0,
17_06_2026_12_45,11318.40,11326.70,11314.90,11318.00,0,
17_06_2026_12_50,11318.50,11319.00,11309.00,11309.30,0,
17_06_2026_12_55,11308.80,11312.60,11305.30,11306.50,0,
17_06_2026_13_00,11306.00,11307.20,11298.40,11303.90,0,
17_06_2026_13_05,11304.70,11306.50,11293.30,11295.30,0,
17_06_2026_13_10,11295.70,11300.50,11294.40,11296.80,0,
17_06_2026_13_15,11298.10,11312.00,11295.80,11311.20,0,
17_06_2026_13_20,11311.10,11312.00,11305.00,11306.30,0,
17_06_2026_13_25,11306.30,11307.30,11302.80,11304.80,0,
17_06_2026_13_30,11304.80,11308.00,11300.60,11307.50,0,
17_06_2026_13_35,11308.00,11314.70,11306.00,11312.00,0,
17_06_2026_13_40,11312.30,11313.10,11307.10,11308.50,0,
17_06_2026_13_45,11308.50,11310.20,11304.20,11307.30,0,
17_06_2026_13_50,11307.00,11307.80,11297.20,11304.00,0,
17_06_2026_13_55,11303.20,11303.80,11298.40,11300.50,0,
17_06_2026_14_00,11300.10,11301.60,11294.00,11296.00,0,
17_06_2026_14_05,11295.80,11297.00,11282.70,11283.40,0,
17_06_2026_14_10,11284.00,11288.70,11279.30,11283.90,0,
17_06_2026_14_15,11285.20,11291.20,11279.00,11289.80,0,
17_06_2026_14_20,11290.50,11293.20,11286.20,11287.20,0,
17_06_2026_14_25,11287.30,11287.70,11278.70,11280.80,0,
17_06_2026_14_30,11280.80,11287.20,11279.70,11283.00,0,
17_06_2026_14_35,11283.10,11292.20,11280.10,11289.50,0,
17_06_2026_14_40,11289.50,11290.60,11282.70,11287.50,0,
17_06_2026_14_45,11287.70,11290.20,11279.70,11280.20,0,
17_06_2026_14_50,11281.80,11284.40,11271.50,11284.20,0,
17_06_2026_14_55,11283.30,11296.50,11279.40,11295.50,0,
17_06_2026_15_00,11295.90,11307.60,11294.70,11302.00,0,
17_06_2026_15_05,11302.50,11308.00,11301.80,11304.20,0,
17_06_2026_15_10,11304.50,11306.30,11301.50,11304.00,0,
17_06_2026_15_15,11303.50,11304.00,11298.10,11302.50,0,
17_06_2026_15_20,11302.80,11307.50,11300.70,11307.30,0,
17_06_2026_15_25,11307.60,11311.00,11297.60,11303.60,0,
18_06_2026_09_15,11321.50,11341.60,11297.80,11310.60,0,
18_06_2026_09_20,11310.00,11336.50,11308.30,11320.30,0,
18_06_2026_09_25,11321.00,11326.50,11308.70,11309.50,0,
18_06_2026_09_30,11310.00,11313.90,11305.20,11307.30,0,
18_06_2026_09_35,11308.10,11308.60,11296.80,11305.30,0,
18_06_2026_09_40,11304.90,11317.20,11304.50,11306.50,0,
18_06_2026_09_45,11306.80,11314.80,11304.00,11307.90,0,
18_06_2026_09_50,11306.90,11320.00,11306.00,11315.70,0,
18_06_2026_09_55,11314.70,11316.90,11311.40,11312.20,0,
18_06_2026_10_00,11313.30,11317.30,11308.00,11310.20,0,
18_06_2026_10_05,11310.80,11316.40,11309.20,11311.20,0,
18_06_2026_10_10,11312.40,11314.80,11308.50,11309.00,0,
18_06_2026_10_15,11309.30,11313.60,11301.80,11312.80,0,
18_06_2026_10_20,11312.80,11315.80,11309.20,11315.20,0,
18_06_2026_10_25,11315.50,11315.80,11304.20,11307.10,0,
18_06_2026_10_30,11306.30,11306.90,11298.00,11303.40,0,
18_06_2026_10_35,11302.80,11304.30,11290.50,11292.10,0,
18_06_2026_10_40,11291.30,11291.30,11281.40,11286.80,0,
18_06_2026_10_45,11287.50,11293.50,11285.80,11286.50,0,
18_06_2026_10_50,11286.80,11294.70,11282.00,11290.60,0,
18_06_2026_10_55,11290.90,11293.50,11282.90,11285.00,0,
18_06_2026_11_00,11285.20,11285.90,11279.00,11282.70,0,
18_06_2026_11_05,11282.80,11283.60,11271.60,11278.70,0,
18_06_2026_11_10,11277.50,11279.90,11264.20,11264.70,0,
18_06_2026_11_15,11266.20,11266.20,11256.50,11259.00,0,
18_06_2026_11_20,11259.70,11259.90,11253.60,11258.20,0,
18_06_2026_11_25,11258.80,11262.40,11254.70,11260.40,0,
18_06_2026_11_30,11260.80,11267.80,11259.40,11266.50,0,
18_06_2026_11_35,11266.50,11267.30,11261.80,11263.10,0,
18_06_2026_11_40,11263.30,11272.70,11262.80,11271.20,0,
18_06_2026_11_45,11271.50,11277.30,11268.20,11269.20,0,
18_06_2026_11_50,11269.70,11270.50,11261.30,11266.50,0,
18_06_2026_11_55,11266.00,11273.00,11263.80,11270.20,0,
18_06_2026_12_00,11271.20,11275.70,11269.80,11273.60,0,
18_06_2026_12_05,11273.60,11274.90,11268.30,11269.20,0,
18_06_2026_12_10,11269.10,11269.60,11260.00,11260.80,0,
18_06_2026_12_15,11261.30,11269.00,11255.20,11267.50,0,
18_06_2026_12_20,11268.30,11272.80,11263.30,11271.00,0,
18_06_2026_12_25,11271.20,11279.80,11264.40,11279.80,0,
18_06_2026_12_30,11279.80,11291.10,11277.10,11287.90,0,
18_06_2026_12_35,11287.20,11287.70,11279.80,11282.80,0,
18_06_2026_12_40,11283.10,11287.80,11282.70,11285.00,0,
18_06_2026_12_45,11285.90,11286.50,11278.80,11282.60,0,
18_06_2026_12_50,11282.50,11288.60,11280.80,11287.70,0,
18_06_2026_12_55,11288.50,11292.30,11287.70,11290.20,0,
18_06_2026_13_00,11290.30,11290.30,11283.00,11287.80,0,
18_06_2026_13_05,11287.80,11294.20,11282.70,11291.60,0,
18_06_2026_13_10,11291.70,11295.10,11290.80,11294.60,0,
18_06_2026_13_15,11295.20,11297.20,11291.00,11295.20,0,
18_06_2026_13_20,11295.60,11298.50,11290.20,11290.60,0,
18_06_2026_13_25,11290.80,11293.80,11283.20,11292.00,0,
18_06_2026_13_30,11292.50,11292.80,11283.50,11287.00,0,
18_06_2026_13_35,11288.00,11290.00,11284.10,11286.20,0,
18_06_2026_13_40,11286.90,11291.40,11281.50,11287.30,0,
18_06_2026_13_45,11286.70,11287.80,11275.70,11278.00,0,
18_06_2026_13_50,11278.00,11280.40,11275.50,11278.50,0,
18_06_2026_13_55,11279.50,11281.30,11271.70,11275.50,0,
18_06_2026_14_00,11275.50,11277.60,11269.80,11273.50,0,
18_06_2026_14_05,11272.90,11277.20,11265.90,11268.40,0,
18_06_2026_14_10,11268.40,11273.20,11261.80,11266.70,0,
18_06_2026_14_15,11266.30,11267.30,11253.40,11254.60,0,
18_06_2026_14_20,11253.50,11264.20,11246.10,11264.20,0,
18_06_2026_14_25,11264.00,11264.60,11249.20,11254.30,0,
18_06_2026_14_30,11255.60,11255.60,11241.30,11252.50,0,
18_06_2026_14_35,11253.00,11259.60,11251.20,11251.80,0,
18_06_2026_14_40,11252.00,11254.20,11247.00,11248.60,0,
18_06_2026_14_45,11248.50,11250.00,11240.30,11241.80,0,
18_06_2026_14_50,11241.80,11252.60,11240.00,11251.20,0,
18_06_2026_14_55,11251.20,11263.10,11249.40,11262.70,0,
18_06_2026_15_00,11262.80,11294.00,11257.20,11287.20,0,
18_06_2026_15_05,11287.30,11302.80,11284.90,11298.80,0,
18_06_2026_15_10,11298.50,11307.80,11292.30,11304.20,0,
18_06_2026_15_15,11305.10,11308.00,11301.50,11305.40,0,
18_06_2026_15_20,11305.00,11317.50,11303.00,11316.50,0,
18_06_2026_15_25,11317.30,11324.20,11312.70,11317.50,0,
19_06_2026_09_15,11295.80,11295.80,11236.50,11281.60,0,
19_06_2026_09_20,11281.30,11284.70,11270.20,11279.50,0,
19_06_2026_09_25,11279.00,11282.00,11269.50,11276.00,0,
19_06_2026_09_30,11275.50,11275.50,11259.80,11261.90,0,
19_06_2026_09_35,11261.90,11272.50,11258.70,11269.30,0,
19_06_2026_09_40,11270.40,11277.50,11265.70,11271.20,0,
19_06_2026_09_45,11272.00,11274.30,11265.00,11273.60,0,
19_06_2026_09_50,11273.80,11279.40,11261.00,11277.60,0,
19_06_2026_09_55,11276.90,11282.80,11275.30,11280.20,0,
19_06_2026_10_00,11279.80,11281.50,11273.00,11279.20,0,
19_06_2026_10_05,11279.30,11292.50,11278.00,11281.20,0,
19_06_2026_10_10,11281.00,11292.60,11280.10,11292.20,0,
19_06_2026_10_15,11292.00,11292.80,11283.90,11285.30,0,
19_06_2026_10_20,11285.30,11288.40,11269.60,11271.20,0,
19_06_2026_10_25,11270.30,11271.20,11254.10,11255.20,0,
19_06_2026_10_30,11255.00,11261.80,11249.50,11251.80,0,
19_06_2026_10_35,11251.70,11253.70,11248.00,11249.80,0,
19_06_2026_10_40,11249.40,11252.00,11236.80,11251.50,0,
19_06_2026_10_45,11250.70,11252.00,11244.50,11246.50,0,
19_06_2026_10_50,11247.00,11247.50,11227.30,11232.10,0,
19_06_2026_10_55,11233.00,11235.50,11224.00,11226.80,0,
19_06_2026_11_00,11226.80,11231.30,11218.60,11227.90,0,
19_06_2026_11_05,11228.20,11233.50,11217.20,11233.00,0,
19_06_2026_11_10,11232.60,11239.00,11229.70,11237.60,0,
19_06_2026_11_15,11237.30,11240.50,11227.60,11230.80,0,
19_06_2026_11_20,11229.40,11231.20,11222.30,11226.80,0,
19_06_2026_11_25,11226.50,11227.20,11218.70,11222.30,0,
19_06_2026_11_30,11222.30,11227.00,11221.00,11223.20,0,
19_06_2026_11_35,11223.20,11230.70,11222.80,11226.10,0,
19_06_2026_11_40,11226.00,11226.60,11217.00,11217.80,0,
19_06_2026_11_45,11218.00,11219.50,11211.40,11216.00,0,
19_06_2026_11_50,11216.00,11217.80,11213.20,11216.00,0,
19_06_2026_11_55,11215.80,11216.00,11209.80,11212.00,0,
19_06_2026_12_00,11212.00,11222.30,11211.60,11213.20,0,
19_06_2026_12_05,11212.10,11212.70,11205.30,11207.10,0,
19_06_2026_12_10,11207.10,11214.90,11205.70,11214.20,0,
19_06_2026_12_15,11214.80,11220.00,11213.20,11216.10,0,
19_06_2026_12_20,11215.80,11224.80,11214.50,11222.90,0,
19_06_2026_12_25,11222.20,11223.90,11218.50,11219.80,0,
19_06_2026_12_30,11219.70,11221.20,11217.50,11219.10,0,
19_06_2026_12_35,11218.00,11219.20,11215.90,11218.00,0,
19_06_2026_12_40,11217.00,11219.00,11193.50,11201.00,0,
19_06_2026_12_45,11202.50,11213.50,11201.10,11211.50,0,
19_06_2026_12_50,11212.40,11218.10,11208.80,11211.10,0,
19_06_2026_12_55,11211.10,11211.80,11199.10,11202.40,0,
19_06_2026_13_00,11202.80,11202.90,11192.90,11193.50,0,
19_06_2026_13_05,11193.00,11193.60,11186.50,11186.50,0,
19_06_2026_13_10,11186.50,11190.80,11182.90,11189.50,0,
19_06_2026_13_15,11189.90,11194.00,11189.20,11190.90,0,
19_06_2026_13_20,11190.50,11192.40,11185.30,11186.60,0,
19_06_2026_13_25,11185.80,11189.70,11183.40,11189.70,0,
19_06_2026_13_30,11188.80,11197.20,11185.60,11197.20,0,
19_06_2026_13_35,11196.90,11198.20,11192.00,11196.00,0,
19_06_2026_13_40,11196.00,11207.20,11194.70,11204.50,0,
19_06_2026_13_45,11204.20,11212.30,11198.80,11210.50,0,
19_06_2026_13_50,11211.30,11213.10,11197.90,11201.10,0,
19_06_2026_13_55,11200.30,11215.80,11199.60,11214.30,0,
19_06_2026_14_00,11214.20,11218.30,11204.60,11216.50,0,
19_06_2026_14_05,11216.80,11225.00,11216.80,11221.00,0,
19_06_2026_14_10,11220.70,11235.70,11209.20,11232.70,0,
19_06_2026_14_15,11232.50,11241.70,11224.50,11236.00,0,
19_06_2026_14_20,11235.40,11235.50,11154.90,11175.00,0,
19_06_2026_14_25,11175.20,11179.70,11152.20,11152.20,0,
19_06_2026_14_30,11151.20,11175.50,11148.80,11174.80,0,
19_06_2026_14_35,11174.80,11213.10,11174.30,11191.00,0,
19_06_2026_14_40,11191.50,11194.20,11180.60,11189.40,0,
19_06_2026_14_45,11188.30,11199.50,11184.30,11197.50,0,
19_06_2026_14_50,11195.30,11196.50,11150.80,11151.50,0,
19_06_2026_14_55,11151.60,11153.20,11135.30,11147.50,0,
19_06_2026_15_00,11148.10,11185.90,11146.00,11184.30,0,
19_06_2026_15_05,11187.00,11192.90,11168.90,11170.60,0,
19_06_2026_15_10,11170.50,11179.00,11168.80,11171.90,0,
19_06_2026_15_15,11172.20,11175.10,11165.20,11173.00,0,
19_06_2026_15_20,11173.20,11175.80,11165.00,11166.20,0,
19_06_2026_15_25,11166.70,11180.50,11163.80,11179.20,0,
22_06_2026_09_15,11227.70,11257.00,11193.70,11252.20,0,
22_06_2026_09_20,11253.70,11310.60,11242.80,11309.50,0,
22_06_2026_09_25,11309.50,11323.60,11298.80,11311.20,0,
22_06_2026_09_30,11312.10,11321.70,11299.50,11302.20,0,
22_06_2026_09_35,11303.20,11310.70,11290.80,11304.00,0,
22_06_2026_09_40,11303.50,11306.00,11291.50,11292.30,0,
22_06_2026_09_45,11292.30,11296.70,11284.70,11294.40,0,
22_06_2026_09_50,11295.80,11297.20,11288.10,11290.30,0,
22_06_2026_09_55,11291.10,11306.50,11286.90,11304.80,0,
22_06_2026_10_00,11305.20,11308.80,11299.00,11301.10,0,
22_06_2026_10_05,11301.80,11319.10,11298.00,11318.20,0,
22_06_2026_10_10,11317.30,11324.80,11308.40,11308.40,0,
22_06_2026_10_15,11309.30,11311.50,11303.30,11305.50,0,
22_06_2026_10_20,11306.30,11308.30,11299.80,11299.80,0,
22_06_2026_10_25,11300.70,11301.20,11289.20,11293.60,0,
22_06_2026_10_30,11293.70,11296.70,11288.50,11288.60,0,
22_06_2026_10_35,11288.90,11295.00,11287.40,11292.30,0,
22_06_2026_10_40,11292.00,11293.30,11285.20,11290.10,0,
22_06_2026_10_45,11290.20,11297.00,11288.20,11294.80,0,
22_06_2026_10_50,11294.00,11300.50,11291.80,11295.20,0,
22_06_2026_10_55,11295.00,11311.50,11295.00,11309.80,0,
22_06_2026_11_00,11310.50,11311.80,11300.30,11306.70,0,
22_06_2026_11_05,11307.50,11310.20,11304.80,11307.40,0,
22_06_2026_11_10,11307.00,11308.50,11299.00,11303.70,0,
22_06_2026_11_15,11303.80,11304.70,11298.00,11302.00,0,
22_06_2026_11_20,11303.20,11305.50,11296.60,11304.30,0,
22_06_2026_11_25,11305.30,11310.20,11302.00,11308.30,0,
22_06_2026_11_30,11308.30,11315.30,11306.10,11310.00,0,
22_06_2026_11_35,11310.00,11313.00,11305.70,11308.60,0,
22_06_2026_11_40,11309.00,11313.80,11304.90,11313.00,0,
22_06_2026_11_45,11313.00,11316.10,11308.10,11309.00,0,
22_06_2026_11_50,11308.80,11309.00,11287.20,11287.20,0,
22_06_2026_11_55,11288.60,11295.60,11286.70,11293.70,0,
22_06_2026_12_00,11294.40,11295.50,11282.00,11284.50,0,
22_06_2026_12_05,11285.80,11286.50,11278.10,11280.00,0,
22_06_2026_12_10,11278.50,11280.00,11271.50,11273.80,0,
22_06_2026_12_15,11273.20,11274.20,11260.30,11264.60,0,
22_06_2026_12_20,11263.60,11268.70,11262.80,11264.20,0,
22_06_2026_12_25,11264.20,11267.00,11254.70,11257.00,0,
22_06_2026_12_30,11257.80,11263.20,11256.20,11261.10,0,
22_06_2026_12_35,11261.90,11263.30,11255.20,11255.20,0,
22_06_2026_12_40,11257.00,11257.80,11251.50,11254.10,0,
22_06_2026_12_45,11254.50,11255.20,11251.30,11253.20,0,
22_06_2026_12_50,11253.60,11265.00,11253.50,11261.00,0,
22_06_2026_12_55,11259.90,11264.10,11259.70,11263.90,0,
22_06_2026_13_00,11263.30,11267.80,11261.30,11262.20,0,
22_06_2026_13_05,11262.00,11264.10,11258.90,11263.80,0,
22_06_2026_13_10,11263.50,11263.70,11254.20,11261.80,0,
22_06_2026_13_15,11261.40,11273.20,11260.20,11271.20,0,
22_06_2026_13_20,11270.80,11273.00,11267.80,11272.80,0,
22_06_2026_13_25,11272.70,11273.20,11262.80,11267.50,0,
22_06_2026_13_30,11268.70,11270.70,11263.60,11265.20,0,
22_06_2026_13_35,11265.00,11267.80,11261.90,11263.20,0,
22_06_2026_13_40,11263.80,11270.80,11256.20,11268.80,0,
22_06_2026_13_45,11269.60,11271.40,11265.30,11268.50,0,
22_06_2026_13_50,11268.80,11272.70,11266.70,11268.30,0,
22_06_2026_13_55,11268.90,11269.80,11262.50,11265.70,0,
22_06_2026_14_00,11265.50,11271.60,11263.30,11264.80,0,
22_06_2026_14_05,11265.70,11268.90,11261.70,11263.20,0,
22_06_2026_14_10,11263.40,11271.80,11261.70,11264.00,0,
22_06_2026_14_15,11263.20,11268.80,11260.40,11265.20,0,
22_06_2026_14_20,11266.20,11269.30,11264.80,11267.00,0,
22_06_2026_14_25,11267.20,11283.30,11265.80,11282.00,0,
22_06_2026_14_30,11281.80,11284.20,11276.30,11281.80,0,
22_06_2026_14_35,11281.80,11281.80,11271.90,11273.30,0,
22_06_2026_14_40,11273.80,11277.60,11271.80,11276.80,0,
22_06_2026_14_45,11276.50,11283.00,11273.90,11282.50,0,
22_06_2026_14_50,11282.20,11285.00,11275.60,11277.50,0,
22_06_2026_14_55,11278.60,11279.20,11268.30,11270.00,0,
22_06_2026_15_00,11272.60,11284.20,11271.10,11278.80,0,
22_06_2026_15_05,11279.70,11279.80,11274.00,11277.50,0,
22_06_2026_15_10,11277.60,11283.80,11273.70,11278.80,0,
22_06_2026_15_15,11279.20,11282.80,11274.20,11276.20,0,
22_06_2026_15_20,11276.80,11278.40,11259.20,11260.50,0,
22_06_2026_15_25,11261.70,11262.50,11253.40,11259.20,0,
23_06_2026_09_15,11285.30,11292.50,11263.50,11279.50,0,
23_06_2026_09_20,11278.80,11297.20,11275.90,11294.20,0,
23_06_2026_09_25,11294.20,11294.80,11269.00,11270.30,0,
23_06_2026_09_30,11270.50,11284.20,11270.50,11274.60,0,
23_06_2026_09_35,11276.10,11290.80,11273.50,11290.70,0,
23_06_2026_09_40,11290.70,11307.00,11283.00,11300.40,0,
23_06_2026_09_45,11300.50,11301.20,11287.50,11287.50,0,
23_06_2026_09_50,11286.80,11287.00,11276.00,11278.20,0,
23_06_2026_09_55,11278.20,11279.20,11273.50,11277.50,0,
23_06_2026_10_00,11277.30,11286.90,11277.30,11286.20,0,
23_06_2026_10_05,11286.10,11289.20,11279.90,11287.80,0,
23_06_2026_10_10,11287.80,11288.20,11274.00,11278.00,0,
23_06_2026_10_15,11278.40,11283.60,11274.00,11283.60,0,
23_06_2026_10_20,11284.20,11286.20,11271.30,11273.70,0,
23_06_2026_10_25,11273.60,11275.50,11263.40,11265.00,0,
23_06_2026_10_30,11264.20,11265.30,11256.00,11264.30,0,
23_06_2026_10_35,11265.10,11270.60,11263.20,11269.30,0,
23_06_2026_10_40,11269.00,11270.50,11262.70,11264.70,0,
23_06_2026_10_45,11264.70,11264.70,11254.40,11256.20,0,
23_06_2026_10_50,11256.50,11256.80,11250.00,11251.40,0,
23_06_2026_10_55,11251.80,11252.70,11245.30,11246.30,0,
23_06_2026_11_00,11245.50,11251.10,11237.00,11250.20,0,
23_06_2026_11_05,11250.20,11253.30,11246.80,11247.50,0,
23_06_2026_11_10,11248.30,11256.50,11246.20,11254.30,0,
23_06_2026_11_15,11254.90,11263.80,11253.00,11256.80,0,
23_06_2026_11_20,11257.10,11257.20,11246.70,11250.30,0,
23_06_2026_11_25,11250.30,11257.10,11249.00,11254.90,0,
23_06_2026_11_30,11255.20,11259.70,11252.90,11257.70,0,
23_06_2026_11_35,11257.90,11260.50,11254.50,11256.80,0,
23_06_2026_11_40,11257.60,11258.30,11249.40,11251.00,0,
23_06_2026_11_45,11250.00,11251.50,11227.50,11230.00,0,
23_06_2026_11_50,11229.30,11233.50,11223.70,11228.90,0,
23_06_2026_11_55,11229.10,11229.10,11214.20,11226.00,0,
23_06_2026_12_00,11226.00,11229.50,11218.30,11222.70,0,
23_06_2026_12_05,11222.80,11223.50,11217.40,11220.50,0,
23_06_2026_12_10,11220.60,11223.40,11213.50,11217.40,0,
23_06_2026_12_15,11218.30,11228.70,11215.70,11222.70,0,
23_06_2026_12_20,11222.60,11224.50,11201.70,11203.00,0,
23_06_2026_12_25,11202.90,11219.20,11201.60,11215.50,0,
23_06_2026_12_30,11217.00,11217.30,11210.00,11211.50,0,
23_06_2026_12_35,11211.80,11214.80,11210.00,11213.20,0,
23_06_2026_12_40,11213.00,11221.60,11209.70,11218.00,0,
23_06_2026_12_45,11217.80,11219.40,11205.00,11206.30,0,
23_06_2026_12_50,11207.00,11210.00,11201.70,11202.50,0,
23_06_2026_12_55,11202.50,11205.20,11200.90,11202.40,0,
23_06_2026_13_00,11203.00,11206.90,11198.20,11206.60,0,
23_06_2026_13_05,11206.60,11218.80,11206.30,11217.80,0,
23_06_2026_13_10,11217.80,11220.20,11213.20,11214.20,0,
23_06_2026_13_15,11214.10,11215.70,11209.80,11212.50,0,
23_06_2026_13_20,11213.20,11218.00,11212.00,11213.10,0,
23_06_2026_13_25,11213.00,11214.20,11209.50,11212.30,0,
23_06_2026_13_30,11213.50,11215.00,11195.70,11196.50,0,
23_06_2026_13_35,11196.20,11201.50,11193.10,11198.30,0,
23_06_2026_13_40,11199.20,11207.10,11196.50,11205.40,0,
23_06_2026_13_45,11205.40,11208.40,11201.70,11207.30,0,
23_06_2026_13_50,11207.30,11208.00,11198.80,11201.30,0,
23_06_2026_13_55,11201.90,11203.00,11197.40,11199.00,0,
23_06_2026_14_00,11200.30,11205.50,11198.80,11205.30,0,
23_06_2026_14_05,11205.80,11207.30,11196.20,11201.70,0,
23_06_2026_14_10,11201.60,11212.00,11200.20,11210.80,0,
23_06_2026_14_15,11210.90,11211.20,11204.20,11206.10,0,
23_06_2026_14_20,11205.10,11208.90,11200.70,11205.00,0,
23_06_2026_14_25,11205.20,11207.10,11201.70,11202.50,0,
23_06_2026_14_30,11202.50,11203.70,11198.80,11201.80,0,
23_06_2026_14_35,11201.70,11203.20,11198.30,11200.00,0,
23_06_2026_14_40,11200.00,11210.10,11196.00,11210.00,0,
23_06_2026_14_45,11210.00,11214.90,11207.00,11212.70,0,
23_06_2026_14_50,11212.80,11218.30,11210.30,11217.70,0,
23_06_2026_14_55,11218.00,11220.20,11214.20,11217.70,0,
23_06_2026_15_00,11217.40,11222.80,11177.50,11182.70,0,
23_06_2026_15_05,11183.50,11196.00,11182.80,11185.80,0,
23_06_2026_15_10,11185.80,11188.40,11172.70,11174.60,0,
23_06_2026_15_15,11175.00,11176.00,11156.20,11160.60,0,
23_06_2026_15_20,11160.30,11164.00,11153.80,11155.50,0,
23_06_2026_15_25,11155.20,11162.80,11149.50,11161.60,0,
24_06_2026_09_15,11171.70,11194.70,11145.00,11170.00,0,
24_06_2026_09_20,11171.30,11191.30,11171.20,11179.80,0,
24_06_2026_09_25,11179.80,11184.50,11171.50,11182.20,0,
24_06_2026_09_30,11183.40,11188.80,11168.20,11168.60,0,
24_06_2026_09_35,11169.90,11177.40,11160.50,11170.20,0,
24_06_2026_09_40,11170.50,11171.70,11160.40,11161.00,0,
24_06_2026_09_45,11160.60,11166.80,11141.50,11142.30,0,
24_06_2026_09_50,11142.00,11147.70,11131.40,11145.80,0,
24_06_2026_09_55,11145.90,11169.50,11145.20,11166.20,0,
24_06_2026_10_00,11166.10,11201.80,11165.50,11194.80,0,
24_06_2026_10_05,11194.00,11214.20,11188.60,11213.60,0,
24_06_2026_10_10,11213.00,11213.00,11199.20,11205.20,0,
24_06_2026_10_15,11206.70,11208.70,11199.80,11200.20,0,
24_06_2026_10_20,11200.80,11213.30,11199.50,11209.80,0,
24_06_2026_10_25,11209.90,11214.80,11203.10,11204.40,0,
24_06_2026_10_30,11205.30,11210.30,11201.80,11208.20,0,
24_06_2026_10_35,11208.40,11208.80,11198.20,11202.10,0,
24_06_2026_10_40,11202.50,11204.10,11194.20,11194.80,0,
24_06_2026_10_45,11195.70,11206.00,11194.30,11198.50,0,
24_06_2026_10_50,11198.50,11205.70,11197.80,11200.70,0,
24_06_2026_10_55,11200.10,11201.80,11194.20,11199.50,0,
24_06_2026_11_00,11199.50,11207.50,11197.20,11204.20,0,
24_06_2026_11_05,11204.50,11210.50,11199.60,11210.10,0,
24_06_2026_11_10,11210.30,11211.30,11202.80,11208.40,0,
24_06_2026_11_15,11209.10,11212.90,11202.80,11203.20,0,
24_06_2026_11_20,11204.20,11205.40,11190.20,11193.70,0,
24_06_2026_11_25,11193.50,11198.60,11191.70,11197.40,0,
24_06_2026_11_30,11197.40,11198.20,11187.30,11196.60,0,
24_06_2026_11_35,11197.70,11198.80,11186.60,11192.50,0,
24_06_2026_11_40,11193.10,11199.10,11191.50,11198.00,0,
24_06_2026_11_45,11198.30,11205.20,11198.30,11204.20,0,
24_06_2026_11_50,11204.20,11205.50,11196.70,11198.70,0,
24_06_2026_11_55,11198.80,11206.20,11197.20,11204.00,0,
24_06_2026_12_00,11203.80,11212.30,11203.20,11209.40,0,
24_06_2026_12_05,11209.00,11209.20,11192.50,11192.70,0,
24_06_2026_12_10,11192.50,11197.80,11189.50,11192.00,0,
24_06_2026_12_15,11192.00,11200.00,11191.90,11195.80,0,
24_06_2026_12_20,11195.60,11195.60,11182.70,11190.90,0,
24_06_2026_12_25,11190.90,11191.20,11178.30,11181.00,0,
24_06_2026_12_30,11181.40,11182.20,11170.00,11176.80,0,
24_06_2026_12_35,11177.10,11180.90,11173.10,11179.00,0,
24_06_2026_12_40,11179.50,11184.50,11177.70,11182.30,0,
24_06_2026_12_45,11183.00,11183.70,11176.20,11181.80,0,
24_06_2026_12_50,11182.00,11190.80,11181.10,11189.60,0,
24_06_2026_12_55,11189.40,11204.10,11188.70,11202.70,0,
24_06_2026_13_00,11202.70,11208.90,11197.50,11198.80,0,
24_06_2026_13_05,11199.00,11215.50,11198.00,11214.60,0,
24_06_2026_13_10,11215.20,11226.80,11214.30,11226.50,0,
24_06_2026_13_15,11226.40,11230.00,11222.70,11225.00,0,
24_06_2026_13_20,11225.00,11226.20,11219.50,11219.80,0,
24_06_2026_13_25,11220.50,11221.50,11215.20,11221.20,0,
24_06_2026_13_30,11221.20,11229.10,11220.70,11229.10,0,
24_06_2026_13_35,11228.50,11248.50,11227.10,11245.20,0,
24_06_2026_13_40,11245.10,11264.30,11245.00,11260.60,0,
24_06_2026_13_45,11259.40,11262.30,11253.40,11256.20,0,
24_06_2026_13_50,11257.20,11257.50,11245.00,11253.20,0,
24_06_2026_13_55,11253.20,11253.20,11244.30,11247.70,0,
24_06_2026_14_00,11247.40,11249.90,11243.50,11246.50,0,
24_06_2026_14_05,11246.80,11255.80,11240.40,11253.50,0,
24_06_2026_14_10,11253.70,11259.80,11251.90,11259.70,0,
24_06_2026_14_15,11259.80,11267.70,11257.30,11265.90,0,
24_06_2026_14_20,11267.20,11279.20,11262.20,11272.10,0,
24_06_2026_14_25,11273.00,11274.80,11266.00,11267.80,0,
24_06_2026_14_30,11268.50,11275.30,11266.00,11268.00,0,
24_06_2026_14_35,11268.00,11272.40,11261.00,11262.80,0,
24_06_2026_14_40,11262.80,11272.80,11261.70,11265.60,0,
24_06_2026_14_45,11265.90,11267.50,11250.10,11251.40,0,
24_06_2026_14_50,11251.70,11261.20,11250.70,11255.50,0,
24_06_2026_14_55,11256.30,11261.70,11245.70,11260.80,0,
24_06_2026_15_00,11259.30,11259.30,11240.60,11245.00,0,
24_06_2026_15_05,11246.00,11248.80,11240.30,11248.20,0,
24_06_2026_15_10,11248.10,11248.10,11232.60,11236.80,0,
24_06_2026_15_15,11236.70,11248.80,11234.60,11239.30,0,
24_06_2026_15_20,11239.30,11244.00,11232.30,11243.00,0,
24_06_2026_15_25,11240.30,11246.20,11237.20,11242.20,0,
25_06_2026_09_15,11304.00,11315.70,11272.30,11288.50,0,
25_06_2026_09_20,11289.70,11305.80,11288.30,11295.30,0,
25_06_2026_09_25,11295.90,11301.00,11286.00,11287.50,0,
25_06_2026_09_30,11287.10,11295.00,11268.20,11272.70,0,
25_06_2026_09_35,11273.00,11291.30,11271.80,11277.80,0,
25_06_2026_09_40,11278.50,11279.20,11269.50,11272.20,0,
25_06_2026_09_45,11272.10,11281.70,11270.40,11277.20,0,
25_06_2026_09_50,11277.20,11293.50,11276.80,11283.30,0,
25_06_2026_09_55,11283.00,11284.00,11271.10,11272.20,0,
25_06_2026_10_00,11273.20,11273.20,11259.20,11265.70,0,
25_06_2026_10_05,11266.50,11266.50,11255.20,11259.20,0,
25_06_2026_10_10,11260.00,11263.10,11253.60,11262.60,0,
25_06_2026_10_15,11263.20,11267.10,11255.00,11261.20,0,
25_06_2026_10_20,11261.00,11261.20,11249.40,11251.20,0,
25_06_2026_10_25,11251.30,11254.60,11239.60,11244.10,0,
25_06_2026_10_30,11244.40,11252.80,11243.00,11244.80,0,
25_06_2026_10_35,11245.20,11247.20,11239.20,11240.40,0,
25_06_2026_10_40,11240.80,11241.20,11234.30,11238.50,0,
25_06_2026_10_45,11239.80,11244.50,11237.90,11243.60,0,
25_06_2026_10_50,11242.00,11243.10,11236.80,11238.00,0,
25_06_2026_10_55,11238.30,11246.40,11235.70,11245.10,0,
25_06_2026_11_00,11245.50,11246.80,11239.60,11240.80,0,
25_06_2026_11_05,11241.00,11241.00,11232.50,11235.20,0,
25_06_2026_11_10,11235.20,11238.20,11232.20,11233.20,0,
25_06_2026_11_15,11233.30,11237.80,11229.20,11233.10,0,
25_06_2026_11_20,11233.70,11238.00,11229.90,11233.80,0,
25_06_2026_11_25,11233.70,11233.80,11221.30,11227.10,0,
25_06_2026_11_30,11228.10,11232.30,11223.40,11228.20,0,
25_06_2026_11_35,11227.20,11229.70,11219.70,11220.50,0,
25_06_2026_11_40,11220.70,11227.20,11219.70,11222.80,0,
25_06_2026_11_45,11222.40,11227.20,11219.00,11223.20,0,
25_06_2026_11_50,11224.20,11227.00,11217.10,11223.80,0,
25_06_2026_11_55,11225.00,11225.30,11219.40,11222.80,0,
25_06_2026_12_00,11223.40,11232.80,11221.50,11232.10,0,
25_06_2026_12_05,11232.50,11239.00,11229.80,11238.50,0,
25_06_2026_12_10,11239.00,11240.30,11230.40,11230.80,0,
25_06_2026_12_15,11230.20,11233.80,11222.50,11227.70,0,
25_06_2026_12_20,11227.50,11227.80,11212.40,11213.60,0,
25_06_2026_12_25,11213.00,11214.30,11197.40,11198.20,0,
25_06_2026_12_30,11199.00,11202.80,11187.00,11193.50,0,
25_06_2026_12_35,11193.50,11209.40,11191.20,11206.20,0,
25_06_2026_12_40,11206.90,11207.20,11201.00,11201.00,0,
25_06_2026_12_45,11201.20,11204.50,11199.50,11203.20,0,
25_06_2026_12_50,11203.30,11211.00,11202.00,11206.80,0,
25_06_2026_12_55,11207.00,11210.70,11201.60,11206.80,0,
25_06_2026_13_00,11207.50,11216.20,11205.30,11210.80,0,
25_06_2026_13_05,11212.20,11213.30,11200.20,11203.20,0,
25_06_2026_13_10,11203.30,11204.70,11190.80,11192.00,0,
25_06_2026_13_15,11193.00,11204.40,11191.30,11203.60,0,
25_06_2026_13_20,11203.70,11211.00,11203.20,11207.10,0,
25_06_2026_13_25,11207.20,11208.50,11201.80,11204.00,0,
25_06_2026_13_30,11205.30,11210.00,11202.20,11206.90,0,
25_06_2026_13_35,11207.40,11209.70,11202.00,11209.00,0,
25_06_2026_13_40,11209.50,11210.20,11204.20,11204.20,0,
25_06_2026_13_45,11204.70,11206.20,11201.80,11203.40,0,
25_06_2026_13_50,11203.00,11205.50,11197.10,11198.50,0,
25_06_2026_13_55,11198.30,11198.50,11186.80,11187.00,0,
25_06_2026_14_00,11188.00,11194.70,11184.50,11191.50,0,
25_06_2026_14_05,11192.50,11195.20,11189.30,11193.00,0,
25_06_2026_14_10,11192.20,11196.00,11179.50,11182.80,0,
25_06_2026_14_15,11182.80,11182.80,11168.50,11168.50,0,
25_06_2026_14_20,11169.10,11175.20,11167.10,11171.70,0,
25_06_2026_14_25,11173.00,11178.80,11168.00,11175.90,0,
25_06_2026_14_30,11176.40,11185.20,11175.20,11180.50,0,
25_06_2026_14_35,11180.80,11188.30,11170.20,11170.20,0,
25_06_2026_14_40,11170.50,11170.80,11152.70,11153.00,0,
25_06_2026_14_45,11154.50,11167.50,11152.90,11159.00,0,
25_06_2026_14_50,11159.70,11173.50,11157.70,11170.00,0,
25_06_2026_14_55,11170.90,11175.00,11165.30,11171.00,0,
25_06_2026_15_00,11173.20,11173.20,11151.00,11157.20,0,
25_06_2026_15_05,11158.50,11161.20,11145.20,11148.00,0,
25_06_2026_15_10,11148.20,11154.00,11140.90,11143.70,0,
25_06_2026_15_15,11144.00,11145.80,11131.20,11138.30,0,
25_06_2026_15_20,11138.80,11138.80,11116.00,11126.20,0,
25_06_2026_15_25,11126.20,11144.80,11122.80,11140.50,0,
29_06_2026_09_15,11108.50,11124.30,11077.70,11077.90,0,
29_06_2026_09_20,11074.70,11093.80,11070.70,11074.20,0,
29_06_2026_09_25,11073.80,11087.00,11061.20,11079.30,0,
29_06_2026_09_30,11080.20,11080.20,11040.00,11049.30,0,
29_06_2026_09_35,11050.40,11077.50,11035.80,11072.50,0,
29_06_2026_09_40,11072.80,11081.20,11069.80,11078.40,0,
29_06_2026_09_45,11078.60,11081.10,11065.50,11066.00,0,
29_06_2026_09_50,11066.40,11077.20,11065.20,11072.30,0,
29_06_2026_09_55,11072.90,11079.70,11063.50,11066.90,0,
29_06_2026_10_00,11066.30,11075.30,11061.50,11062.30,0,
29_06_2026_10_05,11061.50,11078.90,11060.10,11076.90,0,
29_06_2026_10_10,11076.90,11081.20,11069.70,11070.50,0,
29_06_2026_10_15,11070.60,11073.80,11065.80,11067.70,0,
29_06_2026_10_20,11068.00,11070.80,11060.60,11070.80,0,
29_06_2026_10_25,11071.10,11082.40,11070.10,11076.10,0,
29_06_2026_10_30,11076.00,11086.60,11075.00,11083.10,0,
29_06_2026_10_35,11083.10,11084.20,11076.30,11081.10,0,
29_06_2026_10_40,11081.60,11084.00,11077.50,11079.00,0,
29_06_2026_10_45,11080.10,11080.30,11064.80,11067.00,0,
29_06_2026_10_50,11066.80,11068.20,11056.00,11060.20,0,
29_06_2026_10_55,11060.00,11066.30,11058.80,11062.20,0,
29_06_2026_11_00,11062.50,11068.00,11055.00,11065.30,0,
29_06_2026_11_05,11065.40,11070.80,11058.20,11070.00,0,
29_06_2026_11_10,11069.80,11075.10,11064.00,11065.00,0,
29_06_2026_11_15,11065.50,11078.30,11064.30,11076.20,0,
29_06_2026_11_20,11076.30,11078.40,11065.80,11066.50,0,
29_06_2026_11_25,11066.00,11073.30,11065.30,11067.40,0,
29_06_2026_11_30,11066.50,11070.20,11054.20,11057.00,0,
29_06_2026_11_35,11057.00,11064.20,11055.80,11057.00,0,
29_06_2026_11_40,11057.10,11060.70,11052.30,11055.70,0,
29_06_2026_11_45,11055.20,11072.00,11055.00,11064.60,0,
29_06_2026_11_50,11065.20,11067.20,11055.00,11055.40,0,
29_06_2026_11_55,11054.80,11066.20,11052.20,11060.60,0,
29_06_2026_12_00,11060.70,11064.80,11052.30,11055.00,0,
29_06_2026_12_05,11055.10,11058.00,11050.00,11053.50,0,
29_06_2026_12_10,11054.30,11055.80,11047.00,11049.20,0,
29_06_2026_12_15,11049.50,11054.30,11046.30,11046.80,0,
29_06_2026_12_20,11047.30,11055.20,11046.00,11052.30,0,
29_06_2026_12_25,11052.20,11052.80,11041.10,11043.50,0,
29_06_2026_12_30,11043.50,11053.30,11040.30,11044.50,0,
29_06_2026_12_35,11043.70,11047.50,11040.00,11040.00,0,
29_06_2026_12_40,11040.30,11041.10,11033.30,11037.80,0,
29_06_2026_12_45,11037.80,11045.40,11037.50,11039.20,0,
29_06_2026_12_50,11039.80,11040.00,11024.50,11026.60,0,
29_06_2026_12_55,11026.20,11037.20,11026.20,11035.50,0,
29_06_2026_13_00,11035.70,11038.00,11013.80,11015.00,0,
29_06_2026_13_05,11013.80,11022.80,11011.40,11022.20,0,
29_06_2026_13_10,11022.10,11022.60,11009.40,11013.80,0,
29_06_2026_13_15,11014.20,11014.20,11003.70,11004.70,0,
29_06_2026_13_20,11006.20,11013.00,11003.50,11011.20,0,
29_06_2026_13_25,11011.20,11021.80,11009.10,11019.00,0,
29_06_2026_13_30,11018.50,11023.50,11012.50,11013.20,0,
29_06_2026_13_35,11012.50,11016.00,11007.10,11009.20,0,
29_06_2026_13_40,11009.30,11011.20,10999.30,11000.50,0,
29_06_2026_13_45,11001.20,11002.70,10984.50,10985.20,0,
29_06_2026_13_50,10984.70,10988.80,10980.80,10988.00,0,
29_06_2026_13_55,10987.80,10993.80,10984.10,10990.50,0,
29_06_2026_14_00,10990.40,10993.30,10985.70,10985.70,0,
29_06_2026_14_05,10986.20,10988.80,10979.60,10983.10,0,
29_06_2026_14_10,10983.80,10983.90,10977.00,10979.00,0,
29_06_2026_14_15,10979.10,10982.20,10963.70,10974.80,0,
29_06_2026_14_20,10976.30,10977.80,10967.00,10968.20,0,
29_06_2026_14_25,10968.20,10975.70,10965.30,10971.50,0,
29_06_2026_14_30,10973.00,10995.50,10963.90,10990.20,0,
29_06_2026_14_35,10989.80,10992.20,10976.60,10980.40,0,
29_06_2026_14_40,10980.00,10989.10,10979.40,10987.20,0,
29_06_2026_14_45,10988.20,10988.60,10975.80,10983.70,0,
29_06_2026_14_50,10984.40,10990.90,10979.50,10982.20,0,
29_06_2026_14_55,10982.00,10984.00,10971.30,10973.90,0,
29_06_2026_15_00,10974.30,11002.90,10969.30,11002.30,0,
29_06_2026_15_05,11002.00,11012.40,10998.30,11009.30,0,
29_06_2026_15_10,11007.20,11009.00,10996.20,10999.80,0,
29_06_2026_15_15,10999.50,11023.40,10997.20,11021.60,0,
29_06_2026_15_20,11021.70,11034.70,11017.50,11021.70,0,
29_06_2026_15_25,11021.30,11026.00,11011.50,11021.80,0,
30_06_2026_09_15,11040.80,11069.20,11021.20,11024.70,0,
30_06_2026_09_20,11024.00,11034.50,11010.50,11014.50,0,
30_06_2026_09_25,11014.10,11024.20,11004.20,11009.00,0,
30_06_2026_09_30,11009.20,11017.80,10996.00,10999.30,0,
30_06_2026_09_35,10998.70,11008.80,10991.80,10994.00,0,
30_06_2026_09_40,10993.70,10994.50,10985.70,10989.00,0,
30_06_2026_09_45,10988.20,10998.60,10988.20,10993.50,0,
30_06_2026_09_50,10992.20,11000.50,10989.00,10997.40,0,
30_06_2026_09_55,10997.20,11006.50,10995.00,10997.70,0,
30_06_2026_10_00,10997.30,10997.80,10964.60,10984.10,0,
30_06_2026_10_05,10985.90,10988.30,10952.20,10956.80,0,
30_06_2026_10_10,10956.50,10967.10,10953.50,10958.00,0,
30_06_2026_10_15,10958.00,10969.80,10956.50,10964.00,0,
30_06_2026_10_20,10963.70,10969.80,10957.20,10968.70,0,
30_06_2026_10_25,10968.30,10974.70,10963.80,10970.70,0,
30_06_2026_10_30,10971.10,10977.00,10970.70,10973.20,0,
30_06_2026_10_35,10973.30,10979.30,10973.30,10976.80,0,
30_06_2026_10_40,10975.50,10977.30,10968.10,10970.20,0,
30_06_2026_10_45,10970.30,10989.00,10969.10,10987.30,0,
30_06_2026_10_50,10987.80,10995.50,10987.30,10994.50,0,
30_06_2026_10_55,10993.80,10995.00,10985.20,10989.20,0,
30_06_2026_11_00,10989.20,10999.90,10984.10,10999.80,0,
30_06_2026_11_05,10999.80,11005.00,10991.20,11004.70,0,
30_06_2026_11_10,11004.40,11024.80,11001.60,11020.40,0,
30_06_2026_11_15,11019.80,11021.30,11013.70,11017.50,0,
30_06_2026_11_20,11016.80,11025.60,11011.50,11025.50,0,
30_06_2026_11_25,11025.50,11032.50,11016.30,11018.80,0,
30_06_2026_11_30,11017.50,11020.80,11009.50,11017.80,0,
30_06_2026_11_35,11017.20,11019.90,11004.30,11019.10,0,
30_06_2026_11_40,11019.40,11022.80,11010.90,11011.80,0,
30_06_2026_11_45,11011.30,11023.80,11010.80,11021.00,0,
30_06_2026_11_50,11020.60,11032.40,11020.60,11027.20,0,
30_06_2026_11_55,11027.00,11029.70,11024.50,11028.00,0,
30_06_2026_12_00,11028.20,11030.40,11017.80,11017.80,0,
30_06_2026_12_05,11017.80,11021.20,11015.10,11018.00,0,
30_06_2026_12_10,11018.00,11023.00,11016.00,11021.20,0,
30_06_2026_12_15,11020.90,11028.00,11019.00,11027.50,0,
30_06_2026_12_20,11027.80,11034.00,11027.30,11030.00,0,
30_06_2026_12_25,11030.00,11032.20,11024.00,11030.80,0,
30_06_2026_12_30,11031.50,11033.80,11021.20,11027.80,0,
30_06_2026_12_35,11027.20,11038.00,11026.80,11037.50,0,
30_06_2026_12_40,11038.00,11042.20,11036.20,11039.70,0,
30_06_2026_12_45,11039.50,11044.00,11037.10,11040.50,0,
30_06_2026_12_50,11040.50,11041.50,11026.50,11027.20,0,
30_06_2026_12_55,11028.80,11041.20,11025.10,11031.30,0,
30_06_2026_13_00,11031.20,11031.20,11018.80,11022.10,0,
30_06_2026_13_05,11021.80,11025.20,11018.00,11018.90,0,
30_06_2026_13_10,11019.10,11020.00,11013.60,11014.50,0,
30_06_2026_13_15,11014.60,11016.20,11010.20,11012.70,0,
30_06_2026_13_20,11011.30,11013.00,11006.00,11007.80,0,
30_06_2026_13_25,11007.80,11021.80,11007.10,11020.50,0,
30_06_2026_13_30,11020.80,11026.20,11019.30,11023.20,0,
30_06_2026_13_35,11023.50,11034.20,11023.20,11034.20,0,
30_06_2026_13_40,11034.50,11041.10,11032.90,11037.60,0,
30_06_2026_13_45,11037.60,11038.10,11030.60,11033.20,0,
30_06_2026_13_50,11032.80,11043.70,11030.40,11032.00,0,
30_06_2026_13_55,11031.20,11033.00,11025.20,11029.40,0,
30_06_2026_14_00,11028.90,11031.50,11020.00,11021.70,0,
30_06_2026_14_05,11022.50,11027.80,11018.40,11025.90,0,
30_06_2026_14_10,11025.30,11028.70,11019.60,11022.00,0,
30_06_2026_14_15,11022.60,11030.60,11017.10,11027.70,0,
30_06_2026_14_20,11027.70,11041.00,11024.20,11041.00,0,
30_06_2026_14_25,11041.50,11050.80,11040.00,11040.00,0,
30_06_2026_14_30,11041.70,11041.70,11025.60,11037.60,0,
30_06_2026_14_35,11037.90,11044.40,11037.30,11042.50,0,
30_06_2026_14_40,11042.10,11048.70,11039.50,11047.30,0,
30_06_2026_14_45,11047.20,11048.70,11042.20,11044.80,0,
30_06_2026_14_50,11043.70,11045.00,11033.00,11037.20,0,
30_06_2026_14_55,11036.70,11040.00,11022.30,11028.40,0,
30_06_2026_15_00,11030.20,11031.10,11016.20,11029.20,0,
30_06_2026_15_05,11030.00,11039.20,11026.80,11035.20,0,
30_06_2026_15_10,11035.70,11039.40,11031.40,11035.70,0,
30_06_2026_15_15,11035.50,11036.80,11030.20,11033.00,0,
30_06_2026_15_20,11032.50,11033.20,11026.30,11031.20,0,
30_06_2026_15_25,11030.90,11038.80,11024.80,11031.70,0,
01_07_2026_09_15,11054.50,11060.50,11023.40,11035.20,0,
01_07_2026_09_20,11035.50,11035.80,11020.30,11025.50,0,
01_07_2026_09_25,11025.20,11033.60,11020.00,11031.10,0,
01_07_2026_09_30,11031.80,11041.70,11018.20,11031.80,0,
01_07_2026_09_35,11031.30,11046.40,11029.30,11038.20,0,
01_07_2026_09_40,11038.50,11043.20,11015.00,11018.00,0,
01_07_2026_09_45,11017.80,11025.70,11016.00,11018.20,0,
01_07_2026_09_50,11018.30,11025.00,11012.00,11021.30,0,
01_07_2026_09_55,11022.00,11046.30,11021.70,11043.50,0,
01_07_2026_10_00,11045.50,11059.10,11034.80,11036.20,0,
01_07_2026_10_05,11036.50,11043.00,11035.80,11040.40,0,
01_07_2026_10_10,11040.50,11044.00,11030.60,11035.80,0,
01_07_2026_10_15,11036.00,11054.50,11034.20,11052.00,0,
01_07_2026_10_20,11052.30,11057.30,11047.20,11047.40,0,
01_07_2026_10_25,11046.80,11049.80,11037.30,11040.20,0,
01_07_2026_10_30,11040.20,11049.50,11038.30,11039.70,0,
01_07_2026_10_35,11038.90,11042.50,11029.20,11029.70,0,
01_07_2026_10_40,11029.60,11032.20,11020.50,11024.80,0,
01_07_2026_10_45,11024.70,11037.00,11023.10,11036.30,0,
01_07_2026_10_50,11036.20,11046.80,11035.80,11045.40,0,
01_07_2026_10_55,11045.80,11048.80,11038.30,11047.30,0,
01_07_2026_11_00,11047.90,11055.30,11043.50,11046.90,0,
01_07_2026_11_05,11046.50,11051.10,11044.80,11050.80,0,
01_07_2026_11_10,11050.80,11064.80,11044.90,11063.20,0,
01_07_2026_11_15,11062.90,11070.70,11059.50,11064.20,0,
01_07_2026_11_20,11064.20,11069.30,11062.30,11063.30,0,
01_07_2026_11_25,11063.10,11077.80,11060.80,11073.80,0,
01_07_2026_11_30,11073.80,11081.20,11071.30,11074.00,0,
01_07_2026_11_35,11073.50,11078.00,11070.50,11076.50,0,
01_07_2026_11_40,11076.40,11086.70,11075.50,11084.20,0,
01_07_2026_11_45,11084.50,11087.00,11081.80,11082.60,0,
01_07_2026_11_50,11083.10,11084.50,11067.90,11068.80,0,
01_07_2026_11_55,11068.70,11073.40,11064.30,11072.80,0,
01_07_2026_12_00,11073.00,11074.80,11065.80,11074.20,0,
01_07_2026_12_05,11074.40,11085.20,11070.80,11082.70,0,
01_07_2026_12_10,11083.30,11085.50,11080.00,11082.70,0,
01_07_2026_12_15,11082.30,11085.20,11077.00,11081.10,0,
01_07_2026_12_20,11080.80,11088.10,11078.20,11088.10,0,
01_07_2026_12_25,11088.10,11091.00,11073.00,11075.20,0,
01_07_2026_12_30,11075.20,11095.50,11074.50,11091.00,0,
01_07_2026_12_35,11090.80,11097.80,11090.00,11094.60,0,
01_07_2026_12_40,11094.80,11094.80,11083.20,11086.50,0,
01_07_2026_12_45,11086.50,11086.90,11080.80,11082.80,0,
01_07_2026_12_50,11082.10,11088.50,11081.50,11082.70,0,
01_07_2026_12_55,11082.70,11082.90,11076.50,11080.00,0,
01_07_2026_13_00,11079.90,11080.50,11055.00,11058.90,0,
01_07_2026_13_05,11058.50,11062.20,11055.10,11057.90,0,
01_07_2026_13_10,11057.20,11063.30,11055.80,11061.20,0,
01_07_2026_13_15,11061.30,11067.50,11059.00,11065.20,0,
01_07_2026_13_20,11065.20,11066.50,11058.90,11059.80,0,
01_07_2026_13_25,11059.80,11064.00,11058.80,11062.80,0,
01_07_2026_13_30,11062.80,11064.20,11059.80,11063.70,0,
01_07_2026_13_35,11063.90,11075.80,11063.00,11074.50,0,
01_07_2026_13_40,11074.20,11075.50,11065.80,11069.10,0,
01_07_2026_13_45,11069.10,11069.20,11063.20,11065.80,0,
01_07_2026_13_50,11065.80,11067.20,11062.20,11063.60,0,
01_07_2026_13_55,11063.20,11066.20,11061.70,11065.90,0,
01_07_2026_14_00,11065.30,11073.80,11062.80,11071.80,0,
01_07_2026_14_05,11071.60,11073.70,11067.70,11069.90,0,
01_07_2026_14_10,11070.10,11074.00,11067.70,11071.40,0,
01_07_2026_14_15,11072.00,11076.10,11071.00,11074.30,0,
01_07_2026_14_20,11074.80,11078.10,11073.70,11077.40,0,
01_07_2026_14_25,11077.40,11080.50,11075.20,11077.80,0,
01_07_2026_14_30,11077.80,11081.50,11074.60,11077.40,0,
01_07_2026_14_35,11078.00,11079.80,11070.30,11071.70,0,
01_07_2026_14_40,11071.80,11080.70,11066.50,11079.00,0,
01_07_2026_14_45,11079.00,11081.00,11075.20,11075.30,0,
01_07_2026_14_50,11075.30,11080.30,11074.60,11078.30,0,
01_07_2026_14_55,11077.90,11088.80,11077.80,11085.60,0,
01_07_2026_15_00,11086.20,11092.20,11085.00,11088.00,0,
01_07_2026_15_05,11088.70,11089.50,11081.70,11086.30,0,
01_07_2026_15_10,11086.70,11087.80,11082.00,11084.20,0,
01_07_2026_15_15,11084.50,11086.80,11079.70,11080.00,0,
01_07_2026_15_20,11079.60,11087.20,11076.20,11084.80,0,
01_07_2026_15_25,11084.60,11087.20,11071.80,11076.00,0,
02_07_2026_09_15,11089.60,11102.20,11068.20,11088.80,0,
02_07_2026_09_20,11088.50,11114.90,11085.60,11113.80,0,
02_07_2026_09_25,11114.30,11131.00,11105.00,11111.20,0,
02_07_2026_09_30,11111.80,11129.70,11109.20,11124.20,0,
02_07_2026_09_35,11124.50,11140.60,11119.30,11130.00,0,
02_07_2026_09_40,11129.30,11162.90,11126.80,11162.00,0,
02_07_2026_09_45,11161.30,11170.60,11152.30,11154.30,0,
02_07_2026_09_50,11154.60,11154.80,11129.50,11129.50,0,
02_07_2026_09_55,11130.00,11135.30,11125.00,11128.20,0,
02_07_2026_10_00,11128.40,11137.80,11122.80,11137.10,0,
02_07_2026_10_05,11136.50,11147.50,11134.10,11141.00,0,
02_07_2026_10_10,11141.40,11154.50,11138.80,11142.50,0,
02_07_2026_10_15,11143.20,11152.00,11138.00,11148.00,0,
02_07_2026_10_20,11147.30,11154.00,11145.00,11149.70,0,
02_07_2026_10_25,11149.80,11154.40,11144.50,11150.80,0,
02_07_2026_10_30,11150.20,11152.00,11132.50,11136.10,0,
02_07_2026_10_35,11134.90,11144.50,11133.80,11133.80,0,
02_07_2026_10_40,11136.00,11138.30,11128.60,11136.00,0,
02_07_2026_10_45,11136.00,11142.30,11133.90,11136.00,0,
02_07_2026_10_50,11136.50,11144.90,11132.10,11132.70,0,
02_07_2026_10_55,11133.30,11151.20,11130.30,11140.70,0,
02_07_2026_11_00,11140.80,11154.80,11140.70,11153.70,0,
02_07_2026_11_05,11153.70,11160.00,11144.20,11147.20,0,
02_07_2026_11_10,11147.50,11148.20,11137.50,11143.30,0,
02_07_2026_11_15,11143.70,11143.70,11134.50,11140.70,0,
02_07_2026_11_20,11140.70,11144.00,11131.00,11141.80,0,
02_07_2026_11_25,11141.80,11143.20,11128.20,11129.80,0,
02_07_2026_11_30,11130.10,11130.30,11119.80,11125.80,0,
02_07_2026_11_35,11124.80,11133.80,11121.50,11130.30,0,
02_07_2026_11_40,11130.50,11130.50,11119.30,11125.70,0,
02_07_2026_11_45,11125.70,11133.80,11125.20,11130.20,0,
02_07_2026_11_50,11130.50,11132.10,11127.20,11130.40,0,
02_07_2026_11_55,11130.00,11135.00,11125.70,11128.70,0,
02_07_2026_12_00,11128.20,11129.70,11123.80,11125.00,0,
02_07_2026_12_05,11125.70,11132.60,11124.00,11132.60,0,
02_07_2026_12_10,11132.60,11133.20,11122.30,11126.20,0,
02_07_2026_12_15,11126.00,11131.20,11123.00,11130.50,0,
02_07_2026_12_20,11130.50,11137.20,11130.20,11135.50,0,
02_07_2026_12_25,11135.30,11136.20,11131.40,11134.80,0,
02_07_2026_12_30,11135.80,11139.70,11132.80,11137.50,0,
02_07_2026_12_35,11136.80,11145.40,11136.80,11145.00,0,
02_07_2026_12_40,11145.00,11149.00,11141.70,11142.50,0,
02_07_2026_12_45,11142.70,11142.80,11128.50,11130.80,0,
02_07_2026_12_50,11130.50,11140.70,11130.20,11137.70,0,
02_07_2026_12_55,11138.50,11139.00,11131.70,11134.10,0,
02_07_2026_13_00,11134.70,11137.00,11126.30,11136.50,0,
02_07_2026_13_05,11137.00,11137.80,11133.80,11133.90,0,
02_07_2026_13_10,11134.20,11136.60,11132.20,11135.00,0,
02_07_2026_13_15,11133.30,11135.00,11128.00,11132.20,0,
02_07_2026_13_20,11131.80,11134.80,11126.80,11133.90,0,
02_07_2026_13_25,11133.50,11136.20,11125.00,11126.50,0,
02_07_2026_13_30,11126.00,11129.30,11124.50,11127.50,0,
02_07_2026_13_35,11127.80,11137.10,11127.00,11132.00,0,
02_07_2026_13_40,11132.50,11132.70,11125.30,11126.20,0,
02_07_2026_13_45,11126.20,11128.80,11124.80,11127.20,0,
02_07_2026_13_50,11127.60,11131.00,11124.20,11126.60,0,
02_07_2026_13_55,11127.00,11127.70,11114.70,11116.80,0,
02_07_2026_14_00,11117.20,11122.30,11114.80,11122.10,0,
02_07_2026_14_05,11122.00,11123.70,11118.30,11122.30,0,
02_07_2026_14_10,11121.80,11126.60,11121.10,11124.00,0,
02_07_2026_14_15,11124.20,11127.50,11122.20,11125.60,0,
02_07_2026_14_20,11125.40,11129.40,11123.50,11126.50,0,
02_07_2026_14_25,11126.20,11127.80,11124.20,11125.40,0,
02_07_2026_14_30,11125.50,11127.50,11120.70,11122.60,0,
02_07_2026_14_35,11122.50,11132.30,11120.50,11130.50,0,
02_07_2026_14_40,11131.30,11133.50,11129.10,11131.70,0,
02_07_2026_14_45,11131.80,11133.60,11125.10,11126.00,0,
02_07_2026_14_50,11126.70,11128.20,11123.70,11125.70,0,
02_07_2026_14_55,11126.60,11129.60,11124.80,11128.70,0,
02_07_2026_15_00,11128.50,11147.20,11124.10,11142.60,0,
02_07_2026_15_05,11143.20,11147.80,11138.00,11140.30,0,
02_07_2026_15_10,11140.90,11141.60,11136.50,11136.80,0,
02_07_2026_15_15,11137.50,11137.80,11127.20,11128.80,0,
02_07_2026_15_20,11127.70,11130.20,11119.20,11124.70,0,
02_07_2026_15_25,11125.70,11126.00,11118.60,11124.70,0,
03_07_2026_09_15,11186.70,11192.20,11140.00,11144.50,0,
03_07_2026_09_20,11145.00,11155.50,11137.30,11144.00,0,
03_07_2026_09_25,11143.80,11146.20,11137.80,11138.70,0,
03_07_2026_09_30,11139.10,11150.50,11136.20,11145.70,0,
03_07_2026_09_35,11145.50,11151.40,11140.80,11146.20,0,
03_07_2026_09_40,11146.60,11148.30,11133.70,11134.50,0,
03_07_2026_09_45,11135.40,11139.10,11130.00,11135.80,0,
03_07_2026_09_50,11136.30,11141.70,11130.50,11131.80,0,
03_07_2026_09_55,11131.60,11139.60,11125.20,11138.20,0,
03_07_2026_10_00,11138.20,11145.70,11134.30,11136.00,0,
03_07_2026_10_05,11135.40,11146.20,11134.50,11144.80,0,
03_07_2026_10_10,11145.80,11156.20,11141.70,11152.30,0,
03_07_2026_10_15,11152.70,11158.40,11147.00,11158.00,0,
03_07_2026_10_20,11158.60,11168.30,11154.80,11165.80,0,
03_07_2026_10_25,11165.80,11175.80,11164.20,11167.80,0,
03_07_2026_10_30,11167.70,11175.80,11166.20,11173.30,0,
03_07_2026_10_35,11172.50,11184.00,11168.50,11169.80,0,
03_07_2026_10_40,11170.50,11170.50,11150.60,11152.40,0,
03_07_2026_10_45,11153.20,11161.00,11149.80,11154.80,0,
03_07_2026_10_50,11155.70,11155.70,11145.40,11145.80,0,
03_07_2026_10_55,11145.90,11148.40,11139.10,11143.20,0,
03_07_2026_11_00,11144.40,11147.20,11140.80,11142.80,0,
03_07_2026_11_05,11143.20,11145.30,11128.20,11129.00,0,
03_07_2026_11_10,11130.00,11130.00,11119.50,11122.20,0,
03_07_2026_11_15,11124.00,11132.10,11122.80,11128.60,0,
03_07_2026_11_20,11129.70,11137.00,11125.70,11135.00,0,
03_07_2026_11_25,11136.00,11138.10,11129.00,11129.20,0,
03_07_2026_11_30,11130.00,11134.00,11127.40,11132.80,0,
03_07_2026_11_35,11133.10,11138.50,11127.70,11138.10,0,
03_07_2026_11_40,11138.70,11145.00,11135.70,11137.10,0,
03_07_2026_11_45,11137.30,11142.30,11134.80,11137.90,0,
03_07_2026_11_50,11138.20,11151.20,11137.20,11150.30,0,
03_07_2026_11_55,11150.80,11161.10,11150.20,11159.10,0,
03_07_2026_12_00,11158.80,11159.20,11152.20,11155.20,0,
03_07_2026_12_05,11155.70,11156.00,11143.50,11144.80,0,
03_07_2026_12_10,11145.50,11152.50,11144.00,11149.90,0,
03_07_2026_12_15,11150.50,11151.50,11142.20,11146.90,0,
03_07_2026_12_20,11147.80,11149.60,11140.20,11141.80,0,
03_07_2026_12_25,11141.80,11144.20,11137.60,11140.30,0,
03_07_2026_12_30,11140.80,11146.60,11139.80,11143.20,0,
03_07_2026_12_35,11143.80,11150.80,11137.80,11140.00,0,
03_07_2026_12_40,11140.30,11142.70,11137.20,11137.80,0,
03_07_2026_12_45,11137.70,11152.80,11137.60,11152.10,0,
03_07_2026_12_50,11152.00,11156.10,11146.80,11148.20,0,
03_07_2026_12_55,11148.80,11152.70,11145.50,11147.70,0,
03_07_2026_13_00,11147.20,11148.00,11142.80,11145.00,0,
03_07_2026_13_05,11145.70,11145.70,11136.50,11137.70,0,
03_07_2026_13_10,11138.00,11143.50,11134.60,11142.30,0,
03_07_2026_13_15,11142.50,11142.80,11136.80,11139.50,0,
03_07_2026_13_20,11139.60,11141.80,11133.70,11135.90,0,
03_07_2026_13_25,11135.30,11139.70,11132.80,11135.10,0,
03_07_2026_13_30,11134.50,11135.30,11130.50,11132.20,0,
03_07_2026_13_35,11132.50,11135.10,11128.20,11131.70,0,
03_07_2026_13_40,11131.80,11137.70,11131.50,11136.30,0,
03_07_2026_13_45,11137.10,11139.20,11132.20,11139.20,0,
03_07_2026_13_50,11139.20,11143.30,11137.80,11140.90,0,
03_07_2026_13_55,11142.00,11142.00,11136.40,11139.20,0,
03_07_2026_14_00,11139.20,11141.20,11135.50,11136.20,0,
03_07_2026_14_05,11136.50,11141.40,11135.60,11137.70,0,
03_07_2026_14_10,11137.60,11141.90,11136.20,11139.20,0,
03_07_2026_14_15,11139.20,11140.20,11130.00,11135.50,0,
03_07_2026_14_20,11135.50,11135.80,11127.60,11131.20,0,
03_07_2026_14_25,11131.20,11132.50,11128.10,11129.50,0,
03_07_2026_14_30,11131.30,11136.10,11129.30,11132.30,0,
03_07_2026_14_35,11132.40,11136.20,11129.40,11134.00,0,
03_07_2026_14_40,11133.80,11135.80,11132.20,11134.30,0,
03_07_2026_14_45,11135.20,11136.00,11129.80,11135.20,0,
03_07_2026_14_50,11136.00,11136.00,11127.10,11129.40,0,
03_07_2026_14_55,11129.40,11141.90,11127.60,11137.80,0,
03_07_2026_15_00,11138.50,11146.50,11137.80,11144.70,0,
03_07_2026_15_05,11145.00,11147.50,11141.00,11141.70,0,
03_07_2026_15_10,11141.80,11143.00,11136.80,11137.90,0,
03_07_2026_15_15,11139.10,11139.70,11127.40,11133.80,0,
03_07_2026_15_20,11135.00,11138.70,11126.30,11128.50,0,
03_07_2026_15_25,11128.70,11138.20,11123.90,11137.00,0,
06_07_2026_09_15,11145.20,11152.50,11109.70,11116.80,0,
06_07_2026_09_20,11117.20,11120.00,11105.30,11114.60,0,
06_07_2026_09_25,11114.80,11125.80,11110.70,11117.00,0,
06_07_2026_09_30,11116.20,11136.70,11116.20,11136.70,0,
06_07_2026_09_35,11136.20,11148.00,11133.60,11140.50,0,
06_07_2026_09_40,11141.00,11155.70,11134.60,11152.60,0,
06_07_2026_09_45,11152.80,11185.50,11151.30,11172.70,0,
06_07_2026_09_50,11173.20,11177.50,11166.20,11175.20,0,
06_07_2026_09_55,11174.80,11178.90,11169.20,11170.40,0,
06_07_2026_10_00,11170.20,11172.50,11159.70,11162.00,0,
06_07_2026_10_05,11162.00,11168.20,11159.00,11166.40,0,
06_07_2026_10_10,11165.80,11174.20,11163.30,11172.90,0,
06_07_2026_10_15,11173.40,11188.50,11173.40,11187.50,0,
06_07_2026_10_20,11188.30,11199.00,11187.20,11196.50,0,
06_07_2026_10_25,11196.40,11209.50,11194.50,11208.10,0,
06_07_2026_10_30,11208.80,11221.20,11207.50,11214.30,0,
06_07_2026_10_35,11216.30,11219.80,11203.80,11206.00,0,
06_07_2026_10_40,11206.00,11212.00,11202.80,11206.00,0,
06_07_2026_10_45,11207.20,11215.60,11203.80,11215.50,0,
06_07_2026_10_50,11215.20,11251.80,11215.20,11250.10,0,
06_07_2026_10_55,11249.60,11266.10,11243.30,11258.10,0,
06_07_2026_11_00,11257.00,11263.30,11246.90,11252.30,0,
06_07_2026_11_05,11253.00,11255.70,11246.30,11249.50,0,
06_07_2026_11_10,11248.80,11254.20,11243.60,11251.50,0,
06_07_2026_11_15,11251.70,11252.50,11240.50,11242.30,0,
06_07_2026_11_20,11242.30,11248.10,11237.80,11244.90,0,
06_07_2026_11_25,11245.60,11252.50,11239.30,11250.80,0,
06_07_2026_11_30,11250.70,11258.50,11249.20,11255.80,0,
06_07_2026_11_35,11256.60,11256.60,11239.70,11244.80,0,
06_07_2026_11_40,11244.90,11256.40,11243.70,11254.80,0,
06_07_2026_11_45,11254.80,11257.50,11249.70,11255.80,0,
06_07_2026_11_50,11255.10,11255.30,11236.00,11243.50,0,
06_07_2026_11_55,11242.80,11250.70,11242.50,11249.50,0,
06_07_2026_12_00,11249.40,11253.90,11244.60,11248.30,0,
06_07_2026_12_05,11248.10,11266.50,11244.70,11266.50,0,
06_07_2026_12_10,11265.80,11274.80,11259.70,11274.70,0,
06_07_2026_12_15,11274.50,11278.80,11268.70,11272.30,0,
06_07_2026_12_20,11272.10,11281.50,11268.50,11278.80,0,
06_07_2026_12_25,11278.70,11278.70,11265.20,11271.70,0,
06_07_2026_12_30,11271.60,11284.20,11269.70,11282.80,0,
06_07_2026_12_35,11284.50,11285.30,11271.00,11272.20,0,
06_07_2026_12_40,11272.20,11272.60,11263.10,11264.50,0,
06_07_2026_12_45,11264.50,11266.00,11260.00,11264.80,0,
06_07_2026_12_50,11265.00,11268.50,11256.00,11261.20,0,
06_07_2026_12_55,11261.40,11266.50,11254.10,11260.10,0,
06_07_2026_13_00,11260.20,11266.80,11254.30,11266.80,0,
06_07_2026_13_05,11266.60,11272.40,11265.90,11272.40,0,
06_07_2026_13_10,11272.10,11278.80,11269.70,11274.80,0,
06_07_2026_13_15,11274.80,11278.20,11271.70,11276.00,0,
06_07_2026_13_20,11276.20,11277.80,11269.50,11276.30,0,
06_07_2026_13_25,11276.00,11277.00,11270.00,11276.80,0,
06_07_2026_13_30,11277.70,11280.10,11275.70,11279.40,0,
06_07_2026_13_35,11280.00,11285.00,11277.00,11282.20,0,
06_07_2026_13_40,11282.20,11287.30,11276.50,11277.70,0,
06_07_2026_13_45,11277.10,11278.00,11272.30,11276.30,0,
06_07_2026_13_50,11276.10,11277.00,11266.00,11267.30,0,
06_07_2026_13_55,11267.10,11268.50,11256.80,11258.20,0,
06_07_2026_14_00,11257.60,11260.50,11254.50,11258.60,0,
06_07_2026_14_05,11258.60,11262.60,11253.70,11254.80,0,
06_07_2026_14_10,11254.80,11259.00,11252.50,11252.80,0,
06_07_2026_14_15,11253.00,11259.70,11251.20,11257.70,0,
06_07_2026_14_20,11257.50,11260.10,11252.50,11259.00,0,
06_07_2026_14_25,11259.00,11262.50,11255.70,11259.30,0,
06_07_2026_14_30,11258.80,11258.80,11250.40,11252.00,0,
06_07_2026_14_35,11252.00,11258.50,11248.30,11249.90,0,
06_07_2026_14_40,11249.20,11252.20,11240.10,11246.20,0,
06_07_2026_14_45,11246.50,11250.50,11238.80,11239.80,0,
06_07_2026_14_50,11241.20,11255.80,11239.50,11255.20,0,
06_07_2026_14_55,11255.20,11256.30,11246.40,11247.60,0,
06_07_2026_15_00,11247.80,11265.00,11247.80,11263.20,0,
06_07_2026_15_05,11263.80,11268.40,11262.50,11265.50,0,
06_07_2026_15_10,11265.50,11268.80,11261.30,11267.50,0,
06_07_2026_15_15,11266.00,11270.00,11263.30,11265.20,0,
06_07_2026_15_20,11264.00,11265.00,11259.50,11264.70,0,
06_07_2026_15_25,11264.00,11267.70,11255.80,11261.70,0,
07_07_2026_09_15,11295.00,11328.00,11276.80,11288.30,0,
07_07_2026_09_20,11288.50,11297.50,11277.20,11282.30,0,
07_07_2026_09_25,11282.00,11282.00,11249.20,11253.30,0,
07_07_2026_09_30,11253.60,11257.40,11236.50,11244.00,0,
07_07_2026_09_35,11242.70,11268.20,11238.90,11245.00,0,
07_07_2026_09_40,11244.80,11258.00,11242.00,11254.60,0,
07_07_2026_09_45,11255.30,11270.20,11253.00,11265.00,0,
07_07_2026_09_50,11264.70,11277.00,11262.70,11263.80,0,
07_07_2026_09_55,11263.50,11276.00,11260.60,11269.50,0,
07_07_2026_10_00,11269.00,11281.40,11264.30,11275.40,0,
07_07_2026_10_05,11275.40,11282.50,11267.00,11282.10,0,
07_07_2026_10_10,11282.10,11288.50,11273.70,11274.80,0,
07_07_2026_10_15,11273.70,11274.80,11261.70,11265.90,0,
07_07_2026_10_20,11266.30,11266.30,11254.80,11257.20,0,
07_07_2026_10_25,11257.00,11264.90,11252.00,11259.90,0,
07_07_2026_10_30,11260.00,11269.00,11250.90,11268.70,0,
07_07_2026_10_35,11268.70,11273.30,11259.70,11261.40,0,
07_07_2026_10_40,11261.50,11263.40,11250.80,11250.80,0,
07_07_2026_10_45,11252.20,11261.20,11250.50,11256.50,0,
07_07_2026_10_50,11256.50,11259.20,11248.80,11258.00,0,
07_07_2026_10_55,11256.60,11258.00,11249.80,11254.00,0,
07_07_2026_11_00,11253.80,11260.10,11252.70,11257.30,0,
07_07_2026_11_05,11257.30,11262.20,11255.80,11258.70,0,
07_07_2026_11_10,11259.00,11265.50,11255.50,11263.80,0,
07_07_2026_11_15,11263.80,11265.80,11249.30,11249.60,0,
07_07_2026_11_20,11250.90,11255.10,11248.30,11251.60,0,
07_07_2026_11_25,11251.60,11258.00,11247.80,11253.10,0,
07_07_2026_11_30,11253.40,11256.70,11251.50,11254.50,0,
07_07_2026_11_35,11254.80,11255.70,11247.70,11251.50,0,
07_07_2026_11_40,11251.00,11252.80,11234.60,11236.20,0,
07_07_2026_11_45,11235.80,11245.20,11234.50,11243.20,0,
07_07_2026_11_50,11242.80,11248.10,11242.20,11242.50,0,
07_07_2026_11_55,11242.70,11248.20,11241.50,11246.10,0,
07_07_2026_12_00,11245.90,11248.80,11243.00,11245.90,0,
07_07_2026_12_05,11245.50,11250.00,11244.00,11245.60,0,
07_07_2026_12_10,11244.40,11246.80,11239.00,11245.20,0,
07_07_2026_12_15,11245.20,11247.20,11228.40,11235.50,0,
07_07_2026_12_20,11235.50,11244.80,11230.40,11234.00,0,
07_07_2026_12_25,11234.20,11235.50,11228.40,11232.30,0,
07_07_2026_12_30,11231.70,11239.20,11230.00,11238.30,0,
07_07_2026_12_35,11238.00,11243.20,11225.70,11235.20,0,
07_07_2026_12_40,11234.90,11239.20,11228.30,11237.10,0,
07_07_2026_12_45,11237.10,11244.50,11236.90,11239.00,0,
07_07_2026_12_50,11238.00,11247.30,11238.00,11243.50,0,
07_07_2026_12_55,11243.20,11254.80,11238.20,11253.80,0,
07_07_2026_13_00,11254.30,11254.90,11241.50,11242.20,0,
07_07_2026_13_05,11242.50,11242.50,11233.50,11234.80,0,
07_07_2026_13_10,11236.20,11237.50,11229.00,11234.20,0,
07_07_2026_13_15,11234.20,11235.40,11216.30,11217.30,0,
07_07_2026_13_20,11217.50,11229.00,11214.80,11228.20,0,
07_07_2026_13_25,11228.60,11246.20,11226.40,11241.60,0,
07_07_2026_13_30,11241.70,11244.50,11237.90,11237.90,0,
07_07_2026_13_35,11238.00,11243.00,11231.30,11233.20,0,
07_07_2026_13_40,11233.20,11240.50,11232.90,11236.80,0,
07_07_2026_13_45,11237.20,11244.20,11233.90,11233.90,0,
07_07_2026_13_50,11233.80,11240.00,11230.80,11236.50,0,
07_07_2026_13_55,11235.50,11241.50,11234.30,11237.00,0,
07_07_2026_14_00,11237.60,11246.20,11236.30,11243.20,0,
07_07_2026_14_05,11242.50,11251.20,11241.50,11251.10,0,
07_07_2026_14_10,11251.30,11255.30,11249.30,11251.80,0,
07_07_2026_14_15,11251.90,11255.00,11249.00,11249.00,0,
07_07_2026_14_20,11249.10,11253.50,11247.20,11250.80,0,
07_07_2026_14_25,11250.50,11264.50,11249.50,11257.60,0,
07_07_2026_14_30,11257.70,11274.80,11257.70,11266.60,0,
07_07_2026_14_35,11266.50,11279.30,11266.20,11277.80,0,
07_07_2026_14_40,11277.50,11283.50,11273.00,11281.30,0,
07_07_2026_14_45,11280.00,11286.20,11273.20,11285.10,0,
07_07_2026_14_50,11284.00,11292.30,11281.00,11285.10,0,
07_07_2026_14_55,11285.20,11289.70,11283.30,11283.40,0,
07_07_2026_15_00,11283.60,11286.50,11264.20,11275.80,0,
07_07_2026_15_05,11276.70,11276.70,11250.50,11251.40,0,
07_07_2026_15_10,11251.80,11253.30,11244.50,11247.70,0,
07_07_2026_15_15,11247.70,11251.20,11233.50,11237.20,0,
07_07_2026_15_20,11236.60,11239.50,11226.60,11232.40,0,
07_07_2026_15_25,11231.80,11236.00,11226.30,11228.50,0,
08_07_2026_09_15,11158.00,11178.00,11081.50,11089.30,0,
08_07_2026_09_20,11087.50,11092.00,11053.00,11065.80,0,
08_07_2026_09_25,11065.80,11076.40,11052.20,11060.80,0,
08_07_2026_09_30,11060.20,11060.20,11045.20,11053.30,0,
08_07_2026_09_35,11051.30,11060.40,11047.20,11049.20,0,
08_07_2026_09_40,11048.50,11069.80,11044.80,11064.00,0,
08_07_2026_09_45,11064.80,11073.20,11058.80,11072.00,0,
08_07_2026_09_50,11072.00,11089.00,11066.60,11079.50,0,
08_07_2026_09_55,11080.20,11095.00,11076.10,11090.00,0,
08_07_2026_10_00,11089.70,11090.80,11081.20,11088.50,0,
08_07_2026_10_05,11089.50,11105.00,11081.00,11101.20,0,
08_07_2026_10_10,11102.50,11111.20,11099.90,11103.20,0,
08_07_2026_10_15,11103.40,11112.40,11098.60,11104.80,0,
08_07_2026_10_20,11104.90,11106.30,11096.80,11099.00,0,
08_07_2026_10_25,11098.70,11110.80,11097.00,11107.10,0,
08_07_2026_10_30,11108.50,11116.60,11101.70,11102.20,0,
08_07_2026_10_35,11102.00,11115.50,11100.70,11113.40,0,
08_07_2026_10_40,11113.70,11116.20,11104.80,11108.00,0,
08_07_2026_10_45,11108.30,11109.20,11094.20,11107.60,0,
08_07_2026_10_50,11107.60,11109.50,11099.80,11106.50,0,
08_07_2026_10_55,11106.70,11111.30,11100.00,11109.50,0,
08_07_2026_11_00,11109.80,11112.60,11101.90,11103.30,0,
08_07_2026_11_05,11103.00,11103.50,11091.40,11100.30,0,
08_07_2026_11_10,11100.10,11103.90,11096.20,11099.00,0,
08_07_2026_11_15,11098.50,11098.80,11093.50,11097.80,0,
08_07_2026_11_20,11097.50,11101.10,11093.90,11100.80,0,
08_07_2026_11_25,11101.00,11107.20,11099.20,11105.50,0,
08_07_2026_11_30,11105.50,11105.80,11095.50,11098.90,0,
08_07_2026_11_35,11099.80,11101.00,11089.00,11095.20,0,
08_07_2026_11_40,11095.20,11098.10,11089.50,11093.80,0,
08_07_2026_11_45,11093.00,11095.80,11089.20,11090.00,0,
08_07_2026_11_50,11090.20,11093.70,11088.50,11091.50,0,
08_07_2026_11_55,11091.70,11095.20,11084.20,11087.60,0,
08_07_2026_12_00,11087.80,11089.30,11076.70,11081.20,0,
08_07_2026_12_05,11081.10,11084.80,11079.00,11079.80,0,
08_07_2026_12_10,11080.50,11081.00,11075.50,11077.10,0,
08_07_2026_12_15,11078.20,11084.60,11070.70,11080.70,0,
08_07_2026_12_20,11081.70,11082.80,11070.80,11071.50,0,
08_07_2026_12_25,11072.00,11075.80,11068.00,11074.30,0,
08_07_2026_12_30,11074.30,11076.30,11068.80,11076.30,0,
08_07_2026_12_35,11076.20,11076.90,11070.30,11074.10,0,
08_07_2026_12_40,11073.00,11078.70,11070.20,11077.40,0,
08_07_2026_12_45,11077.20,11085.50,11072.30,11083.80,0,
08_07_2026_12_50,11085.30,11093.20,11083.10,11090.80,0,
08_07_2026_12_55,11090.70,11098.70,11089.90,11091.20,0,
08_07_2026_13_00,11092.00,11104.00,11090.50,11098.40,0,
08_07_2026_13_05,11099.30,11101.20,11093.10,11094.50,0,
08_07_2026_13_10,11095.00,11097.20,11090.00,11091.00,0,
08_07_2026_13_15,11091.20,11094.00,11087.80,11092.20,0,
08_07_2026_13_20,11093.20,11096.00,11089.00,11090.70,0,
08_07_2026_13_25,11092.00,11092.70,11086.60,11087.00,0,
08_07_2026_13_30,11086.90,11088.30,11082.50,11085.50,0,
08_07_2026_13_35,11085.50,11090.00,11084.60,11087.40,0,
08_07_2026_13_40,11087.50,11089.80,11085.50,11088.20,0,
08_07_2026_13_45,11088.20,11091.50,11054.80,11061.90,0,
08_07_2026_13_50,11061.50,11066.20,11043.20,11046.80,0,
08_07_2026_13_55,11048.00,11056.00,11034.90,11034.90,0,
08_07_2026_14_00,11036.20,11042.80,11021.80,11031.20,0,
08_07_2026_14_05,11031.00,11034.50,10999.70,11004.70,0,
08_07_2026_14_10,11005.60,11011.20,10985.70,11009.80,0,
08_07_2026_14_15,11011.70,11042.00,11008.20,11025.20,0,
08_07_2026_14_20,11025.00,11031.20,11019.00,11025.40,0,
08_07_2026_14_25,11026.50,11028.30,11006.20,11007.00,0,
08_07_2026_14_30,11006.20,11022.50,11003.20,11007.80,0,
08_07_2026_14_35,11007.50,11010.80,10987.80,10991.20,0,
08_07_2026_14_40,10991.20,11005.20,10989.20,10997.20,0,
08_07_2026_14_45,10996.20,11000.50,10979.30,10980.10,0,
08_07_2026_14_50,10981.30,10984.50,10966.10,10973.50,0,
08_07_2026_14_55,10973.80,10982.80,10962.20,10966.90,0,
08_07_2026_15_00,10966.90,11004.10,10966.90,10992.90,0,
08_07_2026_15_05,10992.30,10997.50,10991.00,10993.50,0,
08_07_2026_15_10,10993.80,10999.20,10987.00,10997.20,0,
08_07_2026_15_15,10997.30,11013.40,10996.90,11005.60,0,
08_07_2026_15_20,11006.10,11010.80,11003.20,11008.80,0,
08_07_2026_15_25,11008.80,11010.50,10989.20,11000.50,0,
09_07_2026_09_15,11025.40,11027.50,10969.00,11004.30,0,
09_07_2026_09_20,11005.20,11044.20,11001.00,11041.80,0,
09_07_2026_09_25,11041.30,11045.80,11035.20,11042.00,0,
09_07_2026_09_30,11042.40,11050.20,11029.00,11050.00,0,
09_07_2026_09_35,11050.30,11065.20,11037.00,11061.80,0,
09_07_2026_09_40,11062.90,11065.00,11048.00,11064.20,0,
09_07_2026_09_45,11064.50,11079.70,11058.10,11065.70,0,
09_07_2026_09_50,11066.10,11074.40,11060.20,11072.00,0,
09_07_2026_09_55,11072.10,11076.50,11065.90,11073.50,0,
09_07_2026_10_00,11074.00,11089.20,11070.70,11083.80,0,
09_07_2026_10_05,11083.30,11094.70,11082.00,11087.40,0,
09_07_2026_10_10,11087.50,11088.00,11077.00,11077.00,0,
09_07_2026_10_15,11076.70,11078.20,11056.20,11058.40,0,
09_07_2026_10_20,11057.80,11076.00,11057.80,11071.30,0,
09_07_2026_10_25,11071.60,11073.00,11064.20,11066.50,0,
09_07_2026_10_30,11066.20,11071.70,11061.20,11063.50,0,
09_07_2026_10_35,11063.30,11069.40,11054.40,11069.40,0,
09_07_2026_10_40,11070.20,11109.10,11067.50,11085.40,0,
09_07_2026_10_45,11084.80,11085.30,11060.00,11063.90,0,
09_07_2026_10_50,11063.80,11073.30,11057.70,11066.20,0,
09_07_2026_10_55,11066.20,11068.00,11045.70,11045.70,0,
09_07_2026_11_00,11046.70,11048.90,11034.10,11045.70,0,
09_07_2026_11_05,11046.30,11047.80,11042.00,11044.80,0,
09_07_2026_11_10,11044.80,11045.00,11037.80,11039.80,0,
09_07_2026_11_15,11039.80,11042.30,11031.10,11041.00,0,
09_07_2026_11_20,11040.60,11060.10,11039.70,11057.50,0,
09_07_2026_11_25,11056.30,11081.20,11052.80,11075.40,0,
09_07_2026_11_30,11075.70,11080.70,11065.30,11068.20,0,
09_07_2026_11_35,11067.90,11069.20,11057.00,11064.80,0,
09_07_2026_11_40,11064.70,11069.50,11059.60,11060.60,0,
09_07_2026_11_45,11060.50,11066.20,11053.50,11060.20,0,
09_07_2026_11_50,11060.70,11069.70,11057.50,11067.30,0,
09_07_2026_11_55,11067.20,11076.20,11065.80,11070.50,0,
09_07_2026_12_00,11070.90,11082.00,11068.30,11079.80,0,
09_07_2026_12_05,11079.80,11090.60,11073.50,11086.50,0,
09_07_2026_12_10,11086.50,11091.30,11072.90,11075.10,0,
09_07_2026_12_15,11075.60,11080.20,11071.00,11072.20,0,
09_07_2026_12_20,11073.30,11083.40,11069.20,11080.00,0,
09_07_2026_12_25,11080.10,11083.40,11076.20,11080.00,0,
09_07_2026_12_30,11078.80,11082.50,11073.20,11073.50,0,
09_07_2026_12_35,11073.60,11074.80,11065.20,11066.50,0,
09_07_2026_12_40,11067.60,11068.80,11052.10,11055.00,0,
09_07_2026_12_45,11055.20,11066.30,11054.20,11064.10,0,
09_07_2026_12_50,11064.00,11069.10,11060.50,11066.30,0,
09_07_2026_12_55,11066.30,11069.10,11062.40,11065.50,0,
09_07_2026_13_00,11064.60,11066.00,11058.70,11061.70,0,
09_07_2026_13_05,11062.40,11067.20,11052.70,11066.00,0,
09_07_2026_13_10,11065.90,11069.70,11062.70,11067.50,0,
09_07_2026_13_15,11067.50,11070.00,11062.80,11067.70,0,
09_07_2026_13_20,11067.50,11072.70,11061.80,11065.50,0,
09_07_2026_13_25,11066.40,11069.00,11057.70,11064.80,0,
09_07_2026_13_30,11064.80,11082.50,11062.30,11080.50,0,
09_07_2026_13_35,11078.30,11086.50,11076.30,11080.60,0,
09_07_2026_13_40,11079.50,11081.40,11071.60,11075.50,0,
09_07_2026_13_45,11075.50,11077.50,11068.00,11070.20,0,
09_07_2026_13_50,11069.80,11071.20,11064.80,11068.00,0,
09_07_2026_13_55,11069.00,11073.90,11063.30,11063.40,0,
09_07_2026_14_00,11064.20,11069.00,11059.80,11062.00,0,
09_07_2026_14_05,11062.50,11067.20,11058.20,11058.70,0,
09_07_2026_14_10,11058.70,11066.00,11052.50,11063.70,0,
09_07_2026_14_15,11064.00,11072.50,11060.20,11062.50,0,
09_07_2026_14_20,11062.20,11066.40,11057.40,11065.80,0,
09_07_2026_14_25,11065.50,11067.70,11060.80,11064.60,0,
09_07_2026_14_30,11065.20,11068.50,11056.80,11065.50,0,
09_07_2026_14_35,11065.40,11066.50,11047.50,11050.80,0,
09_07_2026_14_40,11050.40,11053.20,11037.20,11044.70,0,
09_07_2026_14_45,11044.70,11045.80,11038.00,11041.30,0,
09_07_2026_14_50,11041.00,11052.10,11040.30,11050.10,0,
09_07_2026_14_55,11050.10,11053.00,11045.30,11047.00,0,
09_07_2026_15_00,11047.20,11047.50,11025.70,11030.50,0,
09_07_2026_15_05,11029.60,11033.00,11017.80,11028.00,0,
09_07_2026_15_10,11027.00,11028.20,11015.20,11025.00,0,
09_07_2026_15_15,11025.00,11033.80,11023.20,11033.80,0,
09_07_2026_15_20,11033.70,11044.50,11032.70,11040.30,0,
09_07_2026_15_25,11040.60,11057.00,11039.30,11045.30,0,
10_07_2026_09_15,11109.20,11137.70,11094.50,11126.60,0,
10_07_2026_09_20,11126.50,11163.20,11126.00,11162.70,0,
10_07_2026_09_25,11162.00,11176.00,11146.20,11154.70,0,
10_07_2026_09_30,11155.20,11160.80,11137.80,11155.80,0,
10_07_2026_09_35,11154.20,11160.80,11147.80,11154.50,0,
10_07_2026_09_40,11153.20,11176.30,11153.20,11167.70,0,
10_07_2026_09_45,11168.00,11181.50,11166.20,11181.00,0,
10_07_2026_09_50,11181.60,11195.50,11180.30,11192.00,0,
10_07_2026_09_55,11193.50,11199.90,11190.00,11192.50,0,
10_07_2026_10_00,11193.30,11201.30,11185.10,11186.00,0,
10_07_2026_10_05,11186.50,11188.50,11177.30,11180.80,0,
10_07_2026_10_10,11180.80,11185.20,11180.50,11182.20,0,
10_07_2026_10_15,11182.80,11184.90,11177.20,11182.60,0,
10_07_2026_10_20,11182.30,11183.80,11178.20,11182.30,0,
10_07_2026_10_25,11182.10,11187.00,11179.50,11179.50,0,
10_07_2026_10_30,11179.80,11180.00,11162.80,11166.30,0,
10_07_2026_10_35,11166.80,11178.20,11166.20,11177.00,0,
10_07_2026_10_40,11177.30,11177.90,11170.30,11172.50,0,
10_07_2026_10_45,11172.20,11174.20,11167.70,11171.70,0,
10_07_2026_10_50,11171.80,11173.70,11168.50,11171.00,0,
10_07_2026_10_55,11170.80,11177.50,11168.30,11177.30,0,
10_07_2026_11_00,11177.80,11183.20,11170.20,11170.40,0,
10_07_2026_11_05,11170.20,11176.50,11167.80,11176.00,0,
10_07_2026_11_10,11176.00,11176.80,11167.50,11171.70,0,
10_07_2026_11_15,11171.80,11172.20,11167.50,11170.00,0,
10_07_2026_11_20,11170.30,11171.70,11162.30,11168.50,0,
10_07_2026_11_25,11168.80,11169.20,11159.50,11160.10,0,
10_07_2026_11_30,11161.00,11164.80,11158.50,11159.20,0,
10_07_2026_11_35,11159.00,11161.40,11154.00,11156.50,0,
10_07_2026_11_40,11156.10,11161.80,11156.00,11158.30,0,
10_07_2026_11_45,11159.20,11167.00,11157.60,11165.70,0,
10_07_2026_11_50,11165.70,11167.00,11157.80,11164.40,0,
10_07_2026_11_55,11165.20,11169.00,11161.20,11166.50,0,
10_07_2026_12_00,11167.00,11169.30,11160.50,11164.80,0,
10_07_2026_12_05,11165.00,11167.40,11162.60,11167.00,0,
10_07_2026_12_10,11167.60,11169.00,11161.00,11161.50,0,
10_07_2026_12_15,11161.40,11166.70,11160.40,11165.80,0,
10_07_2026_12_20,11165.80,11168.50,11159.70,11166.20,0,
10_07_2026_12_25,11166.70,11174.00,11165.50,11172.80,0,
10_07_2026_12_30,11173.20,11176.20,11170.00,11175.30,0,
10_07_2026_12_35,11175.90,11177.00,11171.20,11172.00,0,
10_07_2026_12_40,11171.50,11175.60,11170.80,11174.30,0,
10_07_2026_12_45,11176.00,11186.30,11176.00,11184.20,0,
10_07_2026_12_50,11185.80,11186.20,11174.80,11176.40,0,
10_07_2026_12_55,11176.50,11176.80,11162.40,11164.70,0,
10_07_2026_13_00,11164.60,11167.30,11159.50,11165.70,0,
10_07_2026_13_05,11165.70,11168.40,11161.30,11162.50,0,
10_07_2026_13_10,11162.70,11162.70,11157.80,11161.00,0,
10_07_2026_13_15,11161.00,11162.30,11153.70,11153.90,0,
10_07_2026_13_20,11154.10,11154.50,11148.30,11153.50,0,
10_07_2026_13_25,11153.50,11160.10,11150.80,11158.80,0,
10_07_2026_13_30,11158.80,11165.80,11156.30,11165.20,0,
10_07_2026_13_35,11165.50,11174.00,11164.60,11169.70,0,
10_07_2026_13_40,11170.00,11173.70,11167.80,11173.10,0,
10_07_2026_13_45,11173.30,11175.30,11165.90,11167.30,0,
10_07_2026_13_50,11167.30,11176.00,11166.80,11174.00,0,
10_07_2026_13_55,11174.90,11175.80,11167.90,11168.30,0,
10_07_2026_14_00,11169.30,11173.70,11167.80,11172.10,0,
10_07_2026_14_05,11171.90,11173.00,11163.30,11163.30,0,
10_07_2026_14_10,11163.90,11175.00,11162.70,11174.00,0,
10_07_2026_14_15,11174.40,11179.00,11173.20,11175.80,0,
10_07_2026_14_20,11175.80,11188.10,11175.20,11187.00,0,
10_07_2026_14_25,11187.60,11195.00,11186.60,11191.00,0,
10_07_2026_14_30,11191.20,11193.90,11186.30,11186.30,0,
10_07_2026_14_35,11188.00,11188.30,11184.00,11185.20,0,
10_07_2026_14_40,11185.20,11191.00,11184.20,11189.10,0,
10_07_2026_14_45,11190.20,11194.10,11188.70,11193.50,0,
10_07_2026_14_50,11193.20,11193.60,11181.80,11181.80,0,
10_07_2026_14_55,11182.80,11183.80,11174.50,11177.00,0,
10_07_2026_15_00,11177.00,11184.80,11171.40,11177.60,0,
10_07_2026_15_05,11177.80,11177.80,11167.40,11171.20,0,
10_07_2026_15_10,11170.60,11172.50,11168.00,11171.50,0,
10_07_2026_15_15,11170.30,11179.30,11169.30,11179.30,0,
10_07_2026_15_20,11178.50,11188.90,11178.50,11185.70,0,
10_07_2026_15_25,11186.30,11188.30,11179.60,11183.00,0,
13_07_2026_09_15,11108.10,11121.00,11085.80,11109.20,0,
13_07_2026_09_20,11108.80,11144.30,11107.40,11142.00,0,
13_07_2026_09_25,11141.90,11157.30,11135.50,11155.50,0,
13_07_2026_09_30,11157.20,11157.50,11138.40,11140.50,0,
13_07_2026_09_35,11141.20,11152.70,11136.90,11143.90,0,
13_07_2026_09_40,11143.70,11149.90,11140.20,11145.50,0,
13_07_2026_09_45,11144.50,11148.50,11137.50,11147.50,0,
13_07_2026_09_50,11147.50,11157.50,11143.20,11152.80,0,
13_07_2026_09_55,11153.00,11163.80,11149.20,11159.60,0,
13_07_2026_10_00,11159.70,11165.20,11155.60,11156.20,0,
13_07_2026_10_05,11157.50,11157.50,11139.00,11148.60,0,
13_07_2026_10_10,11149.20,11153.30,11143.50,11144.70,0,
13_07_2026_10_15,11144.80,11152.00,11136.80,11141.60,0,
13_07_2026_10_20,11142.90,11147.80,11138.20,11143.50,0,
13_07_2026_10_25,11143.50,11150.20,11139.80,11147.00,0,
13_07_2026_10_30,11147.90,11150.00,11141.40,11144.00,0,
13_07_2026_10_35,11144.00,11146.20,11136.20,11137.00,0,
13_07_2026_10_40,11137.80,11141.20,11136.70,11139.80,0,
13_07_2026_10_45,11139.80,11141.40,11133.80,11134.00,0,
13_07_2026_10_50,11135.10,11136.00,11121.80,11128.50,0,
13_07_2026_10_55,11128.80,11134.30,11127.70,11128.80,0,
13_07_2026_11_00,11129.00,11136.40,11127.50,11132.80,0,
13_07_2026_11_05,11133.20,11139.60,11132.80,11135.20,0,
13_07_2026_11_10,11134.00,11138.90,11129.50,11129.50,0,
13_07_2026_11_15,11130.70,11134.80,11128.80,11133.30,0,
13_07_2026_11_20,11135.50,11145.10,11133.80,11138.50,0,
13_07_2026_11_25,11138.30,11138.30,11127.60,11130.00,0,
13_07_2026_11_30,11129.70,11134.60,11128.50,11130.60,0,
13_07_2026_11_35,11130.90,11133.70,11124.70,11131.50,0,
13_07_2026_11_40,11131.20,11135.20,11122.60,11123.20,0,
13_07_2026_11_45,11123.80,11129.60,11119.30,11119.30,0,
13_07_2026_11_50,11119.80,11121.90,11115.60,11116.00,0,
13_07_2026_11_55,11115.80,11117.40,11112.40,11115.50,0,
13_07_2026_12_00,11116.00,11125.30,11114.50,11121.40,0,
13_07_2026_12_05,11121.50,11123.50,11119.10,11120.10,0,
13_07_2026_12_10,11120.20,11132.70,11115.70,11128.30,0,
13_07_2026_12_15,11128.20,11131.20,11124.80,11128.50,0,
13_07_2026_12_20,11128.90,11131.00,11120.50,11121.50,0,
13_07_2026_12_25,11122.00,11128.30,11121.80,11125.30,0,
13_07_2026_12_30,11124.50,11129.70,11118.70,11129.30,0,
13_07_2026_12_35,11128.00,11132.90,11124.70,11131.00,0,
13_07_2026_12_40,11131.20,11137.60,11131.20,11135.80,0,
13_07_2026_12_45,11135.80,11146.50,11134.50,11145.70,0,
13_07_2026_12_50,11145.00,11158.80,11142.80,11149.20,0,
13_07_2026_12_55,11148.80,11151.20,11144.20,11146.20,0,
13_07_2026_13_00,11146.30,11147.70,11141.50,11144.30,0,
13_07_2026_13_05,11143.50,11148.10,11143.50,11145.20,0,
13_07_2026_13_10,11145.80,11148.20,11143.50,11145.70,0,
13_07_2026_13_15,11144.80,11150.40,11143.00,11149.30,0,
13_07_2026_13_20,11149.00,11150.50,11144.80,11145.30,0,
13_07_2026_13_25,11145.00,11147.00,11132.00,11132.00,0,
13_07_2026_13_30,11133.00,11140.50,11132.60,11137.90,0,
13_07_2026_13_35,11137.70,11146.20,11136.90,11144.00,0,
13_07_2026_13_40,11143.30,11150.80,11142.70,11147.00,0,
13_07_2026_13_45,11145.80,11152.50,11145.20,11152.20,0,
13_07_2026_13_50,11152.00,11155.30,11149.50,11150.00,0,
13_07_2026_13_55,11149.70,11164.20,11148.20,11162.10,0,
13_07_2026_14_00,11162.20,11164.90,11159.50,11161.00,0,
13_07_2026_14_05,11160.80,11169.70,11159.40,11165.20,0,
13_07_2026_14_10,11165.70,11174.80,11165.00,11172.00,0,
13_07_2026_14_15,11172.00,11177.80,11167.80,11171.30,0,
13_07_2026_14_20,11171.70,11178.20,11169.70,11174.50,0,
13_07_2026_14_25,11175.00,11180.30,11171.20,11178.70,0,
13_07_2026_14_30,11178.70,11188.00,11177.90,11181.10,0,
13_07_2026_14_35,11181.00,11182.00,11168.30,11171.50,0,
13_07_2026_14_40,11170.10,11181.70,11170.10,11179.60,0,
13_07_2026_14_45,11179.70,11185.00,11178.90,11183.00,0,
13_07_2026_14_50,11183.00,11190.50,11182.80,11188.00,0,
13_07_2026_14_55,11188.00,11190.60,11180.20,11189.20,0,
13_07_2026_15_00,11189.70,11192.50,11179.60,11183.70,0,
13_07_2026_15_05,11183.60,11187.20,11176.80,11178.00,0,
13_07_2026_15_10,11178.30,11178.70,11173.70,11173.70,0,
13_07_2026_15_15,11173.20,11179.00,11171.80,11175.00,0,
13_07_2026_15_20,11176.10,11177.50,11171.80,11172.70,0,
13_07_2026_15_25,11173.30,11174.00,11167.30,11172.10,0,
14_07_2026_09_15,11135.70,11149.50,11116.00,11138.50,0,
14_07_2026_09_20,11137.80,11142.60,11131.70,11136.50,0,
14_07_2026_09_25,11136.60,11141.50,11125.80,11131.50,0,
14_07_2026_09_30,11131.40,11135.70,11124.00,11129.50,0,
14_07_2026_09_35,11129.60,11153.30,11124.30,11136.00,0,
14_07_2026_09_40,11136.80,11136.80,11123.90,11132.70,0,
14_07_2026_09_45,11132.30,11132.80,11118.80,11124.80,0,
14_07_2026_09_50,11125.00,11126.40,11112.70,11113.80,0,
14_07_2026_09_55,11112.90,11135.20,11111.80,11131.20,0,
14_07_2026_10_00,11131.00,11141.50,11126.50,11137.70,0,
14_07_2026_10_05,11138.30,11140.20,11130.80,11137.10,0,
14_07_2026_10_10,11137.70,11139.60,11129.60,11134.00,0,
14_07_2026_10_15,11134.00,11135.80,11114.00,11122.80,0,
14_07_2026_10_20,11122.80,11130.70,11120.40,11124.90,0,
14_07_2026_10_25,11124.80,11128.30,11115.20,11116.90,0,
14_07_2026_10_30,11117.80,11128.80,11114.80,11126.00,0,
14_07_2026_10_35,11126.70,11129.20,11115.00,11127.30,0,
14_07_2026_10_40,11127.70,11134.00,11116.20,11127.20,0,
14_07_2026_10_45,11127.20,11141.30,11127.20,11141.00,0,
14_07_2026_10_50,11141.20,11145.50,11135.50,11144.00,0,
14_07_2026_10_55,11144.00,11151.30,11137.50,11150.00,0,
14_07_2026_11_00,11150.80,11155.70,11143.70,11144.70,0,
14_07_2026_11_05,11145.00,11154.70,11142.50,11148.40,0,
14_07_2026_11_10,11148.40,11154.20,11144.90,11153.30,0,
14_07_2026_11_15,11153.30,11158.00,11147.50,11148.80,0,
14_07_2026_11_20,11149.30,11152.40,11146.50,11150.80,0,
14_07_2026_11_25,11151.70,11152.20,11140.50,11140.80,0,
14_07_2026_11_30,11141.20,11141.20,11127.80,11128.40,0,
14_07_2026_11_35,11128.20,11130.30,11117.80,11121.00,0,
14_07_2026_11_40,11121.30,11126.80,11118.50,11123.90,0,
14_07_2026_11_45,11123.70,11131.90,11114.70,11123.80,0,
14_07_2026_11_50,11124.20,11131.80,11121.80,11122.00,0,
14_07_2026_11_55,11122.40,11126.60,11114.20,11125.40,0,
14_07_2026_12_00,11125.90,11134.70,11124.70,11131.40,0,
14_07_2026_12_05,11132.50,11132.90,11121.70,11127.20,0,
14_07_2026_12_10,11127.50,11132.40,11123.70,11126.80,0,
14_07_2026_12_15,11126.70,11126.70,11116.80,11121.10,0,
14_07_2026_12_20,11121.20,11124.00,11115.30,11117.00,0,
14_07_2026_12_25,11117.00,11117.00,11103.00,11104.50,0,
14_07_2026_12_30,11104.60,11111.10,11103.20,11110.40,0,
14_07_2026_12_35,11110.80,11115.50,11108.00,11115.00,0,
14_07_2026_12_40,11114.50,11123.80,11113.70,11122.30,0,
14_07_2026_12_45,11122.30,11129.00,11117.80,11126.40,0,
14_07_2026_12_50,11125.80,11127.70,11121.30,11122.10,0,
14_07_2026_12_55,11122.10,11124.20,11112.80,11120.60,0,
14_07_2026_13_00,11120.80,11124.30,11113.90,11123.50,0,
14_07_2026_13_05,11123.50,11131.50,11123.50,11130.50,0,
14_07_2026_13_10,11131.00,11132.90,11122.50,11123.50,0,
14_07_2026_13_15,11124.30,11130.40,11121.50,11127.70,0,
14_07_2026_13_20,11128.30,11135.90,11125.30,11129.80,0,
14_07_2026_13_25,11130.10,11134.20,11126.00,11133.00,0,
14_07_2026_13_30,11132.80,11133.10,11121.20,11123.00,0,
14_07_2026_13_35,11122.50,11123.50,11109.80,11113.20,0,
14_07_2026_13_40,11114.20,11117.50,11111.50,11115.80,0,
14_07_2026_13_45,11115.80,11121.80,11115.80,11117.00,0,
14_07_2026_13_50,11117.50,11117.50,11108.80,11108.80,0,
14_07_2026_13_55,11108.70,11111.90,11105.70,11107.80,0,
14_07_2026_14_00,11107.80,11109.90,11101.00,11105.00,0,
14_07_2026_14_05,11106.00,11106.50,11097.90,11099.10,0,
14_07_2026_14_10,11099.20,11102.70,11095.50,11100.20,0,
14_07_2026_14_15,11100.20,11108.50,11098.90,11102.00,0,
14_07_2026_14_20,11102.20,11105.30,11094.00,11096.50,0,
14_07_2026_14_25,11097.20,11097.30,11090.50,11095.20,0,
14_07_2026_14_30,11095.20,11095.90,11086.00,11090.20,0,
14_07_2026_14_35,11090.00,11092.80,11082.80,11088.00,0,
14_07_2026_14_40,11087.70,11091.30,11085.30,11087.50,0,
14_07_2026_14_45,11087.50,11088.50,11080.80,11083.80,0,
14_07_2026_14_50,11083.70,11086.50,11078.50,11080.20,0,
14_07_2026_14_55,11080.80,11093.30,11080.00,11091.80,0,
14_07_2026_15_00,11092.10,11109.00,11092.10,11107.40,0,
14_07_2026_15_05,11107.80,11114.20,11103.80,11103.80,0,
14_07_2026_15_10,11105.60,11109.20,11100.50,11104.00,0,
14_07_2026_15_15,11104.70,11106.80,11088.00,11090.20,0,
14_07_2026_15_20,11089.90,11107.80,11083.20,11105.50,0,
14_07_2026_15_25,11105.30,11111.00,11093.70,11101.20,0,
15_07_2026_09_15,11130.40,11167.50,11118.50,11141.00,0,
15_07_2026_09_20,11141.60,11184.00,11140.80,11182.00,0,
15_07_2026_09_25,11182.80,11197.20,11175.00,11177.70,0,
15_07_2026_09_30,11177.30,11191.80,11175.20,11183.80,0,
15_07_2026_09_35,11183.50,11194.10,11180.00,11187.00,0,
15_07_2026_09_40,11189.80,11194.00,11182.50,11185.20,0,
15_07_2026_09_45,11185.60,11199.30,11185.60,11195.00,0,
15_07_2026_09_50,11195.50,11199.20,11191.80,11194.50,0,
15_07_2026_09_55,11194.40,11194.50,11184.00,11184.50,0,
15_07_2026_10_00,11184.50,11193.70,11183.50,11188.50,0,
15_07_2026_10_05,11188.70,11196.60,11185.20,11190.20,0,
15_07_2026_10_10,11190.20,11199.80,11185.00,11199.30,0,
15_07_2026_10_15,11199.30,11213.50,11198.70,11211.20,0,
15_07_2026_10_20,11210.80,11213.00,11205.00,11209.00,0,
15_07_2026_10_25,11208.80,11211.70,11202.90,11205.00,0,
15_07_2026_10_30,11205.50,11211.70,11199.50,11202.30,0,
15_07_2026_10_35,11202.10,11207.70,11199.50,11202.00,0,
15_07_2026_10_40,11202.00,11209.20,11199.90,11206.80,0,
15_07_2026_10_45,11206.80,11208.50,11199.50,11207.00,0,
15_07_2026_10_50,11206.50,11216.20,11205.20,11211.60,0,
15_07_2026_10_55,11212.80,11215.30,11207.20,11213.10,0,
15_07_2026_11_00,11213.10,11213.60,11203.20,11205.90,0,
15_07_2026_11_05,11206.50,11207.90,11198.20,11206.50,0,
15_07_2026_11_10,11206.20,11208.20,11192.70,11193.80,0,
15_07_2026_11_15,11193.80,11202.30,11193.00,11198.50,0,
15_07_2026_11_20,11198.50,11199.50,11190.10,11195.40,0,
15_07_2026_11_25,11195.10,11212.20,11194.20,11205.80,0,
15_07_2026_11_30,11205.80,11214.00,11203.70,11212.50,0,
15_07_2026_11_35,11212.50,11212.80,11201.00,11202.80,0,
15_07_2026_11_40,11202.80,11206.80,11200.30,11202.90,0,
15_07_2026_11_45,11202.70,11208.50,11200.20,11204.70,0,
15_07_2026_11_50,11204.60,11214.80,11198.80,11212.20,0,
15_07_2026_11_55,11212.80,11221.90,11211.40,11212.20,0,
15_07_2026_12_00,11213.20,11215.80,11209.50,11211.50,0,
15_07_2026_12_05,11211.30,11212.80,11207.60,11208.90,0,
15_07_2026_12_10,11209.20,11209.30,11203.80,11207.00,0,
15_07_2026_12_15,11207.30,11214.50,11204.80,11213.00,0,
15_07_2026_12_20,11213.00,11213.90,11207.40,11209.70,0,
15_07_2026_12_25,11209.70,11210.20,11199.50,11200.60,0,
15_07_2026_12_30,11200.50,11200.80,11188.00,11188.70,0,
15_07_2026_12_35,11188.70,11191.00,11184.60,11184.60,0,
15_07_2026_12_40,11184.80,11193.20,11182.20,11193.10,0,
15_07_2026_12_45,11193.10,11194.50,11183.50,11184.50,0,
15_07_2026_12_50,11184.40,11188.30,11178.30,11178.70,0,
15_07_2026_12_55,11178.40,11178.80,11150.80,11163.20,0,
15_07_2026_13_00,11163.70,11187.80,11159.20,11184.50,0,
15_07_2026_13_05,11184.70,11185.90,11173.50,11175.20,0,
15_07_2026_13_10,11174.80,11177.50,11170.30,11173.60,0,
15_07_2026_13_15,11173.90,11183.00,11170.20,11183.00,0,
15_07_2026_13_20,11181.80,11196.60,11179.30,11196.60,0,
15_07_2026_13_25,11196.30,11203.70,11192.30,11202.50,0,
15_07_2026_13_30,11202.70,11204.00,11193.00,11195.40,0,
15_07_2026_13_35,11195.20,11201.50,11194.00,11198.60,0,
15_07_2026_13_40,11197.80,11198.70,11187.70,11188.60,0,
15_07_2026_13_45,11188.60,11206.30,11185.80,11203.00,0,
15_07_2026_13_50,11202.80,11204.30,11192.70,11195.70,0,
15_07_2026_13_55,11195.70,11200.80,11190.30,11200.20,0,
15_07_2026_14_00,11200.00,11203.90,11191.80,11196.90,0,
15_07_2026_14_05,11196.90,11198.50,11192.20,11192.90,0,
15_07_2026_14_10,11192.10,11193.50,11188.20,11191.00,0,
15_07_2026_14_15,11190.20,11199.50,11187.70,11198.20,0,
15_07_2026_14_20,11197.90,11201.20,11188.50,11190.20,0,
15_07_2026_14_25,11189.00,11193.40,11186.20,11192.00,0,
15_07_2026_14_30,11191.70,11193.60,11183.40,11189.40,0,
15_07_2026_14_35,11189.30,11202.10,11187.70,11199.20,0,
15_07_2026_14_40,11199.20,11200.20,11193.20,11198.20,0,
15_07_2026_14_45,11197.00,11198.70,11187.50,11190.70,0,
15_07_2026_14_50,11190.20,11193.80,11185.10,11188.60,0,
15_07_2026_14_55,11189.40,11191.50,11181.10,11181.50,0,
15_07_2026_15_00,11182.10,11191.00,11181.20,11183.60,0,
15_07_2026_15_05,11184.10,11185.80,11174.90,11175.90,0,
15_07_2026_15_10,11176.10,11177.00,11173.80,11176.00,0,
15_07_2026_15_15,11176.60,11179.00,11168.50,11175.80,0,
15_07_2026_15_20,11176.10,11186.50,11175.50,11184.10,0,
15_07_2026_15_25,11184.30,11187.30,11171.50,11176.90,0,
16_07_2026_09_15,11201.60,11214.00,11178.20,11206.40,0,
16_07_2026_09_20,11206.70,11223.80,11202.20,11208.50,0,
16_07_2026_09_25,11209.30,11216.10,11190.50,11204.50,0,
16_07_2026_09_30,11204.80,11234.80,11204.80,11232.80,0,
16_07_2026_09_35,11233.00,11256.50,11232.10,11250.90,0,
16_07_2026_09_40,11251.00,11287.80,11246.80,11273.30,0,
16_07_2026_09_45,11273.80,11278.20,11259.70,11266.20,0,
16_07_2026_09_50,11266.50,11272.80,11259.80,11269.60,0,
16_07_2026_09_55,11269.50,11278.10,11262.00,11262.00,0,
16_07_2026_10_00,11262.50,11264.30,11249.20,11257.50,0,
16_07_2026_10_05,11254.30,11261.70,11248.70,11258.30,0,
16_07_2026_10_10,11258.60,11266.20,11253.20,11263.30,0,
16_07_2026_10_15,11263.60,11298.20,11262.80,11281.70,0,
16_07_2026_10_20,11281.30,11284.80,11271.50,11273.20,0,
16_07_2026_10_25,11273.30,11275.30,11267.30,11273.10,0,
16_07_2026_10_30,11272.70,11277.80,11268.20,11269.60,0,
16_07_2026_10_35,11269.60,11271.30,11256.80,11259.50,0,
16_07_2026_10_40,11259.80,11262.10,11255.10,11260.50,0,
16_07_2026_10_45,11260.70,11263.70,11256.20,11263.50,0,
16_07_2026_10_50,11262.90,11269.20,11257.20,11258.80,0,
16_07_2026_10_55,11259.00,11262.20,11247.80,11252.60,0,
16_07_2026_11_00,11252.80,11261.80,11252.00,11256.70,0,
16_07_2026_11_05,11257.00,11268.30,11255.30,11267.70,0,
16_07_2026_11_10,11268.20,11270.20,11260.20,11260.20,0,
16_07_2026_11_15,11260.80,11264.00,11256.20,11257.50,0,
16_07_2026_11_20,11257.60,11260.30,11249.20,11251.70,0,
16_07_2026_11_25,11251.80,11258.60,11251.10,11256.30,0,
16_07_2026_11_30,11256.60,11258.80,11254.80,11256.00,0,
16_07_2026_11_35,11256.30,11260.40,11252.80,11254.20,0,
16_07_2026_11_40,11254.60,11254.70,11238.60,11241.30,0,
16_07_2026_11_45,11241.30,11246.80,11240.60,11242.00,0,
16_07_2026_11_50,11242.10,11242.50,11228.90,11230.20,0,
16_07_2026_11_55,11230.10,11243.00,11228.50,11237.00,0,
16_07_2026_12_00,11237.10,11238.00,11232.60,11234.70,0,
16_07_2026_12_05,11234.30,11236.20,11232.00,11234.10,0,
16_07_2026_12_10,11234.80,11242.30,11231.80,11236.50,0,
16_07_2026_12_15,11237.10,11242.70,11235.40,11236.50,0,
16_07_2026_12_20,11237.20,11237.20,11227.80,11230.90,0,
16_07_2026_12_25,11232.10,11239.90,11230.80,11237.50,0,
16_07_2026_12_30,11237.30,11239.50,11231.60,11237.90,0,
16_07_2026_12_35,11237.90,11239.50,11234.00,11238.20,0,
16_07_2026_12_40,11238.80,11243.50,11231.30,11233.20,0,
16_07_2026_12_45,11233.20,11239.00,11232.00,11235.40,0,
16_07_2026_12_50,11235.40,11236.00,11226.70,11231.00,0,
16_07_2026_12_55,11231.00,11231.00,11222.00,11225.70,0,
16_07_2026_13_00,11225.80,11226.70,11221.50,11223.40,0,
16_07_2026_13_05,11224.50,11229.10,11221.80,11223.30,0,
16_07_2026_13_10,11224.30,11224.80,11219.20,11221.80,0,
16_07_2026_13_15,11222.20,11222.30,11215.60,11217.70,0,
16_07_2026_13_20,11218.60,11225.20,11216.40,11218.00,0,
16_07_2026_13_25,11217.40,11218.70,11213.20,11213.60,0,
16_07_2026_13_30,11215.00,11215.10,11205.50,11206.20,0,
16_07_2026_13_35,11205.90,11209.90,11200.20,11200.80,0,
16_07_2026_13_40,11201.20,11201.60,11193.60,11195.80,0,
16_07_2026_13_45,11195.90,11203.00,11194.10,11202.70,0,
16_07_2026_13_50,11202.30,11209.20,11202.00,11209.00,0,
16_07_2026_13_55,11208.90,11217.80,11208.20,11213.70,0,
16_07_2026_14_00,11214.20,11214.80,11206.70,11208.90,0,
16_07_2026_14_05,11210.20,11215.60,11208.30,11209.40,0,
16_07_2026_14_10,11209.80,11215.70,11207.50,11211.80,0,
16_07_2026_14_15,11211.70,11215.00,11210.00,11212.20,0,
16_07_2026_14_20,11212.00,11212.10,11204.30,11208.90,0,
16_07_2026_14_25,11209.00,11210.80,11204.80,11206.20,0,
16_07_2026_14_30,11207.00,11207.90,11199.40,11202.90,0,
16_07_2026_14_35,11203.30,11208.80,11198.00,11208.80,0,
16_07_2026_14_40,11209.00,11211.70,11204.20,11208.10,0,
16_07_2026_14_45,11209.50,11209.50,11204.80,11205.20,0,
16_07_2026_14_50,11205.70,11206.00,11196.20,11201.50,0,
16_07_2026_14_55,11202.60,11214.80,11201.00,11209.00,0,
16_07_2026_15_00,11209.70,11212.80,11183.70,11183.80,0,
16_07_2026_15_05,11184.00,11195.20,11183.20,11189.90,0,
16_07_2026_15_10,11189.00,11195.80,11186.60,11194.30,0,
16_07_2026_15_15,11194.50,11195.20,11180.20,11184.80,0,
16_07_2026_15_20,11184.60,11187.10,11174.20,11177.20,0,
16_07_2026_15_25,11176.80,11203.50,11172.40,11203.50,0,
17_07_2026_09_15,11204.40,11206.80,11155.50,11198.70,0,
17_07_2026_09_20,11198.80,11219.00,11196.70,11209.70,0,
17_07_2026_09_25,11209.20,11227.00,11204.20,11222.90,0,
17_07_2026_09_30,11222.50,11233.70,11219.70,11221.20,0,
17_07_2026_09_35,11221.50,11238.90,11220.50,11238.90,0,
17_07_2026_09_40,11237.60,11263.20,11235.70,11251.00,0,
17_07_2026_09_45,11251.80,11276.20,11247.80,11271.50,0,
17_07_2026_09_50,11272.00,11285.70,11267.70,11278.50,0,
17_07_2026_09_55,11278.30,11284.50,11270.80,11278.50,0,
17_07_2026_10_00,11279.40,11283.50,11268.80,11270.00,0,
17_07_2026_10_05,11271.10,11272.80,11259.10,11269.00,0,
17_07_2026_10_10,11269.00,11269.20,11258.90,11260.20,0,
17_07_2026_10_15,11260.90,11268.10,11251.50,11267.40,0,
17_07_2026_10_20,11266.90,11267.30,11253.40,11256.80,0,
17_07_2026_10_25,11255.70,11262.50,11253.50,11262.20,0,
17_07_2026_10_30,11261.20,11265.90,11257.90,11261.50,0,
17_07_2026_10_35,11260.20,11262.00,11252.20,11254.80,0,
17_07_2026_10_40,11254.80,11257.00,11248.70,11254.10,0,
17_07_2026_10_45,11254.00,11263.50,11250.60,11251.20,0,
17_07_2026_10_50,11251.50,11253.60,11239.00,11242.20,0,
17_07_2026_10_55,11242.30,11247.30,11235.40,11246.00,0,
17_07_2026_11_00,11245.80,11250.80,11241.70,11242.00,0,
17_07_2026_11_05,11244.60,11247.50,11238.20,11240.80,0,
17_07_2026_11_10,11240.80,11242.50,11226.30,11231.20,0,
17_07_2026_11_15,11231.20,11236.80,11230.00,11235.20,0,
17_07_2026_11_20,11237.00,11242.30,11230.50,11235.90,0,
17_07_2026_11_25,11236.20,11236.70,11229.40,11231.70,0,
17_07_2026_11_30,11230.80,11236.20,11225.80,11227.80,0,
17_07_2026_11_35,11228.30,11237.70,11223.90,11231.80,0,
17_07_2026_11_40,11231.50,11238.70,11229.40,11237.00,0,
17_07_2026_11_45,11237.20,11242.50,11236.50,11237.70,0,
17_07_2026_11_50,11238.20,11241.70,11234.80,11239.90,0,
17_07_2026_11_55,11238.80,11243.10,11234.50,11235.50,0,
17_07_2026_12_00,11236.00,11249.20,11234.50,11247.50,0,
17_07_2026_12_05,11246.70,11250.20,11240.90,11246.90,0,
17_07_2026_12_10,11247.50,11248.00,11241.50,11242.80,0,
17_07_2026_12_15,11243.20,11245.70,11239.50,11243.40,0,
17_07_2026_12_20,11242.80,11247.00,11240.30,11241.30,0,
17_07_2026_12_25,11243.80,11247.30,11240.90,11244.30,0,
17_07_2026_12_30,11244.90,11247.50,11239.90,11246.50,0,
17_07_2026_12_35,11246.30,11253.40,11245.70,11250.90,0,
17_07_2026_12_40,11251.20,11253.90,11244.80,11252.00,0,
17_07_2026_12_45,11252.80,11262.30,11248.90,11260.70,0,
17_07_2026_12_50,11261.00,11264.80,11255.00,11263.50,0,
17_07_2026_12_55,11263.20,11267.10,11262.00,11264.80,0,
17_07_2026_13_00,11264.80,11268.50,11262.80,11267.50,0,
17_07_2026_13_05,11267.80,11270.80,11265.00,11269.10,0,
17_07_2026_13_10,11269.30,11270.40,11264.50,11268.00,0,
17_07_2026_13_15,11267.00,11267.70,11259.30,11260.00,0,
17_07_2026_13_20,11261.00,11264.50,11258.00,11259.80,0,
17_07_2026_13_25,11259.40,11264.00,11258.70,11261.00,0,
17_07_2026_13_30,11260.80,11266.80,11260.80,11264.20,0,
17_07_2026_13_35,11263.50,11274.30,11263.10,11269.70,0,
17_07_2026_13_40,11268.00,11269.80,11258.70,11262.20,0,
17_07_2026_13_45,11262.20,11265.60,11258.20,11261.00,0,
17_07_2026_13_50,11261.80,11262.00,11249.70,11255.40,0,
17_07_2026_13_55,11256.40,11260.00,11252.30,11254.50,0,
17_07_2026_14_00,11256.50,11260.10,11252.30,11259.00,0,
17_07_2026_14_05,11259.80,11266.80,11257.00,11260.20,0,
17_07_2026_14_10,11260.70,11266.40,11258.60,11264.40,0,
17_07_2026_14_15,11265.50,11283.50,11264.20,11271.40,0,
17_07_2026_14_20,11271.00,11279.20,11270.80,11277.00,0,
17_07_2026_14_25,11276.80,11288.80,11272.80,11274.50,0,
17_07_2026_14_30,11272.90,11284.70,11272.90,11283.30,0,
17_07_2026_14_35,11283.30,11284.20,11271.90,11273.90,0,
17_07_2026_14_40,11272.70,11282.00,11271.50,11280.90,0,
17_07_2026_14_45,11281.20,11286.50,11278.20,11282.90,0,
17_07_2026_14_50,11283.20,11288.50,11278.70,11281.20,0,
17_07_2026_14_55,11281.90,11284.00,11274.60,11277.00,0,
17_07_2026_15_00,11278.70,11285.00,11277.70,11282.00,0,
17_07_2026_15_05,11282.30,11290.30,11279.50,11288.00,0,
17_07_2026_15_10,11287.50,11297.20,11287.20,11294.30,0,
17_07_2026_15_15,11292.70,11301.00,11289.80,11297.60,0,
17_07_2026_15_20,11298.20,11306.70,11294.00,11302.80,0,
17_07_2026_15_25,11303.20,11311.00,11298.70,11304.80,0,
20_07_2026_09_15,11246.30,11377.40,11236.80,11317.20,0,
20_07_2026_09_20,11318.50,11356.30,11304.00,11347.80,0,
20_07_2026_09_25,11348.80,11391.10,11345.30,11380.20,0,
20_07_2026_09_30,11377.20,11379.00,11345.00,11361.40,0,
20_07_2026_09_35,11361.00,11367.20,11352.50,11361.30,0,
20_07_2026_09_40,11360.80,11374.20,11358.10,11369.00,0,
20_07_2026_09_45,11368.90,11382.50,11352.00,11355.20,0,
20_07_2026_09_50,11355.90,11359.40,11343.70,11351.30,0,
20_07_2026_09_55,11350.50,11364.50,11349.00,11357.60,0,
20_07_2026_10_00,11359.30,11372.70,11357.30,11362.20,0,
20_07_2026_10_05,11362.50,11373.60,11358.20,11373.60,0,
20_07_2026_10_10,11372.70,11380.50,11359.30,11362.50,0,
20_07_2026_10_15,11362.20,11365.30,11343.50,11345.90,0,
20_07_2026_10_20,11345.60,11346.10,11332.90,11337.50,0,
20_07_2026_10_25,11336.90,11338.50,11327.20,11338.10,0,
20_07_2026_10_30,11338.50,11346.40,11323.80,11324.00,0,
20_07_2026_10_35,11323.80,11323.80,11315.20,11317.60,0,
20_07_2026_10_40,11317.80,11327.50,11317.60,11323.00,0,
20_07_2026_10_45,11322.00,11332.20,11319.50,11331.00,0,
20_07_2026_10_50,11330.00,11345.20,11326.90,11344.00,0,
20_07_2026_10_55,11344.80,11354.50,11333.60,11340.80,0,
20_07_2026_11_00,11341.00,11346.60,11336.40,11343.80,0,
20_07_2026_11_05,11344.00,11353.30,11338.80,11349.50,0,
20_07_2026_11_10,11349.50,11351.50,11340.70,11348.30,0,
20_07_2026_11_15,11348.30,11354.00,11348.20,11352.50,0,
20_07_2026_11_20,11352.50,11359.80,11351.20,11354.00,0,
20_07_2026_11_25,11354.00,11360.00,11351.70,11353.40,0,
20_07_2026_11_30,11353.60,11363.20,11352.30,11357.00,0,
20_07_2026_11_35,11357.10,11365.50,11351.50,11363.50,0,
20_07_2026_11_40,11363.20,11366.40,11353.50,11355.20,0,
20_07_2026_11_45,11355.30,11359.00,11349.60,11351.10,0,
20_07_2026_11_50,11350.10,11353.40,11340.80,11340.80,0,
20_07_2026_11_55,11341.20,11351.40,11339.90,11348.20,0,
20_07_2026_12_00,11348.30,11352.20,11346.40,11349.00,0,
20_07_2026_12_05,11349.00,11357.30,11346.30,11356.20,0,
20_07_2026_12_10,11355.20,11379.50,11355.20,11374.50,0,
20_07_2026_12_15,11374.00,11378.00,11371.50,11376.80,0,
20_07_2026_12_20,11376.80,11379.70,11366.50,11367.60,0,
20_07_2026_12_25,11367.60,11372.00,11358.40,11360.30,0,
20_07_2026_12_30,11362.00,11364.90,11359.50,11362.30,0,
20_07_2026_12_35,11361.80,11363.50,11348.40,11350.00,0,
20_07_2026_12_40,11350.20,11358.20,11349.70,11354.20,0,
20_07_2026_12_45,11354.20,11359.80,11351.30,11359.50,0,
20_07_2026_12_50,11359.60,11366.70,11355.00,11362.80,0,
20_07_2026_12_55,11363.00,11373.50,11362.60,11371.90,0,
20_07_2026_13_00,11371.90,11374.00,11363.50,11365.50,0,
20_07_2026_13_05,11365.50,11369.80,11362.20,11367.00,0,
20_07_2026_13_10,11366.80,11385.50,11366.50,11384.80,0,
20_07_2026_13_15,11385.00,11387.50,11375.10,11383.70,0,
20_07_2026_13_20,11383.10,11394.70,11381.80,11392.20,0,
20_07_2026_13_25,11392.50,11402.70,11387.20,11395.70,0,
20_07_2026_13_30,11396.00,11399.70,11393.80,11396.50,0,
20_07_2026_13_35,11395.50,11408.90,11391.80,11392.70,0,
20_07_2026_13_40,11392.60,11393.50,11385.50,11385.50,0,
20_07_2026_13_45,11385.70,11392.40,11380.80,11384.30,0,
20_07_2026_13_50,11384.50,11389.70,11378.70,11382.20,0,
20_07_2026_13_55,11382.20,11401.90,11380.80,11397.00,0,
20_07_2026_14_00,11397.00,11398.20,11393.20,11396.00,0,
20_07_2026_14_05,11395.00,11396.40,11385.60,11386.00,0,
20_07_2026_14_10,11386.00,11387.50,11380.10,11381.60,0,
20_07_2026_14_15,11381.20,11387.90,11376.70,11386.00,0,
20_07_2026_14_20,11386.20,11386.80,11381.80,11383.60,0,
20_07_2026_14_25,11384.20,11385.30,11378.80,11380.70,0,
20_07_2026_14_30,11380.50,11382.00,11372.20,11375.30,0,
20_07_2026_14_35,11375.30,11378.30,11367.50,11368.00,0,
20_07_2026_14_40,11368.90,11376.80,11367.20,11374.50,0,
20_07_2026_14_45,11374.50,11379.30,11371.30,11377.00,0,
20_07_2026_14_50,11377.20,11390.90,11375.80,11389.40,0,
20_07_2026_14_55,11389.20,11400.70,11387.70,11389.70,0,
20_07_2026_15_00,11391.00,11396.80,11382.80,11383.20,0,
20_07_2026_15_05,11383.50,11389.40,11377.50,11378.30,0,
20_07_2026_15_10,11378.50,11380.70,11373.30,11375.50,0,
20_07_2026_15_15,11376.00,11379.50,11361.80,11363.00,0,
20_07_2026_15_20,11363.20,11364.10,11353.30,11356.50,0,
20_07_2026_15_25,11357.20,11365.50,11353.00,11365.50,0,
21_07_2026_09_15,11372.50,11397.20,11360.70,11382.80,0,
21_07_2026_09_20,11383.50,11384.10,11366.20,11369.70,0,
21_07_2026_09_25,11369.80,11376.00,11363.80,11365.50,0,
21_07_2026_09_30,11366.00,11368.00,11355.90,11361.10,0,
21_07_2026_09_35,11361.10,11375.40,11360.20,11372.00,0,
21_07_2026_09_40,11371.80,11382.70,11370.60,11379.30,0,
21_07_2026_09_45,11380.20,11385.00,11375.50,11381.60,0,
21_07_2026_09_50,11381.50,11400.00,11376.70,11399.80,0,
21_07_2026_09_55,11399.90,11400.70,11383.80,11384.50,0,
21_07_2026_10_00,11384.50,11394.80,11384.00,11389.00,0,
21_07_2026_10_05,11389.50,11389.60,11378.50,11385.30,0,
21_07_2026_10_10,11385.80,11385.80,11380.30,11381.80,0,
21_07_2026_10_15,11382.30,11389.00,11379.60,11387.70,0,
21_07_2026_10_20,11388.00,11409.50,11385.50,11399.30,0,
21_07_2026_10_25,11399.10,11404.00,11385.70,11388.10,0,
21_07_2026_10_30,11389.10,11391.20,11382.10,11383.40,0,
21_07_2026_10_35,11383.20,11388.40,11380.80,11381.70,0,
21_07_2026_10_40,11383.00,11387.80,11379.20,11386.90,0,
21_07_2026_10_45,11386.70,11386.70,11376.90,11379.20,0,
21_07_2026_10_50,11379.50,11382.80,11375.80,11381.20,0,
21_07_2026_10_55,11381.80,11384.50,11378.60,11381.70,0,
21_07_2026_11_00,11381.80,11382.50,11377.70,11380.50,0,
21_07_2026_11_05,11380.90,11384.40,11374.00,11376.50,0,
21_07_2026_11_10,11376.40,11383.50,11375.20,11376.20,0,
21_07_2026_11_15,11376.20,11376.30,11366.20,11373.40,0,
21_07_2026_11_20,11373.10,11374.00,11364.00,11366.10,0,
21_07_2026_11_25,11365.80,11366.00,11357.20,11357.30,0,
21_07_2026_11_30,11357.50,11373.80,11357.30,11371.30,0,
21_07_2026_11_35,11371.30,11374.00,11360.20,11366.80,0,
21_07_2026_11_40,11367.00,11367.00,11359.00,11360.20,0,
21_07_2026_11_45,11361.00,11361.50,11356.10,11359.80,0,
21_07_2026_11_50,11359.90,11361.90,11355.80,11357.20,0,
21_07_2026_11_55,11358.30,11358.30,11348.50,11349.60,0,
21_07_2026_12_00,11349.70,11353.20,11346.10,11353.00,0,
21_07_2026_12_05,11353.30,11353.80,11345.50,11346.50,0,
21_07_2026_12_10,11346.70,11349.30,11331.20,11334.80,0,
21_07_2026_12_15,11334.80,11339.50,11333.00,11336.90,0,
21_07_2026_12_20,11337.50,11344.30,11335.50,11344.20,0,
21_07_2026_12_25,11344.30,11346.20,11330.60,11333.70,0,
21_07_2026_12_30,11333.50,11342.50,11332.00,11341.70,0,
21_07_2026_12_35,11342.00,11344.20,11339.70,11341.30,0,
21_07_2026_12_40,11341.40,11341.50,11334.30,11337.00,0,
21_07_2026_12_45,11336.90,11339.10,11331.00,11333.00,0,
21_07_2026_12_50,11333.50,11333.50,11325.70,11328.10,0,
21_07_2026_12_55,11328.60,11331.70,11324.20,11325.50,0,
21_07_2026_13_00,11326.00,11327.30,11313.50,11321.30,0,
21_07_2026_13_05,11321.80,11331.50,11320.50,11328.50,0,
21_07_2026_13_10,11328.50,11331.20,11321.30,11322.70,0,
21_07_2026_13_15,11322.50,11323.70,11319.80,11322.50,0,
21_07_2026_13_20,11322.90,11324.50,11320.00,11323.20,0,
21_07_2026_13_25,11322.80,11331.50,11320.60,11330.40,0,
21_07_2026_13_30,11330.50,11331.20,11323.50,11326.70,0,
21_07_2026_13_35,11326.50,11334.80,11324.50,11334.00,0,
21_07_2026_13_40,11334.00,11346.20,11332.70,11344.80,0,
21_07_2026_13_45,11345.20,11345.90,11335.70,11339.30,0,
21_07_2026_13_50,11340.00,11340.80,11333.50,11338.20,0,
21_07_2026_13_55,11338.20,11341.90,11330.50,11333.20,0,
21_07_2026_14_00,11333.00,11336.50,11330.00,11333.00,0,
21_07_2026_14_05,11333.70,11336.20,11326.80,11327.50,0,
21_07_2026_14_10,11327.50,11328.40,11322.60,11322.80,0,
21_07_2026_14_15,11323.40,11329.20,11312.40,11329.00,0,
21_07_2026_14_20,11329.00,11329.30,11319.20,11323.20,0,
21_07_2026_14_25,11324.30,11324.50,11310.80,11313.30,0,
21_07_2026_14_30,11313.50,11320.00,11311.00,11314.70,0,
21_07_2026_14_35,11315.00,11318.00,11309.50,11311.20,0,
21_07_2026_14_40,11312.50,11318.70,11311.80,11314.60,0,
21_07_2026_14_45,11314.60,11319.50,11310.50,11319.10,0,
21_07_2026_14_50,11320.00,11320.40,11312.60,11317.50,0,
21_07_2026_14_55,11318.10,11323.30,11316.00,11317.30,0,
21_07_2026_15_00,11316.40,11322.70,11314.30,11315.20,0,
21_07_2026_15_05,11314.60,11319.80,11313.10,11316.70,0,
21_07_2026_15_10,11316.50,11318.60,11310.80,11313.00,0,
21_07_2026_15_15,11314.20,11314.70,11308.20,11311.90,0,
21_07_2026_15_20,11311.00,11315.70,11308.30,11314.50,0,
21_07_2026_15_25,11313.80,11317.70,11304.30,11309.70,0,
22_07_2026_09_15,11303.70,11307.40,11262.80,11291.70,0,
22_07_2026_09_20,11291.80,11305.80,11288.00,11296.40,0,
22_07_2026_09_25,11296.20,11302.20,11272.00,11275.30,0,
22_07_2026_09_30,11275.50,11285.30,11258.80,11263.20,0,
22_07_2026_09_35,11264.20,11278.00,11256.50,11277.50,0,
22_07_2026_09_40,11278.10,11279.20,11254.20,11259.60,0,
22_07_2026_09_45,11260.30,11263.00,11255.30,11259.20,0,
22_07_2026_09_50,11259.00,11265.20,11256.80,11260.70,0,
22_07_2026_09_55,11260.20,11264.20,11254.20,11264.10,0,
22_07_2026_10_00,11264.00,11264.30,11252.30,11252.80,0,
22_07_2026_10_05,11253.50,11274.70,11252.20,11273.00,0,
22_07_2026_10_10,11274.00,11275.20,11263.20,11263.20,0,
22_07_2026_10_15,11264.30,11264.30,11252.70,11253.60,0,
22_07_2026_10_20,11253.70,11256.50,11246.00,11249.20,0,
22_07_2026_10_25,11248.90,11252.80,11239.70,11251.50,0,
22_07_2026_10_30,11252.00,11258.00,11249.50,11257.80,0,
22_07_2026_10_35,11257.80,11264.30,11253.00,11253.00,0,
22_07_2026_10_40,11253.10,11262.20,11248.70,11260.30,0,
22_07_2026_10_45,11261.00,11270.00,11254.90,11264.20,0,
22_07_2026_10_50,11264.90,11266.80,11257.20,11263.80,0,
22_07_2026_10_55,11263.80,11283.00,11256.10,11278.80,0,
22_07_2026_11_00,11279.20,11279.90,11272.20,11275.80,0,
22_07_2026_11_05,11275.30,11285.80,11273.10,11282.30,0,
22_07_2026_11_10,11282.00,11283.00,11269.40,11271.00,0,
22_07_2026_11_15,11271.10,11284.00,11267.60,11279.00,0,
22_07_2026_11_20,11278.00,11293.60,11277.00,11288.00,0,
22_07_2026_11_25,11288.00,11289.90,11277.00,11278.50,0,
22_07_2026_11_30,11278.20,11280.80,11271.00,11273.50,0,
22_07_2026_11_35,11274.20,11274.90,11266.50,11270.40,0,
22_07_2026_11_40,11269.80,11271.50,11266.30,11267.90,0,
22_07_2026_11_45,11268.80,11277.70,11268.30,11271.30,0,
22_07_2026_11_50,11271.80,11273.00,11268.40,11269.80,0,
22_07_2026_11_55,11270.50,11286.20,11268.10,11280.90,0,
22_07_2026_12_00,11281.70,11283.90,11273.80,11276.80,0,
22_07_2026_12_05,11276.80,11278.30,11267.70,11268.20,0,
22_07_2026_12_10,11268.40,11271.00,11261.80,11264.80,0,
22_07_2026_12_15,11265.30,11271.50,11262.70,11265.80,0,
22_07_2026_12_20,11265.20,11265.70,11256.50,11265.50,0,
22_07_2026_12_25,11264.90,11273.10,11261.80,11263.80,0,
22_07_2026_12_30,11263.00,11264.50,11256.60,11257.20,0,
22_07_2026_12_35,11257.00,11258.30,11252.30,11254.80,0,
22_07_2026_12_40,11254.50,11264.00,11253.30,11261.30,0,
22_07_2026_12_45,11261.70,11270.20,11258.50,11267.40,0,
22_07_2026_12_50,11267.90,11272.40,11266.00,11270.10,0,
22_07_2026_12_55,11270.70,11270.90,11261.00,11261.80,0,
22_07_2026_13_00,11260.50,11264.40,11256.00,11258.80,0,
22_07_2026_13_05,11259.20,11270.60,11258.60,11269.30,0,
22_07_2026_13_10,11269.50,11269.50,11258.80,11261.30,0,
22_07_2026_13_15,11261.70,11270.20,11259.50,11266.60,0,
22_07_2026_13_20,11268.10,11270.20,11265.80,11266.80,0,
22_07_2026_13_25,11267.80,11272.60,11265.00,11269.60,0,
22_07_2026_13_30,11269.30,11280.80,11266.30,11277.30,0,
22_07_2026_13_35,11277.70,11285.80,11275.00,11280.80,0,
22_07_2026_13_40,11280.80,11283.60,11276.80,11282.00,0,
22_07_2026_13_45,11282.30,11282.80,11273.80,11275.00,0,
22_07_2026_13_50,11275.70,11280.00,11274.40,11278.50,0,
22_07_2026_13_55,11278.10,11279.80,11275.70,11277.70,0,
22_07_2026_14_00,11278.00,11280.70,11274.20,11274.30,0,
22_07_2026_14_05,11275.00,11278.20,11273.80,11276.50,0,
22_07_2026_14_10,11276.50,11277.30,11265.60,11267.50,0,
22_07_2026_14_15,11267.20,11273.20,11265.30,11269.20,0,
22_07_2026_14_20,11269.20,11269.80,11263.00,11267.00,0,
22_07_2026_14_25,11266.50,11268.20,11260.00,11262.20,0,
22_07_2026_14_30,11261.70,11262.70,11251.70,11257.10,0,
22_07_2026_14_35,11257.50,11262.80,11253.00,11258.00,0,
22_07_2026_14_40,11256.40,11275.30,11254.70,11262.20,0,
22_07_2026_14_45,11262.90,11270.50,11256.70,11268.30,0,
22_07_2026_14_50,11268.50,11269.90,11266.00,11267.70,0,
22_07_2026_14_55,11267.40,11272.30,11265.50,11272.30,0,
22_07_2026_15_00,11274.10,11277.60,11257.20,11259.00,0,
22_07_2026_15_05,11259.00,11267.20,11258.90,11260.50,0,
22_07_2026_15_10,11261.00,11267.50,11258.00,11261.50,0,
22_07_2026_15_15,11261.60,11265.80,11243.60,11245.80,0,
22_07_2026_15_20,11245.80,11246.60,11218.60,11220.80,0,
22_07_2026_15_25,11221.50,11225.80,11194.30,11205.50,0,
23_07_2026_09_15,11174.20,11179.30,11122.10,11173.50,0,
23_07_2026_09_20,11173.80,11208.70,11165.40,11207.70,0,
23_07_2026_09_25,11208.00,11221.00,11199.20,11210.20,0,
23_07_2026_09_30,11210.70,11216.00,11201.00,11213.20,0,
23_07_2026_09_35,11212.50,11219.00,11204.80,11211.90,0,
23_07_2026_09_40,11211.70,11214.70,11197.50,11202.30,0,
23_07_2026_09_45,11201.90,11208.50,11196.70,11199.50,0,
23_07_2026_09_50,11199.50,11203.80,11195.00,11202.90,0,
23_07_2026_09_55,11203.20,11212.90,11201.00,11212.80,0,
23_07_2026_10_00,11212.20,11221.50,11209.30,11221.50,0,
23_07_2026_10_05,11221.50,11228.50,11207.70,11209.80,0,
23_07_2026_10_10,11210.50,11218.20,11207.70,11217.20,0,
23_07_2026_10_15,11218.00,11219.70,11209.40,11214.40,0,
23_07_2026_10_20,11214.80,11219.10,11210.70,11218.80,0,
23_07_2026_10_25,11218.50,11231.20,11216.80,11228.50,0,
23_07_2026_10_30,11229.20,11232.70,11214.50,11217.50,0,
23_07_2026_10_35,11218.20,11224.70,11213.20,11224.50,0,
23_07_2026_10_40,11224.40,11230.70,11223.50,11228.50,0,
23_07_2026_10_45,11228.30,11229.20,11222.50,11223.00,0,
23_07_2026_10_50,11223.50,11225.30,11217.20,11221.40,0,
23_07_2026_10_55,11221.60,11221.80,11213.60,11219.00,0,
23_07_2026_11_00,11218.80,11223.30,11214.70,11218.20,0,
23_07_2026_11_05,11218.50,11221.20,11215.70,11220.10,0,
23_07_2026_11_10,11220.30,11225.80,11217.80,11223.20,0,
23_07_2026_11_15,11223.50,11226.20,11213.70,11221.30,0,
23_07_2026_11_20,11221.50,11221.90,11208.00,11209.60,0,
23_07_2026_11_25,11209.90,11212.40,11202.80,11203.50,0,
23_07_2026_11_30,11204.10,11213.00,11202.00,11212.30,0,
23_07_2026_11_35,11212.50,11213.10,11201.10,11202.20,0,
23_07_2026_11_40,11202.20,11206.50,11201.70,11203.50,0,
23_07_2026_11_45,11204.20,11204.70,11196.50,11198.60,0,
23_07_2026_11_50,11198.60,11201.30,11185.20,11185.70,0,
23_07_2026_11_55,11185.70,11196.50,11185.50,11194.50,0,
23_07_2026_12_00,11194.80,11201.20,11191.30,11195.30,0,
23_07_2026_12_05,11195.70,11199.40,11192.00,11199.30,0,
23_07_2026_12_10,11199.40,11200.60,11189.00,11189.50,0,
23_07_2026_12_15,11189.50,11194.00,11185.30,11189.00,0,
23_07_2026_12_20,11189.00,11193.10,11184.20,11186.70,0,
23_07_2026_12_25,11186.70,11187.40,11180.80,11184.60,0,
23_07_2026_12_30,11184.60,11184.80,11174.20,11181.50,0,
23_07_2026_12_35,11180.50,11182.20,11171.80,11174.40,0,
23_07_2026_12_40,11174.70,11174.70,11160.30,11162.00,0,
23_07_2026_12_45,11162.80,11166.60,11160.50,11162.50,0,
23_07_2026_12_50,11163.00,11163.20,11155.70,11161.20,0,
23_07_2026_12_55,11160.90,11166.80,11157.20,11164.80,0,
23_07_2026_13_00,11165.20,11165.20,11155.30,11159.20,0,
23_07_2026_13_05,11159.50,11159.80,11152.50,11154.20,0,
23_07_2026_13_10,11154.00,11156.60,11144.10,11147.00,0,
23_07_2026_13_15,11146.90,11147.60,11133.00,11143.80,0,
23_07_2026_13_20,11144.20,11148.00,11139.80,11142.80,0,
23_07_2026_13_25,11143.20,11146.30,11131.00,11138.20,0,
23_07_2026_13_30,11138.20,11141.00,11133.30,11137.20,0,
23_07_2026_13_35,11137.80,11148.20,11131.00,11146.60,0,
23_07_2026_13_40,11146.80,11148.20,11137.00,11141.80,0,
23_07_2026_13_45,11143.00,11147.00,11141.00,11145.50,0,
23_07_2026_13_50,11145.80,11148.10,11140.30,11140.70,0,
23_07_2026_13_55,11141.30,11143.70,11135.40,11140.50,0,
23_07_2026_14_00,11140.80,11142.80,11134.00,11135.20,0,
23_07_2026_14_05,11134.80,11137.90,11124.30,11124.90,0,
23_07_2026_14_10,11124.50,11128.00,11121.80,11123.50,0,
23_07_2026_14_15,11122.90,11130.00,11121.30,11126.00,0,
23_07_2026_14_20,11126.00,11135.60,11124.50,11134.10,0,
23_07_2026_14_25,11134.50,11139.20,11133.50,11135.20,0,
23_07_2026_14_30,11136.00,11148.20,11129.80,11148.20,0,
23_07_2026_14_35,11147.80,11149.80,11130.20,11130.60,0,
23_07_2026_14_40,11131.60,11133.70,11122.80,11128.50,0,
23_07_2026_14_45,11128.70,11128.70,11115.20,11116.10,0,
23_07_2026_14_50,11116.60,11116.60,11106.80,11108.50,0,
23_07_2026_14_55,11108.50,11116.00,11106.50,11114.80,0,
23_07_2026_15_00,11115.00,11130.50,11110.50,11118.00,0,
23_07_2026_15_05,11118.00,11133.60,11117.00,11128.80,0,
23_07_2026_15_10,11129.10,11129.60,11119.00,11121.60,0,
23_07_2026_15_15,11122.20,11128.40,11118.80,11128.00,0,
23_07_2026_15_20,11128.20,11139.30,11125.10,11137.40,0,
23_07_2026_15_25,11137.40,11145.10,11124.20,11129.50,0,
24_07_2026_09_15,11072.00,11090.00,11030.00,11063.50,0,
24_07_2026_09_20,11062.80,11075.00,11053.50,11053.50,0,
24_07_2026_09_25,11053.80,11056.00,11027.90,11033.40,0,
24_07_2026_09_30,11033.50,11044.50,11031.20,11031.50,0,
24_07_2026_09_35,11031.70,11037.80,11027.00,11031.20,0,
24_07_2026_09_40,11031.20,11034.20,11023.40,11030.20,0,
24_07_2026_09_45,11030.50,11031.00,11005.60,11009.60,0,
24_07_2026_09_50,11009.10,11017.70,11001.60,11014.20,0,
24_07_2026_09_55,11014.70,11014.70,11005.50,11008.70,0,
24_07_2026_10_00,11008.70,11009.20,10991.50,10994.90,0,
24_07_2026_10_05,10994.80,10999.80,10990.60,10995.80,0,
24_07_2026_10_10,10995.50,10997.80,10986.70,10995.10,0,
24_07_2026_10_15,10994.60,11004.00,10991.50,10995.10,0,
24_07_2026_10_20,10994.80,10999.40,10990.90,10999.00,0,
24_07_2026_10_25,10999.00,11004.20,10996.40,10996.80,0,
24_07_2026_10_30,10996.50,11002.20,10995.60,10996.30,0,
24_07_2026_10_35,10996.50,11012.50,10994.50,11011.80,0,
24_07_2026_10_40,11011.60,11012.10,11005.40,11008.80,0,
24_07_2026_10_45,11008.50,11025.30,11008.20,11022.00,0,
24_07_2026_10_50,11022.20,11027.50,11020.20,11024.00,0,
24_07_2026_10_55,11024.20,11024.50,11013.20,11017.40,0,
24_07_2026_11_00,11017.60,11025.30,11017.60,11025.00,0,
24_07_2026_11_05,11025.00,11026.20,11015.20,11018.20,0,
24_07_2026_11_10,11018.20,11030.40,11018.00,11029.80,0,
24_07_2026_11_15,11030.30,11059.80,11028.50,11058.30,0,
24_07_2026_11_20,11058.50,11082.20,11058.50,11074.50,0,
24_07_2026_11_25,11074.70,11082.40,11067.20,11068.20,0,
24_07_2026_11_30,11068.70,11069.20,11059.30,11063.00,0,
24_07_2026_11_35,11064.30,11076.00,11063.40,11074.20,0,
24_07_2026_11_40,11074.30,11091.60,11072.60,11089.20,0,
24_07_2026_11_45,11089.50,11098.80,11089.00,11098.00,0,
24_07_2026_11_50,11097.70,11101.20,11093.80,11093.80,0,
24_07_2026_11_55,11093.00,11094.70,11087.50,11090.00,0,
24_07_2026_12_00,11090.30,11090.80,11080.80,11085.30,0,
24_07_2026_12_05,11085.00,11091.80,11080.70,11082.70,0,
24_07_2026_12_10,11081.80,11085.80,11075.80,11079.30,0,
24_07_2026_12_15,11079.30,11088.20,11076.20,11082.70,0,
24_07_2026_12_20,11083.00,11091.00,11082.00,11090.20,0,
24_07_2026_12_25,11090.60,11105.00,11089.50,11102.50,0,
24_07_2026_12_30,11102.40,11104.50,11097.80,11099.60,0,
24_07_2026_12_35,11099.30,11104.30,11092.30,11097.80,0,
24_07_2026_12_40,11097.60,11101.10,11094.20,11100.80,0,
24_07_2026_12_45,11101.10,11102.00,11092.90,11098.30,0,
24_07_2026_12_50,11098.30,11100.60,11089.50,11093.50,0,
24_07_2026_12_55,11093.80,11099.20,11092.00,11096.50,0,
24_07_2026_13_00,11096.30,11098.40,11088.50,11089.00,0,
24_07_2026_13_05,11089.00,11089.20,11077.50,11086.10,0,
24_07_2026_13_10,11085.40,11088.00,11081.20,11086.20,0,
24_07_2026_13_15,11086.20,11093.20,11083.80,11091.70,0,
24_07_2026_13_20,11091.70,11092.50,11088.00,11091.30,0,
24_07_2026_13_25,11091.30,11091.70,11085.00,11085.80,0,
24_07_2026_13_30,11085.80,11085.80,11074.80,11078.40,0,
24_07_2026_13_35,11078.20,11080.80,11072.00,11078.40,0,
24_07_2026_13_40,11078.40,11078.50,11066.60,11073.00,0,
24_07_2026_13_45,11072.80,11076.70,11070.40,11075.00,0,
24_07_2026_13_50,11073.50,11080.70,11073.00,11080.20,0,
24_07_2026_13_55,11079.80,11088.20,11078.00,11088.20,0,
24_07_2026_14_00,11087.80,11097.00,11082.00,11096.60,0,
24_07_2026_14_05,11096.70,11097.40,11083.00,11084.00,0,
24_07_2026_14_10,11083.30,11084.20,11076.20,11079.70,0,
24_07_2026_14_15,11079.00,11083.30,11077.50,11078.10,0,
24_07_2026_14_20,11078.90,11078.90,11069.80,11072.00,0,
24_07_2026_14_25,11072.70,11078.80,11068.40,11072.50,0,
24_07_2026_14_30,11072.10,11075.80,11067.80,11068.80,0,
24_07_2026_14_35,11068.50,11071.00,11066.30,11067.80,0,
24_07_2026_14_40,11068.80,11073.40,11065.50,11072.50,0,
24_07_2026_14_45,11072.60,11074.80,11067.50,11069.40,0,
24_07_2026_14_50,11069.20,11083.50,11068.20,11082.60,0,
24_07_2026_14_55,11082.50,11088.30,11079.30,11081.20,0,
24_07_2026_15_00,11081.80,11083.10,11067.40,11069.20,0,
24_07_2026_15_05,11070.00,11073.10,11066.50,11068.20,0,
24_07_2026_15_10,11068.10,11081.50,11066.70,11080.20,0,
24_07_2026_15_15,11080.30,11087.80,11078.70,11079.80,0,
24_07_2026_15_20,11080.00,11083.50,11079.40,11083.10,0,
24_07_2026_15_25,11082.80,11095.50,11079.70,11091.50,0,
